time_ms,coin,side,dir,px,sz,fee,closedPnl,startPosition,oid
1772277391790,xyz:XYZ100,A,Open Short,24549.0,0.0042,0.054521,0.0,0.0,001
1772376643217,xyz:MSFT,A,Open Short,393.6,0.127,0.026432,0.0,0.0,002
1772376683119,xyz:MSFT,A,Open Short,393.6,0.226,0.047037,0.0,-0.127,002
1772376688828,xyz:MSFT,A,Open Short,393.6,0.12,0.024976,0.0,-0.353,002
1772376694254,xyz:MSFT,A,Open Short,393.6,0.056,0.011654,0.0,-0.473,002
1772376717579,xyz:XYZ100,A,Open Short,24836.0,0.0083,0.120879,0.0,-0.0042,003
1772376739484,xyz:MSFT,A,Open Short,393.43,2.54,0.585996,0.0,-0.529,004
1772376739484,xyz:MSFT,A,Open Short,393.43,0.106,0.024454,0.0,-3.069,004
1772384967035,xyz:MSFT,A,Open Short,393.01,1.915,0.441332,0.0,-3.175,005
1772384967035,xyz:MSFT,A,Open Short,392.92,0.733,0.168889,0.0,-5.09,005
1772404940405,xyz:MSFT,A,Open Short,391.49,0.03,0.006886,0.0,-5.823,006
1772404940405,xyz:MSFT,A,Open Short,391.47,0.756,0.173545,0.0,-5.853,006
1772404940405,xyz:MSFT,A,Open Short,391.44,1.915,0.439569,0.0,-6.609,006
1772404940405,xyz:MSFT,A,Open Short,391.42,2.609,0.598839,0.0,-8.524,006
1772404964382,xyz:XYZ100,A,Open Short,24689.0,0.001,0.014477,0.0,-0.0125,007
1772404964382,xyz:XYZ100,A,Open Short,24689.0,0.0412,0.596477,0.0,-0.0135,007
1772437025160,xyz:MSFT,A,Open Short,386.09,2.133,0.482916,0.0,-11.133,008
1772437025160,xyz:MSFT,A,Open Short,386.01,0.564,0.127664,0.0,-13.266,008
1772437142706,xyz:AMD,A,Open Short,192.49,5.408,0.610433,0.0,0.0,009
1772437175601,xyz:TSLA,A,Open Short,390.66,2.666,0.610734,0.0,0.0,010
1772437200351,xyz:CRCL,A,Open Short,80.111,12.995,0.610467,0.0,0.0,011
1772437229435,xyz:CRCL,A,Open Short,80.106,2.839,0.133359,0.0,-12.995,012
1772437229435,xyz:CRCL,A,Open Short,80.105,10.157,0.47711,0.0,-15.834,012
1772441086585,xyz:TSLA,A,Open Short,390.22,2.276,0.520805,0.0,-2.666,013
1772441086585,xyz:TSLA,A,Open Short,390.21,3.067,0.701788,0.0,-4.942,013
1772441106576,xyz:AMD,A,Open Short,192.3,10.829,1.221128,0.0,-5.408,014
1772441129920,xyz:XYZ100,A,Open Short,24497.0,0.0425,0.610513,0.0,-0.0547,015
1772441146130,xyz:MSFT,A,Open Short,387.63,2.686,0.610544,0.0,-13.83,016
1772441166526,xyz:CRCL,A,Open Short,80.163,6.528,0.306865,0.0,-25.991,017
1772441166526,xyz:CRCL,A,Open Short,80.163,6.471,0.304185,0.0,-32.519,017
1772459057904,xyz:AMZN,A,Open Short,205.62,5.064,0.610593,0.0,0.0,018
1772460249215,xyz:AMD,A,Open Short,194.44,5.354,0.61046,0.0,-16.237,019
1772460290987,xyz:AMZN,A,Open Short,205.0,0.729,0.087634,0.0,-5.064,020
1772460290987,xyz:AMZN,A,Open Short,204.99,0.056,0.00673,0.0,-5.793,020
1772460290987,xyz:AMZN,A,Open Short,204.94,1.015,0.121979,0.0,-5.849,020
1772460290987,xyz:AMZN,A,Open Short,204.94,3.278,0.393938,0.0,-6.864,020
1772460408503,xyz:ORCL,A,Open Short,140.07,1.064,0.087393,0.0,0.0,021
1772460408503,xyz:ORCL,A,Open Short,140.06,2.09,0.171653,0.0,-1.064,021
1772460408503,xyz:ORCL,A,Open Short,140.02,3.135,0.257407,0.0,-3.154,021
1772460408503,xyz:ORCL,A,Open Short,140.02,1.136,0.093274,0.0,-6.289,021
1772461925368,xyz:CRCL,B,Close Short,84.118,16.007,0.116335,-63.899944,-38.99,022
1772461925368,xyz:CRCL,B,Close Short,84.135,22.983,0.167069,-92.138847,-22.983,022
1772531713203,xyz:ORCL,A,Open Short,143.91,7.24,0.610974,0.0,-7.425,023
1772531738458,xyz:ORCL,A,Open Short,143.96,7.235,0.610764,0.0,-14.665,024
1772540740704,xyz:XYZ100,A,Open Short,24533.0,0.0424,0.609972,0.0,-0.0972,025
1772540759748,xyz:XYZ100,A,Open Short,24539.0,0.0424,0.610121,0.0,-0.1396,026
1772603979983,xyz:AMD,B,Close Short,188.91,21.196,2.348025,84.105728,-21.591,027
1772603979983,xyz:AMD,B,Close Short,189.01,0.395,0.043779,1.52786,-0.395,027
1773928976920,xyz:XYZ100,B,Close Short,24286.0,0.0011,0.015665,0.319385,-0.182,028
1773928976920,xyz:XYZ100,B,Close Short,24286.0,0.0086,0.122474,2.49701,-0.1809,028
1773928976920,xyz:XYZ100,B,Close Short,24287.0,0.01,0.142418,2.8935,-0.1723,028
1773928976920,xyz:XYZ100,B,Close Short,24287.0,0.001,0.014241,0.28935,-0.1623,028
1773928976920,xyz:XYZ100,B,Close Short,24288.0,0.1158,1.649279,33.39093,-0.1613,028
1773928983664,xyz:TSLA,B,Close Short,383.6,6.006,1.351007,40.612572,-8.009,029
1773939945778,xyz:MSFT,B,Close Short,388.05,12.386,2.818464,31.311808,-16.516,030
1774266037950,xyz:TSLA,B,Close Short,371.83,0.656,0.143034,12.156992,-2.003,031
1774266037950,xyz:TSLA,B,Close Short,371.87,0.05,0.010902,0.9246,-1.347,031
1774266037950,xyz:TSLA,B,Close Short,371.91,1.297,0.282859,23.932244,-1.297,031
1774266041501,xyz:MSFT,B,Close Short,387.31,4.13,0.937999,13.49684,-4.13,032
1774266045164,xyz:XYZ100,B,Close Short,24350.0,0.001,0.014278,0.22635,-0.0455,033
1774266045164,xyz:XYZ100,B,Close Short,24351.0,0.0445,0.635433,10.028075,-0.0445,033
1774266050346,xyz:AMZN,B,Close Short,209.47,7.606,0.934268,-31.838716,-10.142,034
1774266066021,xyz:ORCL,B,Close Short,152.43,0.95,0.084915,-9.32615,-21.9,035
1774266066021,xyz:ORCL,B,Close Short,152.46,1.899,0.169774,-18.699453,-20.95,035
1774266066021,xyz:ORCL,B,Close Short,152.51,2.849,0.25479,-28.196553,-19.051,035
1774266066021,xyz:ORCL,B,Close Short,152.53,5.252,0.469756,-52.084084,-16.202,035
1774277813289,xyz:AMZN,B,Close Short,211.85,1.902,0.236282,-12.488532,-2.536,036
1774372474851,xyz:HOOD,A,Open Short,69.253,2.402,0.097544,0.0,0.0,037
1774372474851,xyz:HOOD,A,Open Short,69.239,4.402,0.178728,0.0,-2.402,037
1774372474851,xyz:HOOD,A,Open Short,69.234,8.225,0.333924,0.0,-6.804,037
1774408814540,xyz:GOOGL,A,Open Short,292.57,1.642,0.281705,0.0,0.0,038
1774408814540,xyz:GOOGL,A,Open Short,292.56,1.916,0.328703,0.0,-1.642,038
1774462517746,xyz:GOOGL,A,Open Short,290.45,1.657,0.282219,0.0,-3.558,039
1774462517746,xyz:GOOGL,A,Open Short,290.43,0.919,0.156512,0.0,-5.215,039
1774462517746,xyz:GOOGL,A,Open Short,290.4,0.071,0.01209,0.0,-6.134,039
1774462517746,xyz:GOOGL,A,Open Short,290.4,0.919,0.156496,0.0,-6.205,039
1774462517746,xyz:GOOGL,A,Open Short,290.37,3.603,0.613492,0.0,-7.124,039
1774533753635,xyz:GOOGL,A,Open Short,286.61,3.624,0.609078,0.0,-10.727,040
1774547351326,xyz:GOOGL,A,Open Short,282.78,9.19,1.523905,0.0,-14.351,041
1774572569262,xyz:META,A,Open Short,549.96,9.09,2.931493,0.0,0.0,042
1774572569262,xyz:META,A,Open Short,549.91,0.375,0.120925,0.0,-9.09,042
1774624772375,xyz:META,B,Close Short,527.4,0.302,0.093398,6.812516,-9.465,043
1774624772375,xyz:META,B,Close Short,527.46,6.796,2.10202,152.896408,-9.163,043
1774624780426,xyz:GOOGL,B,Close Short,278.18,17.655,2.879966,158.700795,-23.541,044
1774624864879,xyz:META,A,Open Short,526.69,0.304,0.093889,0.0,-2.367,045
1774624864879,xyz:META,A,Open Short,526.69,4.628,1.429361,0.0,-2.671,045
1774624909767,xyz:GOOGL,A,Open Short,277.65,0.574,0.093454,0.0,-5.886,046
1774624909767,xyz:GOOGL,A,Open Short,277.65,8.789,1.43097,0.0,-6.46,046
1774624942425,xyz:GOOGL,A,Open Short,277.77,7.489,1.219839,0.0,-15.249,047
1774624953862,xyz:META,A,Open Short,528.06,0.521,0.161329,0.0,-7.299,048
1774624953862,xyz:META,A,Open Short,528.03,3.43,1.062053,0.0,-7.82,048
1774629935061,xyz:HOOD,A,Open Short,67.094,2.318,0.091198,0.0,-15.029,050
1774629935061,xyz:HOOD,A,Open Short,67.093,36.458,1.434379,0.0,-17.347,050
1774629963257,xyz:HOOD,A,Open Short,67.14,5.541,0.218153,0.0,-53.805,051
1774629963257,xyz:HOOD,A,Open Short,67.14,2.457,0.096733,0.0,-59.346,051
1774629963257,xyz:HOOD,A,Open Short,67.129,30.806,1.21266,0.0,-61.803,051
1774687353290,xyz:HOOD,B,Close Short,65.583,2.354,0.090529,4.411396,-92.609,052
1774687353290,xyz:HOOD,B,Close Short,65.583,0.542,0.020843,1.015708,-90.255,052
1774687353290,xyz:HOOD,B,Close Short,65.608,3.186,0.122572,5.890914,-89.713,052
1774687353290,xyz:HOOD,B,Close Short,65.613,4.686,0.180295,8.640984,-86.527,052
1774687353290,xyz:HOOD,B,Close Short,65.617,3.028,0.11651,5.57152,-81.841,052
1774687353290,xyz:HOOD,B,Close Short,65.618,1.25,0.048097,2.29875,-78.813,052
1774687353290,xyz:HOOD,B,Close Short,65.621,2.862,0.110129,5.254632,-77.563,052
1774687353290,xyz:HOOD,B,Close Short,65.635,24.127,0.928607,43.959394,-74.701,052
1774687353290,xyz:HOOD,B,Close Short,65.646,4.621,0.177884,8.368631,-50.574,052
1774687353290,xyz:HOOD,B,Close Short,65.647,14.921,0.574389,27.00701,-45.953,052
1774687353290,xyz:HOOD,B,Close Short,65.65,4.477,0.172351,8.089939,-31.032,052
1774687353290,xyz:HOOD,B,Close Short,65.655,3.402,0.130977,6.130404,-26.555,052
1774687357108,xyz:GOOGL,B,Close Short,272.97,10.946,1.752121,78.625118,-22.738,053
1774687357108,xyz:GOOGL,B,Close Short,273.04,0.593,0.094945,4.218009,-11.792,053
1774687357108,xyz:GOOGL,B,Close Short,273.07,0.22,0.035227,1.55826,-11.199,053
1774687357108,xyz:GOOGL,B,Close Short,273.07,2.026,0.324418,14.350158,-10.979,053
1774687357108,xyz:GOOGL,B,Close Short,273.08,3.268,0.523317,23.114564,-8.953,053
1774687361481,xyz:META,B,Close Short,521.37,0.69,0.210953,7.37403,-11.25,054
1774687361481,xyz:META,B,Close Short,521.38,1.38,0.421917,14.73426,-10.56,054
1774687361481,xyz:META,B,Close Short,521.42,6.367,1.946777,67.725779,-9.18,054
1774687398343,xyz:HOOD,A,Open Short,65.557,2.285,0.08784,0.0,-23.153,056
1774687398343,xyz:HOOD,A,Open Short,65.556,1.25,0.048052,0.0,-25.438,056
1774687398343,xyz:HOOD,A,Open Short,65.543,4.556,0.175106,0.0,-26.688,056
1774687398343,xyz:HOOD,A,Open Short,65.537,23.674,0.909812,0.0,-31.244,056
1774687417761,xyz:ORCL,A,Open Short,138.61,22.531,1.831339,0.0,-10.95,057
1774687433890,xyz:GOOGL,A,Open Short,272.86,1.753,0.280488,0.0,-5.685,058
1774687433890,xyz:GOOGL,A,Open Short,272.85,1.121,0.179358,0.0,-7.438,058
1774687433890,xyz:GOOGL,A,Open Short,272.84,7.379,1.18059,0.0,-8.559,058
1774687433890,xyz:GOOGL,A,Open Short,272.84,1.195,0.191191,0.0,-15.938,058
1774687479536,xyz:META,A,Open Short,521.04,7.355,2.24723,0.0,-2.813,060
1774687479536,xyz:META,A,Open Short,520.86,0.119,0.036346,0.0,-10.168,060
1774687479536,xyz:META,A,Open Short,520.85,0.199,0.060779,0.0,-10.287,060
1774687479536,xyz:META,A,Open Short,520.61,0.321,0.097995,0.0,-10.486,060
1774791151395,xyz:TSLA,A,Open Short,360.07,0.798,0.168492,0.0,0.0,062
1774791151395,xyz:TSLA,A,Open Short,360.06,1.282,0.270679,0.0,-0.798,062
1774791151395,xyz:TSLA,A,Open Short,360.06,1.354,0.285881,0.0,-2.08,062
1774791151395,xyz:TSLA,A,Open Short,360.04,3.797,0.80165,0.0,-3.434,062
1774791206465,xyz:COIN,A,Open Short,160.88,6.215,0.586322,0.0,0.0,063
1774791206465,xyz:COIN,A,Open Short,160.88,0.918,0.086603,0.0,-6.215,063
1774791206465,xyz:COIN,A,Open Short,160.78,0.097,0.009144,0.0,-7.133,063
1774791206465,xyz:COIN,A,Open Short,160.73,1.517,0.142979,0.0,-7.23,063
1774791206465,xyz:COIN,A,Open Short,160.73,0.78,0.073515,0.0,-8.747,063
1774791206465,xyz:COIN,A,Open Short,160.7,4.454,0.419719,0.0,-9.527,063
1774791206465,xyz:COIN,A,Open Short,160.69,1.554,0.146431,0.0,-13.981,063
1774791336811,xyz:PLTR,A,Open Short,140.88,2.263,0.18695,0.0,0.0,064
1774791336811,xyz:PLTR,A,Open Short,140.87,5.206,0.430047,0.0,-2.263,064
1774791336811,xyz:PLTR,A,Open Short,140.87,6.111,0.504806,0.0,-7.469,064
1774791336811,xyz:PLTR,A,Open Short,140.86,2.899,0.239457,0.0,-13.58,064
1774791336811,xyz:PLTR,A,Open Short,140.78,2.002,0.165271,0.0,-16.479,064
1774791358253,xyz:AMZN,A,Open Short,197.94,9.538,1.107094,0.0,-0.634,065
1774791358253,xyz:AMZN,A,Open Short,197.84,3.613,0.419155,0.0,-10.172,065
1774791811927,xyz:MSTR,A,Open Short,126.21,19.9,3.425793,0.0,0.0,066
1774791811927,xyz:MSTR,A,Open Short,126.18,0.717,0.123401,0.0,-19.9,066
1774791827261,xyz:BABA,A,Open Short,122.04,0.587,0.042007,0.0,0.0,067
1774791827261,xyz:BABA,A,Open Short,122.03,15.96,1.142071,0.0,-0.587,067
1774791827261,xyz:BABA,A,Open Short,121.98,4.743,0.339261,0.0,-16.547,067
1774800377854,xyz:HOOD,A,Open Short,65.578,2.289,0.088023,0.0,-54.918,069
1774800377854,xyz:HOOD,A,Open Short,65.577,2.911,0.11194,0.0,-57.207,069
1774800377854,xyz:HOOD,A,Open Short,65.572,4.49,0.172646,0.0,-60.118,069
1774800377854,xyz:HOOD,A,Open Short,65.539,4.481,0.172213,0.0,-64.608,069
1774800377854,xyz:HOOD,A,Open Short,65.538,15.096,0.58016,0.0,-69.089,069
1774800377854,xyz:HOOD,A,Open Short,65.536,2.513,0.096574,0.0,-84.185,069
1774839792563,xyz:META,B,Close Short,530.18,0.311,0.096688,-1.956501,-10.807,061
1774839792563,xyz:META,B,Close Short,530.19,9.446,2.936793,-59.519246,-10.496,061
1774839792563,xyz:META,B,Close Short,530.24,1.05,0.326479,-6.66855,-1.05,061
1774859637429,xyz:HOOD,B,Close Short,67.5,6.567,0.259934,-9.489315,-86.698,055
1774859637429,xyz:HOOD,B,Close Short,67.509,80.131,3.172167,-116.510474,-80.131,055
1774881483242,xyz:XYZ100,A,Open Short,23127.0,0.0464,0.629261,0.0,0.0,070
1774881483242,xyz:XYZ100,A,Open Short,23127.0,0.0432,0.585864,0.0,-0.0464,070
1774881483242,xyz:XYZ100,A,Open Short,23126.0,0.0108,0.146459,0.0,-0.0896,070
1774881483242,xyz:XYZ100,A,Open Short,23126.0,0.1246,1.68971,0.0,-0.1004,070
1774893275928,xyz:MSTR,A,Open Short,124.0,16.774,2.837087,0.0,-20.617,071
1774893291123,xyz:PLTR,A,Open Short,139.05,2.91,0.237277,0.0,-18.481,072
1774893291123,xyz:PLTR,A,Open Short,139.05,15.782,1.286846,0.0,-21.391,072
1774893312360,xyz:TSLA,A,Open Short,356.69,0.695,0.145367,0.0,-7.231,073
1774893312360,xyz:TSLA,A,Open Short,356.69,0.664,0.138884,0.0,-7.926,073
1774893312360,xyz:TSLA,A,Open Short,356.69,1.804,0.377329,0.0,-8.59,073
1774893312360,xyz:TSLA,A,Open Short,356.65,4.132,0.864163,0.0,-10.394,073
1774893330663,xyz:COIN,A,Open Short,160.11,1.066,0.100084,0.0,-15.535,074
1774893330663,xyz:COIN,A,Open Short,160.1,15.204,1.427391,0.0,-16.601,074
1774965255424,xyz:GOOGL,B,Close Short,280.21,13.256,2.17816,-65.497896,-17.133,059
1774965255424,xyz:GOOGL,B,Close Short,280.21,3.877,0.637049,-19.156257,-3.877,059
1774966464424,xyz:ORCL,B,Close Short,142.75,33.481,2.802647,-94.784711,-33.481,049
1775060994135,xyz:AAPL,A,Open Short,254.44,12.281,1.832368,0.0,0.0,075
1775589244829,xyz:TSLA,B,Close Short,341.04,0.147,0.029397,2.544717,-14.526,077
1775589244829,xyz:TSLA,B,Close Short,341.05,7.116,1.42314,123.113916,-14.379,077
1775589289010,xyz:TSLA,A,Open Short,340.87,1.466,0.293032,0.0,-7.263,079
1775589289010,xyz:TSLA,A,Open Short,340.86,0.062,0.012391,0.0,-8.729,079
1775589307214,xyz:MSTR,B,Close Short,121.91,18.695,3.108701,61.824365,-37.391,080
1775589338873,xyz:MSTR,A,Open Short,121.81,1.293,0.21483,0.0,-18.696,082
1775589338873,xyz:MSTR,A,Open Short,121.8,2.98,0.495082,0.0,-19.989,082
1775589360258,xyz:BABA,B,Close Short,118.54,10.645,0.739953,37.033955,-21.29,083
1775589403291,xyz:BABA,A,Open Short,118.48,4.4,0.305697,0.0,-10.645,085
1775589429255,xyz:TSLA,B,Close Short,341.4,1.464,0.293087,20.367168,-8.791,086
1775589429255,xyz:TSLA,B,Close Short,341.4,1.396,0.279474,19.421152,-7.327,086
1775589429255,xyz:TSLA,B,Close Short,341.42,1.535,0.307319,21.32422,-5.931,086
1775589440250,xyz:TSLA,A,Open Short,341.48,0.692,0.138568,0.0,-4.396,087
1775589440250,xyz:TSLA,A,Open Short,341.47,1.14,0.22827,0.0,-5.088,087
1775589476594,xyz:TSLA,B,Close Short,341.35,3.114,0.623321,30.803688,-6.228,088
1775589480643,xyz:MSTR,B,Close Short,122.18,11.484,1.913848,27.584568,-22.969,089
1775589483916,xyz:AAPL,B,Close Short,251.31,6.14,0.904839,19.2182,-12.281,090
1775589486896,xyz:BABA,B,Close Short,118.58,7.522,0.523044,18.082888,-15.045,091
1775589505315,xyz:TSLA,A,Open Short,342.17,2.291,0.459684,0.0,-3.114,092
1775589524738,xyz:MSTR,A,Open Short,122.28,21.372,3.564634,0.0,-11.485,093
1775589534860,xyz:TSLA,A,Open Short,342.22,1.461,0.293189,0.0,-5.405,094
1775589534860,xyz:TSLA,A,Open Short,342.2,1.461,0.293173,0.0,-6.866,094
1775589534860,xyz:TSLA,A,Open Short,342.18,1.461,0.293155,0.0,-8.327,094
1775589534860,xyz:TSLA,A,Open Short,342.18,1.251,0.251018,0.0,-9.788,094
1775589534860,xyz:TSLA,A,Open Short,342.17,0.473,0.094906,0.0,-11.039,094
1775589546953,xyz:BABA,A,Open Short,118.78,21.974,1.530545,0.0,-7.523,095
1775589560099,xyz:AAPL,A,Open Short,251.72,1.235,0.182296,0.0,-6.141,096
1775589560099,xyz:AAPL,A,Open Short,251.71,9.132,1.347907,0.0,-7.376,096
1775599231062,xyz:AMZN,B,Close Short,217.29,13.785,1.756468,-262.452615,-13.785,068
1775599240049,xyz:MSTR,B,Close Short,126.07,32.857,5.650071,-98.111002,-32.857,081
1775602882113,xyz:BABA,B,Close Short,123.06,29.497,2.128573,-109.669846,-29.497,084
1775603068253,xyz:TSLA,B,Close Short,359.05,1.974,0.415619,-28.453236,-11.512,078
1775603068253,xyz:TSLA,B,Close Short,359.05,2.0,0.421093,-28.828,-9.538,078
1775603068253,xyz:TSLA,B,Close Short,359.06,0.1,0.021055,-1.4424,-7.538,078
1775603068253,xyz:TSLA,B,Close Short,359.07,4.277,0.900559,-61.734218,-7.438,078
1775603068253,xyz:TSLA,B,Close Short,359.1,1.41,0.296911,-20.39424,-3.161,078
1775603068253,xyz:TSLA,B,Close Short,359.11,0.031,0.006527,-0.448694,-1.751,078
1775603068253,xyz:TSLA,B,Close Short,359.11,1.72,0.3622,-24.89528,-1.72,078
1775613408469,xyz:CRCL,B,Open Long,98.979,7.255,0.421089,0.0,0.0,097
1775613408469,xyz:CRCL,B,Open Long,98.979,0.505,0.02931,0.0,7.255,097
1775613408469,xyz:CRCL,B,Open Long,98.993,5.051,0.293207,0.0,7.76,097
1775613408469,xyz:CRCL,B,Open Long,98.994,5.059,0.293675,0.0,12.811,097
1775613408469,xyz:CRCL,B,Open Long,98.998,5.051,0.293222,0.0,17.87,097
1775613408469,xyz:CRCL,B,Open Long,99.003,3.387,0.196632,0.0,22.921,097
1775613444870,xyz:NVDA,B,Open Long,183.35,2.72,0.292444,0.0,0.0,098
1775613444870,xyz:NVDA,B,Open Long,183.36,2.919,0.313856,0.0,2.72,098
1775613444870,xyz:NVDA,B,Open Long,183.36,22.769,2.448174,0.0,5.639,098
1775613518828,xyz:TSLA,B,Open Long,360.83,1.52,0.321617,0.0,0.0,099
1775613518828,xyz:TSLA,B,Open Long,360.85,1.385,0.293068,0.0,1.52,099
1775613518828,xyz:TSLA,B,Open Long,360.86,0.1,0.02116,0.0,2.905,099
1775613518828,xyz:TSLA,B,Open Long,360.86,0.139,0.029412,0.0,3.005,099
1775613518828,xyz:TSLA,B,Open Long,360.87,1.385,0.293085,0.0,3.144,099
1775613518828,xyz:TSLA,B,Open Long,360.87,0.543,0.114906,0.0,4.529,099
1775613518828,xyz:TSLA,B,Open Long,360.87,0.484,0.10242,0.0,5.072,099
1775613518828,xyz:TSLA,B,Open Long,360.88,4.277,0.905097,0.0,5.556,099
1775613518828,xyz:TSLA,B,Open Long,360.88,0.138,0.029202,0.0,9.833,099
1775613518828,xyz:TSLA,B,Open Long,360.89,1.385,0.293101,0.0,9.971,099
1775613518828,xyz:TSLA,B,Open Long,360.89,1.531,0.323998,0.0,11.356,099
1775613518828,xyz:TSLA,B,Open Long,360.9,0.543,0.114915,0.0,12.887,099
1775613518828,xyz:TSLA,B,Open Long,360.91,1.015,0.214811,0.0,13.43,099
1775613565148,xyz:GOOGL,B,Open Long,315.25,1.526,0.282099,0.0,0.0,100
1775613565148,xyz:GOOGL,B,Open Long,315.26,14.991,2.771362,0.0,1.526,100
1775613659160,xyz:MSTR,B,Open Long,130.5,0.138,0.024563,0.0,0.0,101
1775613659160,xyz:MSTR,B,Open Long,130.5,0.709,0.126203,0.0,0.138,101
1775613659160,xyz:MSTR,B,Open Long,130.51,19.13,3.405439,0.0,0.847,101
1775615438884,xyz:AAPL,B,Close Short,259.12,8.254,1.254178,-52.776076,-16.508,102
1775615488101,xyz:XYZ100,B,Close Short,24932.0,0.1125,1.644764,-203.131125,-0.225,103
1775673252096,xyz:CRCL,A,Close Long,93.832,5.328,0.043194,-27.487152,26.308,104
1775673252096,xyz:CRCL,A,Close Long,93.831,3.611,0.029274,-18.63276,20.98,104
1775673252096,xyz:CRCL,A,Close Long,93.83,5.755,0.046655,-29.701555,17.369,104
1775673252096,xyz:CRCL,A,Close Long,93.829,5.26,0.042641,-27.15212,11.614,104
1775673252096,xyz:CRCL,A,Close Long,93.827,5.328,0.043192,-27.513792,6.354,104
1775673252096,xyz:CRCL,A,Close Long,93.822,1.026,0.008316,-5.303394,1.026,104
1775673744116,xyz:TSLA,A,Close Long,341.93,0.088,0.002599,-1.667072,14.445,105
1775673744116,xyz:TSLA,A,Close Long,341.92,1.887,0.055745,-35.766198,14.357,105
1775673744116,xyz:TSLA,A,Close Long,341.92,1.462,0.04319,-27.710748,12.47,105
1775673744116,xyz:TSLA,A,Close Long,341.91,0.602,0.017783,-11.416328,11.008,105
1775673744116,xyz:TSLA,A,Close Long,341.91,1.437,0.04245,-27.251268,10.406,105
1775673744116,xyz:TSLA,A,Close Long,341.9,1.462,0.043187,-27.739988,8.969,105
1775673744116,xyz:TSLA,A,Close Long,341.89,7.507,0.221751,-142.512888,7.507,105
1775743889181,xyz:PLTR,B,Close Short,130.39,1.515,0.115837,14.481885,-37.173,106
1775743889181,xyz:PLTR,B,Close Short,130.4,3.56,0.27222,33.99444,-35.658,106
1775743889181,xyz:PLTR,B,Close Short,130.41,32.098,2.454611,306.182822,-32.098,106
1775760971224,xyz:GOOGL,A,Close Long,318.39,16.517,3.083787,51.714727,16.517,107
1775787664151,xyz:NVDA,A,Close Long,183.52,2.71,0.291639,0.43631,28.408,108
1775787664151,xyz:NVDA,A,Close Long,183.52,8.476,0.912153,1.364636,25.698,108
1775787664151,xyz:NVDA,A,Close Long,183.51,0.161,0.017324,0.024311,17.222,108
1775787664151,xyz:NVDA,A,Close Long,183.51,17.061,1.835938,2.576211,17.061,108
1775787669520,xyz:MSTR,A,Close Long,129.97,3.84,0.680751,-2.06976,19.977,109
1775787669520,xyz:MSTR,A,Close Long,129.95,4.785,0.848149,-2.674815,16.137,109
1775787669520,xyz:MSTR,A,Close Long,129.94,11.352,2.012007,-6.459288,11.352,109
1776262167658,xyz:COIN,B,Close Short,190.21,10.76,1.20016,-320.379,-31.805,076
1776262167658,xyz:COIN,B,Close Short,190.24,10.76,1.20035,-320.7018,-21.045,076
1776262167658,xyz:COIN,B,Close Short,190.24,5.395,0.601848,-160.797975,-10.285,076
1776262167658,xyz:COIN,B,Close Short,190.26,0.058,0.00647,-1.72985,-4.89,076
1776262167658,xyz:COIN,B,Close Short,190.26,4.832,0.539098,-144.1144,-4.832,076
1776351799204,xyz:AAPL,B,Close Short,262.62,4.127,0.635559,-40.832538,-8.254,110
1776437366833,xyz:AAPL,B,Close Short,270.33,2.063,0.327029,-36.317052,-4.127,111
1777528603123,xyz:META,A,Open Short,620.41,3.351,1.219121,0.0,0.0,112
1778863141841,xyz:SP500,A,Open Short,7429.9,0.07,0.304982,0.0,0.0,113
1778863245631,xyz:XYZ100,A,Open Short,29230.0,0.0178,0.3051,0.0,-0.1125,114
1778863270163,xyz:SP500,A,Open Short,7431.0,0.35,1.525138,0.0,-0.07,115
1778863290765,xyz:XYZ100,A,Open Short,29228.0,0.006,0.102835,0.0,-0.1303,116
1778863290765,xyz:XYZ100,A,Open Short,29228.0,0.0058,0.099407,0.0,-0.1363,116
1778863290765,xyz:XYZ100,A,Open Short,29228.0,0.0031,0.053131,0.0,-0.1421,116
1778863290765,xyz:XYZ100,A,Open Short,29228.0,0.0038,0.065129,0.0,-0.1452,116
1778863290765,xyz:XYZ100,A,Open Short,29227.0,0.0188,0.322207,0.0,-0.149,116
1778863290765,xyz:XYZ100,A,Open Short,29227.0,0.0024,0.041132,0.0,-0.1678,116
1778863290765,xyz:XYZ100,A,Open Short,29227.0,0.0079,0.135395,0.0,-0.1702,116
1778863290765,xyz:XYZ100,A,Open Short,29227.0,0.0079,0.135395,0.0,-0.1781,116
1778863290765,xyz:XYZ100,A,Open Short,29227.0,0.0027,0.046274,0.0,-0.186,116
1778863290765,xyz:XYZ100,A,Open Short,29227.0,0.0077,0.131967,0.0,-0.1887,116
1778863290765,xyz:XYZ100,A,Open Short,29227.0,0.0097,0.166244,0.0,-0.1964,116
1778863290765,xyz:XYZ100,A,Open Short,29227.0,0.0077,0.131967,0.0,-0.2061,116
1778863290765,xyz:XYZ100,A,Open Short,29227.0,0.0055,0.094262,0.0,-0.2138,116
1778863331486,xyz:AAPL,A,Open Short,301.47,8.632,1.525981,0.0,-2.064,117
1778985095187,xyz:SP500,A,Open Short,7382.1,0.069,0.298691,0.0,-0.42,118
1778985095187,xyz:SP500,A,Open Short,7382.1,0.143,0.619027,0.0,-0.489,118
1778985095187,xyz:SP500,A,Open Short,7382.1,0.124,0.536778,0.0,-0.632,118
1778985095187,xyz:SP500,A,Open Short,7382.1,0.004,0.017315,0.0,-0.756,118
1778985095187,xyz:SP500,A,Open Short,7382.0,0.012,0.051945,0.0,-0.76,118
1779070056097,xyz:SP500,A,Open Short,7361.9,0.137,0.591431,0.0,-0.772,119
1779070056097,xyz:SP500,A,Open Short,7361.9,0.216,0.932475,0.0,-0.909,119
1779204631020,xyz:XYZ100,A,Open Short,28701.0,0.0902,1.518089,0.0,-0.2193,120
1779569256159,xyz:CRCL,B,Open Long,114.97,6.958,0.469096,0.0,0.0,121
1779569256159,xyz:CRCL,B,Open Long,114.98,1.483,0.099989,0.0,6.958,121
1779569256159,xyz:CRCL,B,Open Long,114.99,2.68,0.180712,0.0,8.441,121
1779569256159,xyz:CRCL,B,Open Long,115.01,2.68,0.180743,0.0,11.121,121
1779569256159,xyz:CRCL,B,Open Long,115.01,8.702,0.586878,0.0,13.801,121
1779569256159,xyz:CRCL,B,Open Long,115.03,0.135,0.009105,0.0,22.503,121
1779569311911,xyz:MU,B,Open Long,766.18,1.044,0.469055,0.0,0.0,122
1779569311911,xyz:MU,B,Open Long,766.19,1.1,0.494222,0.0,1.044,122
1779569311911,xyz:MU,B,Open Long,766.21,1.244,0.558935,0.0,2.144,122
1779569326333,xyz:META,B,Close Short,614.41,0.578,0.208247,3.468,-3.351,123
1779569326333,xyz:META,B,Close Short,614.42,2.773,0.9991,16.61027,-2.773,123
1779569349128,xyz:SP500,B,Close Short,7550.4,0.23,1.018337,-35.98396,-1.125,124
1779569349128,xyz:SP500,B,Close Short,7550.5,0.051,0.225807,-7.984152,-0.895,124
1779569354634,xyz:AAPL,B,Close Short,310.72,1.264,0.230308,-23.582448,-10.696,125
1779569354634,xyz:AAPL,B,Close Short,310.75,0.733,0.133569,-13.697571,-9.432,125
1779569354634,xyz:AAPL,B,Close Short,310.76,0.558,0.101684,-10.432926,-8.699,125
1779569361055,xyz:AAPL,B,Close Short,310.76,0.119,0.019555,-2.224943,-8.141,125
1779571162242,xyz:MU,B,Open Long,771.44,0.713,0.322541,0.0,3.388,126
1779571162242,xyz:MU,B,Open Long,771.45,1.08,0.488568,0.0,4.101,126
1779571162242,xyz:MU,B,Open Long,771.49,0.45,0.20358,0.0,5.181,126
1779571162242,xyz:MU,B,Open Long,771.51,1.144,0.51756,0.0,5.631,126
1779596913655,xyz:CRCL,B,Open Long,115.47,2.672,0.180924,0.0,22.638,127
1779596913655,xyz:CRCL,B,Open Long,115.47,0.433,0.029318,0.0,25.31,127
1779596913655,xyz:CRCL,B,Open Long,115.51,19.456,1.317853,0.0,25.743,127
1779614173883,xyz:SPCX,B,Open Long,206.62,1.22,0.147817,0.0,0.0,128
1779614173883,xyz:SPCX,B,Open Long,206.63,1.24,0.150247,0.0,1.22,128
1779614173883,xyz:SPCX,B,Open Long,206.64,1.24,0.150254,0.0,2.46,128
1779614173883,xyz:SPCX,B,Open Long,206.65,8.79,1.065167,0.0,3.7,128
1779614184403,xyz:SPCX,B,Open Long,206.64,1.12,0.135714,0.0,12.49,129
1779614184403,xyz:SPCX,B,Open Long,206.65,3.87,0.468964,0.0,13.61,129
1779622038357,xyz:MU,B,Open Long,779.29,1.336,0.610518,0.0,6.775,130
1779622057189,xyz:CRCL,B,Open Long,116.43,1.948,0.132998,0.0,45.199,131
1779622057189,xyz:CRCL,B,Open Long,116.43,7.003,0.478126,0.0,47.147,131
1779622070847,xyz:SPCX,B,Open Long,207.71,5.01,0.610223,0.0,17.48,132
1779881331464,xyz:MU,A,Close Long,964.29,6.083,3.439691,1178.490005,8.111,133
1779881342140,xyz:MU,A,Close Long,964.61,1.014,0.573566,196.77177,2.028,134
1779881352289,xyz:MU,B,Open Long,964.64,3.297,1.864997,0.0,1.014,135
1779889074877,xyz:MU,A,Close Long,917.53,4.311,2.319487,-6.289749,4.311,136
1779986589903,xyz:MSTR,A,Open Short,148.16,10.191,2.059501,0.0,0.0,137
1779986589903,xyz:MSTR,A,Open Short,148.16,7.406,1.496679,0.0,-10.191,137
1780596815307,xyz:SPCX,A,Close Long,169.35,22.49,0.32907,-844.101427,22.49,138
1780973641927,xyz:XYZ100,A,Open Short,29465.0,0.0106,0.183149,0.0,-0.3095,139
1780973673242,xyz:XYZ100,A,Open Short,29473.0,0.0353,0.610088,0.0,-0.3201,140
1780973702110,xyz:XYZ100,A,Open Short,29468.0,0.173,2.989446,0.0,-0.3554,141
1780973702110,xyz:XYZ100,A,Open Short,29468.0,0.0036,0.062207,0.0,-0.5284,141
1781026883643,xyz:SP500,A,Open Short,7335.0,0.355,1.526941,0.0,-0.844,142
1781026988094,xyz:SP500,A,Open Short,7342.0,0.355,1.528398,0.0,-1.199,143
1781027026110,xyz:MSTR,A,Open Short,118.45,18.032,2.913354,0.0,-17.597,144
1781027026110,xyz:MSTR,A,Open Short,118.45,3.58,0.578405,0.0,-35.629,144
1781027026110,xyz:MSTR,A,Open Short,118.45,0.488,0.078843,0.0,-39.209,144
1781149601773,xyz:AMD,A,Open Short,452.63,1.664,0.441662,0.0,0.0,145
1781149601773,xyz:AMD,A,Open Short,452.6,1.664,0.441633,0.0,-1.664,145
1781149601773,xyz:AMD,A,Open Short,452.58,1.664,0.441613,0.0,-3.328,145
1781149601773,xyz:AMD,A,Open Short,452.58,0.749,0.198779,0.0,-4.992,145
1781204412481,xyz:AMD,B,Close Short,482.07,0.558,0.157738,-16.44426,-5.741,146
1781204412481,xyz:AMD,B,Close Short,482.08,5.183,1.46519,-152.79484,-5.183,146
1781230125334,xyz:CRCL,B,Open Long,83.139,2.99,0.145769,0.0,54.15,147
1781230125334,xyz:CRCL,B,Open Long,83.145,9.477,0.462062,0.0,57.14,147
1781230125334,xyz:CRCL,B,Open Long,83.149,9.477,0.462084,0.0,66.617,147
1781230125334,xyz:CRCL,B,Open Long,83.155,9.37,0.4569,0.0,76.094,147
1781230142095,xyz:CRCL,B,Open Long,83.144,10.68,0.520709,0.0,85.464,148
1781230142095,xyz:CRCL,B,Open Long,83.148,9.477,0.462078,0.0,96.144,148
1781230142095,xyz:CRCL,B,Open Long,83.154,9.477,0.462112,0.0,105.621,148
1781230142095,xyz:CRCL,B,Open Long,83.16,1.69,0.082412,0.0,115.098,148
1781272419121,xyz:CRCL,B,Open Long,79.119,12.611,0.585091,0.0,116.788,149
1781272419121,xyz:CRCL,B,Open Long,79.119,2.263,0.104992,0.0,129.399,149
1781272419121,xyz:CRCL,B,Open Long,79.127,12.611,0.585151,0.0,131.662,149
1781272419121,xyz:CRCL,B,Open Long,79.127,2.263,0.105003,0.0,144.273,149
1781272419121,xyz:CRCL,B,Open Long,79.135,2.928,0.135872,0.0,146.536,149
1781272459878,xyz:CRCL,B,Open Long,78.781,32.659,1.508753,0.0,149.464,150
1781297068057,xyz:CRCL,B,Open Long,78.212,1.368,0.062741,0.0,182.123,151
1781297068057,xyz:CRCL,B,Open Long,78.213,25.339,1.162149,0.0,183.491,151
1781532315711,xyz:MSTR,B,Close Short,131.17,5.612,1.004075,2.519788,-39.697,152
1781532315711,xyz:MSTR,B,Close Short,131.18,5.612,1.004152,2.463668,-34.085,152
1781532315711,xyz:MSTR,B,Close Short,131.18,18.548,3.318784,8.142572,-28.473,152
1781532385803,xyz:CRCL,B,Open Long,84.938,29.955,1.491987,0.0,208.83,154
1781546617925,xyz:AAPL,B,Close Short,295.37,0.407,0.063569,-1.345949,-8.022,153
1781546617925,xyz:AAPL,B,Close Short,295.37,0.618,0.096526,-2.043726,-7.615,153
1781546617925,xyz:AAPL,B,Close Short,295.37,0.667,0.104178,-2.205769,-6.997,153
1781546617994,xyz:AAPL,B,Close Short,295.37,2.319,0.362207,-7.668933,-6.33,153
1781617882039,xyz:XYZ100,A,Open Short,30566.0,0.0853,1.528907,0.0,-0.532,155
1781617956701,xyz:CRCL,B,Open Long,81.819,2.37,0.113708,0.0,238.785,156
1781617956701,xyz:CRCL,B,Open Long,81.822,29.188,1.400452,0.0,241.155,156
1781656439391,xyz:CRCL,B,Open Long,80.791,5.16,0.244458,0.0,270.343,157
1781656458044,xyz:CRCL,B,Open Long,80.826,8.919,0.422727,0.0,275.503,158
1781656458044,xyz:CRCL,B,Open Long,80.829,3.778,0.179069,0.0,284.422,158
1781656458044,xyz:CRCL,B,Open Long,80.83,2.618,0.124089,0.0,288.2,158
1781656458044,xyz:CRCL,B,Open Long,80.831,8.919,0.422753,0.0,290.818,158
1781656458044,xyz:CRCL,B,Open Long,80.836,2.435,0.115423,0.0,299.737,158
1781656458044,xyz:CRCL,B,Open Long,80.836,5.546,0.262892,0.0,302.172,158
1781656505928,xyz:XYZ100,A,Open Short,30076.0,0.0864,1.523799,0.0,-0.6173,159
1781656535558,xyz:XYZ100,A,Open Short,30079.0,0.0002,0.003526,0.0,-0.7037,160
1781656535558,xyz:XYZ100,A,Open Short,30079.0,0.0831,1.465744,0.0,-0.7039,160
1781656535558,xyz:XYZ100,A,Open Short,30077.0,0.0031,0.054674,0.0,-0.787,160
1781656585254,xyz:SP500,A,Open Short,7529.4,0.345,1.523257,0.0,-1.554,161
1782139821982,xyz:SP500,A,Open Short,7479.4,0.059,0.258768,0.0,-1.899,162
1782139821982,xyz:SP500,A,Open Short,7479.4,0.289,1.26753,0.0,-1.958,162
1782139868266,xyz:XYZ100,A,Open Short,30323.0,0.0858,1.525644,0.0,-0.7901,163
1782142380172,xyz:NVDA,A,Open Short,210.35,12.384,1.527556,0.0,0.0,164
1782142411639,xyz:SMH,A,Open Short,664.58,0.15,0.058455,0.0,0.0,165
1782142411639,xyz:SMH,A,Open Short,664.58,0.491,0.191347,0.0,-0.15,165
1782142411639,xyz:SMH,A,Open Short,664.57,2.37,0.923597,0.0,-0.641,165
1782142411639,xyz:SMH,A,Open Short,664.49,0.902,0.351469,0.0,-3.011,165
1782142433494,xyz:ORCL,A,Open Short,178.58,4.261,0.446208,0.0,0.0,166
1782142433494,xyz:ORCL,A,Open Short,178.56,5.869,0.614528,0.0,-4.261,166
1782142433494,xyz:ORCL,A,Open Short,178.55,1.178,0.123337,0.0,-10.13,166
1782142433494,xyz:ORCL,A,Open Short,178.54,3.27,0.342354,0.0,-11.308,166
1782142469958,xyz:AVGO,A,Open Short,395.82,5.27,1.223212,0.0,0.0,167
1782142494818,xyz:AMD,A,Open Short,544.55,1.909,0.609588,0.0,0.0,168
1782142537296,xyz:TSM,A,Open Short,467.85,1.068,0.293001,0.0,0.0,169
1782142537296,xyz:TSM,A,Open Short,467.81,1.068,0.292977,0.0,-1.068,169
1782142537296,xyz:TSM,A,Open Short,467.81,0.086,0.023591,0.0,-2.136,169
1782142569324,xyz:ASML,A,Open Short,1895.0,0.026,0.028891,0.0,0.0,170
1782142569324,xyz:ASML,A,Open Short,1894.0,0.026,0.028876,0.0,-0.026,170
1782142569324,xyz:ASML,A,Open Short,1894.0,0.355,0.394277,0.0,-0.052,170
1782142638385,xyz:ASML,A,Open Short,1895.3,0.145,0.161153,0.0,-0.407,171
1782142638385,xyz:ASML,A,Open Short,1895.2,0.399,0.443426,0.0,-0.552,171
1782142664983,xyz:TSM,A,Open Short,468.09,2.223,0.610186,0.0,-2.222,172
1782142687334,xyz:INTC,A,Open Short,138.35,18.8,1.525214,0.0,0.0,173
1782142742502,xyz:MU,A,Open Short,1179.3,0.163,0.11272,0.0,0.0,174
1782142742502,xyz:MU,A,Open Short,1179.3,2.048,1.416276,0.0,-0.163,174
1782142773486,xyz:AMD,A,Open Short,543.48,2.208,0.703681,0.0,-1.909,175
1782142773486,xyz:AMD,A,Open Short,543.48,0.655,0.208745,0.0,-4.117,175
1782142791855,xyz:ASML,A,Open Short,1896.8,0.408,0.453811,0.0,-0.951,176
1782142809905,xyz:AVGO,A,Open Short,396.77,1.31,0.304792,0.0,-5.27,177
1782142826815,xyz:TSM,A,Open Short,470.09,1.112,0.306534,0.0,-4.445,178
1782144120210,xyz:AMD,A,Open Short,538.17,0.366,0.115503,0.0,-4.772,179
1782144120210,xyz:AMD,A,Open Short,538.09,0.366,0.115485,0.0,-5.138,179
1782144120210,xyz:AMD,A,Open Short,538.08,1.195,0.377057,0.0,-5.504,179
1782144138911,xyz:ORCL,A,Open Short,176.67,5.16,0.534571,0.0,-14.578,180
1782144138911,xyz:ORCL,A,Open Short,176.64,0.706,0.073127,0.0,-19.738,180
1782204596459,xyz:XYZ100,A,Open Short,29507.0,0.0882,1.526115,0.0,-0.8759,181
1782204619569,xyz:NVDA,A,Open Short,202.13,3.576,0.423859,0.0,-12.384,182
1782204619569,xyz:NVDA,A,Open Short,202.12,9.313,1.103805,0.0,-15.96,182
1782204632301,xyz:INTC,A,Open Short,129.55,5.02,0.381359,0.0,-18.8,183
1782204632301,xyz:INTC,A,Open Short,129.54,5.32,0.404118,0.0,-23.82,183
1782204632301,xyz:INTC,A,Open Short,129.53,6.58,0.499792,0.0,-29.14,183
1782204632301,xyz:INTC,A,Open Short,129.52,3.2,0.243041,0.0,-35.72,183
1782204647641,xyz:MU,A,Open Short,1104.0,1.416,0.916698,0.0,-2.211,184
1782204666130,xyz:AMD,A,Open Short,518.35,1.403,0.426455,0.0,-6.699,185
1782204666130,xyz:AMD,A,Open Short,518.33,0.606,0.184191,0.0,-8.102,185
1782204685276,xyz:TSM,A,Open Short,443.03,0.088,0.022861,0.0,-5.557,186
1782204685276,xyz:TSM,A,Open Short,443.03,3.439,0.893427,0.0,-5.645,186
1782204720729,xyz:ASML,A,Open Short,1790.3,0.155,0.162723,0.0,-1.359,187
1782204720729,xyz:ASML,A,Open Short,1790.2,0.022,0.023094,0.0,-1.514,187
1782204720729,xyz:ASML,A,Open Short,1790.2,0.278,0.291836,0.0,-1.536,187
1782204720729,xyz:ASML,A,Open Short,1790.0,0.126,0.132256,0.0,-1.814,187
1782204742521,xyz:ASML,A,Open Short,1790.9,0.359,0.377015,0.0,-1.94,188
1782204742521,xyz:ASML,A,Open Short,1790.9,0.222,0.233139,0.0,-2.299,188
1782204760126,xyz:AVGO,A,Open Short,376.44,2.65,0.584972,0.0,-6.58,189
1782204760126,xyz:AVGO,A,Open Short,376.4,1.5,0.331081,0.0,-9.23,189
1782204777044,xyz:SMH,A,Open Short,631.21,0.159,0.058852,0.0,-3.913,190
1782204777044,xyz:SMH,A,Open Short,631.21,0.5,0.18507,0.0,-4.072,190
1782204777044,xyz:SMH,A,Open Short,631.2,3.469,1.284,0.0,-4.572,190
1782204816269,xyz:SP500,A,Open Short,7360.7,0.353,1.523658,0.0,-2.247,191
1782204997470,xyz:SKHX,A,Open Short,1678.8,3.098,3.04982,0.0,0.0,192
1782205038024,xyz:SMSN,A,Open Short,203.89,1.475,0.176351,0.0,0.0,193
1782205038024,xyz:SMSN,A,Open Short,203.89,0.216,0.025825,0.0,-1.475,193
1782205038024,xyz:SMSN,A,Open Short,203.88,7.939,0.949148,0.0,-1.691,193
1782205038024,xyz:SMSN,A,Open Short,203.87,4.985,0.595952,0.0,-9.63,193
1782205038024,xyz:SMSN,A,Open Short,203.86,0.106,0.012671,0.0,-14.615,193
1782205038024,xyz:SMSN,A,Open Short,203.85,0.49,0.058573,0.0,-14.721,193
1782205038024,xyz:SMSN,A,Open Short,203.83,4.047,0.483721,0.0,-15.211,193
1782205038024,xyz:SMSN,A,Open Short,203.82,2.064,0.246689,0.0,-19.258,193
1782205038024,xyz:SMSN,A,Open Short,203.82,0.252,0.030118,0.0,-21.322,193
1782205038024,xyz:SMSN,A,Open Short,203.8,3.988,0.476598,0.0,-21.574,193
1782212294564,xyz:SP500,A,Open Short,7368.3,0.353,1.525231,0.0,-2.6,194
1782213162362,xyz:EWT,A,Open Short,106.04,0.46,0.028603,0.0,0.0,195
1782213162362,xyz:EWT,A,Open Short,106.03,24.07,1.496576,0.0,-0.46,195
1782213191081,xyz:KR200,A,Open Short,1338.4,0.0336,0.02637,0.0,0.0,196
1782213191081,xyz:KR200,A,Open Short,1335.6,1.9066,1.49324,0.0,-0.0336,196
1782225542389,xyz:CRCL,B,Open Long,77.222,9.288,0.420587,0.0,307.718,197
1782225542389,xyz:CRCL,B,Open Long,77.227,4.257,0.192781,0.0,317.006,197
1782256253706,xyz:MSFT,A,Open Short,373.22,1.339,0.293047,0.0,0.0,198
1782256253706,xyz:MSFT,A,Open Short,373.21,1.339,0.29304,0.0,-1.339,198
1782256253706,xyz:MSFT,A,Open Short,373.18,0.672,0.147055,0.0,-2.678,198
1782307942323,xyz:SMSN,A,Open Short,217.57,4.699,0.599512,0.0,-25.562,200
1782307986625,xyz:KR200,A,Open Short,1372.6,0.7522,0.605439,0.0,-1.9402,201
1782308932348,xyz:CRCL,B,Open Long,73.357,2.633,0.113262,0.0,321.263,202
1782308932348,xyz:CRCL,B,Open Long,73.358,32.705,1.406874,0.0,323.896,202
1782311192771,xyz:CRCL,B,Open Long,72.721,35.711,1.522844,0.0,356.601,203
1782313897839,xyz:SMSN,A,Open Short,216.82,4.787,0.608634,0.0,-30.261,205
1782320101022,xyz:CRCL,B,Open Long,70.955,36.548,1.520688,0.0,392.312,206
1782325043109,xyz:CRCL,B,Open Long,71.764,13.848,0.582756,0.0,428.86,207
1782325043109,xyz:CRCL,B,Open Long,71.765,23.27,0.97927,0.0,442.708,207
1782345297533,xyz:KR200,A,Open Short,1473.2,0.0336,0.029025,0.0,-2.6924,208
1782345297533,xyz:KR200,A,Open Short,1473.1,0.6652,0.574616,0.0,-2.726,208
1782345322383,xyz:SKHX,A,Open Short,1859.7,0.843,0.919314,0.0,-3.098,209
1782345340274,xyz:XYZ100,A,Open Short,29804.0,0.0524,0.915797,0.0,-0.9641,210
1782394228379,xyz:CRCL,B,Open Long,70.0,37.202,1.377069,0.0,465.978,204
1782397486258,xyz:XYZ100,A,Open Short,29255.0,0.0889,1.52509,0.0,-1.0165,211
1782397548125,xyz:SMSN,A,Open Short,224.86,4.447,0.586371,0.0,-35.048,212
1782397548125,xyz:SMSN,A,Open Short,224.86,0.564,0.074367,0.0,-39.495,212
1782397548125,xyz:SMSN,A,Open Short,224.86,0.561,0.073972,0.0,-40.059,212
1782397612192,xyz:CRCL,B,Open Long,70.426,37.129,1.533345,0.0,503.18,213
1782399470536,xyz:MSFT,B,Close Short,356.01,0.227,0.047389,3.903719,-3.35,199
1782399470536,xyz:MSFT,B,Close Short,356.02,3.123,0.651988,53.675001,-3.123,199
1782403936898,xyz:SP500,A,Open Short,7378.7,0.353,1.527384,0.0,-2.953,214
1782415896865,xyz:CRCL,B,Open Long,67.885,7.663,0.305046,0.0,540.309,215
1782416146560,xyz:CRCL,B,Open Long,68.043,2.674,0.106693,0.0,547.972,216
1782416146560,xyz:CRCL,B,Open Long,68.043,2.674,0.106693,0.0,550.646,216
1782416146560,xyz:CRCL,B,Open Long,68.044,33.019,1.31749,0.0,553.32,216
1782481919846,xyz:CRCL,B,Open Long,71.954,2.737,0.115484,0.0,586.339,217
1782481919846,xyz:CRCL,B,Open Long,71.962,2.737,0.115496,0.0,589.076,217
1782481919846,xyz:CRCL,B,Open Long,71.963,31.145,1.31429,0.0,591.813,217
1782486187259,xyz:CRCL,B,Open Long,72.589,35.905,1.528339,0.0,622.958,218
1782489744831,xyz:CRCL,B,Open Long,73.444,14.237,0.613152,0.0,658.863,219
1782616895844,xyz:MSTR,A,Open Short,84.083,2.252,0.258279,0.0,-9.925,220
1782616895844,xyz:MSTR,A,Open Short,84.075,17.341,1.988636,0.0,-12.177,220
1782616895844,xyz:MSTR,A,Open Short,84.073,3.177,0.364323,0.0,-29.518,220
1782616895844,xyz:MSTR,A,Open Short,84.072,2.252,0.258246,0.0,-32.695,220
1782616895844,xyz:MSTR,A,Open Short,84.068,5.938,0.680902,0.0,-34.947,220
1782616918827,xyz:NVDA,A,Open Short,192.91,2.47,0.279411,0.0,-25.273,221
1782616918827,xyz:NVDA,A,Open Short,192.9,1.53,0.173067,0.0,-27.743,221
1782616918827,xyz:NVDA,A,Open Short,192.9,0.727,0.082235,0.0,-29.273,221
1782616918827,xyz:NVDA,A,Open Short,192.9,3.372,0.381428,0.0,-30.0,221
1782616959628,xyz:SP500,A,Open Short,7325.8,0.002,0.00859,0.0,-3.306,222
1782616959628,xyz:SP500,A,Open Short,7325.7,0.14,0.60141,0.0,-3.308,222
1782617002296,xyz:AMD,A,Open Short,516.05,2.775,0.839747,0.0,-8.708,223
1782617002296,xyz:AMD,A,Open Short,516.04,0.398,0.120436,0.0,-11.483,223
1782617002296,xyz:AMD,A,Open Short,516.04,1.873,0.56678,0.0,-11.881,223
1782617027425,xyz:KR200,A,Open Short,1354.2,0.0334,0.026522,0.0,-3.3912,224
1782617027425,xyz:KR200,A,Open Short,1354.2,0.0887,0.070436,0.0,-3.4246,224
1782617027425,xyz:KR200,A,Open Short,1354.1,0.0336,0.026679,0.0,-3.5133,224
1782617027425,xyz:KR200,A,Open Short,1353.8,0.9233,0.732977,0.0,-3.5469,224
1782617027425,xyz:KR200,A,Open Short,1352.7,0.1626,0.128977,0.0,-4.4702,224
1782617027425,xyz:KR200,A,Open Short,1349.3,0.326,0.257939,0.0,-4.6328,224
1782617027425,xyz:KR200,A,Open Short,1349.2,0.0372,0.029431,0.0,-4.9588,224
1782617027425,xyz:KR200,A,Open Short,1348.4,0.1483,0.11726,0.0,-4.996,224
1782617027425,xyz:KR200,A,Open Short,1348.1,0.1483,0.117234,0.0,-5.1443,224
1782617027425,xyz:KR200,A,Open Short,1346.6,0.0225,0.017766,0.0,-5.2926,224
1782617052591,xyz:XYZ100,A,Open Short,29031.0,0.0717,1.220604,0.0,-1.1054,225
1782617075958,xyz:SKHX,A,Open Short,1746.5,0.099,0.101389,0.0,-3.941,226
1782617075958,xyz:SKHX,A,Open Short,1746.4,0.115,0.11777,0.0,-4.04,226
1782617075958,xyz:SKHX,A,Open Short,1746.3,0.381,0.390155,0.0,-4.155,226
1782740285593,xyz:INTC,B,Close Short,124.22,29.19,2.126274,279.450465,-38.92,227
1782740334334,xyz:MSTR,B,Close Short,86.446,30.663,3.615545,281.149047,-40.885,228
1782740492040,xyz:NVDA,B,Close Short,194.48,25.029,2.854383,211.695282,-33.372,229
1782740498463,xyz:SMH,B,Close Short,616.5,3.966,1.43377,122.672346,-8.041,230
1782740498463,xyz:SMH,B,Close Short,616.6,0.067,0.024225,2.065677,-4.075,230
1782740498463,xyz:SMH,B,Close Short,616.83,0.423,0.153002,12.944223,-4.008,230
1782740498463,xyz:SMH,B,Close Short,617.13,1.574,0.569606,47.693774,-3.585,230
1782740506580,xyz:MU,B,Close Short,1092.6,2.72,1.742705,155.86144,-3.627,231
1782740512666,xyz:SKHX,B,Close Short,1677.1,0.132,0.129814,5.83176,-4.536,232
1782740512666,xyz:SKHX,B,Close Short,1677.5,0.124,0.121977,5.42872,-4.404,232
1782740512666,xyz:SKHX,B,Close Short,1677.6,3.145,3.093876,137.3736,-4.28,232
1782740518225,xyz:AVGO,B,Close Short,373.06,8.04,1.758849,123.613392,-10.73,233
1782740522328,xyz:TSM,B,Close Short,440.94,5.821,1.505118,102.455421,-9.084,234
1782740522328,xyz:TSM,B,Close Short,440.95,0.992,0.256504,17.450272,-3.263,234
1782740703571,xyz:ORCL,B,Close Short,153.63,15.332,1.381238,373.901484,-20.444,235
1782761680992,xyz:ORCL,B,Close Short,148.19,3.834,0.333169,114.356718,-5.112,236
1782761690773,xyz:KR200,B,Close Short,1350.8,0.0334,0.026456,0.468936,-5.3151,237
1782761690773,xyz:KR200,B,Close Short,1350.9,0.0088,0.00697,0.122672,-5.2817,237
1782761690773,xyz:KR200,B,Close Short,1350.9,0.1518,0.12025,2.116092,-5.2729,237
1782761690773,xyz:KR200,B,Close Short,1352.8,0.0089,0.007059,0.107156,-5.1211,237
1782761690773,xyz:KR200,B,Close Short,1353.4,0.1936,0.153647,2.214784,-5.1122,237
1782761690773,xyz:KR200,B,Close Short,1354.7,0.0561,0.044565,0.568854,-4.9186,237
1782761690773,xyz:KR200,B,Close Short,1355.0,0.0651,0.051726,0.640584,-4.8625,237
1782761690773,xyz:KR200,B,Close Short,1356.1,0.9218,0.73303,8.056532,-4.7974,237
1782761690773,xyz:KR200,B,Close Short,1356.3,0.0081,0.006442,0.069174,-3.8756,237
1782761690773,xyz:KR200,B,Close Short,1356.8,0.3863,0.307349,3.105852,-3.8675,237
1782761690773,xyz:KR200,B,Close Short,1357.1,0.54,0.429733,4.1796,-3.4812,237
1782761690773,xyz:KR200,B,Close Short,1357.2,1.6124,1.283247,12.318736,-2.9412,237
1782761697355,xyz:AVGO,B,Close Short,373.21,2.01,0.439889,30.601848,-2.69,238
1782761705251,xyz:NVDA,B,Close Short,194.64,1.02,0.116419,8.46396,-8.343,239
1782761705251,xyz:NVDA,B,Close Short,194.67,5.237,0.597826,43.299516,-7.323,239
1782761710925,xyz:AAPL,B,Close Short,281.93,4.011,0.663112,40.643463,-4.011,240
1782761723447,xyz:SMH,B,Close Short,631.03,0.453,0.167626,7.429653,-2.011,241
1782761723447,xyz:SMH,B,Close Short,631.04,1.055,0.390393,17.292505,-1.558,241
1782761739366,xyz:MU,B,Close Short,1139.0,0.907,0.605793,9.888114,-0.907,242
1782761745989,xyz:EWT,B,Close Short,105.71,0.46,0.028514,0.147246,-24.53,243
1782761745989,xyz:EWT,B,Close Short,105.73,24.07,1.492341,7.223407,-24.07,243
1782761751827,xyz:SKHX,B,Close Short,1719.9,1.135,1.144703,1.5663,-1.135,244
1782761759400,xyz:SMSN,B,Close Short,211.23,1.187,0.147028,-1.639247,-40.62,245
1782761759400,xyz:SMSN,B,Close Short,211.23,1.187,0.147028,-1.639247,-39.433,245
1782761759400,xyz:SMSN,B,Close Short,211.24,19.758,2.447444,-27.483378,-38.246,245
1782761759400,xyz:SMSN,B,Close Short,211.25,3.783,0.468626,-5.299983,-18.488,245
1782761759400,xyz:SMSN,B,Close Short,211.26,1.188,0.147172,-1.676268,-14.705,245
1782761759400,xyz:SMSN,B,Close Short,211.26,1.188,0.147172,-1.676268,-13.517,245
1782761759400,xyz:SMSN,B,Close Short,211.26,2.173,0.269196,-3.066103,-12.329,245
1782761796329,xyz:ASML,B,Close Short,1878.3,0.1,0.110143,-3.1259,-2.521,246
1782761796329,xyz:ASML,B,Close Short,1878.3,0.1,0.110143,-3.1259,-2.421,246
1782761796329,xyz:ASML,B,Close Short,1878.8,0.639,0.704003,-20.294001,-2.321,246
1782761796329,xyz:ASML,B,Close Short,1879.2,1.051,1.158162,-33.799109,-1.682,246
1782771641055,xyz:MSTR,B,Close Short,93.408,7.666,0.976712,16.918862,-10.222,247
1782771646633,xyz:ORCL,B,Close Short,148.53,0.494,0.043025,14.566578,-1.278,248
1782771646633,xyz:ORCL,B,Close Short,148.54,0.464,0.040415,13.677328,-0.784,248
1782771651202,xyz:INTC,B,Close Short,131.33,9.73,0.749325,23.969855,-9.73,249
1782771655431,xyz:NVDA,B,Close Short,195.06,2.086,0.238602,16.433508,-2.086,250
1782771659628,xyz:TSM,B,Close Short,453.41,2.271,0.603812,11.652501,-2.271,251
1782771664429,xyz:AVGO,B,Close Short,372.53,0.68,0.148546,10.815264,-0.68,252
1782771668965,xyz:ORCL,B,Close Short,148.51,0.32,0.027867,9.44224,-0.32,253
1782828496193,xyz:SMH,B,Close Short,651.02,0.5,0.190879,-1.7945,-0.503,254
1782828496193,xyz:SMH,B,Close Short,651.16,0.003,0.001144,-0.011187,-0.003,254
1782828557720,xyz:CRCL,B,Open Long,69.674,13.988,0.571504,0.0,673.1,255
1782828557720,xyz:CRCL,B,Open Long,69.679,2.557,0.104477,0.0,687.088,255
1782828557720,xyz:CRCL,B,Open Long,69.68,2.557,0.104479,0.0,689.645,255
1782828557720,xyz:CRCL,B,Open Long,69.681,18.342,0.74947,0.0,692.202,255
1782829861242,xyz:CRCL,B,Open Long,70.0,27.361,1.012794,0.0,710.544,261
1782829861242,xyz:CRCL,B,Open Long,70.0,9.841,0.364274,0.0,737.905,261
1782830206096,xyz:XYZ100,A,Open Short,30133.0,0.0004,0.006373,0.0,-1.1771,263
1782830216076,xyz:XYZ100,A,Open Short,30133.0,0.0008,0.012747,0.0,-1.1775,263
1782830216209,xyz:XYZ100,A,Open Short,30133.0,0.0422,0.672428,0.0,-1.1783,263
1782830216929,xyz:XYZ100,A,Open Short,30133.0,0.043,0.685175,0.0,-1.2205,263
1782830294629,xyz:CRCL,B,Open Long,69.5,37.47,1.377081,0.0,747.746,259
1782830334082,xyz:CRCL,B,Open Long,69.0,30.193,1.101657,0.0,785.216,260
1782830911844,xyz:CRCL,B,Open Long,68.0,38.296,1.377062,0.0,815.409,256
1782831161036,xyz:CRCL,B,Open Long,67.0,38.868,1.377077,0.0,853.705,257
1782831339686,xyz:CRCL,B,Open Long,66.5,3.272,0.11506,0.0,892.573,258
1782831342658,xyz:CRCL,B,Open Long,66.5,35.888,1.262008,0.0,895.845,258
1782833667030,xyz:XYZ100,A,Open Short,30155.0,0.0863,1.376136,0.0,-1.2635,262
1782836797300,xyz:COIN,B,Open Long,144.78,6.479,0.550059,0.0,0.0,264
1782836797300,xyz:COIN,B,Open Long,144.79,10.363,0.879868,0.0,6.479,264
1782836797300,xyz:COIN,B,Open Long,144.79,19.175,1.62805,0.0,16.842,264
1782836831001,xyz:CRCL,B,Open Long,65.307,39.704,1.520504,0.0,931.733,265
1782836851077,xyz:CRCL,B,Open Long,65.27,0.766,0.029317,0.0,971.437,266
1782836851077,xyz:CRCL,B,Open Long,65.284,76.861,2.942433,0.0,972.203,266
1782836851077,xyz:CRCL,B,Open Long,65.284,1.782,0.068219,0.0,1049.064,266
1782836880398,xyz:CRCL,B,Open Long,65.16,40.752,1.557126,0.0,1050.846,267
1782836880398,xyz:CRCL,B,Open Long,65.167,76.861,2.93716,0.0,1091.598,267
1782836880398,xyz:CRCL,B,Open Long,65.174,41.279,1.577601,0.0,1168.459,267
1782836906183,xyz:CRCL,B,Open Long,65.122,0.767,0.029289,0.0,1209.738,268
1782836906183,xyz:CRCL,B,Open Long,65.134,76.861,2.935673,0.0,1210.505,268
1782836906183,xyz:CRCL,B,Open Long,65.138,0.767,0.029296,0.0,1287.366,268
1782836906183,xyz:CRCL,B,Open Long,65.141,76.861,2.935988,0.0,1288.133,268
1782836906183,xyz:CRCL,B,Open Long,65.144,43.193,1.649991,0.0,1364.994,268
1782836906183,xyz:CRCL,B,Open Long,65.146,2.92,0.111548,0.0,1408.187,268
1782836906183,xyz:CRCL,B,Open Long,65.146,37.162,1.419647,0.0,1411.107,268
1782837824399,xyz:CRCL,B,Open Long,64.5,3.801,0.129642,0.0,1448.269,269
1782837824599,xyz:CRCL,B,Open Long,64.5,36.573,1.247417,0.0,1452.07,269
1782838833996,xyz:XYZ100,A,Open Short,30260.0,0.0333,0.59089,0.0,-1.3498,275
1782838833996,xyz:XYZ100,A,Open Short,30260.0,0.0513,0.910291,0.0,-1.3831,275
1782838833996,xyz:XYZ100,A,Open Short,30260.0,0.0013,0.023067,0.0,-1.4344,275
1782840543285,xyz:CRCL,B,Open Long,64.0,4.348,0.14715,0.0,1488.643,270
1782840543351,xyz:CRCL,B,Open Long,64.0,18.46,0.624745,0.0,1492.991,270
1782840543757,xyz:CRCL,B,Open Long,64.0,4.08,0.13808,0.0,1511.451,270
1782840543757,xyz:CRCL,B,Open Long,64.0,12.144,0.410991,0.0,1515.531,270
1782840543757,xyz:CRCL,B,Open Long,64.0,1.08,0.03655,0.0,1527.675,270
1782840543888,xyz:CRCL,B,Open Long,64.0,0.387,0.013097,0.0,1528.755,270
1782840543888,xyz:CRCL,B,Open Long,64.0,0.191,0.006464,0.0,1529.142,270
1782840713896,xyz:CRCL,B,Open Long,63.5,19.15,0.643033,0.0,1529.333,271
1782840714097,xyz:CRCL,B,Open Long,63.5,21.86,0.734032,0.0,1548.483,271
1782848479119,xyz:CRCL,B,Open Long,63.072,41.265,1.526203,0.0,1570.343,276
1782850478846,xyz:CRCL,B,Open Long,62.5,1.061,0.035065,0.0,1611.608,277
1782850479114,xyz:CRCL,B,Open Long,62.5,40.605,1.341994,0.0,1612.669,277
1782887676140,xyz:CRCL,B,Open Long,62.0,42.002,1.37706,0.0,1653.274,272
1782887676140,xyz:CRCL,B,Open Long,62.0,42.002,1.37706,0.0,1695.276,278
1782889629058,xyz:CRCL,B,Open Long,61.5,42.344,1.377077,0.0,1737.278,273
1782892075549,xyz:XYZ100,A,Open Short,30088.0,0.0864,1.374669,0.0,-1.4357,279
1782916452522,xyz:MSTR,B,Close Short,93.755,2.556,0.326865,4.75416,-2.556,280
1782929816529,xyz:TSLA,A,Open Short,424.2,6.139,1.37708,0.0,0.0,281
1782929956970,xyz:NVDA,A,Open Short,198.19,10.0,1.048028,0.0,0.0,282
1782929959860,xyz:NVDA,A,Open Short,198.19,0.511,0.053553,0.0,-10.0,282
1783043925173,xyz:KR200,A,Open Short,1252.1,2.0798,1.377056,0.0,-1.3288,283
1783044984451,xyz:AMAT,A,Open Short,614.84,0.09,0.02926,0.0,0.0,284
1783045723998,xyz:AMAT,A,Open Short,614.84,4.145,1.347652,0.0,-0.09,284
1783112495590,xyz:QCOM,A,Open Short,182.44,1.06,0.113401,0.0,0.0,285
1783112495590,xyz:QCOM,A,Open Short,182.44,1.06,0.113401,0.0,-1.06,285
1783112495590,xyz:QCOM,A,Open Short,182.43,3.86,0.41293,0.0,-2.12,285
1783112495590,xyz:QCOM,A,Open Short,182.42,0.84,0.089855,0.0,-5.98,285
1783112495590,xyz:QCOM,A,Open Short,182.42,1.06,0.113388,0.0,-6.82,285
1783112495590,xyz:QCOM,A,Open Short,182.4,1.06,0.113376,0.0,-7.88,285
1783112495590,xyz:QCOM,A,Open Short,182.39,1.06,0.11337,0.0,-8.94,285
1783112495590,xyz:QCOM,A,Open Short,182.38,1.06,0.113364,0.0,-10.0,285
1783112495590,xyz:QCOM,A,Open Short,182.38,1.06,0.113364,0.0,-11.06,285
1783112495590,xyz:QCOM,A,Open Short,182.37,2.14,0.228854,0.0,-12.12,285
1783117016917,xyz:COIN,A,Close Long,168.36,11.692,1.154307,275.603824,36.017,286
1783117016917,xyz:COIN,A,Close Long,168.36,4.445,0.438838,104.77754,24.325,286
1783117016917,xyz:COIN,A,Close Long,168.3,2.971,0.29321,69.854152,19.88,286
1783117016917,xyz:COIN,A,Close Long,168.29,7.904,0.780008,185.759808,16.909,286
1783193919118,xyz:NVDA,A,Open Short,196.93,5.163,0.596221,0.0,-10.511,287
1783193919118,xyz:NVDA,A,Open Short,196.93,5.281,0.609847,0.0,-15.674,287
1783193919118,xyz:NVDA,A,Open Short,196.93,2.777,0.320686,0.0,-20.955,287
1783193987033,xyz:HOOD,B,Open Long,113.58,2.825,0.188153,0.0,0.0,288
1783193987033,xyz:HOOD,B,Open Long,113.58,1.383,0.092111,0.0,2.825,288
1783193987033,xyz:HOOD,B,Open Long,113.59,2.209,0.147139,0.0,4.208,288
1783193987033,xyz:HOOD,B,Open Long,113.6,3.133,0.208704,0.0,6.417,288
1783193987033,xyz:HOOD,B,Open Long,113.61,2.741,0.182607,0.0,9.55,288
1783193987033,xyz:HOOD,B,Open Long,113.61,2.741,0.182607,0.0,12.291,288
1783193987033,xyz:HOOD,B,Open Long,113.61,7.856,0.523373,0.0,15.032,288
1783211730924,xyz:MU,A,Open Short,1034.8,0.482,0.29248,0.0,0.0,289
1783211730924,xyz:MU,A,Open Short,1034.7,0.33,0.200226,0.0,-0.482,289
1783211730924,xyz:MU,A,Open Short,1034.7,0.33,0.200226,0.0,-0.812,289
1783211730924,xyz:MU,A,Open Short,1034.7,0.144,0.087371,0.0,-1.142,289
1783211730924,xyz:MU,A,Open Short,1034.7,0.225,0.136517,0.0,-1.286,289
1783211873737,xyz:GOOGL,A,Open Short,359.23,1.354,0.285222,0.0,0.0,290
1783211873737,xyz:GOOGL,A,Open Short,359.22,4.44,0.93527,0.0,-1.354,290
1783211908488,xyz:SMH,A,Open Short,608.64,0.065,0.023198,0.0,0.0,291
1783211908488,xyz:SMH,A,Open Short,608.49,0.076,0.027117,0.0,-0.065,291
1783211908488,xyz:SMH,A,Open Short,607.28,0.062,0.022078,0.0,-0.141,291
1783211908488,xyz:SMH,A,Open Short,606.52,0.475,0.168939,0.0,-0.203,291
1783211908488,xyz:SMH,A,Open Short,606.51,0.738,0.262475,0.0,-0.678,291
1783211908488,xyz:SMH,A,Open Short,605.25,0.346,0.122801,0.0,-1.416,291
1783211908488,xyz:SMH,A,Open Short,604.98,0.55,0.195117,0.0,-1.762,291
1783211908488,xyz:SMH,A,Open Short,604.53,1.109,0.393135,0.0,-2.312,291
1783214358871,xyz:MU,A,Open Short,1036.5,0.337,0.204829,0.0,-1.511,292
1783214358871,xyz:MU,A,Open Short,1036.5,0.042,0.025527,0.0,-1.848,292
1783214358871,xyz:MU,A,Open Short,1036.5,0.7,0.425462,0.0,-1.89,292
1783214358871,xyz:MU,A,Open Short,1036.4,1.432,0.87029,0.0,-2.59,292
1783365600829,xyz:MSTR,A,Open Short,101.14,30.991,4.275361,0.0,0.0,293
1783431425872,xyz:XYZ100,B,Close Short,29339.0,0.0099,0.08609,-0.847737,-1.5221,295
1783431425872,xyz:XYZ100,B,Close Short,29339.0,0.7511,6.531624,-64.316693,-1.5122,295
1783431437877,xyz:XYZ100,B,Close Short,29326.0,0.1902,1.653261,-13.814226,-0.7611,296
1783458441163,xyz:MSTR,A,Open Short,97.394,1.541,0.204714,0.0,-30.991,297
1783458441163,xyz:MSTR,A,Open Short,97.392,4.197,0.55754,0.0,-32.532,297
1783458441163,xyz:MSTR,A,Open Short,97.384,1.541,0.204693,0.0,-36.729,297
1783458441163,xyz:MSTR,A,Open Short,97.379,19.523,2.593141,0.0,-38.27,297
1783458465421,xyz:XYZ100,B,Close Short,29193.0,0.1427,1.234754,8.614799,-0.5709,298
1783489176546,xyz:MSTR,A,Open Short,95.555,0.156,0.020332,0.0,-57.793,299
1783489176546,xyz:MSTR,A,Open Short,95.549,5.233,0.682009,0.0,-57.949,299
1783489176546,xyz:MSTR,A,Open Short,95.542,5.233,0.68196,0.0,-63.182,299
1783489176546,xyz:MSTR,A,Open Short,95.539,5.233,0.681938,0.0,-68.415,299
1783489176546,xyz:MSTR,A,Open Short,95.538,11.34,1.477758,0.0,-73.648,299
1783506888755,xyz:SP500,A,Open Short,7433.2,0.004,0.008811,0.0,-3.448,300
1783506888755,xyz:SP500,A,Open Short,7433.2,0.346,0.762307,0.0,-3.452,300
1783506930512,xyz:KR200,A,Open Short,1137.0,0.2248,0.075758,0.0,-3.4086,301
1783506930512,xyz:KR200,A,Open Short,1137.0,0.0223,0.007514,0.0,-3.6334,301
1783506930512,xyz:KR200,A,Open Short,1134.2,1.1021,0.3705,0.0,-3.6557,301
1783506930512,xyz:KR200,A,Open Short,1134.1,0.4509,0.151567,0.0,-4.7578,301
1783506930512,xyz:KR200,A,Open Short,1134.1,0.3186,0.107096,0.0,-5.2087,301
1783506930512,xyz:KR200,A,Open Short,1132.9,0.174,0.058427,0.0,-5.5273,301
1783506944518,xyz:MSTR,A,Open Short,93.928,27.798,3.561418,0.0,-84.988,302
1783506963924,xyz:XYZ100,A,Open Short,28817.0,0.0255,0.217804,0.0,-0.4282,303
1783506963924,xyz:XYZ100,A,Open Short,28817.0,0.0011,0.009394,0.0,-0.4537,303
1783506963924,xyz:XYZ100,A,Open Short,28817.0,0.0009,0.007686,0.0,-0.4548,303
1783506963924,xyz:XYZ100,A,Open Short,28817.0,0.0007,0.005978,0.0,-0.4557,303
1783506963924,xyz:XYZ100,A,Open Short,28817.0,0.025,0.213533,0.0,-0.4564,303
1783506963924,xyz:XYZ100,A,Open Short,28816.0,0.0257,0.219504,0.0,-0.4814,303
1783506963924,xyz:XYZ100,A,Open Short,28816.0,0.0116,0.099075,0.0,-0.5071,303
1783506977766,xyz:TSLA,A,Open Short,398.33,0.369,0.08619,0.0,-6.139,304
1783506977766,xyz:TSLA,A,Open Short,398.31,1.255,0.293128,0.0,-6.508,304
1783506977766,xyz:TSLA,A,Open Short,398.29,1.255,0.293113,0.0,-7.763,304
1783506977766,xyz:TSLA,A,Open Short,398.28,1.255,0.293106,0.0,-9.018,304
1783506977766,xyz:TSLA,A,Open Short,398.27,1.255,0.293099,0.0,-10.273,304
1783506977766,xyz:TSLA,A,Open Short,398.27,1.161,0.271145,0.0,-11.528,304
1783507000383,xyz:NVDA,A,Open Short,193.99,3.856,0.438641,0.0,-23.732,305
1783507000383,xyz:NVDA,A,Open Short,193.99,2.04,0.23206,0.0,-27.588,305
1783507000383,xyz:NVDA,A,Open Short,193.98,3.856,0.438619,0.0,-29.628,305
1783507000383,xyz:NVDA,A,Open Short,193.97,2.04,0.232037,0.0,-33.484,305
1783507000383,xyz:NVDA,A,Open Short,193.97,1.645,0.187108,0.0,-35.524,305
1783581345169,xyz:COIN,A,Close Long,161.6,6.753,0.639929,113.531436,9.005,306
1783581359128,xyz:HOOD,A,Close Long,114.85,2.243,0.151061,2.801507,22.888,307
1783581359128,xyz:HOOD,A,Close Long,114.85,13.282,0.894515,16.589218,20.645,307
1783581359128,xyz:HOOD,A,Close Long,114.85,1.641,0.110517,2.049609,7.363,307
1783679226728,xyz:CRCL,A,Close Long,71.0,4.17,0.156561,2.7105,1779.622,294
1783679227465,xyz:CRCL,A,Close Long,71.0,7.237,0.271711,4.70405,1775.452,294
1783679227535,xyz:CRCL,A,Close Long,71.0,3.956,0.148527,2.5714,1768.215,294
1783679227933,xyz:CRCL,A,Close Long,71.0,2.816,0.105726,1.8304,1764.259,294
1783679228000,xyz:CRCL,A,Close Long,71.0,2.816,0.105726,1.8304,1761.443,294
1783679228000,xyz:CRCL,A,Close Long,71.0,0.114,0.00428,0.0741,1758.627,294
1783679228000,xyz:CRCL,A,Close Long,71.0,30.059,1.128558,19.53835,1758.513,294
1783679228000,xyz:CRCL,A,Close Long,71.0,2.822,0.105951,1.8343,1728.454,294
1783679228000,xyz:CRCL,A,Close Long,71.0,81.156,3.046985,52.7514,1725.632,294
1783679228000,xyz:CRCL,A,Close Long,71.0,42.401,1.591936,27.56065,1644.476,294
1783679228000,xyz:CRCL,A,Close Long,71.0,7.04,0.264315,4.576,1602.075,294
1783679228000,xyz:CRCL,A,Close Long,71.0,65.413,2.455917,42.51845,1595.035,294
1783683695587,xyz:CRCL,A,Close Long,71.348,22.253,0.93103,22.208494,1529.622,308
1783683695587,xyz:CRCL,A,Close Long,71.333,58.823,2.460546,57.823009,1507.369,308
1783683695587,xyz:CRCL,A,Close Long,71.33,21.08,0.881732,20.6584,1448.546,308
1783683695587,xyz:CRCL,A,Close Long,71.311,280.249,11.719107,269.319289,1427.466,308
1783683798061,xyz:CRCL,A,Close Long,71.301,2.779,0.116191,2.642829,1147.217,309
1783683798061,xyz:CRCL,A,Close Long,71.301,2.779,0.116191,2.642829,1144.438,309
1783683798061,xyz:CRCL,A,Close Long,71.3,2.782,0.116316,2.6429,1141.659,309
1783683798061,xyz:CRCL,A,Close Long,71.296,16.705,0.698401,15.80293,1138.877,309
1783683798061,xyz:CRCL,A,Close Long,71.295,198.401,8.294626,187.488945,1122.172,309
1783683798061,xyz:CRCL,A,Close Long,71.293,21.539,0.900463,20.311277,923.771,309
1783683798061,xyz:CRCL,A,Close Long,71.292,2.782,0.116303,2.620644,902.232,309
1783683798061,xyz:CRCL,A,Close Long,71.29,2.78,0.116216,2.6132,899.45,309
1783683798061,xyz:CRCL,A,Close Long,71.29,2.78,0.116216,2.6132,896.67,309
1783683798061,xyz:CRCL,A,Close Long,71.289,42.847,1.791169,40.233333,893.89,309
1783683798061,xyz:CRCL,A,Close Long,71.289,7.014,0.293211,6.586146,851.043,309
1783683798061,xyz:CRCL,A,Close Long,71.288,20.527,0.858095,19.254326,844.029,309
1783683798061,xyz:CRCL,A,Close Long,71.285,2.78,0.116208,2.5993,823.502,309
1783683798061,xyz:CRCL,A,Close Long,71.285,7.014,0.293195,6.55809,820.722,309
1783683798061,xyz:CRCL,A,Close Long,71.281,2.779,0.116158,2.587249,813.708,309
1783683798061,xyz:CRCL,A,Close Long,71.281,2.779,0.116158,2.587249,810.929,309
1783683798061,xyz:CRCL,A,Close Long,71.281,7.014,0.293178,6.530034,808.15,309
1783683798061,xyz:CRCL,A,Close Long,71.28,2.779,0.116157,2.58447,801.136,309
1783683798061,xyz:CRCL,A,Close Long,71.28,2.779,0.116157,2.58447,798.357,309
1783683798061,xyz:CRCL,A,Close Long,71.28,221.969,9.277991,206.43117,795.578,309
1783683809957,xyz:CRCL,A,Close Long,71.172,245.942,10.264453,202.164324,573.609,310
1783683809957,xyz:CRCL,A,Close Long,71.165,40.862,1.705218,33.30253,327.667,310
1783683821584,xyz:CRCL,A,Close Long,71.167,71.701,2.992249,58.579717,286.805,311
1783684378192,xyz:SP500,A,Open Short,7534.4,0.345,0.770452,0.0,-3.798,312
1783685494307,xyz:CRCL,A,Close Long,70.232,2.858,0.117703,-0.337244,215.104,313
1783685494307,xyz:CRCL,A,Close Long,70.232,2.859,0.117744,-0.337362,212.246,313
1783685494307,xyz:CRCL,A,Close Long,70.232,7.119,0.293188,-0.840042,209.387,313
1783685494307,xyz:CRCL,A,Close Long,70.232,22.728,0.93603,-2.681904,202.268,313
1783685494307,xyz:CRCL,A,Close Long,70.231,7.119,0.293184,-0.847161,179.54,313
1783685494307,xyz:CRCL,A,Close Long,70.231,64.869,2.671529,-7.719411,172.421,313
1783695966735,xyz:CRCL,B,Open Long,67.019,21.911,0.8611,0.0,107.552,314
1783695966735,xyz:CRCL,B,Open Long,67.019,22.532,0.885506,0.0,129.463,314
1783695966735,xyz:CRCL,B,Open Long,67.019,33.182,1.30405,0.0,151.995,314
1783696090114,xyz:SP500,A,Open Short,7538.3,0.048,0.107248,0.0,-4.143,326
1783696090114,xyz:SP500,A,Open Short,7538.3,0.297,0.663601,0.0,-4.191,326
1783696116437,xyz:KR200,A,Open Short,1204.5,0.0834,0.029774,0.0,-5.7013,327
1783696116437,xyz:KR200,A,Open Short,1204.4,0.0997,0.03559,0.0,-5.7847,327
1783696116437,xyz:KR200,A,Open Short,1203.4,1.0387,0.370491,0.0,-5.8844,327
1783696116437,xyz:KR200,A,Open Short,1203.3,0.0336,0.011983,0.0,-6.9231,327
1783696116437,xyz:KR200,A,Open Short,1202.9,0.6685,0.238346,0.0,-6.9567,327
1783696116437,xyz:KR200,A,Open Short,1200.4,0.0176,0.006261,0.0,-7.6252,327
1783696116437,xyz:KR200,A,Open Short,1199.7,0.7502,0.266764,0.0,-7.6428,327
1783696116437,xyz:KR200,A,Open Short,1196.9,0.8354,0.296366,0.0,-8.393,327
1783696116437,xyz:KR200,A,Open Short,1196.5,0.7892,0.279883,0.0,-9.2284,327
1783696148008,xyz:CRCL,B,Open Long,67.813,77.522,3.082703,0.0,185.177,328
1783701469662,xyz:CRCL,B,Open Long,66.0,36.665,1.279637,0.0,262.699,315
1783701470062,xyz:CRCL,B,Open Long,66.0,2.792,0.097443,0.0,299.364,315
1783704793595,xyz:CRCL,B,Open Long,65.5,31.806,1.101644,0.0,302.156,316
1783731635165,xyz:SP500,A,Open Short,7573.0,0.004,0.008978,0.0,-4.488,329
1783731635165,xyz:SP500,A,Open Short,7573.0,0.004,0.008978,0.0,-4.492,329
1783731635165,xyz:SP500,A,Open Short,7573.0,0.022,0.049381,0.0,-4.496,329
1783731635165,xyz:SP500,A,Open Short,7573.0,0.002,0.004488,0.0,-4.518,329
1783731635165,xyz:SP500,A,Open Short,7572.9,0.002,0.004488,0.0,-4.52,329
1783731635165,xyz:SP500,A,Open Short,7572.8,0.181,0.406268,0.0,-4.522,329
1783731635165,xyz:SP500,A,Open Short,7572.8,0.129,0.28955,0.0,-4.703,329
1783782725472,xyz:SP500,A,Open Short,7584.7,0.049,0.110156,0.0,-4.832,330
1783782725472,xyz:SP500,A,Open Short,7584.6,0.597,1.3421,0.0,-4.881,330
1783782744782,xyz:SP500,A,Open Short,7584.6,0.646,1.452255,0.0,-5.478,331
1783782766335,xyz:SP500,A,Open Short,7584.6,0.034,0.076434,0.0,-6.124,332
1783782766335,xyz:SP500,A,Open Short,7584.5,0.044,0.098913,0.0,-6.158,332
1783782766335,xyz:SP500,A,Open Short,7584.5,0.891,2.003008,0.0,-6.202,332
1783827807724,xyz:SP500,A,Open Short,7559.0,0.324,0.725917,0.0,-7.093,333
1783874759827,xyz:NVDA,A,Open Short,212.43,11.54,1.437525,0.0,-37.169,334
1783874783271,xyz:AMD,A,Open Short,560.92,0.112,0.036838,0.0,-13.754,335
1783874783271,xyz:AMD,A,Open Short,560.84,0.58,0.190747,0.0,-13.866,335
1783874783271,xyz:AMD,A,Open Short,560.78,0.262,0.086156,0.0,-14.446,335
1783874783271,xyz:AMD,A,Open Short,560.77,3.561,1.170982,0.0,-14.708,335
1783907772708,xyz:CRCL,B,Open Long,65.0,32.051,1.101656,0.0,333.962,317
1783908312775,xyz:AMD,A,Open Short,550.28,4.457,1.438202,0.0,-18.269,336
1783908340818,xyz:NVDA,A,Open Short,208.6,2.397,0.293208,0.0,-48.709,337
1783908340818,xyz:NVDA,A,Open Short,208.58,4.713,0.576452,0.0,-51.106,337
1783908340818,xyz:NVDA,A,Open Short,208.58,2.397,0.29318,0.0,-55.819,337
1783908340818,xyz:NVDA,A,Open Short,208.58,2.262,0.276667,0.0,-58.216,337
1783908524623,xyz:SP500,A,Open Short,7539.6,0.325,0.726288,0.0,-7.417,338
1783908605383,xyz:CRCL,B,Open Long,65.083,2.91,0.111058,0.0,366.013,339
1783908605383,xyz:CRCL,B,Open Long,65.089,34.768,1.327031,0.0,368.923,339
1783912997285,xyz:CRCL,B,Open Long,64.5,32.299,1.10164,0.0,403.691,318
1783930348445,xyz:KR200,B,Close Short,1108.4,0.0834,0.027398,9.118956,-10.0176,340
1783930348445,xyz:KR200,B,Close Short,1108.5,0.1083,0.035582,11.830692,-9.9342,340
1783930348445,xyz:KR200,B,Close Short,1109.0,0.5,0.164353,54.37,-9.8259,340
1783930348445,xyz:KR200,B,Close Short,1111.0,0.1762,0.058022,18.807588,-9.3259,340
1783930348445,xyz:KR200,B,Close Short,1111.6,0.3773,0.124311,40.046622,-9.1497,340
1783930348445,xyz:KR200,B,Close Short,1112.6,1.1235,0.370501,118.12479,-8.7724,340
1783930348445,xyz:KR200,B,Close Short,1112.7,1.5091,0.497706,158.515864,-7.6489,340
1783930348445,xyz:KR200,B,Close Short,1113.8,0.0423,0.013963,4.396662,-6.1398,340
1783930348445,xyz:KR200,B,Close Short,1115.6,3.593,1.188074,366.98902,-6.0975,340
1783930375236,xyz:MU,B,Close Short,919.39,0.544,0.293286,63.32704,-4.022,341
1783930375236,xyz:MU,B,Close Short,919.43,0.544,0.293298,63.30528,-3.478,341
1783930375236,xyz:MU,B,Close Short,919.44,0.923,0.497643,107.40028,-2.934,341
1783930384318,xyz:SMSN,B,Close Short,173.47,5.078,0.516548,184.732562,-10.156,342
1783930395157,xyz:MSTR,B,Close Short,93.252,56.393,7.172948,218.071731,-112.786,343
1783930406494,xyz:AMAT,B,Close Short,578.29,2.117,0.717893,77.37635,-4.235,344
1783930600720,xyz:HIMS,B,Open Long,34.119,28.73,0.574811,0.0,0.0,345
1783930620802,xyz:XLE,B,Open Long,55.888,17.54,0.290552,0.0,0.0,346
1783934896462,xyz:BE,B,Open Long,235.37,4.16,0.574166,0.0,0.0,347
1783949402820,xyz:CRCL,B,Open Long,64.0,32.552,1.101663,0.0,435.99,319
1783949410542,xyz:CRCL,B,Open Long,63.5,32.808,1.101653,0.0,468.542,320
1783950418892,xyz:CRCL,B,Open Long,63.0,33.068,1.10164,0.0,501.35,321
1783951292669,xyz:CRCL,B,Open Long,63.461,77.463,2.88267,0.0,534.418,348
1783952135426,xyz:HIMS,B,Open Long,34.536,28.37,0.574546,0.0,28.73,349
1783952154308,xyz:BE,B,Open Long,239.35,4.09,0.57405,0.0,4.16,350
1783964439829,xyz:CRCL,B,Open Long,62.934,46.553,1.718014,0.0,611.881,351
1783965391997,xyz:CRCL,B,Open Long,62.5,33.333,1.101655,0.0,658.434,322
1783989862947,xyz:BE,B,Open Long,233.29,1.6,0.218882,0.0,8.25,352
1783989862947,xyz:BE,B,Open Long,233.3,0.08,0.010944,0.0,9.85,352
1783992744840,xyz:MSTR,B,Close Short,92.579,24.563,3.101759,111.51602,-56.393,353
1783992744840,xyz:MSTR,B,Close Short,92.58,17.731,2.239054,80.481009,-31.83,353
1783993026528,xyz:SMSN,A,Open Short,177.04,4.057,0.421181,0.0,-5.078,354
1783993026528,xyz:SMSN,A,Open Short,176.97,9.713,1.007967,0.0,-9.135,354
1783993042691,xyz:AMAT,A,Open Short,581.0,4.204,1.432296,0.0,-2.118,355
1783993072208,xyz:HIMS,B,Open Long,34.327,11.42,0.229877,0.0,57.1,356
1783996078486,xyz:KR200,B,Close Short,1055.7,0.0834,0.026096,13.514136,-2.5045,358
1783996078486,xyz:KR200,B,Close Short,1055.8,0.0473,0.014801,7.659762,-2.4211,358
1783996078486,xyz:KR200,B,Close Short,1055.8,0.0458,0.014331,7.416852,-2.3738,358
1783996078486,xyz:KR200,B,Close Short,1056.4,0.1136,0.035569,18.328224,-2.328,358
1783996078486,xyz:KR200,B,Close Short,1056.6,0.026,0.008142,4.18964,-2.2144,358
1783996078486,xyz:KR200,B,Close Short,1057.1,1.5622,0.489475,250.951808,-2.1884,358
1783996099411,xyz:MU,B,Close Short,919.18,0.072,0.038808,8.39664,-2.011,359
1783996099411,xyz:MU,B,Close Short,919.19,1.436,0.774022,167.45196,-1.939,359
1783996109686,xyz:KR200,B,Close Short,1054.9,0.0834,0.026076,13.580856,-0.6262,360
1783996109686,xyz:KR200,B,Close Short,1055.0,0.0471,0.014728,7.665054,-0.5428,360
1783996109686,xyz:KR200,B,Close Short,1055.3,0.1138,0.035595,18.485672,-0.4957,360
1783996109686,xyz:KR200,B,Close Short,1056.8,0.0688,0.021549,11.072672,-0.3819,360
1783996602573,xyz:MU,B,Close Short,920.49,0.251,0.135483,28.94281,-0.503,361
1783996654542,xyz:SP500,B,Close Short,7493.1,5.806,12.894863,-45.80934,-7.742,362
1783996670928,xyz:SP500,B,Close Short,7493.1,1.452,3.224826,-11.45628,-1.936,363
1783996680781,xyz:XYZ100,B,Close Short,29203.0,0.0004,0.003462,-0.010336,-0.5187,364
1783996680781,xyz:XYZ100,B,Close Short,29204.0,0.3886,3.363746,-10.430024,-0.5183,364
1783996713676,xyz:SP500,B,Close Short,7494.9,0.161,0.357659,-1.56009,-0.484,365
1783996713676,xyz:SP500,B,Close Short,7495.4,0.081,0.179951,-0.82539,-0.323,365
1783996743399,xyz:XYZ100,B,Close Short,29220.0,0.0972,0.841829,-4.164048,-0.1297,366
1783996757612,xyz:SP500,B,Close Short,7496.4,0.06,0.133315,-0.6714,-0.242,367
1783996757612,xyz:SP500,B,Close Short,7496.5,0.002,0.004443,-0.02258,-0.182,367
1783996757612,xyz:SP500,B,Close Short,7496.8,0.059,0.1311,-0.68381,-0.18,367
1783996763505,xyz:XYZ100,B,Close Short,29227.0,0.0034,0.029453,-0.169456,-0.0325,368
1783996763505,xyz:XYZ100,B,Close Short,29227.0,0.001,0.008662,-0.04984,-0.0291,368
1783996763505,xyz:XYZ100,B,Close Short,29227.0,0.001,0.008662,-0.04984,-0.0281,368
1783996763505,xyz:XYZ100,B,Close Short,29229.0,0.0004,0.003465,-0.020736,-0.0271,368
1783996763505,xyz:XYZ100,B,Close Short,29229.0,0.0104,0.0901,-0.539136,-0.0267,368
1783996883306,xyz:QCOM,B,Close Short,184.31,4.0,0.432317,-7.606,-14.26,370
1783996883306,xyz:QCOM,B,Close Short,184.34,4.01,0.433468,-7.745315,-10.26,370
1783996883306,xyz:QCOM,B,Close Short,184.38,2.68,0.289762,-5.28362,-6.25,370
1783996916143,xyz:MU,B,Close Short,929.74,0.189,0.103042,20.04534,-0.252,372
1783996954831,xyz:SMSN,B,Close Short,174.14,1.164,0.118862,13.622292,-18.848,373
1783996954831,xyz:SMSN,B,Close Short,174.14,1.164,0.118862,13.622292,-17.684,373
1783996954831,xyz:SMSN,B,Close Short,174.14,2.945,0.30073,34.465335,-16.52,373
1783996954831,xyz:SMSN,B,Close Short,174.15,1.168,0.119277,13.657424,-13.575,373
1783996954831,xyz:SMSN,B,Close Short,174.15,7.695,0.785825,89.977635,-12.407,373
1783996959424,xyz:TSLA,B,Close Short,394.13,0.606,0.140057,10.115958,-12.689,374
1783996959424,xyz:TSLA,B,Close Short,394.18,1.268,0.293094,21.103324,-12.083,374
1783996959424,xyz:TSLA,B,Close Short,394.19,7.642,1.76647,127.109386,-10.815,374
1783996966797,xyz:AMD,B,Close Short,536.02,8.6,2.70317,30.5386,-22.726,375
1783996966797,xyz:AMD,B,Close Short,536.1,3.125,0.982403,10.846875,-14.126,375
1783996966797,xyz:AMD,B,Close Short,536.12,0.852,0.267852,2.940252,-11.001,375
1783996966797,xyz:AMD,B,Close Short,536.26,3.125,0.982696,10.346875,-10.149,375
1783996966797,xyz:AMD,B,Close Short,536.27,0.369,0.116038,1.218069,-7.024,375
1783996966797,xyz:AMD,B,Close Short,536.28,0.973,0.305983,3.202143,-6.655,375
1783996981901,xyz:SMH,B,Close Short,588.03,1.71,0.298038,30.03444,-3.421,376
1783998682716,xyz:CRCL,B,Open Long,62.18,39.417,1.296061,0.0,691.767,369
1783998797932,xyz:CRCL,B,Open Long,62.0,33.602,1.101661,0.0,731.184,323
1784027485950,xyz:CRCL,B,Open Long,61.5,62.81,2.042656,0.0,764.786,324
1784027485950,xyz:CRCL,B,Open Long,61.5,21.878,0.711498,0.0,827.596,324
1784036091178,xyz:CRCL,B,Open Long,61.0,42.691,1.377074,0.0,849.474,274
1784036091178,xyz:CRCL,B,Open Long,61.0,85.382,2.75415,0.0,892.165,325
1784045775825,xyz:AMAT,B,Close Short,591.58,4.741,1.644664,3.588937,-6.322,377
1784045786197,xyz:ASML,B,Close Short,1774.1,0.038,0.039531,2.771758,-0.631,378
1784045786197,xyz:ASML,B,Close Short,1775.0,0.051,0.053083,3.674091,-0.593,378
1784045786197,xyz:ASML,B,Close Short,1775.1,0.038,0.039554,2.733758,-0.542,378
1784045786197,xyz:ASML,B,Close Short,1775.1,0.346,0.360157,24.891586,-0.504,378
1784045802195,xyz:TSLA,B,Close Short,396.38,1.261,0.293102,18.212623,-3.173,379
1784045802195,xyz:TSLA,B,Close Short,396.39,0.325,0.075543,4.690725,-1.912,379
1784045825176,xyz:GOOGL,B,Close Short,356.14,2.897,0.60501,8.928554,-5.794,380
1784047019062,xyz:CRCL,B,Open Long,62.773,3.141,0.115619,0.0,977.547,381
1784047019062,xyz:CRCL,B,Open Long,62.773,74.572,2.745001,0.0,980.688,381
1784047049512,xyz:CRCL,B,Open Long,62.708,51.042,1.876914,0.0,1055.26,382
1784047049512,xyz:CRCL,B,Open Long,62.708,26.697,0.9817,0.0,1106.302,382
1784047066980,xyz:CRCL,B,Open Long,62.719,3.886,0.14292,0.0,1132.999,383
1784052886942,xyz:NVDA,A,Open Short,212.02,9.25,1.150038,0.0,-60.478,384
1784088451272,xyz:GOOGL,B,Close Short,360.32,1.388,0.293272,-1.524024,-2.897,391
1784088451272,xyz:GOOGL,B,Close Short,360.33,0.545,0.115156,-0.60386,-1.509,391
1784088451272,xyz:GOOGL,B,Close Short,360.33,0.811,0.171361,-0.898588,-0.964,391
1784088451272,xyz:GOOGL,B,Close Short,360.33,0.153,0.032328,-0.169524,-0.153,391
1784088475087,xyz:GOOGL,B,Open Long,360.32,1.388,0.293272,0.0,0.0,392
1784088478250,xyz:GOOGL,B,Open Long,360.32,0.27,0.051444,0.0,1.388,392
1784088489368,xyz:GOOGL,B,Open Long,360.32,0.27,0.051444,0.0,1.658,392
1784088499530,xyz:GOOGL,B,Open Long,360.32,2.777,0.529121,0.0,1.928,392
1784088501483,xyz:GOOGL,B,Open Long,360.32,2.097,0.399556,0.0,4.705,392
1784128597737,xyz:MU,B,Close Short,900.13,0.041,0.02164,5.56247,-0.063,371
1784128597737,xyz:MU,B,Close Short,900.13,0.022,0.011611,2.98474,-0.022,371
1784130201507,xyz:NVDA,A,Open Short,209.3,11.71,1.296037,0.0,-69.728,394
1784130338061,xyz:KR200,A,Open Short,1104.0,0.1996,0.052621,0.0,-0.3131,395
1784130338990,xyz:KR200,A,Open Short,1101.1,0.0834,0.027218,0.0,-0.5127,396
1784130338990,xyz:KR200,A,Open Short,1101.0,0.0454,0.014814,0.0,-0.5961,396
1784130338990,xyz:KR200,A,Open Short,1100.8,0.0435,0.014192,0.0,-0.6415,396
1784130338990,xyz:KR200,A,Open Short,1100.6,0.1091,0.035589,0.0,-0.685,396
1784130338990,xyz:KR200,A,Open Short,1100.3,0.0242,0.007891,0.0,-0.7941,396
1784130338990,xyz:KR200,A,Open Short,1098.5,4.1472,1.350308,0.0,-0.8183,396
1784136035632,xyz:KR200,A,Open Short,1092.7,0.0456,0.014768,0.0,-4.9655,397
1784136035632,xyz:KR200,A,Open Short,1092.7,0.0435,0.014087,0.0,-5.0111,397
1784136035632,xyz:KR200,A,Open Short,1092.7,0.1099,0.035593,0.0,-5.0546,397
1784136035632,xyz:KR200,A,Open Short,1092.6,0.0834,0.027008,0.0,-5.1645,397
1784136035632,xyz:KR200,A,Open Short,1091.7,0.3824,0.123736,0.0,-5.2479,397
1784136035632,xyz:KR200,A,Open Short,1091.7,0.0244,0.007894,0.0,-5.6303,397
1784136035632,xyz:KR200,A,Open Short,1090.5,0.8116,0.262328,0.0,-5.6547,397
1784136035632,xyz:KR200,A,Open Short,1090.4,1.1464,0.370509,0.0,-6.4663,397
1784136035632,xyz:KR200,A,Open Short,1088.6,1.8384,0.593179,0.0,-7.6127,397
1784136082474,xyz:NVDA,A,Open Short,209.07,11.759,1.441637,0.0,-81.438,398
1784136788030,xyz:KR200,A,Open Short,1104.0,0.1997,0.052647,0.0,-9.4511,395
1784136790186,xyz:KR200,A,Open Short,1104.0,0.4529,0.1194,0.0,-9.6508,395
1784136818023,xyz:KR200,A,Open Short,1104.0,0.1997,0.052647,0.0,-10.1037,395
1784136848043,xyz:KR200,A,Open Short,1104.0,0.1996,0.052621,0.0,-10.3034,395
1784136878031,xyz:KR200,A,Open Short,1104.0,0.1997,0.052647,0.0,-10.503,395
1784136902452,xyz:KR200,A,Open Short,1104.0,1.3173,0.347285,0.0,-10.7027,395
1784136998028,xyz:KR200,A,Open Short,1104.0,0.1997,0.052647,0.0,-12.02,395
1784137028046,xyz:KR200,A,Open Short,1104.0,0.1996,0.052621,0.0,-12.2197,395
1784137058052,xyz:KR200,A,Open Short,1104.0,0.1997,0.052647,0.0,-12.4193,395
1784137082006,xyz:KR200,A,Open Short,1104.0,0.0212,0.005589,0.0,-12.619,395
1784137088059,xyz:KR200,A,Open Short,1104.0,0.1997,0.052647,0.0,-12.6402,395
1784137148026,xyz:KR200,A,Open Short,1104.0,0.1997,0.052647,0.0,-12.8399,395
1784137178045,xyz:KR200,A,Open Short,1104.0,0.1997,0.052647,0.0,-13.0396,395
1784137208018,xyz:KR200,A,Open Short,1104.0,0.1996,0.052621,0.0,-13.2393,395
1784137238013,xyz:KR200,A,Open Short,1104.0,0.1997,0.052647,0.0,-13.4389,395
1784137268010,xyz:KR200,A,Open Short,1104.0,0.053,0.013972,0.0,-13.6386,395
1784145304719,xyz:NVDA,A,Open Short,212.44,4.899,0.550344,0.0,-93.197,393
1784145304851,xyz:NVDA,A,Open Short,212.44,6.638,0.745701,0.0,-98.096,393
1784180795577,xyz:EWT,A,Open Short,102.9,6.41,0.195501,0.0,0.0,399
1784180795577,xyz:EWT,A,Open Short,102.9,6.73,0.205261,0.0,-6.41,399
1784180795577,xyz:EWT,A,Open Short,102.84,34.46,1.050401,0.0,-13.14,399
1784189271864,xyz:SKHX,A,Open Short,1231.4,0.229,0.165358,0.0,0.0,400
1784189271864,xyz:SKHX,A,Open Short,1231.4,1.758,1.269438,0.0,-0.229,400
1784214262999,xyz:NVDA,A,Open Short,206.33,2.346,0.283846,0.0,-104.734,401
1784218849957,xyz:EWT,A,Open Short,99.974,48.93,1.449907,0.0,-47.6,402
1784220503354,xyz:EWT,A,Open Short,99.901,50.04,1.481716,0.0,-96.53,403
1784220503354,xyz:EWT,A,Open Short,99.9,3.52,0.104228,0.0,-146.57,403
1784220503354,xyz:EWT,A,Open Short,99.9,3.52,0.104228,0.0,-150.09,403
1784220503354,xyz:EWT,A,Open Short,99.884,40.9,1.210869,0.0,-153.61,403
1784220545443,xyz:SKHX,A,Open Short,1200.3,0.063,0.044342,0.0,-1.987,404
1784220545443,xyz:SKHX,A,Open Short,1200.2,0.246,0.173133,0.0,-2.05,404
1784220545443,xyz:SKHX,A,Open Short,1200.2,0.307,0.216065,0.0,-2.296,404
1784220545443,xyz:SKHX,A,Open Short,1200.1,0.244,0.171712,0.0,-2.603,404
1784220545443,xyz:SKHX,A,Open Short,1200.1,0.244,0.171712,0.0,-2.847,404
1784220545443,xyz:SKHX,A,Open Short,1200.1,0.063,0.044335,0.0,-3.091,404
1784220545443,xyz:SKHX,A,Open Short,1200.1,0.869,0.611548,0.0,-3.154,404
1784221267888,xyz:KR200,A,Open Short,1056.8,0.0471,0.014752,0.0,-13.6916,405
1784221267888,xyz:KR200,A,Open Short,1056.0,0.1137,0.035587,0.0,-13.7387,405
1784221267888,xyz:KR200,A,Open Short,1055.5,1.1843,0.370508,0.0,-13.8524,405
1784221267888,xyz:KR200,A,Open Short,1055.1,0.0243,0.007599,0.0,-15.0367,405
1784221267888,xyz:KR200,A,Open Short,1054.8,0.0984,0.030763,0.0,-15.061,405
1784221267888,xyz:KR200,A,Open Short,1054.1,0.3937,0.123004,0.0,-15.1594,405
1784221267888,xyz:KR200,A,Open Short,1053.0,1.5748,0.491509,0.0,-15.5531,405
1784221267888,xyz:KR200,A,Open Short,1051.0,0.0802,0.024982,0.0,-17.1279,405
1784221267888,xyz:KR200,A,Open Short,1050.4,1.6729,0.520837,0.0,-17.2081,405
1784221267888,xyz:KR200,A,Open Short,1050.2,3.8211,1.189429,0.0,-18.881,405
1784221267888,xyz:KR200,A,Open Short,1050.0,0.0932,0.029005,0.0,-22.7021,405
1784221267888,xyz:KR200,A,Open Short,1050.0,0.1562,0.048612,0.0,-22.7953,405
1784221355311,xyz:BE,B,Open Long,210.33,0.52,0.064134,0.0,9.93,406
1784221355311,xyz:BE,B,Open Long,210.34,1.79,0.220784,0.0,10.45,406
1784231210595,xyz:CRCL,B,Open Long,60.5,40.512,1.296076,0.0,1136.885,385
1784253260533,xyz:CRCL,B,Open Long,60.0,40.849,1.296057,0.0,1177.397,386
1784256377153,xyz:CRCL,B,Open Long,59.5,32.954,1.03685,0.0,1218.246,387
1784265694273,xyz:EWT,A,Open Short,95.578,18.22,0.516159,0.0,-194.51,408
1784265694273,xyz:EWT,A,Open Short,95.577,7.38,0.209067,0.0,-212.73,408
1784265896457,xyz:EWT,A,Open Short,95.431,11.53,0.326134,0.0,-220.11,409
1784265896457,xyz:EWT,A,Open Short,95.43,0.63,0.017819,0.0,-231.64,409
1784265896457,xyz:EWT,A,Open Short,95.421,10.82,0.306019,0.0,-232.27,409
1784265896457,xyz:EWT,A,Open Short,95.411,1.93,0.054579,0.0,-243.09,409
1784265896457,xyz:EWT,A,Open Short,95.411,1.93,0.054579,0.0,-245.02,409
1784265896457,xyz:EWT,A,Open Short,95.253,24.28,0.685495,0.0,-246.95,409
1784265937847,xyz:EWT,A,Open Short,95.273,0.51,0.014401,0.0,-271.23,410
1784265937847,xyz:EWT,A,Open Short,95.272,50.61,1.429156,0.0,-271.74,410
1784265983472,xyz:KR200,A,Open Short,1020.8,0.0488,0.014765,0.0,-22.9515,411
1784265983472,xyz:KR200,A,Open Short,1020.7,0.0485,0.014672,0.0,-23.0003,411
1784265983472,xyz:KR200,A,Open Short,1020.7,0.0728,0.022024,0.0,-23.0488,411
1784265983472,xyz:KR200,A,Open Short,1020.3,0.0834,0.025221,0.0,-23.1216,411
1784265983472,xyz:KR200,A,Open Short,1020.2,1.2252,0.370484,0.0,-23.205,411
1784265983472,xyz:KR200,A,Open Short,1020.0,0.1441,0.043565,0.0,-24.4302,411
1784265983472,xyz:KR200,A,Open Short,1020.0,1.9448,0.587967,0.0,-24.5743,411
1784265983472,xyz:KR200,A,Open Short,1020.0,0.02,0.006046,0.0,-26.5191,411
1784265983472,xyz:KR200,A,Open Short,1019.2,0.0213,0.006433,0.0,-26.5391,411
1784265983472,xyz:KR200,A,Open Short,1019.0,0.1,0.030203,0.0,-26.5604,411
1784265983472,xyz:KR200,A,Open Short,1019.0,0.0147,0.004439,0.0,-26.6604,411
1784265983472,xyz:KR200,A,Open Short,1019.0,1.0661,0.321995,0.0,-26.6751,411
1784266021347,xyz:SMSN,A,Open Short,157.32,0.636,0.058671,0.0,-4.712,412
1784266021347,xyz:SMSN,A,Open Short,157.31,0.636,0.058668,0.0,-5.348,412
1784266021347,xyz:SMSN,A,Open Short,157.3,0.636,0.058664,0.0,-5.984,412
1784266021347,xyz:SMSN,A,Open Short,157.29,3.128,0.28851,0.0,-6.62,412
1784266021347,xyz:SMSN,A,Open Short,157.29,0.953,0.087899,0.0,-9.748,412
1784266021347,xyz:SMSN,A,Open Short,157.28,4.815,0.444081,0.0,-10.701,412
1784266021347,xyz:SMSN,A,Open Short,157.27,1.429,0.131786,0.0,-15.516,412
1784266021347,xyz:SMSN,A,Open Short,157.27,1.906,0.175776,0.0,-16.945,412
1784266021347,xyz:SMSN,A,Open Short,157.26,4.523,0.417098,0.0,-18.851,412
1784266522827,xyz:TSM,A,Open Short,397.69,2.507,0.584645,0.0,0.0,413
1784266522827,xyz:TSM,A,Open Short,397.69,1.257,0.293139,0.0,-2.507,413
1784266522827,xyz:TSM,A,Open Short,397.68,1.52,0.354462,0.0,-3.764,413
1784266522827,xyz:TSM,A,Open Short,397.67,6.455,1.505264,0.0,-5.284,413
1784266522827,xyz:TSM,A,Open Short,397.66,0.536,0.124987,0.0,-11.739,413
1784266811510,xyz:SP500,A,Open Short,7459.3,0.656,1.450374,0.0,-0.121,414
1784266846910,xyz:BE,B,Open Long,196.54,2.47,0.284669,0.0,12.24,415
1784266863376,xyz:CRCL,B,Open Long,59.0,8.973,0.279949,0.0,1251.2,388
1784266863376,xyz:CRCL,B,Open Long,59.0,13.67,0.426493,0.0,1260.173,388
1784266863376,xyz:CRCL,B,Open Long,59.0,10.59,0.330399,0.0,1273.843,388
1784269984790,xyz:CRCL,B,Open Long,59.555,8.396,0.293213,0.0,1284.433,416
1784269984790,xyz:CRCL,B,Open Long,59.555,5.028,0.175592,0.0,1292.829,416
1784269984790,xyz:CRCL,B,Open Long,59.556,27.877,0.973565,0.0,1297.857,416
1784270261489,xyz:KR200,B,Close Short,1017.3,0.1051,0.031689,5.556637,-27.7412,417
1784270261489,xyz:KR200,B,Close Short,1017.4,0.4043,0.121919,21.334911,-27.6361,417
1784270261489,xyz:KR200,B,Close Short,1018.4,1.2274,0.370494,63.542498,-27.2318,417
1784270261489,xyz:KR200,B,Close Short,1018.5,1.6363,0.493971,84.547621,-26.0044,417
1784270261489,xyz:KR200,B,Close Short,1019.4,0.0244,0.007372,1.238788,-24.3681,417
1784270261489,xyz:KR200,B,Close Short,1020.0,0.05,0.015116,2.5085,-24.3437,417
1784270261489,xyz:KR200,B,Close Short,1020.3,4.9005,1.481993,244.387935,-24.2937,417
1784270261489,xyz:KR200,B,Close Short,1021.1,4.1236,1.248023,202.345052,-19.3932,417
1784270261489,xyz:KR200,B,Close Short,1022.1,0.3004,0.091006,14.440228,-15.2696,417
1784270261489,xyz:KR200,B,Close Short,1022.3,0.0487,0.014756,2.331269,-14.9692,417
1784270261489,xyz:KR200,B,Close Short,1023.4,1.0499,0.318472,49.103823,-14.9205,417
1784270271377,xyz:EWT,B,Close Short,95.855,13.4,0.380712,36.0594,-322.35,418
1784270271377,xyz:EWT,B,Close Short,95.881,13.0,0.369448,34.645,-308.95,418
1784270271377,xyz:EWT,B,Close Short,95.943,52.11,1.481877,135.64233,-295.95,418
1784270271377,xyz:EWT,B,Close Short,95.966,19.67,0.559499,50.7486,-243.84,418
1784270271377,xyz:EWT,B,Close Short,96.107,9.57,0.272611,23.34123,-224.17,418
1784270271377,xyz:EWT,B,Close Short,96.129,1.91,0.05442,4.61647,-214.6,418
1784270271377,xyz:EWT,B,Close Short,96.129,1.91,0.05442,4.61647,-212.69,418
1784270271377,xyz:EWT,B,Close Short,96.135,1.91,0.054423,4.60501,-210.78,418
1784270271377,xyz:EWT,B,Close Short,96.135,1.91,0.054423,4.60501,-208.87,418
1784270271377,xyz:EWT,B,Close Short,96.164,45.78,1.304867,109.04796,-206.96,418
1784278791683,xyz:BE,B,Open Long,197.47,2.47,0.286016,0.0,14.71,420
1784279170694,xyz:EWT,B,Close Short,94.229,10.86,0.303313,46.88262,-161.18,407
1784279170694,xyz:EWT,B,Close Short,94.229,7.58,0.211704,32.72286,-150.32,407
1784279170694,xyz:EWT,B,Close Short,94.23,43.4,1.212151,187.3144,-142.74,407
1784279170694,xyz:EWT,B,Close Short,94.259,9.1,0.254238,39.0117,-99.34,407
1784279170694,xyz:EWT,B,Close Short,94.296,10.07,0.281449,42.7975,-90.24,407
1784279170694,xyz:EWT,B,Close Short,94.416,52.95,1.481799,218.6835,-80.17,407
1784279170694,xyz:EWT,B,Close Short,94.429,1.98,0.055417,8.15166,-27.22,407
1784279170694,xyz:EWT,B,Close Short,94.429,1.98,0.055417,8.15166,-25.24,407
1784279170694,xyz:EWT,B,Close Short,94.463,1.98,0.055436,8.08434,-23.26,407
1784279170694,xyz:EWT,B,Close Short,94.463,1.98,0.055436,8.08434,-21.28,407
1784279170694,xyz:EWT,B,Close Short,94.49,3.15,0.088221,12.7764,-19.3,407
1784279170694,xyz:EWT,B,Close Short,94.514,10.07,0.282099,40.60224,-16.15,407
1784279170694,xyz:EWT,B,Close Short,94.548,1.97,0.055206,7.87606,-6.08,407
1784279170694,xyz:EWT,B,Close Short,94.548,1.97,0.055206,7.87606,-4.11,407
1784279170694,xyz:EWT,B,Close Short,94.635,2.14,0.060025,8.36954,-2.14,407
1784283715371,xyz:EWT,A,Open Short,95.608,1.93,0.054691,0.0,0.0,421
1784283715371,xyz:EWT,A,Open Short,95.608,1.93,0.054691,0.0,-1.93,421
1784283715371,xyz:EWT,A,Open Short,95.597,11.61,0.328968,0.0,-3.86,421
1784283715371,xyz:EWT,A,Open Short,95.597,18.22,0.516262,0.0,-15.47,421
1784283715371,xyz:EWT,A,Open Short,95.583,8.07,0.228629,0.0,-33.69,421
1784283715371,xyz:EWT,A,Open Short,95.492,9.5,0.268885,0.0,-41.76,421
1784283778299,xyz:BE,B,Open Long,206.07,4.71,0.569152,0.0,17.18,422
1784283797010,xyz:BE,B,Open Long,206.02,0.14,0.016913,0.0,21.89,423
1784283797010,xyz:BE,B,Open Long,206.03,1.25,0.151019,0.0,22.03,423
1784283797010,xyz:BE,B,Open Long,206.03,1.25,0.151019,0.0,23.28,423
1784283797010,xyz:BE,B,Open Long,206.05,1.25,0.151034,0.0,24.53,423
1784283797010,xyz:BE,B,Open Long,206.05,0.82,0.099078,0.0,25.78,423
1784283831218,xyz:CRCL,B,Open Long,60.256,8.298,0.293202,0.0,1325.734,424
1784283831218,xyz:CRCL,B,Open Long,60.257,12.785,0.451753,0.0,1334.032,424
1784283831218,xyz:CRCL,B,Open Long,60.257,16.538,0.584365,0.0,1346.817,424
1784283831218,xyz:CRCL,B,Open Long,60.264,8.297,0.293205,0.0,1363.355,424
1784283831218,xyz:CRCL,B,Open Long,60.265,3.416,0.120718,0.0,1371.652,424
1784283831218,xyz:CRCL,B,Open Long,60.266,8.297,0.293215,0.0,1375.068,424
1784283831218,xyz:CRCL,B,Open Long,60.267,23.409,0.827287,0.0,1383.365,424
1784305137525,xyz:AMD,B,Close Short,501.68,2.841,0.835779,107.648331,-5.682,425
1784305179397,xyz:NVDA,B,Close Short,205.15,4.874,0.586341,1.710774,-107.08,426
1784305179397,xyz:NVDA,B,Close Short,205.15,15.514,1.866333,5.445414,-102.206,426
1784305179397,xyz:NVDA,B,Close Short,205.15,7.404,0.8907,2.598804,-86.692,426
1784305179397,xyz:NVDA,B,Close Short,205.15,52.518,6.317912,18.433818,-79.288,426
1784306281803,xyz:CXMT,B,Open Long,7.1644,10.7,0.044952,0.0,0.0,427
1784306281803,xyz:CXMT,B,Open Long,7.1669,1.6,0.006723,0.0,10.7,427
1784306281803,xyz:CXMT,B,Open Long,7.1716,32.9,0.138357,0.0,12.3,427
1784306281803,xyz:CXMT,B,Open Long,7.1721,1.6,0.006728,0.0,45.2,427
1784306281803,xyz:CXMT,B,Open Long,7.1826,72.5,0.30536,0.0,46.8,427
1784306281803,xyz:CXMT,B,Open Long,7.1883,1.9,0.008008,0.0,119.3,427
1784306281803,xyz:CXMT,B,Open Long,7.1887,16.8,0.070819,0.0,121.2,427
1784308210745,xyz:KR200,B,Close Short,1068.7,0.0949,0.03006,0.139503,-13.8706,419
1784308210745,xyz:KR200,B,Close Short,1069.2,0.3915,0.12407,0.379755,-13.7757,419
1784308210745,xyz:KR200,B,Close Short,1069.4,1.1689,0.370505,0.900053,-13.3842,419
1784308210745,xyz:KR200,B,Close Short,1069.4,1.5603,0.494567,1.201431,-12.2153,419
1784308210745,xyz:KR200,B,Close Short,1070.0,0.1,0.031714,0.017,-10.655,419
1784308210745,xyz:KR200,B,Close Short,1070.5,0.1401,0.044453,-0.046233,-10.555,419
1784308210745,xyz:KR200,B,Close Short,1072.1,3.9007,1.239526,-7.528351,-10.4149,419
1784308210745,xyz:KR200,B,Close Short,1072.3,0.9325,0.296376,-1.986225,-6.5142,419
1784308210745,xyz:KR200,B,Close Short,1074.4,5.5817,1.777503,-23.610591,-5.5817,419
1784334141529,xyz:XYZ100,A,Open Short,28529.0,0.0868,0.733979,0.0,-0.0163,428
1784334141529,xyz:XYZ100,A,Open Short,28529.0,0.2125,1.796898,0.0,-0.1031,428
1784334141529,xyz:XYZ100,A,Open Short,28529.0,0.001,0.008455,0.0,-0.3156,428
1784334141529,xyz:XYZ100,A,Open Short,28528.0,0.0434,0.366977,0.0,-0.3166,428
1784355997410,xyz:NBIS,B,Open Long,176.64,0.01,0.001035,0.0,0.0,429
1784355997410,xyz:NBIS,B,Open Long,176.65,1.13,0.117053,0.0,0.01,429
1784355997410,xyz:NBIS,B,Open Long,176.65,1.13,0.117053,0.0,1.14,429
1784355997410,xyz:NBIS,B,Open Long,176.67,1.13,0.117066,0.0,2.27,429
1784355997410,xyz:NBIS,B,Open Long,176.67,1.13,0.117066,0.0,3.4,429
1784355997410,xyz:NBIS,B,Open Long,176.67,0.84,0.087023,0.0,4.53,429
1784355997410,xyz:NBIS,B,Open Long,176.67,5.73,0.593623,0.0,5.37,429
1784356363119,xyz:MRVL,B,Open Long,184.84,10.59,1.147851,0.0,0.0,430
1784356392365,xyz:ORCL,B,Open Long,126.37,1.225,0.090776,0.0,0.0,431
1784356392365,xyz:ORCL,B,Open Long,126.38,12.252,0.907985,0.0,1.225,431
1784356392365,xyz:ORCL,B,Open Long,126.38,0.094,0.006965,0.0,13.477,431
1784356392365,xyz:ORCL,B,Open Long,126.38,5.825,0.431685,0.0,13.571,431
1784359727926,xyz:EWT,A,Open Short,98.431,1.81,0.052806,0.0,-51.26,432
1784359727926,xyz:EWT,A,Open Short,98.431,1.81,0.052806,0.0,-53.07,432
1784359727926,xyz:EWT,A,Open Short,98.424,1.02,0.029755,0.0,-54.88,432
1784359727926,xyz:EWT,A,Open Short,98.424,1.03,0.030047,0.0,-55.9,432
1784359727926,xyz:EWT,A,Open Short,98.388,2.83,0.082528,0.0,-56.93,432
1784359727926,xyz:EWT,A,Open Short,98.388,10.14,0.295704,0.0,-59.76,432
1784359727926,xyz:EWT,A,Open Short,98.379,0.26,0.00758,0.0,-69.9,432
1784359727926,xyz:EWT,A,Open Short,98.274,9.31,0.271185,0.0,-70.16,432
1784359727926,xyz:EWT,A,Open Short,98.243,13.11,0.381752,0.0,-79.47,432
1784359727926,xyz:EWT,A,Open Short,98.242,0.32,0.009317,0.0,-92.58,432
1784359727926,xyz:EWT,A,Open Short,97.976,0.41,0.011905,0.0,-92.9,432
1784359727926,xyz:EWT,A,Open Short,97.899,1.03,0.029887,0.0,-93.31,432
1784359727926,xyz:EWT,A,Open Short,97.841,6.66,0.19314,0.0,-94.34,432
1784380958904,xyz:SMH,A,Open Short,550.15,0.11,0.017936,0.0,-1.711,433
1784380958904,xyz:SMH,A,Open Short,550.12,4.544,0.740923,0.0,-1.821,433
1784380958904,xyz:SMH,A,Open Short,549.37,0.02,0.003256,0.0,-6.365,433
1784380958904,xyz:SMH,A,Open Short,548.81,0.945,0.15372,0.0,-6.385,433
1784380958904,xyz:SMH,A,Open Short,548.61,2.798,0.454976,0.0,-7.33,433
1784380958904,xyz:SMH,A,Open Short,547.89,7.278,1.181907,0.0,-10.128,433
1784380958904,xyz:SMH,A,Open Short,547.47,2.101,0.340929,0.0,-17.406,433
1784387785488,xyz:EWZ,B,Open Long,35.298,55.59,0.5816,0.0,0.0,434
1784387839077,xyz:EWY,A,Open Short,162.2,3.083,0.148218,0.0,0.0,435
1784387839077,xyz:EWY,A,Open Short,162.19,3.083,0.148208,0.0,-3.083,435
1784387839077,xyz:EWY,A,Open Short,162.19,7.448,0.358048,0.0,-6.166,435
1784387839077,xyz:EWY,A,Open Short,162.19,6.255,0.300696,0.0,-13.614,435
1784387839077,xyz:EWY,A,Open Short,162.18,3.083,0.1482,0.0,-19.869,435
1784387839077,xyz:EWY,A,Open Short,162.18,7.252,0.348604,0.0,-22.952,435
1784392467605,xyz:META,B,Open Long,637.73,0.025,0.009348,0.0,0.0,436
1784392467605,xyz:META,B,Open Long,637.87,1.659,0.620543,0.0,0.025,436
1784392467605,xyz:META,B,Open Long,637.88,2.159,0.807579,0.0,1.684,436
1784392624734,xyz:NVDA,B,Close Short,202.08,2.474,0.293167,8.463554,-26.77,437
1784392624734,xyz:NVDA,B,Close Short,202.08,0.682,0.080816,2.333122,-24.296,437
1784392624734,xyz:NVDA,B,Close Short,202.09,1.846,0.218761,6.296706,-23.614,437
1784392624734,xyz:NVDA,B,Close Short,202.09,11.103,1.315766,37.872333,-21.768,437
1784392624734,xyz:NVDA,B,Close Short,202.09,3.972,0.470703,13.548492,-10.665,437
1784478627412,xyz:ORCL,A,Close Long,126.97,7.088,0.527737,4.189008,19.396,438
1784478627412,xyz:ORCL,A,Close Long,126.96,12.308,0.916321,7.150948,12.308,438
1784478637981,xyz:NBIS,A,Close Long,176.38,7.59,0.785027,-2.169981,11.1,439
1784478637981,xyz:NBIS,A,Close Long,176.37,1.01,0.104456,-0.298859,3.51,439
1784478637981,xyz:NBIS,A,Close Long,176.35,1.13,0.116854,-0.356967,2.5,439
1784478637981,xyz:NBIS,A,Close Long,176.35,1.13,0.116854,-0.356967,1.37,439
1784478637981,xyz:NBIS,A,Close Long,176.35,0.24,0.024818,-0.075816,0.24,439
1784482261661,xyz:SPCX,A,Open Short,127.53,1.54,0.115166,0.0,0.0,440
1784482261661,xyz:SPCX,A,Open Short,127.53,0.89,0.066556,0.0,-1.54,440
1784482261661,xyz:SPCX,A,Open Short,127.53,9.36,0.699974,0.0,-2.43,440
1784482261661,xyz:SPCX,A,Open Short,127.53,3.57,0.266977,0.0,-11.79,440
1784482297214,xyz:EWT,A,Open Short,98.39,9.49,0.276754,0.0,-101.0,441
1784482297214,xyz:EWT,A,Open Short,98.389,0.11,0.003207,0.0,-110.49,441
1784482297214,xyz:EWT,A,Open Short,98.38,3.04,0.088645,0.0,-110.6,441
1784482297214,xyz:EWT,A,Open Short,98.348,1.05,0.030607,0.0,-113.64,441
1784482297214,xyz:EWT,A,Open Short,98.339,0.88,0.025649,0.0,-114.69,441
1784482297214,xyz:EWT,A,Open Short,98.339,0.88,0.025649,0.0,-115.57,441
1784482297214,xyz:EWT,A,Open Short,98.259,1.05,0.03058,0.0,-116.45,441
1784482297214,xyz:EWT,A,Open Short,98.22,8.37,0.24367,0.0,-117.5,441
1784482371689,xyz:MRVL,A,Close Long,186.17,1.78,0.194322,2.3674,10.59,442
1784482371689,xyz:MRVL,A,Close Long,186.17,8.81,0.961787,11.7173,8.81,442
1784482834580,xyz:EWT,A,Open Short,99.5,6.64,0.157769,0.0,-125.87,443
1784486000871,xyz:HIMS,B,Open Long,32.349,15.15,0.259157,0.0,68.52,446
1784547195482,xyz:SMH,A,Open Short,570.0,0.311,0.042331,0.0,-19.507,447
1784547195482,xyz:SMH,A,Open Short,570.0,0.06,0.008166,0.0,-19.818,447
1784547195811,xyz:SMH,A,Open Short,570.0,0.03,0.004083,0.0,-19.878,447
1784547195811,xyz:SMH,A,Open Short,570.0,0.05,0.006805,0.0,-19.908,447
1784547196282,xyz:SMH,A,Open Short,570.0,0.15,0.020417,0.0,-19.958,447
1784547197088,xyz:SMH,A,Open Short,570.0,3.698,0.503356,0.0,-20.108,447
1784549398749,xyz:META,A,Close Long,647.17,0.773,0.293353,7.185808,3.843,449
1784549398749,xyz:META,A,Close Long,647.16,3.07,1.165047,28.50802,3.07,449
1784557941330,xyz:GOOGL,A,Close Long,358.74,6.802,1.430902,-10.74716,6.802,450
1784560469994,xyz:BE,B,Open Long,196.54,1.9,0.218977,0.0,26.6,451
1784560469994,xyz:BE,B,Open Long,196.55,0.91,0.104883,0.0,28.5,451
1784560469994,xyz:BE,B,Open Long,196.55,0.91,0.104883,0.0,29.41,451
1784560469994,xyz:BE,B,Open Long,196.56,6.19,0.713476,0.0,30.32,451
1784563118711,xyz:BE,B,Open Long,204.98,1.26,0.151451,0.0,36.51,453
1784563118711,xyz:BE,B,Open Long,204.98,1.26,0.151451,0.0,37.77,453
1784563118711,xyz:BE,B,Open Long,204.99,2.0,0.240412,0.0,39.03,453
1784563118711,xyz:BE,B,Open Long,205.1,0.28,0.033675,0.0,41.03,453
1784563429179,xyz:CRCL,A,Close Long,65.046,24.525,0.935455,39.68145,1406.774,454
1784563429179,xyz:CRCL,A,Close Long,65.041,2.922,0.111444,4.713186,1382.249,454
1784563429179,xyz:CRCL,A,Close Long,65.041,2.922,0.111444,4.713186,1379.327,454
1784563429179,xyz:CRCL,A,Close Long,65.04,217.481,8.294606,350.579372,1376.405,454
1784563429179,xyz:CRCL,A,Close Long,65.036,2.922,0.111436,4.698576,1158.924,454
1784563429179,xyz:CRCL,A,Close Long,65.036,2.922,0.111436,4.698576,1156.002,454
1784563429179,xyz:CRCL,A,Close Long,65.031,61.093,2.32973,97.932079,1153.08,454
1784563429179,xyz:CRCL,A,Close Long,65.03,24.525,0.935225,39.28905,1091.987,454
1784563429179,xyz:CRCL,A,Close Long,65.029,2.922,0.111424,4.678122,1067.462,454
1784563429179,xyz:CRCL,A,Close Long,65.029,2.923,0.111461,4.679723,1064.54,454
1784563429179,xyz:CRCL,A,Close Long,65.029,169.43,6.460874,271.25743,1061.617,454
1784563429179,xyz:CRCL,A,Close Long,65.029,2.923,0.111461,4.679723,892.187,454
1784563429179,xyz:CRCL,A,Close Long,65.026,78.229,2.982968,125.009942,889.264,454
1784563429179,xyz:CRCL,A,Close Long,65.024,107.648,4.104625,171.806208,811.035,454
1784591703530,xyz:SPCX,B,Close Short,120.4,11.52,0.813341,82.1376,-15.36,455
1784593694379,xyz:SMH,B,Close Short,557.22,0.938,0.154919,-0.627522,-23.806,458
1784593694379,xyz:SMH,B,Close Short,557.23,4.855,0.801865,-3.296545,-22.868,458
1784593694379,xyz:SMH,B,Close Short,557.96,4.094,0.677062,-5.768446,-18.013,458
1784593694379,xyz:SMH,B,Close Short,558.5,0.179,0.029631,-0.348871,-13.919,458
1784593694379,xyz:SMH,B,Close Short,558.51,1.837,0.3041,-3.598683,-13.74,458
1784593723585,xyz:SMH,B,Close Short,557.91,0.054,0.008928,-0.073386,-11.903,459
1784593723585,xyz:SMH,B,Close Short,557.92,2.921,0.483037,-3.998849,-11.849,459
1784595565898,xyz:TSLA,B,Close Short,371.38,1.346,0.293127,53.090278,-1.587,469
1784595565898,xyz:TSLA,B,Close Short,371.38,0.241,0.052484,9.505763,-0.241,469
1784595614900,xyz:TSLA,A,Open Short,371.34,1.318,0.286999,0.0,0.0,470
1784595756903,xyz:SP500,B,Close Short,7450.5,0.002,0.004416,0.025668,-0.777,471
1784595756903,xyz:SP500,B,Close Short,7450.5,0.033,0.072873,0.423522,-0.775,471
1784595756903,xyz:SP500,B,Close Short,7450.8,0.742,1.638644,9.300228,-0.742,471
1784595817804,xyz:SP500,A,Open Short,7450.4,0.065,0.143538,0.0,0.0,476
1784595877004,xyz:XYZ100,B,Close Short,28683.0,0.0404,0.343465,-5.041112,-0.36,477
1784595877004,xyz:XYZ100,B,Close Short,28684.0,0.1396,1.18687,-17.558888,-0.3196,477
1784595901219,xyz:EWT,A,Open Short,97.0,25.26,0.585112,0.0,-132.51,456
1784596007407,xyz:BE,B,Open Long,201.98,2.44,0.288995,0.0,41.31,485
1784605570097,xyz:EWT,A,Open Short,99.0,24.75,0.585119,0.0,-157.77,457
1784613060968,xyz:EWT,A,Open Short,99.5,10.04,0.238555,0.0,-182.52,443
1784613659230,xyz:EWT,A,Open Short,99.5,1.78,0.042293,0.0,-192.56,443
1784613659230,xyz:EWT,A,Open Short,99.5,6.17,0.146602,0.0,-194.34,443
1784617633146,xyz:AMAT,A,Open Short,550.0,0.09,0.026175,0.0,-1.581,463
1784617634556,xyz:AMAT,A,Open Short,550.0,0.09,0.026175,0.0,-1.671,463
1784617638309,xyz:AMAT,A,Open Short,550.0,0.09,0.026175,0.0,-1.761,463
1784617640731,xyz:AMAT,A,Open Short,550.0,0.09,0.026175,0.0,-1.851,463
1784617641737,xyz:AMAT,A,Open Short,550.0,0.09,0.026175,0.0,-1.941,463
1784620153804,xyz:AMAT,A,Open Short,550.0,0.09,0.026175,0.0,-2.031,463
1784620427467,xyz:AMAT,A,Open Short,550.0,0.09,0.026175,0.0,-2.121,463
1784620797744,xyz:AMAT,A,Open Short,550.0,0.09,0.026175,0.0,-2.211,463
1784620798816,xyz:AMAT,A,Open Short,550.0,0.09,0.026175,0.0,-2.301,463
1784620800506,xyz:AMAT,A,Open Short,550.0,0.09,0.026175,0.0,-2.391,463
1784620860813,xyz:AMAT,A,Open Short,550.0,0.35,0.101793,0.0,-2.481,463
1784620860813,xyz:AMAT,A,Open Short,550.0,0.35,0.101793,0.0,-2.831,463
1784620860813,xyz:AMAT,A,Open Short,550.0,0.182,0.052932,0.0,-3.181,463
1784620919936,xyz:BE,B,Open Long,207.18,2.37,0.287931,0.0,43.75,486
1784620946939,xyz:EWT,A,Open Short,99.584,11.76,0.347115,0.0,-200.51,487
1784620946939,xyz:EWT,A,Open Short,99.584,12.57,0.371024,0.0,-212.27,487
1784620946939,xyz:EWT,A,Open Short,99.584,0.2,0.005902,0.0,-224.84,487
1784621079059,xyz:SMSN,A,Open Short,176.76,0.566,0.058666,0.0,-23.374,488
1784621079059,xyz:SMSN,A,Open Short,176.75,1.129,0.117016,0.0,-23.94,488
1784621079059,xyz:SMSN,A,Open Short,176.75,1.129,0.117016,0.0,-25.069,488
1784621079059,xyz:SMSN,A,Open Short,176.75,0.566,0.058663,0.0,-26.198,488
1784621079059,xyz:SMSN,A,Open Short,176.74,1.129,0.117009,0.0,-26.764,488
1784621079059,xyz:SMSN,A,Open Short,176.74,1.129,0.117009,0.0,-27.893,488
1784621079059,xyz:SMSN,A,Open Short,176.73,0.848,0.087881,0.0,-29.022,488
1784621079059,xyz:SMSN,A,Open Short,176.73,5.925,0.614033,0.0,-29.87,488
1784621079059,xyz:SMSN,A,Open Short,176.73,0.566,0.058656,0.0,-35.795,488
1784621079059,xyz:SMSN,A,Open Short,176.73,0.922,0.09555,0.0,-36.361,488
1784621093760,xyz:MU,A,Open Short,920.0,2.131,1.036722,0.0,0.0,460
1784621107227,xyz:SKHX,A,Open Short,1261.5,0.778,0.57552,0.0,-4.023,489
1784621107227,xyz:SKHX,A,Open Short,1261.5,0.782,0.578478,0.0,-4.801,489
1784621150693,xyz:SMH,A,Open Short,573.01,4.275,0.726065,0.0,-8.928,491
1784621183588,xyz:XYZ100,A,Open Short,28949.0,0.0677,0.580897,0.0,-0.18,492
1784621224814,xyz:KR200,A,Open Short,1078.9,1.8166,0.580922,0.0,0.0,493
1784624867097,xyz:XYZ100,A,Open Short,29000.0,0.0337,0.233379,0.0,-0.2477,478
1784630764213,xyz:COIN,B,Open Long,166.72,8.819,0.862185,0.0,2.252,494
1784640450636,xyz:AMAT,A,Open Short,560.0,1.75,0.518223,0.0,-3.363,464
1784645041949,xyz:EWT,A,Open Short,100.32,24.51,0.728801,0.0,-225.04,495
1784645253497,xyz:SMSN,A,Open Short,180.85,2.954,0.313272,0.0,-37.283,496
1784645253497,xyz:SMSN,A,Open Short,180.85,0.553,0.058645,0.0,-40.237,496
1784645253497,xyz:SMSN,A,Open Short,180.84,2.954,0.313254,0.0,-40.79,496
1784645253497,xyz:SMSN,A,Open Short,180.84,0.553,0.058642,0.0,-43.744,496
1784645253497,xyz:SMSN,A,Open Short,180.84,0.553,0.058642,0.0,-44.297,496
1784645253497,xyz:SMSN,A,Open Short,180.83,1.081,0.114627,0.0,-44.85,496
1784645253497,xyz:SMSN,A,Open Short,180.83,2.954,0.313237,0.0,-45.931,496
1784645253497,xyz:SMSN,A,Open Short,180.83,0.829,0.087906,0.0,-48.885,496
1784645253497,xyz:SMSN,A,Open Short,180.83,1.152,0.122156,0.0,-49.714,496
1784647303170,xyz:SP500,A,Open Short,7500.0,0.13,0.232829,0.0,-0.065,472
1784647671542,xyz:AMAT,A,Open Short,570.0,0.14,0.042198,0.0,-5.113,465
1784647671542,xyz:AMAT,A,Open Short,570.0,0.14,0.042198,0.0,-5.253,465
1784647671542,xyz:AMAT,A,Open Short,570.0,0.14,0.042198,0.0,-5.393,465
1784647671542,xyz:AMAT,A,Open Short,570.0,0.28,0.084396,0.0,-5.533,465
1784647671542,xyz:AMAT,A,Open Short,570.0,0.28,0.084396,0.0,-5.813,465
1784647671542,xyz:AMAT,A,Open Short,570.0,0.28,0.084396,0.0,-6.093,465
1784647671542,xyz:AMAT,A,Open Short,570.0,0.14,0.042198,0.0,-6.373,465
1784647671542,xyz:AMAT,A,Open Short,570.0,0.07,0.021099,0.0,-6.513,465
1784647671542,xyz:AMAT,A,Open Short,570.0,0.07,0.021099,0.0,-6.583,465
1784647671542,xyz:AMAT,A,Open Short,570.0,0.179,0.053953,0.0,-6.653,465
1784648886369,xyz:KR200,A,Open Short,1107.9,0.0451,0.014809,0.0,-1.8166,497
1784648886369,xyz:KR200,A,Open Short,1107.9,0.1084,0.035596,0.0,-1.8617,497
1784648886369,xyz:KR200,A,Open Short,1107.8,0.0945,0.031028,0.0,-1.9701,497
1784648886369,xyz:KR200,A,Open Short,1105.8,0.378,0.123892,0.0,-2.0646,497
1784648886369,xyz:KR200,A,Open Short,1105.5,1.1307,0.370496,0.0,-2.4426,497
1784648886369,xyz:KR200,A,Open Short,1105.4,0.0083,0.002718,0.0,-3.5733,497
1784649814129,xyz:MU,A,Open Short,960.0,1.935,0.982298,0.0,-2.131,461
1784649814657,xyz:MU,A,Open Short,960.0,0.106,0.05381,0.0,-4.066,461
1784655966836,xyz:KR200,A,Open Short,1115.6,0.0155,0.005125,0.0,-3.5816,498
1784655966836,xyz:KR200,A,Open Short,1115.3,0.1076,0.035569,0.0,-3.5971,498
1784655966836,xyz:KR200,A,Open Short,1115.0,0.7551,0.249549,0.0,-3.7047,498
1784655997732,xyz:XYZ100,A,Open Short,29184.0,0.084,0.72661,0.0,-0.2814,499
1784656205761,xyz:XYZ100,A,Open Short,29200.0,0.0335,0.233594,0.0,-0.3654,479
1784660734824,xyz:BE,A,Close Long,225.32,34.58,4.568973,544.327238,46.12,500
1784660744111,xyz:BE,A,Close Long,225.32,8.65,1.142904,136.160515,11.54,501
1784660762695,xyz:COIN,B,Open Long,176.33,11.367,1.175346,0.0,11.071,502
1784660762695,xyz:COIN,B,Open Long,176.36,0.887,0.09173,0.0,22.438,502
1784660762695,xyz:COIN,B,Open Long,176.36,1.66,0.171672,0.0,23.325,502
1784660839031,xyz:EWY,A,Open Short,173.24,5.772,0.296381,0.0,-30.204,503
1784660839031,xyz:EWY,A,Open Short,173.24,8.38,0.430298,0.0,-35.976,503
1784660870342,xyz:SKHX,A,Open Short,1315.2,1.922,1.48231,0.0,-5.583,504
1784660889251,xyz:EWT,A,Open Short,100.55,9.95,0.296539,0.0,-249.55,505
1784660889251,xyz:EWT,A,Open Short,100.55,9.53,0.284022,0.0,-259.5,505
1784660925334,xyz:TSM,A,Open Short,424.42,4.613,1.148082,0.0,-12.275,506
1784663800084,xyz:XLE,A,Close Long,58.505,17.54,0.304158,45.90218,17.54,357
1784666720733,xyz:EWT,A,Open Short,101.0,24.26,0.585121,0.0,-269.03,444
1784668034179,xyz:SMSN,A,Open Short,185.62,0.063,0.006857,0.0,-50.866,507
1784668034179,xyz:SMSN,A,Open Short,185.62,0.539,0.058668,0.0,-50.929,507
1784668034179,xyz:SMSN,A,Open Short,185.62,0.08,0.008707,0.0,-51.468,507
1784668034179,xyz:SMSN,A,Open Short,185.61,0.539,0.058664,0.0,-51.548,507
1784668034179,xyz:SMSN,A,Open Short,185.61,0.539,0.058664,0.0,-52.087,507
1784668034179,xyz:SMSN,A,Open Short,185.61,1.797,0.195587,0.0,-52.626,507
1784668034179,xyz:SMSN,A,Open Short,185.61,0.308,0.033522,0.0,-54.423,507
1784668034179,xyz:SMSN,A,Open Short,185.6,0.308,0.033521,0.0,-54.731,507
1784668034179,xyz:SMSN,A,Open Short,185.6,0.808,0.087938,0.0,-55.039,507
1784668034179,xyz:SMSN,A,Open Short,185.59,0.875,0.095225,0.0,-55.847,507
1784668034179,xyz:SMSN,A,Open Short,185.59,0.308,0.033518,0.0,-56.722,507
1784668034179,xyz:SMSN,A,Open Short,185.58,0.873,0.095002,0.0,-57.03,507
1784668034179,xyz:SMSN,A,Open Short,185.58,0.308,0.033517,0.0,-57.903,507
1784668034179,xyz:SMSN,A,Open Short,185.57,0.873,0.094998,0.0,-58.211,507
1784668034179,xyz:SMSN,A,Open Short,185.57,1.027,0.111756,0.0,-59.084,507
1784668034179,xyz:SMSN,A,Open Short,185.57,0.308,0.033515,0.0,-60.111,507
1784668034179,xyz:SMSN,A,Open Short,185.57,13.454,1.46404,0.0,-60.419,507
1784668034179,xyz:SMSN,A,Open Short,185.56,0.308,0.033513,0.0,-73.873,507
1784668034179,xyz:SMSN,A,Open Short,185.56,3.146,0.342322,0.0,-74.181,507
1784682945727,xyz:EWT,A,Open Short,102.0,24.02,0.585069,0.0,-293.29,445
1784688428270,xyz:ORCL,B,Open Long,128.18,5.649,0.424605,0.0,0.0,508
1784688428270,xyz:ORCL,B,Open Long,128.19,3.756,0.28234,0.0,5.649,508
1784688428270,xyz:ORCL,B,Open Long,128.19,13.521,1.016381,0.0,9.405,508
1784706134628,xyz:EWT,A,Open Short,100.7,11.33,0.338171,0.0,-317.31,509
1784706134628,xyz:EWT,A,Open Short,100.7,7.79,0.232511,0.0,-328.64,509
1784706134628,xyz:EWT,A,Open Short,100.69,6.84,0.204136,0.0,-336.43,509
1784706134628,xyz:EWT,A,Open Short,100.67,3.48,0.103837,0.0,-343.27,509
1784706134628,xyz:EWT,A,Open Short,100.67,3.48,0.103837,0.0,-346.75,509
1784706134628,xyz:EWT,A,Open Short,100.66,3.48,0.103827,0.0,-350.23,509
1784706134628,xyz:EWT,A,Open Short,100.66,3.48,0.103827,0.0,-353.71,509
1784706134628,xyz:EWT,A,Open Short,100.65,8.69,0.259245,0.0,-357.19,509
1784732723417,xyz:NVDA,A,Open Short,210.0,9.337,1.036855,0.0,-6.693,466
1784739899169,xyz:CRCL,A,Close Long,67.636,0.4,0.015864,1.6832,703.387,510
1784739899169,xyz:CRCL,A,Close Long,67.629,7.51,0.297828,31.54951,702.987,510
1784739899169,xyz:CRCL,A,Close Long,67.616,0.4,0.015859,1.6752,695.477,510
1784739899169,xyz:CRCL,A,Close Long,67.614,2.707,0.107328,11.331502,695.077,510
1784739899169,xyz:CRCL,A,Close Long,67.609,140.396,5.566127,586.995676,692.37,510
1784739899169,xyz:CRCL,A,Close Long,67.607,2.707,0.107318,11.312553,551.974,510
1784739899169,xyz:CRCL,A,Close Long,67.607,165.692,6.568816,692.426868,549.267,510
1784739899169,xyz:CRCL,A,Close Long,67.606,0.4,0.015857,1.6712,383.575,510
1784739899169,xyz:CRCL,A,Close Long,67.603,31.481,1.247982,131.433175,383.175,510
1784740016333,xyz:EWT,A,Open Short,101.97,9.81,0.296496,0.0,-365.88,511
1784740016333,xyz:EWT,A,Open Short,101.96,9.81,0.296466,0.0,-375.69,511
1784740016333,xyz:EWT,A,Open Short,101.96,50.0,1.511047,0.0,-385.5,511
1784740016333,xyz:EWT,A,Open Short,101.95,26.53,0.801682,0.0,-435.5,511
1784740045064,xyz:EWT,A,Open Short,101.97,9.81,0.296496,0.0,-462.03,512
1784740045064,xyz:EWT,A,Open Short,101.96,9.81,0.296466,0.0,-471.84,512
1784740045064,xyz:EWT,A,Open Short,101.96,4.41,0.133274,0.0,-481.65,512
1784758588185,xyz:CXMT,A,Close Long,6.3601,138.0,0.075832,-113.01924,138.0,513
1784763390026,xyz:MU,A,Open Short,975.49,1.538,0.879777,0.0,-4.172,514
1784763390026,xyz:MU,A,Open Short,975.48,0.976,0.558292,0.0,-5.71,514
1784763422431,xyz:HIMS,B,Open Long,31.516,31.07,0.574204,0.0,83.67,515
1784763495241,xyz:TSM,A,Open Short,422.34,0.59,0.146119,0.0,-16.888,516
1784763495241,xyz:TSM,A,Open Short,422.34,0.51,0.126305,0.0,-17.478,516
1784763495241,xyz:TSM,A,Open Short,422.33,1.221,0.302385,0.0,-17.988,516
1784763533882,xyz:EWT,A,Open Short,101.57,9.85,0.296537,0.0,-486.06,517
1784763533882,xyz:EWT,A,Open Short,101.53,9.85,0.29642,0.0,-495.91,517
1784763533882,xyz:EWT,A,Open Short,101.52,3.41,0.102608,0.0,-505.76,517
1784763533882,xyz:EWT,A,Open Short,101.52,1.0,0.03009,0.0,-509.17,517
1784817998356,xyz:TSLA,A,Open Short,324.21,6.039,1.148114,0.0,-1.318,518
1784818016894,xyz:SPCX,A,Open Short,111.79,6.09,0.399221,0.0,-3.84,519
1784824582354,xyz:CRCL,B,Open Long,62.872,7.244,0.267072,0.0,351.694,520
1784824582354,xyz:CRCL,B,Open Long,62.872,15.905,0.586387,0.0,358.938,520
1784824582354,xyz:CRCL,B,Open Long,62.873,8.98,0.33108,0.0,374.843,520
1784824582354,xyz:CRCL,B,Open Long,62.877,15.904,0.586396,0.0,383.823,520
1784824582354,xyz:CRCL,B,Open Long,62.878,4.833,0.1782,0.0,399.727,520
1784824582354,xyz:CRCL,B,Open Long,62.88,15.903,0.586388,0.0,404.56,520
1784824582354,xyz:CRCL,B,Open Long,62.881,3.131,0.11545,0.0,420.463,520
1784824582354,xyz:CRCL,B,Open Long,62.881,3.131,0.11545,0.0,423.594,520
1784824582354,xyz:CRCL,B,Open Long,62.882,2.925,0.107855,0.0,426.725,520
1784824598114,xyz:MU,A,Open Short,1007.1,1.941,1.146283,0.0,-6.686,521
1784837527551,xyz:INTC,A,Open Short,110.0,8.91,0.518276,0.0,0.0,467
1784852814402,xyz:XYZ100,B,Close Short,28505.0,0.1994,1.684706,68.302476,-0.3989,522
1784852978445,xyz:SMSN,B,Close Short,176.36,1.979,0.204663,-0.037601,-77.327,523
1784852978445,xyz:SMSN,B,Close Short,176.36,2.757,0.285121,-0.052383,-75.348,523
1784852978445,xyz:SMSN,B,Close Short,176.37,33.927,3.508844,-0.983883,-72.591,523
1784853102642,xyz:ORCL,B,Open Long,122.22,4.0,0.286679,0.0,22.926,524
1784853350510,xyz:EWT,B,Close Short,99.587,4.55,0.134304,1.145235,-510.17,525
1784853350510,xyz:EWT,B,Close Short,99.606,11.44,0.337745,2.662088,-505.62,525
1784853350510,xyz:EWT,B,Close Short,99.708,10.03,0.29642,1.310921,-494.18,525
1784853350510,xyz:EWT,B,Close Short,99.709,2.51,0.074179,0.325547,-484.15,525
1784853350510,xyz:EWT,B,Close Short,99.723,10.03,0.296465,1.160471,-481.64,525
1784853350510,xyz:EWT,B,Close Short,99.724,11.74,0.347012,1.346578,-471.61,525
1784853350510,xyz:EWT,B,Close Short,99.737,10.03,0.296507,1.020051,-459.87,525
1784853350510,xyz:EWT,B,Close Short,99.738,50.13,1.481959,5.048091,-449.84,525
1784853350510,xyz:EWT,B,Close Short,99.753,10.02,0.296258,0.858714,-399.71,525
1784853350510,xyz:EWT,B,Close Short,99.8,7.06,0.208839,0.273222,-389.69,525
1784853645369,xyz:EWT,B,Close Short,99.686,9.38,0.277149,1.432326,-382.63,526
1784853645369,xyz:EWT,B,Close Short,99.732,2.51,0.074196,0.267817,-373.25,526
1784853645369,xyz:EWT,B,Close Short,99.743,1.48,0.043754,0.141636,-370.74,526
1784853645369,xyz:EWT,B,Close Short,99.744,7.56,0.223504,0.715932,-369.26,526
1784853645369,xyz:EWT,B,Close Short,99.76,40.0,1.182754,3.148,-361.7,526
1784853645369,xyz:EWT,B,Close Short,99.795,1.49,0.044072,0.065113,-321.7,526
1784853645369,xyz:EWT,B,Close Short,99.796,10.02,0.296386,0.427854,-320.21,526
1784853645369,xyz:EWT,B,Close Short,99.8,1.49,0.044074,0.057663,-310.19,526
1784853645369,xyz:EWT,B,Close Short,99.801,1.77,0.052358,0.066729,-308.7,526
1784853645369,xyz:EWT,B,Close Short,99.831,1.49,0.044088,0.011473,-306.93,526
1784853645369,xyz:EWT,B,Close Short,99.832,16.02,0.474034,0.107334,-305.44,526
1784853645369,xyz:EWT,B,Close Short,99.869,1.47,0.043513,-0.044541,-289.42,526
1784853645369,xyz:EWT,B,Close Short,99.87,1.35,0.039961,-0.042255,-287.95,526
1784853645369,xyz:EWT,B,Close Short,99.881,50.05,1.481716,-2.117115,-286.6,526
1784853645369,xyz:EWT,B,Close Short,99.901,25.62,0.758624,-1.596126,-236.55,526
1784853645369,xyz:EWT,B,Close Short,99.948,1.77,0.052434,-0.193461,-210.93,526
1784853645369,xyz:EWT,B,Close Short,99.95,1.77,0.052436,-0.197001,-209.16,526
1784853645369,xyz:EWT,B,Close Short,99.996,16.07,0.476295,-2.527811,-207.39,526
1784853658306,xyz:EWT,B,Close Short,99.995,12.41,0.367813,-1.939683,-191.32,527
1784853658306,xyz:EWT,B,Close Short,99.995,10.33,0.306165,-1.614579,-178.91,527
1784853658306,xyz:EWT,B,Close Short,100.07,1.77,0.052499,-0.409401,-168.58,527
1784853658306,xyz:EWT,B,Close Short,100.07,40.0,1.186429,-9.252,-166.81,527
1784853658306,xyz:EWT,B,Close Short,100.08,1.94,0.057547,-0.468122,-126.81,527
1784853658306,xyz:EWT,B,Close Short,100.09,29.21,0.866563,-7.340473,-124.87,527
1784853679601,xyz:EWT,B,Close Short,99.929,11.84,0.350687,-1.069152,-95.66,528
1784853679601,xyz:EWT,B,Close Short,99.949,11.5,0.340685,-1.26845,-83.82,528
1784853679601,xyz:EWT,B,Close Short,99.949,11.54,0.34187,-1.272862,-72.32,528
1784853679601,xyz:EWT,B,Close Short,99.95,12.95,0.383646,-1.441335,-60.78,528
1784856383032,xyz:EWT,A,Open Short,101.0,24.26,0.585121,0.0,-47.83,529
1784905470708,xyz:CRCL,B,Open Long,60.919,16.415,0.58639,0.0,429.65,530
1784905470708,xyz:CRCL,B,Open Long,60.92,47.948,1.712869,0.0,446.065,530
1784905520131,xyz:CRCL,B,Open Long,60.862,37.797,1.348954,0.0,494.013,531
1784905520131,xyz:CRCL,B,Open Long,60.863,16.43,0.586387,0.0,531.81,531
1784905520131,xyz:CRCL,B,Open Long,60.864,16.43,0.586396,0.0,548.24,531
1784905520131,xyz:CRCL,B,Open Long,60.864,3.509,0.125237,0.0,564.67,531
1784905520131,xyz:CRCL,B,Open Long,60.864,49.64,1.771683,0.0,568.179,531
1784905520131,xyz:CRCL,B,Open Long,60.865,37.209,1.328034,0.0,617.819,531
1784905603449,xyz:ORCL,B,Open Long,118.07,8.288,0.573829,0.0,26.926,533
1784906208617,xyz:HIMS,B,Open Long,29.674,33.03,0.518293,0.0,114.74,532
1784916417237,xyz:BE,B,Open Long,195.0,0.53,0.054651,0.0,2.89,452
1784916417998,xyz:BE,B,Open Long,195.0,4.43,0.456803,0.0,3.42,452
1784916418133,xyz:BE,B,Open Long,195.0,2.58,0.266039,0.0,7.85,452
1784959388549,xyz:HIMS,B,Open Long,28.674,2.07,0.031386,0.0,147.77,534
1784960381026,xyz:HIMS,B,Open Long,28.674,2.09,0.031689,0.0,149.84,534
1784961769393,xyz:HIMS,B,Open Long,28.674,7.15,0.108413,0.0,151.93,534
1784963169091,xyz:HIMS,B,Open Long,28.674,5.78,0.08764,0.0,159.08,534
1784975561015,xyz:ORCL,B,Open Long,115.03,1.649,0.100304,0.0,35.214,535
1784975561015,xyz:ORCL,B,Open Long,115.03,2.612,0.158882,0.0,36.863,535
1784996603208,xyz:HIMS,B,Open Long,28.228,7.76,0.128449,0.0,164.86,536
1784996603208,xyz:HIMS,B,Open Long,28.229,6.68,0.110576,0.0,172.62,536
1784996603208,xyz:HIMS,B,Open Long,28.229,6.68,0.110576,0.0,179.3,536
1784996603208,xyz:HIMS,B,Open Long,28.24,36.02,0.596488,0.0,185.98,536
1784996603208,xyz:HIMS,B,Open Long,28.249,12.37,0.204911,0.0,222.0,536
1784996618230,xyz:HIMS,B,Open Long,28.238,7.76,0.128495,0.0,234.37,537
1784996618230,xyz:HIMS,B,Open Long,28.238,6.68,0.110611,0.0,242.13,537
1784996618230,xyz:HIMS,B,Open Long,28.239,6.68,0.110616,0.0,248.81,537
1784996618230,xyz:HIMS,B,Open Long,28.24,7.76,0.128504,0.0,255.49,537
1784996618230,xyz:HIMS,B,Open Long,28.241,6.68,0.110623,0.0,263.25,537
1784996618230,xyz:HIMS,B,Open Long,28.243,33.95,0.562268,0.0,269.93,537
1785045758814,xyz:HIMS,B,Open Long,28.374,1.9,0.031612,0.0,303.88,538
1785045758814,xyz:HIMS,B,Open Long,28.375,32.64,0.5431,0.0,305.78,538
1785166798930,xyz:SKHX,B,Close Short,1135.1,0.154,0.102505,17.79239,-7.505,539
1785166798930,xyz:SKHX,B,Close Short,1135.1,0.274,0.182379,31.65659,-7.351,539
1785166798930,xyz:SKHX,B,Close Short,1135.1,0.29,0.19303,33.50515,-7.077,539
1785166798930,xyz:SKHX,B,Close Short,1135.1,4.91,3.268206,567.27685,-6.787,539
1785166804337,xyz:MU,B,Close Short,869.47,1.15,0.586335,110.12285,-8.627,540
1785166804337,xyz:MU,B,Close Short,869.5,5.32,2.712533,509.27828,-7.477,540
1785166808465,xyz:SMSN,B,Close Short,162.89,6.139,0.586388,82.575689,-38.664,541
1785166808465,xyz:SMSN,B,Close Short,162.91,1.335,0.127532,17.930385,-32.525,541
1785166808465,xyz:SMSN,B,Close Short,162.91,3.354,0.320408,45.047574,-31.19,541
1785166808465,xyz:SMSN,B,Close Short,162.92,7.015,0.670186,94.148315,-27.836,541
1785166808465,xyz:SMSN,B,Close Short,162.92,3.354,0.320427,45.014034,-20.821,541
1785166808465,xyz:SMSN,B,Close Short,162.93,7.015,0.670227,94.078165,-17.467,541
1785166808465,xyz:SMSN,B,Close Short,162.94,0.786,0.0751,10.533186,-10.452,541
1785166812551,xyz:AMAT,B,Close Short,495.91,5.124,1.490067,366.26352,-6.832,542
1785166817485,xyz:KR200,B,Close Short,998.0,0.2491,0.073685,24.58617,-4.4598,543
1785166817485,xyz:KR200,B,Close Short,1000.2,3.0957,0.917748,298.73505,-4.2107,543
1785166826809,xyz:EWY,B,Close Short,157.89,22.178,1.037898,173.498494,-44.356,544
1785166834607,xyz:SMH,B,Close Short,536.05,0.373,0.059263,9.63459,-13.203,545
1785166834607,xyz:SMH,B,Close Short,536.24,0.407,0.064688,10.43548,-12.83,545
1785166834607,xyz:SMH,B,Close Short,536.24,1.443,0.229351,36.99852,-12.423,545
1785166834607,xyz:SMH,B,Close Short,536.25,4.378,0.695858,112.20814,-10.98,545
1785166838434,xyz:TSM,B,Close Short,389.5,9.604,2.19358,168.819112,-19.209,546
1785166849063,xyz:EWT,B,Close Short,96.792,10.33,0.296358,35.509375,-72.09,547
1785166849063,xyz:EWT,B,Close Short,96.793,43.73,1.254589,150.278145,-61.76,547
1785166909982,xyz:HIMS,B,Open Long,29.573,33.81,0.586319,0.0,338.42,548
1785166909982,xyz:HIMS,B,Open Long,29.574,67.64,1.173025,0.0,372.23,548
1785166909982,xyz:HIMS,B,Open Long,29.58,31.52,0.546736,0.0,439.87,548
1785166940196,xyz:ORCL,B,Open Long,119.75,8.162,0.573146,0.0,39.475,549
1785195329462,xyz:HIMS,B,Open Long,30.046,33.28,0.586359,0.0,471.39,550
1785195329462,xyz:HIMS,B,Open Long,30.047,32.02,0.564177,0.0,504.67,550
1785195354572,xyz:SP500,B,Close Short,7408.7,0.097,0.213005,7.252302,-0.195,551
1785195380549,xyz:HOOD,B,Open Long,95.089,0.368,0.020519,0.0,5.722,552
1785195380549,xyz:HOOD,B,Open Long,95.095,0.156,0.008698,0.0,6.09,552
1785195380549,xyz:HOOD,B,Open Long,95.112,9.776,0.545243,0.0,6.246,552
1785209286831,xyz:DKNG,B,Open Long,24.159,41.39,0.586364,0.0,0.0,553
1785209286831,xyz:DKNG,B,Open Long,24.16,39.84,0.564429,0.0,41.39,553
1785226205672,xyz:EWT,B,Close Short,92.979,10.76,0.296534,78.01538,-18.03,490
1785226205672,xyz:EWT,B,Close Short,92.983,2.03,0.055946,14.710395,-7.27,490
1785226205672,xyz:EWT,B,Close Short,92.983,2.03,0.055946,14.710395,-5.24,490
1785226205672,xyz:EWT,B,Close Short,93.073,3.21,0.088553,22.972365,-3.21,490
1785235049122,xyz:SMSN,B,Close Short,149.91,1.854,0.162979,49.003074,-9.666,554
1785235049122,xyz:SMSN,B,Close Short,149.91,0.667,0.058633,17.629477,-7.812,554
1785235049122,xyz:SMSN,B,Close Short,149.92,2.312,0.203254,61.085352,-7.145,554
1785235059206,xyz:SKHX,B,Close Short,1047.7,1.407,0.864419,285.529545,-1.877,555
1785235066194,xyz:EWY,B,Close Short,151.02,7.717,0.34543,113.385881,-22.178,556
1785235066194,xyz:EWY,B,Close Short,151.03,3.372,0.150948,49.511076,-14.461,556
1785235146547,xyz:DKNG,B,Open Long,24.399,41.48,0.593477,0.0,81.23,557
1785235146547,xyz:DKNG,B,Open Long,24.399,38.88,0.556277,0.0,122.71,557
1785235185428,xyz:ORCL,B,Open Long,118.33,3.103,0.215312,0.0,47.637,558
1785235185428,xyz:ORCL,B,Open Long,118.33,0.197,0.013669,0.0,50.74,558
1785235214066,xyz:COIN,B,Open Long,162.19,2.819,0.268109,0.0,24.985,559
1785235214066,xyz:COIN,B,Open Long,162.21,2.68,0.254921,0.0,27.804,559
1785235214066,xyz:COIN,B,Open Long,162.21,0.537,0.051079,0.0,30.484,559
1785235232382,xyz:BE,B,Open Long,180.17,1.09,0.115159,0.0,10.43,560
1785235232382,xyz:BE,B,Open Long,180.18,1.09,0.115166,0.0,11.52,560
1785235232382,xyz:BE,B,Open Long,180.19,0.39,0.041208,0.0,12.61,560
1785235232382,xyz:BE,B,Open Long,180.22,0.39,0.041214,0.0,13.0,560
1785235232382,xyz:BE,B,Open Long,180.25,0.39,0.041221,0.0,13.39,560
1785235232382,xyz:BE,B,Open Long,180.28,0.39,0.041228,0.0,13.78,560
1785235232382,xyz:BE,B,Open Long,180.29,1.09,0.115236,0.0,14.17,560
1785235232382,xyz:BE,B,Open Long,180.29,0.55,0.058146,0.0,15.26,560
1785235287896,xyz:EWZ,B,Open Long,35.748,13.71,0.145267,0.0,55.59,561
1785235333838,xyz:SMH,A,Open Short,531.93,4.7,0.74102,0.0,-6.602,562
1785235333838,xyz:SMH,A,Open Short,531.92,0.374,0.058964,0.0,-11.302,562
1785235333838,xyz:SMH,A,Open Short,531.72,0.377,0.059415,0.0,-11.676,562
1785235333838,xyz:SMH,A,Open Short,531.52,0.379,0.059707,0.0,-12.053,562
1785235333838,xyz:SMH,A,Open Short,531.36,3.354,0.528238,0.0,-12.432,562
1785248424998,xyz:SMH,A,Open Short,519.43,0.407,0.06266,0.0,-15.786,563
1785248424998,xyz:SMH,A,Open Short,519.41,5.242,0.807021,0.0,-16.193,563
1785248444558,xyz:MU,A,Open Short,792.72,0.37,0.171994,0.0,-2.157,564
1785248444558,xyz:MU,A,Open Short,792.68,3.346,1.555312,0.0,-2.527,564
1785248513504,xyz:BE,B,Open Long,161.29,12.26,1.159555,0.0,15.81,565
1785248534833,xyz:HIMS,B,Open Long,27.948,35.78,0.586387,0.0,536.69,566
1785248534833,xyz:HIMS,B,Open Long,27.948,1.5,0.024583,0.0,572.47,566
1785248534833,xyz:HIMS,B,Open Long,27.949,33.33,0.546255,0.0,573.97,566
1785255429387,xyz:BE,B,Open Long,164.52,6.53,0.629977,0.0,28.07,567
1785255429387,xyz:BE,B,Open Long,164.53,5.24,0.505556,0.0,34.6,567
1785255495377,xyz:DKNG,B,Open Long,24.424,7.7,0.11028,0.0,161.59,568
1785255495377,xyz:DKNG,B,Open Long,24.43,32.41,0.464297,0.0,169.29,568
1785255675513,xyz:CRCL,A,Close Long,64.906,15.199,0.578487,36.796779,655.028,569
1785255675513,xyz:CRCL,A,Close Long,64.904,15.267,0.581056,36.930873,639.829,569
1785255675513,xyz:CRCL,A,Close Long,64.9,15.408,0.586387,37.21032,624.562,569
1785255675513,xyz:CRCL,A,Close Long,64.9,0.593,0.022567,1.432095,609.154,569
1785255675513,xyz:CRCL,A,Close Long,64.899,23.545,0.896046,56.83763,608.561,569
1785255675513,xyz:CRCL,A,Close Long,64.897,22.498,0.856174,54.265176,585.016,569
1785255675513,xyz:CRCL,A,Close Long,64.893,217.974,8.294619,524.881392,562.518,569
1785255675513,xyz:CRCL,A,Close Long,64.893,2.932,0.111572,7.060256,344.544,569
1785255675513,xyz:CRCL,A,Close Long,64.892,2.418,0.09201,5.820126,341.612,569
1785255675513,xyz:CRCL,A,Close Long,64.891,11.68,0.444447,28.10208,339.194,569
1785279364324,xyz:INTC,A,Open Short,84.599,34.79,1.725891,0.0,-8.91,570
1785279471300,xyz:EWY,B,Close Short,148.92,5.544,0.24471,93.100392,-11.089,571
1785279479057,xyz:KR200,B,Close Short,935.19,0.0834,0.023116,13.469934,-1.115,572
1785279479057,xyz:KR200,B,Close Short,935.2,0.1284,0.03559,20.7366,-1.0316,572
1785279479057,xyz:KR200,B,Close Short,935.29,0.0669,0.018545,10.798329,-0.9032,572
1785279574460,xyz:AMAT,A,Open Short,464.9,2.668,0.727342,0.0,-1.708,573
1785279574460,xyz:AMAT,A,Open Short,464.72,0.028,0.00763,0.0,-4.376,573
1785279574460,xyz:AMAT,A,Open Short,464.6,0.028,0.007627,0.0,-4.404,573
1785279574460,xyz:AMAT,A,Open Short,464.6,7.809,2.127494,0.0,-4.432,573
1785279683975,xyz:EWZ,B,Open Long,36.192,13.54,0.145247,0.0,69.3,574
1785280068327,xyz:DELL,A,Open Short,383.45,0.4,0.089942,0.0,0.0,575
1785280068327,xyz:DELL,A,Open Short,383.45,2.16,0.485686,0.0,-0.4,575
1785280169839,xyz:SNDK,A,Open Short,1051.5,1.852,1.141942,0.0,0.0,576
1785280386712,xyz:CXMT,A,Open Short,6.4808,2.0,0.007599,0.0,0.0,578
1785280386712,xyz:CXMT,A,Open Short,6.4807,2.0,0.007599,0.0,-2.0,578
1785280386712,xyz:CXMT,A,Open Short,6.4806,2.0,0.007599,0.0,-4.0,578
1785280386712,xyz:CXMT,A,Open Short,6.4806,2.0,0.007599,0.0,-6.0,578
1785280386712,xyz:CXMT,A,Open Short,6.4805,2.0,0.007599,0.0,-8.0,578
1785280386712,xyz:CXMT,A,Open Short,6.4805,2.0,0.007599,0.0,-10.0,578
1785280386712,xyz:CXMT,A,Open Short,6.4804,2.0,0.007599,0.0,-12.0,578
1785280386712,xyz:CXMT,A,Open Short,6.4804,2.0,0.007599,0.0,-14.0,578
1785280386712,xyz:CXMT,A,Open Short,6.4803,2.0,0.007599,0.0,-16.0,578
1785280386712,xyz:CXMT,A,Open Short,6.4803,2.0,0.007599,0.0,-18.0,578
1785280386712,xyz:CXMT,A,Open Short,6.4802,2.0,0.007599,0.0,-20.0,578
1785280386712,xyz:CXMT,A,Open Short,6.4802,2.0,0.007599,0.0,-22.0,578
1785280386712,xyz:CXMT,A,Open Short,6.4801,2.0,0.007599,0.0,-24.0,578
1785280386712,xyz:CXMT,A,Open Short,6.4801,2.0,0.007599,0.0,-26.0,578
1785280386712,xyz:CXMT,A,Open Short,6.48,2.0,0.007599,0.0,-28.0,578
1785280386712,xyz:CXMT,A,Open Short,6.48,2.0,0.007599,0.0,-30.0,578
1785280386712,xyz:CXMT,A,Open Short,6.4799,2.0,0.007598,0.0,-32.0,578
1785280386712,xyz:CXMT,A,Open Short,6.4799,2.0,0.007598,0.0,-34.0,578
1785280386712,xyz:CXMT,A,Open Short,6.4798,2.0,0.007598,0.0,-36.0,578
1785280386712,xyz:CXMT,A,Open Short,6.4798,2.0,0.007598,0.0,-38.0,578
1785280386712,xyz:CXMT,A,Open Short,6.4797,2.0,0.007598,0.0,-40.0,578
1785280386712,xyz:CXMT,A,Open Short,6.4797,2.0,0.007598,0.0,-42.0,578
1785280386712,xyz:CXMT,A,Open Short,6.4796,2.0,0.007598,0.0,-44.0,578
1785280386712,xyz:CXMT,A,Open Short,6.4796,2.0,0.007598,0.0,-46.0,578
1785280386712,xyz:CXMT,A,Open Short,6.4795,2.0,0.007598,0.0,-48.0,578
1785280386712,xyz:CXMT,A,Open Short,6.4795,2.0,0.007598,0.0,-50.0,578
1785280386712,xyz:CXMT,A,Open Short,6.4794,2.8,0.010638,0.0,-52.0,578
1785280386712,xyz:CXMT,A,Open Short,6.4793,2.8,0.010638,0.0,-54.8,578
1785280386712,xyz:CXMT,A,Open Short,6.4792,2.0,0.007598,0.0,-57.6,578
1785280386712,xyz:CXMT,A,Open Short,6.4792,2.0,0.007598,0.0,-59.6,578
1785280386712,xyz:CXMT,A,Open Short,6.4791,2.0,0.007598,0.0,-61.6,578
1785280386712,xyz:CXMT,A,Open Short,6.4791,2.0,0.007598,0.0,-63.6,578
1785280386712,xyz:CXMT,A,Open Short,6.479,2.0,0.007598,0.0,-65.6,578
1785280386712,xyz:CXMT,A,Open Short,6.479,2.0,0.007598,0.0,-67.6,578
1785280386712,xyz:CXMT,A,Open Short,6.4789,2.0,0.007597,0.0,-69.6,578
1785280386712,xyz:CXMT,A,Open Short,6.4789,2.0,0.007597,0.0,-71.6,578
1785280386712,xyz:CXMT,A,Open Short,6.4788,3.1,0.011777,0.0,-73.6,578
1785280386712,xyz:CXMT,A,Open Short,6.4787,2.0,0.007597,0.0,-76.7,578
1785280386712,xyz:CXMT,A,Open Short,6.4787,2.0,0.007597,0.0,-78.7,578
1785280386712,xyz:CXMT,A,Open Short,6.4786,2.0,0.007597,0.0,-80.7,578
1785280386712,xyz:CXMT,A,Open Short,6.4786,2.0,0.007597,0.0,-82.7,578
1785280386712,xyz:CXMT,A,Open Short,6.4785,2.0,0.007597,0.0,-84.7,578
1785280386712,xyz:CXMT,A,Open Short,6.4785,2.0,0.007597,0.0,-86.7,578
1785280386712,xyz:CXMT,A,Open Short,6.4784,2.0,0.007597,0.0,-88.7,578
1785280386712,xyz:CXMT,A,Open Short,6.4784,2.0,0.007597,0.0,-90.7,578
1785280386712,xyz:CXMT,A,Open Short,6.4783,2.0,0.007597,0.0,-92.7,578
1785280386712,xyz:CXMT,A,Open Short,6.4783,2.0,0.007597,0.0,-94.7,578
1785280386712,xyz:CXMT,A,Open Short,6.4782,2.0,0.007597,0.0,-96.7,578
1785280386712,xyz:CXMT,A,Open Short,6.4782,2.0,0.007597,0.0,-98.7,578
1785280386712,xyz:CXMT,A,Open Short,6.4781,2.3,0.008736,0.0,-100.7,578
1785280386712,xyz:CXMT,A,Open Short,6.478,3.4,0.012914,0.0,-103.0,578
1785280386712,xyz:CXMT,A,Open Short,6.4779,2.0,0.007596,0.0,-106.4,578
1785280386712,xyz:CXMT,A,Open Short,6.4779,2.0,0.007596,0.0,-108.4,578
1785280386712,xyz:CXMT,A,Open Short,6.4778,2.0,0.007596,0.0,-110.4,578
1785280386712,xyz:CXMT,A,Open Short,6.4778,2.0,0.007596,0.0,-112.4,578
1785280386712,xyz:CXMT,A,Open Short,6.4777,2.0,0.007596,0.0,-114.4,578
1785280386712,xyz:CXMT,A,Open Short,6.4777,2.0,0.007596,0.0,-116.4,578
1785280386712,xyz:CXMT,A,Open Short,6.4776,2.6,0.009875,0.0,-118.4,578
1785280386712,xyz:CXMT,A,Open Short,6.4775,2.0,0.007596,0.0,-121.0,578
1785280386712,xyz:CXMT,A,Open Short,6.4775,2.0,0.007596,0.0,-123.0,578
1785280386712,xyz:CXMT,A,Open Short,6.4774,2.0,0.007596,0.0,-125.0,578
1785280386712,xyz:CXMT,A,Open Short,6.4774,2.0,0.007596,0.0,-127.0,578
1785280386712,xyz:CXMT,A,Open Short,6.4773,2.0,0.007596,0.0,-129.0,578
1785280386712,xyz:CXMT,A,Open Short,6.4773,2.0,0.007596,0.0,-131.0,578
1785280386712,xyz:CXMT,A,Open Short,6.4772,2.9,0.011013,0.0,-133.0,578
1785280386712,xyz:CXMT,A,Open Short,6.4771,2.0,0.007596,0.0,-135.9,578
1785280386712,xyz:CXMT,A,Open Short,6.4771,2.0,0.007596,0.0,-137.9,578
1785280386712,xyz:CXMT,A,Open Short,6.477,2.0,0.007596,0.0,-139.9,578
1785280386712,xyz:CXMT,A,Open Short,6.477,2.0,0.007596,0.0,-141.9,578
1785280386712,xyz:CXMT,A,Open Short,6.4769,2.0,0.007595,0.0,-143.9,578
1785280386712,xyz:CXMT,A,Open Short,6.4769,2.0,0.007595,0.0,-145.9,578
1785280386712,xyz:CXMT,A,Open Short,6.4768,2.0,0.007595,0.0,-147.9,578
1785280386712,xyz:CXMT,A,Open Short,6.475,9.8,0.037209,0.0,-149.9,578
1785280386712,xyz:CXMT,A,Open Short,6.4746,18.6,0.070617,0.0,-159.7,578
1785280386712,xyz:CXMT,A,Open Short,6.4728,124.7,0.473317,0.0,-178.3,578
1785280429279,xyz:GOOGL,B,Open Long,333.34,1.472,0.287732,0.0,0.0,579
1785280460498,xyz:GOOGL,B,Open Long,333.4,2.944,0.575568,0.0,1.472,580
1785280488912,xyz:CRCL,B,Open Long,63.604,15.722,0.586389,0.0,327.514,581
1785280488912,xyz:CRCL,B,Open Long,63.604,6.887,0.256866,0.0,343.236,581
1785280488912,xyz:CRCL,B,Open Long,63.605,12.394,0.46227,0.0,350.123,581
1785280488912,xyz:CRCL,B,Open Long,63.608,0.4,0.014919,0.0,362.517,581
1785280488912,xyz:CRCL,B,Open Long,63.608,15.721,0.586388,0.0,362.917,581
1785280488912,xyz:CRCL,B,Open Long,63.61,6.769,0.252489,0.0,378.638,581
1785280488912,xyz:CRCL,B,Open Long,63.611,15.721,0.586416,0.0,385.407,581
1785280488912,xyz:CRCL,B,Open Long,63.611,3.514,0.131076,0.0,401.128,581
1785280825583,xyz:IBM,B,Open Long,226.17,4.33,0.57427,0.0,0.0,582
1785281335766,xyz:TSM,A,Open Short,390.74,2.559,0.586342,0.0,-9.605,584
1785281335766,xyz:TSM,A,Open Short,390.73,0.967,0.221562,0.0,-12.164,584
1785281335766,xyz:TSM,A,Open Short,390.72,2.618,0.59983,0.0,-13.131,584
1785281335766,xyz:TSM,A,Open Short,390.72,1.075,0.246302,0.0,-15.749,584
1785281335766,xyz:TSM,A,Open Short,390.68,1.128,0.258418,0.0,-16.824,584
1785281335766,xyz:TSM,A,Open Short,390.67,0.393,0.090031,0.0,-17.952,584
1785281335766,xyz:TSM,A,Open Short,390.65,1.011,0.231596,0.0,-18.345,584
1785281335766,xyz:TSM,A,Open Short,390.64,1.074,0.246021,0.0,-19.356,584
1785281335766,xyz:TSM,A,Open Short,390.63,0.166,0.038024,0.0,-20.43,584
1785281335766,xyz:TSM,A,Open Short,390.62,0.318,0.07284,0.0,-20.596,584
1785281362990,xyz:KR200,B,Close Short,947.86,0.0834,0.02343,12.413256,-0.8363,585
1785281362990,xyz:KR200,B,Close Short,948.27,0.1256,0.035301,18.642808,-0.7529,585
1785295802681,xyz:CRCL,B,Open Long,63.0,16.618,0.553618,0.0,404.642,583
1785295802820,xyz:CRCL,B,Open Long,63.0,27.045,0.900987,0.0,421.26,583
1785295802820,xyz:CRCL,B,Open Long,63.0,17.946,0.59786,0.0,448.305,583
1785295802820,xyz:CRCL,B,Open Long,63.0,16.199,0.539659,0.0,466.251,583
1785300753552,xyz:KR200,B,Close Short,859.75,0.4704,0.119871,111.46128,-0.6273,586
1785300816801,xyz:KR200,B,Close Short,858.51,0.0784,0.019949,18.674096,-0.1569,587
1785300869099,xyz:EWY,B,Close Short,139.68,4.158,0.172145,108.245214,-5.545,588
1785300907427,xyz:SKHX,B,Close Short,913.3,0.352,0.188516,118.74192,-0.47,589
1785300965993,xyz:SMSN,B,Close Short,139.63,3.624,0.296729,133.040664,-4.833,590
1785301300187,xyz:EWY,B,Close Short,140.94,0.285,0.011905,7.060305,-1.387,591
1785301300187,xyz:EWY,B,Close Short,140.96,1.102,0.046041,27.277806,-1.102,591
1785301382139,xyz:KR200,B,Close Short,867.77,0.0785,0.02019,17.971005,-0.0785,592
1785301402270,xyz:KR200,B,Open Long,868.99,0.0834,0.02148,0.0,0.0,593
1785301402270,xyz:KR200,B,Open Long,868.99,1.0588,0.272713,0.0,0.0834,593
1785301402270,xyz:KR200,B,Open Long,868.99,0.1237,0.03186,0.0,1.1422,593
1785301402270,xyz:KR200,B,Open Long,869.0,1.0188,0.262413,0.0,1.2659,593
1785301428444,xyz:SKHY,B,Open Long,121.17,10.32,0.733277,0.0,0.0,594
1785301428444,xyz:SKHY,B,Open Long,121.17,0.83,0.058974,0.0,10.32,594
1785301428444,xyz:SKHY,B,Open Long,121.19,1.65,0.117257,0.0,11.15,594
1785301428444,xyz:SKHY,B,Open Long,121.24,3.57,0.253809,0.0,12.8,594
1785301443794,xyz:SMSN,B,Short > Long,141.07,13.931,1.15242,42.642639,-1.209,595
1785301485827,xyz:EWY,B,Open Long,141.49,13.902,0.583016,0.0,0.0,596
1785301696912,xyz:SKHX,B,Close Short,939.38,0.118,0.065,36.72809,-0.118,597
1785301735718,xyz:SKHY,B,Open Long,122.01,16.17,1.156908,0.0,16.37,598
1785301749057,xyz:KR200,B,Open Long,870.99,1.2162,0.313975,0.0,2.2847,599
1785301749057,xyz:KR200,B,Open Long,871.0,1.0434,0.269368,0.0,3.5009,599
1785301772638,xyz:SMSN,B,Open Long,141.88,0.705,0.058654,0.0,12.722,600
1785301772638,xyz:SMSN,B,Open Long,141.9,20.074,1.67036,0.0,13.427,600
1785301790733,xyz:EWY,B,Open Long,142.0,2.767,0.116458,0.0,13.902,601
1785301877434,xyz:KR200,B,Open Long,874.39,0.0523,0.013554,0.0,4.5443,602
1785301877434,xyz:KR200,B,Open Long,874.4,0.0834,0.021614,0.0,4.5966,602
1785301877434,xyz:KR200,B,Open Long,874.4,1.4296,0.370511,0.0,4.68,602
1785301877434,xyz:KR200,B,Open Long,874.51,0.5625,0.145802,0.0,6.1096,602
1785301877434,xyz:KR200,B,Open Long,875.34,0.0137,0.003554,0.0,6.6721,602
1785301877434,xyz:KR200,B,Open Long,875.41,0.134,0.034769,0.0,6.6858,602
1785301913031,xyz:EWY,B,Open Long,142.63,13.859,0.585895,0.0,16.669,603
1785301951101,xyz:SMSN,B,Open Long,141.43,1.415,0.117351,0.0,33.501,604
1785301951101,xyz:SMSN,B,Open Long,141.44,0.707,0.058638,0.0,34.916,604
1785301951101,xyz:SMSN,B,Open Long,141.45,12.894,1.069509,0.0,35.623,604
1785301951101,xyz:SMSN,B,Open Long,141.46,1.061,0.088011,0.0,48.517,604
1785301951101,xyz:SMSN,B,Open Long,141.47,1.763,0.146254,0.0,49.578,604
1785301951101,xyz:SMSN,B,Open Long,141.47,38.764,3.215783,0.0,51.341,604
1785301951101,xyz:SMSN,B,Open Long,141.47,9.208,0.763876,0.0,90.105,604
1785301951101,xyz:SMSN,B,Open Long,141.48,3.682,0.305472,0.0,99.313,604
1785302735780,xyz:KR200,B,Open Long,877.49,0.5055,0.131473,0.0,6.8198,605
1785302735780,xyz:KR200,B,Open Long,877.6,0.1368,0.035583,0.0,7.3253,605
1785302735780,xyz:KR200,B,Open Long,878.79,0.0136,0.003541,0.0,7.4621,605
1785302735780,xyz:KR200,B,Open Long,880.3,1.42,0.370507,0.0,7.4757,605
1785302735780,xyz:KR200,B,Open Long,880.35,0.5736,0.149672,0.0,8.8957,605
1785302735780,xyz:KR200,B,Open Long,880.65,4.0716,1.062787,0.0,9.4693,605
1785302801633,xyz:SKHY,B,Open Long,123.3,31.68,2.290562,0.0,32.54,606
1785302801633,xyz:SKHY,B,Open Long,123.31,0.81,0.058569,0.0,64.22,606
1785302801633,xyz:SKHY,B,Open Long,123.31,15.46,1.117896,0.0,65.03,606
1785302857471,xyz:SMSN,B,Open Long,143.13,38.314,3.215748,0.0,102.995,607
1785302857471,xyz:SMSN,B,Open Long,143.14,0.699,0.058671,0.0,141.309,607
1785302857471,xyz:SMSN,B,Open Long,143.15,0.699,0.058675,0.0,142.008,607
1785302857471,xyz:SMSN,B,Open Long,143.16,42.772,3.590666,0.0,142.707,607
1785302893486,xyz:SKHY,B,Open Long,124.1,15.82,1.151256,0.0,80.49,608
1785302913509,xyz:KR200,B,Open Long,884.47,0.0576,0.015099,0.0,13.5409,609
1785302913509,xyz:KR200,B,Open Long,884.48,0.0563,0.014759,0.0,13.5985,609
1785302913509,xyz:KR200,B,Open Long,884.5,1.4132,0.370491,0.0,13.6548,609
1785302913509,xyz:KR200,B,Open Long,885.01,0.2169,0.056896,0.0,15.068,609
1785302913509,xyz:KR200,B,Open Long,885.72,0.0135,0.003544,0.0,15.2849,609
1785302913509,xyz:KR200,B,Open Long,885.77,0.5611,0.147312,0.0,15.2984,609
1785302913509,xyz:KR200,B,Open Long,886.64,1.0183,0.267608,0.0,15.8595,609
1785302928406,xyz:EWY,B,Open Long,143.51,13.673,0.581599,0.0,30.528,610
1785303562982,xyz:SKHY,B,Open Long,125.89,0.79,0.058318,0.0,96.31,611
1785303562982,xyz:SKHY,B,Open Long,125.9,4.46,0.329271,0.0,97.1,611
1785303562982,xyz:SKHY,B,Open Long,125.9,6.51,0.480618,0.0,101.56,611
1785303601616,xyz:KR200,B,Open Long,891.89,1.0323,0.272894,0.0,16.8778,612
1785303601616,xyz:KR200,B,Open Long,891.9,0.0682,0.018028,0.0,17.9101,612
1785334980298,xyz:HIMS,B,Open Long,27.915,1.54,0.025208,0.0,607.3,613
1785334980298,xyz:HIMS,B,Open Long,27.915,7.76,0.127026,0.0,608.84,613
1785334980298,xyz:HIMS,B,Open Long,27.916,25.83,0.422835,0.0,616.6,613
1785335027098,xyz:BE,B,Open Long,167.34,2.44,0.239431,0.0,39.84,614
1785335027098,xyz:BE,B,Open Long,167.35,1.94,0.190379,0.0,42.28,614
1785335047701,xyz:XYZ100,B,Close Short,27509.0,0.1496,1.219787,200.245584,-0.1995,615
1785359605543,xyz:SNDK,B,Close Short,980.01,1.293,0.743058,92.43657,-1.852,577
1785359605543,xyz:SNDK,B,Close Short,980.01,0.559,0.321244,39.96291,-0.559,577
1785365434309,xyz:HOOD,B,Open Long,89.599,10.946,0.575111,0.0,16.022,616
1785365471356,xyz:CRCL,B,Open Long,61.56,23.895,0.86258,0.0,482.45,617
1785365494860,xyz:HIMS,B,Open Long,24.903,3.56,0.051986,0.0,642.43,618
1785365494860,xyz:HIMS,B,Open Long,24.908,40.15,0.586432,0.0,645.99,618
1785365494860,xyz:HIMS,B,Open Long,24.909,3.56,0.051999,0.0,686.14,618
1785365494860,xyz:HIMS,B,Open Long,24.912,3.56,0.052005,0.0,689.7,618
1785365494860,xyz:HIMS,B,Open Long,24.915,3.56,0.052011,0.0,693.26,618
1785365494860,xyz:HIMS,B,Open Long,24.918,3.56,0.052018,0.0,696.82,618
1785365494860,xyz:HIMS,B,Open Long,24.924,20.84,0.304585,0.0,700.38,618
1785366195193,xyz:HIMS,B,Open Long,24.899,40.16,0.586366,0.0,721.22,619
1785366195193,xyz:HIMS,B,Open Long,24.902,8.55,0.124851,0.0,761.38,619
1785366195193,xyz:HIMS,B,Open Long,24.908,8.55,0.124881,0.0,769.93,619
1785366195193,xyz:HIMS,B,Open Long,24.908,8.55,0.124881,0.0,778.48,619
1785366195193,xyz:HIMS,B,Open Long,24.911,8.55,0.124896,0.0,787.03,619
1785366195193,xyz:HIMS,B,Open Long,24.911,8.55,0.124896,0.0,795.58,619
1785366195193,xyz:HIMS,B,Open Long,24.913,8.55,0.124906,0.0,804.13,619
1785366195193,xyz:HIMS,B,Open Long,24.913,7.02,0.102554,0.0,812.68,619
1785366217875,xyz:HIMS,B,Open Long,24.956,8.53,0.124829,0.0,819.7,620
1785366217875,xyz:HIMS,B,Open Long,24.957,40.07,0.586415,0.0,828.23,620
1785366217875,xyz:HIMS,B,Open Long,24.958,49.73,0.727816,0.0,868.3,620
1785371757318,xyz:HIMS,B,Open Long,25.122,6.73,0.099142,0.0,918.03,621
1785371757318,xyz:HIMS,B,Open Long,25.134,5.97,0.087988,0.0,924.76,621
1785371757318,xyz:HIMS,B,Open Long,25.134,7.76,0.11437,0.0,930.73,621
1785371757318,xyz:HIMS,B,Open Long,25.134,56.98,0.839803,0.0,938.49,621
1785371757318,xyz:HIMS,B,Open Long,25.135,0.62,0.009137,0.0,995.47,621
1785371829035,xyz:CRCL,B,Open Long,61.703,1.218,0.04407,0.0,506.345,622
1785371829035,xyz:CRCL,B,Open Long,61.707,11.594,0.419528,0.0,507.563,622
1785371829035,xyz:CRCL,B,Open Long,61.709,26.9,0.973407,0.0,519.157,622
1785399962867,xyz:SP500,A,Open Short,7345.4,0.133,0.289564,0.0,-0.098,623
1785400013645,xyz:BE,B,Open Long,163.71,1.31,0.125759,0.0,44.22,624
1785400013645,xyz:BE,B,Open Long,163.71,4.68,0.449277,0.0,45.53,624
1785427882802,xyz:NVDA,B,Close Short,194.11,1.056,0.1202,14.795616,-16.03,625
1785427882802,xyz:NVDA,B,Close Short,194.14,10.966,1.248409,153.315646,-14.974,625
1785427888084,xyz:TSLA,B,Close Short,306.04,5.517,0.99009,146.823921,-7.357,626
1785427901501,xyz:AMD,B,Close Short,486.04,2.13,0.607078,114.02103,-2.841,627
1785427929355,xyz:XYZ100,B,Close Short,28032.0,0.0374,0.310744,30.501196,-0.0499,628
1785427956058,xyz:SP500,B,Close Short,7408.5,0.173,0.379886,-0.783171,-0.231,629
1785427977636,xyz:SMH,B,Close Short,539.49,0.407,0.065081,-0.706145,-21.435,630
1785427977636,xyz:SMH,B,Close Short,539.5,0.5,0.079953,-0.8725,-21.028,630
1785427977636,xyz:SMH,B,Close Short,539.58,9.81,1.568927,-17.90325,-20.528,630
1785427989129,xyz:MU,B,Close Short,863.64,2.936,1.486902,-22.26956,-5.873,631
1785427995224,xyz:SMH,B,Close Short,539.96,0.393,0.062896,-0.866565,-10.718,632
1785427995224,xyz:SMH,B,Close Short,539.97,2.286,0.365866,-5.06349,-10.325,632
1785428042372,xyz:DKNG,B,Open Long,23.51,41.74,0.575437,0.0,201.7,633
1785436159435,xyz:SMSN,A,Close Long,167.0,7.818,0.765607,193.620588,185.479,634
1785436159435,xyz:SMSN,A,Close Long,167.0,3.936,0.385447,97.478976,177.661,634
1785436159435,xyz:SMSN,A,Close Long,166.99,3.932,0.385032,97.340592,173.725,634
1785436159435,xyz:SMSN,A,Close Long,166.98,7.493,0.733692,185.421778,169.793,634
1785436159435,xyz:SMSN,A,Close Long,166.98,7.818,0.765514,193.464228,162.3,634
1785436159435,xyz:SMSN,A,Close Long,166.98,1.753,0.171647,43.379738,154.482,634
1785436159435,xyz:SMSN,A,Close Long,166.98,2.869,0.280923,70.996274,152.729,634
1785436159435,xyz:SMSN,A,Close Long,166.98,2.431,0.238036,60.157526,149.86,634
1785436159435,xyz:SMSN,A,Close Long,166.97,8.319,0.814522,205.778784,147.429,634
1785436166029,xyz:SKHY,A,Close Long,148.17,1.33,0.115559,33.225528,108.07,635
1785436166029,xyz:SKHY,A,Close Long,148.17,12.62,1.096511,315.267792,106.74,635
1785436166029,xyz:SKHY,A,Close Long,148.17,7.49,0.650782,187.112184,94.12,635
1785436166029,xyz:SKHY,A,Close Long,148.17,5.57,0.483959,139.147512,86.63,635
1785436179678,xyz:BE,A,Close Long,201.72,5.95,0.703817,172.45599,50.21,636
1785436179678,xyz:BE,A,Close Long,201.69,6.6,0.780588,191.09772,44.26,636
1785436186162,xyz:KR200,A,Close Long,945.5,0.5262,0.147464,35.208042,17.9783,637
1785436186162,xyz:KR200,A,Close Long,944.58,2.1046,0.589232,138.882554,17.4521,637
1785436186162,xyz:KR200,A,Close Long,942.6,0.053,0.014807,3.39253,15.3475,637
1785436186162,xyz:KR200,A,Close Long,942.58,0.3491,0.097531,22.338909,15.2945,637
1785436186162,xyz:KR200,A,Close Long,942.12,0.3478,0.09712,22.095734,14.9454,637
1785436186162,xyz:KR200,A,Close Long,942.11,0.336,0.093824,21.34272,14.5976,637
1785436186162,xyz:KR200,A,Close Long,942.0,1.0615,0.296379,67.309715,14.2616,637
1785436186162,xyz:KR200,A,Close Long,941.79,4.2109,1.175457,266.12888,13.2001,637
1785436194662,xyz:EWY,A,Close Long,158.91,11.05,0.520464,181.2863,44.201,638
1785436277271,xyz:HIMS,B,Open Long,27.044,70.26,1.114224,0.0,996.09,639
1785436277271,xyz:HIMS,B,Open Long,27.051,2.22,0.035214,0.0,1066.35,639
1785436308301,xyz:HOOD,B,Open Long,87.611,44.761,2.299599,0.0,26.968,640
1785436327874,xyz:DKNG,B,Open Long,23.443,20.91,0.287448,0.0,243.44,641
1785436384506,xyz:CRCL,B,Open Long,63.399,11.172,0.415342,0.0,546.057,642
1785436384506,xyz:CRCL,B,Open Long,63.4,24.37,0.906022,0.0,557.229,642
1785436384506,xyz:CRCL,B,Open Long,63.4,3.081,0.114543,0.0,581.599,642
1785436384506,xyz:CRCL,B,Open Long,63.4,3.081,0.114543,0.0,584.68,642
1785436384506,xyz:CRCL,B,Open Long,63.4,4.874,0.181203,0.0,587.761,642
1785436384506,xyz:CRCL,B,Open Long,63.402,25.2,0.936908,0.0,592.635,642
1785436384506,xyz:CRCL,B,Open Long,63.404,1.624,0.06038,0.0,617.835,642
1785436384506,xyz:CRCL,B,Open Long,63.405,3.085,0.114702,0.0,619.459,642
1785436384506,xyz:CRCL,B,Open Long,63.406,0.856,0.031826,0.0,622.544,642
1785452353123,xyz:COIN,B,Open Long,155.34,0.944,0.085989,0.0,31.021,643
1785452353123,xyz:COIN,B,Open Long,155.35,0.318,0.028968,0.0,31.965,643
1785452372029,xyz:DKNG,B,Open Long,23.75,8.26,0.115036,0.0,264.35,644
1785452409068,xyz:HIMS,B,Open Long,27.149,7.2,0.114624,0.0,1068.57,645
1785452409068,xyz:HIMS,B,Open Long,27.149,0.02,0.000317,0.0,1075.77,645
1785480265535,xyz:CXMT,A,Open Short,7.6818,8.3,0.037387,0.0,-303.0,646
1785480265535,xyz:CXMT,A,Open Short,7.6817,55.4,0.249551,0.0,-311.3,646
1785507256723,xyz:CRCL,B,Open Long,59.768,22.579,0.791346,0.0,623.4,647
1785507256723,xyz:CRCL,B,Open Long,59.769,16.731,0.586396,0.0,645.979,647
1785507256723,xyz:CRCL,B,Open Long,59.769,24.518,0.859319,0.0,662.71,647
1785507256723,xyz:CRCL,B,Open Long,59.777,23.628,0.828237,0.0,687.228,647
1785507256723,xyz:CRCL,B,Open Long,59.78,11.008,0.385885,0.0,710.856,647
1785507305719,xyz:COIN,B,Open Long,140.11,13.972,1.147946,0.0,32.283,648
1785507327439,xyz:HOOD,B,Open Long,84.299,23.288,1.151193,0.0,71.729,649
1785507353022,xyz:CXMT,A,Open Short,7.4963,130.6,0.574095,0.0,-366.7,650
1785507375063,xyz:SP500,A,Open Short,7399.0,0.397,0.870645,0.0,-0.058,651
1785510008145,xyz:SP500,A,Open Short,7445.8,0.263,0.580423,0.0,-0.455,652
1785510053832,xyz:COIN,B,Open Long,141.75,8.069,0.670712,0.0,46.255,653
1785510053832,xyz:COIN,B,Open Long,141.75,5.765,0.479199,0.0,54.324,653
1785524362402,xyz:SP500,A,Open Short,7479.1,0.131,0.290401,0.0,-0.718,654
1785524454309,xyz:SP500,A,Open Short,7481.5,0.131,0.290494,0.0,-0.849,655
1785524477564,xyz:SMH,A,Open Short,544.03,0.407,0.065628,0.0,-8.039,656
1785524477564,xyz:SMH,A,Open Short,543.81,0.036,0.005802,0.0,-8.446,656
1785524477564,xyz:SMH,A,Open Short,543.77,0.036,0.005801,0.0,-8.482,656
1785524477564,xyz:SMH,A,Open Short,543.73,2.207,0.355683,0.0,-8.518,656
1785524477564,xyz:SMH,A,Open Short,543.68,0.901,0.145192,0.0,-10.725,656
1785524477564,xyz:SMH,A,Open Short,543.66,0.917,0.147765,0.0,-11.626,656
1785629041195,xyz:SPCX,B,Close Short,108.48,6.1,0.388037,57.31987,-9.93,657
1785629041195,xyz:SPCX,B,Close Short,108.48,1.34,0.08524,12.591578,-3.83,657
1785726858951,xyz:SP500,A,Open Short,7530.0,0.13,0.233761,0.0,-0.98,473
1785751704826,xyz:SMH,A,Open Short,539.0,0.42,0.067098,0.0,-12.543,658
1785751704826,xyz:SMH,A,Open Short,538.52,3.217,0.513487,0.0,-12.963,658
1785751718701,xyz:AMAT,A,Open Short,504.7,4.853,1.436274,0.0,-12.241,659
1785751747683,xyz:CRCL,B,Open Long,59.337,22.332,0.777045,0.0,721.864,660
1785751747683,xyz:CRCL,B,Open Long,59.343,16.851,0.586393,0.0,744.196,660
1785751747683,xyz:CRCL,B,Open Long,59.344,2.127,0.074017,0.0,761.047,660
1785763811016,xyz:CRCL,B,Open Long,58.5,10.0,0.309347,0.0,763.174,389
1785763811522,xyz:CRCL,B,Open Long,58.5,23.517,0.727493,0.0,773.174,389
1785766079574,xyz:CRCL,B,Open Long,58.0,33.806,1.036843,0.0,796.691,390
1785766656977,xyz:SP500,A,Open Short,7560.0,0.129,0.232886,0.0,-1.11,474
1785773025980,xyz:AMAT,A,Open Short,512.67,4.779,1.436708,0.0,-17.094,661
1785773073670,xyz:BE,B,Open Long,218.27,1.1,0.140792,0.0,37.66,662
1785773073670,xyz:BE,B,Open Long,218.28,1.1,0.140799,0.0,38.76,662
1785773073670,xyz:BE,B,Open Long,218.28,2.28,0.291838,0.0,39.86,662
1785773092030,xyz:CRCL,B,Open Long,59.809,33.112,1.161303,0.0,830.497,663
1785773092030,xyz:CRCL,B,Open Long,59.81,7.87,0.27602,0.0,863.609,663
1785773112879,xyz:CXMT,A,Open Short,7.7596,14.1,0.064158,0.0,-497.3,664
1785773112879,xyz:CXMT,A,Open Short,7.7596,25.0,0.113755,0.0,-511.4,664
1785773112879,xyz:CXMT,A,Open Short,7.7592,87.1,0.396304,0.0,-536.4,664
1785773150391,xyz:HOOD,B,Open Long,91.469,2.403,0.12889,0.0,95.017,665
1785773150391,xyz:HOOD,B,Open Long,91.469,8.316,0.446048,0.0,97.42,665
1785773182498,xyz:ORCL,B,Open Long,137.95,7.107,0.574912,0.0,50.937,666
1785773225239,xyz:SP500,A,Open Short,7579.6,0.129,0.28981,0.0,-1.239,667
1785773250754,xyz:TSM,A,Open Short,403.95,2.427,0.574898,0.0,-20.914,668
1785795450843,xyz:SP500,A,Open Short,7602.0,0.128,0.288413,0.0,-1.368,669
1785850589674,xyz:AVGO,A,Open Short,410.0,0.45,0.097563,0.0,0.0,468
1785850589674,xyz:AVGO,A,Open Short,410.0,1.94,0.420607,0.0,-0.45,468
1785851410001,xyz:SP500,A,Open Short,7650.0,0.128,0.233832,0.0,-1.496,475
1785856872915,xyz:XYZ100,A,Open Short,29500.0,0.0497,0.350116,0.0,-0.0125,480
1785861112834,xyz:SP500,A,Open Short,7712.9,0.254,0.58067,0.0,-1.624,670
1785861141950,xyz:SMH,A,Open Short,573.47,3.139,0.533555,0.0,-16.18,671
1785861141950,xyz:SMH,A,Open Short,573.44,1.559,0.264978,0.0,-19.319,671
1785861192319,xyz:AMAT,A,Open Short,545.66,0.024,0.007678,0.0,-21.873,672
1785861192319,xyz:AMAT,A,Open Short,545.65,3.569,1.141969,0.0,-21.897,672
1785861966929,xyz:XYZ100,A,Open Short,29600.0,0.0331,0.233966,0.0,-0.0622,481
1785865020938,xyz:XYZ100,A,Open Short,29700.0,0.033,0.234047,0.0,-0.0953,482
1785865100052,xyz:SP500,A,Open Short,7737.3,0.253,0.580213,0.0,-1.878,673
1785865138875,xyz:SP500,A,Open Short,7738.0,0.19,0.435773,0.0,-2.131,674
1785865180151,xyz:SMH,A,Open Short,575.8,0.897,0.153087,0.0,-20.878,675
1785865180151,xyz:SMH,A,Open Short,575.79,0.804,0.137213,0.0,-21.775,675
1785870713954,xyz:XYZ100,A,Open Short,29800.0,0.0328,0.233412,0.0,-0.1283,483
1785937224738,xyz:XYZ100,A,Open Short,29900.0,0.0327,0.233481,0.0,-0.1611,484
1785948123308,xyz:AMAT,A,Open Short,544.36,0.081,0.025855,0.0,-25.466,676
1785948123308,xyz:AMAT,A,Open Short,544.31,0.081,0.025853,0.0,-25.547,676
1785948123308,xyz:AMAT,A,Open Short,544.26,0.075,0.023935,0.0,-25.628,676
1785948123308,xyz:AMAT,A,Open Short,544.25,0.08,0.025531,0.0,-25.703,676
1785948123308,xyz:AMAT,A,Open Short,544.17,0.071,0.022656,0.0,-25.783,676
1785948123308,xyz:AMAT,A,Open Short,544.15,0.081,0.025846,0.0,-25.854,676
1785948123308,xyz:AMAT,A,Open Short,544.14,4.032,1.286545,0.0,-25.935,676
1785959557574,xyz:SP500,A,Open Short,7735.9,0.126,0.288907,0.0,-2.321,677
1785968081285,xyz:SKHY,B,Open Long,147.66,0.68,0.058879,0.0,81.06,678
1785968081285,xyz:SKHY,B,Open Long,147.67,0.68,0.058882,0.0,81.74,678
1785968081285,xyz:SKHY,B,Open Long,147.67,5.27,0.456348,0.0,82.42,678
1786016640061,xyz:SMH,A,Open Short,571.84,0.897,0.152035,0.0,-22.579,679
1786016640061,xyz:SMH,A,Open Short,571.84,0.432,0.07322,0.0,-23.476,679
1786016640061,xyz:SMH,A,Open Short,571.83,0.897,0.152032,0.0,-23.908,679
1786016640061,xyz:SMH,A,Open Short,571.6,0.897,0.151971,0.0,-24.805,679
1786016640061,xyz:SMH,A,Open Short,571.11,1.161,0.19653,0.0,-25.702,679
1786018512747,xyz:SMSN,B,Open Long,160.74,24.393,2.299233,0.0,139.11,680
1786023684212,xyz:KR200,B,Open Long,986.0,0.2458,0.071834,0.0,8.9892,681
1786023684212,xyz:KR200,B,Open Long,986.2,0.1378,0.040279,0.0,9.235,681
1786023684212,xyz:KR200,B,Open Long,988.44,1.2646,0.370494,0.0,9.3728,681
1786023684212,xyz:KR200,B,Open Long,988.46,0.3433,0.100579,0.0,10.6374,681
1786031209961,xyz:KR200,B,Open Long,1001.3,0.3353,0.099511,0.0,10.9807,682
1786031209961,xyz:KR200,B,Open Long,1001.8,0.2587,0.076815,0.0,11.316,682
1786031209961,xyz:KR200,B,Open Long,1002.2,0.0255,0.007574,0.0,11.5747,682
1786031209961,xyz:KR200,B,Open Long,1002.3,0.0242,0.007188,0.0,11.6002,682
1786031209961,xyz:KR200,B,Open Long,1002.5,0.0243,0.007219,0.0,11.6244,682
1786031209961,xyz:KR200,B,Open Long,1002.8,0.0243,0.007222,0.0,11.6487,682
1786031209961,xyz:KR200,B,Open Long,1002.9,0.0243,0.007222,0.0,11.673,682
1786031209961,xyz:KR200,B,Open Long,1003.1,0.0243,0.007224,0.0,11.6973,682
1786031209961,xyz:KR200,B,Open Long,1003.3,0.0243,0.007225,0.0,11.7216,682
1786031209961,xyz:KR200,B,Open Long,1003.3,0.0897,0.026674,0.0,11.7459,682
1786031209961,xyz:KR200,B,Open Long,1003.4,0.1244,0.036996,0.0,11.8356,682
1786075789216,xyz:AVGO,B,Close Short,420.89,0.14,0.034553,-1.5246,-2.39,683
1786075789216,xyz:AVGO,B,Close Short,420.9,1.3,0.32086,-14.17,-2.25,683
1786075789216,xyz:AVGO,B,Close Short,420.93,0.11,0.027151,-1.2023,-0.95,683
1786075789216,xyz:AVGO,B,Close Short,420.95,0.24,0.059242,-2.628,-0.84,683
1786075825664,xyz:DKNG,B,Open Long,21.492,2.33,0.029364,0.0,272.61,684
1786075825664,xyz:DKNG,B,Open Long,21.493,43.36,0.546487,0.0,274.94,684
1786111508923,xyz:AMD,B,Close Short,484.32,0.711,0.201926,39.283461,-0.711,685
1786111513838,xyz:ASML,B,Close Short,1726.9,0.158,0.159999,18.982278,-0.158,686
1786111542215,xyz:AVGO,B,Close Short,424.14,0.6,0.149229,-8.484,-0.6,687
1786111588094,xyz:DKNG,B,Open Long,22.412,0.87,0.011433,0.0,318.3,688
1786111588094,xyz:DKNG,B,Open Long,22.414,42.91,0.56399,0.0,319.17,688
1786134409088,xyz:CXMT,B,Close Short,7.1571,14.1,0.059176,-1.191168,-623.5,689
1786134409088,xyz:CXMT,B,Close Short,7.1572,2.9,0.01217,-0.245282,-609.4,689
1786134409088,xyz:CXMT,B,Close Short,7.1574,3.9,0.016367,-0.330642,-606.5,689
1786134409088,xyz:CXMT,B,Close Short,7.1576,3.9,0.016368,-0.331422,-602.6,689
1786134409088,xyz:CXMT,B,Close Short,7.1578,3.9,0.016368,-0.332202,-598.7,689
1786134409088,xyz:CXMT,B,Close Short,7.158,3.0,0.012592,-0.25614,-594.8,689
1786134409088,xyz:CXMT,B,Close Short,7.1582,3.9,0.01637,-0.333762,-591.8,689
1786134409088,xyz:CXMT,B,Close Short,7.1584,3.9,0.01637,-0.334542,-587.9,689
1786134409088,xyz:CXMT,B,Close Short,7.1586,3.9,0.016371,-0.335322,-584.0,689
1786134409088,xyz:CXMT,B,Close Short,7.1605,11.8,0.049546,-1.036984,-580.1,689
1786134409088,xyz:CXMT,B,Close Short,7.162,3.9,0.016378,-0.348582,-568.3,689
1786134409088,xyz:CXMT,B,Close Short,7.1621,3.8,0.015958,-0.340024,-564.4,689
1786134409088,xyz:CXMT,B,Close Short,7.1623,2.9,0.012179,-0.260072,-560.6,689
1786134409088,xyz:CXMT,B,Close Short,7.1625,3.8,0.015959,-0.341544,-557.7,689
1786134409088,xyz:CXMT,B,Close Short,7.1625,242.1,1.016841,-21.759948,-553.9,689
1786134434282,xyz:EWY,B,Open Long,165.6,5.92,0.290575,0.0,33.151,690
1786134470220,xyz:XYZ100,B,Close Short,29704.0,0.1938,1.706266,-14.862522,-0.1938,691
1786134522339,xyz:SMSN,B,Open Long,164.74,17.855,1.724855,0.0,163.503,692
1786134540095,xyz:TSLA,B,Close Short,328.15,0.746,0.143549,3.359238,-1.84,693
1786134540095,xyz:TSLA,B,Close Short,328.15,1.094,0.210515,4.926282,-1.094,693
1786134572895,xyz:CXMT,B,Close Short,7.1549,14.1,0.059158,-1.160148,-311.8,694
1786134685231,xyz:CXMT,B,Close Short,7.1599,3.8,0.015953,-0.331664,-155.9,695
1786134685231,xyz:CXMT,B,Close Short,7.1601,3.8,0.015954,-0.332424,-152.1,695
1786134685231,xyz:CXMT,B,Close Short,7.1603,3.8,0.015954,-0.333184,-148.3,695
1786134685231,xyz:CXMT,B,Close Short,7.1606,3.7,0.015536,-0.325526,-144.5,695
1786134685231,xyz:CXMT,B,Close Short,7.1608,3.7,0.015536,-0.326266,-140.8,695
1786134685231,xyz:CXMT,B,Close Short,7.161,3.8,0.015956,-0.335844,-137.1,695
1786134685231,xyz:CXMT,B,Close Short,7.1612,3.8,0.015957,-0.336604,-133.3,695
1786134685231,xyz:CXMT,B,Close Short,7.1613,3.8,0.015957,-0.336984,-129.5,695
1786134685231,xyz:CXMT,B,Close Short,7.1615,3.8,0.015957,-0.337744,-125.7,695
1786134685231,xyz:CXMT,B,Close Short,7.1617,3.8,0.015958,-0.338504,-121.9,695
1786134685231,xyz:CXMT,B,Close Short,7.1619,3.8,0.015958,-0.339264,-118.1,695
1786134685231,xyz:CXMT,B,Close Short,7.1622,3.8,0.015959,-0.340404,-114.3,695
1786134685231,xyz:CXMT,B,Close Short,7.1624,3.8,0.015959,-0.341164,-110.5,695
1786134685231,xyz:CXMT,B,Close Short,7.1626,3.8,0.015959,-0.341924,-106.7,695
1786134685231,xyz:CXMT,B,Close Short,7.1628,3.8,0.01596,-0.342684,-102.9,695
1786134685231,xyz:CXMT,B,Close Short,7.163,3.8,0.01596,-0.343444,-99.1,695
1786134685231,xyz:CXMT,B,Close Short,7.1632,3.8,0.015961,-0.344204,-95.3,695
1786134685231,xyz:CXMT,B,Close Short,7.1634,3.8,0.015961,-0.344964,-91.5,695
1786134685231,xyz:CXMT,B,Close Short,7.1636,3.8,0.015961,-0.345724,-87.7,695
1786134685231,xyz:CXMT,B,Close Short,7.1638,3.8,0.015963,-0.346484,-83.9,695
1786134685231,xyz:CXMT,B,Close Short,7.1638,2.8,0.011762,-0.255304,-80.1,695
1786134685231,xyz:CXMT,B,Close Short,7.164,3.8,0.015963,-0.347244,-77.3,695
1786134685231,xyz:CXMT,B,Close Short,7.164,25.0,0.105024,-2.2845,-73.5,695
1786134685231,xyz:CXMT,B,Close Short,7.1641,3.8,0.015963,-0.347624,-48.5,695
1786134685231,xyz:CXMT,B,Close Short,7.1643,3.8,0.015964,-0.348384,-44.7,695
1786134685231,xyz:CXMT,B,Close Short,7.1645,3.8,0.015964,-0.349144,-40.9,695
1786134685231,xyz:CXMT,B,Close Short,7.1648,3.8,0.015965,-0.350284,-37.1,695
1786134685231,xyz:CXMT,B,Close Short,7.165,3.8,0.015965,-0.351044,-33.3,695
1786134685231,xyz:CXMT,B,Close Short,7.1652,3.8,0.015965,-0.351804,-29.5,695
1786134685231,xyz:CXMT,B,Close Short,7.1654,3.8,0.015966,-0.352564,-25.7,695
1786134685231,xyz:CXMT,B,Close Short,7.1656,3.8,0.015966,-0.353324,-21.9,695
1786134685231,xyz:CXMT,B,Close Short,7.1656,18.1,0.076053,-1.682938,-18.1,695
1786172629760,xyz:KR200,B,Open Long,980.53,1.0013,0.291005,0.0,11.96,696
1786172667343,xyz:SKHY,B,Open Long,137.28,8.14,0.655277,0.0,87.69,697
1786172667343,xyz:SKHY,B,Open Long,137.28,2.18,0.175491,0.0,95.83,697
1786172667343,xyz:SKHY,B,Open Long,137.28,3.96,0.318783,0.0,98.01,697
1786261160061,xyz:SPCX,B,Short > Long,136.85,7.16,0.574581,-47.243517,-2.49,698
1786261186087,xyz:SPCX,B,Open Long,136.85,7.16,0.574581,0.0,4.67,699
1786289247593,xyz:SP500,A,Open Short,7758.7,0.126,0.289759,0.0,-2.447,700
1786289366163,xyz:SP500,A,Open Short,7758.6,0.252,0.579511,0.0,-2.573,701
1786289674755,xyz:SP500,A,Open Short,7759.5,0.082,0.188592,0.0,-2.825,702
1786289674755,xyz:SP500,A,Open Short,7759.0,0.026,0.059793,0.0,-2.907,702
1786289674755,xyz:SP500,A,Open Short,7758.9,0.026,0.059792,0.0,-2.933,702
1786289674755,xyz:SP500,A,Open Short,7758.7,0.118,0.271361,0.0,-2.959,702
1786382774385,xyz:INTC,A,Open Short,98.655,9.83,0.568677,0.0,-43.7,703
1786462157584,xyz:COIN,B,Open Long,148.71,6.594,0.575019,0.0,60.089,704
1786462183884,xyz:EWY,B,Open Long,167.98,0.893,0.044461,0.0,39.071,705
1786462183884,xyz:EWY,B,Open Long,167.98,2.025,0.100822,0.0,39.964,705
1786462219189,xyz:MU,B,Close Short,859.4,0.1,0.050395,-0.3345,-2.937,706
1786462219189,xyz:MU,B,Close Short,859.5,0.014,0.007055,-0.04823,-2.837,706
1786462219189,xyz:MU,B,Close Short,859.5,0.317,0.15977,-1.092065,-2.823,706
1786462219189,xyz:MU,B,Close Short,859.6,0.873,0.440052,-3.094785,-2.506,706
1786462219189,xyz:MU,B,Close Short,859.61,1.633,0.823154,-5.805315,-1.633,706
1786462231392,xyz:QCOM,B,Close Short,163.06,3.57,0.341357,69.074145,-3.57,707
1786510791769,xyz:COIN,B,Open Long,149.02,17.661,1.543312,0.0,66.683,708
1786510791769,xyz:COIN,B,Open Long,149.02,2.079,0.181673,0.0,84.344,708
1786511181355,xyz:EWY,B,Open Long,170.51,4.223,0.213426,0.0,41.989,709
1786511181355,xyz:EWY,B,Open Long,170.51,7.277,0.367773,0.0,46.212,709
1786633472645,xyz:HIMS,A,Close Long,29.49,0.43,0.007435,0.676003,1075.79,710
1786633472645,xyz:HIMS,A,Close Long,29.49,537.46,9.29426,844.940866,1075.36,710
1786633509423,xyz:COIN,B,Open Long,149.68,19.402,1.702958,0.0,86.423,711
1786633509423,xyz:COIN,B,Open Long,149.68,13.351,1.171847,0.0,105.825,711
1786633570192,xyz:SP500,A,Open Short,7796.1,0.251,0.580001,0.0,-3.077,712
1786661247657,xyz:AMAT,B,Close Short,508.05,0.294,0.087588,-0.511266,-29.967,713
1786661247657,xyz:AMAT,B,Close Short,508.06,0.41,0.122149,-0.71709,-29.673,713
1786661247657,xyz:AMAT,B,Close Short,508.11,0.41,0.122161,-0.73759,-29.263,713
1786661247657,xyz:AMAT,B,Close Short,508.22,0.41,0.122188,-0.78269,-28.853,713
1786661247657,xyz:AMAT,B,Close Short,508.36,9.835,2.931835,-20.151915,-28.443,713
1786661247657,xyz:AMAT,B,Close Short,508.43,0.409,0.121939,-0.866671,-18.608,713
1786661247657,xyz:AMAT,B,Close Short,508.48,0.736,0.219454,-1.596384,-18.199,713
1786661247657,xyz:AMAT,B,Close Short,508.51,0.409,0.121959,-0.899391,-17.463,713
1786661247657,xyz:AMAT,B,Close Short,508.62,1.617,0.482277,-3.733653,-17.054,713
1786661247657,xyz:AMAT,B,Close Short,508.65,0.409,0.121992,-0.956651,-15.437,713
1786661247657,xyz:AMAT,B,Close Short,508.72,0.044,0.013124,-0.105996,-15.028,713
1786664089607,xyz:AMAT,B,Close Short,508.89,1.068,0.318704,-2.754372,-14.984,714
1786664089607,xyz:AMAT,B,Close Short,509.03,0.409,0.122083,-1.112071,-13.916,714
1786664089607,xyz:AMAT,B,Close Short,509.06,0.294,0.087761,-0.808206,-13.507,714
1786664089607,xyz:AMAT,B,Close Short,509.09,0.409,0.122098,-1.136611,-13.213,714
1786664089607,xyz:AMAT,B,Close Short,509.14,0.736,0.219739,-2.082144,-12.804,714
1786664089607,xyz:AMAT,B,Close Short,509.15,0.408,0.121814,-1.158312,-12.068,714
1786664089607,xyz:AMAT,B,Close Short,509.17,2.399,0.716286,-6.858741,-11.66,714
1786664089607,xyz:AMAT,B,Close Short,509.19,5.515,1.646717,-15.877685,-9.261,714
1786666872380,xyz:SKHY,A,Close Long,164.95,0.13,0.012573,4.965545,101.97,715
1786666872380,xyz:SKHY,A,Close Long,164.94,11.2,1.083273,427.6888,101.84,715
1786666872380,xyz:SKHY,A,Close Long,164.93,1.3,0.125728,49.62945,90.64,715
1786666872380,xyz:SKHY,A,Close Long,164.93,21.18,2.048421,808.57827,89.34,715
1786666872380,xyz:SKHY,A,Close Long,164.93,2.6,0.251458,99.2589,68.16,715
1786666872380,xyz:SKHY,A,Close Long,164.93,14.57,1.409136,556.231605,65.56,715
1786667298454,xyz:SMSN,A,Close Long,191.35,1.045,0.117256,46.409495,181.358,716
1786667298454,xyz:SMSN,A,Close Long,191.35,1.045,0.117256,46.409495,180.313,716
1786667298454,xyz:SMSN,A,Close Long,191.34,0.523,0.058681,23.221723,179.268,716
1786667298454,xyz:SMSN,A,Close Long,191.34,7.562,0.848469,335.760362,178.745,716
1786667298454,xyz:SMSN,A,Close Long,191.33,0.971,0.108941,43.103661,171.183,716
1786667298454,xyz:SMSN,A,Close Long,191.33,26.135,2.932239,1160.158785,170.212,716
1786667298454,xyz:SMSN,A,Close Long,191.33,3.096,0.347357,137.434536,144.077,716
1786667298454,xyz:SMSN,A,Close Long,191.32,0.97,0.108824,43.04957,140.981,716
1786667298454,xyz:SMSN,A,Close Long,191.32,0.968,0.108599,42.960808,140.011,716
1786667298454,xyz:SMSN,A,Close Long,191.32,3.024,0.339261,134.208144,139.043,716
1786667321119,xyz:CRCL,A,Close Long,75.073,0.745,0.032796,9.931595,871.479,717
1786667321119,xyz:CRCL,A,Close Long,75.071,1.272,0.055995,16.954488,870.734,717
1786667321119,xyz:CRCL,A,Close Long,75.066,2.054,0.090413,27.367496,869.462,717
1786667321119,xyz:CRCL,A,Close Long,75.065,37.5,1.650678,499.6125,867.408,717
1786667321119,xyz:CRCL,A,Close Long,75.064,4.181,0.184036,55.699282,829.908,717
1786667321119,xyz:CRCL,A,Close Long,75.057,2.515,0.110693,33.487225,825.727,717
1786667321119,xyz:CRCL,A,Close Long,75.055,5.532,0.243475,73.647516,823.212,717
1786667321119,xyz:CRCL,A,Close Long,75.054,5.53,0.243384,73.61536,817.68,717
1786667321119,xyz:CRCL,A,Close Long,75.053,1.272,0.055981,16.931592,812.15,717
1786667321119,xyz:CRCL,A,Close Long,75.053,2.746,0.120853,36.552006,810.878,717
1786667321119,xyz:CRCL,A,Close Long,75.05,66.698,2.935333,887.616984,808.132,717
1786667321119,xyz:CRCL,A,Close Long,75.048,1.272,0.055977,16.925232,741.434,717
1786667321119,xyz:CRCL,A,Close Long,75.045,5.527,0.243222,73.525681,740.162,717
1786667321119,xyz:CRCL,A,Close Long,75.041,2.515,0.11067,33.446985,734.635,717
1786667321119,xyz:CRCL,A,Close Long,75.038,78.51,3.454618,1043.86896,732.12,717
1786671107386,xyz:SMSN,A,Close Long,188.55,2.548,0.28172,106.024828,136.019,718
1786671107386,xyz:SMSN,A,Close Long,188.55,2.55,0.281942,106.10805,133.471,718
1786671107386,xyz:SMSN,A,Close Long,188.52,0.555,0.061353,23.077455,130.921,718
1786671107386,xyz:SMSN,A,Close Long,188.51,28.351,3.133983,1178.579421,130.366,718
1786671224578,xyz:CRCL,A,Close Long,74.848,4.203,0.184473,55.084518,653.61,719
1786671224578,xyz:CRCL,A,Close Long,74.844,0.172,0.007548,2.253544,649.407,719
1786671224578,xyz:CRCL,A,Close Long,74.844,0.228,0.010006,2.987256,649.235,719
1786671224578,xyz:CRCL,A,Close Long,74.844,4.952,0.217335,64.881104,649.007,719
1786671224578,xyz:CRCL,A,Close Long,74.843,3.673,0.1612,48.119973,644.055,719
1786671224578,xyz:CRCL,A,Close Long,74.843,1.7,0.074608,22.2717,640.382,719
1786671224578,xyz:CRCL,A,Close Long,74.842,2.527,0.110902,33.1037,638.682,719
1786671224578,xyz:CRCL,A,Close Long,74.841,4.952,0.217326,64.866248,636.155,719
1786671224578,xyz:CRCL,A,Close Long,74.84,2.527,0.1109,33.098646,631.203,719
1786671224578,xyz:CRCL,A,Close Long,74.834,0.2,0.008776,2.6184,628.676,719
1786671224578,xyz:CRCL,A,Close Long,74.834,4.953,0.21735,64.844676,628.476,719
1786671224578,xyz:CRCL,A,Close Long,74.833,4.952,0.217303,64.826632,623.523,719
1786671224578,xyz:CRCL,A,Close Long,74.832,1.418,0.062223,18.56162,618.571,719
1786671224578,xyz:CRCL,A,Close Long,74.832,126.945,5.570534,1661.71005,617.153,719
1786671910549,xyz:BE,A,Close Long,236.67,10.53,1.461387,622.245078,42.14,720
1786672350614,xyz:ORCL,A,Close Long,155.86,0.415,0.037928,12.88409,58.044,721
1786672350614,xyz:ORCL,A,Close Long,155.85,0.405,0.037012,12.56958,57.629,721
1786672350614,xyz:ORCL,A,Close Long,155.84,2.161,0.197481,67.047186,57.224,721
1786672350614,xyz:ORCL,A,Close Long,155.84,6.434,0.587968,199.621284,55.063,721
1786672350614,xyz:ORCL,A,Close Long,155.83,2.468,0.225522,76.547488,48.629,721
1786672350614,xyz:ORCL,A,Close Long,155.83,0.117,0.010691,3.628872,46.161,721
1786701571587,xyz:AMAT,B,Close Short,506.65,0.982,0.291751,-0.332898,-3.746,722
1786701571587,xyz:AMAT,B,Close Short,506.76,0.991,0.294489,-0.444959,-2.764,722
1786701571587,xyz:AMAT,B,Close Short,506.77,1.773,0.526881,-0.813807,-1.773,722
1786717402544,xyz:SMSN,A,Close Long,193.01,0.518,0.058627,23.864778,102.015,723
1786717402544,xyz:SMSN,A,Close Long,193.01,0.518,0.058627,23.864778,101.497,723
1786717402544,xyz:SMSN,A,Close Long,193.0,0.949,0.107402,43.711889,100.979,723
1786717402544,xyz:SMSN,A,Close Long,193.0,0.949,0.107402,43.711889,100.03,723
1786717402544,xyz:SMSN,A,Close Long,193.0,29.19,3.303584,1344.52059,99.081,723
1786717402544,xyz:SMSN,A,Close Long,193.0,10.42,1.179285,479.95562,69.891,723
1786717402544,xyz:SMSN,A,Close Long,193.0,10.513,1.18981,484.239293,59.471,723
1786717402544,xyz:SMSN,A,Close Long,193.0,5.312,0.601186,244.676032,48.958,723
1786717402544,xyz:SMSN,A,Close Long,192.99,3.9,0.441359,179.5989,43.646,723
1786717402544,xyz:SMSN,A,Close Long,192.99,32.821,3.71433,1511.439871,39.746,723
1786717402544,xyz:SMSN,A,Close Long,192.99,0.948,0.107284,43.656348,6.925,723
1786717402544,xyz:SMSN,A,Close Long,192.99,0.777,0.087931,35.781627,5.977,723
1786717402544,xyz:SMSN,A,Close Long,192.98,0.949,0.107392,43.692909,5.2,723
1786717402544,xyz:SMSN,A,Close Long,192.98,4.251,0.481056,195.720291,4.251,723
1786717411493,xyz:CRCL,A,Close Long,72.115,7.203,0.304601,74.716719,490.208,724
1786717411493,xyz:CRCL,A,Close Long,72.113,6.151,0.260107,63.792021,483.005,724
1786717411493,xyz:CRCL,A,Close Long,72.107,7.207,0.304736,74.700555,476.854,724
1786717411493,xyz:CRCL,A,Close Long,72.1,0.693,0.029299,7.178094,469.647,724
1786717411493,xyz:CRCL,A,Close Long,72.099,7.201,0.304449,74.580757,468.954,724
1786717411493,xyz:CRCL,A,Close Long,72.098,2.723,0.115123,28.199388,461.753,724
1786717411493,xyz:CRCL,A,Close Long,72.097,7.208,0.304736,74.63884,459.03,724
1786717411493,xyz:CRCL,A,Close Long,72.095,2.722,0.115076,28.180866,451.822,724
1786717411493,xyz:CRCL,A,Close Long,72.092,67.325,2.846146,696.81375,449.1,724
1786717411493,xyz:CRCL,A,Close Long,72.092,7.205,0.304589,74.57175,381.775,724
1786717411493,xyz:CRCL,A,Close Long,72.091,46.365,1.96004,479.831385,374.57,724
1786717411493,xyz:CRCL,A,Close Long,72.09,0.693,0.029295,7.171164,328.205,724
1786717411493,xyz:CRCL,A,Close Long,72.087,98.838,4.178061,1022.47911,327.512,724
1786717411493,xyz:CRCL,A,Close Long,72.087,2.722,0.115063,28.15909,228.674,724
1786717411618,xyz:CRCL,A,Close Long,72.086,8.006,0.305181,82.814064,225.952,724
1786717411618,xyz:CRCL,A,Close Long,72.086,8.006,0.305181,82.814064,217.946,724
1786717411618,xyz:CRCL,A,Close Long,72.086,8.006,0.305181,82.814064,209.94,724
1786717411618,xyz:CRCL,A,Close Long,72.086,8.006,0.305181,82.814064,201.934,724
1786717411618,xyz:CRCL,A,Close Long,72.086,8.006,0.305181,82.814064,193.928,724
1786717411618,xyz:CRCL,A,Close Long,72.086,8.006,0.305181,82.814064,185.922,724
1786717411618,xyz:CRCL,A,Close Long,72.086,8.006,0.305181,82.814064,177.916,724
1786717411618,xyz:CRCL,A,Close Long,72.086,4.003,0.15259,41.407032,169.91,724
1786717411618,xyz:CRCL,A,Close Long,72.086,8.006,0.305181,82.814064,165.907,724
1786717411618,xyz:CRCL,A,Close Long,72.086,4.003,0.15259,41.407032,157.901,724
1786717411618,xyz:CRCL,A,Close Long,72.086,36.731,1.400151,379.945464,153.898,724
1786717412219,xyz:CRCL,A,Close Long,72.086,0.579,0.02207,5.989176,117.167,724
1786717412958,xyz:CRCL,A,Close Long,72.086,0.578,0.022031,5.978832,116.588,724
1786717412958,xyz:CRCL,A,Close Long,72.086,2.756,0.105055,28.508064,116.01,724
1786717412958,xyz:CRCL,A,Close Long,72.086,1.016,0.038728,10.509504,113.254,724
1786717412958,xyz:CRCL,A,Close Long,72.086,2.009,0.07658,20.781096,112.238,724
1786717413290,xyz:CRCL,A,Close Long,72.086,0.578,0.022031,5.978832,110.229,724
1786717416453,xyz:CRCL,A,Close Long,72.086,6.994,0.266604,72.345936,109.651,724
1786717416453,xyz:CRCL,A,Close Long,72.086,5.653,0.215487,58.474632,102.657,724
1786717416453,xyz:CRCL,A,Close Long,72.086,97.004,3.697702,1003.409376,97.004,724
1786717572910,xyz:SMSN,B,Open Long,192.93,22.627,2.308437,0.0,0.0,725
1786717576930,xyz:SMSN,B,Open Long,192.93,28.188,2.875778,0.0,22.627,725
1786717672368,xyz:CRCL,B,Open Long,72.579,0.4,0.017023,0.0,0.0,727
1786717672368,xyz:CRCL,B,Open Long,72.59,6.909,0.294093,0.0,0.4,727
1786717672368,xyz:CRCL,B,Open Long,72.593,0.554,0.023582,0.0,7.309,727
1786717672368,xyz:CRCL,B,Open Long,72.596,6.909,0.294117,0.0,7.863,727
1786717672368,xyz:CRCL,B,Open Long,72.596,6.829,0.290712,0.0,14.772,727
1786717672368,xyz:CRCL,B,Open Long,72.599,6.909,0.29413,0.0,21.601,727
1786717672368,xyz:CRCL,B,Open Long,72.601,39.086,1.664016,0.0,28.51,727
1786717751022,xyz:CRCL,B,Open Long,72.378,135.475,5.749891,0.0,67.596,728
1786717838791,xyz:CRCL,B,Open Long,72.22,4.253,0.16242,0.0,203.071,726
1786717838791,xyz:CRCL,B,Open Long,72.22,4.253,0.16242,0.0,207.324,726
1786717838791,xyz:CRCL,B,Open Long,72.22,4.253,0.16242,0.0,211.577,726
1786717838791,xyz:CRCL,B,Open Long,72.22,4.253,0.16242,0.0,215.83,726
1786717838791,xyz:CRCL,B,Open Long,72.22,3.542,0.135268,0.0,220.083,726
1786717838791,xyz:CRCL,B,Open Long,72.22,1.801,0.068779,0.0,223.625,726
1786717838791,xyz:CRCL,B,Open Long,72.22,2.267,0.086576,0.0,225.426,726
1786717838791,xyz:CRCL,B,Open Long,72.22,3.616,0.138094,0.0,227.693,726
1786717838791,xyz:CRCL,B,Open Long,72.22,39.637,1.513734,0.0,231.309,726
1786718817917,xyz:HIMS,B,Open Long,28.918,68.5,1.161589,0.0,537.9,729
1786718817917,xyz:HIMS,B,Open Long,28.92,20.65,0.350196,0.0,606.4,729
1786718817917,xyz:HIMS,B,Open Long,28.921,114.27,1.937935,0.0,627.05,729
1786719102637,xyz:BE,B,Open Long,241.95,2.45,0.347603,0.0,31.61,730
1786719102637,xyz:BE,B,Open Long,241.99,0.83,0.117778,0.0,34.06,730
1786719102637,xyz:BE,B,Open Long,242.01,4.82,0.684028,0.0,34.89,730
1786719143837,xyz:EWZ,B,Open Long,33.797,0.53,0.005308,0.0,82.84,731
1786719143837,xyz:EWZ,B,Open Long,33.799,0.38,0.003806,0.0,83.37,731
1786719143837,xyz:EWZ,B,Open Long,33.802,0.53,0.005309,0.0,83.75,731
1786719143837,xyz:EWZ,B,Open Long,33.805,0.53,0.005309,0.0,84.28,731
1786719143837,xyz:EWZ,B,Open Long,33.807,0.38,0.003806,0.0,84.81,731
1786719143837,xyz:EWZ,B,Open Long,33.81,0.53,0.005311,0.0,85.19,731
1786719143837,xyz:EWZ,B,Open Long,33.813,0.53,0.005311,0.0,85.72,731
1786719143837,xyz:EWZ,B,Open Long,33.815,25.49,0.255479,0.0,86.25,731
1786719143837,xyz:EWZ,B,Open Long,33.816,0.11,0.001102,0.0,111.74,731
1786719165070,xyz:CRCL,B,Open Long,71.679,21.072,0.885709,0.0,270.946,732
1786719165070,xyz:CRCL,B,Open Long,71.684,6.297,0.264697,0.0,292.018,732
1786719249000,xyz:SMH,A,Open Short,587.94,0.678,0.118151,0.0,-26.863,733
1786719249000,xyz:SMH,A,Open Short,587.94,0.989,0.172348,0.0,-27.541,733
1786719277324,xyz:SMSN,B,Open Long,193.04,24.613,2.786157,0.0,50.815,734
1786719277324,xyz:SMSN,B,Open Long,193.05,0.783,0.088639,0.0,75.428,734
1786719503339,xyz:SNDK,B,Open Long,1628.3,0.11,0.105031,0.0,0.0,736
1786719503339,xyz:SNDK,B,Open Long,1628.3,0.491,0.468823,0.0,0.11,736
1786719532718,xyz:MU,B,Open Long,970.05,1.01,0.574525,0.0,0.0,737
1786719679030,xyz:ORCL,B,Open Long,152.97,0.99,0.080081,0.0,46.044,738
1786719679095,xyz:ORCL,B,Open Long,152.97,6.7,0.541966,0.0,47.034,738
1786720108134,xyz:SKHY,B,Open Long,166.66,0.6,0.058637,0.0,50.99,740
1786720108134,xyz:SKHY,B,Open Long,166.66,1.8,0.175912,0.0,51.59,740
1786720108134,xyz:SKHY,B,Open Long,166.67,2.54,0.248246,0.0,53.39,740
1786720108134,xyz:SKHY,B,Open Long,166.67,1.88,0.183741,0.0,55.93,740
1786720108134,xyz:SKHY,B,Open Long,166.67,4.5,0.439808,0.0,57.81,740
1786720108134,xyz:SKHY,B,Open Long,166.68,0.44,0.043005,0.0,62.31,740
1786720943274,xyz:SKHY,B,Open Long,166.25,11.79,1.036493,0.0,62.75,739
1786751376915,xyz:AMZN,B,Open Long,263.18,3.725,0.574873,0.0,0.0,741
1786793376968,xyz:AMAT,A,Open Short,505.59,0.198,0.058702,0.0,0.0,742
1786793376968,xyz:AMAT,A,Open Short,505.58,0.398,0.117995,0.0,-0.198,742
1786793376968,xyz:AMAT,A,Open Short,505.58,0.412,0.122146,0.0,-0.596,742
1786793376968,xyz:AMAT,A,Open Short,505.47,0.494,0.146425,0.0,-1.008,742
1786793376968,xyz:AMAT,A,Open Short,505.42,0.784,0.232359,0.0,-1.502,742
1786793376968,xyz:AMAT,A,Open Short,505.39,1.589,0.470916,0.0,-2.286,742
1786975051526,xyz:MU,A,Long > Short,1020.0,1.948,1.050704,50.4495,1.01,462
1786975051526,xyz:MU,A,Open Short,1020.0,0.03,0.016181,0.0,-0.938,462
1786975051594,xyz:MU,A,Open Short,1020.0,0.905,0.488135,0.0,-0.968,462
1786979227197,xyz:SMH,A,Open Short,600.0,0.006,0.000859,0.0,-28.53,448
1786979230119,xyz:SMH,A,Open Short,600.0,0.029,0.004155,0.0,-28.536,448
1786979230119,xyz:SMH,A,Open Short,600.0,0.041,0.005874,0.0,-28.565,448
1787045395189,xyz:BE,B,Open Long,220.0,0.7,0.081435,0.0,39.71,735
1787045395189,xyz:BE,B,Open Long,220.0,3.34,0.388562,0.0,40.41,735
1787045395189,xyz:BE,B,Open Long,220.0,3.34,0.388562,0.0,43.75,735
1787045412906,xyz:BE,B,Open Long,220.0,1.53,0.177994,0.0,47.09,735
1787063060599,xyz:AMZN,B,Open Long,260.43,3.764,0.574823,0.0,3.725,743
1787063080236,xyz:CRCL,B,Open Long,72.971,13.443,0.575228,0.0,298.315,744
1787063080236,xyz:CRCL,B,Open Long,72.972,0.2,0.008557,0.0,311.758,744
1787063080236,xyz:CRCL,B,Open Long,72.973,2.67,0.114251,0.0,311.958,744
1787063080236,xyz:CRCL,B,Open Long,72.981,2.67,0.114264,0.0,314.628,744
1787063080236,xyz:CRCL,B,Open Long,72.982,21.34,0.913279,0.0,317.298,744
1787063112867,xyz:COIN,B,Open Long,148.94,0.491,0.042882,0.0,119.176,745
1787063112867,xyz:COIN,B,Open Long,148.94,8.002,0.698881,0.0,119.667,745
1787063112867,xyz:COIN,B,Open Long,148.95,8.446,0.737708,0.0,127.669,745
1787063112867,xyz:COIN,B,Open Long,148.97,2.817,0.246081,0.0,136.115,745
1787063259042,xyz:KR200,B,Open Long,1062.2,0.0355,0.011175,0.0,12.9613,746
1787063259042,xyz:KR200,B,Open Long,1062.4,0.2473,0.077873,0.0,12.9968,746
1787063259042,xyz:KR200,B,Open Long,1062.7,0.2542,0.080068,0.0,13.2441,746
1787063259042,xyz:KR200,B,Open Long,1062.9,0.2533,0.079799,0.0,13.4983,746
1787063259042,xyz:KR200,B,Open Long,1063.1,0.1744,0.054952,0.0,13.7516,746
1787063259042,xyz:KR200,B,Open Long,1063.2,0.5643,0.177828,0.0,13.926,746
1787063259042,xyz:KR200,B,Open Long,1063.2,0.0112,0.003528,0.0,14.4903,746
1787063259042,xyz:KR200,B,Open Long,1063.2,0.25,0.078783,0.0,14.5015,746
1787063259042,xyz:KR200,B,Open Long,1063.3,0.047,0.014811,0.0,14.7515,746
1787063259042,xyz:KR200,B,Open Long,1063.3,0.0093,0.00293,0.0,14.7985,746
1787063277129,xyz:EWY,B,Open Long,175.16,11.2,0.581474,0.0,53.489,747
1787063376522,xyz:SMSN,B,Open Long,185.11,10.596,1.150179,0.0,76.211,748
1787063412013,xyz:ORCL,B,Open Long,143.82,1.157,0.097575,0.0,53.734,749
1787063412013,xyz:ORCL,B,Open Long,143.83,1.049,0.088473,0.0,54.891,749
1787063412013,xyz:ORCL,B,Open Long,143.84,0.991,0.083587,0.0,55.94,749
1787063412013,xyz:ORCL,B,Open Long,143.84,1.041,0.087805,0.0,56.931,749
1787063412013,xyz:ORCL,B,Open Long,143.84,9.39,0.792024,0.0,57.972,749
1787071101533,xyz:KR200,B,Open Long,1035.8,0.0834,0.025604,0.0,14.8078,750
1787071101533,xyz:KR200,B,Open Long,1035.9,0.0197,0.006048,0.0,14.8912,750
1787071101533,xyz:KR200,B,Open Long,1036.0,0.0197,0.006048,0.0,14.9109,750
1787071101533,xyz:KR200,B,Open Long,1036.4,0.0252,0.00774,0.0,14.9306,750
1787071101533,xyz:KR200,B,Open Long,1036.5,0.137,0.042088,0.0,14.9558,750
1787071101533,xyz:KR200,B,Open Long,1036.6,1.6087,0.494269,0.0,15.0928,750
1787071140414,xyz:KR200,B,Open Long,1036.5,0.0331,0.010168,0.0,16.7015,751
1787071140414,xyz:KR200,B,Open Long,1036.5,0.0834,0.025621,0.0,16.7346,751
1787071140414,xyz:KR200,B,Open Long,1036.9,0.0144,0.004425,0.0,16.818,751
1787071140414,xyz:KR200,B,Open Long,1037.1,0.1386,0.042604,0.0,16.8324,751
1787071140414,xyz:KR200,B,Open Long,1037.3,0.1386,0.042612,0.0,16.971,751
1787071140414,xyz:KR200,B,Open Long,1037.3,0.0115,0.003535,0.0,17.1096,751
1787071140414,xyz:KR200,B,Open Long,1037.4,0.0144,0.004427,0.0,17.1211,751
1787071140414,xyz:KR200,B,Open Long,1037.4,1.1748,0.361232,0.0,17.1355,751
1787071171417,xyz:SMSN,B,Open Long,180.62,0.554,0.058676,0.0,86.807,752
1787071171417,xyz:SMSN,B,Open Long,180.63,7.501,0.794515,0.0,87.361,752
1787071171417,xyz:SMSN,B,Open Long,180.64,3.063,0.324455,0.0,94.862,752
1787071171417,xyz:SMSN,B,Open Long,180.64,1.348,0.142789,0.0,97.925,752
1787071171417,xyz:SMSN,B,Open Long,180.64,3.816,0.404218,0.0,99.273,752
1787071193999,xyz:EWY,B,Open Long,171.47,17.153,0.871778,0.0,64.689,753
1787071221483,xyz:COIN,B,Open Long,148.65,5.745,0.500782,0.0,138.932,754
1787071221483,xyz:COIN,B,Open Long,148.65,3.4,0.296372,0.0,144.677,754
1787071221483,xyz:COIN,B,Open Long,148.66,5.745,0.500815,0.0,148.077,754
1787071221483,xyz:COIN,B,Open Long,148.66,2.05,0.178706,0.0,153.822,754
1787071221483,xyz:COIN,B,Open Long,148.66,16.039,1.398186,0.0,155.872,754
1787071273178,xyz:SKHY,B,Open Long,157.17,24.93,2.29766,0.0,74.54,755
1787071297151,xyz:ORCL,B,Open Long,143.69,0.763,0.064289,0.0,67.362,756
1787071297151,xyz:ORCL,B,Open Long,143.7,12.884,1.085678,0.0,68.125,756
1787071322539,xyz:BE,B,Open Long,209.34,0.74,0.090839,0.0,48.62,757
1787071322539,xyz:BE,B,Open Long,209.34,2.99,0.367043,0.0,49.36,757
1787071322539,xyz:BE,B,Open Long,209.36,0.74,0.090848,0.0,52.35,757
1787071322539,xyz:BE,B,Open Long,209.38,4.84,0.594256,0.0,53.09,757
1787071322539,xyz:BE,B,Open Long,209.39,4.89,0.600424,0.0,57.93,757
1787071322539,xyz:BE,B,Open Long,209.4,0.73,0.089638,0.0,62.82,757
1787071322539,xyz:BE,B,Open Long,209.42,4.76,0.584545,0.0,63.55,757
1787071322539,xyz:BE,B,Open Long,209.43,0.71,0.087194,0.0,68.31,757
1787071322539,xyz:BE,B,Open Long,209.43,3.02,0.370885,0.0,69.02,757
1787071371141,xyz:HOOD,A,Close Long,93.178,6.258,0.341933,22.297254,105.736,758
1787071371141,xyz:HOOD,A,Close Long,93.174,6.601,0.360659,23.492959,99.478,758
1787071371141,xyz:HOOD,A,Close Long,93.173,1.33,0.072666,4.73214,92.877,758
1787071371141,xyz:HOOD,A,Close Long,93.17,9.034,0.49357,32.11587,91.547,758
1787071371141,xyz:HOOD,A,Close Long,93.167,6.587,0.359867,23.397024,82.513,758
1787071371141,xyz:HOOD,A,Close Long,93.164,29.937,1.635498,106.246413,75.926,758
1787071371141,xyz:HOOD,A,Close Long,93.163,10.581,0.578047,37.541388,45.989,758
1787071371141,xyz:HOOD,A,Close Long,93.161,19.321,1.055497,68.512266,35.408,758
1787071371141,xyz:HOOD,A,Close Long,93.16,6.228,0.340229,22.07826,16.087,758
1787071371141,xyz:HOOD,A,Close Long,93.157,9.859,0.538569,34.920578,9.859,758
1787071387560,xyz:HOOD,B,Open Long,93.171,42.082,2.29917,0.0,0.0,759
1787071416539,xyz:AMZN,B,Open Long,261.37,5.728,0.877914,0.0,7.489,760
1787071416539,xyz:AMZN,B,Open Long,261.38,1.775,0.272059,0.0,13.217,760
1787079551777,xyz:CRCL,B,Open Long,71.848,18.89,0.795866,0.0,338.638,761
1787079551777,xyz:CRCL,B,Open Long,71.85,8.401,0.353957,0.0,357.528,761
1787079588497,xyz:COIN,B,Open Long,147.0,3.909,0.336958,0.0,171.911,762
1787079588497,xyz:COIN,B,Open Long,147.0,3.019,0.260239,0.0,175.82,762
1787079588497,xyz:COIN,B,Open Long,147.02,6.412,0.552794,0.0,178.839,762
1787079611229,xyz:SNDK,B,Open Long,1611.2,0.608,0.574442,0.0,0.601,763
1787079639281,xyz:KR200,B,Open Long,1035.6,0.0523,0.016052,0.0,18.3103,764
1787079639281,xyz:KR200,B,Open Long,1036.1,0.0981,0.030125,0.0,18.3626,764
1787079639281,xyz:KR200,B,Open Long,1036.3,0.1026,0.031514,0.0,18.4607,764
1787079639281,xyz:KR200,B,Open Long,1036.5,0.0115,0.003532,0.0,18.5633,764
1787079639281,xyz:KR200,B,Open Long,1036.5,0.1026,0.03152,0.0,18.5748,764
1787079639281,xyz:KR200,B,Open Long,1036.6,0.1038,0.031891,0.0,18.6774,764
1787079639281,xyz:KR200,B,Open Long,1036.7,0.476,0.146263,0.0,18.7812,764
1787081340021,xyz:HIMS,B,Open Long,27.729,35.36,0.574962,0.0,741.32,765
1787081483402,xyz:IBM,B,Open Long,234.41,0.31,0.042611,0.0,4.33,766
1787081483402,xyz:IBM,B,Open Long,234.42,3.87,0.531984,0.0,4.64,766
1787081537944,xyz:HIMS,B,Open Long,27.736,35.36,0.575108,0.0,776.68,767
1787081646391,xyz:SMSN,B,Open Long,180.15,0.555,0.058629,0.0,103.089,768
1787081646391,xyz:SMSN,B,Open Long,180.16,0.555,0.058633,0.0,103.644,768
1787081646391,xyz:SMSN,B,Open Long,180.17,1.054,0.111356,0.0,104.199,768
1787081646391,xyz:SMSN,B,Open Long,180.17,3.278,0.346325,0.0,105.253,768
1787081673848,xyz:SKHY,B,Open Long,155.61,3.0,0.273749,0.0,99.47,769
1787081673848,xyz:SKHY,B,Open Long,155.61,9.6,0.875997,0.0,102.47,769
1787081691873,xyz:SMSN,B,Open Long,179.95,1.158,0.122195,0.0,108.531,770
1787081691873,xyz:SMSN,B,Open Long,179.95,1.093,0.115335,0.0,109.689,770
1787081691873,xyz:SMSN,B,Open Long,179.95,3.198,0.337461,0.0,110.782,770
1787082165381,xyz:SP500,A,Open Short,7695.6,0.127,0.289683,0.0,-3.328,771
1787082194357,xyz:SMSN,B,Open Long,180.12,5.44,0.574585,0.0,113.98,772
1787082245937,xyz:COIN,B,Open Long,147.26,2.241,0.193516,0.0,185.251,773
1787082245937,xyz:COIN,B,Open Long,147.26,3.872,0.334359,0.0,187.492,773
1787082245937,xyz:COIN,B,Open Long,147.26,8.15,0.703778,0.0,191.364,773
1787082245937,xyz:COIN,B,Open Long,147.27,4.212,0.363744,0.0,199.514,773
1787082245937,xyz:COIN,B,Open Long,147.27,1.499,0.129451,0.0,203.726,773
1787082274434,xyz:BE,B,Open Long,209.82,3.2,0.393723,0.0,72.04,774
1787082274434,xyz:BE,B,Open Long,209.84,3.2,0.39376,0.0,75.24,774
1787082274434,xyz:BE,B,Open Long,209.84,2.93,0.360536,0.0,78.44,774
1787082297445,xyz:ORCL,B,Open Long,143.38,0.644,0.054145,0.0,81.009,775
1787082297445,xyz:ORCL,B,Open Long,143.39,1.006,0.084588,0.0,81.653,775
1787082297445,xyz:ORCL,B,Open Long,143.4,1.192,0.100234,0.0,82.659,775
1787082297445,xyz:ORCL,B,Open Long,143.4,2.01,0.16902,0.0,83.851,775
1787082297445,xyz:ORCL,B,Open Long,143.41,1.209,0.101671,0.0,85.861,775
1787082297445,xyz:ORCL,B,Open Long,143.41,0.656,0.055166,0.0,87.07,775
1787082297445,xyz:ORCL,B,Open Long,143.41,0.656,0.055166,0.0,87.726,775
1787082297445,xyz:ORCL,B,Open Long,143.42,1.209,0.101678,0.0,88.382,775
1787082297445,xyz:ORCL,B,Open Long,143.42,5.092,0.428244,0.0,89.591,775
1787082383803,xyz:HOOD,B,Open Long,92.6,8.631,0.468668,0.0,42.082,776
1787082383803,xyz:HOOD,B,Open Long,92.607,1.647,0.089439,0.0,50.713,776
1787082383803,xyz:HOOD,B,Open Long,92.608,8.629,0.4686,0.0,52.36,776
1787082383803,xyz:HOOD,B,Open Long,92.617,7.559,0.410532,0.0,60.989,776
1787082452553,xyz:AMZN,B,Open Long,259.91,3.374,0.514235,0.0,14.992,777
1787082452553,xyz:AMZN,B,Open Long,259.92,11.714,1.785413,0.0,18.366,777
1787082475686,xyz:EWZ,B,Open Long,33.76,0.38,0.003802,0.0,111.85,778
1787082475686,xyz:EWZ,B,Open Long,33.763,0.45,0.004502,0.0,112.23,778
1787082475686,xyz:EWZ,B,Open Long,33.766,0.45,0.004502,0.0,112.68,778
1787082475686,xyz:EWZ,B,Open Long,33.766,56.81,0.568567,0.0,113.13,778
1787082511482,xyz:SPCX,B,Open Long,142.77,13.73,1.14948,0.0,11.83,779
1787082540574,xyz:GOOGL,B,Open Long,344.18,0.432,0.087188,0.0,4.416,780
1787082540574,xyz:GOOGL,B,Open Long,344.18,6.689,1.350021,0.0,4.848,780
1787082576783,xyz:MSTR,B,Close Short,93.23,5.609,0.713271,21.813401,-14.099,781
1787082576783,xyz:MSTR,B,Close Short,93.232,4.939,0.628084,19.197893,-8.49,781
1787082576783,xyz:MSTR,B,Close Short,93.233,3.551,0.451579,13.799186,-3.551,781
1787082875044,xyz:MU,B,Close Short,939.47,0.115,0.063353,9.26095,-1.873,782
1787082875044,xyz:MU,B,Close Short,939.48,1.037,0.571294,83.49924,-1.758,782
1787082875044,xyz:MU,B,Close Short,939.48,0.721,0.397206,58.05492,-0.721,782
1787121676854,xyz:CRCL,B,Open Long,70.335,20.44,0.843035,0.0,365.929,783
1787121676854,xyz:CRCL,B,Open Long,70.341,7.438,0.306802,0.0,386.369,783
1787121727313,xyz:KR200,B,Open Long,1018.7,0.0147,0.004437,0.0,19.2572,784
1787121727313,xyz:KR200,B,Open Long,1019.1,0.0733,0.022141,0.0,19.2719,784
1787121727313,xyz:KR200,B,Open Long,1019.4,0.1515,0.045775,0.0,19.3452,784
1787121727313,xyz:KR200,B,Open Long,1019.6,0.1513,0.045723,0.0,19.4967,784
1787121727313,xyz:KR200,B,Open Long,1019.7,0.049,0.014809,0.0,19.648,784
1787121727313,xyz:KR200,B,Open Long,1020.0,0.05,0.015116,0.0,19.697,784
1787121727313,xyz:KR200,B,Open Long,1020.0,0.1514,0.045771,0.0,19.747,784
1787121727313,xyz:KR200,B,Open Long,1020.2,0.1515,0.045811,0.0,19.8984,784
1787121727313,xyz:KR200,B,Open Long,1020.5,0.1513,0.045764,0.0,20.0499,784
1787121727313,xyz:KR200,B,Open Long,1020.7,0.1514,0.045803,0.0,20.2012,784
1787121727313,xyz:KR200,B,Open Long,1020.8,0.0515,0.015581,0.0,20.3526,784
1787121727313,xyz:KR200,B,Open Long,1021.0,0.7793,0.235834,0.0,20.4041,784
1787123205926,xyz:KR200,B,Open Long,1039.1,0.0594,0.018293,0.0,21.1834,785
1787123205926,xyz:KR200,B,Open Long,1039.1,0.1088,0.033508,0.0,21.2428,785
1787123205926,xyz:KR200,B,Open Long,1039.2,1.2028,0.370484,0.0,21.3516,785
1787123205926,xyz:KR200,B,Open Long,1040.6,0.1322,0.040774,0.0,22.5544,785
1787123205926,xyz:KR200,B,Open Long,1040.7,0.1324,0.040839,0.0,22.6866,785
1787123205926,xyz:KR200,B,Open Long,1041.1,1.0531,0.324967,0.0,22.819,785
1787123205926,xyz:KR200,B,Open Long,1041.5,0.048,0.014817,0.0,23.8721,785
1787123205926,xyz:KR200,B,Open Long,1041.5,0.1321,0.040779,0.0,23.9201,785
1787123205926,xyz:KR200,B,Open Long,1041.8,0.0295,0.009108,0.0,24.0522,785
1787123205926,xyz:KR200,B,Open Long,1042.0,0.4826,0.149049,0.0,24.0817,785
1787123205926,xyz:KR200,B,Open Long,1042.3,0.1322,0.040841,0.0,24.5643,785
1787123205926,xyz:KR200,B,Open Long,1042.5,0.1089,0.033648,0.0,24.6965,785
1787123205926,xyz:KR200,B,Open Long,1042.7,0.1549,0.047871,0.0,24.8054,785
1787123267729,xyz:SMSN,B,Open Long,182.09,10.763,1.149246,0.0,119.42,786
1787123291655,xyz:SKHY,B,Open Long,161.01,12.18,1.149989,0.0,112.07,787
1787123362406,xyz:BE,B,Open Long,207.91,1.89,0.230424,0.0,81.37,788
1787123362406,xyz:BE,B,Open Long,207.93,1.0,0.12193,0.0,83.26,788
1787123362406,xyz:BE,B,Open Long,207.94,1.89,0.230458,0.0,84.26,788
1787123362406,xyz:BE,B,Open Long,207.95,4.65,0.567028,0.0,86.15,788
1787123456579,xyz:AMZN,B,Open Long,259.94,0.375,0.05716,0.0,30.08,789
1787123456579,xyz:AMZN,B,Open Long,259.94,0.198,0.03018,0.0,30.455,789
1787123456579,xyz:AMZN,B,Open Long,259.94,6.226,0.949021,0.0,30.653,789
1787123456579,xyz:AMZN,B,Open Long,259.95,0.2,0.030486,0.0,36.879,789
1787123456579,xyz:AMZN,B,Open Long,259.95,0.375,0.057162,0.0,37.079,789
1787123456579,xyz:AMZN,B,Open Long,259.96,0.169,0.025761,0.0,37.454,789
1787144424810,xyz:HIMS,B,Open Long,27.564,29.22,0.472298,0.0,812.04,790
1787144424810,xyz:HIMS,B,Open Long,27.566,29.22,0.472332,0.0,841.26,790
1787144424810,xyz:HIMS,B,Open Long,27.568,8.76,0.141612,0.0,870.48,790
1787144424810,xyz:HIMS,B,Open Long,27.574,21.75,0.351684,0.0,879.24,790
1787144468135,xyz:HOOD,B,Open Long,93.214,11.068,0.604984,0.0,68.548,791
1787144468135,xyz:HOOD,B,Open Long,93.229,11.068,0.605081,0.0,79.616,791
1787144468135,xyz:HOOD,B,Open Long,93.229,1.569,0.085776,0.0,90.684,791
1787144468135,xyz:HOOD,B,Open Long,93.23,0.604,0.03302,0.0,92.253,791
1787144468135,xyz:HOOD,B,Open Long,93.231,7.243,0.395979,0.0,92.857,791
1787153620771,xyz:CRCL,B,Open Long,80.103,22.967,1.078814,0.0,393.807,792
1787153620771,xyz:CRCL,B,Open Long,80.109,14.016,0.658413,0.0,416.774,792
1787153638020,xyz:CRCL,B,Open Long,79.978,1.25,0.058623,0.0,430.79,793
1787153638020,xyz:CRCL,B,Open Long,79.98,19.81,0.929093,0.0,432.04,793
1787153638020,xyz:CRCL,B,Open Long,79.983,3.595,0.168612,0.0,451.85,793
1787155400495,xyz:CRCL,B,Open Long,80.611,0.649,0.030678,0.0,455.445,794
1787155400495,xyz:CRCL,B,Open Long,80.632,1.013,0.047897,0.0,456.094,794
1787155400495,xyz:CRCL,B,Open Long,80.64,10.665,0.504318,0.0,457.107,794
1787155413039,xyz:CRCL,B,Open Long,80.664,4.931,0.233242,0.0,467.772,795
1787166868482,xyz:EWY,B,Open Long,173.97,8.453,0.435876,0.0,81.842,796
1787225687561,xyz:CRCL,B,Open Long,84.276,10.036,0.495972,0.0,472.703,797
1787225687561,xyz:CRCL,B,Open Long,84.282,28.803,1.423529,0.0,482.739,797
1787225687561,xyz:CRCL,B,Open Long,84.284,4.137,0.204467,0.0,511.542,797
1787225687561,xyz:CRCL,B,Open Long,84.288,2.244,0.110912,0.0,515.679,797
1787225687561,xyz:CRCL,B,Open Long,84.29,4.143,0.204778,0.0,517.923,797
1787225687561,xyz:CRCL,B,Open Long,84.292,6.56,0.324252,0.0,522.066,797
1787225687561,xyz:CRCL,B,Open Long,84.295,2.226,0.110032,0.0,528.626,797
1787225721276,xyz:CRCL,B,Open Long,84.366,20.256,1.002108,0.0,530.852,798
1787225721276,xyz:CRCL,B,Open Long,84.366,3.005,0.148663,0.0,551.108,798
1787225775071,xyz:COIN,B,Open Long,172.66,6.975,0.706202,0.0,205.225,799
1787225775071,xyz:COIN,B,Open Long,172.68,0.674,0.068248,0.0,212.2,799
1787225775071,xyz:COIN,B,Open Long,172.68,3.713,0.375976,0.0,212.874,799
1787225795574,xyz:SP500,A,Open Short,7693.0,0.127,0.289585,0.0,-3.455,800
1787225858602,xyz:ORCL,B,Open Long,143.8,6.591,0.55578,0.0,94.683,801
1787225858602,xyz:ORCL,B,Open Long,143.81,0.229,0.019311,0.0,101.274,801
1787239038018,xyz:HIMS,B,Open Long,32.279,61.97,1.172992,0.0,900.99,802
1787239038018,xyz:HIMS,B,Open Long,32.288,59.55,1.1275,0.0,962.96,802
1787239049663,xyz:CRCL,B,Open Long,83.907,10.424,0.512892,0.0,554.113,803
1787239049663,xyz:CRCL,B,Open Long,83.907,12.915,0.635457,0.0,564.537,803
1787239077132,xyz:COIN,B,Open Long,173.69,13.993,1.425212,0.0,216.587,804
1787239077132,xyz:COIN,B,Open Long,173.71,0.143,0.014566,0.0,230.58,804
1787239082694,xyz:COIN,B,Open Long,173.68,5.757,0.586326,0.0,230.723,805
1787239082694,xyz:COIN,B,Open Long,173.69,5.549,0.565174,0.0,236.48,805
1787246478075,xyz:HOOD,B,Open Long,94.843,20.679,1.150081,0.0,100.1,806
1787255565574,xyz:COIN,B,Open Long,171.5,0.583,0.05863,0.0,242.029,807
1787255565574,xyz:COIN,B,Open Long,171.51,6.997,0.703711,0.0,242.612,807
1787255565574,xyz:COIN,B,Open Long,171.51,21.021,2.114153,0.0,249.609,807
1787255817792,xyz:COIN,B,Open Long,172.04,0.992,0.100076,0.0,270.63,808
1787255817792,xyz:COIN,B,Open Long,172.07,0.992,0.100093,0.0,271.622,808
1787255817792,xyz:COIN,B,Open Long,172.07,6.976,0.703891,0.0,272.614,808
1787255817792,xyz:COIN,B,Open Long,172.08,2.218,0.223812,0.0,279.59,808
1787255817792,xyz:COIN,B,Open Long,172.08,6.862,0.692428,0.0,281.808,808
1787255817792,xyz:COIN,B,Open Long,172.09,10.382,1.047684,0.0,288.67,808
1787255835370,xyz:COIN,B,Open Long,171.93,0.695,0.070069,0.0,299.052,809
1787255835370,xyz:COIN,B,Open Long,171.95,27.727,2.795753,0.0,299.747,809
1787255961819,xyz:BE,B,Open Long,202.21,9.69,1.149,0.0,90.8,810
1787322381040,xyz:HOOD,B,Open Long,106.13,9.24,0.575047,0.0,120.779,811
1787330496132,xyz:SP500,B,Close Short,7680.1,1.791,4.076999,-90.137448,-3.582,812
1787330515873,xyz:SP500,B,Close Short,7679.8,0.895,2.037281,-44.77506,-1.791,813
1787330521058,xyz:SMH,B,Close Short,559.47,1.419,0.235307,-6.225153,-28.606,814
1787330521058,xyz:SMH,B,Close Short,559.74,1.419,0.235421,-6.608283,-27.187,814
1787330521058,xyz:SMH,B,Close Short,559.74,0.026,0.004313,-0.121082,-25.768,814
1787330521058,xyz:SMH,B,Close Short,559.75,8.932,1.481906,-41.685644,-25.742,814
1787330521058,xyz:SMH,B,Close Short,559.83,0.267,0.044303,-1.267449,-16.81,814
1787330521058,xyz:SMH,B,Close Short,559.88,1.419,0.23548,-6.806943,-16.543,814
1787330521058,xyz:SMH,B,Close Short,559.89,0.821,0.136245,-3.946547,-15.124,814
1787330532003,xyz:SMH,B,Close Short,559.54,0.052,0.008623,-0.231764,-14.303,815
1787330532003,xyz:SMH,B,Close Short,559.55,0.178,0.02952,-0.795126,-14.251,815
1787330532003,xyz:SMH,B,Close Short,559.55,1.419,0.235341,-6.338673,-14.073,815
1787330532003,xyz:SMH,B,Close Short,559.76,1.419,0.235429,-6.636663,-12.654,815
1787330532003,xyz:SMH,B,Close Short,559.78,4.083,0.677446,-19.177851,-11.235,815
1787330547087,xyz:NVDA,B,Close Short,215.71,3.006,0.380235,-22.812534,-4.008,816
1787330551254,xyz:NVDA,B,Close Short,215.72,1.002,0.12675,-7.614198,-1.002,817
1787330562137,xyz:AMAT,B,Close Short,488.7,1.612,0.461956,27.010672,-3.875,818
1787330562137,xyz:AMAT,B,Close Short,488.72,0.325,0.09314,5.4392,-2.263,818
1787330928338,xyz:CRCL,B,Open Long,86.965,56.341,2.87318,0.0,577.452,819
1787330943039,xyz:CRCL,B,Open Long,86.972,21.072,1.074679,0.0,633.793,820
1787330943039,xyz:CRCL,B,Open Long,86.975,21.072,1.074716,0.0,654.865,820
1787330943039,xyz:CRCL,B,Open Long,86.976,2.974,0.151681,0.0,675.937,820
1787330963490,xyz:COIN,B,Open Long,187.65,0.944,0.103875,0.0,327.474,821
1787330963490,xyz:COIN,B,Open Long,187.66,0.944,0.10388,0.0,328.418,821
1787330963490,xyz:COIN,B,Open Long,187.67,7.504,0.825812,0.0,329.362,821
1787330963490,xyz:COIN,B,Open Long,187.68,3.339,0.367474,0.0,336.866,821
1787330963490,xyz:COIN,B,Open Long,187.69,1.003,0.110391,0.0,340.205,821
1787330963490,xyz:COIN,B,Open Long,187.69,1.003,0.110391,0.0,341.208,821
1787330963490,xyz:COIN,B,Open Long,187.71,10.654,1.172719,0.0,342.211,821
1787330963490,xyz:COIN,B,Open Long,187.72,1.003,0.110408,0.0,352.865,821
1787330963490,xyz:COIN,B,Open Long,187.72,1.003,0.110408,0.0,353.868,821
1787330963490,xyz:COIN,B,Open Long,187.74,3.824,0.420986,0.0,354.871,821
1787330963490,xyz:COIN,B,Open Long,187.75,0.183,0.020147,0.0,358.695,821
1787330997577,xyz:KR200,B,Open Long,1081.8,0.0376,0.012055,0.0,24.9603,822
1787330997577,xyz:KR200,B,Open Long,1082.1,0.0803,0.025754,0.0,24.9979,822
1787330997577,xyz:KR200,B,Open Long,1082.1,0.0151,0.004842,0.0,25.0782,822
1787330997577,xyz:KR200,B,Open Long,1082.2,0.0797,0.025564,0.0,25.0933,822
1787330997577,xyz:KR200,B,Open Long,1082.4,0.0627,0.020114,0.0,25.173,822
1787330997577,xyz:KR200,B,Open Long,1082.6,0.0797,0.025573,0.0,25.2357,822
1787330997577,xyz:KR200,B,Open Long,1082.7,0.1385,0.044446,0.0,25.3154,822
1787330997577,xyz:KR200,B,Open Long,1082.8,0.0801,0.025706,0.0,25.4539,822
1787330997577,xyz:KR200,B,Open Long,1083.1,0.0484,0.015537,0.0,25.534,822
1787330997577,xyz:KR200,B,Open Long,1083.2,0.0795,0.025524,0.0,25.5824,822
1787330997577,xyz:KR200,B,Open Long,1083.2,0.1384,0.044434,0.0,25.6619,822
1787330997577,xyz:KR200,B,Open Long,1083.4,0.011,0.003531,0.0,25.8003,822
1787330997577,xyz:KR200,B,Open Long,1083.4,0.0493,0.01583,0.0,25.8113,822
1787330997577,xyz:KR200,B,Open Long,1083.5,0.0797,0.025595,0.0,25.8606,822
1787330997577,xyz:KR200,B,Open Long,1083.6,1.0166,0.32651,0.0,25.9403,822
1787330997577,xyz:KR200,B,Open Long,1083.7,0.0567,0.018211,0.0,26.9569,822
1787330997577,xyz:KR200,B,Open Long,1083.9,0.0578,0.018568,0.0,27.0136,822
1787330997577,xyz:KR200,B,Open Long,1083.9,2.4235,0.778592,0.0,27.0714,822
1787331035176,xyz:HOOD,B,Open Long,108.17,20.665,1.310798,0.0,130.019,823
1787331035176,xyz:HOOD,B,Open Long,108.18,1.327,0.08418,0.0,150.684,823
1787331035176,xyz:HOOD,B,Open Long,108.18,14.518,0.920974,0.0,152.011,823
1787331035176,xyz:HOOD,B,Open Long,108.18,3.063,0.194306,0.0,166.529,823
1787331035176,xyz:HOOD,B,Open Long,108.18,3.024,0.191832,0.0,169.592,823
1787331035176,xyz:HOOD,B,Open Long,108.18,48.037,3.04731,0.0,172.616,823
1787331099091,xyz:SP500,B,Close Short,7674.9,0.581,1.321681,-26.219368,-0.896,824
1787331099091,xyz:SP500,B,Close Short,7674.9,0.315,0.716574,-14.21532,-0.315,824
1787331111279,xyz:SMH,B,Close Short,558.88,0.178,0.029485,-0.675866,-7.152,825
1787331111279,xyz:SMH,B,Close Short,558.92,1.419,0.235076,-5.444703,-6.974,825
1787331111279,xyz:SMH,B,Close Short,559.08,0.026,0.004307,-0.103922,-5.555,825
1787331111279,xyz:SMH,B,Close Short,559.09,5.529,0.916233,-22.154703,-5.529,825
1787340785780,xyz:HOOD,B,Open Long,107.12,10.693,0.671682,0.0,220.653,826
1787340785780,xyz:HOOD,B,Open Long,107.13,10.702,0.67231,0.0,231.346,826
1787340785780,xyz:HOOD,B,Open Long,107.14,1.46,0.091727,0.0,242.048,826
1787350450591,xyz:HOOD,B,Open Long,109.17,40.244,2.57631,0.0,243.508,827
1787350450591,xyz:HOOD,B,Open Long,109.18,13.653,0.874107,0.0,283.752,827
1787364700048,xyz:AMZN,B,Open Long,259.46,3.083,0.469069,0.0,37.623,828
1787364700048,xyz:AMZN,B,Open Long,259.5,0.695,0.105758,0.0,40.706,828
1787587329141,xyz:SMSN,B,Open Long,181.5,10.81,1.150525,0.0,130.183,829
1787622928415,xyz:EWT,B,Open Long,103.4,1.08,0.033099,0.0,0.0,830
1787622928415,xyz:EWT,B,Open Long,103.42,0.31,0.009502,0.0,1.08,830
1787622928415,xyz:EWT,B,Open Long,103.42,17.57,0.538584,0.0,1.39,830
1787666795702,xyz:LLY,B,Open Long,1255.6,1.1721,0.862997,0.0,0.0,831
1787666837245,xyz:LLY,B,Open Long,1255.6,1.172,0.862924,0.0,1.1721,833
1787672243867,xyz:CRCL,B,Open Long,90.864,26.882,1.432344,0.0,678.911,834
1787672243867,xyz:CRCL,B,Open Long,90.867,16.277,0.86731,0.0,705.793,834
1787745187228,xyz:COIN,B,Open Long,184.82,6.93,0.751062,0.0,358.878,835
1787745187228,xyz:COIN,B,Open Long,184.83,1.011,0.109575,0.0,365.808,835
1787745187228,xyz:COIN,B,Open Long,184.83,0.183,0.019833,0.0,366.819,835
1787745187228,xyz:COIN,B,Open Long,184.84,6.928,0.750926,0.0,367.002,835
1787745187228,xyz:COIN,B,Open Long,184.84,1.011,0.109581,0.0,373.93,835
1787745187228,xyz:COIN,B,Open Long,184.85,1.011,0.109587,0.0,374.941,835
1787745187228,xyz:COIN,B,Open Long,184.86,6.931,0.751333,0.0,375.952,835
1787745187228,xyz:COIN,B,Open Long,184.88,6.931,0.751414,0.0,382.883,835
1787745187228,xyz:COIN,B,Open Long,184.88,0.896,0.097138,0.0,389.814,835
1787745208261,xyz:HIMS,B,Open Long,31.621,25.64,0.47543,0.0,1022.51,836
1787745208261,xyz:HIMS,B,Open Long,31.621,20.89,0.387353,0.0,1048.15,836
1787745225366,xyz:SMSN,B,Open Long,188.37,0.531,0.058654,0.0,140.993,837
1787745225366,xyz:SMSN,B,Open Long,188.38,0.531,0.058656,0.0,141.524,837
1787745225366,xyz:SMSN,B,Open Long,188.38,5.072,0.560283,0.0,142.055,837
1787745225366,xyz:SMSN,B,Open Long,188.39,0.531,0.05866,0.0,147.127,837
1787745225366,xyz:SMSN,B,Open Long,188.39,4.84,0.534683,0.0,147.658,837
1787745225366,xyz:SMSN,B,Open Long,188.39,0.739,0.081638,0.0,152.498,837
1787745225366,xyz:SMSN,B,Open Long,188.4,0.73,0.080648,0.0,153.237,837
1787745225366,xyz:SMSN,B,Open Long,188.41,0.043,0.004749,0.0,153.967,837
1787745268952,xyz:EWT,B,Open Long,107.16,42.8,1.359423,0.0,18.96,838
1787745268952,xyz:EWT,B,Open Long,107.17,2.98,0.094659,0.0,61.76,838
1787751368111,xyz:LLY,A,Close Long,1210.0,1.2014,0.852446,-54.78384,2.3441,832
1787751368111,xyz:LLY,A,Close Long,1209.0,1.1427,0.810125,-53.24982,1.1427,832
1787831942694,xyz:CRCL,B,Open Long,91.196,9.108,0.48707,0.0,722.07,839
1787831942694,xyz:CRCL,B,Open Long,91.199,1.643,0.087865,0.0,731.178,839
1787831951512,xyz:COIN,B,Open Long,184.67,5.309,0.574913,0.0,390.71,840
1787831964970,xyz:KR200,B,Open Long,1091.4,0.0235,0.007601,0.0,29.4949,841
1787831964970,xyz:KR200,B,Open Long,1091.4,0.0834,0.026978,0.0,29.5184,841
1787831964970,xyz:KR200,B,Open Long,1091.9,0.0706,0.022848,0.0,29.6018,841
1787831964970,xyz:KR200,B,Open Long,1092.2,0.0732,0.023696,0.0,29.6724,841
1787831964970,xyz:KR200,B,Open Long,1092.4,0.0744,0.024089,0.0,29.7456,841
1787831964970,xyz:KR200,B,Open Long,1092.6,0.0744,0.024093,0.0,29.82,841
1787831964970,xyz:KR200,B,Open Long,1092.6,0.0494,0.015997,0.0,29.8944,841
1787831979630,xyz:HOOD,B,Open Long,110.33,8.888,0.57503,0.0,297.405,842
1787831992066,xyz:SMSN,B,Open Long,193.46,5.071,0.575278,0.0,154.01,843
1787832006957,xyz:HIMS,B,Open Long,30.263,0.99,0.017568,0.0,1069.04,844
1787832006957,xyz:HIMS,B,Open Long,30.264,7.69,0.136472,0.0,1070.03,844
1787832006957,xyz:HIMS,B,Open Long,30.266,56.18,0.99708,0.0,1077.72,844
1787832232054,xyz:HIMS,B,Open Long,30.227,7.69,0.136305,0.0,1133.9,845
1787832232054,xyz:HIMS,B,Open Long,30.227,24.74,0.438518,0.0,1141.59,845
1787844196031,xyz:HOOD,B,Open Long,111.13,3.851,0.250955,0.0,306.293,846
1787844196031,xyz:HOOD,B,Open Long,111.14,3.624,0.236184,0.0,310.144,846
1787844196031,xyz:HOOD,B,Open Long,111.14,1.382,0.090067,0.0,313.768,846
1787844226718,xyz:HIMS,B,Open Long,31.141,63.93,1.16743,0.0,1166.33,847
1787946025980,xyz:SMH,A,Open Short,554.29,1.237,0.203227,0.0,0.0,848
1787975766412,xyz:CRCL,B,Open Long,87.285,5.614,0.287345,0.0,732.821,849
1787975795866,xyz:COIN,B,Open Long,178.25,13.749,1.437124,0.0,396.019,850
1787975823936,xyz:KR200,B,Open Long,1070.6,0.0116,0.003679,0.0,29.9438,851
1787975823936,xyz:KR200,B,Open Long,1070.7,0.0831,0.026371,0.0,29.9554,851
1787975823936,xyz:KR200,B,Open Long,1070.8,0.4567,0.144949,0.0,30.0385,851
1787975836417,xyz:HOOD,B,Open Long,104.31,1.797,0.109917,0.0,315.15,852
1787975836417,xyz:HOOD,B,Open Long,104.31,0.31,0.018961,0.0,316.947,852
1787975836417,xyz:HOOD,B,Open Long,104.31,7.292,0.446032,0.0,317.257,852
1787975857673,xyz:HIMS,B,Open Long,28.885,6.36,0.107726,0.0,1230.26,853
1787975857673,xyz:HIMS,B,Open Long,28.886,6.37,0.107898,0.0,1236.62,853
1787975857673,xyz:HIMS,B,Open Long,28.887,6.37,0.107903,0.0,1242.99,853
1787975857673,xyz:HIMS,B,Open Long,28.889,6.37,0.10791,0.0,1249.36,853
1787975857673,xyz:HIMS,B,Open Long,28.89,6.37,0.107914,0.0,1255.73,853
1787975857673,xyz:HIMS,B,Open Long,28.892,6.37,0.107922,0.0,1262.1,853
1787975857673,xyz:HIMS,B,Open Long,28.895,6.37,0.107932,0.0,1268.47,853
1787975857673,xyz:HIMS,B,Open Long,28.895,6.35,0.107593,0.0,1274.84,853
1787975880795,xyz:SMSN,B,Open Long,187.12,0.258,0.028309,0.0,159.081,854
1787975880795,xyz:SMSN,B,Open Long,187.14,2.362,0.259202,0.0,159.339,854
1788185642955,xyz:CRCL,B,Open Long,87.099,1.125,0.057459,0.0,738.435,855
1788185650446,xyz:CRCL,B,Open Long,87.113,10.13,0.517471,0.0,739.56,856
1788185719083,xyz:HOOD,B,Open Long,101.21,19.369,1.149541,0.0,324.549,857
1788276609389,xyz:CRCL,B,Open Long,90.849,2.519,0.134196,0.0,749.69,858
1788276609389,xyz:CRCL,B,Open Long,90.852,18.526,0.986983,0.0,752.209,858
1788276609389,xyz:CRCL,B,Open Long,90.855,0.541,0.028822,0.0,770.735,858
1788276624746,xyz:COIN,B,Open Long,180.44,1.62,0.171411,0.0,409.768,859
1788276624746,xyz:COIN,B,Open Long,180.45,3.814,0.403581,0.0,411.388,859
1788276632136,xyz:COIN,B,Open Long,180.35,1.62,0.171326,0.0,415.202,860
1788276632136,xyz:COIN,B,Open Long,180.37,3.051,0.3227,0.0,416.822,860
1788276632136,xyz:COIN,B,Open Long,180.37,0.761,0.080489,0.0,419.873,860
1788278076830,xyz:CRCL,B,Open Long,91.412,13.946,0.74756,0.0,771.276,861
1788278127829,xyz:AMZN,B,Open Long,255.53,1.636,0.245142,0.0,41.401,862
1788278127829,xyz:AMZN,B,Open Long,255.53,0.817,0.122421,0.0,43.037,862
1788278127829,xyz:AMZN,B,Open Long,255.54,1.383,0.207239,0.0,43.854,862
1788278153596,xyz:EWZ,B,Open Long,36.739,0.35,0.00381,0.0,169.94,863
1788278153596,xyz:EWZ,B,Open Long,36.741,0.47,0.005117,0.0,170.29,863
1788278153596,xyz:EWZ,B,Open Long,36.744,0.35,0.003811,0.0,170.76,863
1788278153596,xyz:EWZ,B,Open Long,36.747,0.47,0.005118,0.0,171.11,863
1788278153596,xyz:EWZ,B,Open Long,36.75,0.46,0.00501,0.0,171.58,863
1788278153596,xyz:EWZ,B,Open Long,36.755,0.47,0.005119,0.0,172.04,863
1788278153596,xyz:EWZ,B,Open Long,36.756,0.35,0.003812,0.0,172.51,863
1788278153596,xyz:EWZ,B,Open Long,36.758,0.47,0.00512,0.0,172.86,863
1788278153596,xyz:EWZ,B,Open Long,36.759,23.3,0.253861,0.0,173.33,863
1788347001895,xyz:CRCL,B,Open Long,87.138,11.236,0.574133,0.0,785.222,864
1788347014832,xyz:COIN,B,Open Long,173.36,9.663,0.982323,0.0,420.634,865
1788347014832,xyz:COIN,B,Open Long,173.37,1.65,0.167745,0.0,430.297,865
1788347067975,xyz:SMSN,B,Open Long,181.46,0.551,0.05863,0.0,161.701,866
1788347067975,xyz:SMSN,B,Open Long,181.47,0.551,0.058633,0.0,162.252,866
1788347067975,xyz:SMSN,B,Open Long,181.48,1.075,0.1144,0.0,162.803,866
1788347067975,xyz:SMSN,B,Open Long,181.48,3.22,0.342671,0.0,163.878,866
1788347085981,xyz:BE,B,Open Long,207.65,0.86,0.104718,0.0,100.49,867
1788347085981,xyz:BE,B,Open Long,207.67,1.16,0.141261,0.0,101.35,867
1788347085981,xyz:BE,B,Open Long,207.7,1.16,0.141282,0.0,102.51,867
1788347085981,xyz:BE,B,Open Long,207.7,1.32,0.160769,0.0,103.67,867
1788347085981,xyz:BE,B,Open Long,207.71,0.22,0.026796,0.0,104.99,867
1788347126147,xyz:EWT,B,Open Long,107.77,1.41,0.045038,0.0,64.74,868
1788347126147,xyz:EWT,B,Open Long,107.78,1.39,0.044403,0.0,66.15,868
1788347126147,xyz:EWT,B,Open Long,107.79,1.39,0.044408,0.0,67.54,868
1788347126147,xyz:EWT,B,Open Long,107.8,1.43,0.04569,0.0,68.93,868
1788347126147,xyz:EWT,B,Open Long,107.81,1.39,0.044416,0.0,70.36,868
1788347126147,xyz:EWT,B,Open Long,107.82,1.32,0.042183,0.0,71.75,868
1788347126147,xyz:EWT,B,Open Long,107.83,0.76,0.024289,0.0,73.07,868
1788354918832,xyz:AMZN,B,Open Long,254.45,2.311,0.344822,0.0,45.237,869
1788444607849,xyz:HOOD,B,Open Long,119.96,24.62,1.731882,0.0,343.918,870
1788444640142,xyz:HIMS,B,Open Long,28.361,0.4,0.006652,0.0,1281.19,871
1788444640142,xyz:HIMS,B,Open Long,28.361,35.26,0.586404,0.0,1281.59,871
1788444640142,xyz:HIMS,B,Open Long,28.367,33.72,0.560911,0.0,1316.85,871
1788444658392,xyz:SMSN,B,Open Long,183.15,1.58,0.16969,0.0,167.098,872
1788444658392,xyz:SMSN,B,Open Long,183.16,1.58,0.169699,0.0,168.678,872
1788444658392,xyz:SMSN,B,Open Long,183.18,3.351,0.359953,0.0,170.258,872
1788444658392,xyz:SMSN,B,Open Long,183.18,3.041,0.326654,0.0,173.609,872
1788444729067,xyz:SMH,B,Close Short,543.21,0.09,0.01449,0.9972,-1.237,873
1788444729067,xyz:SMH,B,Close Short,543.26,0.09,0.014491,0.9927,-1.147,873
1788444729067,xyz:SMH,B,Close Short,543.31,0.09,0.014492,0.9882,-1.057,873
1788444729067,xyz:SMH,B,Close Short,543.36,0.09,0.014494,0.9837,-0.967,873
1788444729067,xyz:SMH,B,Close Short,543.37,0.184,0.029633,2.00928,-0.877,873
1788444729067,xyz:SMH,B,Close Short,543.41,0.09,0.014495,0.9792,-0.693,873
1788444729067,xyz:SMH,B,Close Short,543.44,0.09,0.014496,0.9765,-0.603,873
1788444729067,xyz:SMH,B,Close Short,543.44,0.273,0.043973,2.96205,-0.513,873
1788444729067,xyz:SMH,B,Close Short,543.45,0.24,0.038657,2.6016,-0.24,873
1788448343922,xyz:HOOD,B,Open Long,122.9,0.3,0.02162,0.0,368.538,874
1788448343922,xyz:HOOD,B,Open Long,122.91,15.658,1.12854,0.0,368.838,874
1788454938029,xyz:CRCL,B,Open Long,101.79,9.633,0.574989,0.0,796.458,875
1788455031792,xyz:COIN,B,Open Long,193.04,1.984,0.224585,0.0,431.947,876
1788455031792,xyz:COIN,B,Open Long,193.04,5.122,0.579803,0.0,433.931,876
1788455031792,xyz:COIN,B,Open Long,193.04,2.509,0.284014,0.0,439.053,876
1788455031792,xyz:COIN,B,Open Long,193.05,0.48,0.054338,0.0,441.562,876
1788455031792,xyz:COIN,B,Open Long,193.05,5.611,0.635189,0.0,442.042,876
1788455031792,xyz:COIN,B,Open Long,193.05,12.548,1.420489,0.0,447.653,876
1788455031792,xyz:COIN,B,Open Long,193.06,0.949,0.107435,0.0,460.201,876
1788455031792,xyz:COIN,B,Open Long,193.06,0.504,0.057057,0.0,461.15,876
1788455031792,xyz:COIN,B,Open Long,193.06,0.768,0.086945,0.0,461.654,876
1788455156834,xyz:COIN,B,Open Long,193.5,5.067,0.574944,0.0,462.422,877
1788482914409,xyz:INTC,B,Close Short,91.985,33.47,1.80537,-19.308843,-53.53,878
1788482914409,xyz:INTC,B,Close Short,91.989,10.87,0.586353,-6.314383,-20.06,878
1788482914409,xyz:INTC,B,Close Short,91.99,9.19,0.495735,-5.347661,-9.19,878
1788533509126,xyz:BE,B,Open Long,243.2,2.73,0.389332,0.0,105.21,879
1788533509126,xyz:BE,B,Open Long,243.21,3.82,0.544801,0.0,107.94,879
1788533509126,xyz:BE,B,Open Long,243.23,2.74,0.390806,0.0,111.76,879
1788533509126,xyz:BE,B,Open Long,243.25,3.15,0.44932,0.0,114.5,879
1788533509126,xyz:BE,B,Open Long,243.26,3.69,0.526369,0.0,117.65,879
1788536213228,xyz:CRCL,B,Open Long,101.22,4.105,0.243653,0.0,806.091,880
1788536213228,xyz:CRCL,B,Open Long,101.23,3.641,0.216134,0.0,810.196,880
1788536240633,xyz:CRCL,B,Open Long,101.36,7.893,0.469139,0.0,813.837,881
1788536240633,xyz:CRCL,B,Open Long,101.37,4.105,0.244014,0.0,821.73,881
1788536240633,xyz:CRCL,B,Open Long,101.37,26.706,1.587493,0.0,825.835,881
1788599644719,xyz:EWZ,B,Open Long,37.2,2.68,0.029549,0.0,196.63,882
1788599644719,xyz:EWZ,B,Open Long,37.266,26.83,0.296353,0.0,199.31,882
1788599644719,xyz:EWZ,B,Open Long,37.267,5.11,0.056444,0.0,226.14,882
1788599644719,xyz:EWZ,B,Open Long,37.292,18.05,0.199512,0.0,231.25,882
1788605257897,xyz:IREN,B,Open Long,43.572,17.1,0.436915,0.0,0.0,883
1788605257897,xyz:IREN,B,Open Long,43.581,5.4,0.138001,0.0,17.1,883
1788696618457,xyz:HIMS,B,Open Long,27.603,53.32,0.863057,0.0,1350.57,884
1788696660805,xyz:IREN,B,Open Long,44.244,16.3,0.422897,0.0,22.5,885
1788696660805,xyz:IREN,B,Open Long,44.246,8.1,0.210161,0.0,38.8,885
1788696660805,xyz:IREN,B,Open Long,44.253,4.5,0.116774,0.0,46.9,885
1788696660805,xyz:IREN,B,Open Long,44.258,15.4,0.399673,0.0,51.4,885
1788876349024,xyz:IREN,B,Open Long,47.702,4.2,0.117484,0.0,66.8,886
1788876349024,xyz:IREN,B,Open Long,47.706,104.8,2.931758,0.0,71.0,886
1788876349024,xyz:IREN,B,Open Long,47.708,4.2,0.117498,0.0,175.8,886
1788876349024,xyz:IREN,B,Open Long,47.732,10.2,0.285498,0.0,180.0,886
1788876380796,xyz:BE,B,Open Long,276.91,1.84,0.298779,0.0,121.34,887
1788876380796,xyz:BE,B,Open Long,276.95,2.69,0.436864,0.0,123.18,887
1788876380796,xyz:BE,B,Open Long,277.07,6.08,0.98784,0.0,125.87,887
1788876566613,xyz:EWZ,B,Open Long,39.048,1.17,0.013541,0.0,249.3,888
1788876566613,xyz:EWZ,B,Open Long,39.051,1.17,0.013541,0.0,250.47,888
1788876566613,xyz:EWZ,B,Open Long,39.054,1.17,0.013542,0.0,251.64,888
1788876566613,xyz:EWZ,B,Open Long,39.057,1.17,0.013544,0.0,252.81,888
1788876566613,xyz:EWZ,B,Open Long,39.058,12.8,0.148182,0.0,253.98,888
1788876566613,xyz:EWZ,B,Open Long,39.059,7.63,0.088332,0.0,266.78,888
1788876603397,xyz:BE,B,Open Long,273.91,4.49,0.721186,0.0,131.95,889
1788876603397,xyz:BE,B,Open Long,273.91,0.34,0.05461,0.0,136.44,889
1788876603397,xyz:BE,B,Open Long,273.91,0.34,0.05461,0.0,136.78,889
1788876603397,xyz:BE,B,Open Long,273.96,0.19,0.030523,0.0,137.12,889
1788878218367,xyz:EWZ,B,Open Long,38.998,25.64,0.296372,0.0,274.41,890
1788878218367,xyz:EWZ,B,Open Long,38.999,4.65,0.05375,0.0,300.05,890
1788878218367,xyz:EWZ,B,Open Long,39.001,23.45,0.271079,0.0,304.7,890
1788878218367,xyz:EWZ,B,Open Long,39.004,9.12,0.105433,0.0,328.15,890
1789313615779,xyz:BE,A,Close Long,261.61,2.93,0.449485,134.333175,137.31,893
1789313615779,xyz:BE,A,Close Long,261.6,0.46,0.070565,21.08525,134.38,893
1789313615779,xyz:BE,A,Close Long,261.59,6.2,0.951057,284.1305,133.92,893
1789313615779,xyz:BE,A,Close Long,261.58,0.47,0.072093,21.534225,127.72,893
1789313615779,xyz:BE,A,Close Long,261.54,0.47,0.072081,21.515425,127.25,893
1789313615779,xyz:BE,A,Close Long,261.51,0.44,0.067473,20.1289,126.78,893
1789313615779,xyz:BE,A,Close Long,261.48,0.44,0.067465,20.1157,126.34,893
1789313615779,xyz:BE,A,Close Long,261.47,0.75,0.114994,34.280625,125.9,893
1789313615779,xyz:BE,A,Close Long,261.45,0.44,0.067458,20.1025,125.15,893
1789313615779,xyz:BE,A,Close Long,261.29,9.55,1.463254,434.787625,124.71,893
1789313615779,xyz:BE,A,Close Long,261.11,9.01,1.379564,408.580975,115.16,893
1789313615779,xyz:BE,A,Close Long,260.84,1.38,0.211079,62.20695,106.15,893
1789313615779,xyz:BE,A,Close Long,260.79,1.78,0.27221,80.14895,104.77,893
1789313632826,xyz:KR200,A,Close Long,1085.7,0.0508,0.016347,4.687316,30.4952,894
1789313632826,xyz:KR200,A,Close Long,1085.6,0.0921,0.029634,8.488857,30.4444,894
1789313632826,xyz:KR200,A,Close Long,1085.5,0.863,0.277663,79.45641,30.3523,894
1789313632826,xyz:KR200,A,Close Long,1084.8,0.1382,0.044436,12.627334,29.4893,894
1789313632826,xyz:KR200,A,Close Long,1084.3,0.1383,0.044447,12.567321,29.3511,894
1789313632826,xyz:KR200,A,Close Long,1083.8,0.1384,0.044458,12.507208,29.2128,894
1789313632826,xyz:KR200,A,Close Long,1082.9,0.0639,0.020509,5.717133,29.0744,894
1789313632826,xyz:KR200,A,Close Long,1082.8,0.4539,0.145675,40.565043,29.0105,894
1789313632826,xyz:KR200,A,Close Long,1082.2,1.1551,0.370514,102.538227,28.5566,894
1789313632826,xyz:KR200,A,Close Long,1082.1,2.846,0.912809,252.35482,27.4015,894
1789313632826,xyz:KR200,A,Close Long,1081.7,1.6841,0.539949,148.655507,24.5555,894
1789313648643,xyz:SMSN,A,Close Long,190.02,5.263,0.586443,13.199604,176.65,895
1789313648643,xyz:SMSN,A,Close Long,190.01,0.596,0.066406,1.488808,171.387,895
1789313648643,xyz:SMSN,A,Close Long,190.01,5.263,0.586412,13.146974,170.791,895
1789313648643,xyz:SMSN,A,Close Long,190.01,21.053,2.345764,52.590394,165.528,895
1789313648643,xyz:SMSN,A,Close Long,190.0,0.596,0.066403,1.482848,144.475,895
1789313648643,xyz:SMSN,A,Close Long,190.0,11.391,1.269139,28.340808,143.879,895
1789313661494,xyz:SKHY,A,Close Long,181.11,0.55,0.058411,18.94398,124.25,896
1789313661494,xyz:SKHY,A,Close Long,181.1,13.8,1.465519,475.18368,123.7,896
1789313661494,xyz:SKHY,A,Close Long,181.1,16.51,1.753312,568.498736,109.9,896
1789313661494,xyz:SKHY,A,Close Long,181.1,0.2,0.021239,6.88672,93.39,896
1789313669990,xyz:ORCL,A,Close Long,148.41,6.647,0.578471,83.679083,101.503,897
1789313669990,xyz:ORCL,A,Close Long,148.41,1.275,0.110959,16.050975,94.856,897
1789313669990,xyz:ORCL,A,Close Long,148.4,1.275,0.110952,16.038225,93.581,897
1789313669990,xyz:ORCL,A,Close Long,148.39,1.275,0.110944,16.025475,92.306,897
1789313669990,xyz:ORCL,A,Close Long,148.38,4.623,0.402247,58.060257,91.031,897
1789313669990,xyz:ORCL,A,Close Long,148.36,4.825,0.419766,60.500675,86.408,897
1789313669990,xyz:ORCL,A,Close Long,148.35,4.825,0.419738,60.452425,81.583,897
1789313669990,xyz:ORCL,A,Close Long,148.33,0.63,0.054796,7.88067,76.758,897
1789313694582,xyz:ORCL,A,Close Long,148.38,1.174,0.102149,14.744266,76.128,898
1789313694582,xyz:ORCL,A,Close Long,148.37,6.74,0.586407,84.58026,74.954,898
1789313694582,xyz:ORCL,A,Close Long,148.36,4.828,0.420027,60.538292,68.214,898
1789313694582,xyz:ORCL,A,Close Long,148.34,6.29,0.547145,78.74451,63.386,898
1789313824980,xyz:EWY,A,Close Long,186.26,10.648,0.587848,269.958744,90.295,899
1789313824980,xyz:EWY,A,Close Long,186.26,5.369,0.296408,136.120257,79.647,899
1789313824980,xyz:EWY,A,Close Long,186.25,6.556,0.36192,166.148708,74.278,899
1789340203275,xyz:BE,A,Close Long,259.75,0.1,0.015231,4.39875,102.99,900
1789340203275,xyz:BE,A,Close Long,259.73,0.09,0.013706,3.957075,102.89,900
1789340203275,xyz:BE,A,Close Long,259.71,0.31,0.047211,13.623725,102.8,900
1789340203275,xyz:BE,A,Close Long,259.71,0.1,0.015228,4.39475,102.49,900
1789340203275,xyz:BE,A,Close Long,259.7,0.64,0.097464,28.12,102.39,900
1789340203275,xyz:BE,A,Close Long,259.68,0.62,0.09441,27.22885,101.75,900
1789340203275,xyz:BE,A,Close Long,259.65,0.76,0.115716,33.3545,101.13,900
1789340203275,xyz:BE,A,Close Long,259.62,0.82,0.124837,35.96315,100.37,900
1789340203275,xyz:BE,A,Close Long,259.59,0.82,0.124822,35.93855,99.55,900
1789340203275,xyz:BE,A,Close Long,259.46,0.1,0.015214,4.36975,98.73,900
1789340203275,xyz:BE,A,Close Long,259.44,0.09,0.013691,3.930975,98.63,900
1789340203275,xyz:BE,A,Close Long,259.43,0.1,0.015212,4.36675,98.54,900
1789340203275,xyz:BE,A,Close Long,259.42,0.1,0.015212,4.36575,98.44,900
1789340203275,xyz:BE,A,Close Long,259.4,0.1,0.015211,4.36375,98.34,900
1789340203275,xyz:BE,A,Close Long,259.39,0.1,0.01521,4.36275,98.24,900
1789340203275,xyz:BE,A,Close Long,259.38,4.5,0.684451,196.27875,98.14,900
1789340203275,xyz:BE,A,Close Long,259.1,0.1,0.015193,4.33375,93.64,900
1789340203275,xyz:BE,A,Close Long,259.08,0.1,0.015192,4.33175,93.54,900
1789340203275,xyz:BE,A,Close Long,259.07,0.1,0.015191,4.33075,93.44,900
1789340203275,xyz:BE,A,Close Long,259.05,0.1,0.01519,4.32875,93.34,900
1789340203275,xyz:BE,A,Close Long,259.03,0.1,0.015189,4.32675,93.24,900
1789340203275,xyz:BE,A,Close Long,259.01,0.1,0.015187,4.32475,93.14,900
1789340203275,xyz:BE,A,Close Long,258.99,0.1,0.015186,4.32275,93.04,900
1789340203275,xyz:BE,A,Close Long,258.97,0.1,0.015185,4.32075,92.94,900
1789340203275,xyz:BE,A,Close Long,258.95,0.1,0.015184,4.31875,92.84,900
1789340203275,xyz:BE,A,Close Long,258.93,0.1,0.015183,4.31675,92.74,900
1789340203275,xyz:BE,A,Close Long,258.91,0.1,0.015181,4.31475,92.64,900
1789340203275,xyz:BE,A,Close Long,258.9,0.1,0.015181,4.31375,92.54,900
1789340203275,xyz:BE,A,Close Long,258.89,0.1,0.01518,4.31275,92.44,900
1789340203275,xyz:BE,A,Close Long,258.88,1.38,0.209493,59.50215,92.34,900
1789340203275,xyz:BE,A,Close Long,258.88,1.44,0.218601,62.0892,90.96,900
1789340203275,xyz:BE,A,Close Long,258.85,5.82,0.883415,250.76925,89.52,900
1789340203275,xyz:BE,A,Close Long,258.72,0.12,0.018205,5.1549,83.7,900
1789340203275,xyz:BE,A,Close Long,258.67,6.33,0.960159,271.604475,83.58,900
1789340251824,xyz:SKHY,A,Close Long,181.3,12.0,1.275771,415.6032,93.19,901
1789340266439,xyz:EWY,A,Close Long,185.5,5.391,0.296408,132.580863,67.722,902
1789340266439,xyz:EWY,A,Close Long,185.5,0.609,0.033483,14.977137,62.331,902
1789340289533,xyz:ORCL,A,Close Long,147.64,0.377,0.032639,4.455763,57.096,903
1789340289533,xyz:ORCL,A,Close Long,147.64,0.35,0.030301,4.13665,56.719,903
1789340289533,xyz:ORCL,A,Close Long,147.63,0.818,0.070813,9.659762,56.369,903
1789340289533,xyz:ORCL,A,Close Long,147.62,0.817,0.070722,9.639783,55.551,903
1789340289533,xyz:ORCL,A,Close Long,147.62,2.638,0.228356,31.125762,54.734,903
1789340554633,xyz:COIN,A,Close Long,171.61,1.051,0.105764,5.060565,467.489,904
1789340554633,xyz:COIN,A,Close Long,171.61,5.827,0.586382,28.057005,466.438,904
1789340554633,xyz:COIN,A,Close Long,171.6,6.057,0.609492,29.103885,460.611,904
1789340554633,xyz:COIN,A,Close Long,171.6,1.051,0.105757,5.050055,454.554,904
1789340554633,xyz:COIN,A,Close Long,171.59,5.828,0.586415,27.94526,453.503,904
1789340554633,xyz:COIN,A,Close Long,171.59,28.5,2.86768,136.6575,447.675,904
1789340554633,xyz:COIN,A,Close Long,171.58,1.686,0.169635,8.06751,419.175,904
1789391696664,xyz:SKHY,A,Close Long,175.14,10.0,1.02702,284.736,81.19,905
1789393196167,xyz:KR200,B,Open Long,1032.0,0.0301,0.009206,0.0,22.8714,906
1789393196167,xyz:KR200,B,Open Long,1032.2,0.1678,0.051336,0.0,22.9015,906
1789393196167,xyz:KR200,B,Open Long,1032.4,0.1679,0.051377,0.0,23.0693,906
1789393196167,xyz:KR200,B,Open Long,1032.5,0.1152,0.035254,0.0,23.2372,906
1789393196167,xyz:KR200,B,Open Long,1032.6,0.4648,0.142257,0.0,23.3524,906
1789393196167,xyz:KR200,B,Open Long,1032.6,0.0484,0.014813,0.0,23.8172,906
1789393196167,xyz:KR200,B,Open Long,1032.6,0.1679,0.051387,0.0,23.8656,906
1789393196167,xyz:KR200,B,Open Long,1032.7,1.69,0.517295,0.0,24.0335,906
1789393209965,xyz:SMSN,B,Open Long,180.43,5.542,0.586366,0.0,132.488,907
1789393209965,xyz:SMSN,B,Open Long,180.45,5.308,0.56167,0.0,138.03,907
1789393223627,xyz:BE,B,Open Long,250.94,6.61,0.972668,0.0,77.25,908
1789393223627,xyz:BE,B,Open Long,250.96,0.29,0.042677,0.0,83.86,908
1789393223627,xyz:BE,B,Open Long,250.99,0.54,0.079477,0.0,84.15,908
1789393223627,xyz:BE,B,Open Long,251.03,6.57,0.967129,0.0,84.69,908
1789393223627,xyz:BE,B,Open Long,251.05,5.54,0.815574,0.0,91.26,908
1789393241212,xyz:IREN,B,Open Long,42.208,58.1,1.438019,0.0,190.2,909
1789393254728,xyz:SKHY,B,Open Long,176.2,2.42,0.250043,0.0,71.19,910
1789393254728,xyz:SKHY,B,Open Long,176.24,0.57,0.058907,0.0,73.61,910
1789393254728,xyz:SKHY,B,Open Long,176.27,1.13,0.116801,0.0,74.18,910
1789393254728,xyz:SKHY,B,Open Long,176.27,23.67,2.446642,0.0,75.31,910
1789393278962,xyz:EWT,B,Open Long,106.96,9.35,0.296421,0.0,73.83,911
1789393278962,xyz:EWT,B,Open Long,106.97,8.97,0.284401,0.0,83.18,911
1789393291631,xyz:ORCL,B,Open Long,142.01,9.769,0.813509,0.0,52.096,912
1789393291631,xyz:ORCL,B,Open Long,142.03,9.769,0.813624,0.0,61.865,912
1789393291631,xyz:ORCL,B,Open Long,142.04,1.199,0.099866,0.0,71.634,912
1789393311652,xyz:TSM,B,Close Short,418.7,2.388,0.586314,-47.478216,-23.341,913
1789393311652,xyz:TSM,B,Close Short,418.71,0.77,0.189058,-15.31684,-20.953,913
1789393311652,xyz:TSM,B,Close Short,418.71,0.45,0.110488,-8.9514,-20.183,913
1789393311652,xyz:TSM,B,Close Short,418.72,0.45,0.110491,-8.9559,-19.733,913
1789393311652,xyz:TSM,B,Close Short,418.73,7.191,1.7657,-143.187192,-19.283,913
1789393311652,xyz:TSM,B,Close Short,418.76,0.421,0.10338,-8.395582,-12.092,913
1789393334982,xyz:EWT,B,Open Long,107.03,2.14,0.067888,0.0,92.15,914
1789393334982,xyz:EWT,B,Open Long,107.03,9.34,0.296298,0.0,94.29,914
1789393334982,xyz:EWT,B,Open Long,107.04,11.43,0.362635,0.0,103.63,914
1789393345754,xyz:DELL,B,Close Short,529.86,0.63,0.195746,-92.2383,-2.56,915
1789393345754,xyz:DELL,B,Close Short,529.86,0.63,0.195746,-92.2383,-1.93,915
1789393345754,xyz:DELL,B,Close Short,529.92,0.02,0.006214,-2.929402,-1.3,915
1789393363862,xyz:IBM,B,Open Long,245.26,0.06,0.008628,0.0,8.51,916
1789393363862,xyz:IBM,B,Open Long,245.27,0.06,0.008629,0.0,8.57,916
1789393363862,xyz:IBM,B,Open Long,245.3,0.06,0.00863,0.0,8.63,916
1789393363862,xyz:IBM,B,Open Long,245.31,7.81,1.123466,0.0,8.69,916
1789397563118,xyz:CRWD,B,Open Long,234.49,12.54,1.724311,0.0,0.0,917
1789397580033,xyz:LLY,B,Open Long,1140.9,0.8765,0.586398,0.0,0.0,918
1789397580033,xyz:LLY,B,Open Long,1141.0,0.2142,0.143317,0.0,0.8765,918
1789397580033,xyz:LLY,B,Open Long,1141.0,1.489,0.996263,0.0,1.0907,918
1789397643847,xyz:AVGO,B,Open Long,344.3,2.81,0.567331,0.0,0.0,919
1789397643847,xyz:AVGO,B,Open Long,344.33,3.49,0.704682,0.0,2.81,919
1789397643847,xyz:AVGO,B,Open Long,344.34,2.23,0.450283,0.0,6.3,919
1789406946987,xyz:BE,B,Open Long,259.92,0.31,0.047248,0.0,96.8,920
1789406946987,xyz:BE,B,Open Long,259.94,0.31,0.047252,0.0,97.11,920
1789406946987,xyz:BE,B,Open Long,259.95,0.11,0.016767,0.0,97.42,920
1789406946987,xyz:BE,B,Open Long,259.96,0.31,0.047255,0.0,97.53,920
1789406946987,xyz:BE,B,Open Long,259.97,0.62,0.094516,0.0,97.84,920
1789406946987,xyz:BE,B,Open Long,259.98,0.31,0.047259,0.0,98.46,920
1789406946987,xyz:BE,B,Open Long,259.99,0.99,0.150933,0.0,98.77,920
1789406946987,xyz:BE,B,Open Long,259.99,0.62,0.094523,0.0,99.76,920
1789406946987,xyz:BE,B,Open Long,260.02,0.19,0.028969,0.0,100.38,920
1789406966351,xyz:SMSN,B,Open Long,181.77,5.501,0.58635,0.0,143.338,921
1789406966351,xyz:SMSN,B,Open Long,181.78,0.55,0.058627,0.0,148.839,921
1789406966351,xyz:SMSN,B,Open Long,181.78,4.742,0.505476,0.0,149.389,921
1789406980947,xyz:EWZ,B,Open Long,37.718,0.34,0.003801,0.0,337.27,922
1789406980947,xyz:EWZ,B,Open Long,37.721,0.34,0.003801,0.0,337.61,922
1789406980947,xyz:EWZ,B,Open Long,37.727,0.36,0.004025,0.0,337.95,922
1789406980947,xyz:EWZ,B,Open Long,37.728,0.36,0.004025,0.0,338.31,922
1789406980947,xyz:EWZ,B,Open Long,37.729,26.5,0.296345,0.0,338.67,922
1789406980947,xyz:EWZ,B,Open Long,37.73,10.75,0.120218,0.0,365.17,922
1789406980947,xyz:EWZ,B,Open Long,37.732,13.35,0.149302,0.0,375.92,922
1789406995484,xyz:AMZN,B,Open Long,254.99,3.922,0.586441,0.0,47.548,923
1789406995484,xyz:AMZN,B,Open Long,255.0,3.767,0.563286,0.0,51.47,923
1789407013349,xyz:EWY,B,Open Long,178.47,5.603,0.29639,0.0,61.722,924
1789407013349,xyz:EWY,B,Open Long,178.47,10.869,0.574952,0.0,67.325,924
1789407177307,xyz:AAPL,B,Open Long,334.21,2.992,0.586374,0.0,0.0,925
1789407177307,xyz:AAPL,B,Open Long,334.22,2.872,0.562872,0.0,2.992,925
1789554634468,xyz:CRCL,B,Open Long,85.222,4.981,0.248921,0.0,852.541,926
1789554634468,xyz:CRCL,B,Open Long,85.23,41.043,2.051282,0.0,857.522,926
1789567322668,xyz:CRCL,A,Close Long,81.0,898.565,42.680399,173.423045,898.565,891
1789569289964,xyz:CRCL,B,Open Long,80.193,187.064,8.796716,0.0,0.0,927
1789569289964,xyz:CRCL,B,Open Long,80.194,41.434,1.948465,0.0,187.064,927
1789569289964,xyz:CRCL,B,Open Long,80.197,16.19,0.761374,0.0,228.498,927
1789569651882,xyz:CRCL,B,Open Long,79.839,23.179,1.085184,0.0,244.688,929
1789569651882,xyz:CRCL,B,Open Long,79.84,61.307,2.870281,0.0,267.867,929
1789569651882,xyz:CRCL,B,Open Long,79.84,12.525,0.586397,0.0,329.174,929
1789569651882,xyz:CRCL,B,Open Long,79.841,25.875,1.211434,0.0,341.699,929
1789569696594,xyz:COIN,B,Open Long,167.96,17.349,1.708733,0.0,417.489,930
1789569696594,xyz:COIN,B,Open Long,167.96,0.163,0.016053,0.0,434.838,930
1789569805304,xyz:BE,B,Open Long,268.36,4.88,0.767947,0.0,100.57,931
1789569805304,xyz:BE,B,Open Long,268.39,0.73,0.114889,0.0,105.45,931
1789569805304,xyz:BE,B,Open Long,268.4,1.69,0.265988,0.0,106.18,931
1789569930047,xyz:EWZ,B,Open Long,37.652,23.98,0.267617,0.0,389.27,932
1789569930047,xyz:EWZ,B,Open Long,37.658,0.38,0.004241,0.0,413.25,932
1789569930047,xyz:EWZ,B,Open Long,37.662,4.99,0.055703,0.0,413.63,932
1789569930047,xyz:EWZ,B,Open Long,37.672,10.75,0.120033,0.0,418.62,932
1789569930047,xyz:EWZ,B,Open Long,37.673,11.98,0.133771,0.0,429.37,932
1789569971676,xyz:ORCL,B,Open Long,143.2,1.724,0.144768,0.0,72.833,933
1789569971676,xyz:ORCL,B,Open Long,143.21,3.576,0.300306,0.0,74.557,933
1789569971676,xyz:ORCL,B,Open Long,143.22,4.874,0.409338,0.0,78.133,933
1789569971676,xyz:ORCL,B,Open Long,143.22,0.915,0.076845,0.0,83.007,933
1789569971676,xyz:ORCL,B,Open Long,143.22,2.607,0.218946,0.0,83.922,933
1789570006812,xyz:DELL,B,Close Short,568.52,0.32,0.106681,-59.222432,-1.28,934
1789570006812,xyz:DELL,B,Close Short,568.56,0.3,0.100021,-55.53303,-0.96,934
1789570006812,xyz:DELL,B,Close Short,568.58,0.66,0.220053,-122.185866,-0.66,934
1789570026736,xyz:TSM,B,Close Short,418.06,11.671,2.86115,-224.573382,-11.671,935
1789570034849,xyz:AMAT,B,Close Short,421.99,0.452,0.111848,37.726632,-1.938,936
1789570034849,xyz:AMAT,B,Close Short,422.01,0.517,0.127939,43.141582,-1.486,936
1789570254795,xyz:COIN,B,Open Long,167.15,5.865,0.574867,0.0,435.001,937
1789570289650,xyz:CRCL,B,Open Long,80.378,78.157,3.683824,0.0,367.574,938
1789570289650,xyz:CRCL,B,Open Long,80.38,38.849,1.83114,0.0,445.731,938
1789570289650,xyz:CRCL,B,Open Long,80.38,31.632,1.490968,0.0,484.58,938
1789570289650,xyz:CRCL,B,Open Long,80.382,34.373,1.620205,0.0,516.212,938
1789570704930,xyz:AVGO,B,Open Long,342.47,2.33,0.46792,0.0,8.53,939
1789570704930,xyz:AVGO,B,Open Long,342.5,0.53,0.106445,0.0,10.86,939
1789584970432,xyz:CRCL,B,Open Long,79.0,1.47,0.061409,0.0,550.585,928
1789584970432,xyz:CRCL,B,Open Long,79.0,12.177,0.508696,0.0,552.055,928
1789584970432,xyz:CRCL,B,Open Long,79.0,6.089,0.254368,0.0,564.232,928
1789584970432,xyz:CRCL,B,Open Long,79.0,17.494,0.730815,0.0,570.321,928
1789639899949,xyz:CRCL,B,Open Long,83.187,2.266,0.110536,0.0,587.815,940
1789639899949,xyz:CRCL,B,Open Long,83.188,12.021,0.586401,0.0,590.081,940
1789639899949,xyz:CRCL,B,Open Long,83.189,7.949,0.387767,0.0,602.102,940
1789639899949,xyz:CRCL,B,Open Long,83.19,12.021,0.586415,0.0,610.051,940
1789639899949,xyz:CRCL,B,Open Long,83.191,83.898,4.092812,0.0,622.072,940
1789649456914,xyz:CRCL,B,Open Long,83.53,10.878,0.532825,0.0,705.97,941
1789649456914,xyz:CRCL,B,Open Long,83.53,26.252,1.285874,0.0,716.848,941
1789649456914,xyz:CRCL,B,Open Long,83.53,7.858,0.3849,0.0,743.1,941
1789649456914,xyz:CRCL,B,Open Long,83.53,25.385,1.243407,0.0,750.958,941
1789649955164,xyz:CRCL,B,Open Long,83.762,11.707,0.575023,0.0,776.343,942
1789650000018,xyz:AMAT,B,Close Short,431.79,0.484,0.122549,35.654344,-0.969,943
1789665521344,xyz:CRCL,B,Open Long,85.083,1.175,0.058623,0.0,788.05,944
1789665521344,xyz:CRCL,B,Open Long,85.085,6.202,0.309441,0.0,789.225,944
1789665521344,xyz:CRCL,B,Open Long,85.091,4.148,0.206973,0.0,795.427,944
1789746699698,xyz:AMAT,B,Close Short,436.74,0.485,0.12421,33.32726,-0.485,945
1789765478068,xyz:SKHY,B,Open Long,187.55,0.53,0.058288,0.0,98.98,946
1789765478068,xyz:SKHY,B,Open Long,187.56,0.53,0.058291,0.0,99.51,946
1789765478068,xyz:SKHY,B,Open Long,187.57,4.16,0.457562,0.0,100.04,946
1789765940886,xyz:HOOD,B,Open Long,119.94,0.102,0.007173,0.0,384.496,947
1789765940886,xyz:HOOD,B,Open Long,119.94,32.602,2.292989,0.0,384.598,947
1789765948543,xyz:CRCL,B,Open Long,91.846,10.888,0.58641,0.0,799.575,948
1789765948543,xyz:CRCL,B,Open Long,91.847,4.926,0.265309,0.0,810.463,948
1789765948543,xyz:CRCL,B,Open Long,91.848,10.888,0.586423,0.0,815.389,948
1789765948543,xyz:CRCL,B,Open Long,91.85,10.887,0.586382,0.0,826.277,948
1789765948543,xyz:CRCL,B,Open Long,91.851,1.088,0.0586,0.0,837.164,948
1789765948543,xyz:CRCL,B,Open Long,91.856,4.019,0.21648,0.0,838.252,948
1789765968164,xyz:MSTR,B,Open Long,153.59,10.822,2.267173,0.0,0.0,949
1789765968164,xyz:MSTR,B,Open Long,153.59,6.511,1.364033,0.0,10.822,949
1789765968164,xyz:MSTR,B,Open Long,153.6,14.584,3.055499,0.0,17.333,949
1789766009990,xyz:IREN,B,Open Long,46.72,10.1,0.276705,0.0,248.3,950
1789766009990,xyz:IREN,B,Open Long,46.721,10.6,0.290409,0.0,258.4,950
1789766009990,xyz:IREN,B,Open Long,46.725,10.6,0.290434,0.0,269.0,950
1789766009990,xyz:IREN,B,Open Long,46.729,10.5,0.287719,0.0,279.6,950
1789766009990,xyz:IREN,B,Open Long,46.73,13.9,0.380893,0.0,290.1,950
1789766009990,xyz:IREN,B,Open Long,46.731,4.0,0.109612,0.0,304.0,950
1789766009990,xyz:IREN,B,Open Long,46.731,4.0,0.109612,0.0,308.0,950
1789766009990,xyz:IREN,B,Open Long,46.733,10.6,0.290483,0.0,312.0,950
1789766009990,xyz:IREN,B,Open Long,46.736,23.2,0.635818,0.0,322.6,950
1789766009990,xyz:IREN,B,Open Long,46.737,10.6,0.290509,0.0,345.8,950
1789766009990,xyz:IREN,B,Open Long,46.738,8.3,0.227478,0.0,356.4,950
1789766009990,xyz:IREN,B,Open Long,46.74,30.4,0.833213,0.0,364.7,950
1789901537081,xyz:IREN,A,Close Long,45.909,13.9,0.374201,-0.064774,395.1,951
1789901537081,xyz:IREN,A,Close Long,45.907,9.0,0.242278,-0.05994,381.2,951
1789901537081,xyz:IREN,A,Close Long,45.902,6.9,0.185725,-0.080454,372.2,951
1789901537081,xyz:IREN,A,Close Long,45.896,6.0,0.16148,-0.10596,365.3,951
1789901537081,xyz:IREN,A,Close Long,45.892,5.7,0.153392,-0.123462,359.3,951
1789901537081,xyz:IREN,A,Close Long,45.892,13.9,0.374063,-0.301074,353.6,951
1789901537081,xyz:IREN,A,Close Long,45.887,6.2,0.166829,-0.165292,339.7,951
1789901537081,xyz:IREN,A,Close Long,45.884,13.9,0.373997,-0.412274,333.5,951
1789901537081,xyz:IREN,A,Close Long,45.882,6.2,0.166812,-0.196292,319.6,951
1789901537081,xyz:IREN,A,Close Long,45.878,8.2,0.220602,-0.292412,313.4,951
1789901537081,xyz:IREN,A,Close Long,45.873,5.7,0.153329,-0.231762,305.2,951
1789901537081,xyz:IREN,A,Close Long,45.868,5.6,0.150622,-0.255696,299.5,951
1789901537081,xyz:IREN,A,Close Long,45.863,5.2,0.139848,-0.263432,293.9,951
1789901537081,xyz:IREN,A,Close Long,45.858,5.3,0.142522,-0.294998,288.7,951
1789901537081,xyz:IREN,A,Close Long,45.853,5.6,0.150573,-0.339696,283.4,951
1789901537081,xyz:IREN,A,Close Long,45.852,10.1,0.271564,-0.622766,277.8,951
1789901537081,xyz:IREN,A,Close Long,45.848,5.6,0.150557,-0.367696,267.7,951
1789901537081,xyz:IREN,A,Close Long,45.843,6.3,0.169358,-0.445158,262.1,951
1789901537081,xyz:IREN,A,Close Long,45.841,5.6,0.150533,-0.406896,255.8,951
1789901537081,xyz:IREN,A,Close Long,45.836,6.5,0.174708,-0.50479,250.2,951
1789901537081,xyz:IREN,A,Close Long,45.831,6.4,0.172001,-0.529024,243.7,951
1789901537081,xyz:IREN,A,Close Long,45.828,5.6,0.150491,-0.479696,237.3,951
1789901537081,xyz:IREN,A,Close Long,45.826,5.6,0.150484,-0.490896,231.7,951
1789901537081,xyz:IREN,A,Close Long,45.821,6.5,0.174651,-0.60229,226.1,951
1789901537081,xyz:IREN,A,Close Long,45.816,6.4,0.171945,-0.625024,219.6,951
1789901537081,xyz:IREN,A,Close Long,45.813,5.3,0.142382,-0.533498,213.2,951
1789901537081,xyz:IREN,A,Close Long,45.808,5.6,0.150425,-0.591696,207.9,951
1789901537081,xyz:IREN,A,Close Long,45.806,4.7,0.126244,-0.506002,202.3,951
1789901972409,xyz:COIN,A,Close Long,192.19,2.857,0.321984,72.407808,440.866,952
1789901972409,xyz:COIN,A,Close Long,192.18,1.95,0.219753,49.4013,438.009,952
1789901972409,xyz:COIN,A,Close Long,192.17,7.805,0.879533,197.65382,436.059,952
1789901972409,xyz:COIN,A,Close Long,192.16,5.204,0.5864,131.734056,428.254,952
1789901972409,xyz:COIN,A,Close Long,192.15,0.838,0.094422,21.204752,423.05,952
1789901972409,xyz:COIN,A,Close Long,192.15,10.842,1.221641,274.345968,422.212,952
1789901972409,xyz:COIN,A,Close Long,192.15,25.8,2.90706,652.8432,411.37,952
1789901972409,xyz:COIN,A,Close Long,192.14,0.837,0.094304,21.171078,385.57,952
1789901972409,xyz:COIN,A,Close Long,192.13,5.205,0.586421,131.60322,384.733,952
1789901972409,xyz:COIN,A,Close Long,192.12,0.836,0.094182,21.129064,379.528,952
1789901972409,xyz:COIN,A,Close Long,192.12,2.602,0.293139,65.762948,378.692,952
1789901972409,xyz:COIN,A,Close Long,192.12,5.258,0.592361,132.890692,376.09,952
1789901972409,xyz:COIN,A,Close Long,192.11,19.955,2.247996,504.14312,370.832,952
1789901972409,xyz:COIN,A,Close Long,192.1,27.942,3.147594,705.647268,350.877,952
1789901972409,xyz:COIN,A,Close Long,192.07,24.949,2.810001,629.313576,322.935,952
1789901972409,xyz:COIN,A,Close Long,192.04,7.263,0.817902,182.984022,297.986,952
1789901972409,xyz:COIN,A,Close Long,192.04,7.555,0.850785,190.34067,290.723,952
1789901972409,xyz:COIN,A,Close Long,192.03,10.842,1.220877,273.044928,283.168,952
1789901972409,xyz:COIN,A,Close Long,192.01,26.798,3.01731,674.344872,272.326,952
1789901972409,xyz:COIN,A,Close Long,192.01,31.945,3.596835,803.86398,245.528,952
1789901972409,xyz:COIN,A,Close Long,192.0,55.894,6.293038,1405.957676,213.583,952
1789901972409,xyz:COIN,A,Close Long,192.0,0.07,0.007881,1.76078,157.689,952
1789901972409,xyz:COIN,A,Close Long,191.98,46.67,5.253971,1173.00378,157.619,952
1789901972409,xyz:COIN,A,Close Long,191.95,110.949,12.488361,2785.263696,110.949,952
1789902029067,xyz:AAPL,A,Close Long,333.54,2.998,0.586371,-2.020652,5.864,953
1789902029067,xyz:AAPL,A,Close Long,333.53,1.202,0.235089,-0.822168,2.866,953
1789902029067,xyz:AAPL,A,Close Long,333.52,1.202,0.235081,-0.834188,1.664,953
1789902029067,xyz:AAPL,A,Close Long,333.52,0.462,0.090356,-0.320628,0.462,953
1789907705743,xyz:COIN,B,Open Long,192.24,0.173,0.019501,0.0,0.0,954
1789907705743,xyz:COIN,B,Open Long,192.24,4.786,0.539523,0.0,0.173,954
1789907705743,xyz:COIN,B,Open Long,192.24,5.194,0.585516,0.0,4.959,954
1789907705743,xyz:COIN,B,Open Long,192.24,3.9,0.439645,0.0,10.153,954
1789907705743,xyz:COIN,B,Open Long,192.24,1.387,0.156355,0.0,14.053,954
1789907705743,xyz:COIN,B,Open Long,192.28,0.724,0.081632,0.0,15.44,954
1789907705743,xyz:COIN,B,Open Long,192.28,11.15,1.257195,0.0,16.164,954
1789907705743,xyz:COIN,B,Open Long,192.29,0.72,0.081185,0.0,27.314,954
1789907705743,xyz:COIN,B,Open Long,192.3,0.746,0.084121,0.0,28.034,954
1789907705743,xyz:COIN,B,Open Long,192.3,9.024,1.017588,0.0,28.78,954
1789907705743,xyz:COIN,B,Open Long,192.31,11.15,1.257391,0.0,37.804,954
1789907705743,xyz:COIN,B,Open Long,192.31,2.044,0.230502,0.0,48.954,954
1789921621318,xyz:META,B,Open Long,671.16,1.49,0.586416,0.0,0.0,955
1789921621318,xyz:META,B,Open Long,671.17,0.676,0.266055,0.0,1.49,955
1789921621318,xyz:META,B,Open Long,671.18,1.49,0.586434,0.0,2.166,955
1789921621318,xyz:META,B,Open Long,671.19,0.726,0.285742,0.0,3.656,955
1789989940775,xyz:COIN,B,Open Long,204.7,41.173,4.942244,0.0,50.998,957
1789989940775,xyz:COIN,B,Open Long,204.7,4.885,0.586375,0.0,92.171,957
1789989940775,xyz:COIN,B,Open Long,204.7,49.744,5.971074,0.0,97.056,957
1789989956800,xyz:COIN,B,Open Long,204.68,0.957,0.114862,0.0,146.8,958
1789989956800,xyz:COIN,B,Open Long,204.68,5.608,0.673095,0.0,147.757,958
1789989956800,xyz:COIN,B,Open Long,204.69,0.957,0.114868,0.0,153.365,958
1789989956800,xyz:COIN,B,Open Long,204.7,4.928,0.591537,0.0,154.322,958
1789989956800,xyz:COIN,B,Open Long,204.7,0.957,0.114873,0.0,159.25,958
1789989956800,xyz:COIN,B,Open Long,204.71,34.484,4.139525,0.0,160.207,958
1789989970269,xyz:HOOD,B,Open Long,125.48,7.969,0.58637,0.0,417.2,959
1789989970269,xyz:HOOD,B,Open Long,125.49,1.813,0.133413,0.0,425.169,959
1789989970269,xyz:HOOD,B,Open Long,125.49,20.944,1.541212,0.0,426.982,959
1789989970269,xyz:HOOD,B,Open Long,125.49,8.127,0.598043,0.0,447.926,959
1789989970269,xyz:HOOD,B,Open Long,125.5,15.843,1.165936,0.0,456.053,959
1789989987321,xyz:IREN,B,Open Long,48.104,3.8,0.10719,0.0,197.6,960
1789989987321,xyz:IREN,B,Open Long,48.104,3.8,0.10719,0.0,201.4,960
1789989987321,xyz:IREN,B,Open Long,48.105,9.4,0.265161,0.0,205.2,960
1789989987321,xyz:IREN,B,Open Long,48.109,3.8,0.107202,0.0,214.6,960
1789989987321,xyz:IREN,B,Open Long,48.109,3.8,0.107202,0.0,218.4,960
1789989987321,xyz:IREN,B,Open Long,48.11,8.2,0.231335,0.0,222.2,960
1789989987321,xyz:IREN,B,Open Long,48.115,7.9,0.222895,0.0,230.4,960
1790183474332,xyz:GOOGL,A,Close Long,338.48,11.537,2.289916,-18.066942,11.537,961
1790253404116,xyz:ORCL,A,Close Long,136.85,86.529,6.943851,-140.782683,86.529,892
1790260052098,xyz:META,A,Close Long,767.99,1.598,0.719658,154.713566,4.382,956
1790260052098,xyz:META,A,Close Long,767.98,2.784,1.253756,269.510688,2.784,956
1790583144385,xyz:COIN,B,Open Long,191.01,6.404,0.7173,0.0,194.691,962
1790583144385,xyz:COIN,B,Open Long,191.03,2.078,0.232777,0.0,201.095,962
1790583144385,xyz:COIN,B,Open Long,191.04,1.776,0.198957,0.0,203.173,962
1790583168555,xyz:IREN,B,Open Long,43.282,22.6,0.5736,0.0,238.3,963
1790583186502,xyz:DKNG,B,Open Long,21.983,44.74,0.576735,0.0,362.08,964
1790583212932,xyz:CRWD,B,Open Long,253.47,2.65,0.393881,0.0,12.54,965
1790583212932,xyz:CRWD,B,Open Long,253.48,1.21,0.179854,0.0,15.19,965
1790583232178,xyz:LLY,B,Open Long,1189.4,0.5641,0.393439,0.0,2.5797,966
1790583232178,xyz:LLY,B,Open Long,1190.0,0.2502,0.174593,0.0,3.1438,966
1790583232178,xyz:LLY,B,Open Long,1190.1,0.0103,0.007188,0.0,3.394,966
1790605022779,xyz:SNDK,B,Open Long,1693.0,1.694,1.681761,0.0,1.209,967
1790692239005,xyz:COIN,B,Open Long,193.66,15.192,1.725236,0.0,204.949,968
1790692262605,xyz:DKNG,B,Open Long,20.832,48.0,0.586362,0.0,406.82,969
1790692262605,xyz:DKNG,B,Open Long,20.833,22.56,0.275603,0.0,454.82,969
1790728927968,xyz:COIN,B,Open Long,189.66,5.651,0.628484,0.0,220.141,970
1790728927968,xyz:COIN,B,Open Long,189.66,4.648,0.516934,0.0,225.792,970
1790728955761,xyz:CRWD,B,Open Long,264.04,0.37,0.057287,0.0,16.4,971
1790728955761,xyz:CRWD,B,Open Long,264.08,0.04,0.006193,0.0,16.77,971
1790728955761,xyz:CRWD,B,Open Long,264.1,0.76,0.117699,0.0,16.81,971
1790728955761,xyz:CRWD,B,Open Long,264.11,0.22,0.034072,0.0,17.57,971
1790728955761,xyz:CRWD,B,Open Long,264.12,0.22,0.034073,0.0,17.79,971
1790728955761,xyz:CRWD,B,Open Long,264.13,0.76,0.117712,0.0,18.01,971
1790728955761,xyz:CRWD,B,Open Long,264.15,0.22,0.034076,0.0,18.77,971
1790728955761,xyz:CRWD,B,Open Long,264.17,0.76,0.11773,0.0,18.99,971
1790728955761,xyz:CRWD,B,Open Long,264.17,3.44,0.532887,0.0,19.75,971
1790728955761,xyz:CRWD,B,Open Long,264.18,0.19,0.029433,0.0,23.19,971
1790728955761,xyz:CRWD,B,Open Long,264.21,0.16,0.024788,0.0,23.38,971
1790728955761,xyz:CRWD,B,Open Long,264.23,0.28,0.043384,0.0,23.54,971
1790755431679,xyz:IREN,B,Open Long,41.863,0.4,0.009818,0.0,260.9,972
1790755431679,xyz:IREN,B,Open Long,41.866,0.4,0.009819,0.0,261.3,972
1790755431679,xyz:IREN,B,Open Long,41.871,0.4,0.009821,0.0,261.7,972
1790755431679,xyz:IREN,B,Open Long,41.873,0.4,0.009821,0.0,262.1,972
1790755431679,xyz:IREN,B,Open Long,41.879,0.4,0.009822,0.0,262.5,972
1790755431679,xyz:IREN,B,Open Long,41.882,0.4,0.009823,0.0,262.9,972
1790755431679,xyz:IREN,B,Open Long,41.883,0.4,0.009823,0.0,263.3,972
1790755431679,xyz:IREN,B,Open Long,41.889,0.4,0.009824,0.0,263.7,972
1790755431679,xyz:IREN,B,Open Long,41.892,0.4,0.009825,0.0,264.1,972
1790755431679,xyz:IREN,B,Open Long,41.897,0.4,0.009826,0.0,264.5,972
1790755431679,xyz:IREN,B,Open Long,41.898,31.2,0.766551,0.0,264.9,972
1790854279909,xyz:COIN,B,Open Long,187.44,10.479,1.151796,0.0,230.44,973
1790995358031,xyz:COIN,B,Open Long,183.53,2.161,0.23257,0.0,240.919,974
1790995358031,xyz:COIN,B,Open Long,183.54,2.171,0.233659,0.0,243.08,974
1791004294005,xyz:COIN,B,Open Long,183.04,1.58,0.15293,0.0,245.251,975
1791004518463,xyz:COIN,B,Open Long,183.04,0.444,0.042974,0.0,246.831,975
1791004536233,xyz:COIN,B,Open Long,183.04,0.443,0.042878,0.0,247.275,975
1791004547497,xyz:COIN,B,Open Long,183.04,0.444,0.042974,0.0,247.718,975
1791004580635,xyz:COIN,B,Open Long,183.04,0.081,0.007839,0.0,248.162,975
