time_ms,coin,side,dir,px,sz,fee,closedPnl,startPosition,oid
1737664719991,BTC,A,Open Short,105350.0,0.11844,1.247765,0.0,0.0,0861
1737726889541,BTC,B,Close Short,105188.0,0.00985,0.362635,1.5957,-0.11844,0863
1737726889541,BTC,B,Close Short,105188.0,0.10859,3.997827,17.59158,-0.10859,0863
1737798447871,TRUMP,B,Open Long,26.44,232.8,0.615523,0.0,0.0,0862
1737932929251,TRUMP,A,Close Long,27.831,18.0,0.175335,25.038,232.8,0865
1737932929251,TRUMP,A,Close Long,27.83,18.0,0.175329,25.02,214.8,0865
1737932929251,TRUMP,A,Close Long,27.83,18.0,0.175329,25.02,196.8,0865
1737932929251,TRUMP,A,Close Long,27.83,18.0,0.175329,25.02,178.8,0865
1737932929251,TRUMP,A,Close Long,27.83,18.0,0.175329,25.02,160.8,0865
1737932929251,TRUMP,A,Close Long,27.83,18.0,0.175329,25.02,142.8,0865
1737932929251,TRUMP,A,Close Long,27.83,18.0,0.175329,25.02,124.8,0865
1737932929251,TRUMP,A,Close Long,27.83,18.0,0.175329,25.02,106.8,0865
1737932929251,TRUMP,A,Close Long,27.829,18.0,0.175322,25.002,88.8,0865
1737932929251,TRUMP,A,Close Long,27.828,18.0,0.175316,24.984,70.8,0865
1737932929251,TRUMP,A,Close Long,27.828,18.0,0.175316,24.984,52.8,0865
1737932929251,TRUMP,A,Close Long,27.828,18.0,0.175316,24.984,34.8,0865
1737932929251,TRUMP,A,Close Long,27.828,16.8,0.163628,23.3184,16.8,0865
1737936382288,FARTCOIN,B,Open Long,1.1236,1236.0,0.486069,0.0,0.0,0866
1737936382288,FARTCOIN,B,Open Long,1.1237,1990.3,0.782775,0.0,1236.0,0866
1737936382288,FARTCOIN,B,Open Long,1.1243,409.7,0.161218,0.0,3226.3,0866
1737937275507,FARTCOIN,A,Close Long,1.1055,90.4,0.034978,-1.647992,3636.0,0867
1737937275507,FARTCOIN,A,Close Long,1.1052,262.6,0.101578,-4.865978,3545.6,0867
1737937275507,FARTCOIN,A,Close Long,1.1051,452.5,0.17502,-8.430075,3283.0,0867
1737937275507,FARTCOIN,A,Close Long,1.1051,452.5,0.17502,-8.430075,2830.5,0867
1737937275507,FARTCOIN,A,Close Long,1.1051,452.5,0.17502,-8.430075,2378.0,0867
1737937275507,FARTCOIN,A,Close Long,1.1051,452.5,0.17502,-8.430075,1925.5,0867
1737937275507,FARTCOIN,A,Close Long,1.105,452.5,0.175004,-8.475325,1473.0,0867
1737937275507,FARTCOIN,A,Close Long,1.1049,1020.5,0.394642,-19.216015,1020.5,0867
1737941712933,VIRTUAL,B,Open Long,2.16,3282.1,0.708933,0.0,0.0,0864
1737990113719,VIRTUAL,A,Close Long,2.1251,681.7,0.507038,-23.79133,3282.1,0869
1737990113719,VIRTUAL,A,Close Long,2.1251,687.6,0.511426,-23.99724,2600.4,0869
1737990113719,VIRTUAL,A,Close Long,2.1244,1175.5,0.874031,-41.8478,1912.8,0869
1737990113719,VIRTUAL,A,Close Long,2.1242,737.3,0.54816,-26.39534,737.3,0869
1738090277651,WIF,B,Open Long,1.05,16.0,0.00168,0.0,0.0,0868
1738090277651,WIF,B,Open Long,1.05,3060.0,0.3213,0.0,16.0,0868
1738090277651,WIF,B,Open Long,1.05,442.0,0.04641,0.0,3076.0,0868
1738106917314,WIF,A,Close Long,1.0374,3518.0,1.27735,-44.3268,3518.0,0872
1738279822222,GRIFFAIN,B,Open Long,0.206,14350.0,0.29561,0.0,0.0,0870
1738407201083,AI16Z,B,Open Long,0.52,2053.8,0.106797,0.0,0.0,0871
1738407201083,AI16Z,B,Open Long,0.52,6630.3,0.344775,0.0,2053.8,0871
1738429034173,TRUMP,B,Open Long,21.56,165.1,0.355955,0.0,0.0,0873
1738471274142,TRUMP,A,Close Long,21.621,165.1,1.249369,10.0711,165.1,0874
1738515440414,SOL,B,Open Long,206.13,17.52,1.263989,0.0,0.0,0876
1738520590900,AIXBT,B,Open Long,0.3103,4025.0,0.437135,0.0,0.0,0877
1738520590900,AIXBT,B,Open Long,0.31044,3221.0,0.349974,0.0,4025.0,0877
1738520590900,AIXBT,B,Open Long,0.31054,973.0,0.105754,0.0,7246.0,0877
1738520614148,AIXBT,B,Open Long,0.30999,1679.0,0.182165,0.0,8219.0,0878
1738525643030,SOL,A,Close Long,205.69,17.52,1.261291,-7.7088,17.52,0880
1738547764566,TRUMP,B,Open Long,16.35,244.4,0.399594,0.0,0.0,0875
1738548471627,FARTCOIN,B,Open Long,0.465,9121.3,0.42414,0.0,0.0,0879
1738578742519,FARTCOIN,A,Close Long,0.6911,468.5,0.113323,105.92785,9121.3,0881
1738578742519,FARTCOIN,A,Close Long,0.6903,2532.1,0.611768,570.48213,8652.8,0881
1738578742519,FARTCOIN,A,Close Long,0.69016,2209.6,0.533742,497.513536,6120.7,0881
1738578742519,FARTCOIN,A,Close Long,0.69,2532.1,0.611502,569.7225,3911.1,0881
1738578742519,FARTCOIN,A,Close Long,0.68993,724.8,0.175021,163.029264,1379.0,0881
1738578742519,FARTCOIN,A,Close Long,0.68988,654.2,0.157961,147.116496,654.2,0881
1738594133929,AIXBT,A,Close Long,0.30566,4907.0,0.524955,-22.846992,9898.0,0882
1738594133929,AIXBT,A,Close Long,0.30563,2327.0,0.24892,-10.904322,4991.0,0882
1738594133929,AIXBT,A,Close Long,0.30557,2102.0,0.224807,-9.976092,2664.0,0882
1738594133929,AIXBT,A,Close Long,0.30554,562.0,0.060099,-2.684112,562.0,0882
1738598053449,GRIFFAIN,A,Close Long,0.1824,667.0,0.042581,-15.7412,14350.0,0883
1738598053449,GRIFFAIN,A,Close Long,0.1824,346.0,0.022088,-8.1656,13683.0,0883
1738598053449,GRIFFAIN,A,Close Long,0.18238,13337.0,0.85134,-315.01994,13337.0,0883
1738753605319,TRUMP,A,Close Long,19.005,104.5,0.695107,277.4475,244.4,0885
1738753605319,TRUMP,A,Close Long,19.004,15.8,0.105092,41.9332,139.9,0885
1738753605319,TRUMP,A,Close Long,19.001,105.2,0.699616,278.8852,124.1,0885
1738753605319,TRUMP,A,Close Long,19.0,9.0,0.05985,23.85,18.9,0885
1738753605319,TRUMP,A,Close Long,19.0,9.0,0.05985,23.85,9.9,0885
1738753605319,TRUMP,A,Close Long,19.0,0.9,0.005985,2.385,0.9,0885
1738788120369,FARTCOIN,B,Open Long,0.525,2499.3,0.131213,0.0,0.0,0884
1738788120768,FARTCOIN,B,Open Long,0.525,1000.3,0.052515,0.0,2499.3,0884
1738788121078,FARTCOIN,B,Open Long,0.525,136.9,0.007187,0.0,3499.6,0884
1738788121078,FARTCOIN,B,Open Long,0.525,953.0,0.050032,0.0,3636.5,0884
1738788122197,FARTCOIN,B,Open Long,0.525,1000.3,0.052515,0.0,4589.5,0884
1738788122323,FARTCOIN,B,Open Long,0.525,954.6,0.050116,0.0,5589.8,0884
1738788122614,FARTCOIN,B,Open Long,0.525,1000.3,0.052515,0.0,6544.4,0884
1738788122614,FARTCOIN,B,Open Long,0.525,2860.9,0.150197,0.0,7544.7,0884
1738788122698,FARTCOIN,B,Open Long,0.525,103.3,0.005423,0.0,10405.6,0884
1738857492093,FARTCOIN,B,Open Long,0.42,2431.4,0.102118,0.0,10508.9,0887
1738866641909,AIXBT,B,Open Long,0.25,14000.0,0.35,0.0,0.0,0886
1738870778166,AIXBT,A,Close Long,0.2501,1980.0,0.173319,0.198,14000.0,0888
1738870778166,AIXBT,A,Close Long,0.25004,7489.0,0.655392,0.29956,12020.0,0888
1738870778166,AIXBT,A,Close Long,0.25004,4434.0,0.388037,0.17736,4531.0,0888
1738870778166,AIXBT,A,Close Long,0.25004,97.0,0.008488,0.00388,97.0,0888
1738873036024,BERA,B,Open Long,7.1,12.7,0.009017,0.0,0.0,0889
1738873036324,BERA,B,Open Long,7.1,9.9,0.007029,0.0,12.7,0889
1738873037128,BERA,B,Open Long,7.1,6.8,0.004828,0.0,22.6,0889
1738873037361,BERA,B,Open Long,7.1,289.0,0.20519,0.0,29.4,0889
1738885455013,BERA,A,Close Long,8.4346,118.0,0.348348,157.4828,318.4,0890
1738885455013,BERA,A,Close Long,8.4298,118.6,0.34992,157.71428,200.4,0890
1738885455013,BERA,A,Close Long,8.4294,81.8,0.241333,108.74492,81.8,0890
1738921007720,FARTCOIN,A,Close Long,0.50712,659.1,0.116984,1.219335,12940.3,0891
1738921007720,FARTCOIN,A,Close Long,0.50712,3999.4,0.709861,7.39889,12281.2,0891
1738939267516,AI16Z,A,Close Long,0.37522,2788.1,0.366152,-403.661118,8684.1,0892
1738939267516,AI16Z,A,Close Long,0.37507,2788.1,0.366006,-404.079333,5896.0,0892
1738939267516,AI16Z,A,Close Long,0.37505,3107.9,0.407966,-450.490105,3107.9,0892
1739022211267,FARTCOIN,A,Close Long,0.50741,78.8,0.013994,0.168632,8281.8,0893
1739022211267,FARTCOIN,A,Close Long,0.50737,1277.1,0.226786,2.68191,8203.0,0893
1739022211267,FARTCOIN,A,Close Long,0.50732,5889.6,1.045769,12.07368,6925.9,0893
1739022211267,FARTCOIN,A,Close Long,0.5071,1036.3,0.183927,1.896429,1036.3,0893
1739739332160,FARTCOIN,B,Open Long,0.405,7375.2,0.298695,0.0,0.0,0894
1739768454672,GRIFFAIN,B,Open Long,0.103,24064.0,0.247859,0.0,0.0,0896
1739769883648,AIXBT,B,Open Long,0.205,12157.0,0.249218,0.0,0.0,0895
1739891479370,BTC,B,Open Long,95438.0,0.15157,1.446553,0.0,0.0,0898
1739891512208,BTC,B,Open Long,95404.0,0.04028,1.345005,0.0,0.15157,0899
1739891531700,BTC,B,Open Long,95357.0,0.05923,1.976798,0.0,0.19185,0900
1739899533917,BTC,A,Close Long,94502.0,0.25108,8.304646,-228.834312,0.25108,0901
1739925873138,AI16Z,B,Open Long,0.31487,3177.5,0.350174,0.0,0.0,0902
1739925873138,AI16Z,B,Open Long,0.3149,3310.1,0.364822,0.0,3177.5,0902
1739925873138,AI16Z,B,Open Long,0.3149,551.5,0.060783,0.0,6487.6,0902
1739925881946,AI16Z,A,Close Long,0.31487,7039.1,0.77574,-0.070391,7039.1,0903
1740060945944,FARTCOIN,A,Close Long,0.35553,2250.2,0.280004,-111.317394,7375.2,0904
1740060945944,FARTCOIN,A,Close Long,0.35537,5125.0,0.637444,-254.35375,5125.0,0904
1740076111103,@132,B,Buy,0.03345,7504.74,2.62663677,0.0,0.0,0905
1740076115139,@132,B,Buy,0.03345,38182.39,13.3638266,0.0,7502.11336323,0906
1740076115139,@132,B,Buy,0.03349,1145.86,0.40104508,0.0,45671.13953663,0906
1740076115139,@132,B,Buy,0.0335,2985.07,1.04474626,0.0,46816.59849155,0906
1740076115139,@132,B,Buy,0.033547,14451.52,5.05800816,0.0,49800.62374529,0906
1740077000951,@132,A,Sell,0.033547,59588.03,0.699649,3.601088,64247.08573713,0907
1740077000951,@132,A,Sell,0.033447,4659.05,0.05454,-0.184344,4659.05573713,0907
1740086036549,KAITO,A,Open Short,1.5945,634.0,0.353819,0.0,0.0,0908
1740086610237,KAITO,B,Close Short,1.7462,634.0,0.387481,-96.1778,-634.0,0909
1740096000115,@132,A,Spot Dust Conversion,0.031501,0.00573713,0.0,0.0,0.00573713,0910
1740127548428,AIXBT,A,Close Long,0.20561,1942.0,0.139753,1.18462,12157.0,0897
1740127548428,AIXBT,A,Close Long,0.20551,5221.0,0.375538,2.667931,10215.0,0897
1740127548428,AIXBT,A,Close Long,0.20548,4994.0,0.359158,2.402114,4994.0,0897
1740145009108,SOL,A,Open Short,179.5,28.39,0.5096,0.0,0.0,0911
1740145009415,SOL,A,Open Short,179.5,3.35,0.060132,0.0,-28.39,0911
1740152642421,SOL,B,Close Short,171.01,31.74,1.89975,269.4726,-31.74,0912
1740427127693,@107,B,Buy,20.55,195.37,0.01953698,0.0,0.0,0913
1740453947676,@107,B,Buy,18.55,80.06,0.00800598,0.0,195.35046302,0914
1740484118958,@107,A,Sell,18.55,80.05,0.148492,-113.723154,275.40245704,0916
1740496159503,@107,B,Buy,18.479,78.41,0.02744347,0.0,195.35245704,0917
1740496165897,@107,B,Buy,18.446,1.94,0.00067895,0.0,273.73501357,0918
1740513953177,@107,A,Sell,19.9,76.87,0.152971,27.85083,275.67433462,0919
1740513967275,@107,A,Sell,19.9,154.9,0.308251,56.121941,198.80433462,0919
1740513967471,@107,A,Sell,19.9,43.9,0.087361,15.905444,43.90433462,0919
1740600815627,@107,B,Buy,18.55,245.0,0.0245,0.0,0.00433462,0920
1740683652913,SPX,B,Open Long,0.565,102.0,0.005763,0.0,0.0,0921
1740683652913,SPX,B,Open Long,0.565,587.0,0.033165,0.0,102.0,0921
1740683652975,SPX,B,Open Long,0.565,1769.9,0.099999,0.0,689.0,0921
1740683653300,SPX,B,Open Long,0.565,627.9,0.035476,0.0,2458.9,0921
1740684782537,SPX,B,Open Long,0.565,2197.4,0.124153,0.0,3086.8,0921
1740722021470,S,B,Open Long,0.616,6382.0,0.393131,0.0,0.0,0915
1740756030009,SPX,A,Close Long,0.5456,5284.2,1.00907,-102.51348,5284.2,0922
1740800999203,S,A,Close Long,0.73498,3401.0,0.874883,404.65098,6382.0,0923
1740800999203,S,A,Close Long,0.73473,2981.0,0.76658,353.93413,2981.0,0923
1740923989616,@107,A,Sell,18.6,122.16,0.227217,5.87924,244.97983462,0926
1740923989616,@107,A,Sell,18.6,122.81,0.228426,5.910523,122.81983462,0926
1741025273847,BTC,B,Open Long,89500.0,0.24581,2.199999,0.0,0.0,0927
1741025322422,BTC,A,Close Long,89482.0,0.05799,1.816171,-1.04382,0.24581,0928
1741025322422,BTC,A,Close Long,89482.0,0.11174,3.499551,-2.01132,0.18782,0928
1741025322422,BTC,A,Close Long,89481.0,0.07608,2.3827,-1.44552,0.07608,0928
1741025471044,BTC,B,Open Long,89500.0,0.18478,1.653781,0.0,0.0,0929
1741026775213,BTC,A,Close Long,87200.0,0.18478,5.639485,-424.994,0.18478,0930
1741027189328,S,B,Open Long,0.615,5066.0,0.311559,0.0,0.0,0924
1741031415872,S,A,Close Long,0.61443,887.0,0.190749,-0.50559,5066.0,0932
1741031415872,S,A,Close Long,0.61441,1627.0,0.349875,-0.95993,4179.0,0932
1741031415872,S,A,Close Long,0.61441,2552.0,0.548791,-1.50568,2552.0,0932
1741053965718,SPX,B,Open Long,0.465,43.0,0.001999,0.0,0.0,0925
1741053981562,SPX,B,Open Long,0.465,172.0,0.007998,0.0,43.0,0925
1741053981562,SPX,B,Open Long,0.465,857.8,0.039887,0.0,215.0,0925
1741053981903,SPX,B,Open Long,0.465,660.6,0.030717,0.0,1072.8,0925
1741053982033,SPX,B,Open Long,0.465,1573.3,0.073158,0.0,1733.4,0925
1741053982033,SPX,B,Open Long,0.465,3165.3,0.147186,0.0,3306.7,0925
1741123587620,SPX,A,Close Long,0.46677,215.2,0.035157,0.380904,6472.0,0934
1741123587620,SPX,A,Close Long,0.46676,684.0,0.111742,1.20384,6256.8,0934
1741123587620,SPX,A,Close Long,0.46646,1328.4,0.216875,1.939464,5572.8,0934
1741123587620,SPX,A,Close Long,0.46646,152.7,0.024929,0.222942,4244.4,0934
1741123587620,SPX,A,Close Long,0.46637,1045.1,0.170591,1.431787,4091.7,0934
1741123587620,SPX,A,Close Long,0.46632,3046.6,0.497241,4.021512,3046.6,0934
1741170635512,GRIFFAIN,A,Close Long,0.072603,8719.0,0.221558,-265.031443,24064.0,0931
1741170635512,GRIFFAIN,A,Close Long,0.072582,11682.0,0.296766,-355.343076,15345.0,0931
1741170635512,GRIFFAIN,A,Close Long,0.07258,3663.0,0.093051,-111.42846,3663.0,0931
1741286446739,@107,B,Buy,15.355,15.84,0.00158397,0.0,0.00983462,0936
1741286455031,@107,B,Buy,15.355,110.37,0.01103699,0.0,15.84825065,0936
1741286455836,@107,B,Buy,15.355,50.0,0.005,0.0,126.20721366,0936
1741286457063,@107,B,Buy,15.355,15.13,0.00151299,0.0,176.20221366,0936
1741286470220,@107,B,Buy,15.355,68.98,0.00689794,0.0,191.33070067,0936
1741286802252,@107,A,Sell,15.375,40.63,0.062468,0.745302,260.30380273,0938
1741286802252,@107,A,Sell,15.375,43.63,0.067081,0.800333,219.67380273,0938
1741286802397,@107,A,Sell,15.375,100.0,0.15375,1.834363,176.04380273,0938
1741286802730,@107,A,Sell,15.375,9.38,0.014421,0.172064,76.04380273,0938
1741286803343,@107,A,Sell,15.375,7.0,0.010762,0.128406,66.66380273,0938
1741286803830,@107,A,Sell,15.375,2.26,0.003474,0.041457,59.66380273,0938
1741286804153,@107,A,Sell,15.375,57.4,0.088252,1.052925,57.40380273,0938
1741288019307,@107,B,Buy,15.06,265.72,0.02657197,0.0,0.00380273,0939
1741307142714,AI16Z,B,Open Long,0.255,8863.4,0.226016,0.0,0.0,0933
1741307144522,AI16Z,B,Open Long,0.255,100.0,0.00255,0.0,8863.4,0933
1741307144522,AI16Z,B,Open Long,0.255,500.0,0.01275,0.0,8963.4,0933
1741307145932,AI16Z,B,Open Long,0.255,887.5,0.022631,0.0,9463.4,0933
1741307146132,AI16Z,B,Open Long,0.255,1467.0,0.037408,0.0,10350.9,0933
1741315761686,AI16Z,A,Close Long,0.25779,2640.5,0.238243,7.366995,11817.9,0940
1741315761686,AI16Z,A,Close Long,0.2577,7549.2,0.6809,20.38284,9177.4,0940
1741315761686,AI16Z,A,Close Long,0.25769,1628.2,0.146849,4.379858,1628.2,0940
1741362483676,BTC,B,Open Long,88250.0,0.0114,0.100605,0.0,0.0,0941
1741362483676,BTC,B,Open Long,88250.0,0.01,0.08825,0.0,0.0114,0941
1741362483783,BTC,B,Open Long,88250.0,0.0114,0.100605,0.0,0.0214,0941
1741362483783,BTC,B,Open Long,88250.0,0.006,0.05295,0.0,0.0328,0941
1741362483783,BTC,B,Open Long,88250.0,0.01744,0.153908,0.0,0.0388,0941
1741362483783,BTC,B,Open Long,88250.0,0.006,0.05295,0.0,0.05624,0941
1741362483783,BTC,B,Open Long,88250.0,0.006,0.05295,0.0,0.06224,0941
1741362483783,BTC,B,Open Long,88250.0,0.006,0.05295,0.0,0.06824,0941
1741362483783,BTC,B,Open Long,88250.0,0.006,0.05295,0.0,0.07424,0941
1741362483783,BTC,B,Open Long,88250.0,0.0097,0.085602,0.0,0.08024,0941
1741362483783,BTC,B,Open Long,88250.0,0.006,0.05295,0.0,0.08994,0941
1741362483783,BTC,B,Open Long,88250.0,0.006,0.05295,0.0,0.09594,0941
1741362483877,BTC,B,Open Long,88250.0,0.0114,0.100605,0.0,0.10194,0941
1741362483877,BTC,B,Open Long,88250.0,0.012,0.1059,0.0,0.11334,0941
1741362483877,BTC,B,Open Long,88250.0,0.006,0.05295,0.0,0.12534,0941
1741362483877,BTC,B,Open Long,88250.0,0.00252,0.022239,0.0,0.13134,0941
1741369908974,BTC,A,Close Long,88278.0,0.13386,4.135912,3.74808,0.13386,0942
1741514599932,@107,A,Sell,15.19,98.3,0.149317,12.630531,265.69723076,0943
1741652992612,@107,B,Buy,13.25,188.1,0.01880996,0.0,167.39723076,0947
1741653324331,SUI,B,Open Long,2.01,1540.1,0.30956,0.0,0.0,0945
1741654265076,WIF,B,Open Long,0.403,5770.0,0.232531,0.0,0.0,0946
1741654265306,WIF,B,Open Long,0.403,1791.0,0.072177,0.0,5770.0,0946
1741654321244,S,B,Open Long,0.4035,2543.0,0.10261,0.0,0.0,0944
1741654324087,S,B,Open Long,0.4035,6046.0,0.243956,0.0,2543.0,0944
1741696329997,SPX,B,Open Long,0.265,41.0,0.001086,0.0,0.0,0937
1741696330223,SPX,B,Open Long,0.265,9434.0,0.250001,0.0,41.0,0937
1741696330223,SPX,B,Open Long,0.265,3339.9,0.088507,0.0,9475.0,0937
1741696330547,SPX,B,Open Long,0.265,519.8,0.013774,0.0,12814.9,0937
1741699107647,SPX,A,Close Long,0.26595,11985.0,1.115593,11.38575,13334.7,0949
1741699107647,SPX,A,Close Long,0.26595,1349.7,0.125633,1.282215,1349.7,0949
1741699704411,SUI,A,Close Long,2.2105,1182.7,0.915025,237.13135,1540.1,0948
1741699704411,SUI,A,Close Long,2.2101,357.4,0.276461,71.51574,357.4,0948
1741724119312,WIF,A,Close Long,0.4614,3002.0,0.484792,175.3168,7561.0,0950
1741724119312,WIF,A,Close Long,0.4614,2751.0,0.444258,160.6584,4559.0,0950
1741724119312,WIF,A,Close Long,0.46136,1808.0,0.291948,105.51488,1808.0,0950
1741724120865,S,A,Close Long,0.44573,3896.0,0.607797,164.52808,8589.0,0951
1741724120865,S,A,Close Long,0.44573,4082.0,0.636814,172.38286,4693.0,0951
1741724120865,S,A,Close Long,0.4457,611.0,0.095312,25.7842,611.0,0951
1741777782891,@107,A,Sell,13.95,355.47,0.49588,-54.654862,355.4784208,0952
1741782607352,WIF,B,Open Long,0.46794,4326.0,0.708507,0.0,0.0,0955
1741782607352,WIF,B,Open Long,0.46794,1564.0,0.25615,0.0,4326.0,0955
1741782607352,WIF,B,Open Long,0.46797,110.0,0.018016,0.0,5890.0,0955
1741782660306,WIF,A,Close Long,0.47142,2390.0,0.394342,8.3172,6000.0,0956
1741782660306,WIF,A,Close Long,0.47139,1495.0,0.246654,5.15775,3610.0,0956
1741782660306,WIF,A,Close Long,0.47124,2115.0,0.348835,6.9795,2115.0,0956
1741791939289,AAVE,B,Open Long,165.0,25.53,0.421245,0.0,0.0,0958
1741794793924,@107,B,Buy,12.55,320.02,0.03200199,0.0,0.0084208,0953
1741863186752,AAVE,A,Close Long,174.54,5.73,0.350039,54.6642,25.53,0959
1741863186752,AAVE,A,Close Long,174.54,10.32,0.630438,98.4528,19.8,0959
1741863186752,AAVE,A,Close Long,174.54,9.48,0.579123,90.4392,9.48,0959
1741874214547,@107,B,Buy,12.14,14.39,0.00143896,0.0,319.99641881,0954
1741874216067,@107,B,Buy,12.14,15.12,0.00151194,0.0,334.38497985,0954
1741874221926,@107,B,Buy,12.14,5.01,0.00050098,0.0,349.50346791,0954
1741874222735,@107,B,Buy,12.14,14.35,0.00143492,0.0,354.51296693,0954
1741874230781,@107,B,Buy,12.14,20.63,0.00206293,0.0,368.86153201,0954
1741874231035,@107,B,Buy,12.14,1.01,0.00010098,0.0,389.48946908,0954
1741874231386,@107,B,Buy,12.14,1.36,0.00013599,0.0,390.4993681,0954
1741874246387,@107,B,Buy,12.14,5.73,0.00057298,0.0,391.85923211,0954
1742344377286,@107,A,Sell,14.45,380.07,0.549201,752.057586,397.58865913,0960
1742344390409,@107,A,Sell,14.45,17.51,0.025301,34.64764,17.51865913,0960
1743170903646,BTC,B,Open Long,84550.0,0.10394,0.878812,0.0,0.0,0966
1743209988183,BTC,A,Close Long,84352.0,0.04283,1.264478,-8.48034,0.10394,0967
1743209988183,BTC,A,Close Long,84352.0,0.06111,1.804162,-12.09978,0.06111,0967
1743233884556,@107,B,Buy,12.55,457.73,0.04577298,0.0,0.00865913,0962
1743244420015,FARTCOIN,B,Open Long,0.415,1698.7,0.070496,0.0,0.0,0965
1743244420158,FARTCOIN,B,Open Long,0.415,2082.0,0.086403,0.0,1698.7,0965
1743244421228,FARTCOIN,B,Open Long,0.415,2961.0,0.122881,0.0,3780.7,0965
1743244421429,FARTCOIN,B,Open Long,0.415,1658.3,0.068819,0.0,6741.7,0965
1743247677375,SPX,B,Open Long,0.455,2464.5,0.112134,0.0,0.0,0964
1743247767240,SPX,B,Open Long,0.455,3382.0,0.153881,0.0,2464.5,0964
1743247826816,SPX,B,Open Long,0.455,628.8,0.02861,0.0,5846.5,0964
1743268404036,SUI,B,Open Long,2.26,1115.3,0.252057,0.0,0.0,0963
1743268404106,SUI,B,Open Long,2.26,273.6,0.061833,0.0,1115.3,0963
1743269378837,FARTCOIN,A,Close Long,0.41553,5880.5,0.855233,3.116665,8400.0,0968
1743269378837,FARTCOIN,A,Close Long,0.41553,2519.5,0.366424,1.335335,2519.5,0968
1743312715594,SUI,A,Close Long,2.4413,204.8,0.174992,37.13024,1388.9,0970
1743312715594,SUI,A,Close Long,2.4412,204.8,0.174985,37.10976,1184.1,0970
1743312715594,SUI,A,Close Long,2.4412,400.1,0.341853,72.49812,979.3,0970
1743312715594,SUI,A,Close Long,2.4412,579.2,0.49488,104.95104,579.2,0970
1743314586911,AAVE,B,Open Long,165.5,17.82,0.294921,0.0,0.0,0961
1743314588937,AAVE,B,Open Long,165.5,9.57,0.158383,0.0,17.82,0961
1743325198048,SPX,A,Close Long,0.45722,6475.3,1.036222,14.375166,6475.3,0969
1743333440710,@107,A,Sell,12.59,457.69,0.576231,17.733835,457.69288615,0971
1743362285440,AAVE,A,Close Long,165.4,3.09,0.17888,-0.309,27.39,0972
1743362285440,AAVE,A,Close Long,165.4,3.12,0.180616,-0.312,24.3,0972
1743362285440,AAVE,A,Close Long,165.39,10.25,0.593336,-1.1275,21.18,0972
1743362285440,AAVE,A,Close Long,165.39,9.75,0.564393,-1.0725,10.93,0972
1743362285440,AAVE,A,Close Long,165.39,1.18,0.068306,-0.1298,1.18,0972
1743405973047,FARTCOIN,B,Open Long,0.405,1234.7,0.050005,0.0,0.0,0973
1743405973568,FARTCOIN,B,Open Long,0.405,6000.0,0.243,0.0,1234.7,0973
1743405973568,FARTCOIN,B,Open Long,0.405,62.5,0.002531,0.0,7234.7,0973
1743425501074,FARTCOIN,A,Close Long,0.40621,1230.8,0.174987,1.489268,7297.2,0974
1743425501074,FARTCOIN,A,Close Long,0.40619,1230.9,0.174992,1.464771,6066.4,0974
1743425501074,FARTCOIN,A,Close Long,0.40617,1231.0,0.174998,1.44027,4835.5,0974
1743425501074,FARTCOIN,A,Close Long,0.40615,1231.0,0.174989,1.41565,3604.5,0974
1743425501074,FARTCOIN,A,Close Long,0.40613,1231.1,0.174995,1.403454,2373.5,0974
1743425501074,FARTCOIN,A,Close Long,0.40586,1142.4,0.162279,0.993888,1142.4,0974
1743676181985,TAO,B,Open Long,206.0,0.49,0.010094,0.0,0.0,0935
1743676182110,TAO,B,Open Long,206.0,4.626,0.095295,0.0,0.49,0935
1743676182527,TAO,B,Open Long,206.0,14.591,0.300574,0.0,5.116,0935
1743689137186,TAO,A,Close Long,201.88,0.495,0.034975,-2.0394,19.707,0976
1743689137186,TAO,A,Close Long,201.87,5.038,0.355957,-20.80694,19.212,0976
1743689137186,TAO,A,Close Long,201.85,3.805,0.268813,-15.79075,14.174,0976
1743689137186,TAO,A,Close Long,201.85,3.784,0.26733,-15.7036,10.369,0976
1743689137186,TAO,A,Close Long,201.85,4.626,0.326815,-19.1979,6.585,0976
1743689137186,TAO,A,Close Long,201.81,1.959,0.138371,-8.20821,1.959,0976
1743787904059,SOL,A,Open Short,121.9,34.0,0.41446,0.0,0.0,0977
1743856097266,AI16Z,B,Open Long,0.1255,8265.0,0.103725,0.0,0.0,0957
1743856097266,AI16Z,B,Open Long,0.1255,11798.0,0.148064,0.0,8265.0,0957
1743856097266,AI16Z,B,Open Long,0.1255,2970.4,0.037278,0.0,20063.0,0957
1743856097266,AI16Z,B,Open Long,0.1255,4274.7,0.053647,0.0,23033.4,0957
1743872247180,AI16Z,A,Close Long,0.12516,27308.1,1.196258,-9.284754,27308.1,0979
1743945442554,SOL,B,Close Short,115.27,5.02,0.202529,33.2826,-34.0,0978
1743945442554,SOL,B,Close Short,115.27,28.98,1.169183,192.1374,-28.98,0978
1743961335164,SUI,B,Open Long,2.02,22.9,0.004625,0.0,0.0,0975
1743961335806,SUI,B,Open Long,2.02,679.3,0.137218,0.0,22.9,0975
1743961335897,SUI,B,Open Long,2.02,319.6,0.064559,0.0,702.2,0975
1743961336024,SUI,B,Open Long,2.02,478.2,0.096596,0.0,1021.8,0975
1743967283606,SUI,A,Close Long,1.9695,250.0,0.172331,-12.625,1500.0,0981
1743967283606,SUI,A,Close Long,1.9695,47.3,0.032605,-2.38865,1250.0,0981
1743967283606,SUI,A,Close Long,1.9695,50.8,0.035017,-2.5654,1202.7,0981
1743967283606,SUI,A,Close Long,1.9694,101.6,0.070031,-5.14096,1151.9,0981
1743967283606,SUI,A,Close Long,1.9694,702.7,0.484364,-35.55662,1050.3,0981
1743967283606,SUI,A,Close Long,1.9692,347.6,0.239572,-17.65808,347.6,0981
1744008401842,AAVE,B,Open Long,116.5,0.65,0.007572,0.0,0.0,0980
1744008402865,AAVE,B,Open Long,116.5,14.44,0.168226,0.0,0.65,0980
1744008402865,AAVE,B,Open Long,116.5,11.82,0.137703,0.0,15.09,0980
1744008403005,AAVE,B,Open Long,116.5,1.96,0.022834,0.0,26.91,0980
1744008403495,AAVE,B,Open Long,116.5,4.13,0.048114,0.0,28.87,0980
1744035339537,AAVE,A,Close Long,132.93,5.84,0.271708,95.9512,33.0,0982
1744035339537,AAVE,A,Close Long,132.93,5.9,0.2745,96.937,27.16,0982
1744035339537,AAVE,A,Close Long,132.92,7.23,0.336354,118.7166,21.26,0982
1744035339537,AAVE,A,Close Long,132.92,4.4,0.204696,72.248,14.03,0982
1744035339537,AAVE,A,Close Long,132.92,0.48,0.02233,7.8816,9.63,0982
1744035339537,AAVE,A,Close Long,132.91,5.09,0.236779,83.5269,9.15,0982
1744035339537,AAVE,A,Close Long,132.91,4.06,0.188865,66.6246,4.06,0982
1744452307592,ZEREBRO,B,Open Long,0.0215,44272.0,0.095184,0.0,0.0,0984
1745000882721,ZEREBRO,A,Close Long,0.019965,30000.0,0.209632,-46.05,44272.0,0985
1745000882721,ZEREBRO,A,Close Long,0.019963,14272.0,0.099719,-21.936064,14272.0,0985
1747966368563,HYPE,B,Open Long,35.261,24.05,0.381612,0.0,0.0,0987
1747966368563,HYPE,B,Open Long,35.261,2.84,0.045063,0.0,24.05,0987
1747966368563,HYPE,B,Open Long,35.262,8.7,0.13805,0.0,26.89,0987
1747966368563,HYPE,B,Open Long,35.267,48.28,0.76621,0.0,35.59,0987
1747966375271,HYPE,A,Close Long,35.292,0.57,0.009052,0.015675,83.87,0988
1747966375271,HYPE,A,Close Long,35.291,83.3,1.322883,2.20745,83.3,0988
1747966421470,HYPE,A,Open Short,35.35,78.63,0.416935,0.0,0.0,0989
1747966422123,HYPE,A,Open Short,35.35,5.24,0.027785,0.0,-78.63,0989
1748001954536,HYPE,B,Close Short,35.47,38.47,0.614038,-4.6164,-83.87,0990
1748001954536,HYPE,B,Close Short,35.47,45.4,0.724652,-5.448,-45.4,0990
1748041034956,LAUNCHCOIN,B,Open Long,0.15647,1920.0,0.13519,0.0,0.0,0991
1748041034956,LAUNCHCOIN,B,Open Long,0.15658,5690.0,0.400923,0.0,1920.0,0991
1748041034956,LAUNCHCOIN,B,Open Long,0.1566,3080.0,0.217047,0.0,7610.0,0991
1748041034956,LAUNCHCOIN,B,Open Long,0.15661,2925.0,0.206137,0.0,10690.0,0991
1748041034956,LAUNCHCOIN,B,Open Long,0.15668,2011.0,0.141787,0.0,13615.0,0991
1748041034956,LAUNCHCOIN,B,Open Long,0.15669,14868.0,1.04835,0.0,15626.0,0991
1748042435681,LAUNCHCOIN,A,Close Long,0.17019,1252.0,0.095885,16.967104,30494.0,0992
1748042435681,LAUNCHCOIN,A,Close Long,0.17005,15055.0,1.152046,201.91766,29242.0,0992
1748042435681,LAUNCHCOIN,A,Close Long,0.17005,1765.0,0.135062,23.67218,14187.0,0992
1748042435681,LAUNCHCOIN,A,Close Long,0.17004,1765.0,0.135054,23.65453,12422.0,0992
1748042435681,LAUNCHCOIN,A,Close Long,0.17004,1765.0,0.135054,23.65453,10657.0,0992
1748042435681,LAUNCHCOIN,A,Close Long,0.17003,7864.0,0.601702,105.314688,8892.0,0992
1748042435681,LAUNCHCOIN,A,Close Long,0.17003,1028.0,0.078655,13.766976,1028.0,0992
1748566592444,S,B,Open Long,0.4135,7250.0,0.449681,0.0,0.0,0983
1748622767746,kBONK,B,Open Long,0.0165,183455.0,0.454051,0.0,0.0,0993
1748622789637,FARTCOIN,B,Open Long,1.05,4000.0,0.63,0.0,0.0,0994
1748622793716,PNUT,B,Open Long,0.255,4543.4,0.173785,0.0,0.0,0986
1748622794520,PNUT,B,Open Long,0.255,259.6,0.009929,0.0,4543.4,0986
1748622794520,PNUT,B,Open Long,0.255,341.7,0.01307,0.0,4803.0,0986
1748622795380,PNUT,B,Open Long,0.255,3922.1,0.15002,0.0,5144.7,0986
1748627114739,PNUT,A,Close Long,0.257,9066.8,1.048575,18.1336,9066.8,0995
1748696971738,kBONK,A,Close Long,0.016558,183455.0,1.366941,10.64039,183455.0,0996
1748750353788,LAUNCHCOIN,B,Open Long,0.1138,9570.0,0.490079,0.0,0.0,0997
1748750353788,LAUNCHCOIN,B,Open Long,0.11386,9570.0,0.490338,0.0,9570.0,0997
1748750353788,LAUNCHCOIN,B,Open Long,0.1139,2635.0,0.135056,0.0,19140.0,0997
1748750353788,LAUNCHCOIN,B,Open Long,0.1139,7880.0,0.403889,0.0,21775.0,0997
1748750353788,LAUNCHCOIN,B,Open Long,0.1139,702.0,0.035981,0.0,29655.0,0997
1748750353788,LAUNCHCOIN,B,Open Long,0.11391,1320.0,0.067662,0.0,30357.0,0997
1748750353788,LAUNCHCOIN,B,Open Long,0.11393,2504.0,0.128376,0.0,31677.0,0997
1748752272963,LAUNCHCOIN,A,Close Long,0.11401,2336.0,0.119847,0.343392,34181.0,0998
1748752272963,LAUNCHCOIN,A,Close Long,0.11393,868.0,0.044501,0.058156,31845.0,0998
1748752272963,LAUNCHCOIN,A,Close Long,0.1139,9570.0,0.49051,0.35409,30977.0,0998
1748752272963,LAUNCHCOIN,A,Close Long,0.11389,7017.0,0.359624,0.189459,21407.0,0998
1748752272963,LAUNCHCOIN,A,Close Long,0.11388,14390.0,0.737429,0.24463,14390.0,0998
1748803043845,FARTCOIN,A,Close Long,1.1112,890.0,0.445035,54.468,4000.0,0999
1748803043845,FARTCOIN,A,Close Long,1.1112,539.8,0.269921,33.03576,3110.0,0999
1748803043845,FARTCOIN,A,Close Long,1.1112,1782.1,0.891121,109.06452,2570.2,0999
1748803043845,FARTCOIN,A,Close Long,1.1112,788.1,0.394081,48.23172,788.1,0999
1748803045115,S,A,Close Long,0.39126,3921.0,0.690358,-87.20304,7250.0,1000
1748803045115,S,A,Close Long,0.39122,2597.0,0.457199,-57.86116,3329.0,1000
1748803045115,S,A,Close Long,0.39114,732.0,0.128841,-16.36752,732.0,1000
1749761726077,S,B,Open Long,0.353,849.0,0.044954,0.0,0.0,0002
1749761726381,S,B,Open Long,0.353,565.0,0.029916,0.0,849.0,0002
1749761726910,S,B,Open Long,0.353,537.0,0.028434,0.0,1414.0,0002
1749761727087,S,B,Open Long,0.353,4784.0,0.253312,0.0,1951.0,0002
1749761728188,S,B,Open Long,0.353,1857.0,0.098328,0.0,6735.0,0002
1749777039839,POPCAT,B,Open Long,0.303,9900.0,0.449954,0.0,0.0,0001
1749801481619,POPCAT,A,Close Long,0.30334,9900.0,1.351379,3.366,9900.0,0004
1749918764886,LAUNCHCOIN,B,Open Long,0.151,24800.0,0.56172,0.0,0.0,0003
1749925534969,LAUNCHCOIN,A,Close Long,0.15139,3303.0,0.225018,1.28817,24800.0,0005
1749925534969,LAUNCHCOIN,A,Close Long,0.15128,1753.0,0.119337,0.49084,21497.0,0005
1749925534969,LAUNCHCOIN,A,Close Long,0.15126,3486.0,0.237281,0.90636,19744.0,0005
1749925534969,LAUNCHCOIN,A,Close Long,0.15126,3560.0,0.242318,0.9256,16258.0,0005
1749925534969,LAUNCHCOIN,A,Close Long,0.15123,546.0,0.037157,0.12558,12698.0,0005
1749925552726,S,A,Close Long,0.33435,1897.0,0.285417,-35.37905,8592.0,0006
1749925552726,S,A,Close Long,0.33434,1984.0,0.298498,-37.02144,6695.0,0006
1749925552726,S,A,Close Long,0.33434,4711.0,0.708784,-87.90726,4711.0,0006
1750013235969,LAUNCHCOIN,B,Open Long,0.16,144.0,0.003455,0.0,12152.0,0007
1750013236590,LAUNCHCOIN,B,Open Long,0.16,13360.0,0.32064,0.0,12296.0,0007
1750013238240,LAUNCHCOIN,B,Open Long,0.16,1216.0,0.029183,0.0,25656.0,0007
1750187107923,LAUNCHCOIN,B,Open Long,0.11486,2886.0,0.149168,0.0,26872.0,0008
1750187107923,LAUNCHCOIN,B,Open Long,0.11486,2517.0,0.130096,0.0,29758.0,0008
1750187107923,LAUNCHCOIN,B,Open Long,0.11488,2712.0,0.140199,0.0,32275.0,0008
1750187107923,LAUNCHCOIN,B,Open Long,0.11489,2551.0,0.131887,0.0,34987.0,0008
1750187107923,LAUNCHCOIN,B,Open Long,0.11491,6565.0,0.339472,0.0,37538.0,0008
1750252876980,LAUNCHCOIN,A,Close Long,0.11513,100.0,0.00518,-2.4764,44103.0,0009
1750252876980,LAUNCHCOIN,A,Close Long,0.11507,2178.0,0.11278,-54.066672,44003.0,0009
1750252876980,LAUNCHCOIN,A,Close Long,0.11507,1902.0,0.098488,-47.215248,41825.0,0009
1750252876980,LAUNCHCOIN,A,Close Long,0.11504,2000.0,0.103536,-49.708,39923.0,0009
1750252876980,LAUNCHCOIN,A,Close Long,0.11503,2898.0,0.15001,-72.055872,37923.0,0009
1750252876980,LAUNCHCOIN,A,Close Long,0.11502,2898.0,0.149997,-72.084852,35025.0,0009
1750252876980,LAUNCHCOIN,A,Close Long,0.11502,2609.0,0.135039,-64.896266,32127.0,0009
1750252876980,LAUNCHCOIN,A,Close Long,0.11502,2646.0,0.136954,-65.816604,29518.0,0009
1750347296184,HYPE,B,Open Long,36.25,163.25,0.887671,0.0,0.0,0010
1750368226124,LAUNCHCOIN,A,Close Long,0.12832,1379.0,0.079628,-15.960546,26872.0,0011
1750368226124,LAUNCHCOIN,A,Close Long,0.12831,771.0,0.044517,-8.931264,25493.0,0011
1750368226124,LAUNCHCOIN,A,Close Long,0.12829,13868.0,0.800606,-160.924272,24722.0,0011
1750368226124,LAUNCHCOIN,A,Close Long,0.12829,2179.0,0.125794,-25.285116,10854.0,0011
1750368226124,LAUNCHCOIN,A,Close Long,0.12828,8675.0,0.500773,-100.75145,8675.0,0011
1750368607125,LAUNCHCOIN,B,Open Long,0.1281,15849.0,0.304538,0.0,0.0,0012
1750368607461,LAUNCHCOIN,B,Open Long,0.1281,2275.0,0.043714,0.0,15849.0,0012
1750368608742,LAUNCHCOIN,B,Open Long,0.1281,8784.0,0.168784,0.0,18124.0,0012
1750373294655,LAUNCHCOIN,A,Close Long,0.12835,3891.0,0.224734,0.97275,26908.0,0013
1750373294655,LAUNCHCOIN,A,Close Long,0.12826,6204.0,0.358076,0.99264,23017.0,0013
1750373294655,LAUNCHCOIN,A,Close Long,0.12825,2164.0,0.124889,0.3246,16813.0,0013
1750373294655,LAUNCHCOIN,A,Close Long,0.12823,2133.0,0.123081,0.27729,14649.0,0013
1750373294655,LAUNCHCOIN,A,Close Long,0.12823,12516.0,0.722217,1.62708,12516.0,0013
1750436181301,FARTCOIN,B,Open Long,0.903,4429.6,0.599989,0.0,0.0,0014
1750442105241,LAUNCHCOIN,B,Open Long,0.1055,33175.0,0.524994,0.0,0.0,0015
1750490331521,LAUNCHCOIN,A,Close Long,0.10311,2486.0,0.115349,-5.94154,33175.0,0018
1750490331521,LAUNCHCOIN,A,Close Long,0.10308,5563.0,0.258045,-13.46246,30689.0,0018
1750490331521,LAUNCHCOIN,A,Close Long,0.10308,5577.0,0.258694,-13.49634,25126.0,0018
1750490331521,LAUNCHCOIN,A,Close Long,0.10307,2673.0,0.123977,-6.492717,19549.0,0018
1750490331521,LAUNCHCOIN,A,Close Long,0.10305,10528.0,0.488209,-25.783072,16876.0,0018
1750490331521,LAUNCHCOIN,A,Close Long,0.10304,6348.0,0.294344,-15.609732,6348.0,0018
1750514411077,FARTCOIN,A,Close Long,0.9035,1077.0,0.437881,0.5385,4429.6,0019
1750514411077,FARTCOIN,A,Close Long,0.9034,1107.5,0.450231,0.443,3352.6,0019
1750514411077,FARTCOIN,A,Close Long,0.9034,2245.1,0.9127,0.89804,2245.1,0019
1750541511309,ETH,B,Open Long,2165.0,3.6951,1.199983,0.0,0.0,0016
1750541511309,HYPE,B,Open Long,31.1,64.3,0.299959,0.0,163.25,0017
1750602251572,ETH,A,Close Long,2159.1,2.52,2.448419,-14.868,3.6951,0020
1750602251572,ETH,A,Close Long,2159.0,1.1751,1.141668,-7.0506,1.1751,0020
1750611094051,@160,B,Buy,0.0105,5843.0,2.3372,0.0,0.0,0021
1750611124061,@160,B,Buy,0.0105,5844.0,2.3376,0.0,5840.6628,0021
1750611154029,@160,B,Buy,0.0105,5843.48,2.33739142,0.0,11682.3252,0021
1750611668714,@160,B,Buy,0.0105,69736.95,27.89478,0.0,17523.46780858,0021
1750624712542,HYPE,A,Close Long,34.848,81.09,1.27162,4.322097,227.55,0022
1750624712542,HYPE,A,Close Long,34.847,14.2,0.222672,0.74266,146.46,0022
1750624712542,HYPE,A,Close Long,34.845,5.0,0.078401,0.2515,132.26,0022
1750624712542,HYPE,A,Close Long,34.845,25.0,0.392006,1.2575,127.26,0022
1750624712542,HYPE,A,Close Long,34.843,82.88,1.299504,4.003104,102.26,0022
1750624712542,HYPE,A,Close Long,34.84,19.38,0.303839,0.877914,19.38,0022
1750684743780,RESOLV,B,Open Long,0.203,9852.0,0.299993,0.0,0.0,0023
1750696610269,RESOLV,A,Close Long,0.20479,1246.0,0.114825,2.23034,9852.0,0024
1750696610269,RESOLV,A,Close Long,0.20479,1502.0,0.138417,2.68858,8606.0,0024
1750696610269,RESOLV,A,Close Long,0.20477,1809.0,0.166693,3.20193,7104.0,0024
1750696610269,RESOLV,A,Close Long,0.20476,1809.0,0.166684,3.18384,5295.0,0024
1750696610269,RESOLV,A,Close Long,0.20475,1809.0,0.166676,3.16575,3486.0,0024
1750696610269,RESOLV,A,Close Long,0.20475,1677.0,0.154514,2.93475,1677.0,0024
1750696645380,@160,A,Sell,0.012181,87231.86,0.7437999,146.27023625,87232.52302858,0025
1750714799276,@85,B,Buy,18.657,4.04,0.00282799,0.0,0.0,0026
1750714799276,@85,B,Buy,18.681,0.73,0.00051099,0.0,4.03717201,0026
1750714799276,@85,B,Buy,18.712,46.06,0.03224199,0.0,4.76666102,0026
1750714799276,@85,B,Buy,18.768,2.76,0.00193199,0.0,50.79441903,0026
1750715624350,@85,A,Sell,18.602,46.06,0.59976568,-5.59269388,53.55248704,0027
1750715624350,@85,A,Sell,18.547,7.49,0.09724192,-1.32140021,7.49248704,0027
1750716337106,FARTCOIN,B,Open Long,1.0023,258.5,0.116592,0.0,0.0,0028
1750716337106,FARTCOIN,B,Open Long,1.0025,1654.7,0.746476,0.0,258.5,0028
1750716337106,FARTCOIN,B,Open Long,1.0027,1086.2,0.490109,0.0,1913.2,0028
1750718255873,FARTCOIN,A,Close Long,1.0026,987.6,0.445575,0.04938,2999.4,0029
1750718255873,FARTCOIN,A,Close Long,1.0025,1654.7,0.746476,-0.082735,2011.8,0029
1750718255873,FARTCOIN,A,Close Long,1.0024,357.1,0.16108,-0.053565,357.1,0029
1750720606736,LAUNCHCOIN,A,Open Short,0.11089,1986.0,0.099102,0.0,0.0,0030
1750720606736,LAUNCHCOIN,A,Open Short,0.11089,7384.0,0.368465,0.0,-1986.0,0030
1750720606736,LAUNCHCOIN,A,Open Short,0.11089,896.0,0.04471,0.0,-9370.0,0030
1750720606736,LAUNCHCOIN,A,Open Short,0.11089,2929.0,0.146158,0.0,-10266.0,0030
1750720606736,LAUNCHCOIN,A,Open Short,0.11081,2327.0,0.116034,0.0,-13195.0,0030
1750720606736,LAUNCHCOIN,A,Open Short,0.11077,2528.0,0.126011,0.0,-15522.0,0030
1750723200086,@85,A,Spot Dust Conversion,21.136,0.00248704,0.0,0.0,0.00248704,0031
1750729926092,LAUNCHCOIN,B,Close Short,0.11076,2354.0,0.117328,0.240108,-18050.0,0032
1750729926092,LAUNCHCOIN,B,Close Short,0.11078,2425.0,0.120888,0.19885,-15696.0,0032
1750729926092,LAUNCHCOIN,B,Close Short,0.11084,2204.0,0.109931,0.048488,-13271.0,0032
1750729926092,LAUNCHCOIN,B,Close Short,0.11091,11067.0,0.552348,-0.531216,-11067.0,0032
1750731313691,LAUNCHCOIN,A,Open Short,0.10992,4547.0,0.224912,0.0,0.0,0033
1750731313691,LAUNCHCOIN,A,Open Short,0.1099,859.0,0.042481,0.0,-4547.0,0033
1750731313691,LAUNCHCOIN,A,Open Short,0.1099,180.0,0.008901,0.0,-5406.0,0033
1750731313691,LAUNCHCOIN,A,Open Short,0.10977,12600.0,0.622395,0.0,-5586.0,0033
1750755109106,LAUNCHCOIN,B,Close Short,0.10941,2523.0,0.124218,1.019292,-18186.0,0034
1750755109106,LAUNCHCOIN,B,Close Short,0.10943,13486.0,0.664097,5.178624,-15663.0,0034
1750755109106,LAUNCHCOIN,B,Close Short,0.10944,2177.0,0.107212,0.814198,-2177.0,0034
1750783247730,LAUNCHCOIN,B,Open Long,0.1225,36427.0,2.008038,0.0,0.0,0035
1750783247730,LAUNCHCOIN,B,Open Long,0.12267,7697.0,0.424885,0.0,36427.0,0035
1750783247730,LAUNCHCOIN,B,Open Long,0.1228,5030.0,0.277957,0.0,44124.0,0035
1750783247730,LAUNCHCOIN,B,Open Long,0.12331,12223.0,0.678248,0.0,49154.0,0035
1750783247730,LAUNCHCOIN,B,Open Long,0.12333,21334.0,1.184004,0.0,61377.0,0035
1750784777334,LAUNCHCOIN,A,Close Long,0.12333,34313.0,1.90432,15.886919,82711.0,0036
1750784777334,LAUNCHCOIN,A,Close Long,0.12327,3123.0,0.173237,1.258569,48398.0,0036
1750784777334,LAUNCHCOIN,A,Close Long,0.12325,12223.0,0.677918,4.681409,45275.0,0036
1750784777334,LAUNCHCOIN,A,Close Long,0.12324,3177.0,0.17619,1.185021,33052.0,0036
1750784777334,LAUNCHCOIN,A,Close Long,0.12324,3018.0,0.167372,1.125714,29875.0,0036
1750784777334,LAUNCHCOIN,A,Close Long,0.12322,15806.0,0.876426,5.579518,26857.0,0036
1750784777334,LAUNCHCOIN,A,Close Long,0.12322,1580.0,0.087609,0.55774,11051.0,0036
1750784777334,LAUNCHCOIN,A,Close Long,0.12322,1510.0,0.083727,0.53303,9471.0,0036
1750784777334,LAUNCHCOIN,A,Close Long,0.12322,1510.0,0.083727,0.53303,7961.0,0036
1750784777334,LAUNCHCOIN,A,Close Long,0.12321,1580.0,0.087602,0.54194,6451.0,0036
1750784777334,LAUNCHCOIN,A,Close Long,0.1232,1580.0,0.087595,0.52614,4871.0,0036
1750784777334,LAUNCHCOIN,A,Close Long,0.1232,3291.0,0.182453,1.095903,3291.0,0036
1750855051013,ETH,A,Open Short,2425.0,3.0,1.09125,0.0,0.0,0038
1750857261148,ETH,A,Open Short,2435.0,3.0,1.09575,0.0,-3.0,0037
1750858496633,ETH,B,Close Short,2429.3,2.94,3.213963,2.058,-6.0,0039
1750863541124,ETH,B,Close Short,2428.8,3.06,3.344457,3.672,-3.06,0040
1751650230705,@132,B,Buy,0.0305,13316.73,5.3266918,0.0,0.0,0041
1751650231047,@132,B,Buy,0.0305,8180.09,3.27203573,0.0,13311.4033082,0041
1751650232040,@132,B,Buy,0.0305,13177.25,5.2709,0.0,21488.22127247,0041
1751650232040,@132,B,Buy,0.0305,8890.17,3.55606786,0.0,34660.20037247,0041
1751650233068,@132,B,Buy,0.0305,5383.42,2.15336786,0.0,43546.81430461,0041
1751650233068,@132,B,Buy,0.0305,19228.8,7.69152,0.0,48928.08093675,0041
1751650234076,@132,B,Buy,0.0305,15570.86,6.22834393,0.0,68149.18941675,0041
1751650235130,@132,B,Buy,0.0305,14304.99,5.72199573,0.0,83713.82107282,0041
1751650235130,@132,B,Buy,0.0305,308.34,0.12333573,0.0,98013.08907709,0041
1751848455294,LAUNCHCOIN,B,Open Long,0.10884,182.0,0.008913,0.0,0.0,0042
1751848455294,LAUNCHCOIN,B,Open Long,0.10894,2699.0,0.132313,0.0,182.0,0042
1751848455294,LAUNCHCOIN,B,Open Long,0.10913,9544.0,0.468691,0.0,2881.0,0042
1751848455294,LAUNCHCOIN,B,Open Long,0.10914,18982.0,0.932262,0.0,12425.0,0042
1751848455294,LAUNCHCOIN,B,Open Long,0.10915,7609.0,0.373735,0.0,31407.0,0042
1751848455294,LAUNCHCOIN,B,Open Long,0.10915,5000.0,0.245587,0.0,39016.0,0042
1751848455294,LAUNCHCOIN,B,Open Long,0.10917,311.0,0.015278,0.0,44016.0,0042
1751848455294,LAUNCHCOIN,B,Open Long,0.10917,348.0,0.017096,0.0,44327.0,0042
1751848455294,LAUNCHCOIN,B,Open Long,0.10919,11806.0,0.580093,0.0,44675.0,0042
1751848455294,LAUNCHCOIN,B,Open Long,0.10921,18248.0,0.896788,0.0,56481.0,0042
1751848455294,LAUNCHCOIN,B,Open Long,0.10924,5160.0,0.253655,0.0,74729.0,0042
1751848565756,LAUNCHCOIN,A,Close Long,0.10929,47705.0,2.346155,6.058535,79889.0,0043
1751848565756,LAUNCHCOIN,A,Close Long,0.10929,4575.0,0.225,0.581025,32184.0,0043
1751848565756,LAUNCHCOIN,A,Close Long,0.1092,16134.0,0.792824,0.596958,27609.0,0043
1751848565756,LAUNCHCOIN,A,Close Long,0.10919,11475.0,0.563829,0.309825,11475.0,0043
1752283312018,INIT,B,Open Long,0.53492,888.0,0.213754,0.0,0.0,0044
1752283312018,INIT,B,Open Long,0.53502,168.0,0.040447,0.0,888.0,0044
1752283312018,INIT,B,Open Long,0.53503,944.0,0.22728,0.0,1056.0,0044
1752283312018,INIT,B,Open Long,0.53513,389.0,0.093674,0.0,2000.0,0044
1752283312018,INIT,B,Open Long,0.53514,1363.0,0.328228,0.0,2389.0,0044
1752283312018,INIT,B,Open Long,0.53515,1859.0,0.447679,0.0,3752.0,0044
1752283343284,INIT,A,Close Long,0.53712,4432.0,1.071232,9.01912,5611.0,0045
1752283358395,INIT,B,Open Long,0.53562,1000.0,0.241029,0.0,1179.0,0046
1752283358395,INIT,B,Open Long,0.53563,2004.0,0.483031,0.0,2179.0,0046
1752283358395,INIT,B,Open Long,0.53568,2004.0,0.483076,0.0,4183.0,0046
1752283358395,INIT,B,Open Long,0.53577,600.0,0.144657,0.0,6187.0,0046
1752283377922,INIT,A,Close Long,0.53891,4954.0,1.201392,16.590946,6787.0,0047
1752283394021,INIT,B,Open Long,0.53701,293.0,0.070804,0.0,1833.0,0048
1752283394021,INIT,B,Open Long,0.53701,343.0,0.082887,0.0,2126.0,0048
1752283394021,INIT,B,Open Long,0.53701,252.0,0.060896,0.0,2469.0,0048
1752283394021,INIT,B,Open Long,0.53719,977.0,0.236175,0.0,2721.0,0048
1752297693080,INIT,A,Close Long,0.54392,899.0,0.220042,6.815319,3698.0,0049
1752297693080,INIT,A,Close Long,0.54386,967.0,0.23666,7.272807,2799.0,0049
1752297693080,INIT,A,Close Long,0.54385,1011.0,0.247424,7.593621,1832.0,0049
1752297693080,INIT,A,Close Long,0.54382,821.0,0.200914,6.141901,821.0,0049
1752496257122,@151,B,Buy,3042.5,1.255,0.000502,0.0,0.0,0050
1752496267789,@151,B,Buy,3042.5,1.131,0.0004524,0.0,1.254498,0050
1752496268420,@151,B,Buy,3042.5,0.9009,0.00036036,0.0,2.3850456,0050
1752503629456,@151,B,Buy,3031.5,3.2987,0.00131948,0.0,3.28558524,0051
1752595438041,@151,A,Sell,3044.0,0.0506,0.06161056,0.29320538,6.58296576,0052
1752595440892,@151,A,Sell,3044.0,0.0258,0.03141408,0.14949998,6.53236576,0052
1752595441016,@151,A,Sell,3044.0,0.49,0.596624,2.83934061,6.50656576,0052
1752595441668,@151,A,Sell,3044.0,1.0199,1.24183024,5.90988467,6.01656576,0052
1752595442008,@151,A,Sell,3044.0,0.0562,0.06842912,0.32565499,4.99666576,0052
1752727248517,LAUNCHCOIN,B,Open Long,0.1315,17843.0,0.351953,0.0,0.0,0053
1752727253303,LAUNCHCOIN,B,Open Long,0.1315,966.0,0.019054,0.0,17843.0,0053
1752727266595,LAUNCHCOIN,B,Open Long,0.1315,5918.0,0.116732,0.0,18809.0,0053
1752727441545,LAUNCHCOIN,B,Open Long,0.1315,1922.0,0.037911,0.0,24727.0,0053
1752788468353,LAUNCHCOIN,B,Open Long,0.12728,19771.0,1.132403,0.0,26649.0,0054
1752788468353,LAUNCHCOIN,B,Open Long,0.1273,11227.0,0.643138,0.0,46420.0,0054
1752789372252,LAUNCHCOIN,A,Close Long,0.12935,13210.0,0.768921,1.53236,57647.0,0055
1752789372252,LAUNCHCOIN,A,Close Long,0.12931,15097.0,0.878486,1.147372,44437.0,0055
1752789372252,LAUNCHCOIN,A,Close Long,0.1293,729.0,0.042416,0.048114,29340.0,0055
1752789372252,LAUNCHCOIN,A,Close Long,0.12926,2669.0,0.155247,0.069394,28611.0,0055
1752854202022,LAUNCHCOIN,B,Open Long,0.1025,14634.0,0.224997,0.0,25942.0,0056
1752886386618,LAUNCHCOIN,A,Close Long,0.10374,4329.0,0.20209,-68.623308,40576.0,0057
1752886386618,LAUNCHCOIN,A,Close Long,0.10373,5922.0,0.27643,-93.934764,36247.0,0057
1752886386618,LAUNCHCOIN,A,Close Long,0.10373,4384.0,0.204638,-69.539008,30325.0,0057
1752912374247,LAUNCHCOIN,B,Open Long,0.10638,2800.0,0.134038,0.0,25941.0,0058
1752912374247,LAUNCHCOIN,B,Open Long,0.10638,2603.0,0.124608,0.0,28741.0,0058
1752912374247,LAUNCHCOIN,B,Open Long,0.10646,2616.0,0.125324,0.0,31344.0,0058
1752912374247,LAUNCHCOIN,B,Open Long,0.1065,1380.0,0.066136,0.0,33960.0,0058
1752960734318,PUMP,B,Open Long,0.004045,231934.0,0.140725,0.0,0.0,0059
1752960734318,PUMP,B,Open Long,0.004045,80854.0,0.049058,0.0,231934.0,0059
1752960734318,PUMP,B,Open Long,0.004045,103039.0,0.062518,0.0,312788.0,0059
1752960734318,PUMP,B,Open Long,0.004045,85866.0,0.052099,0.0,415827.0,0059
1752960734389,PUMP,B,Open Long,0.004045,239963.0,0.145597,0.0,501693.0,0059
1752964901870,PUMP,A,Close Long,0.004054,244988.0,0.446931,2.204892,741656.0,0060
1752964901870,PUMP,A,Close Long,0.004054,46346.0,0.084549,0.417114,496668.0,0060
1752964901870,PUMP,A,Close Long,0.004054,77225.0,0.140881,0.695025,450322.0,0060
1752964901870,PUMP,A,Close Long,0.004053,43289.0,0.078952,0.346312,373097.0,0060
1752964901870,PUMP,A,Close Long,0.004053,173156.0,0.31581,1.385248,329808.0,0060
1752964901870,PUMP,A,Close Long,0.004053,26284.0,0.047938,0.210272,156652.0,0060
1752964901870,PUMP,A,Close Long,0.004053,130368.0,0.237771,1.042944,130368.0,0060
1753115726068,HBAR,A,Open Short,0.28026,1248.0,0.052464,0.0,0.0,0062
1753117467080,HBAR,A,Open Short,0.28026,366.0,0.015386,0.0,-1248.0,0063
1753117473476,HBAR,A,Open Short,0.28026,182.0,0.007651,0.0,-1614.0,0063
1753117473957,HBAR,A,Open Short,0.28026,1139.0,0.047882,0.0,-1796.0,0063
1753117474794,HBAR,A,Open Short,0.28026,3413.0,0.143479,0.0,-2935.0,0063
1753123626454,DOGE,B,Open Long,0.27385,730.0,0.029986,0.0,0.0,0061
1753129454417,DOGE,A,Close Long,0.27115,730.0,0.089072,-1.971,730.0,0064
1753132379703,@132,A,Sell,0.017566,59588.03,0.73270633,-771.43884486,98321.30574136,0065
1753132379703,@132,A,Sell,0.017557,760.43,0.0093456,-9.85152644,38733.27574136,0065
1753132379703,@132,A,Sell,0.017515,628.03,0.00769996,-8.16263458,37972.84574136,0065
1753132379703,@132,A,Sell,0.017513,37344.64,0.45781167,-485.45062657,37344.81574136,0065
1753199366705,LAUNCHCOIN,B,Open Long,0.095111,2595.0,0.111065,0.0,35340.0,0066
1753199366705,LAUNCHCOIN,B,Open Long,0.095213,14500.0,0.621264,0.0,37935.0,0066
1753199366705,LAUNCHCOIN,B,Open Long,0.095233,2322.0,0.099508,0.0,52435.0,0066
1753199366705,LAUNCHCOIN,B,Open Long,0.095239,2556.0,0.109543,0.0,54757.0,0066
1753199366705,LAUNCHCOIN,B,Open Long,0.095262,7365.0,0.315722,0.0,57313.0,0066
1753199366705,LAUNCHCOIN,B,Open Long,0.095301,6850.0,0.293765,0.0,64678.0,0066
1753217865277,HBAR,B,Close Short,0.27198,5291.0,0.64757,43.80948,-6348.0,0067
1753217865277,HBAR,B,Close Short,0.272,1057.0,0.129376,8.73082,-1057.0,0067
1753218409569,LAUNCHCOIN,A,Close Long,0.092407,2185.0,0.090859,-28.691235,71528.0,0068
1753218409569,LAUNCHCOIN,A,Close Long,0.092406,2472.0,0.102792,-32.462304,69343.0,0068
1753218409569,LAUNCHCOIN,A,Close Long,0.09238,5404.0,0.224649,-71.105832,66871.0,0068
1753218409569,LAUNCHCOIN,A,Close Long,0.092374,2010.0,0.083552,-26.45964,61467.0,0068
1753218409569,LAUNCHCOIN,A,Close Long,0.092361,2907.0,0.120822,-38.305539,59457.0,0068
1753218409569,LAUNCHCOIN,A,Close Long,0.092347,2164.0,0.089927,-28.545324,56550.0,0068
1753218409569,LAUNCHCOIN,A,Close Long,0.092303,18145.0,0.753677,-240.149075,54386.0,0068
1753218409569,LAUNCHCOIN,A,Close Long,0.092297,901.0,0.037421,-11.930141,36241.0,0068
1753228275369,LAUNCHCOIN,B,Open Long,0.0885,3061.0,0.121904,0.0,35340.0,0070
1753228275369,LAUNCHCOIN,B,Open Long,0.088518,3061.0,0.121929,0.0,38401.0,0070
1753228275369,LAUNCHCOIN,B,Open Long,0.088546,5185.0,0.206599,0.0,41462.0,0070
1753228275369,LAUNCHCOIN,B,Open Long,0.088546,5259.0,0.209548,0.0,46647.0,0070
1753228275369,LAUNCHCOIN,B,Open Long,0.08855,3061.0,0.121973,0.0,51906.0,0070
1753228275369,LAUNCHCOIN,B,Open Long,0.088587,10207.0,0.406893,0.0,54967.0,0070
1753228275369,LAUNCHCOIN,B,Open Long,0.088594,4123.0,0.164372,0.0,65174.0,0070
1753242045980,LAUNCHCOIN,A,Close Long,0.08709,5740.0,0.224953,-58.12898,69297.0,0071
1753242045980,LAUNCHCOIN,A,Close Long,0.087073,3222.0,0.126247,-32.683968,63557.0,0071
1753242045980,LAUNCHCOIN,A,Close Long,0.087057,2491.0,0.097586,-25.30856,60335.0,0071
1753242045980,LAUNCHCOIN,A,Close Long,0.087051,4554.0,0.178393,-46.295964,57844.0,0071
1753242045980,LAUNCHCOIN,A,Close Long,0.08705,17943.0,0.702872,-182.426481,53290.0,0071
1753291988240,LAUNCHCOIN,A,Close Long,0.078755,3625.0,0.128469,-66.92475,35347.0,0073
1753291988240,LAUNCHCOIN,A,Close Long,0.078744,3439.0,0.12186,-63.528647,31722.0,0073
1753291988240,LAUNCHCOIN,A,Close Long,0.078735,3443.0,0.121988,-63.633526,28283.0,0073
1753291988240,LAUNCHCOIN,A,Close Long,0.078734,3568.0,0.126415,-65.947344,24840.0,0073
1753291988240,LAUNCHCOIN,A,Close Long,0.078723,8119.0,0.287618,-150.152786,21272.0,0073
1753291988240,LAUNCHCOIN,A,Close Long,0.078722,9705.0,0.343798,-179.493975,13153.0,0073
1753291988240,LAUNCHCOIN,A,Close Long,0.078704,3448.0,0.122117,-63.832824,3448.0,0073
1753297919974,LAUNCHCOIN,B,Open Long,0.080474,3416.0,0.123704,0.0,0.0,0074
1753297919974,LAUNCHCOIN,B,Open Long,0.080474,3687.0,0.133518,0.0,3416.0,0074
1753297919974,LAUNCHCOIN,B,Open Long,0.080488,3412.0,0.123581,0.0,7103.0,0074
1753297919974,LAUNCHCOIN,B,Open Long,0.080512,26811.0,0.971373,0.0,10515.0,0074
1753301372551,PUMP,B,Open Long,0.003848,1278258.0,2.213431,0.0,0.0,0075
1753301433389,PUMP,A,Close Long,0.003765,9054.0,0.015339,-0.751482,1278258.0,0076
1753301433389,PUMP,A,Close Long,0.003762,18341.0,0.031049,-1.577326,1269204.0,0076
1753301433389,PUMP,A,Close Long,0.003761,541689.0,0.916781,-47.126943,1250863.0,0076
1753301433389,PUMP,A,Close Long,0.003761,3238.0,0.00548,-0.281706,709174.0,0076
1753301433389,PUMP,A,Close Long,0.003761,6000.0,0.010154,-0.522,705936.0,0076
1753301433389,PUMP,A,Close Long,0.003757,8628.0,0.014586,-0.785148,699936.0,0076
1753301433389,PUMP,A,Close Long,0.003756,3968.0,0.006706,-0.365056,691308.0,0076
1753301433389,PUMP,A,Close Long,0.003755,18375.0,0.031049,-1.708875,687340.0,0076
1753301433389,PUMP,A,Close Long,0.003755,125412.0,0.211914,-11.663316,668965.0,0076
1753301433389,PUMP,A,Close Long,0.003754,543553.0,0.918224,-51.093982,543553.0,0076
1753326739390,LAUNCHCOIN,A,Close Long,0.073429,2732.0,0.090273,-19.323436,37326.0,0079
1753326739390,LAUNCHCOIN,A,Close Long,0.073384,7516.0,0.248199,-53.498888,34594.0,0079
1753326739390,LAUNCHCOIN,A,Close Long,0.073384,7175.0,0.236938,-51.07165,27078.0,0079
1753326739390,LAUNCHCOIN,A,Close Long,0.07335,13921.0,0.459497,-99.562992,19903.0,0079
1753326739390,LAUNCHCOIN,A,Close Long,0.07335,5982.0,0.19745,-42.783264,5982.0,0079
1753339347538,POPCAT,B,Open Long,0.355,9859.0,0.524991,0.0,0.0,0069
1753340057987,kBONK,B,Open Long,0.0315,174603.0,0.824999,0.0,0.0,0077
1753356877120,POPCAT,A,Close Long,0.38903,9859.0,1.725951,335.50177,9859.0,0080
1753369646272,kBONK,A,Close Long,0.037282,4023.0,0.067493,23.260986,174603.0,0081
1753369646272,kBONK,A,Close Long,0.037282,170580.0,2.861803,986.29356,170580.0,0081
1753398839992,PUMP,B,Open Long,0.00255,1960784.0,0.749999,0.0,0.0,0078
1753407193653,PUMP,A,Close Long,0.002579,418330.0,0.485492,12.13157,1960784.0,0082
1753407193653,PUMP,A,Close Long,0.002579,191022.0,0.22169,5.539638,1542454.0,0082
1753407193653,PUMP,A,Close Long,0.002579,166443.0,0.193165,4.826847,1351432.0,0082
1753430650203,PUMP,A,Close Long,0.002557,200000.0,0.23013,1.4,1184989.0,0083
1753430650203,PUMP,A,Close Long,0.002557,984989.0,1.133377,6.894923,984989.0,0083
1753640276369,@151,A,Sell,3855.0,3.9404,6.0760968,3218.49733415,3.94046576,0085
1753660800002,@151,A,Spot Dust Conversion,3875.0,0.00006576,0.0,0.0,0.00006576,0086
1753662324646,LAUNCHCOIN,B,Open Long,0.0815,24821.0,0.303436,0.0,0.0,0084
1753662325683,LAUNCHCOIN,B,Open Long,0.0815,613.0,0.007493,0.0,24821.0,0084
1753662325845,LAUNCHCOIN,B,Open Long,0.0815,613.0,0.007493,0.0,25434.0,0084
1753662326760,LAUNCHCOIN,B,Open Long,0.0815,1098.0,0.013423,0.0,26047.0,0084
1753662326760,LAUNCHCOIN,B,Open Long,0.0815,148.0,0.001809,0.0,27145.0,0084
1753662326916,LAUNCHCOIN,B,Open Long,0.0815,4464.0,0.054572,0.0,27293.0,0084
1753662326916,LAUNCHCOIN,B,Open Long,0.0815,5052.0,0.06176,0.0,31757.0,0084
1753666633368,LAUNCHCOIN,A,Close Long,0.081772,3587.0,0.131992,0.975664,36809.0,0087
1753666633368,LAUNCHCOIN,A,Close Long,0.081736,14810.0,0.544729,3.49516,33222.0,0087
1753751388725,LAUNCHCOIN,A,Close Long,0.084597,2499.0,0.095133,7.739403,18412.0,0089
1753751388725,LAUNCHCOIN,A,Close Long,0.084508,9536.0,0.36264,28.684288,15913.0,0089
1753751388725,LAUNCHCOIN,A,Close Long,0.084506,6377.0,0.242502,19.169262,6377.0,0089
1753757484279,kBONK,B,Open Long,0.0313,187216.0,0.878979,0.0,0.0,0088
1753757484279,kBONK,B,Open Long,0.0313,20451.0,0.096017,0.0,187216.0,0088
1753797426317,kBONK,A,Close Long,0.031352,4105.0,0.057914,0.21346,207667.0,0093
1753797426317,kBONK,A,Close Long,0.03135,4705.0,0.066375,0.23525,203562.0,0093
1753797426317,kBONK,A,Close Long,0.031349,8660.0,0.122167,0.42434,198857.0,0093
1753797426317,kBONK,A,Close Long,0.031348,31315.0,0.441748,1.50312,190197.0,0093
1753797426317,kBONK,A,Close Long,0.031347,4109.0,0.057962,0.193123,158882.0,0093
1753797426317,kBONK,A,Close Long,0.031347,31111.0,0.438856,1.462217,154773.0,0093
1753797426317,kBONK,A,Close Long,0.031347,12000.0,0.169273,0.564,123662.0,0093
1753797426317,kBONK,A,Close Long,0.031345,111662.0,1.57502,5.02479,111662.0,0093
1753874737958,kBONK,B,Open Long,0.02755,31053.0,0.128326,0.0,0.0,0094
1753874737958,kBONK,B,Open Long,0.02755,64372.0,0.266017,0.0,31053.0,0094
1753874737958,kBONK,B,Open Long,0.02755,100000.0,0.413249,0.0,95425.0,0094
1753874737958,kBONK,B,Open Long,0.02755,94956.0,0.392405,0.0,195425.0,0094
1753874897293,LAUNCHCOIN,B,Open Long,0.075,40000.0,0.449999,0.0,0.0,0092
1753902133893,FARTCOIN,B,Open Long,1.025,5365.8,0.824991,0.0,0.0,0090
1753902373830,PENGU,B,Open Long,0.0316,235502.0,1.116279,0.0,0.0,0072
1753903810923,kBONK,A,Close Long,0.027638,11091.0,0.137939,0.976008,290381.0,0097
1753903810923,kBONK,A,Close Long,0.027638,70280.0,0.874079,6.18464,279290.0,0097
1753903810923,kBONK,A,Close Long,0.027638,72363.0,0.899985,6.367944,209010.0,0097
1753903810923,kBONK,A,Close Long,0.027638,29685.0,0.369195,2.61228,136647.0,0097
1753903810923,kBONK,A,Close Long,0.027638,34366.0,0.427413,3.024208,106962.0,0097
1753904585930,LAUNCHCOIN,A,Close Long,0.0756,6613.0,0.224974,3.9678,40000.0,0095
1753904585930,LAUNCHCOIN,A,Close Long,0.07559,661.0,0.022484,0.38999,33387.0,0095
1753904585930,LAUNCHCOIN,A,Close Long,0.075513,2460.0,0.083592,1.26198,32726.0,0095
1753904585930,LAUNCHCOIN,A,Close Long,0.075513,292.0,0.009922,0.149796,30266.0,0095
1753904585930,LAUNCHCOIN,A,Close Long,0.075513,292.0,0.009922,0.149796,29974.0,0095
1753904585930,LAUNCHCOIN,A,Close Long,0.075513,606.0,0.020592,0.310878,29682.0,0095
1753904585930,LAUNCHCOIN,A,Close Long,0.075513,458.0,0.015563,0.234954,29076.0,0095
1753904585930,LAUNCHCOIN,A,Close Long,0.075505,2460.0,0.083584,1.2423,28618.0,0095
1753904585930,LAUNCHCOIN,A,Close Long,0.075501,2460.0,0.083579,1.23246,26158.0,0095
1753904585930,LAUNCHCOIN,A,Close Long,0.075484,2460.0,0.08356,1.19064,23698.0,0095
1753904585930,LAUNCHCOIN,A,Close Long,0.075389,2460.0,0.083455,0.95694,21238.0,0095
1753904585930,LAUNCHCOIN,A,Close Long,0.075381,2460.0,0.083446,0.93726,18778.0,0095
1753904585930,LAUNCHCOIN,A,Close Long,0.075372,16318.0,0.553464,6.070296,16318.0,0095
1753936952178,PENGU,A,Close Long,0.037603,16023.0,0.27113,96.186069,235502.0,0096
1753936952178,PENGU,A,Close Long,0.037595,20104.0,0.340114,120.52348,219479.0,0096
1753936952178,PENGU,A,Close Long,0.037582,199375.0,3.37181,1192.66125,199375.0,0096
1753989503079,FARTCOIN,A,Close Long,1.0279,324.3,0.150006,0.94047,5365.8,0099
1753989503079,FARTCOIN,A,Close Long,1.0279,324.3,0.150006,0.94047,5041.5,0099
1753989503079,FARTCOIN,A,Close Long,1.0279,324.3,0.150006,0.94047,4717.2,0099
1753989503079,FARTCOIN,A,Close Long,1.0279,486.4,0.224986,1.41056,4392.9,0099
1753989503079,FARTCOIN,A,Close Long,1.0279,973.9,0.450482,2.82431,3906.5,0099
1753989503079,FARTCOIN,A,Close Long,1.0278,324.3,0.149991,0.90804,2932.6,0099
1753989503079,FARTCOIN,A,Close Long,1.0277,100.0,0.046246,0.27,2608.3,0099
1753989503079,FARTCOIN,A,Close Long,1.0277,324.4,0.150023,0.87588,2508.3,0099
1753989503079,FARTCOIN,A,Close Long,1.0276,936.5,0.433056,2.4349,2183.9,0099
1753989503079,FARTCOIN,A,Close Long,1.0276,10.2,0.004716,0.02652,1247.4,0099
1753989503079,FARTCOIN,A,Close Long,1.0276,357.7,0.165407,0.93002,1237.2,0099
1753989503079,FARTCOIN,A,Close Long,1.0276,306.6,0.141777,0.79716,879.5,0099
1753989503079,FARTCOIN,A,Close Long,1.0276,557.5,0.257799,1.4495,572.9,0099
1753989503079,FARTCOIN,A,Close Long,1.0276,15.4,0.007121,0.04004,15.4,0099
1753992050057,SPX,B,Open Long,1.715,1131.2,0.291001,0.0,0.0,0091
1753992050057,SPX,B,Open Long,1.715,1015.2,0.26116,0.0,1131.2,0091
1753992050057,SPX,B,Open Long,1.715,800.0,0.205799,0.0,2146.4,0091
1753992050136,SPX,B,Open Long,1.715,326.0,0.083863,0.0,2946.4,0091
1753992050205,SPX,B,Open Long,1.715,155.1,0.039899,0.0,3272.4,0091
1753992050359,SPX,B,Open Long,1.715,56.2,0.014457,0.0,3427.5,0091
1753992050619,SPX,B,Open Long,1.715,14.8,0.003807,0.0,3483.7,0091
1754004620274,kBONK,B,Open Long,0.0263,102924.0,0.406035,0.0,72596.0,0098
1754004620274,kBONK,B,Open Long,0.0263,68178.0,0.268962,0.0,175520.0,0098
1754051593809,kBONK,A,Close Long,0.026725,243698.0,2.930773,12.915994,243698.0,0100
1754087253753,kBONK,B,Open Long,0.0252,238095.0,0.899999,0.0,0.0,0101
1754216063362,SPX,A,Close Long,1.6212,458.7,0.334639,-43.02606,3498.5,0103
1754216063362,SPX,A,Close Long,1.621,558.3,0.407251,-52.4802,3039.8,0103
1754216063362,SPX,A,Close Long,1.621,1861.1,1.357579,-174.9434,2481.5,0103
1754216063362,SPX,A,Close Long,1.6205,620.4,0.452411,-58.6278,620.4,0103
1754400472138,kBONK,A,Close Long,0.025285,12000.0,0.136539,1.02,238095.0,0104
1754400472138,kBONK,A,Close Long,0.025285,23293.0,0.265033,1.979905,226095.0,0104
1754400472138,kBONK,A,Close Long,0.025284,21885.0,0.249003,1.83834,202802.0,0104
1754400472138,kBONK,A,Close Long,0.025284,12000.0,0.136533,1.008,180917.0,0104
1754400472138,kBONK,A,Close Long,0.025283,10923.0,0.124274,0.906609,168917.0,0104
1754400472138,kBONK,A,Close Long,0.025283,23012.0,0.261815,1.909996,157994.0,0104
1754400472138,kBONK,A,Close Long,0.025281,14650.0,0.166664,1.18665,134982.0,0104
1754400472138,kBONK,A,Close Long,0.025281,14651.0,0.166676,1.186731,120332.0,0104
1754400472138,kBONK,A,Close Long,0.025281,14650.0,0.166664,1.18665,105681.0,0104
1754400472138,kBONK,A,Close Long,0.025281,14650.0,0.166664,1.18665,91031.0,0104
1754400472138,kBONK,A,Close Long,0.025281,14650.0,0.166664,1.18665,76381.0,0104
1754400472138,kBONK,A,Close Long,0.025281,14651.0,0.166676,1.186731,61731.0,0104
1754400472138,kBONK,A,Close Long,0.025281,14650.0,0.166664,1.18665,47080.0,0104
1754400472138,kBONK,A,Close Long,0.025281,14650.0,0.166664,1.18665,32430.0,0104
1754400472138,kBONK,A,Close Long,0.025281,14650.0,0.166664,1.18665,17780.0,0104
1754400472138,kBONK,A,Close Long,0.025281,3130.0,0.035608,0.25353,3130.0,0104
1754921664805,LAUNCHCOIN,B,Open Long,0.0663,52790.0,0.524996,0.0,0.0,0106
1754947848018,LAUNCHCOIN,A,Close Long,0.06644,7520.0,0.224832,1.0528,52790.0,0107
1754947848018,LAUNCHCOIN,A,Close Long,0.066426,3080.0,0.092066,0.38808,45270.0,0107
1754947848018,LAUNCHCOIN,A,Close Long,0.06641,3080.0,0.092044,0.3388,42190.0,0107
1754947848018,LAUNCHCOIN,A,Close Long,0.066395,3080.0,0.092023,0.2926,39110.0,0107
1754947848018,LAUNCHCOIN,A,Close Long,0.066383,4158.0,0.124209,0.345114,36030.0,0107
1754947848018,LAUNCHCOIN,A,Close Long,0.066363,3818.0,0.114018,0.240534,31872.0,0107
1754947848018,LAUNCHCOIN,A,Close Long,0.066363,3321.0,0.099176,0.209223,28054.0,0107
1754947848018,LAUNCHCOIN,A,Close Long,0.066362,3192.0,0.095322,0.197904,24733.0,0107
1754947848018,LAUNCHCOIN,A,Close Long,0.066355,3240.0,0.096745,0.1782,21541.0,0107
1754947848018,LAUNCHCOIN,A,Close Long,0.066349,4945.0,0.147643,0.242305,18301.0,0107
1754947848018,LAUNCHCOIN,A,Close Long,0.066343,3589.0,0.107147,0.154327,13356.0,0107
1754947848018,LAUNCHCOIN,A,Close Long,0.06632,9767.0,0.291486,0.19534,9767.0,0107
1754948974578,FARTCOIN,B,Open Long,0.815,7975.4,0.974992,0.0,0.0,0102
1755002241034,FARTCOIN,A,Close Long,0.90083,3828.1,1.55181,328.565823,7975.4,0109
1755016451045,FARTCOIN,A,Close Long,0.95245,122.4,0.05246,16.82388,4147.3,0108
1755016451045,FARTCOIN,A,Close Long,0.95245,1050.3,0.450161,144.363735,4024.9,0108
1755016451045,FARTCOIN,A,Close Long,0.95244,1050.3,0.450156,144.353232,2974.6,0108
1755016451045,FARTCOIN,A,Close Long,0.95244,1050.3,0.450156,144.353232,1924.3,0108
1755016451045,FARTCOIN,A,Close Long,0.95243,874.0,0.37459,120.11382,874.0,0108
1755174893442,SPX,B,Open Long,1.215,3577.9,0.652072,0.0,0.0,0105
1755174893442,SPX,B,Open Long,1.215,135.5,0.024694,0.0,3577.9,0105
1755174893442,SPX,B,Open Long,1.215,62.7,0.011427,0.0,3713.4,0105
1755174893442,SPX,B,Open Long,1.215,1573.6,0.286788,0.0,3776.1,0105
1755174912769,ZORA,B,Open Long,0.10135,39467.0,0.599997,0.0,0.0,0110
1755183130899,SPX,A,Close Long,1.583,315.6,0.224817,116.1408,5349.7,0112
1755183130899,SPX,A,Close Long,1.5826,7.5,0.005341,2.757,5034.1,0112
1755183130899,SPX,A,Close Long,1.5825,1918.5,1.366211,705.04875,5026.6,0112
1755183130899,SPX,A,Close Long,1.5824,486.7,0.346569,178.818447,3108.1,0112
1755183200514,SPX,A,Close Long,1.589,30.5,0.021809,11.407305,2621.4,0111
1755183200514,SPX,A,Close Long,1.589,34.2,0.024454,12.791142,2590.9,0111
1755183200514,SPX,A,Close Long,1.5887,427.0,0.305268,159.57417,2556.7,0111
1755183200514,SPX,A,Close Long,1.5887,314.5,0.22484,117.531795,2129.7,0111
1755183200514,SPX,A,Close Long,1.5884,1815.2,1.297468,677.813832,1815.2,0111
1755276757569,ZORA,A,Close Long,0.10129,15273.0,0.69615,-0.91638,39467.0,0113
1755276757569,ZORA,A,Close Long,0.10122,2985.0,0.135963,-0.38805,24194.0,0113
1755276757569,ZORA,A,Close Long,0.10122,21209.0,0.966048,-2.75717,21209.0,0113
1755440376429,PUMP,B,Open Long,0.003415,367349.0,0.188174,0.0,0.0,0115
1755440376429,PUMP,B,Open Long,0.003415,511128.0,0.261825,0.0,367349.0,0115
1755530053532,ZORA,B,Open Long,0.1015,3957.0,0.060245,0.0,0.0,0116
1755530053614,ZORA,B,Open Long,0.1015,3833.0,0.058357,0.0,3957.0,0116
1755530053734,ZORA,B,Open Long,0.1015,3833.0,0.058357,0.0,7790.0,0116
1755530053734,ZORA,B,Open Long,0.1015,4735.0,0.07209,0.0,11623.0,0116
1755530053734,ZORA,B,Open Long,0.1015,160.0,0.002436,0.0,16358.0,0116
1755530053948,ZORA,B,Open Long,0.1015,6565.0,0.099952,0.0,16518.0,0116
1755530053948,ZORA,B,Open Long,0.1015,4544.0,0.069182,0.0,23083.0,0116
1755530053948,ZORA,B,Open Long,0.1015,3952.0,0.060169,0.0,27627.0,0116
1755530053948,ZORA,B,Open Long,0.1015,3956.0,0.06023,0.0,31579.0,0116
1755530053948,ZORA,B,Open Long,0.1015,3693.0,0.056225,0.0,35535.0,0116
1755530053948,ZORA,B,Open Long,0.1015,2813.0,0.042827,0.0,39228.0,0116
1755530054151,ZORA,B,Open Long,0.1015,2293.0,0.03491,0.0,42041.0,0116
1755532716988,PUMP,B,Open Long,0.003153,249690.0,0.354272,0.0,878477.0,0117
1755532716988,PUMP,B,Open Long,0.003153,158498.0,0.224884,0.0,1128167.0,0117
1755532716988,PUMP,B,Open Long,0.003154,300000.0,0.42579,0.0,1286665.0,0117
1755532716988,PUMP,B,Open Long,0.003154,351269.0,0.498556,0.0,1586665.0,0117
1755532716988,PUMP,B,Open Long,0.003154,49893.0,0.070813,0.0,1937934.0,0117
1755593271754,ZORA,A,Close Long,0.10151,2956.0,0.135028,0.02956,44334.0,0118
1755593271754,ZORA,A,Close Long,0.1015,2956.0,0.135015,0.0,41378.0,0118
1755593271754,ZORA,A,Close Long,0.1015,2956.0,0.135015,0.0,38422.0,0118
1755593271754,ZORA,A,Close Long,0.1015,2956.0,0.135015,0.0,35466.0,0118
1755593271754,ZORA,A,Close Long,0.1015,1955.0,0.089294,0.0,32510.0,0118
1755593271754,ZORA,A,Close Long,0.1015,9847.0,0.449761,0.0,30555.0,0118
1755593271754,ZORA,A,Close Long,0.10149,9896.0,0.451955,-0.09896,20708.0,0118
1755593271754,ZORA,A,Close Long,0.10149,1712.0,0.078187,-0.01712,10812.0,0118
1755593271754,ZORA,A,Close Long,0.10149,2956.0,0.135001,-0.02956,9100.0,0118
1755593271754,ZORA,A,Close Long,0.10149,2956.0,0.135001,-0.02956,6144.0,0118
1755593271754,ZORA,A,Close Long,0.10149,2956.0,0.135001,-0.02956,3188.0,0118
1755593271754,ZORA,A,Close Long,0.10149,232.0,0.010595,-0.00232,232.0,0118
1755622755379,ETH,B,Open Long,4134.0,1.6932,1.049953,0.0,0.0,0114
1755629385839,ETH,B,Open Long,4137.6,0.9661,1.7988,0.0,1.6932,0121
1755629418836,ETH,B,Open Long,4134.1,0.483,0.898546,0.0,2.6593,0122
1755656860435,ETH,A,Close Long,4134.7,0.4838,0.900165,-0.203196,3.1423,0124
1755728441768,PUMP,A,Close Long,0.003183,479463.0,0.686758,-41.233818,1987827.0,0125
1755728441768,PUMP,A,Close Long,0.003183,157040.0,0.224936,-13.50544,1508364.0,0125
1755728441768,PUMP,A,Close Long,0.003183,278852.0,0.399413,-23.981272,1351324.0,0125
1755728441768,PUMP,A,Close Long,0.003183,78556.0,0.112519,-6.755816,1072472.0,0125
1755810282460,PUMP,B,Open Long,0.00283,1060070.0,0.449999,0.0,993916.0,0126
1755839941189,ZORA,B,Open Long,0.08145,55248.0,0.674992,0.0,0.0,0119
1755865971162,SPX,B,Open Long,1.215,3280.9,0.597944,0.0,0.0,0120
1755865971560,SPX,B,Open Long,1.215,179.5,0.032713,0.0,3280.9,0120
1755865971944,SPX,B,Open Long,1.215,1477.8,0.269329,0.0,3460.4,0120
1755867662671,ZORA,A,Close Long,0.081975,1981.0,0.073076,1.040025,55248.0,0128
1755867662671,ZORA,A,Close Long,0.081959,8427.0,0.3108,4.289343,53267.0,0128
1755867662671,ZORA,A,Close Long,0.081952,9176.0,0.338396,4.615528,44840.0,0128
1755867662671,ZORA,A,Close Long,0.08195,3661.0,0.135008,1.834161,35664.0,0128
1755867662671,ZORA,A,Close Long,0.081945,9616.0,0.354592,4.769536,32003.0,0128
1755867662671,ZORA,A,Close Long,0.081943,3662.0,0.135033,1.809028,22387.0,0128
1755867662671,ZORA,A,Close Long,0.081939,3662.0,0.135027,1.79438,18725.0,0128
1755867662671,ZORA,A,Close Long,0.081929,6104.0,0.225042,2.92992,15063.0,0128
1755867662671,ZORA,A,Close Long,0.081928,8959.0,0.330296,4.291361,8959.0,0128
1755871405247,ETH,A,Close Long,4444.6,2.6585,5.317186,822.75258,2.6585,0123
1755871925629,SPX,A,Close Long,1.3864,268.0,0.167199,45.9352,4938.2,0127
1755871925629,SPX,A,Close Long,1.386,2214.7,1.381308,378.7137,4670.2,0127
1755871925629,SPX,A,Close Long,1.3848,453.8,0.28279,77.05524,2455.5,0127
1755871925629,SPX,A,Close Long,1.3847,2001.7,1.247289,339.68849,2001.7,0127
1755880183575,PUMP,A,Close Long,0.003089,550551.0,0.765293,25.875897,2053986.0,0129
1755880183575,PUMP,A,Close Long,0.003089,646264.0,0.898339,30.374408,1503435.0,0129
1755880183575,PUMP,A,Close Long,0.003089,338639.0,0.470725,15.916033,857171.0,0129
1755880183575,PUMP,A,Close Long,0.003088,518532.0,0.720552,23.852472,518532.0,0129
1756150555476,FARTCOIN,B,Open Long,0.824,6067.9,0.749992,0.0,0.0,0131
1756153393354,PUMP,B,Open Long,0.00265,1509433.0,0.599999,0.0,0.0,0132
1756194062757,FARTCOIN,A,Close Long,0.79348,14.0,0.004998,-0.42728,6067.9,0133
1756194062757,FARTCOIN,A,Close Long,0.79348,27.1,0.009676,-0.827092,6053.9,0133
1756194062757,FARTCOIN,A,Close Long,0.79333,3150.6,1.124759,-96.628902,6026.8,0133
1756194062757,FARTCOIN,A,Close Long,0.79329,56.7,0.02024,-1.741257,2876.2,0133
1756194062757,FARTCOIN,A,Close Long,0.79328,2819.5,1.006493,-86.61504,2819.5,0133
1756316709762,PUMP,A,Close Long,0.00313,96040.0,0.135272,46.0992,1509433.0,0134
1756316709762,PUMP,A,Close Long,0.00313,160639.0,0.22626,77.10672,1413393.0,0134
1756316709762,PUMP,A,Close Long,0.003129,365449.0,0.51457,175.050071,1252754.0,0134
1756316709762,PUMP,A,Close Long,0.003129,637915.0,0.898216,305.561285,887305.0,0134
1756316709762,PUMP,A,Close Long,0.003129,249390.0,0.351153,119.45781,249390.0,0134
1756324701359,PUMP,B,Open Long,0.003026,206343.0,0.280977,0.0,0.0,0135
1756324701359,PUMP,B,Open Long,0.003026,688591.0,0.937654,0.0,206343.0,0135
1756324701359,PUMP,B,Open Long,0.003027,740711.0,1.008959,0.0,894934.0,0135
1756324701359,PUMP,B,Open Long,0.003027,170789.0,0.23264,0.0,1635645.0,0135
1756332021937,PUMP,A,Close Long,0.00303,409506.0,0.558361,1.638024,1806434.0,0136
1756332021937,PUMP,A,Close Long,0.00303,134996.0,0.184067,0.539984,1396928.0,0136
1756332021937,PUMP,A,Close Long,0.00303,300000.0,0.40905,1.2,1261932.0,0136
1756332021937,PUMP,A,Close Long,0.00303,961932.0,1.311594,3.847728,961932.0,0136
1756409924260,ZORA,B,Open Long,0.08135,49170.0,0.599996,0.0,0.0,0130
1756611214718,ZORA,A,Close Long,0.08154,14147.0,0.519095,2.68793,49170.0,0137
1756611214718,ZORA,A,Close Long,0.081511,12737.0,0.467192,2.050657,35023.0,0137
1756611214718,ZORA,A,Close Long,0.081509,22286.0,0.817429,3.543474,22286.0,0137
1756847552707,FARTCOIN,A,Open Short,0.79694,3968.1,1.423051,0.0,0.0,0138
1756887870136,FARTCOIN,A,Open Short,0.8032,435.5,0.157407,0.0,-3968.1,0139
1757368181817,FARTCOIN,B,Close Short,0.8232,4403.6,1.631269,-112.95234,-4403.6,0140
1757380133526,LAUNCHCOIN,B,Open Long,0.09035,38738.0,0.524996,0.0,0.0,0141
1757469691600,LAUNCHCOIN,A,Close Long,0.086965,38738.0,1.515982,-131.12813,38738.0,0142
1757991952268,LAUNCHCOIN,B,Open Long,0.08664,4635.0,0.180709,0.0,0.0,0145
1757991966115,LAUNCHCOIN,A,Close Long,0.086627,4635.0,0.180682,-0.060255,4635.0,0146
1757991986315,LAUNCHCOIN,B,Open Long,0.08656,1277.0,0.01658,0.0,0.0,0147
1757991994866,LAUNCHCOIN,A,Close Long,0.086537,1277.0,0.049728,-0.029371,1277.0,0148
1758471454313,FARTCOIN,B,Open Long,0.7155,6988.1,0.749997,0.0,0.0,0144
1758474160638,ASTER,B,Open Long,1.355,11070.0,2.249977,0.0,0.0,0150
1758475112547,FARTCOIN,A,Close Long,0.71751,3453.3,1.114999,6.941133,6988.1,0149
1758475112547,FARTCOIN,A,Close Long,0.71748,3534.8,1.141266,6.998904,3534.8,0149
1758515675129,ASTER,A,Close Long,1.5498,7.0,0.004881,1.3636,11070.0,0155
1758515675129,ASTER,A,Close Long,1.5493,8.0,0.005577,1.5544,11063.0,0155
1758515675129,ASTER,A,Close Long,1.5487,1100.0,0.766606,213.07,11055.0,0155
1758515675129,ASTER,A,Close Long,1.5486,1649.0,1.149138,319.2464,9955.0,0155
1758520818583,ETH,B,Open Long,4065.0,6.15,3.749962,0.0,0.0,0151
1758520937538,PUMP,B,Open Long,0.00555,2702702.0,2.249999,0.0,0.0,0152
1758520937538,SPX,B,Open Long,1.015,5911.3,0.899995,0.0,0.0,0154
1758520943946,LAUNCHCOIN,B,Open Long,0.05155,23346.0,0.180522,0.0,0.0,0153
1758520943946,LAUNCHCOIN,B,Open Long,0.05155,187.0,0.001445,0.0,23346.0,0153
1758520948624,PENGU,B,Open Long,0.0276,289855.0,1.199999,0.0,0.0,0143
1758520950663,LAUNCHCOIN,B,Open Long,0.05155,6064.0,0.046889,0.0,23533.0,0153
1758520950663,LAUNCHCOIN,B,Open Long,0.05155,1948.0,0.015062,0.0,29597.0,0153
1758520950663,LAUNCHCOIN,B,Open Long,0.05155,17806.0,0.137684,0.0,31545.0,0153
1758520950663,LAUNCHCOIN,B,Open Long,0.05155,8844.0,0.068386,0.0,49351.0,0153
1758521917210,SPX,A,Close Long,1.071,16.8,0.008096,0.9408,5911.3,0156
1758521917210,SPX,A,Close Long,1.0709,42.1,0.020288,2.35339,5894.5,0156
1758521917210,SPX,A,Close Long,1.0708,16.8,0.008095,0.93744,5852.4,0156
1758521917210,SPX,A,Close Long,1.0708,16.8,0.008095,0.93744,5835.6,0156
1758521917210,SPX,A,Close Long,1.0708,84.2,0.040572,4.69836,5818.8,0156
1758521917210,SPX,A,Close Long,1.0707,42.1,0.020284,2.34497,5734.6,0156
1758521917210,SPX,A,Close Long,1.0707,42.1,0.020284,2.34497,5692.5,0156
1758521917210,SPX,A,Close Long,1.0707,126.3,0.060853,7.03491,5650.4,0156
1758521917210,SPX,A,Close Long,1.0706,84.2,0.040565,4.68152,5524.1,0156
1758521917210,SPX,A,Close Long,1.0706,84.2,0.040565,4.68152,5439.9,0156
1758521917210,SPX,A,Close Long,1.0704,88.2,0.042484,4.88628,5355.7,0156
1758521917210,SPX,A,Close Long,1.0704,738.0,0.355479,40.8852,5267.5,0156
1758521917210,SPX,A,Close Long,1.0703,598.8,0.288403,33.11364,4529.5,0156
1758521917210,SPX,A,Close Long,1.0702,42.0,0.020226,2.3184,3930.7,0156
1758521917210,SPX,A,Close Long,1.0702,788.4,0.379685,43.51968,3888.7,0156
1758521917210,SPX,A,Close Long,1.0702,62.0,0.029858,3.4224,3100.3,0156
1758521917210,SPX,A,Close Long,1.0701,1678.4,0.808225,92.47984,3038.3,0156
1758521917210,SPX,A,Close Long,1.07,567.0,0.27301,31.185,1359.9,0156
1758521917210,SPX,A,Close Long,1.0698,792.9,0.381709,43.458849,792.9,0156
1758523702119,LAUNCHCOIN,A,Close Long,0.059542,6668.0,0.178661,53.290656,58195.0,0157
1758523702119,LAUNCHCOIN,A,Close Long,0.059542,4000.0,0.107175,31.968,51527.0,0157
1758523702119,LAUNCHCOIN,A,Close Long,0.059541,2817.0,0.075477,22.510647,47527.0,0157
1758523702119,LAUNCHCOIN,A,Close Long,0.05954,1570.0,0.042065,12.5443,44710.0,0157
1758523702119,LAUNCHCOIN,A,Close Long,0.059535,4000.0,0.107163,31.94,43140.0,0157
1758523702119,LAUNCHCOIN,A,Close Long,0.059534,39140.0,1.048572,312.49376,39140.0,0157
1758524674574,ASTER,A,Close Long,1.5204,2491.0,1.704292,412.0114,8306.0,0158
1758525989740,ASTER,B,Open Long,1.5048,1822.0,1.233785,0.0,5815.0,0159
1758525989740,ASTER,B,Open Long,1.5051,318.0,0.215379,0.0,7637.0,0159
1758525989740,ASTER,B,Open Long,1.5058,8.0,0.00542,0.0,7955.0,0159
1758525989740,ASTER,B,Open Long,1.5059,122.0,0.082673,0.0,7963.0,0159
1758525989740,ASTER,B,Open Long,1.5062,10.0,0.006777,0.0,8085.0,0159
1758525989740,ASTER,B,Open Long,1.5071,211.0,0.143099,0.0,8095.0,0159
1758526052965,ASTER,B,Open Long,1.5253,1500.0,1.029577,0.0,8306.0,0160
1758554805017,ASTER,A,Close Long,1.3612,735.0,0.450216,-42.61383,9806.0,0161
1758554805017,ASTER,A,Close Long,1.3612,735.0,0.450216,-42.61383,9071.0,0161
1758554805017,ASTER,A,Close Long,1.3611,735.0,0.450183,-42.68733,8336.0,0161
1758554805017,ASTER,A,Close Long,1.3611,735.0,0.450183,-42.68733,7601.0,0161
1758554805017,ASTER,A,Close Long,1.3611,6866.0,4.20539,-398.763548,6866.0,0161
1758597471417,PUMP,A,Close Long,0.00556,343306.0,0.858951,3.43306,2702702.0,0162
1758597471417,PUMP,A,Close Long,0.005559,269806.0,0.674933,2.428254,2359396.0,0162
1758597471417,PUMP,A,Close Long,0.005559,260000.0,0.650403,2.34,2089590.0,0162
1758597471417,PUMP,A,Close Long,0.005559,35966.0,0.08997,0.323694,1829590.0,0162
1758597471417,PUMP,A,Close Long,0.005558,172002.0,0.430194,1.376016,1793624.0,0162
1758653994243,PUMP,A,Close Long,0.005563,66568.0,0.166643,0.865384,1621622.0,0163
1758653994243,PUMP,A,Close Long,0.005562,66581.0,0.166645,0.798972,1555054.0,0163
1758653994243,PUMP,A,Close Long,0.005562,48022.0,0.120194,0.576264,1488473.0,0163
1758653994243,PUMP,A,Close Long,0.005561,179884.0,0.45015,1.978724,1440451.0,0163
1758653994243,PUMP,A,Close Long,0.005561,143959.0,0.36025,1.583549,1260567.0,0163
1758653994243,PUMP,A,Close Long,0.005561,250000.0,0.625612,2.75,1116608.0,0163
1758653994243,PUMP,A,Close Long,0.005561,59932.0,0.149976,0.659252,866608.0,0163
1758653994243,PUMP,A,Close Long,0.005561,59933.0,0.149979,0.659263,806676.0,0163
1758653994243,PUMP,A,Close Long,0.005561,331768.0,0.830232,3.649448,746743.0,0163
1758653994243,PUMP,A,Close Long,0.005561,414975.0,1.038454,4.564725,414975.0,0163
1758773203717,ETH,A,Close Long,4066.1,0.8702,1.592244,0.95722,6.15,0164
1758773203717,ETH,A,Close Long,4066.1,0.9745,1.783086,1.07195,5.2798,0164
1758903048332,PENGU,A,Close Long,0.027638,179970.0,2.238304,6.83886,289855.0,0165
1758903048332,PENGU,A,Close Long,0.027638,109885.0,1.36665,4.17563,109885.0,0165
1758908427557,ETH,A,Close Long,4029.9,2.0744,3.761831,-72.81144,4.3053,0166
1758908427557,ETH,A,Close Long,4029.9,2.2309,4.045636,-78.30459,2.2309,0166
1758954549902,APEX,B,Open Long,2.1479,264.0,0.25517,0.0,0.0,0167
1758954549902,APEX,B,Open Long,2.1537,537.0,0.520441,0.0,264.0,0167
1758954549902,APEX,B,Open Long,2.1624,563.0,0.547844,0.0,801.0,0167
1758954549902,APEX,B,Open Long,2.1694,511.0,0.498853,0.0,1364.0,0167
1758954549902,APEX,B,Open Long,2.1774,482.0,0.472278,0.0,1875.0,0167
1758954600645,APEX,B,Open Long,2.336,2205.0,2.317896,0.0,2357.0,0168
1758955234183,APEX,A,Close Long,2.7338,117.0,0.143934,56.977479,4562.0,0169
1758955234183,APEX,A,Close Long,2.7338,122.0,0.150085,59.412414,4445.0,0169
1758955234183,APEX,A,Close Long,2.7335,992.0,1.220234,482.793504,4323.0,0169
1758955245663,APEX,A,Close Long,2.7117,40.0,0.04881,18.59548,3331.0,0170
1758955245663,APEX,A,Close Long,2.711,184.0,0.22447,85.410408,3291.0,0170
1758955245663,APEX,A,Close Long,2.7088,708.0,0.863023,327.086796,3107.0,0170
1758980518703,APEX,A,Close Long,2.4877,362.0,0.405246,87.201094,2399.0,0171
1758980518703,APEX,A,Close Long,2.4877,433.0,0.484728,104.304071,2037.0,0171
1758980518703,APEX,A,Close Long,2.4818,92.0,0.102746,21.618804,1604.0,0171
1758980608948,APEX,A,Close Long,2.504,1512.0,1.703721,388.866744,1512.0,0172
1759010503212,APEX,B,Open Long,1.737,3454.0,0.899939,0.0,0.0,0173
1759015925871,APEX,A,Close Long,2.0792,445.0,0.416359,152.279,3454.0,0174
1759015925871,APEX,A,Close Long,2.0792,297.0,0.277885,101.6334,3009.0,0174
1759015925871,APEX,A,Close Long,2.0771,445.0,0.415939,151.3445,2712.0,0174
1759015925871,APEX,A,Close Long,2.0754,321.0,0.299791,108.6264,2267.0,0174
1759015925871,APEX,A,Close Long,2.0749,445.0,0.415498,150.3655,1946.0,0174
1759015925871,APEX,A,Close Long,2.0732,775.0,0.723028,260.555,1501.0,0174
1759015925871,APEX,A,Close Long,2.0721,726.0,0.676955,243.2826,726.0,0174
1759086340410,@210,B,Buy,1.3959,1074.5,0.752149,0.0,0.0,0175
1759113016466,STBL,B,Open Long,0.43521,255.0,0.04994,0.0,0.0,0177
1759113016466,STBL,B,Open Long,0.43527,469.0,0.091863,0.0,255.0,0177
1759113016466,STBL,B,Open Long,0.43532,270.0,0.052891,0.0,724.0,0177
1759113016466,STBL,B,Open Long,0.43556,4501.0,0.882205,0.0,994.0,0177
1759113016466,STBL,B,Open Long,0.43564,327.0,0.064104,0.0,5495.0,0177
1759113016466,STBL,B,Open Long,0.43565,3576.0,0.701047,0.0,5822.0,0177
1759113016466,STBL,B,Open Long,0.43568,327.0,0.06411,0.0,9398.0,0177
1759113016466,STBL,B,Open Long,0.43575,251.0,0.049217,0.0,9725.0,0177
1759113016466,STBL,B,Open Long,0.43583,3576.0,0.701337,0.0,9976.0,0177
1759113016466,STBL,B,Open Long,0.43594,327.0,0.064148,0.0,13552.0,0177
1759113016466,STBL,B,Open Long,0.43595,850.0,0.16675,0.0,13879.0,0177
1759113016466,STBL,B,Open Long,0.43598,327.0,0.064154,0.0,14729.0,0177
1759113016466,STBL,B,Open Long,0.43601,3576.0,0.701627,0.0,15056.0,0177
1759113016466,STBL,B,Open Long,0.43603,2384.0,0.467772,0.0,18632.0,0177
1759113016466,STBL,B,Open Long,0.43604,327.0,0.064163,0.0,21016.0,0177
1759113016466,STBL,B,Open Long,0.43608,327.0,0.064169,0.0,21343.0,0177
1759113016466,STBL,B,Open Long,0.43612,327.0,0.064175,0.0,21670.0,0177
1759113016466,STBL,B,Open Long,0.43633,2384.0,0.468094,0.0,21997.0,0177
1759113016466,STBL,B,Open Long,0.43644,4596.0,0.902645,0.0,24381.0,0177
1759113016466,STBL,B,Open Long,0.43651,2384.0,0.468287,0.0,28977.0,0177
1759113016466,STBL,B,Open Long,0.43667,7540.0,1.481621,0.0,31361.0,0177
1759113016466,STBL,B,Open Long,0.43668,4122.0,0.809997,0.0,38901.0,0177
1759113016466,STBL,B,Open Long,0.43669,3576.0,0.702721,0.0,43023.0,0177
1759113016466,STBL,B,Open Long,0.43669,469.0,0.092163,0.0,46599.0,0177
1759113016466,STBL,B,Open Long,0.43686,2384.0,0.468663,0.0,47068.0,0177
1759113016466,STBL,B,Open Long,0.437,115.0,0.022614,0.0,49452.0,0177
1759113016466,STBL,B,Open Long,0.437,115.0,0.022614,0.0,49567.0,0177
1759113016466,STBL,B,Open Long,0.437,579.0,0.11386,0.0,49682.0,0177
1759113016466,STBL,B,Open Long,0.43703,469.0,0.092235,0.0,50261.0,0177
1759113016466,STBL,B,Open Long,0.43704,2384.0,0.468856,0.0,50730.0,0177
1759113016466,STBL,B,Open Long,0.43704,3576.0,0.703284,0.0,53114.0,0177
1759113016466,STBL,B,Open Long,0.43723,2297.0,0.451942,0.0,56690.0,0177
1759114923191,STBL,A,Close Long,0.46,7090.0,1.46763,167.47998,58987.0,0178
1759115068293,STBL,A,Close Long,0.46309,275.0,0.057307,7.3458,51897.0,0179
1759115068293,STBL,A,Close Long,0.46296,170.0,0.035416,4.51894,51622.0,0179
1759115068293,STBL,A,Close Long,0.46296,539.0,0.11229,14.327698,51452.0,0179
1759115068293,STBL,A,Close Long,0.4627,340.0,0.070793,8.94948,50913.0,0179
1759115068293,STBL,A,Close Long,0.46269,2264.0,0.471388,59.570368,50573.0,0179
1759115068293,STBL,A,Close Long,0.46266,340.0,0.070786,8.93588,48309.0,0179
1759115068293,STBL,A,Close Long,0.46262,340.0,0.07078,8.92228,47969.0,0179
1759115068293,STBL,A,Close Long,0.4626,839.0,0.174654,22.000258,47629.0,0179
1759115068293,STBL,A,Close Long,0.46257,340.0,0.070773,8.90528,46790.0,0179
1759115068293,STBL,A,Close Long,0.46256,15311.0,3.187015,400.872602,46450.0,0179
1759115594520,STBL,A,Close Long,0.47478,31139.0,6.652878,1195.799878,31139.0,0180
1759250476967,ZORA,B,Open Long,0.04155,216606.0,1.349996,0.0,0.0,0181
1759290975893,ASTER,B,Open Long,1.5155,6598.0,1.49989,0.0,0.0,0182
1759331924879,ZORA,A,Close Long,0.050985,49034.0,1.124999,462.63579,216606.0,0183
1759331924879,ZORA,A,Close Long,0.050944,61434.0,1.408362,577.110996,167572.0,0183
1759331929309,ZORA,A,Close Long,0.050973,13930.0,0.319524,131.26239,106138.0,0184
1759331929309,ZORA,A,Close Long,0.050965,28234.0,0.647525,265.82311,92208.0,0184
1759331929309,ZORA,A,Close Long,0.050965,63974.0,1.467195,602.31521,63974.0,0184
1759392459931,ASTER,A,Close Long,1.7402,309.0,0.241974,69.4323,6598.0,0186
1759392459931,ASTER,A,Close Long,1.7401,707.0,0.553612,158.7922,6289.0,0186
1759392459931,ASTER,A,Close Long,1.7399,413.0,0.32336,92.6772,5582.0,0186
1759392459931,ASTER,A,Close Long,1.7399,1000.0,0.782955,224.4,5169.0,0186
1759392459931,ASTER,A,Close Long,1.7399,4169.0,3.264139,935.5236,4169.0,0186
1759736954973,ASTER,B,Open Long,1.9552,3849.0,3.386504,0.0,0.0,0188
1759736954973,ASTER,B,Open Long,1.9552,9118.0,8.022381,0.0,3849.0,0188
1759737174420,ASTER,A,Close Long,1.9545,810.0,0.712415,-0.567,12967.0,0189
1759737174420,ASTER,A,Close Long,1.954,522.0,0.458994,-0.6264,12157.0,0189
1759737174420,ASTER,A,Close Long,1.9536,760.0,0.668131,-1.216,11635.0,0189
1759737174420,ASTER,A,Close Long,1.9534,522.0,0.458853,-0.9396,10875.0,0189
1759737174420,ASTER,A,Close Long,1.9532,760.0,0.667994,-1.52,10353.0,0189
1759737174420,ASTER,A,Close Long,1.9531,609.0,0.535247,-1.2789,9593.0,0189
1759737174420,ASTER,A,Close Long,1.9527,1533.0,1.34707,-3.8325,8984.0,0189
1759737174420,ASTER,A,Close Long,1.9527,760.0,0.667823,-1.9,7451.0,0189
1759737174420,ASTER,A,Close Long,1.9526,94.0,0.082594,-0.2444,6691.0,0189
1759737178290,ASTER,A,Close Long,1.9559,5141.0,4.524876,3.5987,6597.0,0190
1759737178290,ASTER,A,Close Long,1.9559,10.0,0.008801,0.007,1456.0,0190
1759737178290,ASTER,A,Close Long,1.9558,1200.0,1.056132,0.72,1446.0,0190
1759737178290,ASTER,A,Close Long,1.9557,246.0,0.216495,0.123,246.0,0190
1760129983798,PUMP,B,Open Long,0.00455,3296703.0,2.249999,0.0,0.0,0193
1760129983798,PENGU,B,Open Long,0.0255,159624.0,0.610561,0.0,0.0,0185
1760129983798,PENGU,B,Open Long,0.0255,105698.0,0.404294,0.0,159624.0,0185
1760129983798,PENGU,B,Open Long,0.0255,37998.0,0.145342,0.0,265322.0,0185
1760129983798,PENGU,B,Open Long,0.0255,88836.0,0.339797,0.0,303320.0,0185
1760129989833,HYPE,B,Open Long,40.55,369.91,2.249977,0.0,0.0,0192
1760130811611,SPX,B,Open Long,1.155,7792.2,1.349998,0.0,0.0,0187
1760130852665,LAUNCHCOIN,B,Open Long,0.0755,105960.0,1.199997,0.0,0.0,0191
1760130874723,MNT,B,Open Long,1.525,6557.3,1.499982,0.0,0.0,0176
1760131124652,PENGU,A,Liquidated Isolated Long,0.013976,392156.0,0.0,-4519.205744,392156.0,0194
1760131143101,PUMP,A,Close Long,0.0022,831036.0,0.822725,-1952.9346,3296703.0,0195
1760131153096,PUMP,A,Liquidated Isolated Long,0.002301,2465667.0,0.0,-5545.285083,2465667.0,0196
1760131211902,SPX,A,Liquidated Isolated Long,0.57767,7792.2,0.0,-4498.670826,7792.2,0197
1760131343827,LAUNCHCOIN,A,Liquidated Isolated Long,0.037761,105960.0,0.0,-3998.82444,105960.0,0198
1760132078188,MNT,A,Close Long,1.7262,1000.0,0.77679,201.2,6557.3,0199
1760132078188,MNT,A,Close Long,1.725,3031.0,2.352813,606.2,5557.3,0199
1760132078188,MNT,A,Close Long,1.719,2526.3,1.954219,490.1022,2526.3,0199
1760132160086,HYPE,A,Close Long,39.474,168.11,2.986188,-180.88636,369.91,0200
1760132160086,HYPE,A,Close Long,39.428,9.2,0.163231,-10.3224,201.8,0200
1760132160086,HYPE,A,Close Long,39.412,0.4,0.007094,-0.4552,192.6,0200
1760132160086,HYPE,A,Close Long,39.397,7.5,0.132964,-8.6475,192.2,0200
1760132160086,HYPE,A,Close Long,39.388,0.5,0.008862,-0.581,184.7,0200
1760132160086,HYPE,A,Close Long,39.382,2.53,0.044836,-2.95504,184.2,0200
1760132160086,HYPE,A,Close Long,39.381,1.7,0.030126,-1.9873,181.67,0200
1760132160086,HYPE,A,Close Long,39.371,0.3,0.005315,-0.3537,179.97,0200
1760132160086,HYPE,A,Close Long,39.368,0.5,0.008857,-0.591,179.67,0200
1760132160086,HYPE,A,Close Long,39.368,7.6,0.134638,-8.9832,179.17,0200
1760132160086,HYPE,A,Close Long,39.361,0.5,0.008856,-0.5945,171.57,0200
1760132160086,HYPE,A,Close Long,39.358,0.5,0.008855,-0.596,171.07,0200
1760132160086,HYPE,A,Close Long,39.358,0.5,0.008855,-0.596,170.57,0200
1760132160086,HYPE,A,Close Long,39.358,0.4,0.007084,-0.4768,170.07,0200
1760132160086,HYPE,A,Close Long,39.356,0.4,0.007084,-0.4776,169.67,0200
1760132160086,HYPE,A,Close Long,39.356,0.5,0.008855,-0.597,169.27,0200
1760132160086,HYPE,A,Close Long,39.355,0.27,0.004781,-0.32265,168.77,0200
1760132160086,HYPE,A,Close Long,39.355,0.5,0.008854,-0.5975,168.5,0200
1760132160086,HYPE,A,Close Long,39.354,0.5,0.008854,-0.598,168.0,0200
1760132160086,HYPE,A,Close Long,39.354,0.4,0.007083,-0.4784,167.5,0200
1760132160086,HYPE,A,Close Long,39.353,13.0,0.230215,-15.561,167.1,0200
1760132160086,HYPE,A,Close Long,39.352,0.4,0.007083,-0.4792,154.1,0200
1760132160086,HYPE,A,Close Long,39.352,0.4,0.007083,-0.4792,153.7,0200
1760132160086,HYPE,A,Close Long,39.351,0.5,0.008853,-0.5995,153.3,0200
1760132160086,HYPE,A,Close Long,39.349,0.5,0.008853,-0.6005,152.8,0200
1760132160086,HYPE,A,Close Long,39.347,0.4,0.007082,-0.4812,152.3,0200
1760132160086,HYPE,A,Close Long,39.346,0.4,0.007082,-0.4816,151.9,0200
1760132160086,HYPE,A,Close Long,39.343,0.5,0.008852,-0.6035,151.5,0200
1760132160086,HYPE,A,Close Long,39.343,0.4,0.007081,-0.4828,151.0,0200
1760132160086,HYPE,A,Close Long,39.343,7.7,0.136323,-9.2939,150.6,0200
1760132160086,HYPE,A,Close Long,39.333,0.3,0.005309,-0.3651,142.9,0200
1760132160086,HYPE,A,Close Long,39.33,8.1,0.143357,-9.882,142.6,0200
1760132160086,HYPE,A,Close Long,39.329,0.3,0.005309,-0.3663,134.5,0200
1760132160086,HYPE,A,Close Long,39.328,0.4,0.007079,-0.4888,134.2,0200
1760132160086,HYPE,A,Close Long,39.327,0.4,0.007078,-0.4892,133.8,0200
1760132160086,HYPE,A,Close Long,39.326,0.3,0.005309,-0.3672,133.4,0200
1760132160086,HYPE,A,Close Long,39.325,0.4,0.007078,-0.49,133.1,0200
1760132160086,HYPE,A,Close Long,39.324,0.3,0.005308,-0.3678,132.7,0200
1760132160086,HYPE,A,Close Long,39.323,0.3,0.005308,-0.3681,132.4,0200
1760132160086,HYPE,A,Close Long,39.322,0.4,0.007077,-0.4912,132.1,0200
1760132160086,HYPE,A,Close Long,39.322,0.3,0.005308,-0.3684,131.7,0200
1760132160086,HYPE,A,Close Long,39.321,0.3,0.005308,-0.3687,131.4,0200
1760132160086,HYPE,A,Close Long,39.319,0.4,0.007077,-0.4924,131.1,0200
1760132160086,HYPE,A,Close Long,39.318,0.4,0.007077,-0.4928,130.7,0200
1760132160086,HYPE,A,Close Long,39.317,0.4,0.007077,-0.4932,130.3,0200
1760132160086,HYPE,A,Close Long,39.317,0.3,0.005307,-0.3699,129.9,0200
1760132160086,HYPE,A,Close Long,39.316,0.3,0.005307,-0.3702,129.6,0200
1760132160086,HYPE,A,Close Long,39.316,0.3,0.005307,-0.3702,129.3,0200
1760132160086,HYPE,A,Close Long,39.313,8.0,0.141526,-9.896,129.0,0200
1760132160086,HYPE,A,Close Long,39.31,0.4,0.007075,-0.496,121.0,0200
1760132160086,HYPE,A,Close Long,39.31,0.3,0.005306,-0.372,120.6,0200
1760132160086,HYPE,A,Close Long,39.308,0.4,0.007075,-0.4968,120.3,0200
1760132160086,HYPE,A,Close Long,39.308,0.3,0.005306,-0.3726,119.9,0200
1760132160086,HYPE,A,Close Long,39.308,0.3,0.005306,-0.3726,119.6,0200
1760132160086,HYPE,A,Close Long,39.307,0.4,0.007075,-0.4972,119.3,0200
1760132160086,HYPE,A,Close Long,39.307,0.3,0.005306,-0.3729,118.9,0200
1760132160086,HYPE,A,Close Long,39.304,0.3,0.005306,-0.3738,118.6,0200
1760132160086,HYPE,A,Close Long,39.304,0.3,0.005306,-0.3738,118.3,0200
1760132160086,HYPE,A,Close Long,39.301,0.4,0.007074,-0.4996,118.0,0200
1760132160086,HYPE,A,Close Long,39.298,0.4,0.007073,-0.5008,117.6,0200
1760132160086,HYPE,A,Close Long,39.297,0.4,0.007073,-0.5012,117.2,0200
1760132160086,HYPE,A,Close Long,39.296,0.4,0.007073,-0.5016,116.8,0200
1760132160086,HYPE,A,Close Long,39.296,0.4,0.007073,-0.5016,116.4,0200
1760132160086,HYPE,A,Close Long,39.296,0.4,0.007073,-0.5016,116.0,0200
1760132160086,HYPE,A,Close Long,39.295,0.4,0.007073,-0.502,115.6,0200
1760132160086,HYPE,A,Close Long,39.295,0.4,0.007073,-0.502,115.2,0200
1760132160086,HYPE,A,Close Long,39.295,0.5,0.008841,-0.6275,114.8,0200
1760132160086,HYPE,A,Close Long,39.293,0.5,0.00884,-0.6285,114.3,0200
1760132160086,HYPE,A,Close Long,39.291,0.4,0.007072,-0.5036,113.8,0200
1760132160086,HYPE,A,Close Long,39.291,0.4,0.007072,-0.5036,113.4,0200
1760132160086,HYPE,A,Close Long,39.29,0.3,0.005304,-0.378,113.0,0200
1760132160086,HYPE,A,Close Long,39.289,0.4,0.007072,-0.5044,112.7,0200
1760132160086,HYPE,A,Close Long,39.289,0.4,0.007072,-0.5044,112.3,0200
1760132160086,HYPE,A,Close Long,39.287,0.4,0.007071,-0.5052,111.9,0200
1760132160086,HYPE,A,Close Long,39.286,0.3,0.005303,-0.3792,111.5,0200
1760132160086,HYPE,A,Close Long,39.285,0.4,0.007071,-0.506,111.2,0200
1760132160086,HYPE,A,Close Long,39.284,0.3,0.005303,-0.3798,110.8,0200
1760132160086,HYPE,A,Close Long,39.282,0.3,0.005303,-0.3804,110.5,0200
1760132160086,HYPE,A,Close Long,39.282,0.4,0.00707,-0.5072,110.2,0200
1760132160086,HYPE,A,Close Long,39.281,0.4,0.00707,-0.5076,109.8,0200
1760132160086,HYPE,A,Close Long,39.281,0.4,0.00707,-0.5076,109.4,0200
1760132160086,HYPE,A,Close Long,39.281,0.4,0.00707,-0.5076,109.0,0200
1760132160086,HYPE,A,Close Long,39.28,0.4,0.00707,-0.508,108.6,0200
1760132160086,HYPE,A,Close Long,39.278,0.4,0.00707,-0.5088,108.2,0200
1760132160086,HYPE,A,Close Long,39.278,0.4,0.00707,-0.5088,107.8,0200
1760132160086,HYPE,A,Close Long,39.276,0.4,0.007069,-0.5096,107.4,0200
1760132160086,HYPE,A,Close Long,39.276,0.4,0.007069,-0.5096,107.0,0200
1760132160086,HYPE,A,Close Long,39.275,0.3,0.005302,-0.3825,106.6,0200
1760132160086,HYPE,A,Close Long,39.275,0.3,0.005302,-0.3825,106.3,0200
1760132160086,HYPE,A,Close Long,39.274,0.4,0.007069,-0.5104,106.0,0200
1760132160086,HYPE,A,Close Long,39.274,0.3,0.005301,-0.3828,105.6,0200
1760132160086,HYPE,A,Close Long,39.273,0.4,0.007069,-0.5108,105.3,0200
1760132160086,HYPE,A,Close Long,39.273,0.4,0.007069,-0.5108,104.9,0200
1760132160086,HYPE,A,Close Long,39.273,0.4,0.007069,-0.5108,104.5,0200
1760132160086,HYPE,A,Close Long,39.272,0.3,0.005301,-0.3834,104.1,0200
1760132160086,HYPE,A,Close Long,39.272,0.4,0.007068,-0.5112,103.8,0200
1760132160086,HYPE,A,Close Long,39.272,0.4,0.007068,-0.5112,103.4,0200
1760132160086,HYPE,A,Close Long,39.272,0.4,0.007068,-0.5112,103.0,0200
1760132160086,HYPE,A,Close Long,39.271,0.4,0.007068,-0.5116,102.6,0200
1760132160086,HYPE,A,Close Long,39.271,0.4,0.007068,-0.5116,102.2,0200
1760132160086,HYPE,A,Close Long,39.27,0.4,0.007068,-0.512,101.8,0200
1760132160086,HYPE,A,Close Long,39.269,0.4,0.007068,-0.5124,101.4,0200
1760132160086,HYPE,A,Close Long,39.268,0.4,0.007068,-0.5128,101.0,0200
1760132160086,HYPE,A,Close Long,39.268,0.4,0.007068,-0.5128,100.6,0200
1760132160086,HYPE,A,Close Long,39.267,0.4,0.007068,-0.5132,100.2,0200
1760132160086,HYPE,A,Close Long,39.267,0.4,0.007068,-0.5132,99.8,0200
1760132160086,HYPE,A,Close Long,39.266,0.4,0.007067,-0.5136,99.4,0200
1760132160086,HYPE,A,Close Long,39.266,0.4,0.007067,-0.5136,99.0,0200
1760132160086,HYPE,A,Close Long,39.265,0.4,0.007067,-0.514,98.6,0200
1760132160086,HYPE,A,Close Long,39.265,0.4,0.007067,-0.514,98.2,0200
1760132160086,HYPE,A,Close Long,39.265,0.4,0.007067,-0.514,97.8,0200
1760132160086,HYPE,A,Close Long,39.265,0.4,0.007067,-0.514,97.4,0200
1760132160086,HYPE,A,Close Long,39.262,0.5,0.008833,-0.644,97.0,0200
1760132160086,HYPE,A,Close Long,39.262,0.4,0.007067,-0.5152,96.5,0200
1760132160086,HYPE,A,Close Long,39.261,0.3,0.0053,-0.3867,96.1,0200
1760132160086,HYPE,A,Close Long,39.261,0.4,0.007066,-0.5156,95.8,0200
1760132160086,HYPE,A,Close Long,39.26,0.3,0.0053,-0.387,95.4,0200
1760132160086,HYPE,A,Close Long,39.259,0.4,0.007066,-0.5164,95.1,0200
1760132160086,HYPE,A,Close Long,39.259,0.4,0.007066,-0.5164,94.7,0200
1760132160086,HYPE,A,Close Long,39.257,0.3,0.005299,-0.3879,94.3,0200
1760132160086,HYPE,A,Close Long,39.257,0.4,0.007066,-0.5172,94.0,0200
1760132160086,HYPE,A,Close Long,39.257,0.3,0.005299,-0.3879,93.6,0200
1760132160086,HYPE,A,Close Long,39.256,0.3,0.005299,-0.3882,93.3,0200
1760132160086,HYPE,A,Close Long,39.256,0.3,0.005299,-0.3882,93.0,0200
1760132160086,HYPE,A,Close Long,39.256,0.3,0.005299,-0.3882,92.7,0200
1760132160086,HYPE,A,Close Long,39.256,0.4,0.007066,-0.5176,92.4,0200
1760132160086,HYPE,A,Close Long,39.256,0.3,0.005299,-0.3882,92.0,0200
1760132160086,HYPE,A,Close Long,39.256,0.3,0.005299,-0.3882,91.7,0200
1760132160086,HYPE,A,Close Long,39.256,0.4,0.007066,-0.5176,91.4,0200
1760132160086,HYPE,A,Close Long,39.255,0.3,0.005299,-0.3885,91.0,0200
1760132160086,HYPE,A,Close Long,39.254,0.3,0.005299,-0.3888,90.7,0200
1760132160086,HYPE,A,Close Long,39.253,0.3,0.005299,-0.3891,90.4,0200
1760132160086,HYPE,A,Close Long,39.25,0.3,0.005298,-0.39,90.1,0200
1760132160086,HYPE,A,Close Long,39.249,0.3,0.005298,-0.3903,89.8,0200
1760132160086,HYPE,A,Close Long,39.247,0.3,0.005298,-0.3909,89.5,0200
1760132160086,HYPE,A,Close Long,39.244,0.5,0.008829,-0.653,89.2,0200
1760132160086,HYPE,A,Close Long,39.243,0.2,0.003531,-0.2614,88.7,0200
1760132160086,HYPE,A,Close Long,39.243,0.3,0.005297,-0.3921,88.5,0200
1760132160086,HYPE,A,Close Long,39.243,0.3,0.005297,-0.3921,88.2,0200
1760132160086,HYPE,A,Close Long,39.242,0.3,0.005297,-0.3924,87.9,0200
1760132160086,HYPE,A,Close Long,39.242,0.3,0.005297,-0.3924,87.6,0200
1760132160086,HYPE,A,Close Long,39.24,0.3,0.005297,-0.393,87.3,0200
1760132160086,HYPE,A,Close Long,39.239,0.3,0.005297,-0.3933,87.0,0200
1760132160086,HYPE,A,Close Long,39.235,0.3,0.005296,-0.3945,86.7,0200
1760132160086,HYPE,A,Close Long,39.234,0.3,0.005296,-0.3948,86.4,0200
1760132160086,HYPE,A,Close Long,39.233,0.3,0.005296,-0.3951,86.1,0200
1760132160086,HYPE,A,Close Long,39.233,0.3,0.005296,-0.3951,85.8,0200
1760132160086,HYPE,A,Close Long,39.232,0.3,0.005296,-0.3954,85.5,0200
1760132160086,HYPE,A,Close Long,39.232,0.3,0.005296,-0.3954,85.2,0200
1760132160086,HYPE,A,Close Long,39.231,0.4,0.007061,-0.5276,84.9,0200
1760132160086,HYPE,A,Close Long,39.231,0.3,0.005296,-0.3957,84.5,0200
1760132160086,HYPE,A,Close Long,39.23,0.3,0.005296,-0.396,84.2,0200
1760132160086,HYPE,A,Close Long,39.23,0.3,0.005296,-0.396,83.9,0200
1760132160086,HYPE,A,Close Long,39.228,0.3,0.005295,-0.3966,83.6,0200
1760132160086,HYPE,A,Close Long,39.226,0.3,0.005295,-0.3972,83.3,0200
1760132160086,HYPE,A,Close Long,39.225,1.6,0.028242,-2.12,83.0,0200
1760132160086,HYPE,A,Close Long,39.225,1.4,0.024711,-1.855,81.4,0200
1760132160086,HYPE,A,Close Long,39.224,0.28,0.004942,-0.37128,80.0,0200
1760132160086,HYPE,A,Close Long,39.224,1.5,0.026476,-1.989,79.72,0200
1760132160086,HYPE,A,Close Long,39.223,1.6,0.02824,-2.1232,78.22,0200
1760132160086,HYPE,A,Close Long,39.223,1.8,0.03177,-2.3886,76.62,0200
1760132160086,HYPE,A,Close Long,39.222,1.3,0.022944,-1.7264,74.82,0200
1760132160086,HYPE,A,Close Long,39.222,1.5,0.026474,-1.992,73.52,0200
1760132160086,HYPE,A,Close Long,39.22,1.7,0.030003,-2.261,72.02,0200
1760132160086,HYPE,A,Close Long,39.22,1.5,0.026473,-1.995,70.32,0200
1760132160086,HYPE,A,Close Long,39.219,0.5,0.008824,-0.6655,68.82,0200
1760132160086,HYPE,A,Close Long,39.218,0.5,0.008824,-0.666,68.32,0200
1760132160086,HYPE,A,Close Long,39.218,0.4,0.007059,-0.5328,67.82,0200
1760132160086,HYPE,A,Close Long,39.218,0.4,0.007059,-0.5328,67.42,0200
1760132160086,HYPE,A,Close Long,39.217,0.4,0.007059,-0.5332,67.02,0200
1760132160086,HYPE,A,Close Long,39.216,0.4,0.007058,-0.5336,66.62,0200
1760132160086,HYPE,A,Close Long,39.214,0.4,0.007058,-0.5344,66.22,0200
1760132160086,HYPE,A,Close Long,39.213,0.4,0.007058,-0.5348,65.82,0200
1760132160086,HYPE,A,Close Long,39.211,0.5,0.008822,-0.6695,65.42,0200
1760132160086,HYPE,A,Close Long,39.211,0.4,0.007057,-0.5356,64.92,0200
1760132160086,HYPE,A,Close Long,39.211,0.4,0.007057,-0.5356,64.52,0200
1760132160086,HYPE,A,Close Long,39.21,0.5,0.008822,-0.67,64.12,0200
1760132160086,HYPE,A,Close Long,39.209,0.4,0.007057,-0.5364,63.62,0200
1760132160086,HYPE,A,Close Long,39.209,0.3,0.005293,-0.4023,63.22,0200
1760132160086,HYPE,A,Close Long,39.208,0.4,0.007057,-0.5368,62.92,0200
1760132160086,HYPE,A,Close Long,39.208,0.4,0.007057,-0.5368,62.52,0200
1760132160086,HYPE,A,Close Long,39.207,0.4,0.007057,-0.5372,62.12,0200
1760132160086,HYPE,A,Close Long,39.207,0.4,0.007057,-0.5372,61.72,0200
1760132160086,HYPE,A,Close Long,39.206,0.4,0.007057,-0.5376,61.32,0200
1760132160086,HYPE,A,Close Long,39.204,0.5,0.00882,-0.673,60.92,0200
1760132160086,HYPE,A,Close Long,39.204,0.5,0.00882,-0.673,60.42,0200
1760132160086,HYPE,A,Close Long,39.202,0.5,0.00882,-0.674,59.92,0200
1760132160086,HYPE,A,Close Long,39.202,0.5,0.00882,-0.674,59.42,0200
1760132160086,HYPE,A,Close Long,39.202,0.5,0.00882,-0.674,58.92,0200
1760132160086,HYPE,A,Close Long,39.201,0.5,0.00882,-0.6745,58.42,0200
1760132160086,HYPE,A,Close Long,39.201,0.3,0.005292,-0.4047,57.92,0200
1760132160086,HYPE,A,Close Long,39.201,0.3,0.005292,-0.4047,57.62,0200
1760132160086,HYPE,A,Close Long,39.2,0.5,0.00882,-0.675,57.32,0200
1760132160086,HYPE,A,Close Long,39.199,0.5,0.008819,-0.6755,56.82,0200
1760132160086,HYPE,A,Close Long,39.199,0.5,0.008819,-0.6755,56.32,0200
1760132160086,HYPE,A,Close Long,39.198,0.4,0.007055,-0.5408,55.82,0200
1760132160086,HYPE,A,Close Long,39.198,0.5,0.008819,-0.676,55.42,0200
1760132160086,HYPE,A,Close Long,39.196,0.4,0.007055,-0.5416,54.92,0200
1760132160086,HYPE,A,Close Long,39.196,0.5,0.008819,-0.677,54.52,0200
1760132160086,HYPE,A,Close Long,39.196,0.4,0.007055,-0.5416,54.02,0200
1760132160086,HYPE,A,Close Long,39.195,0.4,0.007055,-0.542,53.62,0200
1760132160086,HYPE,A,Close Long,39.195,0.4,0.007055,-0.542,53.22,0200
1760132160086,HYPE,A,Close Long,39.195,0.4,0.007055,-0.542,52.82,0200
1760132160086,HYPE,A,Close Long,39.194,0.5,0.008818,-0.678,52.42,0200
1760132160086,HYPE,A,Close Long,39.193,0.4,0.007054,-0.5428,51.92,0200
1760132160086,HYPE,A,Close Long,39.193,0.5,0.008818,-0.6785,51.52,0200
1760132160086,HYPE,A,Close Long,39.192,0.5,0.008818,-0.679,51.02,0200
1760132160086,HYPE,A,Close Long,39.192,0.4,0.007054,-0.5432,50.52,0200
1760132160086,HYPE,A,Close Long,39.191,0.5,0.008817,-0.6795,50.12,0200
1760132160086,HYPE,A,Close Long,39.191,0.4,0.007054,-0.5436,49.62,0200
1760132160086,HYPE,A,Close Long,39.191,0.5,0.008817,-0.6795,49.22,0200
1760132160086,HYPE,A,Close Long,39.191,0.4,0.007054,-0.5436,48.72,0200
1760132160086,HYPE,A,Close Long,39.19,0.4,0.007054,-0.544,48.32,0200
1760132160086,HYPE,A,Close Long,39.19,0.5,0.008817,-0.68,47.92,0200
1760132160086,HYPE,A,Close Long,39.19,0.4,0.007054,-0.544,47.42,0200
1760132160086,HYPE,A,Close Long,39.189,0.3,0.00529,-0.4083,47.02,0200
1760132160086,HYPE,A,Close Long,39.189,0.4,0.007054,-0.5444,46.72,0200
1760132160086,HYPE,A,Close Long,39.189,0.5,0.008817,-0.6805,46.32,0200
1760132160086,HYPE,A,Close Long,39.188,0.4,0.007053,-0.5448,45.82,0200
1760132160086,HYPE,A,Close Long,39.187,0.5,0.008817,-0.6815,45.42,0200
1760132160086,HYPE,A,Close Long,39.187,0.5,0.008817,-0.6815,44.92,0200
1760132160086,HYPE,A,Close Long,39.187,0.5,0.008817,-0.6815,44.42,0200
1760132160086,HYPE,A,Close Long,39.186,0.4,0.007053,-0.5456,43.92,0200
1760132160086,HYPE,A,Close Long,39.186,0.4,0.007053,-0.5456,43.52,0200
1760132160086,HYPE,A,Close Long,39.186,0.5,0.008816,-0.682,43.12,0200
1760132160086,HYPE,A,Close Long,39.186,0.4,0.007053,-0.5456,42.62,0200
1760132160086,HYPE,A,Close Long,39.186,0.4,0.007053,-0.5456,42.22,0200
1760132160086,HYPE,A,Close Long,39.184,0.5,0.008816,-0.683,41.82,0200
1760132160086,HYPE,A,Close Long,39.184,0.5,0.008816,-0.683,41.32,0200
1760132160086,HYPE,A,Close Long,39.184,0.5,0.008816,-0.683,40.82,0200
1760132160086,HYPE,A,Close Long,39.181,0.3,0.005289,-0.4107,40.32,0200
1760132160086,HYPE,A,Close Long,39.179,0.3,0.005289,-0.4113,40.02,0200
1760132160086,HYPE,A,Close Long,39.178,0.3,0.005289,-0.4116,39.72,0200
1760132160086,HYPE,A,Close Long,39.177,0.4,0.007051,-0.5492,39.42,0200
1760132160086,HYPE,A,Close Long,39.175,0.4,0.007051,-0.55,39.02,0200
1760132160086,HYPE,A,Close Long,39.175,0.28,0.004936,-0.385,38.62,0200
1760132160086,HYPE,A,Close Long,39.175,0.3,0.005288,-0.4125,38.34,0200
1760132160086,HYPE,A,Close Long,39.174,0.3,0.005288,-0.4128,38.04,0200
1760132160086,HYPE,A,Close Long,39.174,0.3,0.005288,-0.4128,37.74,0200
1760132160086,HYPE,A,Close Long,39.173,0.4,0.007051,-0.5508,37.44,0200
1760132160086,HYPE,A,Close Long,39.173,0.3,0.005288,-0.4131,37.04,0200
1760132160086,HYPE,A,Close Long,39.173,0.3,0.005288,-0.4131,36.74,0200
1760132160086,HYPE,A,Close Long,39.172,0.3,0.005288,-0.4134,36.44,0200
1760132160086,HYPE,A,Close Long,39.171,0.3,0.005288,-0.4137,36.14,0200
1760132160086,HYPE,A,Close Long,39.167,0.3,0.005287,-0.4149,35.84,0200
1760132160086,HYPE,A,Close Long,39.166,0.3,0.005287,-0.4152,35.54,0200
1760132160086,HYPE,A,Close Long,39.163,0.3,0.005287,-0.4161,35.24,0200
1760132160086,HYPE,A,Close Long,39.163,0.3,0.005287,-0.4161,34.94,0200
1760132160086,HYPE,A,Close Long,39.163,0.3,0.005287,-0.4161,34.64,0200
1760132160086,HYPE,A,Close Long,39.161,0.4,0.007048,-0.5556,34.34,0200
1760132160086,HYPE,A,Close Long,39.161,0.3,0.005286,-0.4167,33.94,0200
1760132160086,HYPE,A,Close Long,39.16,0.3,0.005286,-0.417,33.64,0200
1760132160086,HYPE,A,Close Long,39.158,0.4,0.007048,-0.5568,33.34,0200
1760132160086,HYPE,A,Close Long,39.158,0.4,0.007048,-0.5568,32.94,0200
1760132160086,HYPE,A,Close Long,39.158,0.3,0.005286,-0.4176,32.54,0200
1760132160086,HYPE,A,Close Long,39.157,0.4,0.007048,-0.5572,32.24,0200
1760132160086,HYPE,A,Close Long,39.157,0.4,0.007048,-0.5572,31.84,0200
1760132160086,HYPE,A,Close Long,39.157,0.3,0.005286,-0.4179,31.44,0200
1760132160086,HYPE,A,Close Long,39.156,0.3,0.005286,-0.4182,31.14,0200
1760132160086,HYPE,A,Close Long,39.156,0.4,0.007048,-0.5576,30.84,0200
1760132160086,HYPE,A,Close Long,39.153,0.3,0.005285,-0.4191,30.44,0200
1760132160086,HYPE,A,Close Long,39.153,0.3,0.005285,-0.4191,30.14,0200
1760132160086,HYPE,A,Close Long,39.153,0.4,0.007047,-0.5588,29.84,0200
1760132160086,HYPE,A,Close Long,39.149,0.3,0.005285,-0.4203,29.44,0200
1760132160086,HYPE,A,Close Long,39.149,0.3,0.005285,-0.4203,29.14,0200
1760132160086,HYPE,A,Close Long,39.149,0.4,0.007046,-0.5604,28.84,0200
1760132160086,HYPE,A,Close Long,39.148,0.3,0.005284,-0.4206,28.44,0200
1760132160086,HYPE,A,Close Long,39.148,0.3,0.005284,-0.4206,28.14,0200
1760132160086,HYPE,A,Close Long,39.148,0.4,0.007046,-0.5608,27.84,0200
1760132160086,HYPE,A,Close Long,39.147,0.4,0.007046,-0.5612,27.44,0200
1760132160086,HYPE,A,Close Long,39.147,0.4,0.007046,-0.5612,27.04,0200
1760132160086,HYPE,A,Close Long,39.146,0.4,0.007046,-0.5616,26.64,0200
1760132160086,HYPE,A,Close Long,39.144,0.4,0.007045,-0.5624,26.24,0200
1760132160086,HYPE,A,Close Long,39.144,0.3,0.005284,-0.4218,25.84,0200
1760132160086,HYPE,A,Close Long,39.144,0.3,0.005284,-0.4218,25.54,0200
1760132160086,HYPE,A,Close Long,39.144,0.4,0.007045,-0.5624,25.24,0200
1760132160086,HYPE,A,Close Long,39.142,0.4,0.007045,-0.5632,24.84,0200
1760132160086,HYPE,A,Close Long,39.142,0.4,0.007045,-0.5632,24.44,0200
1760132160086,HYPE,A,Close Long,39.142,0.4,0.007045,-0.5632,24.04,0200
1760132160086,HYPE,A,Close Long,39.14,0.4,0.007045,-0.564,23.64,0200
1760132160086,HYPE,A,Close Long,39.139,0.4,0.007045,-0.5644,23.24,0200
1760132160086,HYPE,A,Close Long,39.137,0.4,0.007044,-0.5652,22.84,0200
1760132160086,HYPE,A,Close Long,39.137,0.5,0.008805,-0.7065,22.44,0200
1760132160086,HYPE,A,Close Long,39.137,0.4,0.007044,-0.5652,21.94,0200
1760132160086,HYPE,A,Close Long,39.136,21.54,0.379345,-30.45756,21.54,0200
1760133214755,SPX,B,Open Long,1.1557,673.9,0.350471,0.0,0.0,0201
1760133214755,SPX,B,Open Long,1.1568,673.9,0.350805,0.0,673.9,0201
1760133214755,SPX,B,Open Long,1.1571,1551.8,0.808014,0.0,1347.8,0201
1760133214755,SPX,B,Open Long,1.1586,673.9,0.351351,0.0,2899.6,0201
1760133214755,SPX,B,Open Long,1.1656,1679.5,0.880931,0.0,3573.5,0201
1760133214755,SPX,B,Open Long,1.173,1333.7,0.703993,0.0,5253.0,0201
1760133214755,SPX,B,Open Long,1.1813,46.3,0.024612,0.0,6586.7,0201
1760133214755,SPX,B,Open Long,1.1842,45.8,0.024406,0.0,6633.0,0201
1760133214755,SPX,B,Open Long,1.1842,47.0,0.025045,0.0,6678.8,0201
1760133214755,SPX,B,Open Long,1.1895,592.3,0.317043,0.0,6725.8,0201
1760133214755,SPX,B,Open Long,1.1896,537.9,0.287948,0.0,7318.1,0201
1760133214755,SPX,B,Open Long,1.1918,44.9,0.02408,0.0,7856.0,0201
1760133214755,SPX,B,Open Long,1.1973,582.4,0.313788,0.0,7900.9,0201
1760133214755,SPX,B,Open Long,1.1987,621.7,0.335354,0.0,8483.3,0201
1760133214755,SPX,B,Open Long,1.2034,535.3,0.289881,0.0,9105.0,0201
1760133214755,SPX,B,Open Long,1.207,614.8,0.333928,0.0,9640.3,0201
1760133214755,SPX,B,Open Long,1.21,609.7,0.331981,0.0,10255.1,0201
1760133256949,SPX,A,Close Long,1.0983,199.7,0.098698,-15.678447,10864.8,0202
1760133256949,SPX,A,Close Long,1.0964,1321.3,0.651902,-106.245733,10665.1,0202
1760133262412,SPX,A,Close Long,1.1047,452.0,0.224695,-32.59372,9343.8,0203
1760133262412,SPX,A,Close Long,1.1043,1960.3,0.974141,-142.141353,8891.8,0203
1760133262412,SPX,A,Close Long,1.1042,491.8,0.24437,-35.709598,6931.5,0203
1760133262412,SPX,A,Close Long,1.1028,179.3,0.088979,-13.269993,6439.7,0203
1760133268158,SPX,A,Close Long,1.1069,110.3,0.05494,-7.711073,6260.4,0204
1760133268158,SPX,A,Close Long,1.1047,673.9,0.335005,-48.594929,6150.1,0204
1760133268158,SPX,A,Close Long,1.1026,1093.9,0.54276,-81.178319,5476.2,0204
1760133418475,SPX,A,Close Long,1.1471,87.1,0.04496,-2.587741,4382.3,0205
1760133418475,SPX,A,Close Long,1.147,217.9,0.112469,-6.495599,4295.2,0205
1760133418475,SPX,A,Close Long,1.1469,435.9,0.22497,-13.037769,4077.3,0205
1760133418475,SPX,A,Close Long,1.1468,653.9,0.337451,-19.623539,3641.4,0205
1760133418475,SPX,A,Close Long,1.144,673.9,0.346923,-22.110659,2987.5,0205
1760133418475,SPX,A,Close Long,1.1424,31.0,0.015936,-1.06671,2313.6,0205
1760133418475,SPX,A,Close Long,1.142,2282.6,1.173028,-79.457306,2282.6,0205
1760655361903,HYPE,B,Open Long,36.35,412.65,2.249974,0.0,0.0,0207
1760684171731,HYPE,B,Open Long,35.53,28.14,0.449916,0.0,412.65,0208
1760684171731,HYPE,B,Open Long,35.54,0.79,0.012634,0.0,440.79,0208
1760684171731,HYPE,B,Open Long,35.54,14.06,0.224861,0.0,441.58,0208
1760684171731,HYPE,B,Open Long,35.543,1.33,0.021272,0.0,455.64,0208
1760684171731,HYPE,B,Open Long,35.548,0.84,0.013437,0.0,456.97,0208
1760684171731,HYPE,B,Open Long,35.551,25.42,0.406667,0.0,457.81,0208
1760684171731,HYPE,B,Open Long,35.554,0.56,0.008959,0.0,483.23,0208
1760684171731,HYPE,B,Open Long,35.555,68.47,1.095502,0.0,483.79,0208
1760687896743,MNT,B,Open Long,1.5255,8309.9,1.901512,0.0,0.0,0206
1760689692957,MNT,A,Close Long,1.5256,800.0,0.549216,0.08,8309.9,0210
1760689692957,MNT,A,Close Long,1.5254,28.6,0.019631,-0.00286,7509.9,0210
1760689692957,MNT,A,Close Long,1.5253,28.0,0.019218,-0.0056,7481.3,0210
1760689692957,MNT,A,Close Long,1.5253,28.6,0.01963,-0.00572,7453.3,0210
1760689692957,MNT,A,Close Long,1.5252,10.9,0.007481,-0.00327,7424.7,0210
1760689692957,MNT,A,Close Long,1.5251,10.9,0.00748,-0.00436,7413.8,0210
1760689692957,MNT,A,Close Long,1.5241,1953.3,1.339661,-2.73462,7402.9,0210
1760689692957,MNT,A,Close Long,1.5241,636.4,0.436471,-0.89096,5449.6,0210
1760689692957,MNT,A,Close Long,1.5241,243.0,0.16666,-0.3402,4813.2,0210
1760689692957,MNT,A,Close Long,1.5241,243.1,0.166728,-0.34034,4570.2,0210
1760689692957,MNT,A,Close Long,1.5239,3835.1,2.629939,-6.13616,4327.1,0210
1760689692957,MNT,A,Close Long,1.5239,492.0,0.337391,-0.7872,492.0,0210
1760709807389,HYPE,A,Close Long,35.585,56.21,0.900104,-31.595641,552.26,0211
1760709807389,HYPE,A,Close Long,35.585,23.2,0.371507,-13.04072,496.05,0211
1760709807389,HYPE,A,Close Long,35.584,42.08,0.673818,-23.695248,472.85,0211
1760716821614,HYPE,A,Close Long,35.557,130.0,2.080084,-76.713,430.77,0213
1760716821614,HYPE,A,Close Long,35.55,16.46,0.263318,-9.828266,300.77,0213
1760775700111,HYPE,A,Close Long,36.204,74.84,1.219278,4.258396,284.31,0209
1760775700111,HYPE,A,Close Long,36.202,168.52,2.745342,9.251748,209.47,0209
1760775700111,HYPE,A,Close Long,36.202,40.95,0.667112,2.248155,40.95,0209
1761226489850,MET,B,Open Long,0.62469,1232.0,0.346328,0.0,0.0,0214
1761226489850,MET,B,Open Long,0.62527,1625.0,0.457228,0.0,1232.0,0214
1761226489850,MET,B,Open Long,0.62575,704.0,0.198237,0.0,2857.0,0214
1761226504719,MET,B,Open Long,0.63399,1000.0,0.285295,0.0,3561.0,0215
1761226504719,MET,B,Open Long,0.6345,274.0,0.078233,0.0,4561.0,0215
1761226504719,MET,B,Open Long,0.63533,2348.0,0.671289,0.0,4835.0,0215
1761226504719,MET,B,Open Long,0.63592,2348.0,0.671913,0.0,7183.0,0215
1761226504719,MET,B,Open Long,0.63651,500.0,0.143214,0.0,9531.0,0215
1761226504719,MET,B,Open Long,0.63667,664.0,0.190236,0.0,10031.0,0215
1761237814722,MET,B,Open Long,0.5137,716.0,0.165514,0.0,10695.0,0216
1761237814722,MET,B,Open Long,0.51372,486.0,0.11235,0.0,11411.0,0216
1761237814722,MET,B,Open Long,0.51376,1101.0,0.254542,0.0,11897.0,0216
1761237814722,MET,B,Open Long,0.51397,2509.0,0.580297,0.0,12998.0,0216
1761240941599,MET,A,Close Long,0.5721,434.0,0.111731,-10.105256,15507.0,0217
1761240941599,MET,A,Close Long,0.572,72.0,0.018532,-1.683648,15073.0,0217
1761240941599,MET,A,Close Long,0.57157,1677.0,0.431335,-39.936078,15001.0,0217
1761240941599,MET,A,Close Long,0.57153,800.0,0.20575,-19.0832,13324.0,0217
1761240941599,MET,A,Close Long,0.57151,1358.0,0.349249,-32.420892,12524.0,0217
1761270725759,MET,A,Close Long,0.58552,11166.0,2.942062,-110.141424,11166.0,0218
1761737001251,BTC,B,Open Long,113132.0,0.00044,0.0224,0.0,0.0,0219
1761737037469,BTC,B,Open Long,113141.0,0.00441,0.224528,0.0,0.00044,0220
1761737049759,BTC,B,Open Long,113141.0,0.0022,0.112009,0.0,0.00485,0221
1761737055792,BTC,A,Close Long,113130.0,0.00705,0.358904,-0.07332,0.00705,0222
1761737080289,BTC,A,Open Short,113158.0,0.00662,0.337097,0.0,0.0,0223
1761737080289,BTC,A,Open Short,113158.0,0.00044,0.022405,0.0,-0.00662,0223
1761751774339,BTC,B,Close Short,111982.0,0.00706,0.355766,8.30256,-0.00706,0224
1762183688974,FARTCOIN,B,Open Long,0.2655,24482.1,0.974999,0.0,0.0,0212
1762202406107,FARTCOIN,A,Close Long,0.26644,1390.1,0.16667,1.306694,24482.1,0227
1762202406107,FARTCOIN,A,Close Long,0.26644,1390.1,0.16667,1.306694,23092.0,0227
1762202406107,FARTCOIN,A,Close Long,0.26644,2603.6,0.312166,2.447384,21701.9,0227
1762202410260,FARTCOIN,A,Close Long,0.26626,696.0,0.083392,0.52896,19098.3,0228
1762202410260,FARTCOIN,A,Close Long,0.26626,3055.9,0.366148,2.322484,18402.3,0228
1762202410260,FARTCOIN,A,Close Long,0.26626,1977.5,0.236938,1.5029,15346.4,0228
1762202414116,FARTCOIN,A,Close Long,0.26599,3876.9,0.464047,1.899681,13368.9,0229
1762202418183,FARTCOIN,A,Close Long,0.26637,4651.0,0.557499,4.04637,9492.0,0230
1762202433424,FARTCOIN,A,Close Long,0.26648,2614.1,0.313472,2.561818,4841.0,0231
1762202436654,FARTCOIN,A,Close Long,0.2666,2226.9,0.267161,2.44959,2226.9,0232
1762244545391,ASTER,B,Open Long,0.86273,265.0,0.10288,0.0,0.0,0233
1762244545391,ASTER,B,Open Long,0.86321,5106.0,1.983397,0.0,265.0,0233
1762244545391,ASTER,B,Open Long,0.86372,2856.0,1.110052,0.0,5371.0,0233
1762244545391,ASTER,B,Open Long,0.86372,360.0,0.139922,0.0,8227.0,0233
1762244545391,ASTER,B,Open Long,0.86381,680.0,0.264325,0.0,8587.0,0233
1762275966053,BTC,B,Open Long,101722.0,0.60392,27.644377,0.0,0.0,0234
1762275966053,BTC,B,Open Long,101722.0,0.00011,0.005035,0.0,0.60392,0234
1762275966053,BTC,B,Open Long,101724.0,0.00029,0.013274,0.0,0.60403,0234
1762275966053,BTC,B,Open Long,101724.0,0.00011,0.005035,0.0,0.60432,0234
1762275966053,BTC,B,Open Long,101725.0,0.00011,0.005035,0.0,0.60443,0234
1762275966053,BTC,B,Open Long,101727.0,0.00011,0.005035,0.0,0.60454,0234
1762275966053,BTC,B,Open Long,101728.0,0.13266,6.072856,0.0,0.60465,0234
1762287459766,ETH,B,Open Long,3155.0,1.5847,0.749959,0.0,0.0,0226
1762287512406,HYPE,B,Open Long,35.655,701.16,3.749978,0.0,0.0,0225
1762294649113,ASTER,A,Close Long,0.97493,487.0,0.213655,54.306831,9267.0,0236
1762294649113,ASTER,A,Close Long,0.97467,536.0,0.23509,59.631608,8780.0,0236
1762294649113,ASTER,A,Close Long,0.97442,1155.0,0.506454,128.208465,8244.0,0236
1762294649113,ASTER,A,Close Long,0.97441,1024.0,0.449008,113.656832,7089.0,0236
1762294649113,ASTER,A,Close Long,0.97416,1030.0,0.451523,114.06529,6065.0,0236
1762294649113,ASTER,A,Close Long,0.97408,1017.0,0.445787,112.544271,5035.0,0236
1762294649113,ASTER,A,Close Long,0.97375,2567.0,1.124827,283.224811,4018.0,0236
1762294649113,ASTER,A,Close Long,0.97358,1451.0,0.635699,159.846513,1451.0,0236
1762295695555,BTC,A,Close Long,101574.0,0.3539,16.176167,-52.7311,0.73731,0237
1762295770660,BTC,A,Close Long,101799.0,0.14792,6.776148,11.24192,0.38341,0235
1762295770660,BTC,A,Close Long,101799.0,0.22993,10.532989,17.47468,0.23549,0235
1762295770660,BTC,A,Close Long,101799.0,0.00556,0.254701,0.42256,0.00556,0235
1762299406921,HYPE,A,Close Long,38.974,56.09,0.983723,186.16271,701.16,0239
1762299428152,HYPE,A,Close Long,38.968,51.63,0.905363,171.05019,645.07,0240
1762308572708,HYPE,A,Close Long,39.35,3.23,0.057195,11.93485,593.44,0238
1762308572708,HYPE,A,Close Long,39.346,163.98,2.90338,605.25018,590.21,0238
1762308572708,HYPE,A,Close Long,39.343,0.58,0.010268,2.13904,426.23,0238
1762308572708,HYPE,A,Close Long,39.343,203.33,3.599825,749.88104,425.65,0238
1762308572708,HYPE,A,Close Long,39.342,66.15,1.171112,243.901665,222.32,0238
1762308572708,HYPE,A,Close Long,39.341,2.54,0.044966,9.362694,156.17,0238
1762308572708,HYPE,A,Close Long,39.338,153.63,2.719573,565.834653,153.63,0238
1762357278226,ETH,A,Close Long,3387.2,1.5847,2.415463,367.96734,1.5847,0241
1763068618995,BTC,B,Open Long,98500.0,0.01068,0.157797,0.0,0.0,0243
1763068618995,BTC,B,Open Long,98500.0,0.0204,0.30141,0.0,0.01068,0243
1763068618995,BTC,B,Open Long,98500.0,0.0204,0.30141,0.0,0.03108,0243
1763068619053,BTC,B,Open Long,98500.0,0.0204,0.30141,0.0,0.05148,0243
1763068619053,BTC,B,Open Long,98500.0,0.0204,0.30141,0.0,0.07188,0243
1763068619981,BTC,B,Open Long,98500.0,0.61837,9.136416,0.0,0.09228,0243
1763069735576,BTC,A,Close Long,98520.0,0.30351,13.455812,6.0702,0.71065,0244
1763069735576,BTC,A,Close Long,98520.0,0.05181,2.296944,1.0362,0.40714,0244
1763094723554,BTC,A,Close Long,98500.0,0.35533,15.750002,0.0,0.35533,0245
1763411584546,BTC,B,Open Long,91650.0,0.70921,9.749864,0.0,0.0,0246
1763415516943,BTC,A,Close Long,91698.0,0.0365,1.506139,1.752,0.70921,0247
1763415516943,BTC,A,Close Long,91698.0,0.00281,0.115952,0.13488,0.67271,0247
1763415516943,BTC,A,Close Long,91698.0,0.00444,0.183212,0.21312,0.6699,0247
1763415516943,BTC,A,Close Long,91698.0,0.11986,4.945915,5.75328,0.66546,0247
1763441246166,BTC,B,Open Long,89650.0,0.44617,5.999871,0.0,0.5456,0248
1763453321426,BTC,A,Close Long,90844.0,0.47924,19.591235,44.952712,0.99177,0249
1763453321426,BTC,A,Close Long,90844.0,0.01101,0.450086,1.032738,0.51253,0249
1763453321426,BTC,A,Close Long,90840.0,0.01555,0.635652,1.39639,0.50152,0249
1763476639892,BTC,A,Close Long,92388.0,0.48597,20.204008,795.921666,0.48597,0250
1763573593572,BTC,B,Open Long,89350.0,0.0212,0.284133,0.0,0.0,0251
1763573593572,BTC,B,Open Long,89350.0,0.1662,2.227495,0.0,0.0212,0251
1763573593572,BTC,B,Open Long,89350.0,0.012,0.16083,0.0,0.1874,0251
1763573593572,BTC,B,Open Long,89350.0,0.02234,0.299411,0.0,0.1994,0251
1763573593793,BTC,B,Open Long,89350.0,0.02234,0.299411,0.0,0.22174,0251
1763573593793,BTC,B,Open Long,89350.0,0.02234,0.299411,0.0,0.24408,0251
1763573593793,BTC,B,Open Long,89350.0,0.012,0.16083,0.0,0.26642,0251
1763573593923,BTC,B,Open Long,89350.0,0.02234,0.299411,0.0,0.27842,0251
1763573594793,BTC,B,Open Long,89350.0,0.00559,0.074919,0.0,0.30076,0251
1763573595029,BTC,B,Open Long,89350.0,0.02235,0.299545,0.0,0.30635,0251
1763573596853,BTC,B,Open Long,89350.0,0.00559,0.074919,0.0,0.3287,0251
1763573597278,BTC,B,Open Long,89350.0,0.44914,6.019598,0.0,0.33429,0251
1763579037617,@151,B,Buy,2889.4,1.1848,0.000829359,0.0,0.0,0252
1763579037617,@151,B,Buy,2889.9,0.8165,0.000571549,0.0,1.183970641,0252
1763579037617,@151,B,Buy,2890.0,0.5938,0.00041566,0.0,1.999899092,0252
1763593793519,BTC,A,Close Long,91363.0,0.05156,2.119804,103.79028,0.78343,0253
1763593793519,BTC,A,Close Long,91363.0,0.165,6.783702,332.145,0.73187,0253
1763593793519,BTC,A,Close Long,91363.0,0.165,6.783702,332.145,0.56687,0253
1763593793519,BTC,A,Close Long,91363.0,0.33,13.567405,664.29,0.40187,0253
1763593793519,BTC,A,Close Long,91363.0,0.07187,2.954816,144.67431,0.07187,0253
1763654731046,BTC,B,Open Long,89150.0,0.15046,2.012026,0.0,0.0,0254
1763654731046,BTC,B,Open Long,89150.0,0.37019,4.950365,0.0,0.15046,0254
1763654731046,BTC,B,Open Long,89150.0,0.20845,2.787497,0.0,0.52065,0254
1763657844871,@142,B,Buy,87759.0,0.02848,0.0000199359,0.0,0.0,0255
1763657886828,@151,B,Buy,2851.0,0.8771,0.00035084,0.0,0.0,0256
1763710369457,BTC,B,Open Long,85060.0,0.29391,3.749997,0.0,0.7291,0258
1763710461515,HYPE,B,Open Long,33.65,594.35,2.999981,0.0,0.0,0257
1763710469407,ZORA,B,Open Long,0.04255,41721.0,0.266284,0.0,0.0,0242
1763710469407,ZORA,B,Open Long,0.04255,1.0,0.000006,0.0,41721.0,0242
1763710469407,ZORA,B,Open Long,0.04255,3000.0,0.019147,0.0,41722.0,0242
1763710469407,ZORA,B,Open Long,0.04255,37692.0,0.240569,0.0,44722.0,0242
1763718104773,BTC,B,Open Long,82550.0,0.30284,3.749916,0.0,1.02301,0260
1763728141958,BTC,B,Open Long,80650.0,0.04671,0.565074,0.0,1.32585,0261
1763728174921,BTC,B,Open Long,80650.0,0.26327,3.184908,0.0,1.37256,0261
1763732566662,HYPE,A,Close Long,33.709,111.94,1.698023,6.60446,594.35,0262
1763732566662,HYPE,A,Close Long,33.705,482.41,7.316833,26.53255,482.41,0262
1763734178462,BTC,A,Close Long,84169.0,0.08179,3.097882,-115.610165,1.63583,0263
1763734295186,BTC,A,Close Long,83946.0,0.03463,1.308172,-56.671995,1.55404,0264
1763734295186,BTC,A,Close Long,83946.0,0.01522,0.574946,-24.90753,1.51941,0264
1763734295186,BTC,A,Close Long,83946.0,0.03462,1.307794,-56.65563,1.50419,0264
1763734295186,BTC,A,Close Long,83940.0,0.00018,0.006799,-0.29565,1.46957,0264
1763734295186,BTC,A,Close Long,83939.0,0.00036,0.013598,-0.59166,1.46939,0264
1763734295186,BTC,A,Close Long,83939.0,0.00704,0.265918,-11.57024,1.46903,0264
1763734295186,BTC,A,Close Long,83939.0,0.00143,0.054014,-2.350205,1.46199,0264
1763735441287,ZORA,A,Close Long,0.054287,6823.0,0.16668,80.081551,82414.0,0259
1763735441287,ZORA,A,Close Long,0.054263,5000.0,0.122091,58.565,75591.0,0259
1763735441287,ZORA,A,Close Long,0.054262,8449.0,0.206306,98.954688,70591.0,0259
1763735441287,ZORA,A,Close Long,0.054256,49583.0,1.210578,580.418598,62142.0,0259
1763735441287,ZORA,A,Close Long,0.054255,10739.0,0.26219,125.699995,12559.0,0259
1763735441287,ZORA,A,Close Long,0.054255,1820.0,0.044434,21.3031,1820.0,0259
1763735769856,BTC,A,Close Long,84908.0,0.05114,1.953987,-34.49393,1.46056,0265
1763735769856,BTC,A,Close Long,84907.0,0.00013,0.004967,-0.087815,1.40942,0265
1763735769856,BTC,A,Close Long,84906.0,0.00013,0.004967,-0.087945,1.40929,0265
1763735769856,BTC,A,Close Long,84905.0,0.00013,0.004966,-0.088075,1.40916,0265
1763735769856,BTC,A,Close Long,84904.0,0.00013,0.004966,-0.088205,1.40903,0265
1763735769856,BTC,A,Close Long,84903.0,0.00013,0.004966,-0.088335,1.4089,0265
1763735769856,BTC,A,Close Long,84901.0,0.00366,0.139831,-2.49429,1.40877,0265
1763735769856,BTC,A,Close Long,84900.0,0.00025,0.009551,-0.170625,1.40511,0265
1763735769856,BTC,A,Close Long,84900.0,0.00123,0.046992,-0.839475,1.40486,0265
1763735769856,BTC,A,Close Long,84898.0,0.00024,0.009168,-0.16428,1.40363,0265
1763735769856,BTC,A,Close Long,84898.0,0.05889,2.249839,-40.310205,1.40339,0265
1763735769856,BTC,A,Close Long,84898.0,0.00013,0.004966,-0.088985,1.3445,0265
1763735769856,BTC,A,Close Long,84897.0,0.01418,0.541727,-9.72039,1.34437,0265
1763735769856,BTC,A,Close Long,84897.0,0.00013,0.004966,-0.089115,1.33019,0265
1763735769856,BTC,A,Close Long,84897.0,0.0035,0.133712,-2.39925,1.33006,0265
1763735769856,BTC,A,Close Long,84897.0,0.01,0.382036,-6.855,1.32656,0265
1763735769856,BTC,A,Close Long,84896.0,0.00099,0.037821,-0.679635,1.31656,0265
1763735769856,BTC,A,Close Long,84896.0,0.00088,0.033618,-0.60412,1.31557,0265
1763735769856,BTC,A,Close Long,84896.0,0.00013,0.004966,-0.089245,1.31469,0265
1763735769856,BTC,A,Close Long,84896.0,0.00059,0.022539,-0.405035,1.31456,0265
1763735769856,BTC,A,Close Long,84895.0,0.07249,2.769317,-49.836875,1.31397,0265
1763735795483,BTC,A,Close Long,84930.0,0.01764,0.674174,-11.5101,1.24148,0266
1763735795483,BTC,A,Close Long,84929.0,0.16858,6.442798,-110.16703,1.22384,0266
1763736914635,BTC,A,Close Long,85331.0,0.10553,4.052241,-26.540795,1.05526,0267
1763736921760,BTC,A,Close Long,85381.0,0.10447,4.013888,-21.050705,0.94973,0268
1763736957790,BTC,A,Close Long,85374.0,0.01351,0.519031,-2.816835,0.84526,0269
1763736957790,BTC,A,Close Long,85374.0,0.05337,2.050384,-11.127645,0.83175,0269
1763736957790,BTC,A,Close Long,85374.0,0.01419,0.545155,-2.958615,0.77838,0269
1763736957790,BTC,A,Close Long,85374.0,0.00345,0.132543,-0.719325,0.76419,0269
1763744860843,BTC,A,Close Long,85286.0,0.12932,4.963133,-38.34338,0.76074,0270
1763744872348,BTC,A,Close Long,85476.0,0.11365,4.371456,-12.103725,0.63142,0271
1763744877079,BTC,A,Close Long,85437.0,0.23106,8.883482,-33.61923,0.51777,0272
1763744877079,BTC,A,Close Long,85437.0,0.00013,0.004998,-0.018915,0.28671,0272
1763744877079,BTC,A,Close Long,85436.0,0.00013,0.004998,-0.019045,0.28658,0272
1763744877079,BTC,A,Close Long,85435.0,0.00013,0.004997,-0.019175,0.28645,0272
1763744877079,BTC,A,Close Long,85434.0,0.00013,0.004997,-0.019305,0.28632,0272
1763744877079,BTC,A,Close Long,85433.0,0.00013,0.004997,-0.019435,0.28619,0272
1763744877079,BTC,A,Close Long,85432.0,0.00013,0.004997,-0.019565,0.28606,0272
1763744877079,BTC,A,Close Long,85431.0,0.00013,0.004997,-0.019695,0.28593,0272
1763744877079,BTC,A,Close Long,85430.0,0.00013,0.004997,-0.019825,0.2858,0272
1763744877079,BTC,A,Close Long,85429.0,0.00013,0.004997,-0.019955,0.28567,0272
1763744877079,BTC,A,Close Long,85428.0,0.00013,0.004997,-0.020085,0.28554,0272
1763744877079,BTC,A,Close Long,85427.0,0.00013,0.004997,-0.020215,0.28541,0272
1763744877079,BTC,A,Close Long,85426.0,0.04192,1.611476,-6.56048,0.28528,0272
1763744881974,BTC,A,Close Long,85379.0,0.00013,0.004994,-0.026455,0.24336,0273
1763744881974,BTC,A,Close Long,85379.0,0.24323,9.34503,-49.497305,0.24323,0273
1763906595151,@151,A,Sell,2853.0,0.8767,1.00049004,0.75321125,0.87674916,0274
1763934853437,@142,A,Sell,87850.0,0.00848,0.2979872,0.25038029,0.0284600641,0275
1763934853781,@142,A,Sell,87850.0,0.01997,0.7017458,0.58963376,0.0199800641,0275
1763942400051,@151,A,Spot Dust Conversion,2802.0,0.00004916,0.0,0.0,0.00004916,0276
1764000063073,@243,B,Buy,0.02455,61099.7,24.439879,0.0,0.0,0277
1764013735814,@243,A,Sell,0.0358,61075.1,0.87459543,686.49487755,61075.260121,0278
1764015128744,@151,A,Sell,2976.0,1.4491,3.01876512,13.34272699,1.449142533,0279
1764028800027,@151,A,Spot Dust Conversion,2953.2,0.000042533,0.0,0.0,0.000042533,0280
1764550848734,HYPE,B,Open Long,30.55,818.33,3.749997,0.0,0.0,0281
1764561986190,@243,B,Buy,0.0239,43140.3,17.256119,0.0,0.160121,0283
1764562011849,@243,B,Buy,0.0239,8333.3,3.333319,0.0,43123.204002,0283
1764562012757,@243,B,Buy,0.0239,11287.9,4.515159,0.0,51453.170683,0283
1764599845582,HYPE,A,Close Long,30.076,0.68,0.009203,-0.32232,818.33,0286
1764599845582,HYPE,A,Close Long,30.068,66.98,0.906279,-32.28436,817.65,0286
1764599845582,HYPE,A,Close Long,30.068,64.86,0.877594,-31.26252,750.67,0286
1764599845582,HYPE,A,Close Long,30.068,49.83,0.674229,-24.01806,685.81,0286
1764599845582,HYPE,A,Close Long,30.066,70.41,0.952626,-34.07844,635.98,0286
1764599845582,HYPE,A,Close Long,30.064,5.0,0.067644,-2.43,565.57,0286
1764599845582,HYPE,A,Close Long,30.063,32.27,0.436559,-15.71549,560.57,0286
1764599845582,HYPE,A,Close Long,30.063,46.45,0.628391,-22.62115,528.3,0286
1764599845582,HYPE,A,Close Long,30.062,89.05,1.204659,-43.4564,481.85,0286
1764602161573,ASTER,B,Open Long,0.915,8743.0,1.199976,0.0,0.0,0282
1764624182587,HYPE,A,Close Long,30.581,56.58,0.778622,1.75398,392.8,0285
1764624182587,HYPE,A,Close Long,30.581,32.69,0.449861,1.01339,336.22,0285
1764624182587,HYPE,A,Close Long,30.58,65.5,0.901345,1.965,303.53,0285
1764624182587,HYPE,A,Close Long,30.58,65.59,0.902583,1.9677,238.03,0285
1764624182587,HYPE,A,Close Long,30.578,172.44,2.372791,4.82832,172.44,0285
1764688424618,ASTER,A,Close Long,1.0251,1000.0,0.461295,110.1,8743.0,0287
1764688424618,ASTER,A,Close Long,1.0245,500.0,0.230512,54.75,7743.0,0287
1764688424618,ASTER,A,Close Long,1.0245,1522.0,0.70168,166.659,7243.0,0287
1764688424618,ASTER,A,Close Long,1.0245,2439.0,1.124439,267.0705,5721.0,0287
1764688424618,ASTER,A,Close Long,1.0244,1000.0,0.46098,109.4,3282.0,0287
1764688424618,ASTER,A,Close Long,1.0244,742.0,0.342047,81.175542,2282.0,0287
1764688424618,ASTER,A,Close Long,1.0243,112.0,0.051624,12.241712,1540.0,0287
1764688424618,ASTER,A,Close Long,1.0243,878.0,0.4047,95.966278,1428.0,0287
1764688424618,ASTER,A,Close Long,1.0242,261.0,0.120292,28.501461,550.0,0287
1764688424618,ASTER,A,Close Long,1.0242,289.0,0.133197,31.559089,289.0,0287
1765185274452,@243,A,Sell,0.0295,57922.0,0.6834796,-85.99068716,57922.132632,0288
1765822876794,SPX,B,Open Long,0.505,1044.3,0.079105,0.0,0.0,0284
1765822876930,SPX,B,Open Long,0.505,1202.6,0.091096,0.0,1044.3,0284
1765822877724,SPX,B,Open Long,0.505,554.6,0.04201,0.0,2246.9,0284
1765822877724,SPX,B,Open Long,0.505,1570.2,0.118942,0.0,2801.5,0284
1765822877724,SPX,B,Open Long,0.505,610.6,0.046252,0.0,4371.7,0284
1765822877724,SPX,B,Open Long,0.505,7975.8,0.604166,0.0,4982.3,0284
1765822877724,SPX,B,Open Long,0.505,649.8,0.049222,0.0,12958.1,0284
1765822877724,SPX,B,Open Long,0.505,1243.5,0.094195,0.0,13607.9,0284
1765958529587,PUMP,B,Open Long,0.002265,4415011.0,1.499999,0.0,0.0,0289
1766049700339,HYPE,B,Open Long,23.75,252.63,0.899994,0.0,0.0,0291
1766065723724,SPX,A,Close Long,0.50466,389.5,0.088454,-0.13243,14851.4,0292
1766065723724,SPX,A,Close Long,0.50465,573.0,0.130124,-0.20055,14461.9,0292
1766065723724,SPX,A,Close Long,0.50463,104.9,0.023821,-0.038813,13888.9,0292
1766065723724,SPX,A,Close Long,0.50457,2177.4,0.494392,-0.936282,13784.0,0292
1766065723724,SPX,A,Close Long,0.50447,319.5,0.07253,-0.169335,11606.6,0292
1766065841502,SPX,A,Close Long,0.50483,990.8,0.225083,-0.168436,11287.1,0293
1766065841502,SPX,A,Close Long,0.5047,104.9,0.023824,-0.03147,10296.3,0293
1766065841502,SPX,A,Close Long,0.5047,1500.3,0.34074,-0.45009,10191.4,0293
1766065849229,SPX,A,Close Long,0.50444,500.0,0.113499,-0.28,8691.1,0294
1766065849229,SPX,A,Close Long,0.50442,104.9,0.023811,-0.060842,8191.1,0294
1766065849229,SPX,A,Close Long,0.50441,500.0,0.113492,-0.295,8086.2,0294
1766065849229,SPX,A,Close Long,0.50433,560.1,0.127113,-0.375267,7586.2,0294
1766065849229,SPX,A,Close Long,0.50426,899.4,0.204089,-0.665556,7026.1,0294
1766065849229,SPX,A,Close Long,0.50419,605.8,0.137447,-0.490698,6126.7,0294
1766065849229,SPX,A,Close Long,0.50412,132.4,0.030035,-0.116512,5520.9,0294
1766065883809,SPX,A,Close Long,0.50598,988.5,0.225072,0.96873,5388.5,0290
1766065883809,SPX,A,Close Long,0.5058,500.0,0.113805,0.4,4400.0,0290
1766065883809,SPX,A,Close Long,0.50579,899.4,0.204708,0.710526,3900.0,0290
1766065883809,SPX,A,Close Long,0.50579,1678.4,0.382013,1.325936,3000.6,0290
1766065883809,SPX,A,Close Long,0.50578,500.0,0.1138,0.39,1322.2,0290
1766065883809,SPX,A,Close Long,0.50577,822.2,0.187129,0.633094,822.2,0290
1766105698923,HYPE,B,Open Long,22.255,269.6,0.899992,0.0,252.63,0296
1766157385225,HYPE,A,Close Long,24.657,69.4,0.770038,116.50872,522.23,0298
1766157385225,HYPE,A,Close Long,24.655,29.32,0.325298,49.163776,452.83,0298
1766157385225,HYPE,A,Close Long,24.655,116.18,1.288988,194.810624,423.51,0298
1766157385225,HYPE,A,Close Long,24.654,29.32,0.325284,49.134456,307.33,0298
1766157385225,HYPE,A,Close Long,24.653,29.32,0.325271,49.105136,278.01,0298
1766157385225,HYPE,A,Close Long,24.653,0.83,0.009207,1.390084,248.69,0298
1766157385225,HYPE,A,Close Long,24.652,29.32,0.325258,49.075816,247.86,0298
1766157385225,HYPE,A,Close Long,24.652,203.33,2.255621,340.333754,218.54,0298
1766157385225,HYPE,A,Close Long,24.652,15.21,0.16873,25.458498,15.21,0298
1766544581639,TAO,B,Open Long,206.0,36.407,1.124976,0.0,0.0,0295
1766915843278,PUMP,A,Close Long,0.001885,23506.0,0.019938,-8.93228,4415011.0,0299
1766915843278,PUMP,A,Close Long,0.001885,106394.0,0.090248,-40.42972,4391505.0,0299
1766915843278,PUMP,A,Close Long,0.001884,1611604.0,1.366317,-614.021124,4285111.0,0299
1766915843278,PUMP,A,Close Long,0.001884,2173330.0,1.842549,-828.03873,2673507.0,0299
1766915843278,PUMP,A,Close Long,0.001884,170327.0,0.144403,-64.894587,500177.0,0299
1766915843278,PUMP,A,Close Long,0.001884,132802.0,0.112589,-50.597562,329850.0,0299
1766915843278,PUMP,A,Close Long,0.001884,197048.0,0.167057,-75.075288,197048.0,0299
1767288046943,TAO,A,Close Long,226.67,0.591,0.060282,12.21597,36.407,0300
1767288046943,TAO,A,Close Long,226.66,6.187,0.631055,127.82342,35.816,0300
1767288046943,TAO,A,Close Long,226.64,9.0,0.917892,185.76,29.629,0300
1767288046943,TAO,A,Close Long,226.63,0.591,0.060272,12.192921,20.629,0300
1767288046943,TAO,A,Close Long,226.62,17.238,1.757914,355.464798,20.038,0300
1767288046943,TAO,A,Close Long,226.59,2.8,0.285503,57.6548,2.8,0300
1767331079268,@243,A,Sell,0.0256,69221.0,0.70882304,13.63935275,69221.098806,0301
1767398400008,@243,A,Spot Dust Conversion,0.027948,0.098806,0.0,0.0,0.098806,0302
1768227442077,@107,B,Buy,23.4,341.88,0.136752,0.0,0.00288615,0304
1768368135234,BTC,B,Open Long,95050.0,0.21041,2.99992,0.0,0.0,0305
1768373643207,BTC,A,Close Long,94951.0,0.00026,0.011109,-0.02574,0.21041,0306
1768373643207,BTC,A,Close Long,94951.0,0.21015,8.979278,-20.80485,0.21015,0306
1768510159450,@107,B,Buy,24.36,19.27,0.007708,0.0,0.0,0307
1768510159450,@107,B,Buy,24.36,89.8,0.03592,0.0,19.262292,0307
1768510159450,@107,B,Buy,24.36,27.38,0.010952,0.0,109.026372,0307
1768510159658,@107,B,Buy,24.36,150.9,0.06036,0.0,136.39542,0307
1768780855781,SPX,B,Open Long,0.505,687.3,0.052062,0.0,0.0,0303
1768780858167,SPX,B,Open Long,0.505,11965.5,0.906386,0.0,687.3,0303
1768780858533,SPX,B,Open Long,0.505,1787.1,0.135372,0.0,12652.8,0303
1768780859498,SPX,B,Open Long,0.505,2273.7,0.172232,0.0,14439.9,0303
1768780859498,SPX,B,Open Long,0.505,118.0,0.008938,0.0,16713.6,0303
1768780946015,ZORA,B,Open Long,0.0315,22415.0,0.10591,0.0,0.0,0297
1768780946015,ZORA,B,Open Long,0.0315,6518.0,0.030797,0.0,22415.0,0297
1768780947052,ZORA,B,Open Long,0.0315,762.0,0.0036,0.0,28933.0,0297
1768780947498,ZORA,B,Open Long,0.0315,176654.0,0.83469,0.0,29695.0,0297
1768795188058,SPX,A,Close Long,0.50272,995.0,0.225092,-2.2686,16831.6,0308
1768795188058,SPX,A,Close Long,0.50272,1210.4,0.273821,-2.759712,15836.6,0308
1768795188058,SPX,A,Close Long,0.50272,1239.3,0.280359,-2.825604,14626.2,0308
1768795188058,SPX,A,Close Long,0.50271,1826.1,0.413099,-4.181769,13386.9,0308
1768795188058,SPX,A,Close Long,0.50256,561.8,0.127052,-1.370792,11560.8,0308
1768795188058,SPX,A,Close Long,0.50254,774.0,0.175034,-1.90404,10999.0,0308
1768795188058,SPX,A,Close Long,0.50254,1472.5,0.332995,-3.62235,10225.0,0308
1768795199492,SPX,A,Close Long,0.50242,59.6,0.013474,-0.153768,8752.5,0309
1768795199492,SPX,A,Close Long,0.50232,995.8,0.225094,-2.668744,8692.9,0309
1768795199492,SPX,A,Close Long,0.50227,1862.0,0.420852,-5.08326,7697.1,0309
1768795199492,SPX,A,Close Long,0.50224,612.5,0.138429,-1.6905,5835.1,0309
1768795199492,SPX,A,Close Long,0.50224,1251.2,0.282781,-3.453312,5222.6,0309
1768795199492,SPX,A,Close Long,0.50224,1101.2,0.24888,-3.039312,3971.4,0309
1768795199492,SPX,A,Close Long,0.50222,613.2,0.138582,-1.704696,2870.2,0309
1768795199492,SPX,A,Close Long,0.50218,775.0,0.175135,-2.1855,2257.0,0309
1768795199492,SPX,A,Close Long,0.50217,738.0,0.16677,-2.08854,1482.0,0309
1768795199492,SPX,A,Close Long,0.5021,744.0,0.168103,-2.1576,744.0,0309
1768896527695,SPX,B,Open Long,0.455,2898.8,0.197843,0.0,0.0,0310
1768896527695,SPX,B,Open Long,0.455,2717.6,0.185476,0.0,2898.8,0310
1768896527695,SPX,B,Open Long,0.455,11966.0,0.816679,0.0,5616.4,0310
1768912398498,@107,B,Buy,22.55,221.72,0.088688,0.0,287.23506,0311
1768916132113,ZORA,A,Close Long,0.031683,10000.0,0.142573,1.83,206349.0,0312
1768916132113,ZORA,A,Close Long,0.031682,9324.0,0.132931,1.696968,196349.0,0312
1768916132113,ZORA,A,Close Long,0.031682,9752.0,0.139033,1.774864,187025.0,0312
1768916132113,ZORA,A,Close Long,0.03168,10000.0,0.14256,1.8,177273.0,0312
1768916132113,ZORA,A,Close Long,0.031679,15796.0,0.22518,2.827484,167273.0,0312
1768916132113,ZORA,A,Close Long,0.031677,10000.0,0.142546,1.77,151477.0,0312
1768916132113,ZORA,A,Close Long,0.031676,18607.0,0.265227,3.274832,141477.0,0312
1768916132113,ZORA,A,Close Long,0.031661,22148.0,0.315552,3.565828,122870.0,0312
1768916132113,ZORA,A,Close Long,0.03166,22243.0,0.316896,3.55888,100722.0,0312
1768916132113,ZORA,A,Close Long,0.031652,31619.0,0.450362,4.806088,78479.0,0312
1768916132113,ZORA,A,Close Long,0.03165,18607.0,0.26501,2.79105,46860.0,0312
1768916132113,ZORA,A,Close Long,0.031648,28253.0,0.402367,4.181444,28253.0,0312
1769024366793,SPX,A,Close Long,0.45499,651.4,0.133371,-0.006514,17582.4,0313
1769024366793,SPX,A,Close Long,0.45499,1099.8,0.225179,-0.010998,16931.0,0313
1769024366793,SPX,A,Close Long,0.45499,1785.5,0.365573,-0.017855,15831.2,0313
1769024366793,SPX,A,Close Long,0.45499,1793.7,0.367252,-0.017937,14045.7,0313
1769024366793,SPX,A,Close Long,0.45489,1678.4,0.343569,-0.184624,12252.0,0313
1769024366793,SPX,A,Close Long,0.45489,10573.6,2.164421,-1.163096,10573.6,0313
1769121958241,SPX,B,Open Long,0.405,12270.1,0.745408,0.0,0.0,0314
1769121958354,SPX,B,Open Long,0.405,3170.0,0.192577,0.0,12270.1,0314
1769121958803,SPX,B,Open Long,0.405,609.2,0.037008,0.0,15440.1,0314
1769231078256,SPX,A,Close Long,0.4049,1117.1,0.203541,-0.11171,16049.3,0316
1769231078256,SPX,A,Close Long,0.4049,1159.3,0.21123,-0.11593,14932.2,0316
1769231078256,SPX,A,Close Long,0.40486,1236.6,0.225292,-0.173124,13772.9,0316
1769231078256,SPX,A,Close Long,0.40485,338.8,0.061723,-0.05082,12536.3,0316
1769454930071,@107,A,Sell,24.4,1.62,0.0158112,1.32660783,508.866372,0315
1769454931081,@107,A,Sell,24.4,2.56,0.0249856,2.09636793,507.246372,0315
1769454931081,@107,A,Sell,24.4,2.69,0.0262544,2.20282411,504.686372,0315
1769454970013,@107,A,Sell,24.4,15.37,0.1500112,12.5863965,501.996372,0315
1769454973563,@107,A,Sell,24.4,262.76,2.5645376,215.17251412,486.626372,0315
1769737182782,@151,B,Buy,2765.0,0.55,0.00022,0.0,0.0,0317
1769737182954,@151,B,Buy,2765.0,0.1733,0.00006932,0.0,0.54978,0317
1769737379193,@142,B,Buy,81550.0,0.01978,0.000007912,0.0,0.0000100641,0318
1769737379193,@142,B,Buy,81550.0,0.00659,0.000002636,0.0,0.0197821521,0318
1769737379258,@142,B,Buy,81550.0,0.00061,0.000000244,0.0,0.0263695161,0318
1769737379258,@142,B,Buy,81550.0,0.05885,0.00002354,0.0,0.0269792721,0318
1769789957534,xyz:SILVER,B,Open Long,95.65,130.68,0.374986,0.0,0.0,0319
1769795573570,xyz:SILVER,B,Open Long,86.65,96.98,0.252099,0.0,130.68,0320
1769796581635,xyz:SILVER,B,Open Long,83.65,358.63,0.899981,0.0,227.66,0321
1769802929603,xyz:SILVER,A,Close Long,86.399,41.04,0.319123,-17.314776,586.29,0323
1769802933733,xyz:SILVER,A,Close Long,86.385,21.8,0.169487,-9.50262,545.25,0324
1769802940080,xyz:SILVER,A,Close Long,86.372,62.81,0.488252,-28.195409,523.45,0325
1769803165331,xyz:SILVER,A,Close Long,86.528,239.53,1.865344,-70.158337,460.64,0326
1769831866727,xyz:SILVER,A,Close Long,86.739,35.37,0.276116,-2.896803,221.11,0327
1769831872315,xyz:SILVER,A,Close Long,86.745,0.7,0.005464,-0.05313,185.74,0328
1769831872315,xyz:SILVER,A,Close Long,86.711,2.73,0.021304,-0.300027,185.04,0328
1769831872315,xyz:SILVER,A,Close Long,86.685,0.13,0.001014,-0.017667,182.31,0328
1769831872315,xyz:SILVER,A,Close Long,86.658,31.68,0.247079,-5.160672,182.18,0328
1769831872315,xyz:SILVER,A,Close Long,86.652,7.48,0.058334,-1.263372,150.5,0328
1769869756107,SPX,B,Open Long,0.285,9210.5,0.393748,0.0,12197.5,0329
1769869756107,SPX,B,Open Long,0.285,1315.8,0.05625,0.0,21408.0,0329
1769885010293,ETH,B,Open Long,2245.0,11.1358,3.74998,0.0,0.0,0331
1769885021164,AAVE,B,Open Long,117.5,13.87,0.244458,0.0,0.0,0332
1769885021164,AAVE,B,Open Long,117.5,10.13,0.178541,0.0,13.87,0332
1769885021249,AAVE,B,Open Long,117.5,6.26,0.110332,0.0,24.0,0332
1769885021541,AAVE,B,Open Long,117.5,6.11,0.107688,0.0,30.26,0332
1769885021541,AAVE,B,Open Long,117.5,11.52,0.203039,0.0,36.37,0332
1769885021541,AAVE,B,Open Long,117.5,11.68,0.205859,0.0,47.89,0332
1769885039071,ZEC,B,Open Long,276.0,28.98,1.199772,0.0,0.0,0330
1769885041959,BTC,B,Open Long,75660.0,0.79302,8.999983,0.0,0.0,0334
1769904711433,BTC,A,Close Long,79297.0,0.13465,4.804803,489.72205,0.79302,0335
1769904711433,BTC,A,Close Long,79295.0,0.65837,23.492452,2393.17495,0.65837,0335
1769989761898,ETH,A,Close Long,2275.9,0.9637,0.986978,29.77833,11.1358,0340
1769989761898,ETH,A,Close Long,2275.9,1.1519,1.179724,35.59371,10.1721,0340
1769991237532,ZEC,A,Close Long,314.79,2.52,0.356971,97.7508,28.98,0339
1769991237532,ZEC,A,Close Long,314.79,26.46,3.748204,1026.3834,26.46,0339
1769991521868,xyz:SILVER,A,Close Long,87.11,143.02,1.121262,41.347082,143.02,0322
1770002327108,@142,B,Buy,75550.0,0.0397,0.00001588,0.0,0.0,0338
1770002615594,@151,B,Buy,2175.0,4.5977,0.00183908,0.0,0.0,0337
1770007600248,ETH,A,Close Long,2250.2,2.255,2.28339,11.726,9.0202,0341
1770047325419,xyz:SILVER,B,Open Long,76.55,8.06,0.018509,0.0,0.0,0342
1770047327523,xyz:SILVER,B,Open Long,76.55,224.39,0.515311,0.0,8.06,0342
1770047327523,xyz:SILVER,B,Open Long,76.55,22.79,0.052337,0.0,232.45,0342
1770047327523,xyz:SILVER,B,Open Long,76.55,3.13,0.007188,0.0,255.24,0342
1770047327937,xyz:SILVER,B,Open Long,76.55,2.3,0.005281,0.0,258.37,0342
1770047329310,xyz:SILVER,B,Open Long,76.55,65.91,0.151362,0.0,260.67,0342
1770049712742,AAVE,A,Close Long,129.39,24.57,1.4306,292.1373,59.57,0343
1770049712742,AAVE,A,Close Long,129.39,5.16,0.300443,61.3524,35.0,0343
1770049712742,AAVE,A,Close Long,129.39,0.05,0.002911,0.5945,29.84,0343
1770056654403,AAVE,A,Close Long,128.14,10.41,0.600271,110.7624,29.79,0344
1770056654403,AAVE,A,Close Long,128.13,19.38,1.117421,206.0094,19.38,0344
1770056740780,xyz:SILVER,A,Close Long,77.0,130.69,0.905681,58.8105,326.58,0345
1770134672611,xyz:SILVER,A,Close Long,88.165,0.43,0.003411,4.99445,195.89,0346
1770134672611,xyz:SILVER,A,Close Long,88.162,5.0,0.039672,58.06,195.46,0346
1770134672611,xyz:SILVER,A,Close Long,88.146,54.57,0.432911,632.79372,190.46,0346
1770209876574,xyz:SILVER,A,Close Long,89.974,45.62,0.369415,612.40288,135.89,0347
1770209876574,xyz:SILVER,A,Close Long,89.97,2.88,0.02332,38.6496,90.27,0347
1770209876574,xyz:SILVER,A,Close Long,89.969,15.36,0.124373,206.11584,87.39,0347
1770213900422,xyz:SILVER,A,Close Long,91.888,72.03,0.595682,1104.79614,72.03,0348
1770257765593,xyz:SILVER,B,Open Long,81.65,244.94,0.59998,0.0,0.0,0349
1770268996864,BTC,B,Open Long,70181.0,0.42736,13.496648,0.0,0.0,0351
1770269074331,xyz:SILVER,B,Open Long,75.68,132.13,0.299987,0.0,244.94,0352
1770269116362,xyz:SILVER,A,Close Long,75.704,13.2,0.089936,-50.8728,377.07,0353
1770269116362,xyz:SILVER,A,Close Long,75.7,118.8,0.809384,-458.3304,363.87,0353
1770293537398,BTC,A,Close Long,70006.0,0.37515,11.818237,-65.65125,0.42736,0354
1770293537398,BTC,A,Close Long,70006.0,0.00531,0.167279,-0.92925,0.05221,0354
1770293537398,BTC,A,Close Long,70006.0,0.00767,0.241625,-1.34225,0.0469,0354
1770293537398,BTC,A,Close Long,70006.0,0.00076,0.023942,-0.133,0.03923,0354
1770293537398,BTC,A,Close Long,70006.0,0.03847,1.211908,-6.73225,0.03847,0354
1770305349565,ETH,B,Open Long,1940.0,5.1546,1.499988,0.0,6.7652,0355
1770315749513,BTC,B,Open Long,65560.0,0.38763,3.811953,0.0,0.0,0356
1770315749780,BTC,B,Open Long,65560.0,0.02089,0.205432,0.0,0.38763,0356
1770315749780,BTC,B,Open Long,65560.0,0.03024,0.29738,0.0,0.40852,0356
1770315749780,BTC,B,Open Long,65560.0,0.10734,1.055581,0.0,0.43876,0356
1770315749780,BTC,B,Open Long,65560.0,0.06402,0.629572,0.0,0.5461,0356
1770315757248,FARTCOIN,B,Open Long,0.186,26581.3,0.741618,0.0,0.0,0333
1770315757248,FARTCOIN,B,Open Long,0.186,11053.1,0.308381,0.0,26581.3,0333
1770315790203,FARTCOIN,A,Close Long,0.18582,15510.7,1.296989,-2.791926,37634.4,0357
1770315790203,FARTCOIN,A,Close Long,0.18582,4000.0,0.334476,-0.72,22123.7,0357
1770315790203,FARTCOIN,A,Close Long,0.18578,2117.1,0.176991,-0.465762,18123.7,0357
1770315790203,FARTCOIN,A,Close Long,0.18578,1907.9,0.159502,-0.419738,16006.6,0357
1770315790203,FARTCOIN,A,Close Long,0.18578,2340.6,0.195676,-0.514932,14098.7,0357
1770315790203,FARTCOIN,A,Close Long,0.18575,4000.0,0.33435,-1.0,11758.1,0357
1770315790203,FARTCOIN,A,Close Long,0.18574,7758.1,0.648445,-2.017106,7758.1,0357
1770322626278,ZORA,B,Open Long,0.02255,157503.0,0.532753,0.0,0.0,0336
1770322636990,ZORA,B,Open Long,0.02255,6162.0,0.020842,0.0,157503.0,0336
1770322637079,ZORA,B,Open Long,0.02255,26308.0,0.088986,0.0,163665.0,0336
1770322637674,ZORA,B,Open Long,0.02255,10668.0,0.036084,0.0,189973.0,0336
1770322637815,ZORA,B,Open Long,0.02255,42733.0,0.144544,0.0,200641.0,0336
1770322638068,ZORA,B,Open Long,0.02255,10861.0,0.036737,0.0,243374.0,0336
1770322638068,ZORA,B,Open Long,0.02255,24719.0,0.083612,0.0,254235.0,0336
1770322638068,ZORA,B,Open Long,0.02255,26231.0,0.088726,0.0,278954.0,0336
1770322638068,ZORA,B,Open Long,0.02255,5236.0,0.01771,0.0,305185.0,0336
1770324905175,BTC,B,Open Long,62250.0,0.41767,3.899993,0.0,0.61012,0358
1770326421770,ZORA,A,Close Long,0.022062,24973.0,0.247929,-12.186824,310421.0,0360
1770326421770,ZORA,A,Close Long,0.022061,24799.0,0.24619,-12.126711,285448.0,0360
1770326421770,ZORA,A,Close Long,0.022058,13333.0,0.132344,-6.559836,260649.0,0360
1770326421770,ZORA,A,Close Long,0.022058,12533.0,0.124403,-6.166236,247316.0,0360
1770326421770,ZORA,A,Close Long,0.022056,8940.0,0.088731,-4.41636,234783.0,0360
1770326421770,ZORA,A,Close Long,0.022052,24973.0,0.247817,-12.436554,225843.0,0360
1770326421770,ZORA,A,Close Long,0.02205,24799.0,0.246068,-12.3995,200870.0,0360
1770326421770,ZORA,A,Close Long,0.02205,136067.0,1.350124,-68.0335,176071.0,0360
1770326421770,ZORA,A,Close Long,0.022049,30502.0,0.302642,-15.281502,40004.0,0360
1770326421770,ZORA,A,Close Long,0.022049,9502.0,0.094279,-4.760502,9502.0,0360
1770328937768,xyz:SILVER,B,Open Long,70.8,141.24,0.299993,0.0,245.07,0362
1770330579622,BTC,A,Close Long,64290.0,0.28821,8.338059,21.673392,1.02779,0361
1770330579622,BTC,A,Close Long,64290.0,0.28838,8.342977,21.686176,0.73958,0361
1770330579622,BTC,A,Close Long,64290.0,0.4512,13.053441,33.93024,0.4512,0361
1770336150498,BTC,B,Open Long,62550.0,0.79936,7.499995,0.0,0.0,0363
1770336803343,TAO,B,Open Long,151.5,3.931,0.089331,0.0,0.0,0359
1770336803343,TAO,B,Open Long,151.5,1.614,0.036678,0.0,3.931,0359
1770336803343,TAO,B,Open Long,151.5,32.827,0.745993,0.0,5.545,0359
1770336804760,TAO,B,Open Long,151.5,7.832,0.177982,0.0,38.372,0359
1770357217608,BTC,A,Close Long,66565.0,0.03751,1.123583,150.60265,0.79936,0365
1770357217608,BTC,A,Close Long,66562.0,0.76185,22.819616,3056.5422,0.76185,0365
1770358990892,ETH,A,Close Long,1943.2,0.06,0.052466,-10.194,11.9198,0366
1770358990892,ETH,A,Close Long,1943.2,5.0655,4.429475,-860.62845,11.8598,0366
1770390481620,xyz:SILVER,A,Close Long,76.554,79.02,0.544436,15.653862,386.31,0368
1770390481620,xyz:SILVER,A,Close Long,76.552,13.06,0.089979,2.561066,307.29,0368
1770390481620,xyz:SILVER,A,Close Long,76.547,8.36,0.057593,1.597596,294.23,0368
1770391885933,xyz:SILVER,A,Close Long,76.726,0.38,0.002624,0.140638,285.87,0370
1770391885933,xyz:SILVER,A,Close Long,76.721,0.26,0.001795,0.094926,285.49,0370
1770391885933,xyz:SILVER,A,Close Long,76.72,21.09,0.145622,7.678869,285.23,0370
1770391885933,xyz:SILVER,A,Close Long,76.719,0.26,0.001795,0.094406,264.14,0370
1770391885933,xyz:SILVER,A,Close Long,76.706,0.14,0.000966,0.049014,263.88,0370
1770391885933,xyz:SILVER,A,Close Long,76.705,0.15,0.001035,0.052365,263.74,0370
1770391885933,xyz:SILVER,A,Close Long,76.705,0.26,0.001794,0.090766,263.59,0370
1770391885933,xyz:SILVER,A,Close Long,76.705,20.48,0.141382,7.149568,263.33,0370
1770391885933,xyz:SILVER,A,Close Long,76.703,31.3,0.216072,10.86423,242.85,0370
1770392017170,XRP,A,Open Short,1.494,1399.0,0.313515,0.0,0.0,0369
1770392017329,XRP,A,Open Short,1.494,3621.0,0.811466,0.0,-1399.0,0369
1770394252777,TAO,A,Close Long,175.5,2.598,0.205177,62.352,46.204,0367
1770394252777,TAO,A,Close Long,175.5,0.066,0.005212,1.584,43.606,0367
1770394252777,TAO,A,Close Long,175.5,0.568,0.044857,13.632,43.54,0367
1770394252777,TAO,A,Close Long,175.46,1.495,0.11804,35.8202,42.972,0367
1770394252777,TAO,A,Close Long,175.46,14.993,1.183802,359.23228,41.477,0367
1770394252777,TAO,A,Close Long,175.43,6.053,0.477845,144.84829,26.484,0367
1770394252777,TAO,A,Close Long,175.43,2.598,0.205095,62.17014,20.431,0367
1770394252777,TAO,A,Close Long,175.43,2.0,0.157887,47.86,17.833,0367
1770394252777,TAO,A,Close Long,175.42,1.784,0.140827,42.67328,15.833,0367
1770394252777,TAO,A,Close Long,175.4,14.049,1.108887,335.7711,14.049,0367
1770400591168,xyz:SILVER,A,Close Long,77.337,13.47,0.093755,13.215417,211.55,0371
1770400591168,xyz:SILVER,A,Close Long,77.337,0.28,0.001948,0.274708,198.08,0371
1770400591168,xyz:SILVER,A,Close Long,77.337,89.9,0.625733,88.20089,197.8,0371
1770400616505,xyz:SILVER,A,Close Long,77.443,32.28,0.224987,35.091588,107.9,0364
1770400616505,xyz:SILVER,A,Close Long,77.442,0.2,0.001393,0.21722,75.62,0364
1770400616505,xyz:SILVER,A,Close Long,77.441,25.0,0.174242,27.1275,75.42,0364
1770400616505,xyz:SILVER,A,Close Long,77.441,50.42,0.351411,54.710742,50.42,0364
1770547789465,ETH,A,Close Long,2096.9,1.6306,1.477096,-26.41572,6.7943,0374
1770647660071,ZORA,B,Open Long,0.0205,34266.0,0.101153,0.0,0.0,0372
1770647705469,ZORA,B,Open Long,0.0205,9154.0,0.027022,0.0,34266.0,0372
1770647705469,ZORA,B,Open Long,0.0205,9024.0,0.026638,0.0,43420.0,0372
1770647705469,ZORA,B,Open Long,0.0205,10676.0,0.031515,0.0,52444.0,0372
1770647707601,ZORA,B,Open Long,0.0205,50187.0,0.148152,0.0,63120.0,0372
1770647713705,ZORA,B,Open Long,0.0205,1386.0,0.004091,0.0,113307.0,0372
1770647720072,ZORA,B,Open Long,0.0205,50187.0,0.148152,0.0,114693.0,0372
1770647720618,ZORA,B,Open Long,0.0205,11871.0,0.035043,0.0,164880.0,0372
1770647720618,ZORA,B,Open Long,0.0205,33848.0,0.099919,0.0,176751.0,0372
1770647720833,ZORA,B,Open Long,0.0205,50137.0,0.148004,0.0,210599.0,0372
1770647721391,ZORA,B,Open Long,0.0205,7941.0,0.023441,0.0,260736.0,0372
1770647723433,ZORA,B,Open Long,0.0205,1567.0,0.004625,0.0,268677.0,0372
1770647724908,ZORA,B,Open Long,0.0205,7833.0,0.023123,0.0,270244.0,0372
1770647724908,ZORA,B,Open Long,0.0205,8330.0,0.02459,0.0,278077.0,0372
1770647725147,ZORA,B,Open Long,0.0205,4327.0,0.012773,0.0,286407.0,0372
1770647725309,ZORA,B,Open Long,0.0205,50729.0,0.149752,0.0,290734.0,0372
1770803222127,ZORA,A,Close Long,0.020442,17186.0,0.151768,-0.996788,341463.0,0375
1770803222127,ZORA,A,Close Long,0.020442,14865.0,0.131271,-0.86217,324277.0,0375
1770803222127,ZORA,A,Close Long,0.020439,26648.0,0.235292,-1.625528,309412.0,0375
1770803222127,ZORA,A,Close Long,0.020435,10000.0,0.088279,-0.65,282764.0,0375
1770803222127,ZORA,A,Close Long,0.020434,10505.0,0.092732,-0.69333,272764.0,0375
1770803222127,ZORA,A,Close Long,0.020434,32633.0,0.288067,-2.153778,262259.0,0375
1770803222127,ZORA,A,Close Long,0.020433,35753.0,0.315593,-2.395451,229626.0,0375
1770803222127,ZORA,A,Close Long,0.020429,10000.0,0.088253,-0.71,193873.0,0375
1770803222127,ZORA,A,Close Long,0.020428,19970.0,0.176233,-1.43784,183873.0,0375
1770809536526,ZORA,A,Close Long,0.020597,19689.0,0.17519,1.909833,163903.0,0376
1770809536526,ZORA,A,Close Long,0.020596,9919.0,0.088254,0.952224,144214.0,0376
1770809536526,ZORA,A,Close Long,0.020595,1019.0,0.009066,0.096805,134295.0,0376
1770809536526,ZORA,A,Close Long,0.020594,1019.0,0.009065,0.095786,133276.0,0376
1770809536526,ZORA,A,Close Long,0.020593,10000.0,0.088961,0.93,132257.0,0376
1770809536526,ZORA,A,Close Long,0.020592,22176.0,0.197272,2.040192,122257.0,0376
1770809536526,ZORA,A,Close Long,0.020591,22167.0,0.197182,2.017197,100081.0,0376
1770809536526,ZORA,A,Close Long,0.020573,10000.0,0.088875,0.73,77914.0,0376
1770809536526,ZORA,A,Close Long,0.020572,29175.0,0.259281,2.1006,67914.0,0376
1770809536526,ZORA,A,Close Long,0.020572,10000.0,0.088871,0.72,38739.0,0376
1770809536526,ZORA,A,Close Long,0.020571,28739.0,0.255394,2.040469,28739.0,0376
1770915362063,XRP,B,Close Short,1.3498,355.0,0.207005,51.191,-5020.0,0377
1770915362063,XRP,B,Close Short,1.3501,8.0,0.004665,1.1512,-4665.0,0377
1770915362063,XRP,B,Close Short,1.3501,8.0,0.004665,1.1512,-4657.0,0377
1770915362063,XRP,B,Close Short,1.3501,180.0,0.104983,25.902,-4649.0,0377
1770915362063,XRP,B,Close Short,1.3501,1390.0,0.810708,200.021,-4469.0,0377
1770915362063,XRP,B,Close Short,1.3502,3079.0,1.795938,442.7602,-3079.0,0377
1770916463712,BTC,B,Open Long,65727.0,0.26627,7.560487,0.0,0.0,0378
1770922955291,BTC,A,Close Long,65713.0,0.00176,0.049962,-0.02464,0.26627,0379
1770922955291,BTC,A,Close Long,65713.0,0.00016,0.004542,-0.00224,0.26451,0379
1770922955291,BTC,A,Close Long,65710.0,0.003,0.08516,-0.051,0.26435,0379
1770922955291,BTC,A,Close Long,65706.0,0.00152,0.043145,-0.03192,0.26135,0379
1770922955291,BTC,A,Close Long,65704.0,0.00016,0.004541,-0.00368,0.25983,0379
1770922955291,BTC,A,Close Long,65701.0,0.00001,0.000283,-0.00026,0.25967,0379
1770922955291,BTC,A,Close Long,65699.0,0.00016,0.004541,-0.00448,0.25966,0379
1770922955291,BTC,A,Close Long,65697.0,0.00017,0.004824,-0.0051,0.2595,0379
1770922955291,BTC,A,Close Long,65696.0,0.00302,0.085709,-0.09362,0.25933,0379
1770922955291,BTC,A,Close Long,65694.0,0.25631,7.274028,-8.45823,0.25631,0379
1771069937572,SPX,A,Close Long,0.328,1525.2,0.216114,-32.654532,22723.8,0350
1771069937572,SPX,A,Close Long,0.32798,915.5,0.129714,-19.619165,21198.6,0350
1771069937572,SPX,A,Close Long,0.32794,1438.4,0.203778,-30.882448,20283.1,0350
1771069937572,SPX,A,Close Long,0.3279,662.2,0.093802,-14.243922,18844.7,0350
1771069937572,SPX,A,Close Long,0.32789,5742.5,0.813416,-123.5786,18182.5,0350
1771117565063,XRP,A,Open Short,1.535,426.0,0.094163,0.0,0.0,0373
1771117565063,XRP,A,Open Short,1.535,2275.0,0.502865,0.0,-426.0,0373
1771117565063,XRP,A,Open Short,1.535,188.0,0.041555,0.0,-2701.0,0373
1771117565063,XRP,A,Open Short,1.535,106.0,0.02343,0.0,-2889.0,0373
1771117565063,XRP,A,Open Short,1.535,300.0,0.066311,0.0,-2995.0,0373
1771117565063,XRP,A,Open Short,1.535,1590.0,0.351453,0.0,-3295.0,0373
1771419853593,PUMP,B,Open Long,0.002135,4683840.0,1.439999,0.0,0.0,0380
1771422962361,PUMP,A,Close Long,0.002073,294349.0,0.2636,-18.249638,4683840.0,0381
1771422962361,PUMP,A,Close Long,0.002073,96478.0,0.086399,-5.981636,4389491.0,0381
1771422962361,PUMP,A,Close Long,0.002072,9652.0,0.008639,-0.608076,4293013.0,0381
1771422962361,PUMP,A,Close Long,0.002072,2081952.0,1.863563,-131.162976,4283361.0,0381
1771429195277,PUMP,A,Close Long,0.002139,7028.0,0.006494,0.028112,2201409.0,0383
1771429195277,PUMP,A,Close Long,0.002139,208085.0,0.19228,0.83234,2194381.0,0383
1771429195277,PUMP,A,Close Long,0.002139,303723.0,0.280654,1.214892,1986296.0,0383
1771429195277,PUMP,A,Close Long,0.002139,939359.0,0.868012,3.757436,1682573.0,0383
1771429195277,PUMP,A,Close Long,0.002139,743214.0,0.686765,2.972856,743214.0,0383
1771443402228,XRP,B,Close Short,1.4247,2789.0,1.716546,307.6267,-4885.0,0382
1771443402228,XRP,B,Close Short,1.4247,2096.0,1.290025,231.1888,-2096.0,0382
1771869069382,HYPE,B,Open Long,25.65,779.72,2.879973,0.0,0.0,0385
1771880319526,HYPE,B,Open Long,26.424,75.68,0.863899,0.0,779.72,0386
1771880319526,HYPE,B,Open Long,26.425,19.16,0.218722,0.0,855.4,0386
1771880319526,HYPE,B,Open Long,26.425,19.16,0.218722,0.0,874.56,0386
1771880319526,HYPE,B,Open Long,26.425,19.16,0.218722,0.0,893.72,0386
1771880319526,HYPE,B,Open Long,26.425,75.68,0.863932,0.0,912.88,0386
1771880319526,HYPE,B,Open Long,26.425,18.99,0.216782,0.0,988.56,0386
1771880319526,HYPE,B,Open Long,26.425,75.68,0.863932,0.0,1007.55,0386
1771880320171,HYPE,B,Open Long,26.425,203.23,0.77333,0.0,1083.23,0386
1771880320303,HYPE,B,Open Long,26.425,60.9,0.231736,0.0,1286.46,0386
1771880361988,HYPE,A,Close Long,26.452,37.55,0.429093,17.85878,1347.36,0387
1771880361988,HYPE,A,Close Long,26.451,36.25,0.414222,17.20425,1309.81,0387
1771880361988,HYPE,A,Close Long,26.45,50.0,0.57132,23.68,1273.56,0387
1771880361988,HYPE,A,Close Long,26.449,34.36,0.392596,16.238536,1223.56,0387
1771880361988,HYPE,A,Close Long,26.449,66.83,0.763597,31.583858,1189.2,0387
1771880361988,HYPE,A,Close Long,26.448,313.95,3.587047,148.05882,1122.37,0387
1771981905806,HYPE,A,Close Long,27.658,166.74,1.992252,280.389984,808.42,0388
1771981905806,HYPE,A,Close Long,27.657,0.4,0.004779,0.67224,641.68,0388
1771981905806,HYPE,A,Close Long,27.654,383.43,4.580657,643.242168,641.28,0388
1771981905806,HYPE,A,Close Long,27.648,37.79,0.451361,63.169764,257.85,0388
1771981905806,HYPE,A,Close Long,27.647,58.65,0.700486,97.98069,220.06,0388
1771981905806,HYPE,A,Close Long,27.646,72.3,0.863484,120.71208,161.41,0388
1771981905806,HYPE,A,Close Long,27.643,89.11,1.064131,148.510726,89.11,0388
1772038883981,ETH,A,Close Long,2059.2,5.1637,4.593495,-278.32343,5.1637,0384
1772219337238,@107,B,Buy,27.15,37.0,0.014208,0.0,0.0,0389
1772651986550,@151,A,Sell,2195.0,0.0154,0.01298035,2.38854001,1.999386998,0392
1772651986550,@151,A,Sell,2195.0,1.9839,1.67218963,307.70289001,1.983986998,0392
1772668800022,@151,A,Spot Dust Conversion,2127.9,0.000086998,0.0,0.0,0.000086998,0393
1773007490447,AAVE,B,Open Long,104.5,0.47,0.007072,0.0,0.0,0390
1773007490447,AAVE,B,Open Long,104.5,3.92,0.058988,0.0,0.47,0390
1773007490635,AAVE,B,Open Long,104.5,5.09,0.076594,0.0,4.39,0390
1773007490706,AAVE,B,Open Long,104.5,10.45,0.157251,0.0,9.48,0390
1773007490706,AAVE,B,Open Long,104.5,20.43,0.30743,0.0,19.93,0390
1773007490706,AAVE,B,Open Long,104.5,25.17,0.378758,0.0,40.36,0390
1773007490771,AAVE,B,Open Long,104.5,6.24,0.093899,0.0,65.53,0390
1773407972355,AAVE,A,Close Long,118.57,12.64,0.647449,177.8448,71.77,0394
1773407972355,AAVE,A,Close Long,118.56,12.65,0.647906,177.859,59.13,0394
1773407972355,AAVE,A,Close Long,118.55,12.65,0.647852,177.7325,46.48,0394
1773407972355,AAVE,A,Close Long,118.55,25.34,1.297752,356.027,33.83,0394
1773407972355,AAVE,A,Close Long,118.55,8.49,0.434803,119.2845,8.49,0394
1773476801819,@107,A,Sell,37.098,36.98,0.52680347,367.49135321,36.985792,0396
1773901538005,xyz:SILVER,B,Open Long,73.65,32.74,0.069445,0.0,0.0,0397
1773901538005,xyz:SILVER,B,Open Long,73.65,0.83,0.00176,0.0,32.74,0397
1773901538005,xyz:SILVER,B,Open Long,73.65,7.09,0.015038,0.0,33.57,0397
1773901538005,xyz:SILVER,B,Open Long,73.65,20.0,0.042422,0.0,40.66,0397
1773901688927,xyz:SILVER,B,Open Long,73.65,143.0,0.30332,0.0,60.66,0397
1773909905400,xyz:SILVER,B,Open Long,70.15,0.33,0.000666,0.0,203.66,0398
1773909907372,xyz:SILVER,B,Open Long,70.15,70.94,0.143321,0.0,203.99,0398
1773957808911,xyz:SILVER,A,Close Long,73.285,11.28,0.071422,6.118272,274.93,0399
1773957808911,xyz:SILVER,A,Close Long,73.285,9.55,0.060468,5.17992,263.65,0399
1773957808911,xyz:SILVER,A,Close Long,73.284,21.19,0.134169,11.472266,254.1,0399
1773957808911,xyz:SILVER,A,Close Long,73.283,232.91,1.474704,125.864564,232.91,0399
1774188349585,xyz:GOLD,B,Open Long,4465.0,1.1198,1.439973,0.0,0.0,0401
1774214387896,PUMP,B,Open Long,0.001735,4899135.0,1.223999,0.0,0.0,0395
1774214643081,PUMP,A,Close Long,0.001738,187553.0,0.140817,0.562659,4899135.0,0402
1774214643081,PUMP,A,Close Long,0.001738,575422.0,0.432036,1.726266,4711582.0,0402
1774214643081,PUMP,A,Close Long,0.001738,447702.0,0.336141,1.343106,4136160.0,0402
1774214643081,PUMP,A,Close Long,0.001738,301920.0,0.226686,0.90576,3688458.0,0402
1774214643081,PUMP,A,Close Long,0.001738,28767.0,0.021598,0.086301,3386538.0,0402
1774214643081,PUMP,A,Close Long,0.001738,307069.0,0.230552,0.921207,3357771.0,0402
1774214643081,PUMP,A,Close Long,0.001738,830232.0,0.623351,2.490696,3050702.0,0402
1774214643081,PUMP,A,Close Long,0.001738,1161263.0,0.871894,3.483789,2220470.0,0402
1774214643081,PUMP,A,Close Long,0.001738,188337.0,0.141406,0.565011,1059207.0,0402
1774214643081,PUMP,A,Close Long,0.001738,182845.0,0.137282,0.548535,870870.0,0402
1774214643081,PUMP,A,Close Long,0.001738,688025.0,0.51658,2.064075,688025.0,0402
1774216447372,xyz:GOLD,A,Close Long,4477.6,1.1198,4.33211,14.10948,1.1198,0404
1774226124808,xyz:GOLD,B,Open Long,4375.0,1.1428,1.439927,0.0,0.0,0405
1774245099881,xyz:SILVER,B,Open Long,63.65,235.66,0.431993,0.0,0.0,0403
1774247345245,xyz:SILVER,B,Open Long,62.55,79.93,0.143989,0.0,235.66,0400
1774250327497,xyz:GOLD,B,Open Long,4135.0,1.2091,1.439893,0.0,1.1428,0406
1774399115985,xyz:SILVER,A,Close Long,73.826,3.38,0.021559,35.336548,315.59,0408
1774399115985,xyz:SILVER,A,Close Long,73.823,27.09,0.172788,283.133844,312.21,0408
1774399115985,xyz:SILVER,A,Close Long,73.823,0.14,0.000892,1.463224,285.12,0408
1774399115985,xyz:SILVER,A,Close Long,73.819,19.87,0.12673,207.593812,284.98,0408
1774402462204,xyz:GOLD,A,Close Long,4585.0,2.3519,9.31691,784.099941,2.3519,0407
1774464455826,xyz:SILVER,A,Close Long,72.096,27.74,0.172795,242.020404,265.11,0409
1774464455826,xyz:SILVER,A,Close Long,72.096,14.67,0.09138,127.989882,237.37,0409
1774624578784,xyz:SILVER,A,Close Long,71.063,63.22,0.38816,486.262952,222.7,0410
1774624578784,xyz:SILVER,A,Close Long,71.061,10.27,0.063054,78.972192,159.48,0410
1774793252160,SPX,B,Open Long,0.2655,24193.3,0.924958,0.0,0.0,0391
1774798040812,SPX,B,Open Long,0.2655,1203.0,0.045993,0.0,24193.3,0391
1774798041277,SPX,B,Open Long,0.2655,1247.7,0.047702,0.0,25396.3,0391
1774798041277,SPX,B,Open Long,0.2655,3487.8,0.133345,0.0,26644.0,0391
1774825152648,xyz:SILVER,A,Close Long,68.611,20.0,0.118559,104.792,149.21,0412
1774825152648,xyz:SILVER,A,Close Long,68.607,2.38,0.014107,12.460728,129.21,0412
1774829959534,SPX,A,Close Long,0.26604,7042.0,0.809331,3.80268,30131.8,0411
1774829959534,SPX,A,Close Long,0.26592,1158.7,0.133108,0.486654,23089.8,0411
1774829959534,SPX,A,Close Long,0.26589,768.4,0.088261,0.299676,21931.1,0411
1774829959534,SPX,A,Close Long,0.26588,1655.0,0.190093,0.6289,21162.7,0411
1774829959534,SPX,A,Close Long,0.26588,309.5,0.035549,0.11761,19507.7,0411
1774829959534,SPX,A,Close Long,0.26587,7042.0,0.808814,2.60554,19198.2,0411
1774829959534,SPX,A,Close Long,0.26587,195.8,0.022488,0.072446,12156.2,0411
1774829959534,SPX,A,Close Long,0.26583,3835.1,0.440417,1.265583,11960.4,0411
1774829959534,SPX,A,Close Long,0.26582,3019.9,0.346787,0.966368,8125.3,0411
1774829959534,SPX,A,Close Long,0.26576,1678.4,0.192694,0.436384,5105.4,0411
1774829959534,SPX,A,Close Long,0.26564,1158.7,0.132968,0.162218,3427.0,0411
1774829959534,SPX,A,Close Long,0.26564,2268.3,0.260302,0.317562,2268.3,0411
1774920133615,xyz:SILVER,A,Close Long,71.661,3.62,0.022413,30.008352,126.83,0413
1774920133615,xyz:SILVER,A,Close Long,71.658,27.9,0.172735,231.19614,123.21,0413
1774920133615,xyz:SILVER,A,Close Long,71.657,33.16,0.205299,274.750496,95.31,0413
1774920137155,xyz:SILVER,A,Close Long,71.652,0.27,0.001671,2.235762,62.15,0414
1774920137155,xyz:SILVER,A,Close Long,71.652,61.88,0.383082,512.403528,61.88,0414
1776017061442,xyz:SILVER,A,Open Short,74.84,3.91,0.025282,0.0,0.0,0415
1776017063527,xyz:SILVER,A,Open Short,74.84,11.43,0.024636,0.0,-3.91,0415
1776017068663,xyz:SILVER,A,Open Short,74.84,2.88,0.006207,0.0,-15.34,0415
1776017095846,xyz:SILVER,A,Open Short,74.84,199.86,0.430776,0.0,-18.22,0415
1776017095846,xyz:SILVER,A,Open Short,74.84,17.08,0.036814,0.0,-218.08,0415
1776053626998,xyz:SILVER,B,Close Short,74.26,2.35,0.015077,1.363,-235.16,0416
1776110998614,xyz:SILVER,B,Close Short,75.564,130.95,0.854937,-94.8078,-232.81,0417
1776110998614,xyz:SILVER,B,Close Short,75.565,0.14,0.000914,-0.1015,-101.86,0417
1776110998614,xyz:SILVER,B,Close Short,75.567,0.14,0.000914,-0.10178,-101.72,0417
1776110998614,xyz:SILVER,B,Close Short,75.573,1.32,0.008618,-0.96756,-101.58,0417
1776110998614,xyz:SILVER,B,Close Short,75.575,26.46,0.172775,-19.4481,-100.26,0417
1776110998614,xyz:SILVER,B,Close Short,75.575,0.14,0.000914,-0.1029,-73.8,0417
1776110998614,xyz:SILVER,B,Close Short,75.575,73.66,0.480976,-54.1401,-73.66,0417
1776268112682,xyz:XYZ100,A,Open Short,26030.0,0.0754,0.056524,0.0,0.0,0418
1776268112885,xyz:XYZ100,A,Open Short,26030.0,1.3298,0.996903,0.0,-0.0754,0418
1776268115574,xyz:XYZ100,A,Open Short,26030.0,0.0691,0.051801,0.0,-1.4052,0418
1776268116021,xyz:XYZ100,A,Open Short,26030.0,0.0623,0.046704,0.0,-1.4743,0418
1776356377623,xyz:XYZ100,B,Close Short,26391.0,0.2283,0.520565,-82.4163,-1.5366,0419
1776356377623,xyz:XYZ100,B,Close Short,26391.0,0.0374,0.085278,-13.5014,-1.3083,0419
1776356377623,xyz:XYZ100,B,Close Short,26391.0,0.4918,1.121393,-177.5398,-1.2709,0419
1776356400461,xyz:XYZ100,A,Open Short,26390.0,0.7803,1.779158,0.0,-0.7791,0420
1776364157198,xyz:XYZ100,B,Close Short,26200.0,0.1357,0.307181,1.374641,-1.5594,0422
1776364157198,xyz:XYZ100,B,Close Short,26201.0,0.0077,0.017431,0.070301,-1.4237,0422
1776364157198,xyz:XYZ100,B,Close Short,26201.0,0.1145,0.259201,1.045385,-1.416,0422
1776364157198,xyz:XYZ100,B,Close Short,26201.0,0.0385,0.087155,0.351505,-1.3015,0422
1776364157198,xyz:XYZ100,B,Close Short,26201.0,0.0113,0.02558,0.103169,-1.263,0422
1776364157198,xyz:XYZ100,B,Close Short,26202.0,0.0077,0.017431,0.062601,-1.2517,0422
1776364157198,xyz:XYZ100,B,Close Short,26202.0,0.0205,0.046408,0.166665,-1.244,0422
1776364157198,xyz:XYZ100,B,Close Short,26202.0,0.056,0.126775,0.45528,-1.2235,0422
1776364157198,xyz:XYZ100,B,Close Short,26202.0,0.3566,0.807289,2.899158,-1.1675,0422
1776427333573,xyz:XYZ100,A,Open Short,26400.0,0.7575,0.575942,0.0,-0.8109,0421
1776520583150,xyz:XYZ100,B,Close Short,26454.0,0.2117,0.483866,-32.214389,-1.5684,0423
1776520583150,xyz:XYZ100,B,Close Short,26454.0,0.2117,0.483866,-32.214389,-1.3567,0423
1776590673735,@151,B,Buy,2315.0,0.0262,0.00001006,0.0,0.0,0424
1776590679056,@151,B,Buy,2315.0,0.6955,0.000267072,0.0,0.02618994,0424
1776590679377,@151,B,Buy,2315.0,0.0065,0.000002496,0.0,0.721422868,0424
1776590679564,@151,B,Buy,2315.0,3.1594,0.001213209,0.0,0.727920372,0424
1776636054019,xyz:XYZ100,B,Close Short,26372.0,0.3778,0.860832,-26.510226,-1.145,0425
1776637609210,@151,A,Sell,2264.0,3.4749,3.02099466,-1.04246999,3.499976371,0426
1776637684650,@151,A,Sell,2264.0,0.025,0.0217344,-0.00749999,0.025076371,0426
1776643200062,@151,A,Spot Dust Conversion,2263.7,0.000076371,0.0,0.0,0.000076371,0427
1776893574322,@151,A,Sell,2400.0,0.2515,0.2317824,0.32695001,1.499965585,0428
1776893575381,@151,A,Sell,2400.0,0.2242,0.20662272,0.29146001,1.248465585,0428
1776893576399,@151,A,Sell,2400.0,0.2038,0.18782208,0.26494001,1.024265585,0428
1776893692806,@151,A,Sell,2400.0,0.8204,0.75608064,1.06652001,0.820465585,0428
1776902400028,@151,A,Spot Dust Conversion,2375.2,0.000065585,0.0,0.0,0.000065585,0429
1777045481641,xyz:XYZ100,A,Open Short,27200.0,0.2,0.156671,0.0,-0.7672,0430
1777045482132,xyz:XYZ100,A,Open Short,27200.0,0.5352,0.419254,0.0,-0.9672,0430
1777230954959,@151,A,Sell,2375.0,1.9999,1.8239088,27.59862001,1.999961494,0431
1777248000023,@151,A,Spot Dust Conversion,2369.1,0.000061494,0.0,0.0,0.000061494,0432
1777410379719,PUMP,B,Open Long,0.001925,3458287.0,0.958637,0.0,0.0,0433
1777410379918,PUMP,B,Open Long,0.001925,320268.0,0.088778,0.0,3458287.0,0433
1777410381335,PUMP,B,Open Long,0.001925,126571.0,0.035085,0.0,3778555.0,0433
1777410381335,PUMP,B,Open Long,0.001925,611353.0,0.169467,0.0,3905126.0,0433
1777410382143,PUMP,B,Open Long,0.001925,59333.0,0.016447,0.0,4516479.0,0433
1777410382143,PUMP,B,Open Long,0.001925,390000.0,0.108107,0.0,4575812.0,0433
1777410382143,PUMP,B,Open Long,0.001925,1011327.0,0.280339,0.0,4965812.0,0433
1777410382143,PUMP,B,Open Long,0.001925,516367.0,0.143136,0.0,5977139.0,0433
1777410401144,PUMP,A,Close Long,0.001903,3506493.0,2.882673,-77.142846,6493506.0,0434
1777410456020,PUMP,A,Close Long,0.00192,833600.0,0.691421,-4.168,2987013.0,0435
1777410456020,PUMP,A,Close Long,0.001919,2153413.0,1.785196,-12.920478,2153413.0,0435
1777556838644,xyz:XYZ100,B,Close Short,27165.0,0.7511,1.762873,-318.203515,-1.5024,0436
1777991103123,xyz:XYZ100,A,Open Short,27990.0,0.7145,0.575967,0.0,-0.7513,0437
1778065307191,xyz:XYZ100,A,Open Short,28500.0,0.3199,0.262573,0.0,-1.4658,0438
1778065310177,xyz:XYZ100,A,Open Short,28500.0,0.0072,0.005909,0.0,-1.7857,0438
1778065310177,xyz:XYZ100,A,Open Short,28500.0,0.0226,0.01855,0.0,-1.7929,0438
1778065310177,xyz:XYZ100,A,Open Short,28500.0,0.1766,0.144953,0.0,-1.8155,0438
1778163685486,xyz:XYZ100,B,Close Short,28755.0,0.4194,1.04197,-461.834892,-1.9921,0439
1778163685486,xyz:XYZ100,B,Close Short,28755.0,0.2184,0.542599,-240.497712,-1.5727,0439
1778163685486,xyz:XYZ100,B,Close Short,28757.0,0.0006,0.00149,-0.661908,-1.3543,0439
1778163685486,xyz:XYZ100,B,Close Short,28757.0,0.1909,0.474311,-210.597062,-1.3537,0439
1778163685486,xyz:XYZ100,B,Close Short,28757.0,0.0052,0.012919,-5.736536,-1.1628,0439
1778163685486,xyz:XYZ100,B,Close Short,28757.0,1.1576,2.876178,-1277.041168,-1.1576,0439
1778164408169,xyz:XYZ100,B,Open Long,28765.0,0.0456,0.113329,0.0,0.0,0440
1778164408169,xyz:XYZ100,B,Open Long,28765.0,1.9544,4.857262,0.0,0.0456,0440
1778164417415,xyz:XYZ100,A,Close Long,28763.0,2.0,4.970246,-4.0,2.0,0441
1778164435719,xyz:XYZ100,A,Open Short,28765.0,0.0708,0.058652,0.0,0.0,0442
1778164435719,xyz:XYZ100,A,Open Short,28765.0,0.2777,0.230055,0.0,-0.0708,0442
1778164435719,xyz:XYZ100,A,Open Short,28765.0,0.1883,0.155993,0.0,-0.3485,0442
1778164435719,xyz:XYZ100,A,Open Short,28765.0,0.1607,0.133129,0.0,-0.5368,0442
1778164435719,xyz:XYZ100,A,Open Short,28765.0,0.6682,0.553558,0.0,-0.6975,0442
1778164435719,xyz:XYZ100,A,Open Short,28765.0,0.1526,0.126418,0.0,-1.3657,0442
1778164435719,xyz:XYZ100,A,Open Short,28765.0,0.2182,0.180763,0.0,-1.5183,0442
1778164435823,xyz:XYZ100,A,Open Short,28765.0,0.2635,0.218291,0.0,-1.7365,0442
1778174447771,xyz:XYZ100,B,Close Short,28505.0,0.5,1.231416,130.0,-2.0,0443
1778174814140,xyz:XYZ100,B,Close Short,28473.0,0.405,0.996327,118.26,-1.5,0444
1778174820854,xyz:XYZ100,B,Close Short,28471.0,0.3286,0.808321,96.6084,-1.095,0445
1778174908288,xyz:XYZ100,B,Close Short,28489.0,0.3754,0.924028,103.6104,-0.7664,0446
1778190188486,xyz:XYZ100,B,Close Short,28484.0,0.0604,0.148645,16.9724,-0.391,0447
1778190188486,xyz:XYZ100,B,Close Short,28484.0,0.0063,0.015504,1.7703,-0.3306,0447
1778190188486,xyz:XYZ100,B,Close Short,28484.0,0.3243,0.798108,91.1283,-0.3243,0447
1778530434332,xyz:HIMS,B,Open Long,26.35,379.5,0.287994,0.0,0.0,0448
1778531885233,xyz:HIMS,A,Close Long,26.404,0.45,0.001026,0.0243,379.5,0449
1778531885233,xyz:HIMS,A,Close Long,26.404,0.45,0.001026,0.0243,379.05,0449
1778531885233,xyz:HIMS,A,Close Long,26.404,0.45,0.001026,0.0243,378.6,0449
1778531885766,xyz:HIMS,A,Close Long,26.4,42.67,0.032442,2.1335,378.15,0449
1778531886375,xyz:HIMS,A,Close Long,26.4,8.71,0.006622,0.4355,335.48,0449
1778531886375,xyz:HIMS,A,Close Long,26.4,0.45,0.000342,0.0225,326.77,0449
1778531886975,xyz:HIMS,A,Close Long,26.4,14.33,0.010895,0.7165,326.32,0449
1778531887042,xyz:HIMS,A,Close Long,26.4,1.28,0.000973,0.064,311.99,0449
1778531887243,xyz:HIMS,A,Close Long,26.4,1.0,0.00076,0.05,310.71,0449
1778531887380,xyz:HIMS,A,Close Long,26.4,0.45,0.000342,0.0225,309.71,0449
1778531887782,xyz:HIMS,A,Close Long,26.4,309.26,0.235136,15.463,309.26,0449
1778543258176,xyz:HIMS,B,Open Long,25.05,319.36,0.230399,0.0,0.0,0450
1778591495120,xyz:HIMS,A,Close Long,25.103,1.55,0.003361,0.08215,319.36,0451
1778591495120,xyz:HIMS,A,Close Long,25.102,4.79,0.010388,0.24908,317.81,0451
1778591495120,xyz:HIMS,A,Close Long,25.1,19.89,0.043134,0.9945,313.02,0451
1778591500059,xyz:HIMS,A,Close Long,25.1,293.13,0.211897,14.6565,293.13,0451
1778678865782,TON,B,Open Long,2.155,2050.2,0.636218,0.0,0.0,0452
1778678866628,TON,B,Open Long,2.155,29.3,0.009092,0.0,2050.2,0452
1778678868067,TON,B,Open Long,2.155,714.3,0.221661,0.0,2079.5,0452
1778678872736,TON,B,Open Long,2.155,97.9,0.03038,0.0,2793.8,0452
1778678891381,TON,B,Open Long,2.155,1052.6,0.326642,0.0,2891.7,0452
1778719106186,VVV,B,Open Long,13.6,661.76,1.29599,0.0,0.0,0453
1778736324719,TON,A,Close Long,2.1561,5.9,0.005495,0.00649,3944.3,0454
1778736324719,TON,A,Close Long,2.156,40.9,0.038093,0.0409,3938.4,0454
1778736324719,TON,A,Close Long,2.156,3897.5,3.6301,3.8975,3897.5,0454
1778844097707,@166,B,Buy,1.0001,3950.5,0.53094719,0.0,0.0,0456
1778849112603,HYPE,B,Open Long,44.55,160.85,1.031884,0.0,0.0,0455
1778849114945,HYPE,B,Open Long,44.55,375.95,2.411794,0.0,160.85,0455
1778849115152,HYPE,B,Open Long,44.55,19.8,0.12702,0.0,536.8,0455
1778849115205,HYPE,B,Open Long,44.55,0.08,0.000513,0.0,556.6,0455
1778849115205,HYPE,B,Open Long,44.55,1.06,0.0068,0.0,556.68,0455
1778849115205,HYPE,B,Open Long,44.55,1.49,0.009558,0.0,557.74,0455
1778849115205,HYPE,B,Open Long,44.55,8.52,0.054657,0.0,559.23,0455
1778849115205,HYPE,B,Open Long,44.55,10.04,0.064408,0.0,567.75,0455
1778849115205,HYPE,B,Open Long,44.55,40.93,0.262574,0.0,577.79,0455
1778849115205,HYPE,B,Open Long,44.55,54.68,0.350783,0.0,618.72,0455
1778849133873,HYPE,A,Close Long,44.51,17.98,0.345725,-0.7192,673.4,0457
1778849133873,HYPE,A,Close Long,44.507,108.0,2.076518,-4.644,655.42,0457
1778849133873,HYPE,A,Close Long,44.503,150.08,2.885332,-7.05376,547.42,0457
1778849133873,HYPE,A,Close Long,44.502,11.23,0.215895,-0.53904,397.34,0457
1778849133873,HYPE,A,Close Long,44.499,386.11,7.422411,-19.69161,386.11,0457
1778852329360,VVV,A,Close Long,13.562,36.03,0.211091,-1.36914,661.76,0458
1778852329360,VVV,A,Close Long,13.562,3.69,0.021618,-0.14022,625.73,0458
1778852329360,VVV,A,Close Long,13.562,3.69,0.021618,-0.14022,622.04,0458
1778852329360,VVV,A,Close Long,13.56,36.03,0.21106,-1.4412,618.35,0458
1778852329360,VVV,A,Close Long,13.56,18.44,0.10802,-0.7376,582.32,0458
1778852329360,VVV,A,Close Long,13.553,10.4,0.06089,-0.4888,563.88,0458
1778852329360,VVV,A,Close Long,13.553,83.63,0.489644,-3.93061,553.48,0458
1778852628292,VVV,A,Close Long,13.601,99.0,0.581687,0.099,469.85,0459
1778852628292,VVV,A,Close Long,13.6,18.38,0.107986,0.0,370.85,0459
1778852628292,VVV,A,Close Long,13.599,138.83,0.815594,-0.13883,352.47,0459
1778852628292,VVV,A,Close Long,13.596,10.52,0.061788,-0.04208,213.64,0459
1778852628292,VVV,A,Close Long,13.596,3.68,0.021614,-0.01472,203.12,0459
1778852628292,VVV,A,Close Long,13.595,36.03,0.211605,-0.18015,199.44,0459
1778852628292,VVV,A,Close Long,13.594,12.74,0.074817,-0.07644,163.41,0459
1778852628292,VVV,A,Close Long,13.594,12.8,0.075169,-0.0768,150.67,0459
1778852628292,VVV,A,Close Long,13.594,137.87,0.809656,-0.82722,137.87,0459
1778889600027,@166,A,Spot Dust Conversion,0.99945,0.00000081,0.0,0.0,0.00000081,0460
1778989219945,@166,A,Sell,0.99969,10.6,0.00142419,0.00000001,3949.969052,0461
1778989219945,@166,A,Sell,0.99953,10.6,0.00142397,-0.00169599,3939.369052,0461
1778989219945,@166,A,Sell,0.99952,3928.76,0.52777189,-0.66788919,3928.769052,0461
1779062400029,@166,A,Spot Dust Conversion,0.99972,0.009052,0.0,0.0,0.009052,0462
1779299430852,@107,A,Sell,52.35,90.0,1.809216,44.24255679,90.005772,0463
1779350231374,@107,A,Sell,58.4,13.73,0.30790348,4.14685806,35.005772,0464
1779350231927,@107,A,Sell,58.4,19.69,0.44156006,5.94695087,21.275772,0464
1779350233024,@107,A,Sell,58.4,1.58,0.03543244,0.47720581,1.585772,0464
1779378961536,@107,B,Buy,60.55,39.19,0.01504895,0.0,0.005772,0465
1779378961783,@107,B,Buy,60.55,109.68,0.04211711,0.0,39.18072305,0465
1779378961783,@107,B,Buy,60.55,66.08,0.02537471,0.0,148.81860594,0465
1779378961783,@107,B,Buy,60.55,119.3,0.0458112,0.0,214.87323123,0465
1779378961783,@107,B,Buy,60.55,48.02,0.01843967,0.0,334.12742003,0465
1779378961783,@107,B,Buy,60.55,21.27,0.00816767,0.0,382.12898036,0465
1779378961783,@107,B,Buy,60.55,37.53,0.01441151,0.0,403.39081269,0465
1779378961783,@107,B,Buy,60.55,13.1,0.0050304,0.0,440.90640118,0465
1779396666382,HYPE,B,Open Long,57.15,174.97,1.439933,0.0,0.0,0466
1779410930103,HYPE,A,Close Long,56.992,6.91,0.170127,-1.09178,174.97,0467
1779410930103,HYPE,A,Close Long,56.992,1.1,0.027082,-0.1738,168.06,0467
1779410930103,HYPE,A,Close Long,56.992,1.4,0.034468,-0.2212,166.96,0467
1779410930103,HYPE,A,Close Long,56.992,0.7,0.017234,-0.1106,165.56,0467
1779410930103,HYPE,A,Close Long,56.992,1.0,0.02462,-0.158,164.86,0467
1779410930103,HYPE,A,Close Long,56.991,6.6,0.162492,-1.0494,163.86,0467
1779410930103,HYPE,A,Close Long,56.991,1.7,0.041854,-0.2703,157.26,0467
1779410930103,HYPE,A,Close Long,56.991,1.5,0.03693,-0.2385,155.56,0467
1779410930103,HYPE,A,Close Long,56.991,0.7,0.017234,-0.1113,154.06,0467
1779410930103,HYPE,A,Close Long,56.991,3.5,0.08617,-0.5565,153.36,0467
1779410930103,HYPE,A,Close Long,56.99,12.3,0.302822,-1.968,149.86,0467
1779410930103,HYPE,A,Close Long,56.99,0.9,0.022157,-0.144,137.56,0467
1779410930103,HYPE,A,Close Long,56.99,1.3,0.032005,-0.208,136.66,0467
1779410930103,HYPE,A,Close Long,56.99,1.9,0.046777,-0.304,135.36,0467
1779410930103,HYPE,A,Close Long,56.988,0.9,0.022156,-0.1458,133.46,0467
1779410930103,HYPE,A,Close Long,56.988,0.8,0.019695,-0.1296,132.56,0467
1779410930103,HYPE,A,Close Long,56.988,0.8,0.019695,-0.1296,131.76,0467
1779410930103,HYPE,A,Close Long,56.988,1.7,0.041851,-0.2754,130.96,0467
1779410930103,HYPE,A,Close Long,56.988,0.8,0.019695,-0.1296,129.26,0467
1779410930103,HYPE,A,Close Long,56.987,0.9,0.022156,-0.1467,128.46,0467
1779410930103,HYPE,A,Close Long,56.987,1.6,0.039389,-0.2608,127.56,0467
1779410930103,HYPE,A,Close Long,56.987,1.2,0.029542,-0.1956,125.96,0467
1779410930103,HYPE,A,Close Long,56.986,7.3,0.179711,-1.1972,124.76,0467
1779410930103,HYPE,A,Close Long,56.986,1.1,0.027079,-0.1804,117.46,0467
1779410930103,HYPE,A,Close Long,56.986,2.3,0.056621,-0.3772,116.36,0467
1779410930103,HYPE,A,Close Long,56.985,1.2,0.029541,-0.198,114.06,0467
1779410930103,HYPE,A,Close Long,56.985,0.8,0.019694,-0.132,112.86,0467
1779410930103,HYPE,A,Close Long,56.985,0.7,0.017232,-0.1155,112.06,0467
1779410930103,HYPE,A,Close Long,56.985,0.9,0.022155,-0.1485,111.36,0467
1779410930103,HYPE,A,Close Long,56.983,0.9,0.022154,-0.1503,110.46,0467
1779410930103,HYPE,A,Close Long,56.983,3.0,0.073849,-0.501,109.56,0467
1779410930103,HYPE,A,Close Long,56.982,2.4,0.059078,-0.4032,106.56,0467
1779410930103,HYPE,A,Close Long,56.982,1.8,0.044309,-0.3024,104.16,0467
1779410930103,HYPE,A,Close Long,56.982,30.0,0.738486,-5.04,102.36,0467
1779410930103,HYPE,A,Close Long,56.981,1.0,0.024615,-0.169,72.36,0467
1779410930103,HYPE,A,Close Long,56.981,1.3,0.032,-0.2197,71.36,0467
1779410930103,HYPE,A,Close Long,56.981,0.36,0.008861,-0.06084,70.06,0467
1779410930103,HYPE,A,Close Long,56.98,69.7,1.71569,-11.849,69.7,0467
1779411128817,@107,A,Sell,57.625,26.15,1.0126326,-77.0961793,454.00137078,0468
1779411128817,@107,A,Sell,57.62,17.36,0.67219031,-51.26804943,427.85137078,0468
1779411128817,@107,A,Sell,57.618,52.05,2.01533935,-153.81965143,410.49137078,0468
1779411128817,@107,A,Sell,57.616,17.64,0.68298467,-52.16551345,358.44137078,0468
1779439394805,@107,A,Sell,59.75,340.8,7.8193152,-280.55632525,340.80137078,0469
1779476939438,HYPE,B,Open Long,55.65,359.38,2.879927,0.0,0.0,0470
1779478668237,HYPE,A,Close Long,55.777,130.01,3.132677,16.51127,359.38,0471
1779478668237,HYPE,A,Close Long,55.777,130.01,3.132677,16.51127,229.37,0471
1779478668237,HYPE,A,Close Long,55.776,99.36,2.394102,12.51936,99.36,0471
1779632217067,TON,B,Open Long,1.715,4956.2,1.223983,0.0,0.0,0473
1779721752948,TON,A,Close Long,1.9212,4569.5,3.792494,942.2309,4956.2,0474
1779721752948,TON,A,Close Long,1.9208,208.2,0.172761,42.84756,386.7,0474
1779721752948,TON,A,Close Long,1.9208,178.5,0.148116,36.7353,178.5,0474
1779928647659,LIT,B,Open Long,1.1155,7619.0,1.223855,0.0,0.0,0475
1779938295696,SPX,B,Open Long,0.305,27868.8,1.223997,0.0,0.0,0476
1779951238028,LIT,A,Close Long,1.1172,1182.0,0.570469,2.0094,7619.0,0477
1779951238028,LIT,A,Close Long,1.1171,500.0,0.241293,0.8,6437.0,0477
1779951238028,LIT,A,Close Long,1.1171,129.0,0.062253,0.2064,5937.0,0477
1779951238028,LIT,A,Close Long,1.117,481.0,0.232103,0.7215,5808.0,0477
1779951238028,LIT,A,Close Long,1.1168,17.0,0.008201,0.0221,5327.0,0477
1779951238028,LIT,A,Close Long,1.1167,2176.0,1.049733,2.6112,5310.0,0477
1779951238028,LIT,A,Close Long,1.1166,165.0,0.079591,0.1815,3134.0,0477
1779951238028,LIT,A,Close Long,1.1165,448.0,0.216082,0.448,2969.0,0477
1779951238028,LIT,A,Close Long,1.1164,2123.0,1.02389,1.9107,2521.0,0477
1779951238028,LIT,A,Close Long,1.1163,398.0,0.191932,0.3184,398.0,0477
1780113856196,ZEC,B,Open Long,515.0,17.47,1.295575,0.0,0.0,0472
1780121469555,ZEC,A,Close Long,515.84,2.5,0.557107,2.1,17.47,0478
1780121469555,ZEC,A,Close Long,515.83,2.46,0.548182,2.0418,14.97,0478
1780121469555,ZEC,A,Close Long,515.83,12.51,2.78771,10.3833,12.51,0478
1780161775236,#1100,B,Buy,0.3,500.0,0.0,0.0,0.0,0479
1780194905762,#1100,A,Settlement,1.0,500.0,0.0,350.0,500.0,0480
1780346796752,xyz:CBRS,B,Open Long,212.5,9.2,0.056303,0.0,0.0,0481
1780346798242,xyz:CBRS,B,Open Long,212.5,9.2,0.056303,0.0,9.2,0481
1780346798856,xyz:CBRS,B,Open Long,212.5,1.12,0.006854,0.0,18.4,0481
1780346798856,xyz:CBRS,B,Open Long,212.5,15.38,0.094125,0.0,19.52,0481
1780346798856,xyz:CBRS,B,Open Long,212.5,7.45,0.045593,0.0,34.9,0481
1780413835349,xyz:CBRS,A,Close Long,236.37,1.71,0.034922,40.8177,42.35,0482
1780413835349,xyz:CBRS,A,Close Long,236.36,3.75,0.07658,89.475,40.64,0482
1780413835349,xyz:CBRS,A,Close Long,236.36,1.71,0.03492,40.8006,36.89,0482
1780413835349,xyz:CBRS,A,Close Long,236.35,3.75,0.076577,89.4375,35.18,0482
1780413835349,xyz:CBRS,A,Close Long,236.35,1.71,0.034919,40.7835,31.43,0482
1780413835349,xyz:CBRS,A,Close Long,236.34,3.75,0.076574,89.4,29.72,0482
1780413835349,xyz:CBRS,A,Close Long,236.34,1.71,0.034917,40.7664,25.97,0482
1780413835349,xyz:CBRS,A,Close Long,236.33,3.75,0.07657,89.3625,24.26,0482
1780413835349,xyz:CBRS,A,Close Long,236.33,1.71,0.034916,40.7493,20.51,0482
1780413835349,xyz:CBRS,A,Close Long,236.32,3.75,0.076567,89.325,18.8,0482
1780413835349,xyz:CBRS,A,Close Long,236.32,1.71,0.034914,40.7322,15.05,0482
1780413835349,xyz:CBRS,A,Close Long,236.31,13.34,0.272365,317.6254,13.34,0482
1780492705481,SPX,A,Close Long,0.35362,1100.6,0.168131,53.511172,27868.8,0483
1780492705481,SPX,A,Close Long,0.3534,889.6,0.135814,43.05664,26768.2,0483
1780492705481,SPX,A,Close Long,0.35334,530.7,0.081007,25.654038,25878.6,0483
1780492705481,SPX,A,Close Long,0.35332,3240.5,0.494611,156.58096,25347.9,0483
1780492705481,SPX,A,Close Long,0.35324,889.6,0.135752,42.914304,22107.4,0483
1780492705481,SPX,A,Close Long,0.35324,2393.7,0.365277,115.472088,21217.8,0483
1780492705481,SPX,A,Close Long,0.35323,4917.8,0.750433,237.185494,18824.1,0483
1780492705481,SPX,A,Close Long,0.35322,29.8,0.004547,1.436956,13906.3,0483
1780492705481,SPX,A,Close Long,0.35321,1417.4,0.216276,68.332854,13876.5,0483
1780492705481,SPX,A,Close Long,0.35316,5346.0,0.815613,257.46336,12459.1,0483
1780492705481,SPX,A,Close Long,0.35309,889.6,0.135695,42.780864,7113.1,0483
1780492705481,SPX,A,Close Long,0.35306,500.0,0.07626,24.03,6223.5,0483
1780492705481,SPX,A,Close Long,0.35302,5723.5,0.87286,274.84247,5723.5,0483
1780530685804,BTC,B,Open Long,64155.0,0.54555,5.039965,0.0,0.0,0486
1780538676444,TAO,B,Open Long,206.5,43.583,1.295984,0.0,0.0,0484
1780538685274,SPX,B,Open Long,0.303,12529.7,0.546695,0.0,0.0,0485
1780538685274,SPX,B,Open Long,0.303,15523.1,0.677303,0.0,12529.7,0485
1780538693001,TON,B,Open Long,1.725,1060.3,0.263378,0.0,0.0,0487
1780538693001,TON,B,Open Long,1.725,586.3,0.145636,0.0,1060.3,0487
1780538693001,TON,B,Open Long,1.725,443.0,0.110041,0.0,1646.6,0487
1780538693601,TON,B,Open Long,1.725,6.4,0.001589,0.0,2089.6,0487
1780538693756,TON,B,Open Long,1.725,2303.9,0.572288,0.0,2096.0,0487
1780538693756,TON,B,Open Long,1.725,740.0,0.183815,0.0,4399.9,0487
1780538693756,TON,B,Open Long,1.725,77.4,0.019226,0.0,5139.9,0487
1780551225827,BTC,A,Close Long,64176.0,0.05455,1.512345,1.14555,0.54555,0490
1780551228939,BTC,A,Close Long,64173.0,0.00017,0.004712,0.00306,0.491,0491
1780551228939,BTC,A,Close Long,64173.0,0.01731,0.47988,0.31158,0.49083,0491
1780551228939,BTC,A,Close Long,64173.0,0.03161,0.876315,0.56898,0.47352,0491
1780551232276,BTC,A,Close Long,64179.0,0.00003,0.000831,0.00072,0.44191,0492
1780551232276,BTC,A,Close Long,64178.0,0.00017,0.004713,0.00391,0.44188,0492
1780551232276,BTC,A,Close Long,64177.0,0.00017,0.004713,0.00374,0.44171,0492
1780551232276,BTC,A,Close Long,64176.0,0.00017,0.004713,0.00357,0.44154,0492
1780551232276,BTC,A,Close Long,64176.0,0.00016,0.004435,0.00336,0.44137,0492
1780551232276,BTC,A,Close Long,64175.0,0.00017,0.004713,0.0034,0.44121,0492
1780551232276,BTC,A,Close Long,64174.0,0.00017,0.004712,0.00323,0.44104,0492
1780551232276,BTC,A,Close Long,64173.0,0.00017,0.004712,0.00306,0.44087,0492
1780551232276,BTC,A,Close Long,64172.0,0.00017,0.004712,0.00289,0.4407,0492
1780551232276,BTC,A,Close Long,64171.0,0.00017,0.004712,0.00272,0.44053,0492
1780551232276,BTC,A,Close Long,64171.0,0.003,0.083165,0.048,0.44036,0492
1780551232276,BTC,A,Close Long,64171.0,0.00233,0.064591,0.03728,0.43736,0492
1780551232276,BTC,A,Close Long,64170.0,0.00017,0.004712,0.00255,0.43503,0492
1780551232276,BTC,A,Close Long,64170.0,0.00016,0.004435,0.0024,0.43486,0492
1780551232276,BTC,A,Close Long,64170.0,0.0006,0.016632,0.009,0.4347,0492
1780551232276,BTC,A,Close Long,64169.0,0.00017,0.004712,0.00238,0.4341,0492
1780551232276,BTC,A,Close Long,64169.0,0.003,0.083163,0.042,0.43393,0492
1780551232276,BTC,A,Close Long,64168.0,0.00017,0.004712,0.00221,0.43093,0492
1780551232276,BTC,A,Close Long,64168.0,0.07723,2.14086,1.00399,0.43076,0492
1780551236438,BTC,A,Close Long,64233.0,0.01,0.277486,0.78,0.35353,0493
1780551236438,BTC,A,Close Long,64233.0,0.02098,0.582166,1.63644,0.34353,0493
1780551236438,BTC,A,Close Long,64233.0,0.01,0.277486,0.78,0.32255,0493
1780551236438,BTC,A,Close Long,64233.0,0.02972,0.82469,2.31816,0.31255,0493
1780551239663,BTC,A,Close Long,64214.0,0.14424,4.001282,8.51016,0.28283,0494
1780551242280,BTC,A,Close Long,64211.0,0.00593,0.164493,0.33208,0.13859,0495
1780551242280,BTC,A,Close Long,64211.0,0.00516,0.143134,0.28896,0.13266,0495
1780551242280,BTC,A,Close Long,64211.0,0.00546,0.151455,0.30576,0.1275,0495
1780551242280,BTC,A,Close Long,64211.0,0.00583,0.161719,0.32648,0.12204,0495
1780551242280,BTC,A,Close Long,64211.0,0.00502,0.13925,0.28112,0.11621,0495
1780551242280,BTC,A,Close Long,64211.0,0.00548,0.15201,0.30688,0.11119,0495
1780551242280,BTC,A,Close Long,64211.0,0.00553,0.153397,0.30968,0.10571,0495
1780551242280,BTC,A,Close Long,64211.0,0.00593,0.164493,0.33208,0.10018,0495
1780551242280,BTC,A,Close Long,64211.0,0.00571,0.15839,0.31976,0.09425,0495
1780551242280,BTC,A,Close Long,64211.0,0.00582,0.161441,0.32592,0.08854,0495
1780551242280,BTC,A,Close Long,64211.0,0.00502,0.13925,0.28112,0.08272,0495
1780551242280,BTC,A,Close Long,64211.0,0.00609,0.168931,0.34104,0.0777,0495
1780551242280,BTC,A,Close Long,64211.0,0.0059,0.16366,0.3304,0.07161,0495
1780551242280,BTC,A,Close Long,64211.0,0.00611,0.169486,0.342771,0.06571,0495
1780551242280,BTC,A,Close Long,64211.0,0.00577,0.160054,0.323697,0.0596,0495
1780551242280,BTC,A,Close Long,64211.0,0.00503,0.139527,0.282183,0.05383,0495
1780551242280,BTC,A,Close Long,64211.0,0.0488,1.35367,2.73768,0.0488,0495
1780567592065,HYPE,B,Open Long,65.55,381.38,3.599922,0.0,0.0,0496
1780570116649,@142,B,Buy,62350.0,0.08061,0.0000309542,0.0,0.0,0488
1780570116649,@142,B,Buy,62350.0,0.15996,0.0000614246,0.0,0.0805790458,0488
1780572980904,TON,A,Close Long,1.7248,12.8,0.009537,-0.00256,5217.3,0497
1780572980904,TON,A,Close Long,1.724,19.2,0.014299,-0.0192,5204.5,0497
1780572980904,TON,A,Close Long,1.7239,74.1,0.055184,-0.08151,5185.3,0497
1780572980904,TON,A,Close Long,1.7238,254.4,0.189446,-0.30528,5111.2,0497
1780572980904,TON,A,Close Long,1.7236,1778.5,1.324262,-2.4899,4856.8,0497
1780573971629,TON,A,Close Long,1.7361,1500.0,1.124992,16.65,3078.3,0498
1780573971629,TON,A,Close Long,1.7361,78.0,0.058499,0.8658,1578.3,0498
1780573971629,TON,A,Close Long,1.7361,1500.0,1.124992,16.65,1500.3,0498
1780573971629,TON,A,Close Long,1.7361,0.3,0.000224,0.00333,0.3,0498
1780607698478,SPX,A,Close Long,0.31006,1678.4,0.224814,11.849504,28052.8,0499
1780607698478,SPX,A,Close Long,0.31005,515.9,0.0691,3.637095,26374.4,0499
1780607698478,SPX,A,Close Long,0.31005,543.1,0.072743,3.828855,25858.5,0499
1780607698478,SPX,A,Close Long,0.31004,628.9,0.084233,4.427456,25315.4,0499
1780607711900,TAO,A,Close Long,212.59,4.794,0.440275,29.19546,43.583,0500
1780623134269,HYPE,A,Close Long,65.7,90.79,0.858946,13.6185,381.38,0502
1780623134619,HYPE,A,Close Long,65.7,0.2,0.001892,0.03,290.59,0502
1780623135037,HYPE,A,Close Long,65.7,6.64,0.062819,0.996,290.39,0502
1780623135037,HYPE,A,Close Long,65.7,14.44,0.136613,2.166,283.75,0502
1780623135037,HYPE,A,Close Long,65.7,43.78,0.414193,6.567,269.31,0502
1780623135106,HYPE,A,Close Long,65.7,4.98,0.047114,0.747,225.53,0502
1780623135174,HYPE,A,Close Long,65.7,64.53,0.610505,9.6795,220.55,0502
1780623135174,HYPE,A,Close Long,65.7,156.02,1.476074,23.403,156.02,0502
1780624435609,SPX,A,Close Long,0.30448,681.8,0.08968,1.009064,24686.5,0503
1780624435609,SPX,A,Close Long,0.30447,1678.4,0.220761,2.467248,24004.7,0503
1780624435609,SPX,A,Close Long,0.30444,500.0,0.065759,0.72,22326.3,0503
1780624435609,SPX,A,Close Long,0.30443,164.2,0.021594,0.234806,21826.3,0503
1780624435609,SPX,A,Close Long,0.30442,5977.5,0.786097,8.48805,21662.1,0503
1780624435609,SPX,A,Close Long,0.30442,2579.4,0.339215,3.662748,15684.6,0503
1780624435609,SPX,A,Close Long,0.30436,6203.1,0.815605,8.436216,13105.2,0503
1780624435609,SPX,A,Close Long,0.30436,1644.5,0.216224,2.252965,6902.1,0503
1780624435609,SPX,A,Close Long,0.30431,5257.6,0.691174,6.940032,5257.6,0503
1780626952811,TAO,A,Close Long,207.54,3.376,0.302682,3.51104,38.789,0504
1780626952811,TAO,A,Close Long,207.51,3.031,0.271711,3.06131,35.413,0504
1780626952811,TAO,A,Close Long,207.49,4.822,0.432223,4.77378,32.382,0504
1780626952811,TAO,A,Close Long,207.49,4.822,0.432223,4.77378,27.56,0504
1780626952811,TAO,A,Close Long,207.49,4.822,0.432223,4.77378,22.738,0504
1780626952811,TAO,A,Close Long,207.49,4.822,0.432223,4.77378,17.916,0504
1780626952811,TAO,A,Close Long,207.49,4.822,0.432223,4.77378,13.094,0504
1780626952811,TAO,A,Close Long,207.49,1.163,0.104246,1.15137,8.272,0504
1780626952811,TAO,A,Close Long,207.49,1.213,0.108728,1.20087,7.109,0504
1780626952811,TAO,A,Close Long,207.49,1.213,0.108728,1.20087,5.896,0504
1780626952811,TAO,A,Close Long,207.49,1.587,0.142251,1.57113,4.683,0504
1780626952811,TAO,A,Close Long,207.49,1.15,0.103081,1.1385,3.096,0504
1780626952811,TAO,A,Close Long,207.48,1.946,0.174422,1.90708,1.946,0504
1780631968221,HYPE,B,Open Long,61.65,486.61,4.319928,0.0,0.0,0505
1780638713300,TON,B,Open Long,1.605,318.7,0.073657,0.0,0.0,0501
1780638714084,TON,B,Open Long,1.605,5.0,0.001155,0.0,318.7,0501
1780638715187,TON,B,Open Long,1.605,1345.7,0.311018,0.0,323.7,0501
1780638715187,TON,B,Open Long,1.605,623.3,0.144057,0.0,1669.4,0501
1780638715187,TON,B,Open Long,1.605,53.6,0.012388,0.0,2292.7,0501
1780638715187,TON,B,Open Long,1.605,2949.6,0.681711,0.0,2346.3,0501
1780640579704,@142,B,Buy,61350.0,0.08149,0.0000312921,0.0,0.2404776212,0489
1780650134193,@142,A,Sell,62530.0,0.01939,0.46558337,7.93386478,0.3219363291,0507
1780650134193,@142,A,Sell,62530.0,0.01636,0.39282846,6.69407054,0.3025463291,0507
1780650134193,@142,A,Sell,62530.0,0.02061,0.49487742,8.43305586,0.2861863291,0507
1780650134193,@142,A,Sell,62530.0,0.12785,3.06987283,52.31277006,0.2655763291,0507
1780650134253,@142,A,Sell,62530.0,0.03181,0.76380645,13.01579364,0.1377263291,0507
1780650134253,@142,A,Sell,62530.0,0.0251,0.60268915,10.2702427,0.1059163291,0507
1780650134437,@142,A,Sell,62530.0,0.02,0.4802304,8.18346032,0.0808163291,0507
1780650134504,@142,A,Sell,62530.0,0.04232,1.01616752,17.31620204,0.0608163291,0507
1780650135588,@142,A,Sell,62530.0,0.01849,0.443973,7.56560907,0.0184963291,0507
1780687074011,xyz:XYZ100,B,Open Long,28975.0,0.0801,0.066841,0.0,0.0,0508
1780687210783,xyz:XYZ100,B,Open Long,28975.0,1.9,1.585511,0.0,0.0801,0509
1780695297384,xyz:XYZ100,A,Close Long,29026.0,0.7023,1.76126,35.8173,1.9801,0510
1780695297384,xyz:XYZ100,A,Close Long,29026.0,0.0144,0.036112,0.7344,1.2778,0510
1780695297384,xyz:XYZ100,A,Close Long,29025.0,0.173,0.433842,8.65,1.2634,0510
1780695297384,xyz:XYZ100,A,Close Long,29025.0,0.0128,0.032099,0.64,1.0904,0510
1780695297384,xyz:XYZ100,A,Close Long,29025.0,0.0004,0.001003,0.02,1.0776,0510
1780695297384,xyz:XYZ100,A,Close Long,29024.0,0.0126,0.031596,0.6174,1.0772,0510
1780695297384,xyz:XYZ100,A,Close Long,29024.0,0.0041,0.010281,0.2009,1.0646,0510
1780695297384,xyz:XYZ100,A,Close Long,29023.0,0.2307,0.5785,11.0736,1.0605,0510
1780695297384,xyz:XYZ100,A,Close Long,29022.0,0.01,0.025075,0.47,0.8298,0510
1780695297384,xyz:XYZ100,A,Close Long,29021.0,0.0172,0.043127,0.7912,0.8198,0510
1780695297384,xyz:XYZ100,A,Close Long,29020.0,0.0026,0.006519,0.117,0.8026,0510
1780695297384,xyz:XYZ100,A,Close Long,29019.0,0.0307,0.076972,1.3508,0.8,0510
1780695297384,xyz:XYZ100,A,Close Long,29018.0,0.0047,0.011783,0.2021,0.7693,0510
1780695297384,xyz:XYZ100,A,Close Long,29018.0,0.7646,1.91697,32.8778,0.7646,0510
1780704000050,@142,A,Spot Dust Conversion,61052.0,0.0000063291,0.0,0.0,0.0000063291,0511
1780738675969,TON,A,Close Long,1.5895,1500.0,1.029996,-23.25,5295.9,0512
1780738675969,TON,A,Close Long,1.5895,1094.9,0.751828,-16.97095,3795.9,0512
1780756769617,TON,A,Close Long,1.6075,73.1,0.050763,0.18275,2701.0,0506
1780756769617,TON,A,Close Long,1.6075,2218.2,1.540406,5.5455,2627.9,0506
1780756769617,TON,A,Close Long,1.6074,409.7,0.284494,0.98328,409.7,0506
1780775940294,HYPE,B,Open Long,55.55,360.03,2.879951,0.0,486.61,0513
1780870428396,HYPE,A,Close Long,59.328,31.78,0.814511,8.64416,846.64,0514
1780870428396,HYPE,A,Close Long,59.328,50.0,1.281484,13.6,814.86,0514
1780870428396,HYPE,A,Close Long,59.328,50.0,1.281484,13.6,764.86,0514
1780870428396,HYPE,A,Close Long,59.327,50.0,1.281463,13.55,714.86,0514
1780870428396,HYPE,A,Close Long,59.327,50.0,1.281463,13.55,664.86,0514
1780870428396,HYPE,A,Close Long,59.327,50.0,1.281463,13.55,614.86,0514
1780870428396,HYPE,A,Close Long,59.327,50.0,1.281463,13.55,564.86,0514
1780870428396,HYPE,A,Close Long,59.326,50.0,1.281441,13.5,514.86,0514
1780870428396,HYPE,A,Close Long,59.326,50.0,1.281441,13.5,464.86,0514
1780870428396,HYPE,A,Close Long,59.325,50.0,1.28142,13.45,414.86,0514
1780870428396,HYPE,A,Close Long,59.325,50.0,1.28142,13.45,364.86,0514
1780870428396,HYPE,A,Close Long,59.324,50.0,1.281398,13.4,314.86,0514
1780870428396,HYPE,A,Close Long,59.324,50.0,1.281398,13.4,264.86,0514
1780870428396,HYPE,A,Close Long,59.323,50.0,1.281376,13.35,214.86,0514
1780870428396,HYPE,A,Close Long,59.302,112.11,2.872085,27.57906,164.86,0514
1780870428396,HYPE,A,Close Long,59.293,52.75,1.351168,12.50175,52.75,0514
1781018797493,xyz:XYZ100,B,Open Long,28925.0,1.5817,1.317619,0.0,0.0,0515
1781018797493,xyz:XYZ100,B,Open Long,28925.0,0.0826,0.068809,0.0,1.5817,0515
1781018797763,xyz:XYZ100,B,Open Long,28925.0,0.1222,0.101797,0.0,1.6643,0515
1781018797763,xyz:XYZ100,B,Open Long,28925.0,0.0755,0.062894,0.0,1.7865,0515
1781018797763,xyz:XYZ100,B,Open Long,28925.0,0.0467,0.038902,0.0,1.862,0515
1781018797892,xyz:XYZ100,B,Open Long,28925.0,0.0913,0.076056,0.0,1.9087,0515
1781021187337,xyz:MRVL,B,Open Long,252.5,59.4,0.431956,0.0,0.0,0516
1781021850889,xyz:XYZ100,B,Open Long,28475.0,0.5042,0.413484,0.0,2.0,0518
1781021851007,xyz:XYZ100,B,Open Long,28475.0,0.2458,0.201575,0.0,2.5042,0518
1781023199626,xyz:MU,B,Open Long,855.5,20.455,0.503978,0.0,0.0,0517
1781024630707,xyz:MRVL,A,Close Long,252.79,31.26,0.682751,9.0654,59.4,0519
1781024630707,xyz:MRVL,A,Close Long,252.78,0.6,0.013104,0.168,28.14,0519
1781024630707,xyz:MRVL,A,Close Long,252.75,27.54,0.601407,6.885,27.54,0519
1781027003546,xyz:XYZ100,A,Close Long,28884.0,0.0208,0.051908,1.699984,2.75,0520
1781027003546,xyz:XYZ100,A,Close Long,28883.0,0.0208,0.051906,1.679184,2.7292,0520
1781027003546,xyz:XYZ100,A,Close Long,28881.0,0.0208,0.051902,1.637584,2.7084,0520
1781027003546,xyz:XYZ100,A,Close Long,28880.0,0.0123,0.030691,0.956079,2.6876,0520
1781027003546,xyz:XYZ100,A,Close Long,28879.0,0.0038,0.009481,0.291574,2.6753,0520
1781027003546,xyz:XYZ100,A,Close Long,28879.0,1.7333,4.324835,132.996109,2.6715,0520
1781027003546,xyz:XYZ100,A,Close Long,28879.0,0.0017,0.004241,0.130441,0.9382,0520
1781027003546,xyz:XYZ100,A,Close Long,28878.0,0.2217,0.553154,16.789341,0.9365,0520
1781027003546,xyz:XYZ100,A,Close Long,28878.0,0.7148,1.783468,54.131804,0.7148,0520
1781042616793,HYPE,B,Open Long,57.65,433.65,3.599988,0.0,0.0,0521
1781068628194,@107,B,Buy,55.165,181.27,0.06960767,0.0,0.00137078,0524
1781089494402,VVV,B,Open Long,13.7,7.31,0.014421,0.0,0.0,0525
1781089494402,VVV,B,Open Long,13.7,7.31,0.014421,0.0,7.31,0525
1781089494402,VVV,B,Open Long,13.7,715.3,1.411143,0.0,14.62,0525
1781095056584,VVV,A,Close Long,13.752,108.03,0.641791,5.61756,729.92,0527
1781095056584,VVV,A,Close Long,13.751,28.85,0.171381,1.47135,621.89,0527
1781095056584,VVV,A,Close Long,13.751,9.1,0.054057,0.4641,593.04,0527
1781097875087,VVV,A,Close Long,13.779,2.35,0.013988,0.18565,583.94,0528
1781097875087,VVV,A,Close Long,13.777,41.54,0.247232,3.19858,581.59,0528
1781097875087,VVV,A,Close Long,13.775,18.89,0.11241,1.41675,540.05,0528
1781097875087,VVV,A,Close Long,13.774,20.85,0.124065,1.5429,521.16,0528
1781097875087,VVV,A,Close Long,13.773,22.32,0.132802,1.62936,500.31,0528
1781097875087,VVV,A,Close Long,13.772,16.62,0.09888,1.19664,477.99,0528
1781097875087,VVV,A,Close Long,13.772,24.87,0.147964,1.79064,461.37,0528
1781097875087,VVV,A,Close Long,13.771,52.86,0.314467,3.75306,436.5,0528
1781097875087,VVV,A,Close Long,13.77,93.83,0.55816,6.5681,383.64,0528
1781097875087,VVV,A,Close Long,13.77,47.56,0.282917,3.3292,289.81,0528
1781097875087,VVV,A,Close Long,13.769,18.88,0.112302,1.30272,242.25,0528
1781097875087,VVV,A,Close Long,13.769,50.91,0.302823,3.51279,223.37,0528
1781097875087,VVV,A,Close Long,13.767,49.15,0.292311,3.29305,172.46,0528
1781097875087,VVV,A,Close Long,13.764,18.86,0.112142,1.20704,123.31,0528
1781097875087,VVV,A,Close Long,13.764,93.83,0.557917,6.00512,104.45,0528
1781097875087,VVV,A,Close Long,13.763,10.62,0.063142,0.66906,10.62,0528
1781099668330,HYPE,A,Close Long,57.632,34.7,0.863926,-0.6246,433.65,0530
1781099668330,HYPE,A,Close Long,57.627,27.76,0.691081,-0.63848,398.95,0530
1781099668330,HYPE,A,Close Long,57.627,34.7,0.863851,-0.7981,371.19,0530
1781099668330,HYPE,A,Close Long,57.627,27.0,0.672161,-0.621,336.49,0530
1781099668330,HYPE,A,Close Long,57.626,92.17,2.294519,-2.21208,309.49,0530
1781102090667,xyz:MU,A,Close Long,955.55,0.101,0.008338,10.10505,20.455,0529
1781102090667,xyz:MU,A,Close Long,955.52,0.194,0.016016,19.40388,20.354,0529
1781102090667,xyz:MU,A,Close Long,955.5,0.314,0.025922,31.4,20.16,0529
1781102090667,xyz:MU,A,Close Long,955.46,0.618,0.051016,61.77528,19.846,0529
1781102090667,xyz:MU,A,Close Long,955.46,16.227,1.339567,1622.05092,19.228,0529
1781102090667,xyz:MU,A,Close Long,955.44,0.389,0.032111,38.87666,3.001,0529
1781102090667,xyz:MU,A,Close Long,955.43,1.623,0.133977,162.18639,2.612,0529
1781102090667,xyz:MU,A,Close Long,955.42,0.194,0.016014,19.38448,0.989,0529
1781102090667,xyz:MU,A,Close Long,955.42,0.795,0.065625,79.4364,0.795,0529
1781103377319,xyz:GOLD,B,Open Long,4130.0,0.1009,0.120014,0.0,0.0,0522
1781103377730,xyz:GOLD,B,Open Long,4130.0,1.0211,1.214537,0.0,0.1009,0522
1781103377730,xyz:GOLD,B,Open Long,4130.0,0.1998,0.23765,0.0,1.122,0522
1781103377730,xyz:GOLD,B,Open Long,4130.0,0.221,0.262866,0.0,1.3218,0522
1781103377730,xyz:GOLD,B,Open Long,4130.0,0.4923,0.585561,0.0,1.5428,0522
1781103377730,xyz:GOLD,B,Open Long,4130.0,1.8052,2.147177,0.0,2.0351,0522
1781103377730,xyz:GOLD,B,Open Long,4130.0,0.2388,0.284038,0.0,3.8403,0522
1781103377730,xyz:GOLD,B,Open Long,4130.0,0.4278,0.508842,0.0,4.0791,0522
1781103377730,xyz:GOLD,B,Open Long,4130.0,0.456,0.542384,0.0,4.5069,0522
1781103377730,xyz:GOLD,B,Open Long,4130.0,1.0903,1.296846,0.0,4.9629,0522
1781116827584,HYPE,B,Open Long,54.45,183.65,1.439962,0.0,217.32,0523
1781182374923,HYPE,A,Close Long,56.44,8.08,0.197007,2.066056,400.97,0531
1781182374923,HYPE,A,Close Long,56.44,21.05,0.513242,5.382485,392.89,0531
1781182374923,HYPE,A,Close Long,56.44,10.63,0.259181,2.718091,371.84,0531
1781182374923,HYPE,A,Close Long,56.44,48.45,1.181311,12.388665,361.21,0531
1781272201224,xyz:SPCX,B,Open Long,166.5,144.14,0.69118,0.0,0.0,0532
1781276954268,xyz:GOLD,A,Close Long,4210.0,0.7606,2.766636,60.848,6.0532,0533
1781276954268,xyz:GOLD,A,Close Long,4210.0,0.2375,0.863892,19.0,5.2926,0533
1781276954268,xyz:GOLD,A,Close Long,4210.0,0.0914,0.332462,7.312,5.0551,0533
1781278809030,xyz:SPCX,B,Open Long,156.0,64.1,0.287988,0.0,144.14,0534
1781281037335,xyz:SPCX,A,Close Long,166.77,5.22,0.075214,18.280962,208.24,0535
1781281037335,xyz:SPCX,A,Close Long,166.76,75.99,1.094868,265.364679,203.02,0535
1781394271192,HYPE,A,Close Long,60.879,51.48,1.353909,241.683156,312.76,0536
1781394271192,HYPE,A,Close Long,60.879,8.21,0.21592,38.543487,261.28,0536
1781394271192,HYPE,A,Close Long,60.879,24.63,0.647762,115.630461,253.07,0536
1781394271192,HYPE,A,Close Long,60.876,8.82,0.231952,41.380794,228.44,0536
1781394271192,HYPE,A,Close Long,60.875,21.05,0.553572,98.739235,219.62,0536
1781394271192,HYPE,A,Close Long,60.875,1.35,0.035502,6.332445,198.57,0536
1781394271192,HYPE,A,Close Long,60.875,24.64,0.647982,115.578848,197.22,0536
1781394271192,HYPE,A,Close Long,60.875,24.64,0.647982,115.578848,172.58,0536
1781394271192,HYPE,A,Close Long,60.873,16.42,0.431798,76.988454,147.94,0536
1781394271192,HYPE,A,Close Long,60.873,131.52,3.458599,616.657824,131.52,0536
1781545627546,xyz:SPCX,A,Close Long,184.6,0.01,0.000053,0.213321,127.03,0537
1781545631134,xyz:SPCX,A,Close Long,184.6,23.19,0.123289,494.691399,127.02,0537
1781545631545,xyz:SPCX,A,Close Long,184.6,0.25,0.001329,5.333025,103.83,0537
1781545635010,xyz:SPCX,A,Close Long,184.6,0.06,0.000318,1.279926,103.58,0537
1781545635206,xyz:SPCX,A,Close Long,184.6,103.52,0.550362,2208.298992,103.52,0537
1781620412174,xyz:CBRS,B,Open Long,202.5,61.72,0.359951,0.0,0.0,0526
1781703900495,xyz:CBRS,A,Close Long,227.28,2.55,0.050074,63.189,61.72,0538
1781703900495,xyz:CBRS,A,Close Long,227.26,22.29,0.43767,551.9004,59.17,0538
1781703900495,xyz:CBRS,A,Close Long,227.2,22.29,0.437554,550.563,36.88,0538
1781703900864,xyz:CBRS,A,Close Long,227.15,14.59,0.095446,359.6435,14.59,0538
1781720767168,#3540,B,Buy,0.515,401.0,0.0,0.0,0.0,0540
1781720867657,#3540,B,Buy,0.515,84.0,0.0,0.0,401.0,0540
1781723867211,xyz:SILVER,B,Open Long,68.25,214.33,0.421287,0.0,0.0,0541
1781723867211,xyz:SILVER,B,Open Long,68.25,9.58,0.01883,0.0,214.33,0541
1781723868458,xyz:SILVER,B,Open Long,68.25,105.76,0.207881,0.0,223.91,0541
1781728910382,xyz:SILVER,A,Close Long,68.151,10.85,0.063887,-1.07415,329.67,0544
1781728910382,xyz:SILVER,A,Close Long,68.146,24.17,0.142308,-2.51368,318.82,0544
1781728910382,xyz:SILVER,A,Close Long,68.144,10.74,0.063233,-1.13844,294.65,0544
1781728910382,xyz:SILVER,A,Close Long,68.143,115.77,0.681602,-12.38739,283.91,0544
1781737932544,xyz:SILVER,A,Close Long,68.3,14.64,0.086392,0.732,168.14,0543
1781737932544,xyz:SILVER,A,Close Long,68.3,10.72,0.06326,0.536,153.5,0543
1781737933102,xyz:SILVER,A,Close Long,68.3,14.21,0.027951,0.7105,142.78,0543
1781737933102,xyz:SILVER,A,Close Long,68.3,128.57,0.252902,6.4285,128.57,0543
1781740326516,#3540,A,Settlement,0.0,485.0,0.0,-249.775,485.0,0545
1781784813560,xyz:SPCX,B,Open Long,185.65,134.66,0.719989,0.0,0.0,0542
1781791116594,xyz:SPCX,B,Open Long,177.25,25.87,0.132061,0.0,134.66,0546
1781791116594,xyz:SPCX,B,Open Long,177.25,44.65,0.227929,0.0,160.53,0546
1781797804903,xyz:SPCX,B,Open Long,176.35,1.77,0.026968,0.0,205.18,0547
1781797804903,xyz:SPCX,B,Open Long,176.35,20.94,0.319055,0.0,206.95,0547
1781802758160,HYPE,B,Open Long,66.55,14.6,0.139914,0.0,0.0,0539
1781802760126,HYPE,B,Open Long,66.55,348.65,3.341182,0.0,14.6,0539
1781802760126,HYPE,B,Open Long,66.55,87.53,0.838817,0.0,363.25,0539
1781811033589,xyz:SPCX,A,Close Long,182.51,31.9,0.503026,12.31978,227.89,0548
1781811052439,xyz:SPCX,A,Close Long,182.47,3.91,0.061642,1.353642,195.99,0549
1781822894891,HYPE,A,Close Long,68.023,27.39,0.80488,40.34547,450.78,0551
1781822894891,HYPE,A,Close Long,68.023,8.82,0.259183,12.99186,423.39,0551
1781822894891,HYPE,A,Close Long,68.023,22.05,0.647959,32.47965,414.57,0551
1781822894891,HYPE,A,Close Long,68.023,5.05,0.148398,7.43865,392.52,0551
1781822894891,HYPE,A,Close Long,68.02,8.81,0.258878,12.9507,387.47,0551
1781823922155,HYPE,A,Close Long,67.712,7.38,0.215876,8.57556,378.66,0552
1781823922155,HYPE,A,Close Long,67.712,5.19,0.151815,6.03078,371.28,0552
1781823922155,HYPE,A,Close Long,67.711,0.41,0.011992,0.47601,366.09,0552
1781823922155,HYPE,A,Close Long,67.711,0.39,0.011407,0.45279,365.68,0552
1781823922155,HYPE,A,Close Long,67.711,8.86,0.259165,10.28646,365.29,0552
1781823922155,HYPE,A,Close Long,67.71,15.63,0.457188,18.1308,356.43,0552
1781834637478,xyz:SPCX,A,Close Long,182.67,0.18,0.00284,0.098316,192.08,0550
1781834637478,xyz:SPCX,A,Close Long,182.65,1.05,0.01657,0.55251,191.9,0550
1781834637478,xyz:SPCX,A,Close Long,182.65,23.77,0.375113,12.507774,190.85,0550
1781853651660,xyz:GOLD,A,Close Long,4158.2,0.223,0.801168,6.2886,4.9637,0553
1781853651660,xyz:GOLD,A,Close Long,4158.2,0.223,0.801168,6.2886,4.7407,0553
1781853651660,xyz:GOLD,A,Close Long,4158.1,0.27,0.970001,7.587,4.5177,0553
1781853651660,xyz:GOLD,A,Close Long,4158.1,0.2161,0.77636,6.07241,4.2477,0553
1781853651660,xyz:GOLD,A,Close Long,4158.1,0.2161,0.77636,6.07241,4.0316,0553
1781853651660,xyz:GOLD,A,Close Long,4158.1,0.043,0.154481,1.2083,3.8155,0553
1781853680432,HYPE,A,Close Long,67.397,22.25,0.647819,18.84575,340.8,0554
1781853680432,HYPE,A,Close Long,67.397,15.23,0.443429,12.89981,318.55,0554
1781892285663,HYPE,A,Close Long,70.901,36.69,1.123786,159.63819,303.32,0555
1781892285663,HYPE,A,Close Long,70.901,8.46,0.259123,36.80946,266.63,0555
1781892285663,HYPE,A,Close Long,70.901,18.28,0.559902,79.53628,258.17,0555
1781892285663,HYPE,A,Close Long,70.901,3.07,0.094031,13.35757,239.89,0555
1781892285663,HYPE,A,Close Long,70.901,2.54,0.077798,11.05154,236.82,0555
1781892285663,HYPE,A,Close Long,70.901,6.59,0.201846,28.67309,234.28,0555
1781892285663,HYPE,A,Close Long,70.901,22.4,0.686094,97.4624,227.69,0555
1781892285663,HYPE,A,Close Long,70.901,66.23,2.028574,288.16673,205.29,0555
1781892285663,HYPE,A,Close Long,70.901,34.69,1.062528,150.93619,139.06,0555
1781892285663,HYPE,A,Close Long,70.9,14.1,0.431866,61.335,104.37,0555
1781892285663,HYPE,A,Close Long,70.9,90.27,2.764861,392.6745,90.27,0555
1782100014495,HYPE,B,Open Long,65.65,180.07,1.702309,0.0,0.0,0556
1782100014495,HYPE,B,Open Long,65.65,200.73,1.897621,0.0,180.07,0556
1782135533714,xyz:SPCX,B,Open Long,172.65,72.4,0.359995,0.0,167.08,0557
1782154796355,xyz:SPCX,B,Open Long,161.65,61.86,0.28799,0.0,239.48,0558
1782157577452,xyz:SPCX,B,Open Long,155.65,2.62,0.011744,0.0,301.34,0559
1782157577452,xyz:SPCX,B,Open Long,155.65,1.6,0.007172,0.0,303.96,0559
1782157577452,xyz:SPCX,B,Open Long,155.65,0.53,0.002375,0.0,305.56,0559
1782157577452,xyz:SPCX,B,Open Long,155.65,10.56,0.047337,0.0,306.09,0559
1782157577452,xyz:SPCX,B,Open Long,155.65,1.49,0.006679,0.0,316.65,0559
1782157577452,xyz:SPCX,B,Open Long,155.65,0.71,0.003182,0.0,318.14,0559
1782157577535,xyz:SPCX,B,Open Long,155.65,2.0,0.008965,0.0,318.85,0559
1782157577602,xyz:SPCX,B,Open Long,155.65,8.71,0.039044,0.0,320.85,0559
1782157577667,xyz:SPCX,B,Open Long,155.65,36.02,0.161467,0.0,329.56,0559
1782157671863,xyz:GOLD,A,Close Long,4188.3,3.7725,13.651512,219.93675,3.7725,0560
1782174436617,xyz:SPCX,B,Open Long,150.55,66.42,0.287986,0.0,365.58,0561
1782174494495,HYPE,A,Close Long,65.94,0.31,0.00883,0.0899,380.8,0562
1782174494495,HYPE,A,Close Long,65.94,4.65,0.13246,1.3485,380.49,0562
1782174494495,HYPE,A,Close Long,65.938,75.58,2.152912,21.76704,375.84,0562
1782174494495,HYPE,A,Close Long,65.933,2.0,0.056966,0.566,300.26,0562
1782174494495,HYPE,A,Close Long,65.932,0.28,0.007975,0.07896,298.26,0562
1782174494495,HYPE,A,Close Long,65.932,45.5,1.295959,12.831,297.98,0562
1782174494495,HYPE,A,Close Long,65.93,1.51,0.043007,0.4228,252.48,0562
1782174494495,HYPE,A,Close Long,65.928,2.7,0.076898,0.7506,250.97,0562
1782174494495,HYPE,A,Close Long,65.927,0.16,0.004556,0.04432,248.27,0562
1782174494495,HYPE,A,Close Long,65.925,2.0,0.056959,0.55,248.11,0562
1782174494495,HYPE,A,Close Long,65.925,21.43,0.610317,5.89325,246.11,0562
1782274886329,HYPE,B,Open Long,60.55,165.15,1.439975,0.0,224.68,0564
1782298416475,xyz:SILVER,B,Open Long,60.65,108.33,0.189222,0.0,0.0,0563
1782298416475,xyz:SILVER,B,Open Long,60.65,221.43,0.386776,0.0,108.33,0563
1782342502433,HYPE,A,Close Long,63.624,16.23,0.44609,2.184558,389.83,0565
1782342502433,HYPE,A,Close Long,63.62,33.56,0.922357,4.382936,373.6,0565
1782342502433,HYPE,A,Close Long,63.619,64.2,1.764434,8.32032,340.04,0565
1782342502433,HYPE,A,Close Long,63.618,0.4,0.010993,0.05144,275.84,0565
1782342502433,HYPE,A,Close Long,63.613,47.15,1.29572,5.82774,275.44,0565
1782342502433,HYPE,A,Close Long,63.612,4.82,0.132455,0.590932,228.29,0565
1782342502433,HYPE,A,Close Long,63.611,223.47,6.140944,27.173952,223.47,0565
1782395888079,HYPE,B,Open Long,59.35,421.22,3.599914,0.0,0.0,0567
1782410488903,HYPE,A,Close Long,63.46,313.8,8.602739,1289.718,421.22,0568
1782410488903,HYPE,A,Close Long,63.45,1.9,0.052079,7.79,107.42,0568
1782410488903,HYPE,A,Close Long,63.446,105.52,2.892163,432.20992,105.52,0568
1782759990815,xyz:SPCX,A,Close Long,163.7,12.83,0.181463,-65.601073,432.0,0569
1782759990815,xyz:SPCX,A,Close Long,163.69,3.45,0.048792,-17.674695,419.17,0569
1782759990815,xyz:SPCX,A,Close Long,163.69,0.89,0.012587,-4.559559,415.72,0569
1782759990815,xyz:SPCX,A,Close Long,163.69,82.18,1.162256,-421.016358,414.83,0569
1782761057719,xyz:SPCX,A,Close Long,165.4,96.46,1.378467,-329.227626,332.65,0570
1782761067604,xyz:SPCX,A,Close Long,165.25,25.98,0.370932,-92.569338,236.19,0571
1782831723797,xyz:SPCX,A,Close Long,169.29,22.18,0.324419,10.577642,210.21,0572
1782831723797,xyz:SPCX,A,Close Long,169.29,7.82,0.11438,3.729358,188.03,0572
1782831723797,xyz:SPCX,A,Close Long,169.29,77.2,1.129177,36.81668,180.21,0572
1782831726128,xyz:SPCX,A,Close Long,169.24,103.01,1.506246,43.974969,103.01,0573
1782915735090,xyz:SILVER,A,Close Long,60.748,10.43,0.054743,1.02214,329.76,0566
1782915735090,xyz:SILVER,A,Close Long,60.746,319.33,1.675988,30.65568,319.33,0566
1782926765914,#6950,B,Buy,0.515,62.0,0.0,0.0,0.0,0575
1782926766047,#6950,B,Buy,0.515,569.0,0.0,0.0,62.0,0575
1782930924744,#6950,A,Settlement,1.0,631.0,0.0,306.035,631.0,0577
1782940389582,#6940,B,Buy,0.345,293.0,0.0,0.0,0.0,0578
1782940389833,#6940,B,Buy,0.345,39.0,0.0,0.0,293.0,0578
1782940389899,#6940,B,Buy,0.345,308.0,0.0,0.0,332.0,0578
1782940390051,#6940,B,Buy,0.345,93.0,0.0,0.0,640.0,0578
1782940390585,#6940,B,Buy,0.345,35.0,0.0,0.0,733.0,0578
1782950610837,xyz:MU,B,Open Long,1006.0,2.143,0.062088,0.0,0.0,0576
1782950611039,xyz:MU,B,Open Long,1006.0,0.599,0.017354,0.0,2.143,0576
1782950611039,xyz:MU,B,Open Long,1006.0,0.383,0.011096,0.0,2.742,0576
1782950611039,xyz:MU,B,Open Long,1006.0,2.385,0.0691,0.0,3.125,0576
1782950611039,xyz:MU,B,Open Long,1006.0,0.425,0.012313,0.0,5.51,0576
1782950611039,xyz:MU,B,Open Long,1006.0,0.011,0.000318,0.0,5.935,0576
1782950611039,xyz:MU,B,Open Long,1006.0,1.162,0.033666,0.0,5.946,0576
1782950611039,xyz:MU,B,Open Long,1006.0,0.116,0.00336,0.0,7.108,0576
1782950611039,xyz:MU,B,Open Long,1006.0,0.131,0.003795,0.0,7.224,0576
1782950611039,xyz:MU,B,Open Long,1006.0,1.172,0.033956,0.0,7.355,0576
1782950611039,xyz:MU,B,Open Long,1006.0,0.312,0.009039,0.0,8.527,0576
1782950611039,xyz:MU,B,Open Long,1006.0,0.328,0.009503,0.0,8.839,0576
1782950611039,xyz:MU,B,Open Long,1006.0,0.347,0.010053,0.0,9.167,0576
1782950611039,xyz:MU,B,Open Long,1006.0,0.347,0.010053,0.0,9.514,0576
1782950611106,xyz:MU,B,Open Long,1006.0,0.2,0.005794,0.0,9.861,0576
1782950611106,xyz:MU,B,Open Long,1006.0,0.993,0.028769,0.0,10.061,0576
1782950611106,xyz:MU,B,Open Long,1006.0,0.2,0.005794,0.0,11.054,0576
1782950611106,xyz:MU,B,Open Long,1006.0,2.085,0.060408,0.0,11.254,0576
1782950611106,xyz:MU,B,Open Long,1006.0,6.541,0.189511,0.0,13.339,0576
1782956294576,#6940,A,Settlement,1.0,768.0,0.0,503.04,768.0,0579
1782973401117,xyz:MU,A,Close Long,1007.5,14.529,1.26472,21.7935,19.88,0580
1782973401117,xyz:MU,A,Close Long,1007.4,5.351,0.465747,7.4914,5.351,0580
1783004007139,xyz:SNDK,B,Open Long,1830.0,5.126,0.27016,0.0,0.0,0574
1783004007139,xyz:SNDK,B,Open Long,1830.0,0.15,0.007905,0.0,5.126,0574
1783004007139,xyz:SNDK,B,Open Long,1830.0,0.07,0.003689,0.0,5.276,0574
1783004007139,xyz:SNDK,B,Open Long,1830.0,0.432,0.022768,0.0,5.346,0574
1783004007335,xyz:SNDK,B,Open Long,1830.0,0.273,0.014388,0.0,5.778,0574
1783004007533,xyz:SNDK,B,Open Long,1830.0,0.134,0.007062,0.0,6.051,0574
1783004007533,xyz:SNDK,B,Open Long,1830.0,4.238,0.223359,0.0,6.185,0574
1783004007533,xyz:SNDK,B,Open Long,1830.0,0.293,0.015442,0.0,10.423,0574
1783004007533,xyz:SNDK,B,Open Long,1830.0,1.579,0.083219,0.0,10.716,0574
1783014430492,xyz:SNDK,B,Open Long,1725.0,4.347,0.215958,0.0,12.295,0582
1783020173344,xyz:MU,B,Open Long,955.5,3.906,0.107486,0.0,0.0,0581
1783020173344,xyz:MU,B,Open Long,955.5,1.084,0.029829,0.0,3.906,0581
1783020173344,xyz:MU,B,Open Long,955.5,5.436,0.14959,0.0,4.99,0581
1783020173344,xyz:MU,B,Open Long,955.5,10.505,0.28908,0.0,10.426,0581
1783052405111,xyz:SNDK,A,Close Long,1807.5,0.791,0.123528,3.897257,16.642,0583
1783052405111,xyz:SNDK,A,Close Long,1807.4,2.77,0.432561,13.37079,15.851,0583
1783052405111,xyz:SNDK,A,Close Long,1807.4,0.791,0.123522,3.818157,13.081,0583
1783052405111,xyz:SNDK,A,Close Long,1807.3,11.527,1.799949,54.488129,12.29,0583
1783052405111,xyz:SNDK,A,Close Long,1807.2,0.763,0.119136,3.530401,0.763,0583
1783052978056,xyz:MU,A,Close Long,1005.4,3.88,0.337042,193.612,20.931,0584
1783052978056,xyz:MU,A,Close Long,1005.4,0.678,0.058895,33.8322,17.051,0584
1783052978056,xyz:MU,A,Close Long,1005.4,1.0,0.086866,49.9,16.373,0584
1783052978056,xyz:MU,A,Close Long,1005.4,3.0,0.260599,149.7,15.373,0584
1783052978056,xyz:MU,A,Close Long,1005.4,0.36,0.031271,17.964,12.373,0584
1783052978056,xyz:MU,A,Close Long,1005.4,12.013,1.043527,599.4487,12.013,0584
1783111270619,#6810,B,Buy,0.49,201.0,0.0,0.0,0.0,0587
1783111270619,#6810,B,Buy,0.5,213.0,0.0,0.0,201.0,0587
1783111308698,#6810,A,Sell,0.47,264.0,0.0,-6.63826086,414.0,0588
1783111308698,#6810,A,Sell,0.4544,150.0,0.0,-6.11173913,150.0,0588
1783381137743,xyz:MU,B,Open Long,965.5,23.303,0.647972,0.0,0.0,0586
1783387777696,xyz:SNDK,B,Open Long,1655.0,2.382,0.113535,0.0,0.0,0585
1783387777696,xyz:SNDK,B,Open Long,1655.0,0.003,0.000142,0.0,2.382,0585
1783387780541,xyz:SNDK,B,Open Long,1655.0,11.21,0.534313,0.0,2.385,0585
1783434306864,xyz:MRVL,B,Open Long,225.5,0.04,0.000259,0.0,0.0,0590
1783434307144,xyz:MRVL,B,Open Long,225.5,3.53,0.022925,0.0,0.04,0590
1783434307144,xyz:MRVL,B,Open Long,225.5,0.22,0.001428,0.0,3.57,0590
1783434307625,xyz:MRVL,B,Open Long,225.5,0.07,0.000454,0.0,3.79,0590
1783434307625,xyz:MRVL,B,Open Long,225.5,0.04,0.000259,0.0,3.86,0590
1783434308145,xyz:MRVL,B,Open Long,225.5,0.46,0.002987,0.0,3.9,0590
1783434308145,xyz:MRVL,B,Open Long,225.5,3.93,0.025522,0.0,4.36,0590
1783434308145,xyz:MRVL,B,Open Long,225.5,1.67,0.010845,0.0,8.29,0590
1783434308145,xyz:MRVL,B,Open Long,225.5,1.85,0.012014,0.0,9.96,0590
1783434308145,xyz:MRVL,B,Open Long,225.5,1.38,0.008962,0.0,11.81,0590
1783434308338,xyz:MRVL,B,Open Long,225.5,13.5,0.087674,0.0,13.19,0590
1783434308338,xyz:MRVL,B,Open Long,225.5,1.92,0.012469,0.0,26.69,0590
1783434308338,xyz:MRVL,B,Open Long,225.5,7.05,0.045785,0.0,28.61,0590
1783434308338,xyz:MRVL,B,Open Long,225.5,5.0,0.032471,0.0,35.66,0590
1783434308338,xyz:MRVL,B,Open Long,225.5,2.76,0.017924,0.0,40.66,0590
1783434308397,xyz:MRVL,B,Open Long,225.5,2.32,0.015067,0.0,43.42,0590
1783434308397,xyz:MRVL,B,Open Long,225.5,0.22,0.001428,0.0,45.74,0590
1783434308397,xyz:MRVL,B,Open Long,225.5,0.54,0.003506,0.0,45.96,0590
1783434308397,xyz:MRVL,B,Open Long,225.5,2.04,0.013248,0.0,46.5,0590
1783434308397,xyz:MRVL,B,Open Long,225.5,0.54,0.003506,0.0,48.54,0590
1783434308534,xyz:MRVL,B,Open Long,225.5,1.85,0.012014,0.0,49.08,0590
1783434308534,xyz:MRVL,B,Open Long,225.5,17.07,0.110859,0.0,50.93,0590
1783434308534,xyz:MRVL,B,Open Long,225.5,1.38,0.008962,0.0,68.0,0590
1783434308811,xyz:MRVL,B,Open Long,225.5,5.54,0.035978,0.0,69.38,0590
1783434308943,xyz:MRVL,B,Open Long,225.5,1.85,0.012014,0.0,74.92,0590
1783434308943,xyz:MRVL,B,Open Long,225.5,0.22,0.001428,0.0,76.77,0590
1783434308943,xyz:MRVL,B,Open Long,225.5,0.61,0.003961,0.0,76.99,0590
1783435230803,xyz:SNDK,B,Open Long,1505.0,4.318,0.187159,0.0,13.595,0591
1783459678524,xyz:SNDK,A,Close Long,1624.4,3.074,0.43143,17.088366,17.913,0593
1783464129616,#7500,B,Buy,0.41,336.0,0.0,0.0,0.0,0594
1783464129616,#7500,B,Buy,0.42,207.0,0.0,0.0,336.0,0594
1783469677590,xyz:SNDK,A,Close Long,1625.0,2.5,0.351,15.3975,14.839,0595
1783469677590,xyz:SNDK,A,Close Long,1624.6,0.35,0.049127,2.01565,12.339,0595
1783489643642,#7500,A,Settlement,1.0,543.0,0.0,318.3,543.0,0596
1783499786903,xyz:INTC,B,Open Long,105.5,15.21,0.046214,0.0,0.0,0592
1783499787099,xyz:INTC,B,Open Long,105.5,4.43,0.01346,0.0,15.21,0592
1783499787508,xyz:INTC,B,Open Long,105.5,4.13,0.012548,0.0,19.64,0592
1783499787508,xyz:INTC,B,Open Long,105.5,33.56,0.101968,0.0,23.77,0592
1783499787645,xyz:INTC,B,Open Long,105.5,26.56,0.080699,0.0,57.33,0592
1783499787645,xyz:INTC,B,Open Long,105.5,9.83,0.029867,0.0,83.89,0592
1783499787645,xyz:INTC,B,Open Long,105.5,22.88,0.069518,0.0,93.72,0592
1783499787645,xyz:INTC,B,Open Long,105.5,0.58,0.001762,0.0,116.6,0592
1783499787645,xyz:INTC,B,Open Long,105.5,4.63,0.014067,0.0,117.18,0592
1783499787645,xyz:INTC,B,Open Long,105.5,50.81,0.154381,0.0,121.81,0592
1783499787645,xyz:INTC,B,Open Long,105.5,6.05,0.018382,0.0,172.62,0592
1783499787645,xyz:INTC,B,Open Long,105.5,0.77,0.002339,0.0,178.67,0592
1783499787645,xyz:INTC,B,Open Long,105.5,33.83,0.102789,0.0,179.44,0592
1783499965575,xyz:DRAM,B,Open Long,56.65,89.2,0.145531,0.0,0.0,0589
1783499965575,xyz:DRAM,B,Open Long,56.65,23.7,0.038667,0.0,89.2,0589
1783499965575,xyz:DRAM,B,Open Long,56.65,328.4,0.535791,0.0,112.9,0589
1783505252324,xyz:DRAM,A,Close Long,56.807,65.3,0.3205,10.2521,441.3,0599
1783505252324,xyz:DRAM,A,Close Long,56.802,176.0,0.863753,26.752,376.0,0599
1783505252324,xyz:DRAM,A,Close Long,56.802,110.4,0.541809,16.7808,200.0,0599
1783505252324,xyz:DRAM,A,Close Long,56.797,3.2,0.015703,0.4704,89.6,0599
1783505252324,xyz:DRAM,A,Close Long,56.794,86.4,0.423964,12.4416,86.4,0599
1783512313629,xyz:MRVL,A,Close Long,226.15,0.67,0.013091,0.4355,77.6,0597
1783512313629,xyz:MRVL,A,Close Long,226.14,1.25,0.024423,0.8,76.93,0597
1783512313629,xyz:MRVL,A,Close Long,226.14,9.38,0.183271,6.0032,75.68,0597
1783512313629,xyz:MRVL,A,Close Long,226.1,0.67,0.013088,0.402,66.3,0597
1783512313629,xyz:MRVL,A,Close Long,226.1,8.97,0.175229,5.382,65.63,0597
1783512313629,xyz:MRVL,A,Close Long,226.08,26.55,0.518609,15.399,56.66,0597
1783512313629,xyz:MRVL,A,Close Long,226.07,19.0,0.371116,10.83,30.11,0597
1783512313629,xyz:MRVL,A,Close Long,226.07,11.11,0.217005,6.3327,11.11,0597
1783517470609,xyz:SNDK,A,Close Long,1625.0,11.989,1.683255,73.840251,11.989,0598
1783555811485,xyz:MU,A,Close Long,968.5,3.633,0.101334,10.899,23.303,0600
1783555812845,xyz:MU,A,Close Long,968.5,5.947,0.165878,17.841,19.67,0600
1783555813853,xyz:MU,A,Close Long,968.5,7.581,0.211455,22.743,13.723,0600
1783555814052,xyz:MU,A,Close Long,968.5,1.032,0.028785,3.096,6.142,0600
1783555814251,xyz:MU,A,Close Long,968.5,0.477,0.013304,1.431,5.11,0600
1783555814736,xyz:MU,A,Close Long,968.5,4.633,0.129227,13.899,4.633,0600
1783853303171,CASHCAT,B,Open Long,0.1485,55315.0,1.182855,0.0,0.0,0603
1783853303704,CASHCAT,B,Open Long,0.1485,6460.0,0.13814,0.0,55315.0,0603
1783853303704,CASHCAT,B,Open Long,0.1485,20668.0,0.441964,0.0,61775.0,0603
1783853303704,CASHCAT,B,Open Long,0.1485,735.0,0.015717,0.0,82443.0,0603
1783853309294,CASHCAT,B,Open Long,0.1485,434.0,0.00928,0.0,83178.0,0603
1783853310155,CASHCAT,B,Open Long,0.1485,17398.0,0.372038,0.0,83612.0,0603
1783855535067,CASHCAT,A,Close Long,0.1785,178.0,0.013725,5.34,101010.0,0604
1783855552026,CASHCAT,A,Close Long,0.1785,391.0,0.01005,11.73,100832.0,0604
1783855561970,CASHCAT,A,Close Long,0.1785,10298.0,0.264699,308.94,100441.0,0604
1783855562369,CASHCAT,A,Close Long,0.1785,11207.0,0.288064,336.21,90143.0,0604
1783855563989,CASHCAT,A,Close Long,0.1785,27896.0,0.717038,836.88,78936.0,0604
1783855564056,CASHCAT,A,Close Long,0.1785,65.0,0.00167,1.95,51040.0,0604
1783855565602,CASHCAT,A,Close Long,0.1785,3157.0,0.081147,94.71,50975.0,0604
1783855565835,CASHCAT,A,Close Long,0.1785,27884.0,0.71673,836.52,47818.0,0604
1783855567220,CASHCAT,A,Close Long,0.1785,1123.0,0.028865,33.69,19934.0,0604
1783855567891,CASHCAT,A,Close Long,0.1785,2240.0,0.057576,67.2,18811.0,0604
1783855568026,CASHCAT,A,Close Long,0.1785,65.0,0.00167,1.95,16571.0,0604
1783855569037,CASHCAT,A,Close Long,0.1785,65.0,0.00167,1.95,16506.0,0604
1783855569842,CASHCAT,A,Close Long,0.1785,2500.0,0.064259,75.0,16441.0,0604
1783855572539,CASHCAT,A,Close Long,0.1785,4303.0,0.110604,129.09,13941.0,0604
1783855572539,CASHCAT,A,Close Long,0.1785,169.0,0.004343,5.07,9638.0,0604
1783855575030,CASHCAT,A,Close Long,0.1785,599.0,0.015396,17.97,9469.0,0604
1783855577048,CASHCAT,A,Close Long,0.1785,164.0,0.004215,4.92,8870.0,0604
1783855582042,CASHCAT,A,Close Long,0.1785,609.0,0.015653,18.27,8706.0,0604
1783855584204,CASHCAT,A,Close Long,0.1785,191.0,0.004909,5.73,8097.0,0604
1783855587436,CASHCAT,A,Close Long,0.1785,5000.0,0.128519,150.0,7906.0,0604
1783855594029,CASHCAT,A,Close Long,0.1785,65.0,0.00167,1.95,2906.0,0604
1783855598072,CASHCAT,A,Close Long,0.1785,65.0,0.00167,1.95,2841.0,0604
1783855599009,CASHCAT,A,Close Long,0.1785,65.0,0.00167,1.95,2776.0,0604
1783855600484,CASHCAT,A,Close Long,0.1785,2711.0,0.069683,81.33,2711.0,0604
1783916835585,xyz:SKHX,B,Open Long,1265.0,17.786,0.647979,0.0,0.0,0601
1783916846552,xyz:SMSN,B,Open Long,172.5,6.148,0.030543,0.0,0.0,0602
1783916846552,xyz:SMSN,B,Open Long,172.5,17.641,0.08764,0.0,6.148,0602
1783916846552,xyz:SMSN,B,Open Long,172.5,19.127,0.095022,0.0,23.789,0602
1783916846552,xyz:SMSN,B,Open Long,172.5,9.133,0.045372,0.0,42.916,0602
1783916846552,xyz:SMSN,B,Open Long,172.5,14.384,0.071459,0.0,52.049,0602
1783916846552,xyz:SMSN,B,Open Long,172.5,23.366,0.116082,0.0,66.433,0602
1783916846619,xyz:SMSN,B,Open Long,172.5,20.34,0.101049,0.0,89.799,0602
1783916846619,xyz:SMSN,B,Open Long,172.5,20.295,0.100825,0.0,110.139,0602
1783987243569,xyz:SMSN,A,Close Long,172.93,9.049,0.135202,3.89107,130.434,0606
1783987243569,xyz:SMSN,A,Close Long,172.92,8.859,0.132356,3.72078,121.385,0606
1783987243569,xyz:SMSN,A,Close Long,172.86,1.207,0.018026,0.43452,112.526,0606
1783987243569,xyz:SMSN,A,Close Long,172.85,1.397,0.006954,0.48895,111.319,0606
1783987243569,xyz:SMSN,A,Close Long,172.85,109.922,0.5472,38.4727,109.922,0606
1783990699491,xyz:SKHX,A,Close Long,1275.6,17.786,1.960227,188.5316,17.786,0607
1784016073570,xyz:INTC,A,Close Long,105.82,3.16,0.028891,1.0112,213.27,0605
1784016073570,xyz:INTC,A,Close Long,105.8,125.29,1.14529,37.587,210.11,0605
1784016073570,xyz:INTC,A,Close Long,105.8,84.82,0.775349,25.446,84.82,0605
1784032506025,xyz:SKHX,B,Open Long,1310.0,15.267,0.575993,0.0,0.0,0608
1784032644772,xyz:SKHX,A,Close Long,1309.9,0.118,0.013354,-0.0118,15.267,0609
1784032644772,xyz:SKHX,A,Close Long,1309.7,0.04,0.004526,-0.012,15.149,0609
1784032644772,xyz:SKHX,A,Close Long,1309.7,0.058,0.006563,-0.0174,15.109,0609
1784032644772,xyz:SKHX,A,Close Long,1309.6,0.75,0.084862,-0.3,15.051,0609
1784032644772,xyz:SKHX,A,Close Long,1309.5,0.018,0.002036,-0.009,14.301,0609
1784032644772,xyz:SKHX,A,Close Long,1309.5,0.063,0.007127,-0.0315,14.283,0609
1784032644772,xyz:SKHX,A,Close Long,1309.5,14.22,1.608862,-7.11,14.22,0609
1784037675292,xyz:SKHX,B,Open Long,1301.0,1.866,0.069916,0.0,0.0,0610
1784037678641,xyz:SKHX,B,Open Long,1301.0,0.13,0.00487,0.0,1.866,0610
1784037678641,xyz:SKHX,B,Open Long,1301.0,11.46,0.429392,0.0,1.996,0610
1784037678696,xyz:SKHX,B,Open Long,1301.0,3.838,0.143805,0.0,13.456,0610
1784038782760,xyz:SKHX,A,Close Long,1302.5,7.561,0.850884,11.3415,17.294,0611
1784038782760,xyz:SKHX,A,Close Long,1302.4,0.058,0.006526,0.0812,9.733,0611
1784038782760,xyz:SKHX,A,Close Long,1302.3,0.092,0.010351,0.1196,9.675,0611
1784038782760,xyz:SKHX,A,Close Long,1302.3,0.575,0.064698,0.7475,9.583,0611
1784038782760,xyz:SKHX,A,Close Long,1302.3,7.561,0.850754,9.8293,9.008,0611
1784038782760,xyz:SKHX,A,Close Long,1302.2,1.447,0.162802,1.7364,1.447,0611
1784060317112,#8130,B,Buy,0.328,914.0,0.0,0.0,0.0,0613
1784060435173,#8130,A,Sell,0.11996,500.0,0.0,-104.01999999,914.0,0614
1784060435173,#8130,A,Sell,0.11995,414.0,0.0,-86.1327,414.0,0614
1784092801747,CASHCAT,B,Open Long,0.1265,118577.0,2.159998,0.0,0.0,0615
1784099745314,CASHCAT,A,Close Long,0.12801,1331.0,0.073604,2.00981,118577.0,0616
1784099745314,CASHCAT,A,Close Long,0.128,3842.0,0.212447,5.763,117246.0,0616
1784099745314,CASHCAT,A,Close Long,0.1279,3909.0,0.215983,5.4726,113404.0,0616
1784099745314,CASHCAT,A,Close Long,0.1279,3909.0,0.215983,5.4726,109495.0,0616
1784099745314,CASHCAT,A,Close Long,0.12783,1500.0,0.082833,1.995,105586.0,0616
1784099745314,CASHCAT,A,Close Long,0.12778,10122.0,0.558744,12.95616,104086.0,0616
1784099745314,CASHCAT,A,Close Long,0.12767,6314.0,0.348238,7.38738,93964.0,0616
1784099745314,CASHCAT,A,Close Long,0.12766,3357.0,0.185135,3.89412,87650.0,0616
1784099745314,CASHCAT,A,Close Long,0.12753,2000.0,0.110185,2.06,84293.0,0616
1784099745314,CASHCAT,A,Close Long,0.12752,310.0,0.017077,0.3162,82293.0,0616
1784099745314,CASHCAT,A,Close Long,0.12738,2000.0,0.110056,1.76,81983.0,0616
1784099745314,CASHCAT,A,Close Long,0.12737,536.0,0.029492,0.46632,79983.0,0616
1784102765328,CASHCAT,A,Close Long,0.13021,449.0,0.025256,1.66579,79447.0,0618
1784102765328,CASHCAT,A,Close Long,0.1302,1300.0,0.07312,4.81,78998.0,0618
1784102765328,CASHCAT,A,Close Long,0.13011,1481.0,0.083243,5.34641,77698.0,0618
1784102765328,CASHCAT,A,Close Long,0.12997,1500.0,0.08422,5.205,76217.0,0618
1784102765328,CASHCAT,A,Close Long,0.12996,2416.0,0.13564,8.35936,74717.0,0618
1784102765328,CASHCAT,A,Close Long,0.12996,513.0,0.028801,1.77498,72301.0,0618
1784102765328,CASHCAT,A,Close Long,0.12995,10073.0,0.565482,34.75185,71788.0,0618
1784102765328,CASHCAT,A,Close Long,0.1299,310.0,0.017396,1.054,61715.0,0618
1784102765328,CASHCAT,A,Close Long,0.12983,6237.0,0.349811,20.76921,61405.0,0618
1784102765328,CASHCAT,A,Close Long,0.12976,1500.0,0.084084,4.89,55168.0,0618
1784102765328,CASHCAT,A,Close Long,0.12959,1000.0,0.055982,3.09,53668.0,0618
1784102765328,CASHCAT,A,Close Long,0.12958,12359.0,0.691839,38.06572,52668.0,0618
1784102765328,CASHCAT,A,Close Long,0.12901,585.0,0.032603,1.46835,40309.0,0618
1784102827258,CASHCAT,A,Close Long,0.1303,689.0,0.038783,2.6182,39724.0,0619
1784102827258,CASHCAT,A,Close Long,0.13012,5424.0,0.304893,19.63488,39035.0,0619
1784102827258,CASHCAT,A,Close Long,0.13008,92.0,0.005169,0.32936,33611.0,0619
1784102827258,CASHCAT,A,Close Long,0.12995,6198.0,0.347945,21.3831,33519.0,0619
1784102827258,CASHCAT,A,Close Long,0.12961,1000.0,0.055991,3.11,27321.0,0619
1784102827258,CASHCAT,A,Close Long,0.1296,6195.0,0.34684,19.2045,26321.0,0619
1784102827258,CASHCAT,A,Close Long,0.12959,11843.0,0.663005,36.59487,20126.0,0619
1784102827258,CASHCAT,A,Close Long,0.12957,310.0,0.017352,0.9517,8283.0,0619
1784102827258,CASHCAT,A,Close Long,0.12905,1000.0,0.055749,2.55,7973.0,0619
1784102827258,CASHCAT,A,Close Long,0.12904,6973.0,0.388711,17.71142,6973.0,0619
1784124926867,xyz:SNDK,B,Open Long,1610.0,13.975,0.647992,0.0,0.0,0617
1784131187621,CASHCAT,B,Open Long,0.1055,90426.0,1.373751,0.0,0.0,0622
1784131187621,CASHCAT,B,Open Long,0.1055,148.0,0.002248,0.0,90426.0,0622
1784131187621,CASHCAT,B,Open Long,0.1055,116.0,0.001762,0.0,90574.0,0622
1784131187621,CASHCAT,B,Open Long,0.1055,901.0,0.013687,0.0,90690.0,0622
1784131187621,CASHCAT,B,Open Long,0.1055,1216.0,0.018473,0.0,91591.0,0622
1784131197861,CASHCAT,B,Open Long,0.1055,49373.0,0.750074,0.0,92807.0,0622
1784131325040,xyz:SMSN,B,Open Long,171.55,9.271,0.045804,0.0,0.0,0612
1784131337707,xyz:SMSN,B,Open Long,171.55,24.301,0.120062,0.0,9.271,0612
1784131338521,xyz:SMSN,B,Open Long,171.55,1.984,0.009802,0.0,33.572,0612
1784131339185,xyz:SMSN,B,Open Long,171.55,1.196,0.005909,0.0,35.556,0612
1784131339326,xyz:SMSN,B,Open Long,171.55,1.196,0.005909,0.0,36.752,0612
1784131344763,xyz:SMSN,B,Open Long,171.55,23.879,0.117977,0.0,37.948,0612
1784131344968,xyz:SMSN,B,Open Long,171.55,2.423,0.011971,0.0,61.827,0612
1784131344968,xyz:SMSN,B,Open Long,171.55,4.446,0.021966,0.0,64.25,0612
1784131344968,xyz:SMSN,B,Open Long,171.55,3.717,0.018364,0.0,68.696,0612
1784131345032,xyz:SMSN,B,Open Long,171.55,5.888,0.02909,0.0,72.413,0612
1784131345164,xyz:SMSN,B,Open Long,171.55,7.778,0.038428,0.0,78.301,0612
1784131345450,xyz:SMSN,B,Open Long,171.55,13.492,0.066659,0.0,86.079,0612
1784131345588,xyz:SMSN,B,Open Long,171.55,1.204,0.005948,0.0,99.571,0612
1784131345669,xyz:SMSN,B,Open Long,171.55,15.809,0.078106,0.0,100.775,0612
1784131639843,@699,B,Buy,0.2065,23187.0,8.903807,0.0,0.0,0620
1784133573180,@699,B,Buy,0.2065,25239.0,9.691775,0.0,23178.096193,0620
1784134037575,@699,A,Sell,0.207,734.0,0.05834419,0.30877439,48407.404418,0624
1784134037977,@699,A,Sell,0.207,3820.0,0.30364416,1.60697296,47673.404418,0624
1784134037977,@699,A,Sell,0.207,191.0,0.0151822,0.08034865,43853.404418,0624
1784134038181,@699,A,Sell,0.207,345.0,0.02742336,0.14513238,43662.404418,0624
1784134039522,@699,A,Sell,0.207,544.0,0.04324147,0.22884641,43317.404418,0624
1784134039658,@699,A,Sell,0.207,345.0,0.02742336,0.14513238,42773.404418,0624
1784134040393,@699,A,Sell,0.207,345.0,0.02742336,0.14513238,42428.404418,0624
1784134041130,@699,A,Sell,0.207,345.0,0.02742336,0.14513238,42083.404418,0624
1784134041871,@699,A,Sell,0.207,345.0,0.02742336,0.14513238,41738.404418,0624
1784134042143,@699,A,Sell,0.207,544.0,0.04324147,0.22884642,41393.404418,0624
1784134042613,@699,A,Sell,0.207,345.0,0.02742336,0.14513238,40849.404418,0624
1784134042677,@699,A,Sell,0.207,707.0,0.05619801,0.2974162,40504.404418,0624
1784134043348,@699,A,Sell,0.207,345.0,0.02742336,0.14513238,39797.404418,0624
1784134044153,@699,A,Sell,0.207,544.0,0.04324147,0.22884642,39452.404418,0624
1784134044205,@699,A,Sell,0.207,345.0,0.02742336,0.14513238,38908.404418,0624
1784134045675,@699,A,Sell,0.207,345.0,0.02742336,0.14513238,38563.404418,0624
1784134046443,@699,A,Sell,0.207,345.0,0.02742336,0.14513238,38218.404418,0624
1784134047451,@699,A,Sell,0.207,345.0,0.02742336,0.14513238,37873.404418,0624
1784134047772,@699,A,Sell,0.207,681.0,0.05413132,0.28647869,37528.404418,0624
1784134048839,@699,A,Sell,0.207,345.0,0.02742336,0.14513238,36847.404418,0624
1784134049658,@699,A,Sell,0.207,345.0,0.02742336,0.14513238,36502.404418,0624
1784134050535,@699,A,Sell,0.207,345.0,0.02742336,0.14513238,36157.404418,0624
1784134051323,@699,A,Sell,0.207,12390.0,0.98485632,5.21214528,35812.404418,0624
1784134051323,@699,A,Sell,0.207,345.0,0.02742336,0.14513238,23422.404418,0624
1784134052036,@699,A,Sell,0.207,544.0,0.04324147,0.22884642,23077.404418,0624
1784134052171,@699,A,Sell,0.207,345.0,0.02742336,0.14513238,22533.404418,0624
1784134052783,@699,A,Sell,0.207,656.0,0.05214412,0.27596185,22188.404418,0624
1784134052988,@699,A,Sell,0.207,345.0,0.02742336,0.14513238,21532.404418,0624
1784134053801,@699,A,Sell,0.207,345.0,0.02742336,0.14513238,21187.404418,0624
1784134054208,@699,A,Sell,0.207,544.0,0.04324147,0.22884642,20842.404418,0624
1784134054613,@699,A,Sell,0.207,345.0,0.02742336,0.14513238,20298.404418,0624
1784134055857,@699,A,Sell,0.207,345.0,0.02742336,0.14513238,19953.404418,0624
1784134055857,@699,A,Sell,0.207,19608.0,1.5586007,8.24856701,19608.404418,0624
1784137885752,xyz:SNDK,A,Close Long,1615.3,0.929,0.129653,4.9237,13.975,0623
1784137885752,xyz:SNDK,A,Close Long,1615.3,0.009,0.001256,0.0477,13.046,0623
1784137885752,xyz:SNDK,A,Close Long,1615.1,0.619,0.086378,3.1569,13.037,0623
1784137885752,xyz:SNDK,A,Close Long,1615.1,0.619,0.086378,3.1569,12.418,0623
1784137885752,xyz:SNDK,A,Close Long,1615.0,9.732,1.357964,48.66,11.799,0623
1784137885752,xyz:SNDK,A,Close Long,1615.0,2.067,0.28842,10.335,2.067,0623
1784142787017,CASHCAT,A,Close Long,0.10593,1822.0,0.083377,0.78346,142180.0,0625
1784142787017,CASHCAT,A,Close Long,0.10592,1018.0,0.046581,0.42756,140358.0,0625
1784142787017,CASHCAT,A,Close Long,0.10592,2000.0,0.091514,0.84,139340.0,0625
1784142787017,CASHCAT,A,Close Long,0.10591,84.0,0.003843,0.03444,137340.0,0625
1784142787017,CASHCAT,A,Close Long,0.10591,1018.0,0.046576,0.41738,137256.0,0625
1784142787017,CASHCAT,A,Close Long,0.1059,513.0,0.023469,0.2052,136238.0,0625
1784142787017,CASHCAT,A,Close Long,0.1059,2416.0,0.110529,0.9664,135725.0,0625
1784142787017,CASHCAT,A,Close Long,0.10589,8894.0,0.406851,3.46866,133309.0,0625
1784142787017,CASHCAT,A,Close Long,0.10571,467.0,0.021326,0.09807,124415.0,0625
1784142787017,CASHCAT,A,Close Long,0.10571,1500.0,0.0685,0.315,123948.0,0625
1784142787017,CASHCAT,A,Close Long,0.1057,14260.0,0.651145,2.852,122448.0,0625
1784142787017,CASHCAT,A,Close Long,0.10566,1771.0,0.080837,0.28336,108188.0,0625
1784142787017,CASHCAT,A,Close Long,0.10566,2366.0,0.107996,0.37856,106417.0,0625
1784142787017,CASHCAT,A,Close Long,0.10564,8814.0,0.402239,1.23396,104051.0,0625
1784156462133,CASHCAT,A,Close Long,0.10601,1000.0,0.045796,0.51,95237.0,0627
1784156462133,CASHCAT,A,Close Long,0.10579,1539.0,0.070334,0.44631,94237.0,0627
1784156462133,CASHCAT,A,Close Long,0.10577,2969.0,0.135661,0.80163,92698.0,0627
1784156462133,CASHCAT,A,Close Long,0.10576,1500.0,0.068532,0.39,89729.0,0627
1784156462133,CASHCAT,A,Close Long,0.10575,2000.0,0.091368,0.5,88229.0,0627
1784156462133,CASHCAT,A,Close Long,0.10574,9265.0,0.423222,2.2236,86229.0,0627
1784156462133,CASHCAT,A,Close Long,0.10567,2000.0,0.091298,0.34,76964.0,0627
1784156462133,CASHCAT,A,Close Long,0.10567,4855.0,0.221628,0.82535,74964.0,0627
1784156462133,CASHCAT,A,Close Long,0.10566,1055.0,0.048155,0.1688,70109.0,0627
1784156462133,CASHCAT,A,Close Long,0.10564,2000.0,0.091272,0.28,69054.0,0627
1784156462133,CASHCAT,A,Close Long,0.10563,5277.0,0.2408,0.68601,67054.0,0627
1784156462133,CASHCAT,A,Close Long,0.10561,2000.0,0.091247,0.22,61777.0,0627
1784156462133,CASHCAT,A,Close Long,0.1056,104.0,0.004744,0.0104,59777.0,0627
1784156462133,CASHCAT,A,Close Long,0.1056,2000.0,0.091238,0.2,59673.0,0627
1784156462133,CASHCAT,A,Close Long,0.10559,312.0,0.014231,0.02808,57673.0,0627
1784156462133,CASHCAT,A,Close Long,0.10557,2000.0,0.091212,0.14,57361.0,0627
1784156462133,CASHCAT,A,Close Long,0.10556,5943.0,0.271012,0.35658,55361.0,0627
1784156462133,CASHCAT,A,Close Long,0.10551,2000.0,0.09116,0.02,49418.0,0627
1784156462133,CASHCAT,A,Close Long,0.1055,751.0,0.034227,0.0,47418.0,0627
1784156763568,CASHCAT,A,Close Long,0.10692,750.0,0.034642,1.065,46667.0,0628
1784156763568,CASHCAT,A,Close Long,0.10691,310.0,0.014317,0.4371,45917.0,0628
1784156763568,CASHCAT,A,Close Long,0.1069,937.0,0.043271,1.3118,45607.0,0628
1784156763568,CASHCAT,A,Close Long,0.1068,468.0,0.021592,0.6084,44670.0,0628
1784156763568,CASHCAT,A,Close Long,0.10675,1000.0,0.046116,1.25,44202.0,0628
1784156763568,CASHCAT,A,Close Long,0.10674,4684.0,0.215987,5.80816,43202.0,0628
1784156763568,CASHCAT,A,Close Long,0.10673,7973.0,0.367613,9.80679,38518.0,0628
1784156763568,CASHCAT,A,Close Long,0.1067,468.0,0.021572,0.5616,30545.0,0628
1784156763568,CASHCAT,A,Close Long,0.10667,13604.0,0.626891,15.91668,30077.0,0628
1784156763568,CASHCAT,A,Close Long,0.1066,469.0,0.021598,0.5159,16473.0,0628
1784156763568,CASHCAT,A,Close Long,0.10651,2000.0,0.092024,2.02,16004.0,0628
1784156763568,CASHCAT,A,Close Long,0.1065,469.0,0.021577,0.469,14004.0,0628
1784156763568,CASHCAT,A,Close Long,0.10647,2000.0,0.09199,1.94,13535.0,0628
1784156763568,CASHCAT,A,Close Long,0.10647,247.0,0.01136,0.23959,11535.0,0628
1784156763568,CASHCAT,A,Close Long,0.10646,11288.0,0.519143,10.83648,11288.0,0628
1784160000034,@699,A,Spot Dust Conversion,0.18424,0.404418,0.0,0.0,0.404418,0631
1784164412010,@699,B,Buy,0.163,3407.0,1.308287,0.0,0.0,0630
1784164606038,@699,B,Buy,0.163,4891.0,1.878143,0.0,3405.691713,0630
1784178162690,CASHCAT,B,Open Long,0.0865,115606.0,1.439988,0.0,0.0,0629
1784192984762,@699,B,Buy,0.163,2562.0,0.983807,0.0,8294.81357,0630
1784192984762,@699,B,Buy,0.163,2412.0,0.926207,0.0,10855.829763,0630
1784192984896,@699,B,Buy,0.163,2246.0,0.862463,0.0,13266.903556,0630
1784192984896,@699,B,Buy,0.163,2412.0,0.926207,0.0,15512.041093,0630
1784192984896,@699,B,Buy,0.163,2082.0,0.799487,0.0,17923.114886,0630
1784192984896,@699,B,Buy,0.163,1917.0,0.736127,0.0,20004.315399,0630
1784192984896,@699,B,Buy,0.163,2246.0,0.862463,0.0,21920.579272,0630
1784192984896,@699,B,Buy,0.163,2082.0,0.799487,0.0,24165.716809,0630
1784192984896,@699,B,Buy,0.163,1753.0,0.673151,0.0,26246.917322,0630
1784192984896,@699,B,Buy,0.163,1589.0,0.610175,0.0,27999.244171,0630
1784192984896,@699,B,Buy,0.163,1425.0,0.5472,0.0,29587.633996,0630
1784193029691,@699,B,Buy,0.163,146.0,0.056063,0.0,31012.086796,0630
1784193030077,@699,B,Buy,0.163,98.0,0.037631,0.0,31158.030733,0630
1784193030296,@699,B,Buy,0.163,727.0,0.279167,0.0,31255.993102,0630
1784193030296,@699,B,Buy,0.163,443.0,0.170111,0.0,31982.713935,0630
1784193030296,@699,B,Buy,0.163,895.0,0.34368,0.0,32425.543824,0630
1784193030296,@699,B,Buy,0.163,216.0,0.082943,0.0,33320.200144,0630
1784193030296,@699,B,Buy,0.163,678.0,0.260351,0.0,33536.117201,0630
1784193030361,@699,B,Buy,0.163,485.0,0.18624,0.0,34213.85685,0630
1784193030361,@699,B,Buy,0.163,877.0,0.336767,0.0,34698.67061,0630
1784193030361,@699,B,Buy,0.163,1163.0,0.446591,0.0,35575.333843,0630
1784193030361,@699,B,Buy,0.163,1105.0,0.42432,0.0,36737.887252,0630
1784193030361,@699,B,Buy,0.163,1191.0,0.457343,0.0,37842.462932,0630
1784193030361,@699,B,Buy,0.163,1642.0,0.630527,0.0,39033.005589,0630
1784193030361,@699,B,Buy,0.163,1474.0,0.566015,0.0,40674.375062,0630
1784193030361,@699,B,Buy,0.163,964.0,0.370175,0.0,42147.809047,0630
1784193030361,@699,B,Buy,0.163,1408.0,0.540671,0.0,43111.438872,0630
1784193030478,@699,B,Buy,0.163,395.0,0.15168,0.0,44518.898201,0630
1784193134540,@699,B,Buy,0.163,16418.0,6.304511,0.0,44913.746521,0630
1784209230967,xyz:BOT,B,Open Long,29.65,156.46,0.133604,0.0,0.0,0626
1784209231570,xyz:BOT,B,Open Long,29.65,0.89,0.000759,0.0,156.46,0626
1784209231570,xyz:BOT,B,Open Long,29.65,0.4,0.000341,0.0,157.35,0626
1784209231636,xyz:BOT,B,Open Long,29.65,7.6,0.006489,0.0,157.75,0626
1784209232179,xyz:BOT,B,Open Long,29.65,1.9,0.001622,0.0,165.35,0626
1784209232245,xyz:BOT,B,Open Long,29.65,1.0,0.000853,0.0,167.25,0626
1784209232245,xyz:BOT,B,Open Long,29.65,7.6,0.006489,0.0,168.25,0626
1784209232377,xyz:BOT,B,Open Long,29.65,7.6,0.006489,0.0,175.85,0626
1784209232994,xyz:BOT,B,Open Long,29.65,7.6,0.006489,0.0,183.45,0626
1784209232994,xyz:BOT,B,Open Long,29.65,0.4,0.000341,0.0,191.05,0626
1784209233120,xyz:BOT,B,Open Long,29.65,7.6,0.006489,0.0,191.45,0626
1784209233802,xyz:BOT,B,Open Long,29.65,0.6,0.000512,0.0,199.05,0626
1784209233802,xyz:BOT,B,Open Long,29.65,3.37,0.002877,0.0,199.65,0626
1784209233870,xyz:BOT,B,Open Long,29.65,7.6,0.006489,0.0,203.02,0626
1784209234006,xyz:BOT,B,Open Long,29.65,7.6,0.006489,0.0,210.62,0626
1784209234154,xyz:BOT,B,Open Long,29.65,30.32,0.02589,0.0,218.22,0626
1784209234154,xyz:BOT,B,Open Long,29.65,0.47,0.000401,0.0,248.54,0626
1784209234488,xyz:BOT,B,Open Long,29.65,222.61,0.190091,0.0,249.01,0626
1784209234488,xyz:BOT,B,Open Long,29.65,0.4,0.000341,0.0,471.62,0626
1784209234488,xyz:BOT,B,Open Long,29.65,3.37,0.002877,0.0,472.02,0626
1784209234611,xyz:BOT,B,Open Long,29.65,7.6,0.006489,0.0,475.39,0626
1784209234690,xyz:BOT,B,Open Long,29.65,0.68,0.00058,0.0,482.99,0626
1784209234690,xyz:BOT,B,Open Long,29.65,7.6,0.006489,0.0,483.67,0626
1784209235356,xyz:BOT,B,Open Long,29.65,1.27,0.001084,0.0,491.27,0626
1784209236765,xyz:BOT,B,Open Long,29.65,5.17,0.004414,0.0,492.54,0626
1784209237697,xyz:BOT,B,Open Long,29.65,113.1,0.096578,0.0,497.71,0626
1784209242596,xyz:BOT,B,Open Long,29.65,13.4,0.011442,0.0,610.81,0626
1784209249581,xyz:BOT,B,Open Long,29.65,51.04,0.043584,0.0,624.21,0626
1784209251673,xyz:BOT,B,Open Long,29.65,6.03,0.005149,0.0,675.25,0626
1784209251673,xyz:BOT,B,Open Long,29.65,6.03,0.005149,0.0,681.28,0626
1784209252478,xyz:BOT,B,Open Long,29.65,6.03,0.005149,0.0,687.31,0626
1784209252478,xyz:BOT,B,Open Long,29.65,50.33,0.042977,0.0,693.34,0626
1784209254155,xyz:BOT,B,Open Long,29.65,6.74,0.005755,0.0,743.67,0626
1784209255594,xyz:BOT,B,Open Long,29.65,6.74,0.005755,0.0,750.41,0626
1784209461616,xyz:BOT,B,Open Long,29.65,1.7,0.001451,0.0,757.15,0626
1784210140673,xyz:BB,B,Open Long,9.535,35.0,0.009611,0.0,0.0,0632
1784210146657,xyz:BB,B,Open Long,9.535,91.9,0.025236,0.0,35.0,0632
1784210146657,xyz:BB,B,Open Long,9.535,351.6,0.096552,0.0,126.9,0632
1784210146657,xyz:BB,B,Open Long,9.535,65.1,0.017876,0.0,478.5,0632
1784210146657,xyz:BB,B,Open Long,9.535,22.2,0.006096,0.0,543.6,0632
1784210146657,xyz:BB,B,Open Long,9.535,147.2,0.040422,0.0,565.8,0632
1784210146725,xyz:BB,B,Open Long,9.535,22.4,0.006151,0.0,713.0,0632
1784210146725,xyz:BB,B,Open Long,9.535,22.4,0.006151,0.0,735.4,0632
1784210146725,xyz:BB,B,Open Long,9.535,112.7,0.030948,0.0,757.8,0632
1784210146725,xyz:BB,B,Open Long,9.535,22.0,0.006041,0.0,870.5,0632
1784210146725,xyz:BB,B,Open Long,9.535,143.7,0.039461,0.0,892.5,0632
1784210146725,xyz:BB,B,Open Long,9.535,66.0,0.018124,0.0,1036.2,0632
1784210147182,xyz:BB,B,Open Long,9.535,22.4,0.006151,0.0,1102.2,0632
1784210147435,xyz:BB,B,Open Long,9.535,15.3,0.004201,0.0,1124.6,0632
1784210147435,xyz:BB,B,Open Long,9.535,71.7,0.019689,0.0,1139.9,0632
1784210147515,xyz:BB,B,Open Long,9.535,16.7,0.004585,0.0,1211.6,0632
1784210147515,xyz:BB,B,Open Long,9.535,17.3,0.00475,0.0,1228.3,0632
1784210147714,xyz:BB,B,Open Long,9.535,12.5,0.003432,0.0,1245.6,0632
1784210147918,xyz:BB,B,Open Long,9.535,20.9,0.005739,0.0,1258.1,0632
1784210147987,xyz:BB,B,Open Long,9.535,16.5,0.004531,0.0,1279.0,0632
1784210148048,xyz:BB,B,Open Long,9.535,11.7,0.003212,0.0,1295.5,0632
1784210148122,xyz:BB,B,Open Long,9.535,22.1,0.006068,0.0,1307.2,0632
1784210148122,xyz:BB,B,Open Long,9.535,15.9,0.004366,0.0,1329.3,0632
1784213411658,xyz:BB,B,Open Long,9.535,253.3,0.069558,0.0,1345.2,0632
1784213411850,xyz:BB,B,Open Long,9.535,3.7,0.001016,0.0,1598.5,0632
1784213411850,xyz:BB,B,Open Long,9.535,3.6,0.000988,0.0,1602.2,0632
1784213411957,xyz:BB,B,Open Long,9.535,3.4,0.000933,0.0,1605.8,0632
1784213412053,xyz:BB,B,Open Long,9.535,3.3,0.000906,0.0,1609.2,0632
1784213412931,xyz:BB,B,Open Long,9.535,3.3,0.000906,0.0,1612.5,0632
1784213413071,xyz:BB,B,Open Long,9.535,3.7,0.001016,0.0,1615.8,0632
1784213413742,xyz:BB,B,Open Long,9.535,3.8,0.001043,0.0,1619.5,0632
1784213413871,xyz:BB,B,Open Long,9.535,24.2,0.006645,0.0,1623.3,0632
1784213413871,xyz:BB,B,Open Long,9.535,23.6,0.00648,0.0,1647.5,0632
1784213414882,xyz:BB,B,Open Long,9.535,32.2,0.008842,0.0,1671.1,0632
1784213414947,xyz:BB,B,Open Long,9.535,32.0,0.008787,0.0,1703.3,0632
1784213415886,xyz:BB,B,Open Long,9.535,5.7,0.001565,0.0,1735.3,0632
1784213415886,xyz:BB,B,Open Long,9.535,9.6,0.002636,0.0,1741.0,0632
1784213416991,xyz:BB,B,Open Long,9.535,30.5,0.008375,0.0,1750.6,0632
1784213417795,xyz:BB,B,Open Long,9.535,15.4,0.004228,0.0,1781.1,0632
1784213417795,xyz:BB,B,Open Long,9.535,14.2,0.003899,0.0,1796.5,0632
1784213419704,xyz:BB,B,Open Long,9.535,13.7,0.003762,0.0,1810.7,0632
1784213419837,xyz:BB,B,Open Long,9.535,15.0,0.004119,0.0,1824.4,0632
1784213421040,xyz:BB,B,Open Long,9.535,258.1,0.070876,0.0,1839.4,0632
1784214727579,xyz:MRVL,B,Open Long,190.65,10.81,0.059354,0.0,0.0,0633
1784214728501,xyz:MRVL,B,Open Long,190.65,83.6,0.459024,0.0,10.81,0633
1784217442489,CASHCAT,A,Close Long,0.11123,2020.0,0.097063,49.9546,115606.0,0634
1784217442489,CASHCAT,A,Close Long,0.11122,891.0,0.042809,22.02552,113586.0,0634
1784217442489,CASHCAT,A,Close Long,0.11121,1005.0,0.048282,24.83355,112695.0,0634
1784217442489,CASHCAT,A,Close Long,0.11112,118.0,0.005664,2.90516,111690.0,0634
1784217442489,CASHCAT,A,Close Long,0.11111,1120.0,0.053759,27.5632,111572.0,0634
1784217442489,CASHCAT,A,Close Long,0.11102,108.0,0.005179,2.64816,110452.0,0634
1784217442489,CASHCAT,A,Close Long,0.11094,450.0,0.021566,10.998,110344.0,0634
1784217442489,CASHCAT,A,Close Long,0.11087,2115.0,0.101299,51.54255,109894.0,0634
1784217442489,CASHCAT,A,Close Long,0.11086,645.0,0.03089,15.7122,107779.0,0634
1784217442489,CASHCAT,A,Close Long,0.11085,9020.0,0.431942,219.637,107134.0,0634
1784217442489,CASHCAT,A,Close Long,0.11081,1030.0,0.049306,25.0393,98114.0,0634
1784217442489,CASHCAT,A,Close Long,0.11081,2060.0,0.098612,50.0786,97084.0,0634
1784217442489,CASHCAT,A,Close Long,0.1108,7245.0,0.346786,176.0535,95024.0,0634
1784217554388,CASHCAT,A,Close Long,0.11097,20071.0,0.962184,491.13737,87779.0,0635
1784217554388,CASHCAT,A,Close Long,0.11093,995.0,0.047682,24.30785,67708.0,0635
1784222134249,HYPE,B,Open Long,62.65,239.42,2.159951,0.0,0.0,0621
1784224785379,CASHCAT,A,Close Long,0.090097,1781.0,0.069319,6.406257,66713.0,0636
1784224785379,CASHCAT,A,Close Long,0.090096,784.0,0.030514,2.819264,64932.0,0636
1784224785379,CASHCAT,A,Close Long,0.090094,163.0,0.006344,0.585822,64148.0,0636
1784224785379,CASHCAT,A,Close Long,0.090092,4319.0,0.168094,15.513848,63985.0,0636
1784224785379,CASHCAT,A,Close Long,0.090069,5658.0,0.220151,20.193402,59666.0,0636
1784224785379,CASHCAT,A,Close Long,0.09,3255.0,0.126554,11.3925,54008.0,0636
1784224785379,CASHCAT,A,Close Long,0.09,166.0,0.006454,0.581,50753.0,0636
1784224785379,CASHCAT,A,Close Long,0.089906,1000.0,0.038839,3.406,50587.0,0636
1784224785379,CASHCAT,A,Close Long,0.089905,16710.0,0.648999,56.89755,49587.0,0636
1784224785379,CASHCAT,A,Close Long,0.089823,1000.0,0.038803,3.323,32877.0,0636
1784224785379,CASHCAT,A,Close Long,0.089822,15467.0,0.600167,51.381374,31877.0,0636
1784224785379,CASHCAT,A,Close Long,0.089807,1000.0,0.038796,3.307,16410.0,0636
1784224785379,CASHCAT,A,Close Long,0.089806,15410.0,0.597849,50.94546,15410.0,0636
1784226881691,CASHCAT,B,Open Long,0.07655,52253.0,0.575995,0.0,0.0,0637
1784227445318,CASHCAT,A,Close Long,0.077527,11192.0,0.374838,10.934584,52253.0,0638
1784227445318,CASHCAT,A,Close Long,0.07743,12738.0,0.426083,11.20944,41061.0,0638
1784227445318,CASHCAT,A,Close Long,0.077355,17978.0,0.600777,14.47229,28323.0,0638
1784227445318,CASHCAT,A,Close Long,0.077338,488.0,0.016304,0.384544,10345.0,0638
1784227445318,CASHCAT,A,Close Long,0.077326,9857.0,0.329271,7.649032,9857.0,0638
1784237610477,CASHCAT,B,Open Long,0.0625,56000.0,0.503999,0.0,0.0,0640
1784243858144,CASHCAT,A,Close Long,0.073509,936.0,0.029723,10.304424,56000.0,0642
1784243858144,CASHCAT,A,Close Long,0.0735,540.0,0.017146,5.94,55064.0,0642
1784243858144,CASHCAT,A,Close Long,0.073489,3804.0,0.120766,41.802156,54524.0,0642
1784243858144,CASHCAT,A,Close Long,0.073443,2500.0,0.079318,27.3575,50720.0,0642
1784243858144,CASHCAT,A,Close Long,0.073431,3000.0,0.095166,32.793,48220.0,0642
1784243858144,CASHCAT,A,Close Long,0.073431,1030.0,0.032673,11.25893,45220.0,0642
1784243858144,CASHCAT,A,Close Long,0.073431,2060.0,0.065347,22.51786,44190.0,0642
1784243858144,CASHCAT,A,Close Long,0.07343,24543.0,0.778547,268.25499,42130.0,0642
1784243858144,CASHCAT,A,Close Long,0.073363,3000.0,0.095078,32.589,17587.0,0642
1784243858144,CASHCAT,A,Close Long,0.073362,13382.0,0.424107,145.355284,14587.0,0642
1784243858144,CASHCAT,A,Close Long,0.073351,1205.0,0.038183,13.075455,1205.0,0642
1784247193711,xyz:INTC,B,Open Long,94.65,90.06,0.245496,0.0,0.0,0639
1784247193711,xyz:INTC,B,Open Long,94.65,147.65,0.402482,0.0,90.06,0639
1784266872028,xyz:SNDK,B,Open Long,1326.0,0.125,0.004773,0.0,0.0,0641
1784266872028,xyz:SNDK,B,Open Long,1326.0,1.579,0.0603,0.0,0.125,0641
1784266872028,xyz:SNDK,B,Open Long,1326.0,17.093,0.652761,0.0,1.704,0641
1784266872028,xyz:SNDK,B,Open Long,1326.0,0.468,0.017872,0.0,18.797,0641
1784266872028,xyz:SNDK,B,Open Long,1326.0,3.359,0.128276,0.0,19.265,0641
1784266954648,xyz:SMSN,B,Open Long,155.5,48.231,0.215997,0.0,116.584,0643
1784297875703,xyz:SMSN,A,Close Long,168.35,1.256,0.018269,1.880232,164.815,0645
1784297875703,xyz:SMSN,A,Close Long,168.35,1.256,0.018269,1.880232,163.559,0645
1784297875703,xyz:SMSN,A,Close Long,168.24,25.0,0.363398,34.675,162.303,0645
1784297875703,xyz:SMSN,A,Close Long,168.23,0.594,0.008633,0.817938,137.303,0645
1784297875703,xyz:SMSN,A,Close Long,168.23,1.251,0.018183,1.722627,136.709,0645
1784297875703,xyz:SMSN,A,Close Long,168.23,1.251,0.018183,1.722627,135.458,0645
1784297875703,xyz:SMSN,A,Close Long,168.23,16.327,0.237314,22.482279,134.207,0645
1784297875703,xyz:SMSN,A,Close Long,168.23,25.0,0.363376,34.425,117.88,0645
1784297875703,xyz:SMSN,A,Close Long,168.23,15.609,0.226877,21.493593,92.88,0645
1784297875703,xyz:SMSN,A,Close Long,168.23,12.851,0.18679,17.695827,77.271,0645
1784297875703,xyz:SMSN,A,Close Long,168.22,14.334,0.208333,19.594578,64.42,0645
1784297875703,xyz:SMSN,A,Close Long,168.22,0.594,0.008633,0.811998,50.086,0645
1784297875703,xyz:SMSN,A,Close Long,168.21,0.594,0.008632,0.806058,49.492,0645
1784297875703,xyz:SMSN,A,Close Long,168.21,0.891,0.012949,1.209087,48.898,0645
1784297875703,xyz:SMSN,A,Close Long,168.21,1.188,0.017265,1.612116,48.007,0645
1784297875703,xyz:SMSN,A,Close Long,168.2,0.411,0.005972,0.553617,46.819,0645
1784297875703,xyz:SMSN,A,Close Long,168.2,2.498,0.036302,3.364806,46.408,0645
1784297875703,xyz:SMSN,A,Close Long,168.19,0.411,0.005972,0.549507,43.91,0645
1784297875703,xyz:SMSN,A,Close Long,168.18,3.089,0.044885,4.099103,43.499,0645
1784297875703,xyz:SMSN,A,Close Long,168.18,1.246,0.018105,1.653442,40.41,0645
1784297875703,xyz:SMSN,A,Close Long,168.18,0.412,0.005986,0.546724,39.164,0645
1784297875703,xyz:SMSN,A,Close Long,168.18,2.498,0.036297,3.314846,38.752,0645
1784297875703,xyz:SMSN,A,Close Long,168.17,0.005,0.000072,0.006585,36.254,0645
1784297875703,xyz:SMSN,A,Close Long,168.17,1.252,0.018191,1.648884,36.249,0645
1784297875703,xyz:SMSN,A,Close Long,168.17,0.412,0.005986,0.542604,34.997,0645
1784297875703,xyz:SMSN,A,Close Long,168.16,0.914,0.013279,1.194598,34.585,0645
1784297875703,xyz:SMSN,A,Close Long,168.16,1.252,0.01819,1.636364,33.671,0645
1784297875703,xyz:SMSN,A,Close Long,168.16,0.684,0.009937,0.893988,32.419,0645
1784297875703,xyz:SMSN,A,Close Long,168.16,3.419,0.049674,4.468633,31.735,0645
1784297875703,xyz:SMSN,A,Close Long,168.16,0.37,0.005375,0.48359,28.316,0645
1784297875703,xyz:SMSN,A,Close Long,168.16,1.026,0.014906,1.340982,27.946,0645
1784297875703,xyz:SMSN,A,Close Long,168.16,0.412,0.005985,0.538484,26.92,0645
1784297875703,xyz:SMSN,A,Close Long,168.15,3.419,0.049671,4.434443,26.508,0645
1784297875703,xyz:SMSN,A,Close Long,168.15,0.412,0.005985,0.534364,23.089,0645
1784297875703,xyz:SMSN,A,Close Long,168.14,0.412,0.005985,0.530244,22.677,0645
1784297875703,xyz:SMSN,A,Close Long,168.14,14.714,0.213754,18.936918,22.265,0645
1784297875703,xyz:SMSN,A,Close Long,168.13,0.412,0.005984,0.526124,7.551,0645
1784297875703,xyz:SMSN,A,Close Long,168.12,0.412,0.005984,0.522004,7.139,0645
1784297875703,xyz:SMSN,A,Close Long,168.11,0.412,0.005984,0.517884,6.727,0645
1784297875703,xyz:SMSN,A,Close Long,168.1,0.412,0.005983,0.513764,6.315,0645
1784297875703,xyz:SMSN,A,Close Long,168.09,1.251,0.018168,1.547487,5.903,0645
1784297875703,xyz:SMSN,A,Close Long,168.09,1.251,0.018168,1.547487,4.652,0645
1784297875703,xyz:SMSN,A,Close Long,168.09,0.412,0.005983,0.509644,3.401,0645
1784297875703,xyz:SMSN,A,Close Long,168.08,0.412,0.005983,0.505524,2.989,0645
1784297875703,xyz:SMSN,A,Close Long,168.08,2.577,0.037423,3.161979,2.577,0645
1784304610672,xyz:MRVL,A,Close Long,191.09,0.68,0.011226,0.2992,94.41,0644
1784304610672,xyz:MRVL,A,Close Long,191.09,0.96,0.015849,0.4224,93.73,0644
1784304610672,xyz:MRVL,A,Close Long,191.08,10.12,0.167074,4.3516,92.77,0644
1784304610672,xyz:MRVL,A,Close Long,191.06,15.75,0.259994,6.4575,82.65,0644
1784304610672,xyz:MRVL,A,Close Long,191.06,66.9,1.104357,27.429,66.9,0644
1784307160719,xyz:BOT,A,Close Long,29.75,216.45,0.185454,21.645,758.85,0647
1784307513120,xyz:BOT,A,Close Long,29.75,24.24,0.020768,2.424,542.4,0647
1784307513598,xyz:BOT,A,Close Long,29.75,1.68,0.001439,0.168,518.16,0647
1784307522940,xyz:BOT,A,Close Long,29.75,15.25,0.013066,1.525,516.48,0647
1784308210745,xyz:BOT,A,Close Long,29.899,7.88,0.020356,1.96212,501.23,0648
1784308244654,xyz:BOT,A,Close Long,29.87,6.58,0.00566,1.4476,493.35,0648
1784308517205,xyz:BOT,A,Close Long,29.87,4.31,0.003707,0.9482,486.77,0648
1784308731303,xyz:BOT,A,Close Long,29.87,4.88,0.004198,1.0736,482.46,0648
1784308731922,xyz:BOT,A,Close Long,29.87,5.98,0.005144,1.3156,477.58,0648
1784308731922,xyz:BOT,A,Close Long,29.87,5.98,0.005144,1.3156,471.6,0648
1784309349122,xyz:BOT,A,Close Long,29.87,104.66,0.090034,23.0252,465.62,0648
1784309387547,xyz:BOT,A,Close Long,29.87,18.59,0.015992,4.0898,360.96,0648
1784309438551,xyz:BOT,A,Close Long,29.87,18.57,0.015974,4.0854,342.37,0648
1784309447909,xyz:BOT,A,Close Long,29.87,16.55,0.014237,3.641,323.8,0648
1784309460966,xyz:BOT,A,Close Long,29.87,3.93,0.00338,0.8646,307.25,0648
1784309460966,xyz:BOT,A,Close Long,29.87,5.94,0.005109,1.3068,303.32,0648
1784309461171,xyz:BOT,A,Close Long,29.87,0.37,0.000318,0.0814,297.38,0648
1784309461588,xyz:BOT,A,Close Long,29.87,5.94,0.005109,1.3068,297.01,0648
1784309461588,xyz:BOT,A,Close Long,29.87,5.94,0.005109,1.3068,291.07,0648
1784309508203,xyz:BOT,A,Close Long,29.87,18.56,0.015966,4.0832,285.13,0648
1784309553862,xyz:BOT,A,Close Long,29.87,139.09,0.119653,30.5998,266.57,0648
1784309553953,xyz:BOT,A,Close Long,29.87,33.87,0.029136,7.4514,127.48,0648
1784309568689,xyz:BOT,A,Close Long,29.87,18.53,0.01594,4.0766,93.61,0648
1784309595521,xyz:BOT,A,Close Long,29.87,5.93,0.005101,1.3046,75.08,0648
1784309595521,xyz:BOT,A,Close Long,29.87,5.93,0.005101,1.3046,69.15,0648
1784309595521,xyz:BOT,A,Close Long,29.87,2.0,0.00172,0.44,63.22,0648
1784309595521,xyz:BOT,A,Close Long,29.87,7.44,0.0064,1.6368,61.22,0648
1784309595521,xyz:BOT,A,Close Long,29.87,0.37,0.000318,0.0814,53.78,0648
1784309595521,xyz:BOT,A,Close Long,29.87,2.94,0.002529,0.6468,53.41,0648
1784309595521,xyz:BOT,A,Close Long,29.87,20.32,0.01748,4.4704,50.47,0648
1784309595521,xyz:BOT,A,Close Long,29.87,1.67,0.001436,0.3674,30.15,0648
1784309596056,xyz:BOT,A,Close Long,29.87,2.11,0.001815,0.4642,28.48,0648
1784309596124,xyz:BOT,A,Close Long,29.87,5.93,0.005101,1.3046,26.37,0648
1784309596124,xyz:BOT,A,Close Long,29.87,5.93,0.005101,1.3046,20.44,0648
1784309596862,xyz:BOT,A,Close Long,29.87,5.93,0.005101,1.3046,14.51,0648
1784309596862,xyz:BOT,A,Close Long,29.87,5.93,0.005101,1.305193,8.58,0648
1784309597472,xyz:BOT,A,Close Long,29.87,2.65,0.002279,0.583265,2.65,0648
1784324503793,CASHCAT,B,Open Long,0.04155,12078.0,0.072265,0.0,0.0,0646
1784324503793,CASHCAT,B,Open Long,0.04155,3333.0,0.019942,0.0,12078.0,0646
1784324503793,CASHCAT,B,Open Long,0.04155,2718.0,0.016262,0.0,15411.0,0646
1784324503793,CASHCAT,B,Open Long,0.04155,217.0,0.001298,0.0,18129.0,0646
1784324503793,CASHCAT,B,Open Long,0.04155,311.0,0.00186,0.0,18346.0,0646
1784324503793,CASHCAT,B,Open Long,0.04155,1308.0,0.007826,0.0,18657.0,0646
1784324503793,CASHCAT,B,Open Long,0.04155,769.0,0.004601,0.0,19965.0,0646
1784324503793,CASHCAT,B,Open Long,0.04155,54331.0,0.325073,0.0,20734.0,0646
1784324503793,CASHCAT,B,Open Long,0.04155,462.0,0.002764,0.0,75065.0,0646
1784324503793,CASHCAT,B,Open Long,0.04155,6632.0,0.03968,0.0,75527.0,0646
1784324503793,CASHCAT,B,Open Long,0.04155,38177.0,0.22842,0.0,82159.0,0646
1784327263039,CASHCAT,A,Close Long,0.047644,2500.0,0.051455,15.235,120336.0,0650
1784327263039,CASHCAT,A,Close Long,0.047634,3683.0,0.075788,22.407372,117836.0,0650
1784327263039,CASHCAT,A,Close Long,0.047634,1050.0,0.021606,6.3882,114153.0,0650
1784327263039,CASHCAT,A,Close Long,0.047633,5468.0,0.112517,33.261844,113103.0,0650
1784327263039,CASHCAT,A,Close Long,0.047578,4000.0,0.082214,24.112,107635.0,0650
1784327263039,CASHCAT,A,Close Long,0.047577,2026.0,0.04164,12.210702,103635.0,0650
1784327263039,CASHCAT,A,Close Long,0.047576,1856.0,0.038146,11.186112,101609.0,0650
1784327263039,CASHCAT,A,Close Long,0.047575,11103.0,0.228193,66.906678,99753.0,0650
1784327263039,CASHCAT,A,Close Long,0.047573,251.0,0.005158,1.512024,88650.0,0650
1784327263039,CASHCAT,A,Close Long,0.047571,3374.0,0.069337,20.318228,88399.0,0650
1784327263039,CASHCAT,A,Close Long,0.047558,14523.0,0.298375,87.268707,85025.0,0650
1784327263039,CASHCAT,A,Close Long,0.04754,251.0,0.005154,1.503741,70502.0,0650
1784327263039,CASHCAT,A,Close Long,0.047486,4000.0,0.082055,23.748,70251.0,0650
1784327263039,CASHCAT,A,Close Long,0.047485,2508.0,0.051447,14.887488,66251.0,0650
1784327366807,CASHCAT,A,Close Long,0.0485,1030.0,0.02158,7.15953,63743.0,0651
1784327366807,CASHCAT,A,Close Long,0.048451,632.0,0.013228,4.362064,62713.0,0651
1784327366807,CASHCAT,A,Close Long,0.048264,247.0,0.005149,1.658605,62081.0,0651
1784327366807,CASHCAT,A,Close Long,0.048226,3308.0,0.068917,22.087516,61834.0,0651
1784327366807,CASHCAT,A,Close Long,0.04821,5185.0,0.107986,34.537285,58526.0,0651
1784327366807,CASHCAT,A,Close Long,0.048155,1350.0,0.028083,8.9181,53341.0,0651
1784327366807,CASHCAT,A,Close Long,0.048151,1053.0,0.021903,6.951906,51991.0,0651
1784327366807,CASHCAT,A,Close Long,0.04815,20341.0,0.423109,134.270941,50938.0,0651
1784327374249,CASHCAT,A,Close Long,0.048297,250.0,0.005216,1.687,30597.0,0652
1784327374249,CASHCAT,A,Close Long,0.048177,248.0,0.005161,1.643744,30347.0,0652
1784327374249,CASHCAT,A,Close Long,0.04808,248.0,0.005151,1.619688,30099.0,0652
1784327374249,CASHCAT,A,Close Long,0.047994,29851.0,0.618912,192.389695,29851.0,0652
1784409951360,#8550,B,Buy,0.2915,994.0,0.0,0.0,0.0,0653
1784414194635,xyz:BB,B,Open Long,8.55,877.1,0.215977,0.0,2097.5,0649
1784414676886,#8550,A,Sell,0.32005,464.0,0.0,13.2472,994.0,0654
1784414676886,#8550,A,Sell,0.31001,62.0,0.0,1.14762,530.0,0654
1784415132327,#8550,A,Sell,0.0375,468.0,0.0,-118.872,468.0,0655
1784580944590,HYPE,A,Close Long,62.724,17.8,0.482322,1.3172,239.42,0656
1784580944590,HYPE,A,Close Long,62.724,0.74,0.020051,0.05476,221.62,0656
1784580944590,HYPE,A,Close Long,62.715,3.52,0.095366,0.2288,220.88,0656
1784580944590,HYPE,A,Close Long,62.715,7.97,0.21593,0.51805,217.36,0656
1784580944590,HYPE,A,Close Long,62.715,0.4,0.010837,0.026,209.39,0656
1784580944590,HYPE,A,Close Long,62.714,48.8,1.322111,3.1232,208.99,0656
1784580944590,HYPE,A,Close Long,62.713,33.29,0.901893,2.09727,160.19,0656
1784580948231,HYPE,A,Close Long,62.716,7.22,0.195613,0.47652,126.9,0657
1784580948231,HYPE,A,Close Long,62.716,119.68,3.242527,7.89888,119.68,0657
1784624323105,xyz:INTC,A,Close Long,103.1,19.43,0.173079,164.1835,237.71,0658
1784624323105,xyz:INTC,A,Close Long,103.1,4.85,0.043203,40.9825,218.28,0658
1784624323105,xyz:INTC,A,Close Long,103.1,16.78,0.149473,141.791,213.43,0658
1784624323105,xyz:INTC,A,Close Long,103.09,4.85,0.043198,40.934,196.65,0658
1784624323105,xyz:INTC,A,Close Long,103.09,52.77,0.470021,445.3788,191.8,0658
1784624323105,xyz:INTC,A,Close Long,103.09,11.64,0.103677,98.2416,139.03,0658
1784624323708,xyz:INTC,A,Close Long,103.09,121.6,0.361029,1026.304,127.39,0658
1784624330023,xyz:INTC,A,Close Long,103.09,1.19,0.003533,10.0436,5.79,0658
1784624332079,xyz:INTC,A,Close Long,103.09,4.6,0.013657,38.824,4.6,0658
1784649814129,xyz:SNDK,A,Close Long,1547.5,9.763,1.305352,2162.5045,22.624,0659
1784649814129,xyz:SNDK,A,Close Long,1547.4,1.549,0.207094,342.950149,12.861,0659
1784663710176,xyz:SNDK,A,Close Long,1594.5,8.266,1.138763,2219.429266,11.312,0660
1784663710176,xyz:SNDK,A,Close Long,1594.4,3.046,0.419605,817.549446,3.046,0660
1784701575114,HYPE,B,Open Long,58.35,342.75,2.879922,0.0,0.0,0661
1784707713173,HYPE,A,Close Long,58.646,102.65,2.600645,30.3844,342.75,0662
1784707713173,HYPE,A,Close Long,58.646,16.3,0.412961,4.8248,240.1,0662
1784707713173,HYPE,A,Close Long,58.646,17.21,0.436016,5.09416,223.8,0662
1784707713173,HYPE,A,Close Long,58.646,5.4,0.136809,1.5984,206.59,0662
1784707713173,HYPE,A,Close Long,58.646,6.53,0.165438,1.93288,201.19,0662
1784707713173,HYPE,A,Close Long,58.646,194.66,4.931725,57.61936,194.66,0662
1784749393331,xyz:GOOGL,B,Open Long,345.5,0.675,0.006716,0.0,0.0,0663
1784749397575,xyz:GOOGL,B,Open Long,345.5,9.004,0.089593,0.0,0.675,0663
1784749397575,xyz:GOOGL,B,Open Long,345.5,5.161,0.051354,0.0,9.679,0663
1784749397575,xyz:GOOGL,B,Open Long,345.5,2.13,0.021194,0.0,14.84,0663
1784749397575,xyz:GOOGL,B,Open Long,345.5,4.923,0.048985,0.0,16.97,0663
1784749397575,xyz:GOOGL,B,Open Long,345.5,1.881,0.018716,0.0,21.893,0663
1784749397575,xyz:GOOGL,B,Open Long,345.5,0.805,0.00801,0.0,23.774,0663
1784749399265,xyz:GOOGL,B,Open Long,345.5,3.886,0.038667,0.0,24.579,0663
1784749399265,xyz:GOOGL,B,Open Long,345.5,6.267,0.062359,0.0,28.465,0663
1784751202070,xyz:GOOGL,A,Close Long,346.26,4.253,0.127236,3.23228,34.732,0664
1784751202070,xyz:GOOGL,A,Close Long,346.09,30.479,0.911388,17.98261,30.479,0664
1784823964392,xyz:BB,A,Close Long,8.6737,357.4,0.267838,-204.02179,2974.6,0666
1784823964392,xyz:BB,A,Close Long,8.673,357.4,0.267816,-204.27197,2617.2,0666
1784823964392,xyz:BB,A,Close Long,8.6722,357.4,0.267791,-204.55789,2259.8,0666
1784823964392,xyz:BB,A,Close Long,8.6715,357.4,0.26777,-204.80807,1902.4,0666
1784823964392,xyz:BB,A,Close Long,8.6708,27.9,0.020901,-16.007625,1545.0,0666
1784836057609,xyz:BOT,B,Open Long,25.7,778.21,0.575999,0.0,0.0,0665
1784850920284,xyz:BOT,A,Close Long,25.95,5.77,0.012936,1.4425,778.21,0668
1784850920284,xyz:BOT,A,Close Long,25.945,1.14,0.002555,0.2793,772.44,0668
1784850920284,xyz:BOT,A,Close Long,25.906,1.73,0.003872,0.35638,771.3,0668
1784850920284,xyz:BOT,A,Close Long,25.9,34.67,0.077583,6.934,769.57,0668
1784850920284,xyz:BOT,A,Close Long,25.89,52.91,0.118354,10.0529,734.9,0668
1784900543449,xyz:SNDK,B,Open Long,1526.0,0.207,0.009097,0.0,0.0,0667
1784900543519,xyz:SNDK,B,Open Long,1526.0,1.702,0.0748,0.0,0.207,0667
1784900543599,xyz:SNDK,B,Open Long,1526.0,0.2,0.008789,0.0,1.909,0667
1784900543732,xyz:SNDK,B,Open Long,1526.0,0.119,0.005229,0.0,2.109,0667
1784900543732,xyz:SNDK,B,Open Long,1526.0,12.516,0.550063,0.0,2.228,0667
1785110788386,xyz:SKHX,B,Open Long,1217.0,8.012,0.280817,0.0,0.0,0669
1785110788719,xyz:SKHX,B,Open Long,1217.0,0.18,0.006308,0.0,8.012,0669
1785110788784,xyz:SKHX,B,Open Long,1217.0,0.2,0.007009,0.0,8.192,0669
1785110788915,xyz:SKHX,B,Open Long,1217.0,12.15,0.425852,0.0,8.392,0669
1785113983082,xyz:SKHX,A,Close Long,1220.2,0.82,0.086448,2.624,20.542,0670
1785113983082,xyz:SKHX,A,Close Long,1220.1,0.921,0.097088,2.8551,19.722,0670
1785113983082,xyz:SKHX,A,Close Long,1220.1,0.086,0.009065,0.2666,18.801,0670
1785113983082,xyz:SKHX,A,Close Long,1220.0,1.184,0.124803,3.552,18.715,0670
1785113983082,xyz:SKHX,A,Close Long,1220.0,0.892,0.094023,2.676,17.531,0670
1785116315926,xyz:BOT,A,Close Long,25.877,0.6,0.001341,0.1062,681.99,0672
1785116315926,xyz:BOT,A,Close Long,25.874,0.56,0.001251,0.09744,681.39,0672
1785116315926,xyz:BOT,A,Close Long,25.871,0.61,0.001363,0.10431,680.83,0672
1785116315926,xyz:BOT,A,Close Long,25.868,0.56,0.001251,0.09408,680.22,0672
1785116315926,xyz:BOT,A,Close Long,25.865,0.61,0.001363,0.10065,679.66,0672
1785116315926,xyz:BOT,A,Close Long,25.862,0.61,0.001363,0.09882,679.05,0672
1785116315926,xyz:BOT,A,Close Long,25.86,0.61,0.001362,0.0976,678.44,0672
1785116315926,xyz:BOT,A,Close Long,25.859,0.63,0.001407,0.10017,677.83,0672
1785116315926,xyz:BOT,A,Close Long,25.857,0.61,0.001362,0.09577,677.2,0672
1785116315926,xyz:BOT,A,Close Long,25.853,0.65,0.001451,0.09945,676.59,0672
1785116315926,xyz:BOT,A,Close Long,25.85,0.65,0.001451,0.0975,675.94,0672
1785116315926,xyz:BOT,A,Close Long,25.849,2.37,0.005293,0.35313,675.29,0672
1785116315926,xyz:BOT,A,Close Long,25.848,0.61,0.001362,0.09028,672.92,0672
1785116315926,xyz:BOT,A,Close Long,25.845,0.61,0.001362,0.08845,672.31,0672
1785116315926,xyz:BOT,A,Close Long,25.841,0.64,0.001428,0.09024,671.7,0672
1785116315926,xyz:BOT,A,Close Long,25.838,0.64,0.001428,0.08832,671.06,0672
1785116315926,xyz:BOT,A,Close Long,25.835,0.64,0.001428,0.0864,670.42,0672
1785116315926,xyz:BOT,A,Close Long,25.832,0.64,0.001428,0.08448,669.78,0672
1785116315926,xyz:BOT,A,Close Long,25.829,0.54,0.001205,0.06966,669.14,0672
1785116315926,xyz:BOT,A,Close Long,25.826,0.64,0.001428,0.08064,668.6,0672
1785116315926,xyz:BOT,A,Close Long,25.825,2.19,0.004886,0.27375,667.96,0672
1785116315926,xyz:BOT,A,Close Long,25.823,0.64,0.001427,0.07872,665.77,0672
1785116315926,xyz:BOT,A,Close Long,25.821,0.6,0.001338,0.0726,665.13,0672
1785116315926,xyz:BOT,A,Close Long,25.817,0.53,0.001182,0.06201,664.53,0672
1785116315926,xyz:BOT,A,Close Long,25.814,0.64,0.001427,0.07296,664.0,0672
1785116315926,xyz:BOT,A,Close Long,25.811,0.64,0.001427,0.07104,663.36,0672
1785116315926,xyz:BOT,A,Close Long,25.808,0.64,0.001427,0.06912,662.72,0672
1785116315926,xyz:BOT,A,Close Long,25.805,0.59,0.001315,0.06195,662.08,0672
1785116315926,xyz:BOT,A,Close Long,25.802,0.61,0.001359,0.06222,661.49,0672
1785116315926,xyz:BOT,A,Close Long,25.799,0.6,0.001337,0.0594,660.88,0672
1785116315926,xyz:BOT,A,Close Long,25.796,0.64,0.001426,0.06144,660.28,0672
1785116315926,xyz:BOT,A,Close Long,25.795,0.64,0.001426,0.0608,659.64,0672
1785116315926,xyz:BOT,A,Close Long,25.794,2.24,0.004992,0.21056,659.0,0672
1785116315926,xyz:BOT,A,Close Long,25.79,0.57,0.00127,0.0513,656.76,0672
1785116315926,xyz:BOT,A,Close Long,25.787,0.64,0.001425,0.05568,656.19,0672
1785116315926,xyz:BOT,A,Close Long,25.785,0.62,0.001381,0.0527,655.55,0672
1785116315926,xyz:BOT,A,Close Long,25.782,0.61,0.001358,0.05002,654.93,0672
1785116315926,xyz:BOT,A,Close Long,25.773,2.2,0.004898,0.1606,654.32,0672
1785116315926,xyz:BOT,A,Close Long,25.763,0.61,0.001357,0.03843,652.12,0672
1785116315926,xyz:BOT,A,Close Long,25.76,0.64,0.001424,0.0384,651.51,0672
1785116315926,xyz:BOT,A,Close Long,25.757,0.6,0.001335,0.0342,650.87,0672
1785116315926,xyz:BOT,A,Close Long,25.754,0.65,0.001446,0.0351,650.27,0672
1785116315926,xyz:BOT,A,Close Long,25.752,0.62,0.001379,0.03224,649.62,0672
1785116315926,xyz:BOT,A,Close Long,25.751,2.32,0.005161,0.11832,649.0,0672
1785116315926,xyz:BOT,A,Close Long,25.748,13.41,0.029832,0.64368,646.68,0672
1785116315926,xyz:BOT,A,Close Long,25.748,0.65,0.001446,0.0312,633.27,0672
1785116315926,xyz:BOT,A,Close Long,25.747,0.64,0.001423,0.03008,632.62,0672
1785116315926,xyz:BOT,A,Close Long,25.746,45.46,0.101123,2.09116,631.98,0672
1785116329531,xyz:BOT,A,Close Long,25.848,0.64,0.001429,0.09472,586.52,0673
1785116329531,xyz:BOT,A,Close Long,25.845,0.63,0.001406,0.09135,585.88,0673
1785116329531,xyz:BOT,A,Close Long,25.843,7.88,0.017594,1.12684,585.25,0673
1785116329531,xyz:BOT,A,Close Long,25.843,7.88,0.017594,1.12684,577.37,0673
1785116329531,xyz:BOT,A,Close Long,25.843,0.62,0.001384,0.08866,569.49,0673
1785116329531,xyz:BOT,A,Close Long,25.842,6.41,0.014311,0.91022,568.87,0673
1785116329531,xyz:BOT,A,Close Long,25.836,7.88,0.017589,1.07168,562.46,0673
1785116329531,xyz:BOT,A,Close Long,25.798,1.83,0.004078,0.17934,554.58,0673
1785116329531,xyz:BOT,A,Close Long,25.792,2.82,0.006284,0.25944,552.75,0673
1785116329531,xyz:BOT,A,Close Long,25.775,0.64,0.001425,0.048,549.93,0673
1785116329531,xyz:BOT,A,Close Long,25.774,1.93,0.004297,0.14282,549.29,0673
1785116329531,xyz:BOT,A,Close Long,25.77,0.63,0.001402,0.0441,547.36,0673
1785116329531,xyz:BOT,A,Close Long,25.767,0.63,0.001402,0.04221,546.73,0673
1785116329531,xyz:BOT,A,Close Long,25.764,0.64,0.001424,0.04096,546.1,0673
1785116329531,xyz:BOT,A,Close Long,25.763,0.6,0.001335,0.0378,545.46,0673
1785116329531,xyz:BOT,A,Close Long,25.762,13.22,0.029425,0.81964,544.86,0673
1785116329531,xyz:BOT,A,Close Long,25.751,2.82,0.006274,0.14382,531.64,0673
1785116329531,xyz:BOT,A,Close Long,25.747,7.88,0.017529,0.37036,528.82,0673
1785116329531,xyz:BOT,A,Close Long,25.747,7.88,0.017529,0.37036,520.94,0673
1785116329531,xyz:BOT,A,Close Long,25.73,2.44,0.005424,0.0732,513.06,0673
1785116329531,xyz:BOT,A,Close Long,25.713,64.86,0.144093,0.84318,510.62,0673
1785116333270,xyz:BOT,A,Close Long,25.753,0.8,0.00178,0.0424,445.76,0674
1785116333270,xyz:BOT,A,Close Long,25.747,7.92,0.017618,0.37224,444.96,0674
1785116333270,xyz:BOT,A,Close Long,25.731,0.68,0.001511,0.02108,437.04,0674
1785116333270,xyz:BOT,A,Close Long,25.728,0.65,0.001444,0.0182,436.36,0674
1785116333270,xyz:BOT,A,Close Long,25.725,0.65,0.001444,0.01625,435.71,0674
1785116333270,xyz:BOT,A,Close Long,25.722,0.65,0.001444,0.0143,435.06,0674
1785116333270,xyz:BOT,A,Close Long,25.719,0.65,0.001444,0.01235,434.41,0674
1785116333270,xyz:BOT,A,Close Long,25.716,0.65,0.001444,0.0104,433.76,0674
1785116333270,xyz:BOT,A,Close Long,25.714,0.65,0.001444,0.0091,433.11,0674
1785116333270,xyz:BOT,A,Close Long,25.714,7.91,0.017573,0.11074,432.46,0674
1785116333270,xyz:BOT,A,Close Long,25.701,0.69,0.001532,0.00069,424.55,0674
1785116333270,xyz:BOT,A,Close Long,25.698,0.69,0.001532,-0.00138,423.86,0674
1785116333270,xyz:BOT,A,Close Long,25.695,0.69,0.001531,-0.00345,423.17,0674
1785116333270,xyz:BOT,A,Close Long,25.692,0.69,0.001531,-0.00552,422.48,0674
1785116333270,xyz:BOT,A,Close Long,25.689,0.69,0.001531,-0.00759,421.79,0674
1785116333270,xyz:BOT,A,Close Long,25.688,0.69,0.001531,-0.00828,421.1,0674
1785116333270,xyz:BOT,A,Close Long,25.687,2.7,0.005992,-0.0351,420.41,0674
1785116333270,xyz:BOT,A,Close Long,25.685,83.38,0.185035,-1.2507,417.71,0674
1785116371250,xyz:BOT,A,Close Long,25.766,0.8,0.00178,0.0528,334.33,0675
1785116371250,xyz:BOT,A,Close Long,25.763,0.8,0.00178,0.0504,333.53,0675
1785116371250,xyz:BOT,A,Close Long,25.763,0.96,0.002136,0.06048,332.73,0675
1785116371250,xyz:BOT,A,Close Long,25.76,0.8,0.00178,0.048,331.77,0675
1785116371250,xyz:BOT,A,Close Long,25.757,0.8,0.00178,0.0456,330.97,0675
1785116371250,xyz:BOT,A,Close Long,25.754,0.78,0.001735,0.04212,330.17,0675
1785116371250,xyz:BOT,A,Close Long,25.751,0.81,0.001802,0.04131,329.39,0675
1785116371250,xyz:BOT,A,Close Long,25.749,1.19,0.002647,0.05831,328.58,0675
1785116371250,xyz:BOT,A,Close Long,25.747,0.81,0.001801,0.03807,327.39,0675
1785116371250,xyz:BOT,A,Close Long,25.746,0.81,0.001801,0.03726,326.58,0675
1785116371250,xyz:BOT,A,Close Long,25.741,0.8,0.001779,0.0328,325.77,0675
1785116371250,xyz:BOT,A,Close Long,25.738,0.81,0.001801,0.03078,324.97,0675
1785116371250,xyz:BOT,A,Close Long,25.737,0.81,0.001801,0.02997,324.16,0675
1785116371250,xyz:BOT,A,Close Long,25.734,0.8,0.001778,0.0272,323.35,0675
1785116371250,xyz:BOT,A,Close Long,25.73,0.81,0.0018,0.0243,322.55,0675
1785116371250,xyz:BOT,A,Close Long,25.727,0.8,0.001778,0.0216,321.74,0675
1785116371250,xyz:BOT,A,Close Long,25.725,0.79,0.001755,0.01975,320.94,0675
1785116371250,xyz:BOT,A,Close Long,25.72,0.63,0.001399,0.0126,320.15,0675
1785116371250,xyz:BOT,A,Close Long,25.718,0.81,0.001799,0.01458,319.52,0675
1785116371250,xyz:BOT,A,Close Long,25.715,0.81,0.001799,0.01215,318.71,0675
1785116371250,xyz:BOT,A,Close Long,25.712,0.8,0.001777,0.0096,317.9,0675
1785116371250,xyz:BOT,A,Close Long,25.71,0.81,0.001799,0.0081,317.1,0675
1785116371250,xyz:BOT,A,Close Long,25.709,7.92,0.017592,0.07128,316.29,0675
1785116371250,xyz:BOT,A,Close Long,25.703,0.8,0.001776,0.0024,308.37,0675
1785116371250,xyz:BOT,A,Close Long,25.702,7.92,0.017587,0.01584,307.57,0675
1785116371250,xyz:BOT,A,Close Long,25.702,7.92,0.017587,0.01584,299.65,0675
1785116371250,xyz:BOT,A,Close Long,25.686,7.94,0.017621,-0.11116,291.73,0675
1785116371250,xyz:BOT,A,Close Long,25.686,7.92,0.017576,-0.11088,283.79,0675
1785116371250,xyz:BOT,A,Close Long,25.681,1.89,0.004193,-0.03591,275.87,0675
1785116371250,xyz:BOT,A,Close Long,25.678,2.96,0.006566,-0.06512,273.98,0675
1785116371250,xyz:BOT,A,Close Long,25.678,6.16,0.013666,-0.13552,271.02,0675
1785116371250,xyz:BOT,A,Close Long,25.66,2.66,0.005897,-0.1064,264.86,0675
1785116371250,xyz:BOT,A,Close Long,25.636,1.2,0.002657,-0.0768,262.2,0675
1785116371250,xyz:BOT,A,Close Long,25.628,0.22,0.000487,-0.01584,261.0,0675
1785116452538,xyz:BOT,A,Close Long,25.876,1.05,0.002347,0.1848,260.78,0676
1785116452538,xyz:BOT,A,Close Long,25.872,1.06,0.002369,0.18232,259.73,0676
1785116452538,xyz:BOT,A,Close Long,25.87,0.72,0.001609,0.1224,258.67,0676
1785116452538,xyz:BOT,A,Close Long,25.867,1.04,0.002324,0.17368,257.95,0676
1785116452538,xyz:BOT,A,Close Long,25.862,1.05,0.002346,0.1701,256.91,0676
1785116452538,xyz:BOT,A,Close Long,25.857,0.8,0.001787,0.1256,255.86,0676
1785116452538,xyz:BOT,A,Close Long,25.854,0.8,0.001787,0.1232,255.06,0676
1785116452538,xyz:BOT,A,Close Long,25.851,0.8,0.001786,0.1208,254.26,0676
1785116452538,xyz:BOT,A,Close Long,25.848,0.8,0.001786,0.1184,253.46,0676
1785116452538,xyz:BOT,A,Close Long,25.848,0.66,0.001473,0.09768,252.66,0676
1785116452538,xyz:BOT,A,Close Long,25.844,1.05,0.002344,0.1512,252.0,0676
1785116452538,xyz:BOT,A,Close Long,25.842,0.77,0.001719,0.10934,250.95,0676
1785116452538,xyz:BOT,A,Close Long,25.839,0.77,0.001719,0.10703,250.18,0676
1785116452538,xyz:BOT,A,Close Long,25.836,0.75,0.001674,0.102,249.41,0676
1785116452538,xyz:BOT,A,Close Long,25.833,0.75,0.001673,0.09975,248.66,0676
1785116452538,xyz:BOT,A,Close Long,25.83,0.75,0.001673,0.0975,247.91,0676
1785116452538,xyz:BOT,A,Close Long,25.827,0.75,0.001673,0.09525,247.16,0676
1785116452538,xyz:BOT,A,Close Long,25.824,0.75,0.001673,0.093,246.41,0676
1785116452538,xyz:BOT,A,Close Long,25.821,0.75,0.001673,0.09075,245.66,0676
1785116452538,xyz:BOT,A,Close Long,25.818,0.75,0.001673,0.0885,244.91,0676
1785116452538,xyz:BOT,A,Close Long,25.815,0.75,0.001672,0.08625,244.16,0676
1785116452538,xyz:BOT,A,Close Long,25.812,0.75,0.001672,0.084,243.41,0676
1785116452538,xyz:BOT,A,Close Long,25.809,0.75,0.001672,0.08175,242.66,0676
1785116452538,xyz:BOT,A,Close Long,25.806,0.75,0.001672,0.0795,241.91,0676
1785116452538,xyz:BOT,A,Close Long,25.803,0.75,0.001672,0.07725,241.16,0676
1785116452538,xyz:BOT,A,Close Long,25.8,0.75,0.001671,0.075,240.41,0676
1785116452538,xyz:BOT,A,Close Long,25.799,2.01,0.00448,0.19899,239.66,0676
1785116452538,xyz:BOT,A,Close Long,25.797,0.75,0.001671,0.07275,237.65,0676
1785116452538,xyz:BOT,A,Close Long,25.794,0.75,0.001671,0.0705,236.9,0676
1785116452538,xyz:BOT,A,Close Long,25.792,0.75,0.001671,0.069,236.15,0676
1785116452538,xyz:BOT,A,Close Long,25.792,7.94,0.017693,0.73048,235.4,0676
1785116452538,xyz:BOT,A,Close Long,25.792,7.94,0.017693,0.73048,227.46,0676
1785116452538,xyz:BOT,A,Close Long,25.778,0.46,0.001024,0.03588,219.52,0676
1785116456447,xyz:BOT,A,Close Long,25.852,1.05,0.002345,0.1596,219.06,0677
1785116456447,xyz:BOT,A,Close Long,25.85,1.05,0.002345,0.1575,218.01,0677
1785116456447,xyz:BOT,A,Close Long,25.844,1.05,0.002344,0.1512,216.96,0677
1785116456447,xyz:BOT,A,Close Long,25.84,1.05,0.002344,0.147,215.91,0677
1785116456447,xyz:BOT,A,Close Long,25.837,7.89,0.017612,1.08093,214.86,0677
1785116456447,xyz:BOT,A,Close Long,25.837,7.89,0.017612,1.08093,206.97,0677
1785116456447,xyz:BOT,A,Close Long,25.837,1.05,0.002343,0.14385,199.08,0677
1785116456447,xyz:BOT,A,Close Long,25.832,1.06,0.002365,0.13992,198.03,0677
1785116456447,xyz:BOT,A,Close Long,25.828,1.06,0.002365,0.13568,196.97,0677
1785116456447,xyz:BOT,A,Close Long,25.824,1.06,0.002365,0.13144,195.91,0677
1785116456447,xyz:BOT,A,Close Long,25.82,1.06,0.002364,0.1272,194.85,0677
1785116456447,xyz:BOT,A,Close Long,25.816,1.06,0.002364,0.12296,193.79,0677
1785116456447,xyz:BOT,A,Close Long,25.812,1.06,0.002363,0.11872,192.73,0677
1785116456447,xyz:BOT,A,Close Long,25.808,1.06,0.002363,0.11448,191.67,0677
1785116456447,xyz:BOT,A,Close Long,25.804,1.06,0.002363,0.11024,190.61,0677
1785116456447,xyz:BOT,A,Close Long,25.801,1.93,0.004302,0.19493,189.55,0677
1785116456447,xyz:BOT,A,Close Long,25.8,1.06,0.002362,0.106,187.62,0677
1785116456447,xyz:BOT,A,Close Long,25.796,1.06,0.002362,0.10176,186.56,0677
1785116456447,xyz:BOT,A,Close Long,25.792,1.06,0.002362,0.09752,185.5,0677
1785116456447,xyz:BOT,A,Close Long,25.788,1.06,0.002361,0.09328,184.44,0677
1785116456447,xyz:BOT,A,Close Long,25.784,1.06,0.002361,0.08904,183.38,0677
1785116456447,xyz:BOT,A,Close Long,25.784,1.92,0.004277,0.16128,182.32,0677
1785116456447,xyz:BOT,A,Close Long,25.78,1.06,0.002361,0.0848,180.4,0677
1785116456447,xyz:BOT,A,Close Long,25.779,7.89,0.017573,0.62331,179.34,0677
1785116456447,xyz:BOT,A,Close Long,25.779,7.15,0.015925,0.56485,171.45,0677
1785116460351,xyz:BOT,A,Close Long,25.797,1.04,0.002318,0.10088,164.3,0678
1785116460351,xyz:BOT,A,Close Long,25.795,1.05,0.00234,0.09975,163.26,0678
1785116460351,xyz:BOT,A,Close Long,25.791,1.05,0.002339,0.09555,162.21,0678
1785116460351,xyz:BOT,A,Close Long,25.787,1.05,0.002339,0.09135,161.16,0678
1785116460351,xyz:BOT,A,Close Long,25.784,0.58,0.001292,0.04872,160.11,0678
1785116460351,xyz:BOT,A,Close Long,25.78,1.05,0.002338,0.084,159.53,0678
1785116460351,xyz:BOT,A,Close Long,25.776,1.04,0.002316,0.07904,158.48,0678
1785116460351,xyz:BOT,A,Close Long,25.772,1.04,0.002315,0.07488,157.44,0678
1785116460351,xyz:BOT,A,Close Long,25.768,1.05,0.002337,0.0714,156.4,0678
1785116460351,xyz:BOT,A,Close Long,25.764,1.04,0.002315,0.06656,155.35,0678
1785116460351,xyz:BOT,A,Close Long,25.761,7.91,0.017605,0.48251,154.31,0678
1785116460351,xyz:BOT,A,Close Long,25.761,7.91,0.017605,0.48251,146.4,0678
1785116460351,xyz:BOT,A,Close Long,25.756,0.85,0.001891,0.0476,138.49,0678
1785116460351,xyz:BOT,A,Close Long,25.731,1.05,0.002334,0.03255,137.64,0678
1785116460351,xyz:BOT,A,Close Long,25.728,1.05,0.002334,0.0294,136.59,0678
1785116460351,xyz:BOT,A,Close Long,25.724,1.91,0.004245,0.04584,135.54,0678
1785116460351,xyz:BOT,A,Close Long,25.702,1.68,0.00373,0.00336,133.63,0678
1785116460351,xyz:BOT,A,Close Long,25.678,1.77,0.003926,-0.03894,131.95,0678
1785116460351,xyz:BOT,A,Close Long,25.678,2.96,0.006566,-0.06512,130.18,0678
1785116460351,xyz:BOT,A,Close Long,25.678,6.16,0.013666,-0.13552,127.22,0678
1785116460351,xyz:BOT,A,Close Long,25.677,2.76,0.006123,-0.06348,121.06,0678
1785116502455,xyz:BOT,A,Close Long,25.833,0.94,0.002098,0.12502,118.3,0680
1785116502455,xyz:BOT,A,Close Long,25.831,7.92,0.017675,1.03752,117.36,0680
1785116502455,xyz:BOT,A,Close Long,25.831,7.92,0.017675,1.03752,109.44,0680
1785116502455,xyz:BOT,A,Close Long,25.83,6.85,0.015287,0.8905,101.52,0680
1785116502455,xyz:BOT,A,Close Long,25.83,7.97,0.017786,1.0361,94.67,0680
1785116502455,xyz:BOT,A,Close Long,25.787,1.68,0.003743,0.14616,86.7,0680
1785116502455,xyz:BOT,A,Close Long,25.781,7.92,0.017641,0.64152,85.02,0680
1785116502455,xyz:BOT,A,Close Long,25.78,5.14,0.011448,0.4112,77.1,0680
1785116502455,xyz:BOT,A,Close Long,25.755,1.08,0.002403,0.0594,71.96,0680
1785116502455,xyz:BOT,A,Close Long,25.753,1.66,0.003693,0.08798,70.88,0680
1785116502455,xyz:BOT,A,Close Long,25.751,1.08,0.002402,0.05508,69.22,0680
1785116502455,xyz:BOT,A,Close Long,25.747,7.8,0.017351,0.3666,68.14,0680
1785116600831,xyz:BOT,A,Close Long,25.784,0.81,0.001804,0.06804,60.34,0681
1785116600831,xyz:BOT,A,Close Long,25.778,1.68,0.003741,0.13104,59.53,0681
1785116600831,xyz:BOT,A,Close Long,25.754,1.3,0.002892,0.0702,57.85,0681
1785116600831,xyz:BOT,A,Close Long,25.75,1.3,0.002892,0.065,56.55,0681
1785116600831,xyz:BOT,A,Close Long,25.744,1.27,0.002824,0.05588,55.25,0681
1785116600831,xyz:BOT,A,Close Long,25.74,1.27,0.002824,0.0508,53.98,0681
1785116600831,xyz:BOT,A,Close Long,25.736,1.11,0.002468,0.03996,52.71,0681
1785116600831,xyz:BOT,A,Close Long,25.735,1.07,0.002379,0.03745,51.6,0681
1785116600831,xyz:BOT,A,Close Long,25.73,1.26,0.002801,0.0378,50.53,0681
1785116600831,xyz:BOT,A,Close Long,25.724,1.27,0.002822,0.03048,49.27,0681
1785116600831,xyz:BOT,A,Close Long,25.72,1.3,0.002888,0.026,48.0,0681
1785116600831,xyz:BOT,A,Close Long,25.718,1.29,0.002866,0.02322,46.7,0681
1785116600831,xyz:BOT,A,Close Long,25.714,1.29,0.002865,0.01806,45.41,0681
1785116600831,xyz:BOT,A,Close Long,25.71,1.29,0.002865,0.0129,44.12,0681
1785116600831,xyz:BOT,A,Close Long,25.706,1.29,0.002865,0.00774,42.83,0681
1785116600831,xyz:BOT,A,Close Long,25.702,1.28,0.002842,0.00256,41.54,0681
1785116600831,xyz:BOT,A,Close Long,25.698,1.27,0.002819,-0.00254,40.26,0681
1785116600831,xyz:BOT,A,Close Long,25.694,1.28,0.002841,-0.00768,38.99,0681
1785116600831,xyz:BOT,A,Close Long,25.691,1.28,0.002841,-0.01152,37.71,0681
1785116600831,xyz:BOT,A,Close Long,25.687,1.28,0.00284,-0.01664,36.43,0681
1785116600831,xyz:BOT,A,Close Long,25.683,1.28,0.00284,-0.02176,35.15,0681
1785116600831,xyz:BOT,A,Close Long,25.679,1.28,0.002839,-0.02688,33.87,0681
1785116600831,xyz:BOT,A,Close Long,25.678,2.96,0.006566,-0.06512,32.59,0681
1785116600831,xyz:BOT,A,Close Long,25.678,3.11,0.006899,-0.06842,29.63,0681
1785116600831,xyz:BOT,A,Close Long,25.675,1.28,0.002839,-0.032,26.52,0681
1785116600831,xyz:BOT,A,Close Long,25.671,1.28,0.002839,-0.03712,25.24,0681
1785116600831,xyz:BOT,A,Close Long,25.667,1.28,0.002838,-0.04224,23.96,0681
1785116600831,xyz:BOT,A,Close Long,25.662,1.27,0.002815,-0.04826,22.68,0681
1785116600831,xyz:BOT,A,Close Long,25.658,1.27,0.002815,-0.05334,21.41,0681
1785116600831,xyz:BOT,A,Close Long,25.657,2.06,0.004566,-0.08858,20.14,0681
1785116600831,xyz:BOT,A,Close Long,25.654,1.27,0.002814,-0.05842,18.08,0681
1785116600831,xyz:BOT,A,Close Long,25.651,16.81,0.037255,-0.82369,16.81,0681
1785128190618,xyz:SKHX,A,Close Long,1218.0,2.224,0.234043,2.224,16.639,0671
1785128190618,xyz:SKHX,A,Close Long,1218.0,1.728,0.181846,1.728,14.415,0671
1785128191764,xyz:SKHX,A,Close Long,1218.0,1.008,0.035359,1.008,12.687,0671
1785128191764,xyz:SKHX,A,Close Long,1218.0,1.281,0.044935,1.281,11.679,0671
1785128191764,xyz:SKHX,A,Close Long,1218.0,5.917,0.207558,5.917,10.398,0671
1785128191764,xyz:SKHX,A,Close Long,1218.0,2.236,0.078435,2.236,4.481,0671
1785128191764,xyz:SKHX,A,Close Long,1218.0,2.245,0.078751,2.245,2.245,0671
1785159489665,xyz:BB,A,Close Long,8.8109,125.2,0.095309,-54.29298,1517.1,0679
1785159489665,xyz:BB,A,Close Long,8.8092,125.2,0.095291,-54.50582,1391.9,0679
1785159489665,xyz:BB,A,Close Long,8.8087,348.8,0.265461,-152.02448,1266.7,0679
1785159489665,xyz:BB,A,Close Long,8.8081,125.9,0.095812,-54.949055,917.9,0679
1785159489665,xyz:BB,A,Close Long,8.8074,577.2,0.439225,-252.32298,792.0,0679
1785159489665,xyz:BB,A,Close Long,8.8073,214.8,0.163452,-93.9213,214.8,0679
1785162387925,xyz:SNDK,B,Open Long,1285.0,7.782,0.287996,0.0,14.744,0682
1785163665114,xyz:SNDK,A,Close Long,1283.0,7.783,0.862754,-1243.271986,22.526,0683
1785193215722,xyz:SKHX,B,Open Long,1056.0,18.939,0.575988,0.0,0.0,0684
1785193423259,xyz:SKHX,A,Close Long,1113.7,1.83,0.176089,105.591,18.939,0685
1785193423259,xyz:SKHX,A,Close Long,1113.7,0.897,0.086312,51.7569,17.109,0685
1785193423259,xyz:SKHX,A,Close Long,1113.7,0.115,0.011065,6.6355,16.212,0685
1785193423259,xyz:SKHX,A,Close Long,1113.7,1.683,0.161944,97.1091,16.097,0685
1785193423259,xyz:SKHX,A,Close Long,1113.6,0.02,0.001924,1.152,14.414,0685
1785193426037,xyz:SKHX,A,Close Long,1115.1,1.529,0.14731,90.3639,14.394,0686
1785193426037,xyz:SKHX,A,Close Long,1115.1,5.771,0.556004,341.0661,12.865,0686
1785193426037,xyz:SKHX,A,Close Long,1115.0,0.328,0.031598,19.352,7.094,0686
1785193479487,xyz:SKHX,B,Open Long,1103.8,11.777,0.374384,0.0,6.766,0687
1785219175536,xyz:SMSN,B,Open Long,150.5,16.967,0.073541,0.0,0.0,0689
1785219175536,xyz:SMSN,B,Open Long,150.5,15.506,0.067209,0.0,16.967,0689
1785219175536,xyz:SMSN,B,Open Long,150.5,46.916,0.203352,0.0,32.473,0689
1785219175536,xyz:SMSN,B,Open Long,150.5,18.617,0.080693,0.0,79.389,0689
1785219175536,xyz:SMSN,B,Open Long,150.5,51.495,0.223199,0.0,98.006,0689
1785236836195,HYPE,B,Open Long,54.35,159.46,1.247997,0.0,0.0,0688
1785236836261,HYPE,B,Open Long,54.35,167.41,1.310217,0.0,159.46,0688
1785236837197,HYPE,B,Open Long,54.35,41.11,0.321743,0.0,326.87,0688
1785245951731,xyz:SNDK,B,Open Long,1136.5,9.678,0.316772,0.0,14.743,0690
1785247402301,HYPE,A,Close Long,54.406,109.39,2.571036,6.12584,367.98,0691
1785247402301,HYPE,A,Close Long,54.406,68.98,1.621263,3.86288,258.59,0691
1785247402301,HYPE,A,Close Long,54.406,27.57,0.647988,1.54392,189.61,0691
1785247402301,HYPE,A,Close Long,54.406,29.37,0.690294,1.64472,162.04,0691
1785247402301,HYPE,A,Close Long,54.405,128.37,3.017074,7.06035,132.67,0691
1785247402301,HYPE,A,Close Long,54.405,4.3,0.101062,0.2365,4.3,0691
1785276883220,xyz:SNDK,A,Close Long,1123.8,4.395,0.426738,-868.359705,24.421,0693
1785278895302,xyz:SKHX,A,Close Long,1019.1,0.981,0.086377,-65.980098,18.543,0694
1785278895302,xyz:SKHX,A,Close Long,1019.0,0.02,0.00176,-1.34716,17.562,0694
1785278895302,xyz:SKHX,A,Close Long,1019.0,0.687,0.060484,-46.274946,17.542,0694
1785278895302,xyz:SKHX,A,Close Long,1018.9,0.02,0.00176,-1.34916,16.855,0694
1785278895302,xyz:SKHX,A,Close Long,1018.8,0.687,0.060472,-46.412346,16.835,0694
1785278895302,xyz:SKHX,A,Close Long,1018.8,2.944,0.259143,-198.890752,16.148,0694
1785278895302,xyz:SKHX,A,Close Long,1018.7,0.098,0.008625,-6.630484,13.204,0694
1785278895302,xyz:SKHX,A,Close Long,1018.5,12.112,1.065836,-821.896096,13.106,0694
1785278895302,xyz:SKHX,A,Close Long,1018.5,0.994,0.08747,-67.450852,0.994,0694
1785278899053,xyz:SMSN,A,Close Long,147.84,10.235,0.130735,-27.2251,149.501,0695
1785278899053,xyz:SMSN,A,Close Long,147.84,0.676,0.008634,-1.79816,139.266,0695
1785278899053,xyz:SMSN,A,Close Long,147.82,0.676,0.008633,-1.81168,138.59,0695
1785278899053,xyz:SMSN,A,Close Long,147.82,1.014,0.01295,-2.71752,137.914,0695
1785278899053,xyz:SMSN,A,Close Long,147.82,0.676,0.008633,-1.81168,136.9,0695
1785278899053,xyz:SMSN,A,Close Long,147.82,6.231,0.07958,-16.69908,136.224,0695
1785278899053,xyz:SMSN,A,Close Long,147.81,3.321,0.042411,-8.93349,129.993,0695
1785278899053,xyz:SMSN,A,Close Long,147.81,7.015,0.089587,-18.87035,126.672,0695
1785278899053,xyz:SMSN,A,Close Long,147.81,1.352,0.017266,-3.63688,119.657,0695
1785278899053,xyz:SMSN,A,Close Long,147.81,2.893,0.036945,-7.78217,118.305,0695
1785278899053,xyz:SMSN,A,Close Long,147.8,1.62,0.020687,-4.374,115.412,0695
1785278899053,xyz:SMSN,A,Close Long,147.8,3.325,0.042459,-8.9775,113.792,0695
1785278899053,xyz:SMSN,A,Close Long,147.8,7.015,0.08958,-18.9405,110.467,0695
1785278899053,xyz:SMSN,A,Close Long,147.8,6.766,0.086401,-18.2682,103.452,0695
1785278899053,xyz:SMSN,A,Close Long,147.79,3.325,0.042457,-9.01075,96.686,0695
1785278899053,xyz:SMSN,A,Close Long,147.79,7.015,0.089574,-19.01065,93.361,0695
1785278899053,xyz:SMSN,A,Close Long,147.78,1.621,0.020697,-4.40912,86.346,0695
1785278899053,xyz:SMSN,A,Close Long,147.78,3.321,0.042403,-9.03312,84.725,0695
1785278899053,xyz:SMSN,A,Close Long,147.78,6.183,0.078945,-16.81776,81.404,0695
1785278899053,xyz:SMSN,A,Close Long,147.78,30.736,0.392443,-83.60192,75.221,0695
1785278899053,xyz:SMSN,A,Close Long,147.78,7.015,0.089568,-19.0808,44.485,0695
1785278899053,xyz:SMSN,A,Close Long,147.78,3.89,0.049668,-10.5808,37.47,0695
1785278899053,xyz:SMSN,A,Close Long,147.77,3.325,0.042451,-9.07725,33.58,0695
1785278899053,xyz:SMSN,A,Close Long,147.77,7.015,0.089562,-19.15095,30.255,0695
1785278899053,xyz:SMSN,A,Close Long,147.76,6.585,0.084067,-18.0429,23.24,0695
1785278899053,xyz:SMSN,A,Close Long,147.76,3.325,0.042448,-9.1105,16.655,0695
1785278899053,xyz:SMSN,A,Close Long,147.76,1.621,0.020694,-4.439919,13.33,0695
1785278899053,xyz:SMSN,A,Close Long,147.76,0.211,0.002693,-0.577929,11.709,0695
1785278899053,xyz:SMSN,A,Close Long,147.76,7.015,0.089556,-19.214085,11.498,0695
1785278899053,xyz:SMSN,A,Close Long,147.75,3.325,0.042445,-9.140425,4.483,0695
1785278899053,xyz:SMSN,A,Close Long,147.75,1.158,0.014782,-3.183342,1.158,0695
1785279064426,xyz:SNDK,A,Close Long,1065.4,0.019,0.001748,-4.863601,20.026,0696
1785279064426,xyz:SNDK,A,Close Long,1065.3,0.225,0.020709,-57.617775,20.007,0696
1785279064426,xyz:SNDK,A,Close Long,1065.1,0.1,0.009202,-25.6279,19.782,0696
1785279064426,xyz:SNDK,A,Close Long,1065.1,0.2,0.018404,-51.2558,19.682,0696
1785279064426,xyz:SNDK,A,Close Long,1065.1,0.2,0.018404,-51.2558,19.482,0696
1785279064426,xyz:SNDK,A,Close Long,1065.1,0.07,0.006441,-17.93953,19.282,0696
1785279064426,xyz:SNDK,A,Close Long,1065.0,0.195,0.017943,-49.993905,19.212,0696
1785279064426,xyz:SNDK,A,Close Long,1065.0,0.019,0.001748,-4.871201,19.017,0696
1785279064426,xyz:SNDK,A,Close Long,1064.9,0.094,0.008648,-24.109026,18.998,0696
1785279064426,xyz:SNDK,A,Close Long,1064.9,2.812,0.258724,-721.218948,18.904,0696
1785279064426,xyz:SNDK,A,Close Long,1064.9,5.395,0.496379,-1383.704205,16.092,0696
1785279064426,xyz:SNDK,A,Close Long,1064.9,0.019,0.001748,-4.873101,10.697,0696
1785279064426,xyz:SNDK,A,Close Long,1064.8,0.909,0.083626,-233.230311,10.678,0696
1785279064426,xyz:SNDK,A,Close Long,1064.8,0.019,0.001747,-4.875001,9.769,0696
1785279064426,xyz:SNDK,A,Close Long,1064.7,0.053,0.004875,-13.603987,9.75,0696
1785279064426,xyz:SNDK,A,Close Long,1064.6,0.094,0.008646,-24.137226,9.697,0696
1785279064426,xyz:SNDK,A,Close Long,1064.6,1.128,0.103755,-289.646712,9.603,0696
1785279064426,xyz:SNDK,A,Close Long,1064.6,0.196,0.018028,-50.328684,8.475,0696
1785279064426,xyz:SNDK,A,Close Long,1064.6,1.87,0.172005,-480.17673,8.279,0696
1785279064426,xyz:SNDK,A,Close Long,1064.6,0.068,0.006254,-17.460972,6.409,0696
1785279064426,xyz:SNDK,A,Close Long,1064.6,1.044,0.096028,-268.077276,6.341,0696
1785279064426,xyz:SNDK,A,Close Long,1064.6,0.939,0.08637,-241.115481,5.297,0696
1785279064426,xyz:SNDK,A,Close Long,1064.5,4.005,0.368351,-1028.800395,4.358,0696
1785279064426,xyz:SNDK,A,Close Long,1064.5,0.353,0.032466,-90.678287,0.353,0696
1785279552532,xyz:SNDK,B,Open Long,1026.5,12.177,0.359991,0.0,0.0,0692
1785285102071,xyz:SNDK,B,Open Long,1115.0,0.5,0.016055,0.0,12.177,0698
1785285102468,xyz:SNDK,B,Open Long,1115.0,6.0,0.192671,0.0,12.677,0698
1785285102539,xyz:SNDK,B,Open Long,1115.0,0.571,0.018335,0.0,18.677,0698
1785285102539,xyz:SNDK,B,Open Long,1115.0,3.851,0.123663,0.0,19.248,0698
1785285102539,xyz:SNDK,B,Open Long,1115.0,4.1,0.131659,0.0,23.099,0698
1785285102539,xyz:SNDK,B,Open Long,1115.0,2.915,0.093606,0.0,27.199,0698
1785289887275,HYPE,B,Open Long,54.55,412.46,3.239955,0.0,0.0,0699
1785294168695,xyz:SMSN,B,Open Long,140.6,15.315,0.062014,0.0,0.0,0697
1785294168695,xyz:SMSN,B,Open Long,140.6,0.5,0.002024,0.0,15.315,0697
1785294168695,xyz:SMSN,B,Open Long,140.6,0.7,0.002834,0.0,15.815,0697
1785294169163,xyz:SMSN,B,Open Long,140.6,91.166,0.369156,0.0,16.515,0697
1785294169230,xyz:SMSN,B,Open Long,140.6,34.566,0.139967,0.0,107.681,0697
1785301159637,xyz:SMSN,A,Close Long,140.85,1.444,0.017572,0.361,142.247,0700
1785301159637,xyz:SMSN,A,Close Long,140.85,0.71,0.00864,0.1775,140.803,0700
1785301159637,xyz:SMSN,A,Close Long,140.82,21.304,0.259202,4.68688,140.093,0700
1785301159637,xyz:SMSN,A,Close Long,140.8,4.403,0.053563,0.8806,118.789,0700
1785301159637,xyz:SMSN,A,Close Long,140.8,7.139,0.086846,1.4278,114.386,0700
1785302534177,xyz:SMSN,A,Close Long,140.83,0.71,0.008639,0.1633,107.247,0701
1785302534177,xyz:SMSN,A,Close Long,140.83,0.71,0.008639,0.1633,106.537,0701
1785302534177,xyz:SMSN,A,Close Long,140.82,7.101,0.086396,1.56222,105.827,0701
1785302534177,xyz:SMSN,A,Close Long,140.81,98.726,1.201098,20.73246,98.726,0701
1785311003136,xyz:SNDK,A,Close Long,1060.7,0.835,0.076523,-15.458355,30.114,0702
1785311003136,xyz:SNDK,A,Close Long,1060.6,12.586,1.153328,-234.263218,29.279,0702
1785311003136,xyz:SNDK,A,Close Long,1060.6,0.943,0.086412,-17.552059,16.693,0702
1785311003136,xyz:SNDK,A,Close Long,1060.5,0.692,0.063406,-12.949396,15.75,0702
1785315721579,xyz:SNDK,A,Close Long,1081.6,9.808,0.916559,23.411696,15.058,0703
1785315721579,xyz:SNDK,A,Close Long,1081.5,5.0,0.467208,11.435,5.25,0703
1785315721579,xyz:SNDK,A,Close Long,1081.5,0.25,0.02336,0.57175,0.25,0703
1785333379631,xyz:SNDK,B,Open Long,1025.0,19.512,0.575994,0.0,0.0,0704
1785348005350,HYPE,B,Open Long,55.179,31.84,0.75898,0.0,412.46,0705
1785348005350,HYPE,B,Open Long,55.185,32.39,0.772175,0.0,444.3,0705
1785348005350,HYPE,B,Open Long,55.187,153.7,3.664328,0.0,476.69,0705
1785348005350,HYPE,B,Open Long,55.188,6.61,0.15759,0.0,630.39,0705
1785348005350,HYPE,B,Open Long,55.189,53.35,1.271951,0.0,637.0,0705
1785348005350,HYPE,B,Open Long,55.192,6.36,0.151641,0.0,690.35,0705
1785348005350,HYPE,B,Open Long,55.193,59.9,1.428218,0.0,696.71,0705
1785348005350,HYPE,B,Open Long,55.197,66.48,1.585222,0.0,756.61,0705
1785348005350,HYPE,B,Open Long,55.197,44.99,1.072791,0.0,823.09,0705
1785348017303,xyz:SKHX,B,Open Long,999.0,0.02,0.001726,0.0,0.0,0706
1785348017303,xyz:SKHX,B,Open Long,999.0,3.108,0.268262,0.0,0.02,0706
1785348017303,xyz:SKHX,B,Open Long,999.0,0.02,0.001726,0.0,3.128,0706
1785348017303,xyz:SKHX,B,Open Long,999.01,8.88,0.766472,0.0,3.148,0706
1785348017303,xyz:SKHX,B,Open Long,999.01,0.929,0.080186,0.0,12.028,0706
1785348017303,xyz:SKHX,B,Open Long,999.03,7.304,0.630453,0.0,12.957,0706
1785349097475,HYPE,A,Close Long,54.79,6.31,0.149353,-0.604498,868.08,0707
1785349097475,HYPE,A,Close Long,54.79,2.56,0.060593,-0.245248,861.77,0707
1785349097475,HYPE,A,Close Long,54.79,12.64,0.299179,-1.210912,859.21,0707
1785349097475,HYPE,A,Close Long,54.79,7.54,0.178466,-0.722332,846.57,0707
1785349097475,HYPE,A,Close Long,54.79,133.25,3.153931,-12.76535,839.03,0707
1785349097475,HYPE,A,Close Long,54.788,28.69,0.679046,-2.805882,705.78,0707
1785349905620,HYPE,A,Close Long,54.668,128.64,3.038036,-28.017792,677.09,0708
1785350440940,xyz:SKHX,A,Close Long,1003.7,0.416,0.036075,1.94896,20.261,0709
1785350440940,xyz:SKHX,A,Close Long,1003.7,2.989,0.259205,14.003465,19.845,0709
1785350440940,xyz:SKHX,A,Close Long,1003.6,0.996,0.086364,4.56666,16.856,0709
1785350440940,xyz:SKHX,A,Close Long,1003.6,1.494,0.129546,6.84999,15.86,0709
1785350440940,xyz:SKHX,A,Close Long,1003.6,3.627,0.3145,16.629795,14.366,0709
1785375349655,xyz:SKHX,A,Close Long,1001.7,7.997,0.692115,21.471945,10.739,0710
1785375349655,xyz:SKHX,A,Close Long,1001.6,2.742,0.237287,7.08807,2.742,0710
1785418555543,xyz:SNDK,A,Close Long,1180.6,0.525,0.053552,81.69,19.512,0711
1785418555543,xyz:SNDK,A,Close Long,1180.5,1.111,0.113316,172.7605,18.987,0711
1785418555543,xyz:SNDK,A,Close Long,1180.4,1.534,0.156447,238.3836,17.876,0711
1785418555543,xyz:SNDK,A,Close Long,1180.3,0.527,0.053742,81.8431,16.342,0711
1785418555543,xyz:SNDK,A,Close Long,1180.3,15.815,1.61278,2456.0695,15.815,0711
1785420480619,HYPE,B,Open Long,53.5,186.91,1.439954,0.0,548.45,0712
1785442051891,xyz:SNDK,A,Open Short,1314.0,11.415,0.43198,0.0,0.0,0713
1785443802604,xyz:SNDK,B,Close Short,1314.6,0.74,0.08405,-0.444,-11.415,0714
1785443802604,xyz:SNDK,B,Close Short,1314.7,0.41,0.046571,-0.287,-10.675,0714
1785443802604,xyz:SNDK,B,Close Short,1314.7,0.104,0.011813,-0.0728,-10.265,0714
1785443802604,xyz:SNDK,B,Close Short,1314.7,0.34,0.03862,-0.238,-10.161,0714
1785443802604,xyz:SNDK,B,Close Short,1314.8,0.112,0.012723,-0.0896,-9.821,0714
1785443802604,xyz:SNDK,B,Close Short,1314.8,9.709,1.102929,-7.7672,-9.709,0714
1785447219722,xyz:SNDK,A,Open Short,1355.0,11.07,0.431995,0.0,0.0,0715
1785450025083,xyz:SKHX,B,Open Long,1090.0,27.522,0.86397,0.0,0.0,0716
1785450315395,xyz:SKHX,A,Close Long,1090.5,13.754,1.29589,6.877,27.522,0717
1785450361742,xyz:SKHX,A,Close Long,1090.1,8.031,0.756396,0.811131,13.768,0718
1785450361742,xyz:SKHX,A,Close Long,1090.1,0.595,0.056039,0.060095,5.737,0718
1785450361742,xyz:SKHX,A,Close Long,1090.0,2.977,0.280361,0.002977,5.142,0718
1785450361742,xyz:SKHX,A,Close Long,1089.9,0.595,0.056029,-0.058905,2.165,0718
1785450361742,xyz:SKHX,A,Close Long,1089.9,1.401,0.131928,-0.138699,1.57,0718
1785450361742,xyz:SKHX,A,Close Long,1089.9,0.169,0.015914,-0.016731,0.169,0718
1785451884412,xyz:SKHX,B,Open Long,1089.3,13.765,1.2955,0.0,0.0,0719
1785452401378,xyz:SKHX,B,Open Long,1090.0,9.174,0.28799,0.0,13.765,0720
1785454434685,xyz:SKHX,A,Close Long,1093.1,0.093,0.008783,0.327453,22.939,0721
1785454434685,xyz:SKHX,A,Close Long,1093.1,0.182,0.017188,0.640822,22.846,0721
1785454434685,xyz:SKHX,A,Close Long,1093.1,0.101,0.009538,0.355621,22.664,0721
1785454434685,xyz:SKHX,A,Close Long,1093.0,1.917,0.181032,6.558057,22.563,0721
1785457003758,xyz:SNDK,B,Close Short,1362.5,2.988,0.351747,-22.41,-11.07,0723
1785457082995,xyz:SNDK,B,Close Short,1357.0,3.717,0.435798,-7.434,-8.082,0724
1785459999420,xyz:SKHX,A,Close Long,1186.5,2.412,0.08242,233.773452,20.646,0725
1785459999420,xyz:SKHX,A,Close Long,1186.5,0.081,0.002767,7.850601,18.234,0725
1785459999482,xyz:SKHX,A,Close Long,1186.5,0.025,0.000854,2.423025,18.153,0725
1785459999618,xyz:SKHX,A,Close Long,1186.5,3.268,0.111671,316.737828,18.128,0725
1785459999821,xyz:SKHX,A,Close Long,1186.5,0.712,0.024329,69.007752,14.86,0725
1785459999821,xyz:SKHX,A,Close Long,1186.5,2.21,0.075518,214.19541,14.148,0725
1785459999821,xyz:SKHX,A,Close Long,1186.5,11.938,0.407935,1157.042898,11.938,0725
1785462359502,xyz:SNDK,B,Close Short,1353.9,4.365,0.510604,4.797135,-4.365,0722
1785463613769,HYPE,A,Close Long,55.559,14.23,0.341541,14.592865,735.36,0726
1785463613769,HYPE,A,Close Long,55.559,18.29,0.438987,18.756395,721.13,0726
1785463613769,HYPE,A,Close Long,55.556,40.0,0.960007,40.9,702.84,0726
1785463613769,HYPE,A,Close Long,55.555,15.72,0.377276,16.05798,662.84,0726
1785774111600,HYPE,A,Close Long,54.65,196.88,1.549366,22.93652,647.12,0727
1785774111600,HYPE,A,Close Long,54.65,84.13,0.662069,9.801145,450.24,0727
1785774111600,HYPE,A,Close Long,54.65,233.59,1.838259,27.213235,366.11,0727
1785774111600,HYPE,A,Close Long,54.65,0.28,0.002203,0.03262,132.52,0727
1785774111600,HYPE,A,Close Long,54.65,0.28,0.002203,0.03262,132.24,0727
1785774111600,HYPE,A,Close Long,54.65,0.28,0.002203,0.03262,131.96,0727
1785774111600,HYPE,A,Close Long,54.65,0.28,0.002203,0.03262,131.68,0727
1785774111600,HYPE,A,Close Long,54.65,49.43,0.388994,5.758595,131.4,0727
1785774111600,HYPE,A,Close Long,54.65,70.0,0.550871,8.155,81.97,0727
1785774111600,HYPE,A,Close Long,54.65,11.97,0.094199,1.394505,11.97,0727
1786020418337,CASHCAT,B,Open Long,0.1575,33155.0,0.751955,0.0,0.0,0728
1786020419005,CASHCAT,B,Open Long,0.1575,36735.0,0.833149,0.0,33155.0,0728
1786020420003,CASHCAT,B,Open Long,0.1575,359.0,0.008142,0.0,69890.0,0728
1786020420210,CASHCAT,B,Open Long,0.1575,2037.0,0.046199,0.0,70249.0,0728
1786020445958,CASHCAT,B,Open Long,0.1575,7079.0,0.160551,0.0,72286.0,0728
1786020646194,CASHCAT,A,Close Long,0.15584,7924.0,0.533466,-13.15384,79365.0,0729
1786020646194,CASHCAT,A,Close Long,0.15579,5557.0,0.373993,-9.50247,71441.0,0729
1786020646194,CASHCAT,A,Close Long,0.15572,2391.0,0.160845,-4.25598,65884.0,0729
1786020798839,CASHCAT,A,Close Long,0.158,4682.0,0.319574,2.341,63493.0,0730
1786020798839,CASHCAT,A,Close Long,0.158,3797.0,0.259168,1.8985,58811.0,0730
1786020798839,CASHCAT,A,Close Long,0.15798,4911.0,0.335162,2.35728,55014.0,0730
1786020798839,CASHCAT,A,Close Long,0.15796,6330.0,0.431951,2.9118,50103.0,0730
1786020798839,CASHCAT,A,Close Long,0.1579,316.0,0.021555,0.1264,43773.0,0730
1786020798839,CASHCAT,A,Close Long,0.15785,3167.0,0.215961,1.10845,43457.0,0730
1786020798839,CASHCAT,A,Close Long,0.15785,6335.0,0.431991,2.21725,40290.0,0730
1786020798839,CASHCAT,A,Close Long,0.1578,1901.0,0.12959,0.5703,33955.0,0730
1786020798839,CASHCAT,A,Close Long,0.1578,984.0,0.067078,0.2952,32054.0,0730
1786020965922,CASHCAT,A,Close Long,0.16484,1117.0,0.079542,8.19878,31070.0,0731
1786020965922,CASHCAT,A,Close Long,0.16481,1117.0,0.079528,8.16527,29953.0,0731
1786020965922,CASHCAT,A,Close Long,0.1648,2848.0,0.202759,20.7904,28836.0,0731
1786020965922,CASHCAT,A,Close Long,0.16479,6955.0,0.495121,50.70195,25988.0,0731
1786020965922,CASHCAT,A,Close Long,0.1647,1117.0,0.079474,8.0424,19033.0,0731
1786020965922,CASHCAT,A,Close Long,0.16468,1117.0,0.079465,8.02006,17916.0,0731
1786020965922,CASHCAT,A,Close Long,0.16467,928.0,0.066015,6.65376,16799.0,0731
1786020970502,CASHCAT,A,Close Long,0.16548,2000.0,0.142974,15.96,15871.0,0732
1786020970502,CASHCAT,A,Close Long,0.16547,425.0,0.03038,3.38725,13871.0,0732
1786020970502,CASHCAT,A,Close Long,0.16526,1044.0,0.074533,8.10144,13446.0,0732
1786020970502,CASHCAT,A,Close Long,0.1651,5645.0,0.402619,42.902,12402.0,0732
1786020970502,CASHCAT,A,Close Long,0.1651,1130.0,0.080595,8.588,6757.0,0732
1786020970502,CASHCAT,A,Close Long,0.16509,782.0,0.055771,5.93538,5627.0,0732
1786020970502,CASHCAT,A,Close Long,0.16503,1131.0,0.080632,8.51643,4845.0,0732
1786020970502,CASHCAT,A,Close Long,0.16502,1131.0,0.080627,8.50512,3714.0,0732
1786020970502,CASHCAT,A,Close Long,0.16501,2000.0,0.142568,15.02,2583.0,0732
1786020970502,CASHCAT,A,Close Long,0.165,212.0,0.015111,1.59,583.0,0732
1786020970502,CASHCAT,A,Close Long,0.165,212.0,0.015111,1.59,371.0,0732
1786020970502,CASHCAT,A,Close Long,0.165,159.0,0.011333,1.1925,159.0,0732
1786021426052,CASHCAT,B,Open Long,0.1465,716.0,0.015104,0.0,0.0,0733
1786021426052,CASHCAT,B,Open Long,0.1465,6337.0,0.133685,0.0,716.0,0733
1786021426052,CASHCAT,B,Open Long,0.1465,11617.0,0.245072,0.0,7053.0,0733
1786021426052,CASHCAT,B,Open Long,0.1465,9625.0,0.203048,0.0,18670.0,0733
1786021426052,CASHCAT,B,Open Long,0.1465,11271.0,0.237773,0.0,28295.0,0733
1786021426052,CASHCAT,B,Open Long,0.1465,2764.0,0.058309,0.0,39566.0,0733
1786021426052,CASHCAT,B,Open Long,0.1465,4355.0,0.091873,0.0,42330.0,0733
1786021426187,CASHCAT,B,Open Long,0.1465,3684.0,0.077717,0.0,46685.0,0733
1786021426386,CASHCAT,B,Open Long,0.1465,3165.0,0.066768,0.0,50369.0,0733
1786021426386,CASHCAT,B,Open Long,0.1465,500.0,0.010547,0.0,53534.0,0733
1786021426386,CASHCAT,B,Open Long,0.1465,673.0,0.014197,0.0,54034.0,0733
1786021426386,CASHCAT,B,Open Long,0.1465,5046.0,0.10645,0.0,54707.0,0733
1786021426521,CASHCAT,B,Open Long,0.1465,15332.0,0.323443,0.0,59753.0,0733
1786021685391,CASHCAT,A,Close Long,0.15415,384.0,0.025571,2.9376,75085.0,0734
1786021685391,CASHCAT,A,Close Long,0.15411,902.0,0.060051,6.86422,74701.0,0734
1786021685391,CASHCAT,A,Close Long,0.15409,897.0,0.05971,6.80823,73799.0,0734
1786021685391,CASHCAT,A,Close Long,0.15405,897.0,0.059694,6.77235,72902.0,0734
1786021685391,CASHCAT,A,Close Long,0.15402,897.0,0.059683,6.74544,72005.0,0734
1786021685391,CASHCAT,A,Close Long,0.15401,967.0,0.064336,7.26217,71108.0,0734
1786021686000,CASHCAT,A,Close Long,0.154,1388.0,0.03078,10.41,70141.0,0734
1786021686000,CASHCAT,A,Close Long,0.154,1388.0,0.03078,10.41,68753.0,0734
1786021686064,CASHCAT,A,Close Long,0.154,1502.0,0.033308,11.265,67365.0,0734
1786021686064,CASHCAT,A,Close Long,0.154,1502.0,0.033308,11.265,65863.0,0734
1786021686064,CASHCAT,A,Close Long,0.154,1502.0,0.033308,11.265,64361.0,0734
1786021686064,CASHCAT,A,Close Long,0.154,1502.0,0.033308,11.265,62859.0,0734
1786021686064,CASHCAT,A,Close Long,0.154,1502.0,0.033308,11.265,61357.0,0734
1786021686064,CASHCAT,A,Close Long,0.154,1502.0,0.033308,11.265,59855.0,0734
1786021686064,CASHCAT,A,Close Long,0.154,58353.0,1.294036,437.6475,58353.0,0734
1786024775664,CASHCAT,B,Open Long,0.1325,60377.0,1.151993,0.0,0.0,0736
1786025775951,CASHCAT,A,Close Long,0.1327,113.0,0.006477,0.0226,60377.0,0737
1786025775951,CASHCAT,A,Close Long,0.13264,12500.0,0.716256,1.75,60264.0,0737
1786025775951,CASHCAT,A,Close Long,0.13261,809.0,0.046345,0.08899,47764.0,0737
1786025775951,CASHCAT,A,Close Long,0.13258,809.0,0.046335,0.06472,46955.0,0737
1786025775951,CASHCAT,A,Close Long,0.13256,377.0,0.021589,0.02262,46146.0,0737
1786025775951,CASHCAT,A,Close Long,0.13255,665.0,0.038078,0.03325,45769.0,0737
1786025775951,CASHCAT,A,Close Long,0.13253,809.0,0.046317,0.02427,45104.0,0737
1786025775951,CASHCAT,A,Close Long,0.13252,809.0,0.046314,0.01618,44295.0,0737
1786025775951,CASHCAT,A,Close Long,0.13251,892.0,0.051061,0.00892,43486.0,0737
1786027205993,CASHCAT,B,Open Long,0.1255,741.0,0.013391,0.0,0.0,0738
1786027205993,CASHCAT,B,Open Long,0.1255,7329.0,0.132449,0.0,741.0,0738
1786027206054,CASHCAT,B,Open Long,0.1255,331.0,0.005981,0.0,8070.0,0738
1786027206658,CASHCAT,B,Open Long,0.1255,12817.0,0.231628,0.0,8401.0,0738
1786027206723,CASHCAT,B,Open Long,0.1255,793.0,0.014331,0.0,21218.0,0738
1786027207030,CASHCAT,B,Open Long,0.1255,8122.0,0.14678,0.0,22011.0,0738
1786027207152,CASHCAT,B,Open Long,0.1255,1840.0,0.033252,0.0,30133.0,0738
1786027207300,CASHCAT,B,Open Long,0.1255,8120.0,0.146744,0.0,31973.0,0738
1786027207353,CASHCAT,B,Open Long,0.1255,8120.0,0.146744,0.0,40093.0,0738
1786027207434,CASHCAT,B,Open Long,0.1255,320.0,0.005783,0.0,48213.0,0738
1786027207503,CASHCAT,B,Open Long,0.1255,825.0,0.014909,0.0,48533.0,0738
1786027207503,CASHCAT,B,Open Long,0.1255,36.0,0.00065,0.0,49358.0,0738
1786027207503,CASHCAT,B,Open Long,0.1255,100.0,0.001807,0.0,49394.0,0738
1786027207503,CASHCAT,B,Open Long,0.1255,14251.0,0.257544,0.0,49494.0,0738
1786028091159,CASHCAT,A,Close Long,0.11853,6829.0,0.349678,-47.59813,63745.0,0739
1786028091159,CASHCAT,A,Close Long,0.11851,1768.0,0.090515,-12.35832,56916.0,0739
1786028091159,CASHCAT,A,Close Long,0.1185,1769.0,0.090558,-12.383,55148.0,0739
1786028091159,CASHCAT,A,Close Long,0.11847,8440.0,0.431951,-59.3332,53379.0,0739
1786028091159,CASHCAT,A,Close Long,0.11845,2112.0,0.108071,-14.8896,44939.0,0739
1786028091159,CASHCAT,A,Close Long,0.11844,6829.0,0.349413,-48.21274,42827.0,0739
1786028091159,CASHCAT,A,Close Long,0.11839,3488.0,0.178391,-24.79968,35998.0,0739
1786028225591,CASHCAT,A,Close Long,0.12107,101.0,0.005282,-0.44743,32510.0,0740
1786028225591,CASHCAT,A,Close Long,0.12107,4194.0,0.219355,-18.57942,32409.0,0740
1786028225591,CASHCAT,A,Close Long,0.12106,892.0,0.046649,-3.96048,28215.0,0740
1786028225591,CASHCAT,A,Close Long,0.121,6829.0,0.356965,-30.7305,27323.0,0740
1786028225591,CASHCAT,A,Close Long,0.12099,454.0,0.023729,-2.04754,20494.0,0740
1786028225591,CASHCAT,A,Close Long,0.12091,5564.0,0.290625,-25.53876,20040.0,0740
1786028865061,CASHCAT,A,Close Long,0.122,14476.0,0.254314,-50.666,14476.0,0741
1786043858069,CASHCAT,B,Open Long,0.0935,64171.0,0.863998,0.0,0.0,0742
1786044470190,CASHCAT,A,Close Long,0.10354,9034.0,0.404084,90.70136,64171.0,0743
1786044470190,CASHCAT,A,Close Long,0.10354,304.0,0.013597,3.05216,55137.0,0743
1786044470190,CASHCAT,A,Close Long,0.10353,17883.0,0.799816,179.36649,54833.0,0743
1786044470190,CASHCAT,A,Close Long,0.1035,1785.0,0.07981,17.85,36950.0,0743
1786044470190,CASHCAT,A,Close Long,0.10349,1932.0,0.086375,19.30068,35165.0,0743
1786044470190,CASHCAT,A,Close Long,0.10346,1932.0,0.08635,19.24272,33233.0,0743
1786044470190,CASHCAT,A,Close Long,0.10343,831.0,0.03713,8.25183,31301.0,0743
1786044470190,CASHCAT,A,Close Long,0.1034,1932.0,0.0863,19.1268,30470.0,0743
1786044470190,CASHCAT,A,Close Long,0.10337,1932.0,0.086275,19.06884,28538.0,0743
1786044470190,CASHCAT,A,Close Long,0.10334,1932.0,0.08625,19.01088,26606.0,0743
1786044470190,CASHCAT,A,Close Long,0.10331,1969.0,0.087876,19.31589,24674.0,0743
1786044470190,CASHCAT,A,Close Long,0.10331,660.0,0.029455,6.4746,22705.0,0743
1786044470190,CASHCAT,A,Close Long,0.10328,1969.0,0.08785,19.25682,22045.0,0743
1786044470190,CASHCAT,A,Close Long,0.10327,12817.0,0.5718,125.22209,20076.0,0743
1786044470190,CASHCAT,A,Close Long,0.10325,1969.0,0.087825,19.19775,7259.0,0743
1786044470190,CASHCAT,A,Close Long,0.10322,1969.0,0.087799,19.140649,5290.0,0743
1786044470190,CASHCAT,A,Close Long,0.10319,1969.0,0.087774,19.081579,3321.0,0743
1786044470190,CASHCAT,A,Close Long,0.10316,1352.0,0.060252,13.061672,1352.0,0743
1786066732091,xyz:SKHX,B,Open Long,1004.0,0.208,0.006014,0.0,0.0,0735
1786066732091,xyz:SKHX,B,Open Long,1004.0,0.142,0.004105,0.0,0.208,0735
1786066732091,xyz:SKHX,B,Open Long,1004.0,0.116,0.003354,0.0,0.35,0735
1786066732752,xyz:SKHX,B,Open Long,1004.0,0.476,0.013763,0.0,0.466,0735
1786066733035,xyz:SKHX,B,Open Long,1004.0,0.034,0.000983,0.0,0.942,0735
1786066733102,xyz:SKHX,B,Open Long,1004.0,9.89,0.285971,0.0,0.976,0735
1786066733224,xyz:SKHX,B,Open Long,1004.0,2.581,0.07463,0.0,10.866,0735
1786066733509,xyz:SKHX,B,Open Long,1004.0,3.983,0.115169,0.0,13.447,0735
1786137001881,xyz:GOLD,B,Open Long,4348.2,0.2124,0.797953,0.0,0.0,0744
1786137001881,xyz:GOLD,B,Open Long,4348.2,0.0176,0.06612,0.0,0.2124,0744
1786137023289,xyz:GOLD,A,Close Long,4348.4,0.1028,0.386221,0.02056,0.23,0745
1786137023289,xyz:GOLD,A,Close Long,4348.4,0.0576,0.216404,0.01152,0.1272,0745
1786137023289,xyz:GOLD,A,Close Long,4348.4,0.0696,0.261488,0.01392,0.0696,0745
1786372729850,xyz:LYTE,B,Open Long,24.95,0.76,0.000546,0.0,0.0,0747
1786372730391,xyz:LYTE,B,Open Long,24.95,45.27,0.032529,0.0,0.76,0747
1786372735154,xyz:LYTE,B,Open Long,24.95,250.6,0.180071,0.0,46.03,0747
1786372736168,xyz:LYTE,B,Open Long,24.95,17.87,0.01284,0.0,296.63,0747
1786372745134,xyz:LYTE,B,Open Long,24.95,186.5,0.134011,0.0,314.5,0747
1786465218031,xyz:LYTE,A,Close Long,24.479,2.05,0.004335,-0.96555,501.0,0749
1786465218031,xyz:LYTE,A,Close Long,24.473,4.06,0.008584,-1.93662,498.95,0749
1786465218031,xyz:LYTE,A,Close Long,24.459,5.0,0.010566,-2.455,494.89,0749
1786465218031,xyz:LYTE,A,Close Long,24.458,10.22,0.021596,-5.02824,489.89,0749
1786465218031,xyz:LYTE,A,Close Long,24.454,14.47,0.030572,-7.17712,479.67,0749
1786465218031,xyz:LYTE,A,Close Long,24.453,80.33,0.169716,-39.92401,465.2,0749
1786465218031,xyz:LYTE,A,Close Long,24.412,10.24,0.021598,-5.50912,384.87,0749
1786465218031,xyz:LYTE,A,Close Long,24.395,29.39,0.061946,-16.31145,374.63,0749
1786465218031,xyz:LYTE,A,Close Long,24.394,79.7,0.167979,-44.3132,345.24,0749
1786477371842,xyz:LYTE,A,Close Long,24.563,78.64,0.166893,-30.43368,265.54,0750
1786477371842,xyz:LYTE,A,Close Long,24.527,1.88,0.003983,-0.79524,186.9,0750
1786477371842,xyz:LYTE,A,Close Long,24.521,10.19,0.021588,-4.37151,185.02,0750
1786477371842,xyz:LYTE,A,Close Long,24.485,6.67,0.01411,-3.10155,174.83,0750
1786477371842,xyz:LYTE,A,Close Long,24.48,32.73,0.069226,-15.3831,168.16,0750
1786491779564,xyz:LYTE,A,Close Long,25.0,11.4,0.008207,0.57,135.43,0751
1786491888838,xyz:LYTE,A,Close Long,25.0,100.0,0.071999,5.0,124.03,0751
1786491891798,xyz:LYTE,A,Close Long,25.0,24.03,0.017301,1.2015,24.03,0751
1786504477123,xyz:SKHX,A,Close Long,1090.6,12.235,1.152877,1059.551,17.43,0752
1786504477123,xyz:SKHX,A,Close Long,1090.6,5.195,0.489513,449.887,5.195,0752
1786559473164,xyz:SPCX,A,Open Short,148.5,84.17,0.359978,0.0,0.0,0746
1786629476912,xyz:SPCX,B,Close Short,142.1,41.24,0.506321,263.936,-84.17,0754
1786632040103,xyz:SPCX,B,Close Short,141.22,9.83,0.119939,71.5624,-42.93,0753
1786632040103,xyz:SPCX,B,Close Short,141.23,7.08,0.086392,51.4716,-33.1,0753
1786632040103,xyz:SPCX,B,Close Short,141.23,7.08,0.086392,51.4716,-26.02,0753
1786632040103,xyz:SPCX,B,Close Short,141.24,18.94,0.231127,137.5044,-18.94,0753
1786734396379,BTC,B,Open Long,62850.0,0.03866,0.349888,0.0,0.0,0756
1786734397121,BTC,B,Open Long,62850.0,0.07955,0.719959,0.0,0.03866,0756
1786734397835,BTC,B,Open Long,62850.0,0.07956,0.720049,0.0,0.11821,0756
1786734398524,BTC,B,Open Long,62850.0,0.00836,0.075661,0.0,0.19777,0756
1786734398524,BTC,B,Open Long,62850.0,0.07955,0.719959,0.0,0.20613,0756
1786734399298,BTC,B,Open Long,62850.0,0.06432,0.582121,0.0,0.28568,0756
1786747076841,BTC,B,Open Long,62853.0,0.11137,3.023973,0.0,0.35,0757
1786747094457,BTC,B,Open Long,62853.0,0.05568,1.51185,0.0,0.46137,0758
1786747124673,BTC,B,Open Long,62853.0,0.05568,1.51185,0.0,0.51705,0759
1786775325599,CASHCAT,B,Open Long,0.1124,71174.0,1.151993,0.0,0.0,0755
1786791560425,CASHCAT,A,Close Long,0.1229,9281.0,0.164251,97.4505,71174.0,0760
1786791567539,CASHCAT,A,Close Long,0.1229,145.0,0.002566,1.5225,61893.0,0760
1786791630741,CASHCAT,A,Close Long,0.1229,25000.0,0.442439,262.5,61748.0,0760
1786791630811,CASHCAT,A,Close Long,0.1229,5352.0,0.094717,56.201352,36748.0,0760
1786791630811,CASHCAT,A,Close Long,0.1229,25000.0,0.442439,262.525,31396.0,0760
1786791630811,CASHCAT,A,Close Long,0.1229,6396.0,0.113193,67.164396,6396.0,0760
1786917786497,CASHCAT,B,Open Long,0.1015,68965.0,1.007992,0.0,0.0,0761
1786918662081,CASHCAT,A,Close Long,0.10094,1426.0,0.062182,-0.79856,68965.0,0762
1786918662081,CASHCAT,A,Close Long,0.1008,6373.0,0.277516,-4.4611,67539.0,0762
1786918662081,CASHCAT,A,Close Long,0.10062,4376.0,0.190215,-3.85088,61166.0,0762
1786918662081,CASHCAT,A,Close Long,0.10062,4975.0,0.216252,-4.378,56790.0,0762
1786918662081,CASHCAT,A,Close Long,0.10059,1470.0,0.063878,-1.3377,51815.0,0762
1786918666912,CASHCAT,A,Close Long,0.10149,7830.0,0.343296,-0.0783,50345.0,0763
1786918666912,CASHCAT,A,Close Long,0.10137,306.0,0.0134,-0.03978,42515.0,0763
1786918666912,CASHCAT,A,Close Long,0.10136,8222.0,0.36002,-1.15108,42209.0,0763
1786918666912,CASHCAT,A,Close Long,0.1012,2000.0,0.087436,-0.6,33987.0,0763
1786918666912,CASHCAT,A,Close Long,0.10119,6310.0,0.275835,-1.9561,31987.0,0763
1786918670857,CASHCAT,A,Close Long,0.1015,2465.0,0.108085,0.0,25677.0,0764
1786918670857,CASHCAT,A,Close Long,0.10148,852.0,0.037351,-0.01704,23212.0,0764
1786918670857,CASHCAT,A,Close Long,0.10146,2466.0,0.108086,-0.09864,22360.0,0764
1786918670857,CASHCAT,A,Close Long,0.10146,852.0,0.037343,-0.03408,19894.0,0764
1786918670857,CASHCAT,A,Close Long,0.10139,9873.0,0.432442,-1.08603,19042.0,0764
1786918670857,CASHCAT,A,Close Long,0.10136,2468.0,0.108067,-0.34552,9169.0,0764
1786918670857,CASHCAT,A,Close Long,0.10131,6701.0,0.293275,-1.27319,6701.0,0764
1787076703702,xyz:SKHX,B,Open Long,1105.0,15.837,0.503996,0.0,0.0,0765
1787097352593,CASHCAT,B,Open Long,0.0875,15487.0,0.195136,0.0,0.0,0766
1787097352593,CASHCAT,B,Open Long,0.0875,75941.0,0.956856,0.0,15487.0,0766
1787121909511,xyz:SKHX,A,Close Long,1106.0,4.576,0.145758,4.576,15.837,0767
1787121909511,xyz:SKHX,A,Close Long,1106.0,9.664,0.307825,9.664,11.261,0767
1787121909511,xyz:SKHX,A,Close Long,1106.0,0.906,0.028858,0.906,1.597,0767
1787121909511,xyz:SKHX,A,Close Long,1106.0,0.691,0.02201,0.691,0.691,0767
1787151366275,CASHCAT,A,Close Long,0.09769,1061.0,0.044776,10.81159,91428.0,0768
1787151366275,CASHCAT,A,Close Long,0.097677,1825.0,0.077008,18.573025,90367.0,0768
1787151366275,CASHCAT,A,Close Long,0.097654,1814.0,0.076526,18.419356,88542.0,0768
1787151366275,CASHCAT,A,Close Long,0.097631,1829.0,0.07714,18.529599,86728.0,0768
1787151366275,CASHCAT,A,Close Long,0.097608,1814.0,0.07649,18.335912,84899.0,0768
1787151366609,CASHCAT,A,Close Long,0.0976,910.0,0.012789,9.191,83085.0,0768
1787151366712,CASHCAT,A,Close Long,0.0976,910.0,0.012789,9.191,82175.0,0768
1787151367129,CASHCAT,A,Close Long,0.0976,1852.0,0.026028,18.7052,81265.0,0768
1787151367129,CASHCAT,A,Close Long,0.0976,794.0,0.011159,8.0194,79413.0,0768
1787151367199,CASHCAT,A,Close Long,0.0976,1852.0,0.026028,18.7052,78619.0,0768
1787151367199,CASHCAT,A,Close Long,0.0976,1852.0,0.026028,18.7052,76767.0,0768
1787151367285,CASHCAT,A,Close Long,0.0976,36106.0,0.507448,364.6706,74915.0,0768
1787151367285,CASHCAT,A,Close Long,0.0976,2108.0,0.029626,21.2908,38809.0,0768
1787151367285,CASHCAT,A,Close Long,0.0976,2108.0,0.029626,21.2908,36701.0,0768
1787151367285,CASHCAT,A,Close Long,0.0976,790.0,0.011102,7.979,34593.0,0768
1787151367285,CASHCAT,A,Close Long,0.0976,2108.0,0.029626,21.2908,33803.0,0768
1787151367285,CASHCAT,A,Close Long,0.0976,2108.0,0.029626,21.2908,31695.0,0768
1787151367285,CASHCAT,A,Close Long,0.0976,2108.0,0.029626,21.2908,29587.0,0768
1787151367285,CASHCAT,A,Close Long,0.0976,790.0,0.011102,7.979,27479.0,0768
1787151367489,CASHCAT,A,Close Long,0.0976,18977.0,0.26671,191.6677,26689.0,0768
1787151367692,CASHCAT,A,Close Long,0.0976,800.0,0.011243,8.08,7712.0,0768
1787151367692,CASHCAT,A,Close Long,0.0976,6912.0,0.097144,69.8112,6912.0,0768
1787226469685,BTC,A,Close Long,72253.0,0.29661,9.258175,2788.697559,0.57273,0770
1787226469685,BTC,A,Close Long,72253.0,0.27612,8.618615,2596.052628,0.27612,0770
1787232641205,xyz:INTC,B,Open Long,90.55,4.95,0.012908,0.0,0.0,0748
1787232641205,xyz:INTC,B,Open Long,90.55,188.31,0.491082,0.0,4.95,0748
1787242939772,xyz:MRNA,B,Open Long,136.5,36.63,0.143999,0.0,0.0,0769
1787252807059,xyz:MRNA,A,Close Long,136.72,1.79,0.021144,0.3938,36.63,0771
1787252807059,xyz:MRNA,A,Close Long,136.68,18.64,0.220122,3.3552,34.84,0771
1787252807059,xyz:MRNA,A,Close Long,136.68,0.87,0.010273,0.1566,16.2,0771
1787252807059,xyz:MRNA,A,Close Long,136.67,15.33,0.181021,2.6061,15.33,0771
1787319516377,xyz:INTC,A,Close Long,90.66,39.66,0.310657,4.3626,193.26,0772
1787319516377,xyz:INTC,A,Close Long,90.649,23.7,0.18562,2.3463,153.6,0772
1787319516377,xyz:INTC,A,Close Long,90.642,23.7,0.185605,2.1804,129.9,0772
1787319516377,xyz:INTC,A,Close Long,90.637,23.7,0.185595,2.0619,106.2,0772
1787319516377,xyz:INTC,A,Close Long,90.636,23.63,0.185045,2.03218,82.5,0772
1787319516377,xyz:INTC,A,Close Long,90.635,2.15,0.016836,0.18275,58.87,0772
1787319516377,xyz:INTC,A,Close Long,90.628,23.7,0.185577,1.8486,56.72,0772
1787319516377,xyz:INTC,A,Close Long,90.625,2.14,0.016756,0.1605,33.02,0772
1787319516377,xyz:INTC,A,Close Long,90.625,22.38,0.175235,1.6785,30.88,0772
1787319516377,xyz:INTC,A,Close Long,90.624,8.5,0.066554,0.629,8.5,0772
1787375474839,CASHCAT,B,Open Long,0.115,108695.0,1.799989,0.0,0.0,0773
1787375491904,HYPE,B,Open Long,72.55,827.01,8.639938,0.0,0.0,0774
1787375498585,CASHCAT,A,Close Long,0.0543,17696.0,0.415105,-1074.1472,108695.0,0775
1787375501559,CASHCAT,A,Close Long,0.060964,90999.0,2.39659,-4917.221964,90999.0,0776
1787381135001,HYPE,A,Close Long,79.921,18.76,0.647705,138.27996,827.01,0777
1787381135001,HYPE,A,Close Long,79.917,22.73,0.784733,167.45191,808.25,0777
1787381135001,HYPE,A,Close Long,79.912,25.17,0.868918,185.30154,785.52,0777
1787381135001,HYPE,A,Close Long,79.908,0.37,0.012772,2.72246,760.35,0777
1787381135001,HYPE,A,Close Long,79.907,25.17,0.868863,185.17569,759.98,0777
1787381135001,HYPE,A,Close Long,79.906,114.37,3.947982,841.30572,734.81,0777
1787381500518,HYPE,A,Close Long,80.518,4.71,0.163831,37.52928,620.44,0778
1787381500518,HYPE,A,Close Long,80.517,27.39,0.952715,218.21613,615.73,0778
1787381500518,HYPE,A,Close Long,80.517,114.02,3.965996,908.39734,588.34,0778
1787381500518,HYPE,A,Close Long,80.516,4.97,0.172871,39.59102,474.32,0778
1787381500518,HYPE,A,Close Long,80.515,53.58,1.863645,426.7647,469.35,0778
1787382351636,HYPE,A,Close Long,80.633,26.64,0.927963,215.33112,415.77,0779
1787382351636,HYPE,A,Close Long,80.633,172.91,6.023052,1397.63153,389.13,0779
1787394328936,HYPE,B,Open Long,75.55,562.54,6.119985,0.0,216.22,0780
1787421150771,HYPE,A,Close Long,79.492,194.68,6.685417,929.597,778.76,0781
1787428007218,HYPE,A,Close Long,79.168,25.29,0.864932,112.56579,584.08,0782
1787428007218,HYPE,A,Close Long,79.168,4.38,0.149798,19.49538,558.79,0782
1787428007218,HYPE,A,Close Long,79.168,16.86,0.576621,75.04386,554.41,0782
1787428007218,HYPE,A,Close Long,79.167,99.49,3.402572,442.7305,537.55,0782
1787429345202,HYPE,A,Close Long,79.524,0.1,0.003435,0.4807,438.06,0783
1787429345202,HYPE,A,Close Long,79.506,17.24,0.592135,82.56236,437.96,0783
1787429345202,HYPE,A,Close Long,79.5,31.97,1.097977,152.91251,420.72,0783
1787429345202,HYPE,A,Close Long,79.491,82.1,2.819323,391.9454,388.75,0783
1787429996162,HYPE,A,Close Long,79.808,31.66,1.091543,161.18106,306.65,0784
1787429996162,HYPE,A,Close Long,79.808,18.79,0.647823,95.65989,274.99,0784
1787429996162,HYPE,A,Close Long,79.805,1.5,0.051713,7.632,256.2,0784
1787429996162,HYPE,A,Close Long,79.804,104.56,3.60474,531.89672,254.7,0784
1787436927133,HYPE,A,Close Long,79.35,2.82,0.096667,13.06506,150.14,0785
1787436927133,HYPE,A,Close Long,79.341,0.63,0.021593,2.91312,147.32,0785
1787436927133,HYPE,A,Close Long,79.336,146.69,5.027528,677.56111,146.69,0785
1787578188192,xyz:BE,B,Open Long,191.55,1.21,0.006675,0.0,0.0,0788
1787578188192,xyz:BE,B,Open Long,191.55,1.21,0.006675,0.0,1.21,0788
1787578188251,xyz:BE,B,Open Long,191.55,1.21,0.006675,0.0,2.42,0788
1787578188251,xyz:BE,B,Open Long,191.55,1.21,0.006675,0.0,3.63,0788
1787578188319,xyz:BE,B,Open Long,191.55,1.21,0.006675,0.0,4.84,0788
1787578188660,xyz:BE,B,Open Long,191.55,1.5,0.008274,0.0,6.05,0788
1787578188660,xyz:BE,B,Open Long,191.55,1.5,0.008274,0.0,7.55,0788
1787578188660,xyz:BE,B,Open Long,191.55,1.2,0.006619,0.0,9.05,0788
1787578188660,xyz:BE,B,Open Long,191.55,1.2,0.006619,0.0,10.25,0788
1787578188660,xyz:BE,B,Open Long,191.55,1.2,0.006619,0.0,11.45,0788
1787578188660,xyz:BE,B,Open Long,191.55,1.2,0.006619,0.0,12.65,0788
1787578188736,xyz:BE,B,Open Long,191.55,1.2,0.006619,0.0,13.85,0788
1787578188736,xyz:BE,B,Open Long,191.55,1.2,0.006619,0.0,15.05,0788
1787578188736,xyz:BE,B,Open Long,191.55,1.2,0.006619,0.0,16.25,0788
1787578188736,xyz:BE,B,Open Long,191.55,1.5,0.008274,0.0,17.45,0788
1787578188789,xyz:BE,B,Open Long,191.55,1.2,0.006619,0.0,18.95,0788
1787578188996,xyz:BE,B,Open Long,191.55,1.5,0.008274,0.0,20.15,0788
1787578188996,xyz:BE,B,Open Long,191.55,1.5,0.008274,0.0,21.65,0788
1787578189062,xyz:BE,B,Open Long,191.55,1.5,0.008274,0.0,23.15,0788
1787578189336,xyz:BE,B,Open Long,191.55,1.5,0.008274,0.0,24.65,0788
1787578189336,xyz:BE,B,Open Long,191.55,1.5,0.008274,0.0,26.15,0788
1787578189336,xyz:BE,B,Open Long,191.55,1.5,0.008274,0.0,27.65,0788
1787578189458,xyz:BE,B,Open Long,191.55,1.19,0.006564,0.0,29.15,0788
1787578189458,xyz:BE,B,Open Long,191.55,1.19,0.006564,0.0,30.34,0788
1787578189526,xyz:BE,B,Open Long,191.55,1.19,0.006564,0.0,31.53,0788
1787578189727,xyz:BE,B,Open Long,191.55,3.38,0.018646,0.0,32.72,0788
1787578189727,xyz:BE,B,Open Long,191.55,3.38,0.018646,0.0,36.1,0788
1787578189727,xyz:BE,B,Open Long,191.55,3.38,0.018646,0.0,39.48,0788
1787578189992,xyz:BE,B,Open Long,191.55,2.96,0.016329,0.0,42.86,0788
1787578189992,xyz:BE,B,Open Long,191.55,2.96,0.016329,0.0,45.82,0788
1787578189992,xyz:BE,B,Open Long,191.55,2.96,0.016329,0.0,48.78,0788
1787578190528,xyz:BE,B,Open Long,191.55,26.1,0.143984,0.0,51.74,0788
1787578190528,xyz:BE,B,Open Long,191.55,0.46,0.002537,0.0,77.84,0788
1787578291687,xyz:SNDK,B,Open Long,1465.0,13.651,0.575962,0.0,0.0,0787
1787579684090,xyz:BE,A,Close Long,192.11,4.08,0.067721,2.2848,78.3,0789
1787579684090,xyz:BE,A,Close Long,192.1,10.22,0.169625,5.621,74.22,0789
1787579684090,xyz:BE,A,Close Long,192.08,18.29,0.303535,9.6937,64.0,0789
1787579684090,xyz:BE,A,Close Long,192.07,4.08,0.067706,2.1216,45.71,0789
1787579684090,xyz:BE,A,Close Long,192.03,4.08,0.067692,1.9584,41.63,0789
1787579684090,xyz:BE,A,Close Long,192.03,26.15,0.433864,12.552,37.55,0789
1787579684090,xyz:BE,A,Close Long,191.99,0.96,0.015924,0.4224,11.4,0789
1787579684090,xyz:BE,A,Close Long,191.99,4.05,0.067181,1.782,10.44,0789
1787579684090,xyz:BE,A,Close Long,191.98,4.11,0.068172,1.7673,6.39,0789
1787579684090,xyz:BE,A,Close Long,191.96,2.28,0.037814,0.9348,2.28,0789
1787583362139,xyz:SNDK,A,Close Long,1469.1,1.471,0.186714,6.0311,13.651,0790
1787583362139,xyz:SNDK,A,Close Long,1469.1,0.712,0.090374,2.9192,12.18,0790
1787583362139,xyz:SNDK,A,Close Long,1469.1,5.637,0.715505,23.1117,11.468,0790
1787583362139,xyz:SNDK,A,Close Long,1469.0,5.831,0.740079,23.329831,5.831,0790
1787593465295,HYPE,B,Open Long,76.65,782.77,8.639902,0.0,0.0,0786
1787622599425,HYPE,A,Close Long,79.889,1.43,0.049352,4.63177,782.77,0791
1787622599425,HYPE,A,Close Long,79.886,0.4,0.013804,1.2944,781.34,0791
1787622599425,HYPE,A,Close Long,79.875,16.11,0.555891,51.95475,780.94,0791
1787622599425,HYPE,A,Close Long,79.869,249.22,8.598939,802.23918,764.83,0791
1787622599425,HYPE,A,Close Long,79.868,0.37,0.012766,1.19066,515.61,0791
1787622599425,HYPE,A,Close Long,79.862,13.66,0.471275,43.87592,515.24,0791
1787622599425,HYPE,A,Close Long,79.861,11.8,0.407099,37.8898,501.58,0791
1787622601863,HYPE,A,Close Long,79.86,489.78,5.632391,1572.1938,489.78,0791
1787819017753,xyz:MRVL,A,Open Short,258.5,1.16,0.008635,0.0,0.0,0792
1787819038408,xyz:MRVL,A,Open Short,258.5,1.3,0.009678,0.0,-1.16,0792
1787819038408,xyz:MRVL,A,Open Short,258.5,1.21,0.009008,0.0,-2.46,0792
1787819038408,xyz:MRVL,A,Open Short,258.5,1.0,0.007444,0.0,-3.67,0792
1787819038408,xyz:MRVL,A,Open Short,258.5,4.39,0.032682,0.0,-4.67,0792
1787819038530,xyz:MRVL,A,Open Short,258.5,1.78,0.013251,0.0,-9.06,0792
1787819038530,xyz:MRVL,A,Open Short,258.5,1.3,0.009678,0.0,-10.84,0792
1787819038995,xyz:MRVL,A,Open Short,258.5,9.77,0.072735,0.0,-12.14,0792
1787819039131,xyz:MRVL,A,Open Short,258.5,3.23,0.024046,0.0,-21.91,0792
1787860710634,xyz:MRVL,B,Close Short,241.35,6.48,0.135125,111.132,-25.14,0793
1787860710634,xyz:MRVL,B,Close Short,241.36,6.08,0.126789,104.2112,-18.66,0793
1787861272947,xyz:MRVL,B,Close Short,241.33,12.58,0.262304,215.9986,-12.58,0794
1787891563657,xyz:SNDK,B,Open Long,1455.0,6.114,0.256201,0.0,0.0,0796
1787891566161,xyz:SNDK,B,Open Long,1455.0,0.782,0.032768,0.0,6.114,0796
1787891566297,xyz:SNDK,B,Open Long,1455.0,0.073,0.003058,0.0,6.896,0796
1787891566297,xyz:SNDK,B,Open Long,1455.0,0.101,0.004232,0.0,6.969,0796
1787891566297,xyz:SNDK,B,Open Long,1455.0,0.134,0.005615,0.0,7.07,0796
1787891566297,xyz:SNDK,B,Open Long,1455.0,0.284,0.0119,0.0,7.204,0796
1787891566297,xyz:SNDK,B,Open Long,1455.0,1.0,0.041903,0.0,7.488,0796
1787891625265,xyz:SNDK,B,Open Long,1455.0,3.791,0.158858,0.0,8.488,0796
1787891625265,xyz:SNDK,B,Open Long,1455.0,1.466,0.061431,0.0,12.279,0796
1787934309563,CASHCAT,B,Open Long,0.1765,11210.0,0.284913,0.0,0.0,0795
1787934309713,CASHCAT,B,Open Long,0.1765,32651.0,0.829857,0.0,11210.0,0795
1787934310017,CASHCAT,B,Open Long,0.1765,70.0,0.001779,0.0,43861.0,0795
1787955294232,CASHCAT,B,Open Long,0.1765,407.0,0.010344,0.0,43931.0,0795
1787955297572,CASHCAT,B,Open Long,0.1765,39779.0,1.011023,0.0,44338.0,0795
1787955300679,CASHCAT,B,Open Long,0.1765,6185.0,0.157197,0.0,84117.0,0795
1788014344680,CASHCAT,A,Close Long,0.2098,1309.0,0.039546,43.5897,90302.0,0798
1788014345026,CASHCAT,A,Close Long,0.2098,3502.0,0.105799,116.6166,88993.0,0798
1788014353886,CASHCAT,A,Close Long,0.2098,8324.0,0.251478,277.1892,85491.0,0798
1788014375037,CASHCAT,A,Close Long,0.2098,1118.0,0.033776,37.2294,77167.0,0798
1788015632848,CASHCAT,A,Close Long,0.20906,1195.0,0.107925,38.9092,76049.0,0799
1788015632848,CASHCAT,A,Close Long,0.20906,478.0,0.04317,15.56368,74854.0,0799
1788015633522,CASHCAT,A,Close Long,0.209,1878.0,0.05652,61.035,74376.0,0799
1788015633722,CASHCAT,A,Close Long,0.209,9569.0,0.287988,310.9925,72498.0,0799
1788015633722,CASHCAT,A,Close Long,0.209,9569.0,0.287988,310.9925,62929.0,0799
1788015633722,CASHCAT,A,Close Long,0.209,9569.0,0.287988,310.9925,53360.0,0799
1788015633722,CASHCAT,A,Close Long,0.209,1742.0,0.052427,56.615,43791.0,0799
1788015633722,CASHCAT,A,Close Long,0.209,9569.0,0.287988,310.9925,42049.0,0799
1788015633722,CASHCAT,A,Close Long,0.209,8703.0,0.261925,282.8475,32480.0,0799
1788015633853,CASHCAT,A,Close Long,0.209,5854.0,0.176181,190.255,23777.0,0799
1788015633853,CASHCAT,A,Close Long,0.209,1864.0,0.056098,60.58,17923.0,0799
1788015633853,CASHCAT,A,Close Long,0.209,8781.0,0.264272,285.3825,16059.0,0799
1788015633924,CASHCAT,A,Close Long,0.209,296.0,0.008908,9.62,7278.0,0799
1788015633924,CASHCAT,A,Close Long,0.209,1702.0,0.051223,55.315,6982.0,0799
1788015633924,CASHCAT,A,Close Long,0.209,1771.0,0.0533,57.5575,5280.0,0799
1788015633924,CASHCAT,A,Close Long,0.209,229.0,0.006891,7.4425,3509.0,0799
1788015633924,CASHCAT,A,Close Long,0.209,827.0,0.024889,26.8775,3280.0,0799
1788015633924,CASHCAT,A,Close Long,0.209,2453.0,0.073825,79.7225,2453.0,0799
1788145689298,xyz:SNDK,A,Close Long,1459.3,0.207,0.026099,0.8901,13.745,0800
1788145689298,xyz:SNDK,A,Close Long,1459.3,0.147,0.018534,0.6321,13.538,0800
1788145689298,xyz:SNDK,A,Close Long,1459.3,0.104,0.013112,0.4472,13.391,0800
1788145689298,xyz:SNDK,A,Close Long,1459.3,0.165,0.020803,0.7095,13.287,0800
1788145689298,xyz:SNDK,A,Close Long,1459.3,0.165,0.020803,0.7095,13.122,0800
1788145689298,xyz:SNDK,A,Close Long,1459.3,0.861,0.108557,3.7023,12.957,0800
1788183673312,xyz:SNDK,A,Close Long,1521.7,3.969,0.521823,264.7323,12.096,0797
1788183673312,xyz:SNDK,A,Close Long,1521.7,4.042,0.531421,269.6014,8.127,0797
1788183673312,xyz:SNDK,A,Close Long,1521.5,1.241,0.163138,82.5265,4.085,0797
1788183673312,xyz:SNDK,A,Close Long,1521.5,2.844,0.373865,189.126,2.844,0797
1788357467638,para:CRDO,B,Open Long,171.55,0.1,0.000494,0.0,0.0,0801
1788357468085,para:CRDO,B,Open Long,171.55,0.1,0.000494,0.0,0.1,0801
1788357468568,para:CRDO,B,Open Long,171.55,2.91,0.014377,0.0,0.2,0801
1788357470354,para:CRDO,B,Open Long,171.55,72.66,0.358986,0.0,3.11,0801
1788789638275,para:CRDO,A,Close Long,173.08,75.77,1.133073,115.9281,75.77,0802
1788795809627,CASHCAT,B,Open Long,0.1865,107238.0,2.879983,0.0,0.0,0803
1788837519480,CASHCAT,A,Close Long,0.19141,4216.0,0.348617,20.70056,107238.0,0804
1788837519480,CASHCAT,A,Close Long,0.19139,1306.0,0.10798,6.38634,103022.0,0804
1788837519480,CASHCAT,A,Close Long,0.1913,1000.0,0.082641,4.8,101716.0,0804
1788837519480,CASHCAT,A,Close Long,0.1913,3456.0,0.285609,16.5888,100716.0,0804
1788837519480,CASHCAT,A,Close Long,0.19129,3123.0,0.258076,14.95917,97260.0,0804
1788837519480,CASHCAT,A,Close Long,0.19125,1307.0,0.107984,6.20825,94137.0,0804
1788837519480,CASHCAT,A,Close Long,0.19121,500.0,0.041301,2.355,92830.0,0804
1788837519480,CASHCAT,A,Close Long,0.19119,4850.0,0.400581,22.7465,92330.0,0804
1788837519480,CASHCAT,A,Close Long,0.19117,1000.0,0.082585,4.67,87480.0,0804
1788837519480,CASHCAT,A,Close Long,0.19116,3123.0,0.2579,14.55318,86480.0,0804
1788837519480,CASHCAT,A,Close Long,0.19116,783.0,0.064661,3.64878,83357.0,0804
1788840523924,CASHCAT,A,Close Long,0.18944,500.0,0.040919,1.47,82574.0,0805
1788840523924,CASHCAT,A,Close Long,0.18944,53.0,0.004337,0.15582,82074.0,0805
1788840523924,CASHCAT,A,Close Long,0.18944,286.0,0.023405,0.84084,82021.0,0805
1788840523924,CASHCAT,A,Close Long,0.1894,1320.0,0.108003,3.828,81735.0,0805
1788840523924,CASHCAT,A,Close Long,0.18934,818.0,0.066908,2.32312,80415.0,0805
1788840523924,CASHCAT,A,Close Long,0.18928,1018.0,0.08324,2.83004,79597.0,0805
1788840523924,CASHCAT,A,Close Long,0.18925,230.0,0.018803,0.6325,78579.0,0805
1788840523924,CASHCAT,A,Close Long,0.18925,53.0,0.004333,0.14575,78349.0,0805
1788840523924,CASHCAT,A,Close Long,0.18924,1321.0,0.107993,3.61954,78296.0,0805
1788840523924,CASHCAT,A,Close Long,0.18922,3314.0,0.270896,9.01408,76975.0,0805
1788840523924,CASHCAT,A,Close Long,0.18921,917.0,0.074954,2.48507,73661.0,0805
1788840523924,CASHCAT,A,Close Long,0.18917,3638.0,0.297302,9.71346,72744.0,0805
1788840523924,CASHCAT,A,Close Long,0.18914,2221.0,0.181474,5.86344,69106.0,0805
1788888384472,CASHCAT,A,Close Long,0.18954,866.0,0.070909,2.63264,66885.0,0806
1788888384472,CASHCAT,A,Close Long,0.18954,915.0,0.074921,2.7816,66019.0,0806
1788888384472,CASHCAT,A,Close Long,0.1895,1555.0,0.127298,4.665,65104.0,0806
1788888384472,CASHCAT,A,Close Long,0.18945,821.0,0.067192,2.42195,63549.0,0806
1788888384472,CASHCAT,A,Close Long,0.18944,908.0,0.074308,2.66952,62728.0,0806
1788888384472,CASHCAT,A,Close Long,0.18941,3958.0,0.323863,11.51778,61820.0,0806
1788888384472,CASHCAT,A,Close Long,0.18941,3554.0,0.290806,10.34214,57862.0,0806
1788888384472,CASHCAT,A,Close Long,0.18932,21319.0,1.7436,60.11958,54308.0,0806
1788888384472,CASHCAT,A,Close Long,0.18931,3947.0,0.322793,11.09107,32989.0,0806
1788888384472,CASHCAT,A,Close Long,0.1893,3529.0,0.288593,9.8812,29042.0,0806
1788888384472,CASHCAT,A,Close Long,0.1893,3807.0,0.311327,10.6596,25513.0,0806
1788888384472,CASHCAT,A,Close Long,0.18927,760.0,0.062141,2.1052,21706.0,0806
1788888384472,CASHCAT,A,Close Long,0.18923,3688.0,0.301484,10.06824,20946.0,0806
1788888384472,CASHCAT,A,Close Long,0.18922,3947.0,0.322639,10.73584,17258.0,0806
1788888384472,CASHCAT,A,Close Long,0.18922,1321.0,0.107982,3.59312,13311.0,0806
1788888384472,CASHCAT,A,Close Long,0.18915,1321.0,0.107942,3.50065,11990.0,0806
1788888384472,CASHCAT,A,Close Long,0.18914,3947.0,0.322503,10.42008,10669.0,0806
1788888384472,CASHCAT,A,Close Long,0.18907,94.0,0.007677,0.24158,6722.0,0806
1788888384472,CASHCAT,A,Close Long,0.18907,4653.0,0.380048,11.95821,6628.0,0806
1788888384472,CASHCAT,A,Close Long,0.18906,70.0,0.005717,0.1792,1975.0,0806
1788888384472,CASHCAT,A,Close Long,0.18906,943.0,0.077018,2.41408,1905.0,0806
1788888384472,CASHCAT,A,Close Long,0.18906,943.0,0.077018,2.41408,962.0,0806
1788888384472,CASHCAT,A,Close Long,0.18906,19.0,0.001551,0.04864,19.0,0806
1788889678707,VVV,B,Open Long,22.45,13.92,0.045,0.0,0.0,0807
1788889678907,VVV,B,Open Long,22.45,22.15,0.071606,0.0,13.92,0807
1788889679578,VVV,B,Open Long,22.45,8.0,0.025862,0.0,36.07,0807
1788889679578,VVV,B,Open Long,22.45,8.0,0.025862,0.0,44.07,0807
1788889679578,VVV,B,Open Long,22.45,8.0,0.025862,0.0,52.07,0807
1788889679662,VVV,B,Open Long,22.45,3.32,0.010732,0.0,60.07,0807
1788889679923,VVV,B,Open Long,22.45,1.68,0.005431,0.0,63.39,0807
1788889679923,VVV,B,Open Long,22.45,2.79,0.009019,0.0,65.07,0807
1788889679983,VVV,B,Open Long,22.45,8.0,0.025862,0.0,67.86,0807
1788889682208,VVV,B,Open Long,22.45,44.89,0.14512,0.0,75.86,0807
1788889682208,VVV,B,Open Long,22.45,82.28,0.265994,0.0,120.75,0807
1788889682208,VVV,B,Open Long,22.45,82.28,0.265994,0.0,203.03,0807
1788889682409,VVV,B,Open Long,22.45,34.74,0.112307,0.0,285.31,0807
1788889682506,VVV,B,Open Long,22.45,34.74,0.112307,0.0,320.05,0807
1788889682506,VVV,B,Open Long,22.45,424.72,1.373034,0.0,354.79,0807
1788897547857,CASHCAT,B,Open Long,0.17155,20816.0,0.514221,0.0,0.0,0808
1788897549850,CASHCAT,B,Open Long,0.17155,7223.0,0.178431,0.0,20816.0,0808
1788897550722,CASHCAT,B,Open Long,0.17155,26257.0,0.648631,0.0,28039.0,0808
1788897559869,CASHCAT,B,Open Long,0.17155,33142.0,0.818713,0.0,54296.0,0808
1788910923926,VVV,A,Close Long,25.576,8.57,0.094688,26.78982,779.51,0809
1788910923926,VVV,A,Close Long,25.573,6.67,0.073687,20.83041,770.94,0809
1788910923926,VVV,A,Close Long,25.571,312.85,3.455951,976.40485,764.27,0809
1788910923926,VVV,A,Close Long,25.57,77.69,0.858182,242.3928,451.42,0809
1788910926342,VVV,A,Close Long,25.574,15.64,0.17279,48.85936,373.73,0810
1788910926342,VVV,A,Close Long,25.572,15.64,0.172776,48.82808,358.09,0810
1788910926342,VVV,A,Close Long,25.569,6.59,0.072791,20.55421,342.45,0810
1788910926342,VVV,A,Close Long,25.567,17.7,0.195495,55.1709,335.86,0810
1788910926342,VVV,A,Close Long,25.566,22.72,0.250931,70.79552,318.16,0810
1788910926342,VVV,A,Close Long,25.565,13.93,0.153844,43.39195,295.44,0810
1788910926342,VVV,A,Close Long,25.562,281.51,3.108654,876.05912,281.51,0810
1788979585745,PONS,B,Open Long,0.655,7633.0,0.719944,0.0,0.0,0812
1788984421876,PONS,A,Close Long,0.65177,36.0,0.010136,-0.11628,7633.0,0813
1788984421876,PONS,A,Close Long,0.65175,3705.0,1.043164,-12.04125,7597.0,0813
1788984974936,CASHCAT,A,Close Long,0.16723,598.0,0.043201,-2.58336,87438.0,0814
1788984974936,CASHCAT,A,Close Long,0.16716,545.0,0.039356,-2.39255,86840.0,0814
1788984974936,CASHCAT,A,Close Long,0.16705,171.0,0.01234,-0.7695,86295.0,0814
1788984974936,CASHCAT,A,Close Long,0.16703,171.0,0.012338,-0.77292,86124.0,0814
1788984974936,CASHCAT,A,Close Long,0.16701,171.0,0.012337,-0.77634,85953.0,0814
1788984974936,CASHCAT,A,Close Long,0.167,171.0,0.012336,-0.77805,85782.0,0814
1788984974936,CASHCAT,A,Close Long,0.16699,63.0,0.004544,-0.28728,85611.0,0814
1788984974936,CASHCAT,A,Close Long,0.16699,900.0,0.064925,-4.104,85548.0,0814
1788984974936,CASHCAT,A,Close Long,0.16697,171.0,0.012334,-0.78318,84648.0,0814
1788984974936,CASHCAT,A,Close Long,0.16695,171.0,0.012332,-0.7866,84477.0,0814
1788984974936,CASHCAT,A,Close Long,0.16693,171.0,0.012331,-0.79002,84306.0,0814
1788984974936,CASHCAT,A,Close Long,0.16691,171.0,0.012329,-0.79344,84135.0,0814
1788984974936,CASHCAT,A,Close Long,0.16689,171.0,0.012328,-0.79686,83964.0,0814
1788984974936,CASHCAT,A,Close Long,0.16687,171.0,0.012327,-0.80028,83793.0,0814
1788984974936,CASHCAT,A,Close Long,0.16685,171.0,0.012325,-0.8037,83622.0,0814
1788984974936,CASHCAT,A,Close Long,0.16683,171.0,0.012324,-0.80712,83451.0,0814
1788984974936,CASHCAT,A,Close Long,0.16682,63.0,0.00454,-0.29799,83280.0,0814
1788984974936,CASHCAT,A,Close Long,0.16682,900.0,0.064859,-4.257,83217.0,0814
1788984974936,CASHCAT,A,Close Long,0.16681,171.0,0.012322,-0.81054,82317.0,0814
1788984974936,CASHCAT,A,Close Long,0.1668,4008.0,0.288806,-19.038,82146.0,0814
1788984974936,CASHCAT,A,Close Long,0.1668,171.0,0.012321,-0.81225,78138.0,0814
1788984974936,CASHCAT,A,Close Long,0.16679,4008.0,0.288789,-19.07808,77967.0,0814
1788984974936,CASHCAT,A,Close Long,0.16677,171.0,0.012319,-0.81738,73959.0,0814
1788984974936,CASHCAT,A,Close Long,0.16675,171.0,0.012318,-0.8208,73788.0,0814
1788984974936,CASHCAT,A,Close Long,0.16673,171.0,0.012316,-0.82422,73617.0,0814
1788984974936,CASHCAT,A,Close Long,0.16672,4008.0,0.288668,-19.35864,73446.0,0814
1788984974936,CASHCAT,A,Close Long,0.16672,2985.0,0.214988,-14.41755,69438.0,0814
1788984983705,CASHCAT,A,Close Long,0.16653,148.0,0.010647,-0.74296,66453.0,0815
1788984983705,CASHCAT,A,Close Long,0.16651,148.0,0.010645,-0.74592,66305.0,0815
1788984983705,CASHCAT,A,Close Long,0.16649,150.0,0.010788,-0.759,66157.0,0815
1788984983705,CASHCAT,A,Close Long,0.16648,693.0,0.04984,-3.51351,66007.0,0815
1788984983705,CASHCAT,A,Close Long,0.16648,2924.0,0.210292,-14.82468,65314.0,0815
1788984983705,CASHCAT,A,Close Long,0.16647,150.0,0.010787,-0.762,62390.0,0815
1788984983705,CASHCAT,A,Close Long,0.16645,150.0,0.010785,-0.765,62240.0,0815
1788984983705,CASHCAT,A,Close Long,0.16643,150.0,0.010784,-0.768,62090.0,0815
1788984983705,CASHCAT,A,Close Long,0.16641,150.0,0.010783,-0.771,61940.0,0815
1788984983705,CASHCAT,A,Close Long,0.16639,150.0,0.010782,-0.774,61790.0,0815
1788984983705,CASHCAT,A,Close Long,0.16637,150.0,0.01078,-0.777,61640.0,0815
1788984983705,CASHCAT,A,Close Long,0.16635,150.0,0.010779,-0.78,61490.0,0815
1788984983705,CASHCAT,A,Close Long,0.16633,150.0,0.010778,-0.783,61340.0,0815
1788984983705,CASHCAT,A,Close Long,0.16632,150.0,0.010777,-0.7845,61190.0,0815
1788984983705,CASHCAT,A,Close Long,0.16631,900.0,0.064661,-4.716,61040.0,0815
1788984983705,CASHCAT,A,Close Long,0.16631,63.0,0.004526,-0.33012,60140.0,0815
1788984983705,CASHCAT,A,Close Long,0.1663,148.0,0.010632,-0.777,60077.0,0815
1788984983705,CASHCAT,A,Close Long,0.16629,121.0,0.008692,-0.63646,59929.0,0815
1788987552901,PONS,A,Close Long,0.65355,3892.0,1.098842,-5.6434,3892.0,0816
1789009785663,CASHCAT,A,Close Long,0.17214,5813.0,0.43228,3.42967,59808.0,0817
1789009785663,CASHCAT,A,Close Long,0.17187,59.0,0.00438,0.01888,53995.0,0817
1789009785663,CASHCAT,A,Close Long,0.17184,417.0,0.030955,0.12093,53936.0,0817
1789009785663,CASHCAT,A,Close Long,0.17183,580.0,0.043053,0.1624,53519.0,0817
1789009785663,CASHCAT,A,Close Long,0.17178,23444.0,1.739754,5.39212,52939.0,0817
1789009785663,CASHCAT,A,Close Long,0.17176,417.0,0.030941,0.08757,29495.0,0817
1789009785663,CASHCAT,A,Close Long,0.17175,1590.0,0.117971,0.318,29078.0,0817
1789009785663,CASHCAT,A,Close Long,0.1717,417.0,0.03093,0.06255,27488.0,0817
1789009785663,CASHCAT,A,Close Long,0.17169,4067.0,0.301649,0.56938,27071.0,0817
1789009785663,CASHCAT,A,Close Long,0.17168,1590.0,0.117923,0.2067,23004.0,0817
1789009785663,CASHCAT,A,Close Long,0.17168,1456.0,0.107985,0.18928,21414.0,0817
1789009785663,CASHCAT,A,Close Long,0.17167,900.0,0.066745,0.108,19958.0,0817
1789009785663,CASHCAT,A,Close Long,0.17167,63.0,0.004672,0.00756,19058.0,0817
1789009785663,CASHCAT,A,Close Long,0.17165,2000.0,0.148305,0.2,18995.0,0817
1789009785663,CASHCAT,A,Close Long,0.17161,4067.0,0.301509,0.24402,16995.0,0817
1789009785663,CASHCAT,A,Close Long,0.17158,1590.0,0.117854,0.0477,12928.0,0817
1789009785663,CASHCAT,A,Close Long,0.17156,7205.0,0.53399,0.07205,11338.0,0817
1789009785663,CASHCAT,A,Close Long,0.17154,4067.0,0.301386,-0.04067,4133.0,0817
1789009785663,CASHCAT,A,Close Long,0.17154,66.0,0.00489,-0.00066,66.0,0817
1789034190407,PONS,B,Open Long,0.555,8259.0,0.660059,0.0,0.0,0818
1789034190407,PONS,B,Open Long,0.555,2462.0,0.196763,0.0,8259.0,0818
1789034190407,PONS,B,Open Long,0.555,810.0,0.064735,0.0,10721.0,0818
1789034190407,PONS,B,Open Long,0.555,1802.0,0.144015,0.0,11531.0,0818
1789034190407,PONS,B,Open Long,0.555,1764.0,0.140978,0.0,13333.0,0818
1789034190607,PONS,B,Open Long,0.555,959.0,0.076643,0.0,15097.0,0818
1789034190607,PONS,B,Open Long,0.555,360.0,0.028771,0.0,16056.0,0818
1789034190607,PONS,B,Open Long,0.555,90.0,0.007192,0.0,16416.0,0818
1789034190607,PONS,B,Open Long,0.555,70.0,0.005594,0.0,16506.0,0818
1789034190607,PONS,B,Open Long,0.555,6640.0,0.530668,0.0,16576.0,0818
1789034190607,PONS,B,Open Long,0.555,191.0,0.015264,0.0,23216.0,0818
1789034190607,PONS,B,Open Long,0.555,70.0,0.005594,0.0,23407.0,0818
1789034190607,PONS,B,Open Long,0.555,2132.0,0.170389,0.0,23477.0,0818
1789034190607,PONS,B,Open Long,0.555,1418.0,0.113326,0.0,25609.0,0818
1789043851369,PONS,A,Close Long,0.55714,27027.0,6.504979,57.83778,27027.0,0819
1789057108120,@272,B,Buy,1136.0,8.8028,0.003380275,0.0,0.0,0820
1789076651449,xyz:UNITREE,B,Open Long,71.55,7.46,0.015372,0.0,0.0,0811
1789076652857,xyz:UNITREE,B,Open Long,71.55,1.18,0.002431,0.0,7.46,0811
1789076655084,xyz:UNITREE,B,Open Long,71.55,2.83,0.005831,0.0,8.64,0811
1789076655202,xyz:UNITREE,B,Open Long,71.55,2.83,0.005831,0.0,11.47,0811
1789076768188,xyz:UNITREE,B,Open Long,71.55,1.98,0.00408,0.0,14.3,0811
1789085475803,xyz:UNITREE,B,Open Long,71.55,3.69,0.007603,0.0,16.28,0811
1789085475803,xyz:UNITREE,B,Open Long,71.55,3.69,0.007603,0.0,19.97,0811
1789085475803,xyz:UNITREE,B,Open Long,71.55,1.84,0.003791,0.0,23.66,0811
1789085475876,xyz:UNITREE,B,Open Long,71.55,0.4,0.000824,0.0,25.5,0811
1789085475876,xyz:UNITREE,B,Open Long,71.55,3.69,0.007603,0.0,25.9,0811
1789085475876,xyz:UNITREE,B,Open Long,71.55,3.69,0.007603,0.0,29.59,0811
1789130043378,@272,A,Sell,1138.8,0.4703,0.35990817,1.11160506,8.799419725,0821
1789130043378,@272,A,Sell,1138.8,0.4703,0.35990817,1.11160506,8.329119725,0821
1789130043378,@272,A,Sell,1138.5,0.3882,0.29700095,0.80109281,7.858819725,0821
1789130043378,@272,A,Sell,1138.3,1.8,1.37688768,3.35449522,7.470619725,0821
1789130043378,@272,A,Sell,1138.1,0.0886,0.06776156,0.14739571,5.670619725,0821
1789130043378,@272,A,Sell,1137.8,0.4339,0.33176063,0.59166971,5.582019725,0821
1789130043378,@272,A,Sell,1137.7,5.135,3.92588414,6.48862943,5.148119725,0821
1789406318254,PONS,B,Open Long,0.625,14346.0,1.291139,0.0,0.0,0823
1789411304589,PONS,B,Open Long,0.625,1654.0,0.148859,0.0,14346.0,0823
1789412836986,PONS,A,Close Long,0.62668,102.0,0.027614,0.17136,16000.0,0824
1789412836986,PONS,A,Close Long,0.62668,94.0,0.025448,0.15792,15898.0,0824
1789412836986,PONS,A,Close Long,0.62663,116.0,0.031401,0.18908,15804.0,0824
1789412836986,PONS,A,Close Long,0.62658,100.0,0.027068,0.158,15688.0,0824
1789412836986,PONS,A,Close Long,0.62653,115.0,0.031126,0.17595,15588.0,0824
1789412836986,PONS,A,Close Long,0.62653,1154.0,0.312342,1.76562,15473.0,0824
1789412836986,PONS,A,Close Long,0.6265,883.0,0.238982,1.3245,14319.0,0824
1789412836986,PONS,A,Close Long,0.62648,117.0,0.031664,0.17316,13436.0,0824
1789412836986,PONS,A,Close Long,0.62648,875.0,0.236809,1.295,13319.0,0824
1789412836986,PONS,A,Close Long,0.62643,116.0,0.031391,0.16588,12444.0,0824
1789412836986,PONS,A,Close Long,0.62638,116.0,0.031389,0.16008,12328.0,0824
1789412836986,PONS,A,Close Long,0.62638,31.0,0.008388,0.04278,12212.0,0824
1789412836986,PONS,A,Close Long,0.62634,500.0,0.135289,0.67,12181.0,0824
1789412836986,PONS,A,Close Long,0.62633,116.0,0.031386,0.15428,11681.0,0824
1789412836986,PONS,A,Close Long,0.62628,116.0,0.031384,0.14848,11565.0,0824
1789412836986,PONS,A,Close Long,0.62623,116.0,0.031381,0.14268,11449.0,0824
1789412836986,PONS,A,Close Long,0.62618,116.0,0.031379,0.13688,11333.0,0824
1789412836986,PONS,A,Close Long,0.62618,500.0,0.135254,0.59,11217.0,0824
1789412836986,PONS,A,Close Long,0.62617,116.0,0.031378,0.13572,10717.0,0824
1789412836986,PONS,A,Close Long,0.62616,1114.0,0.301338,1.29224,10601.0,0824
1789412836986,PONS,A,Close Long,0.62616,1590.0,0.430096,1.8444,9487.0,0824
1789412836986,PONS,A,Close Long,0.6261,116.0,0.031375,0.1276,7897.0,0824
1789412836986,PONS,A,Close Long,0.62606,116.0,0.031373,0.12296,7781.0,0824
1789412836986,PONS,A,Close Long,0.626,116.0,0.03137,0.116,7665.0,0824
1789412836986,PONS,A,Close Long,0.62596,116.0,0.031368,0.11136,7549.0,0824
1789412836986,PONS,A,Close Long,0.62595,1234.0,0.333686,1.1723,7433.0,0824
1789412836986,PONS,A,Close Long,0.62594,883.0,0.238768,0.83002,6199.0,0824
1789412836986,PONS,A,Close Long,0.62594,140.0,0.037856,0.1316,5316.0,0824
1789412836986,PONS,A,Close Long,0.62594,155.0,0.041912,0.1457,5176.0,0824
1789412836986,PONS,A,Close Long,0.62592,3198.0,0.864731,2.94216,5021.0,0824
1789412836986,PONS,A,Close Long,0.62591,116.0,0.031365,0.10556,1823.0,0824
1789412836986,PONS,A,Close Long,0.6259,850.0,0.22983,0.765,1707.0,0824
1789412836986,PONS,A,Close Long,0.62585,116.0,0.031362,0.0986,857.0,0824
1789412836986,PONS,A,Close Long,0.62583,80.0,0.021628,0.0664,741.0,0824
1789412836986,PONS,A,Close Long,0.62578,116.0,0.031359,0.09048,661.0,0824
1789412836986,PONS,A,Close Long,0.62577,545.0,0.147331,0.41965,545.0,0824
1789611926600,xyz:UNITREE,A,Close Long,71.06,33.28,0.204325,-16.3072,33.28,0822
1789652448525,PONS,B,Open Long,0.615,20325.0,1.799981,0.0,0.0,0825
1789658983608,PONS,A,Close Long,0.64505,688.0,0.191719,20.6744,20325.0,0826
1789658983608,PONS,A,Close Long,0.64504,3644.0,1.015427,109.46576,19637.0,0826
1789658983608,PONS,A,Close Long,0.64496,147.0,0.040957,4.40412,15993.0,0826
1789658983608,PONS,A,Close Long,0.64492,698.0,0.194466,20.88416,15846.0,0826
1789658983608,PONS,A,Close Long,0.6448,36.0,0.010027,1.0728,15148.0,0826
1789658983608,PONS,A,Close Long,0.64479,698.0,0.194427,20.79342,15112.0,0826
1789658983608,PONS,A,Close Long,0.64475,641.0,0.178539,19.06975,14414.0,0826
1789658983608,PONS,A,Close Long,0.64473,20.0,0.00557,0.5946,13773.0,0826
1789658983608,PONS,A,Close Long,0.64466,3590.0,0.99979,106.4794,13753.0,0826
1789658987766,PONS,A,Close Long,0.6451,925.0,0.257781,27.8425,10163.0,0827
1789658987766,PONS,A,Close Long,0.64476,617.0,0.171856,18.36192,9238.0,0827
1789658987766,PONS,A,Close Long,0.64468,4592.0,1.27888,136.29056,8621.0,0827
1789658987766,PONS,A,Close Long,0.64467,3020.0,0.841062,89.6034,4029.0,0827
1789658987766,PONS,A,Close Long,0.6446,658.0,0.183231,19.4768,1009.0,0827
1789658987766,PONS,A,Close Long,0.6446,351.0,0.097741,10.3896,351.0,0827
1789886531285,CASHCAT,B,Open Long,0.1665,93093.0,2.231997,0.0,0.0,0828
1789891131130,CASHCAT,B,Open Long,0.1525,24670.0,0.541753,0.0,93093.0,0829
1789891131332,CASHCAT,B,Open Long,0.1525,526.0,0.01155,0.0,117763.0,0829
1789891131530,CASHCAT,B,Open Long,0.1525,7590.0,0.166676,0.0,118289.0,0829
1789891425830,CASHCAT,A,Close Long,0.15338,2261.0,0.149814,-21.418453,125879.0,0830
1789891425830,CASHCAT,A,Close Long,0.15331,2261.0,0.149745,-21.576723,123618.0,0830
1789891425830,CASHCAT,A,Close Long,0.15326,1958.0,0.129635,-18.783094,121357.0,0830
1789891425830,CASHCAT,A,Close Long,0.1532,1958.0,0.129585,-18.900574,119399.0,0830
1789891425830,CASHCAT,A,Close Long,0.15319,972.0,0.064325,-9.392436,117441.0,0830
1789891425830,CASHCAT,A,Close Long,0.15316,1973.0,0.130543,-19.124289,116469.0,0830
1789891425830,CASHCAT,A,Close Long,0.15314,1958.0,0.129534,-19.018054,114496.0,0830
1789891425830,CASHCAT,A,Close Long,0.15309,2895.0,0.19146,-28.263885,112538.0,0830
1789891425830,CASHCAT,A,Close Long,0.15309,1973.0,0.130484,-19.262399,109643.0,0830
1789891425830,CASHCAT,A,Close Long,0.153,1957.0,0.129349,-19.282321,107670.0,0830
1789891425830,CASHCAT,A,Close Long,0.153,1957.0,0.129349,-19.282321,105713.0,0830
1789891425830,CASHCAT,A,Close Long,0.153,1973.0,0.130407,-19.439969,103756.0,0830
1789891425830,CASHCAT,A,Close Long,0.15297,1958.0,0.12939,-19.350914,101783.0,0830
1789891425830,CASHCAT,A,Close Long,0.15292,1973.0,0.130339,-19.597809,99825.0,0830
1789891425830,CASHCAT,A,Close Long,0.15291,1958.0,0.129339,-19.468394,97852.0,0830
1789891425830,CASHCAT,A,Close Long,0.15285,1958.0,0.129289,-19.585874,95894.0,0830
1789891425830,CASHCAT,A,Close Long,0.15283,785.0,0.051827,-7.868055,93936.0,0830
1789915213279,CASHCAT,A,Close Long,0.166,2179.0,0.052086,6.857313,93151.0,0831
1789915213279,CASHCAT,A,Close Long,0.166,2179.0,0.052086,6.857313,90972.0,0831
1789915213279,CASHCAT,A,Close Long,0.166,5494.0,0.131328,17.289618,88793.0,0831
1789915213485,CASHCAT,A,Close Long,0.166,1624.0,0.03882,5.110728,83299.0,0831
1789915213485,CASHCAT,A,Close Long,0.166,2193.0,0.052421,6.901371,81675.0,0831
1789915213485,CASHCAT,A,Close Long,0.166,1624.0,0.03882,5.110728,79482.0,0831
1789915213887,CASHCAT,A,Close Long,0.166,1624.0,0.03882,5.110728,77858.0,0831
1789915214213,CASHCAT,A,Close Long,0.166,2197.0,0.052517,6.913959,76234.0,0831
1789915214213,CASHCAT,A,Close Long,0.166,2197.0,0.052517,6.913959,74037.0,0831
1789915214287,CASHCAT,A,Close Long,0.166,1624.0,0.03882,5.110728,71840.0,0831
1789915214874,CASHCAT,A,Close Long,0.166,92.0,0.002199,0.289524,70216.0,0831
1789915215157,CASHCAT,A,Close Long,0.166,185.0,0.004422,0.582195,70124.0,0831
1789915215361,CASHCAT,A,Close Long,0.166,27477.0,0.65681,86.470119,69939.0,0831
1789915220461,CASHCAT,A,Close Long,0.166,21557.0,0.515298,67.839879,42462.0,0831
1789915232417,CASHCAT,A,Close Long,0.166,2014.0,0.048142,6.338058,20905.0,0831
1789915242930,CASHCAT,A,Close Long,0.166,1795.0,0.042907,5.648865,18891.0,0831
1789915242994,CASHCAT,A,Close Long,0.166,1121.0,0.026796,3.527787,17096.0,0831
1789915243198,CASHCAT,A,Close Long,0.166,2130.0,0.050915,6.70311,15975.0,0831
1789915243198,CASHCAT,A,Close Long,0.166,2926.0,0.069943,9.208122,13845.0,0831
1789915244019,CASHCAT,A,Close Long,0.166,6140.0,0.14677,19.32258,10919.0,0831
1789915245228,CASHCAT,A,Close Long,0.166,1554.0,0.037146,4.890438,4779.0,0831
1789915245823,CASHCAT,A,Close Long,0.166,1452.0,0.034708,4.569444,3225.0,0831
1789915246691,CASHCAT,A,Close Long,0.166,1577.0,0.037696,4.962819,1773.0,0831
1789915246691,CASHCAT,A,Close Long,0.166,196.0,0.004685,0.616812,196.0,0831
1790009893054,VVV,B,Open Long,30.35,22.83,0.099776,0.0,0.0,0832
1790009895450,VVV,B,Open Long,30.35,51.55,0.225294,0.0,22.83,0832
1790009895450,VVV,B,Open Long,30.35,38.67,0.169003,0.0,74.38,0832
1790009899022,VVV,B,Open Long,30.35,16.94,0.074034,0.0,113.05,0832
1790009899022,VVV,B,Open Long,30.35,7.53,0.032909,0.0,129.99,0832
1790009899151,VVV,B,Open Long,30.35,3.29,0.014378,0.0,137.52,0832
1790009899151,VVV,B,Open Long,30.35,13.47,0.058869,0.0,140.81,0832
1790009899358,VVV,B,Open Long,30.35,3.29,0.014378,0.0,154.28,0832
1790009899358,VVV,B,Open Long,30.35,34.99,0.15292,0.0,157.57,0832
1790009899693,VVV,B,Open Long,30.35,3.29,0.014378,0.0,192.56,0832
1790009899693,VVV,B,Open Long,30.35,17.3,0.075607,0.0,195.85,0832
1790009899757,VVV,B,Open Long,30.35,12.5,0.054629,0.0,213.15,0832
1790009899891,VVV,B,Open Long,30.35,3.29,0.014378,0.0,225.65,0832
1790009900359,VVV,B,Open Long,30.35,5.63,0.024605,0.0,228.94,0832
1790009900428,VVV,B,Open Long,30.35,6.04,0.026397,0.0,234.57,0832
1790009900561,VVV,B,Open Long,30.35,50.03,0.218651,0.0,240.61,0832
1790009900561,VVV,B,Open Long,30.35,22.22,0.09711,0.0,290.64,0832
1790009900561,VVV,B,Open Long,30.35,4.51,0.01971,0.0,312.86,0832
1790009901368,VVV,B,Open Long,30.35,22.52,0.098421,0.0,317.37,0832
1790009901368,VVV,B,Open Long,30.35,34.99,0.15292,0.0,339.89,0832
1790009901368,VVV,B,Open Long,30.35,34.99,0.15292,0.0,374.88,0832
1790009902928,VVV,B,Open Long,30.35,6.54,0.028582,0.0,409.87,0832
1790009902928,VVV,B,Open Long,30.35,6.54,0.028582,0.0,416.41,0832
1790009902928,VVV,B,Open Long,30.35,31.42,0.137317,0.0,422.95,0832
1790009902928,VVV,B,Open Long,30.35,54.66,0.238886,0.0,454.37,0832
1790009902928,VVV,B,Open Long,30.35,51.1,0.223327,0.0,509.03,0832
1790029026174,VVV,A,Close Long,32.869,6.38,0.090592,16.07122,560.13,0833
1790029026174,VVV,A,Close Long,32.868,34.43,0.48887,86.69474,553.75,0833
1790029026174,VVV,A,Close Long,32.866,43.04,0.611086,108.28864,519.32,0833
1790029026174,VVV,A,Close Long,32.855,10.0,0.141933,25.05,476.28,0833
1790029026174,VVV,A,Close Long,32.854,57.38,0.81439,143.67952,466.28,0833
1790029040035,VVV,A,Close Long,32.85,21.98,0.103974,54.95,408.9,0833
1790029040035,VVV,A,Close Long,32.85,55.07,0.260503,137.675,386.92,0833
1790029040035,VVV,A,Close Long,32.85,28.67,0.13562,71.675,331.85,0833
1790029040035,VVV,A,Close Long,32.85,18.92,0.089499,47.3,303.18,0833
1790029040583,VVV,A,Close Long,32.85,24.03,0.113671,60.075,284.26,0833
1790029040717,VVV,A,Close Long,32.85,41.57,0.196642,103.925,260.23,0833
1790029040785,VVV,A,Close Long,32.85,6.86,0.03245,17.15,218.66,0833
1790029040785,VVV,A,Close Long,32.85,6.91,0.032687,17.275,211.8,0833
1790029040987,VVV,A,Close Long,32.85,10.85,0.051324,27.125,204.89,0833
1790029041185,VVV,A,Close Long,32.85,16.21,0.076679,40.525,194.04,0833
1790029041656,VVV,A,Close Long,32.85,15.08,0.071334,37.7,177.83,0833
1790029042477,VVV,A,Close Long,32.85,4.63,0.021901,11.575,162.75,0833
1790029042603,VVV,A,Close Long,32.85,5.47,0.025875,13.675,158.12,0833
1790029042876,VVV,A,Close Long,32.85,11.59,0.054825,28.975,152.65,0833
1790029043489,VVV,A,Close Long,32.85,18.83,0.089073,47.075,141.06,0833
1790029049660,VVV,A,Close Long,32.85,2.8,0.013245,7.0,122.23,0833
1790029052074,VVV,A,Close Long,32.85,3.39,0.016036,8.475,119.43,0833
1790029058289,VVV,A,Close Long,32.85,2.78,0.01315,6.95,116.04,0833
1790029058289,VVV,A,Close Long,32.85,2.78,0.01315,6.95,113.26,0833
1790029058289,VVV,A,Close Long,32.85,2.78,0.01315,6.95,110.48,0833
1790029058289,VVV,A,Close Long,32.85,2.78,0.01315,6.95,107.7,0833
1790029058289,VVV,A,Close Long,32.85,2.78,0.01315,6.95,104.92,0833
1790029058289,VVV,A,Close Long,32.85,2.78,0.01315,6.95,102.14,0833
1790029058289,VVV,A,Close Long,32.85,2.78,0.01315,6.95,99.36,0833
1790029058289,VVV,A,Close Long,32.85,2.78,0.01315,6.95,96.58,0833
1790029058289,VVV,A,Close Long,32.85,2.78,0.01315,6.95,93.8,0833
1790029058289,VVV,A,Close Long,32.85,2.78,0.01315,6.95,91.02,0833
1790029058289,VVV,A,Close Long,32.85,2.78,0.01315,6.95,88.24,0833
1790029058289,VVV,A,Close Long,32.85,8.8,0.041627,22.0,85.46,0833
1790029058289,VVV,A,Close Long,32.85,60.53,0.286331,151.325,76.66,0833
1790029058289,VVV,A,Close Long,32.85,16.13,0.076301,40.325,16.13,0833
1790087631772,PONS,B,Open Long,0.605,20661.0,1.799986,0.0,0.0,0834
1790104561848,PONS,A,Close Long,0.6742,3437.0,1.001041,237.8404,20661.0,0835
1790104561848,PONS,A,Close Long,0.6742,6130.0,1.785389,424.196,17224.0,0835
1790104561848,PONS,A,Close Long,0.67413,625.0,0.182015,43.20625,11094.0,0835
1790104561848,PONS,A,Close Long,0.67413,1120.0,0.326171,77.4256,10469.0,0835
1790104561848,PONS,A,Close Long,0.67413,1120.0,0.326171,77.4256,9349.0,0835
1790104561848,PONS,A,Close Long,0.67413,558.0,0.162503,38.57454,8229.0,0835
1790104561848,PONS,A,Close Long,0.67412,1120.0,0.326166,77.4144,7671.0,0835
1790104561848,PONS,A,Close Long,0.67412,1120.0,0.326166,77.4144,6551.0,0835
1790104561848,PONS,A,Close Long,0.67412,1120.0,0.326166,77.4144,5431.0,0835
1790104561848,PONS,A,Close Long,0.67412,1120.0,0.326166,77.4144,4311.0,0835
1790104561848,PONS,A,Close Long,0.67411,1120.0,0.326161,77.4032,3191.0,0835
1790104561848,PONS,A,Close Long,0.67411,1120.0,0.326161,77.4032,2071.0,0835
1790104561848,PONS,A,Close Long,0.67411,951.0,0.276945,65.72361,951.0,0835
1790172790087,BTC,B,Open Long,84350.0,0.82,9.960047,0.0,0.0,0836
1790174076017,BTC,A,Close Long,84379.0,0.29046,10.587768,8.42334,0.82,0837
1790174076017,BTC,A,Close Long,84373.0,0.001,0.036449,0.023,0.52954,0837
1790174076017,BTC,A,Close Long,84373.0,0.025,0.911228,0.575,0.52854,0837
1790174076017,BTC,A,Close Long,84373.0,0.08896,3.242515,2.04608,0.50354,0837
1790174076017,BTC,A,Close Long,84373.0,0.01261,0.459623,0.29003,0.41458,0837
1790174078790,BTC,A,Close Long,84385.0,0.114,4.155792,3.99,0.40197,0838
1790174078790,BTC,A,Close Long,84385.0,0.01,0.364543,0.35,0.28797,0838
1790174078790,BTC,A,Close Long,84385.0,0.01,0.364543,0.35,0.27797,0838
1790174078790,BTC,A,Close Long,84385.0,0.099,3.608977,3.465,0.26797,0838
1790174078790,BTC,A,Close Long,84384.0,0.01,0.364538,0.34,0.16897,0838
1790174078790,BTC,A,Close Long,84384.0,0.114,4.155743,3.876,0.15897,0838
1790174078790,BTC,A,Close Long,84384.0,0.01,0.364538,0.34,0.04497,0838
1790174078790,BTC,A,Close Long,84384.0,0.00013,0.004739,0.00442,0.03497,0838
1790174078790,BTC,A,Close Long,84384.0,0.03484,1.270053,1.18456,0.03484,0838
1790179288786,BTC,B,Open Long,83650.0,0.67209,8.095727,0.0,0.0,0839
1790179288786,BTC,B,Open Long,83650.0,0.02791,0.336192,0.0,0.67209,0839
1790325615238,XPL,B,Open Long,0.12401,4839.0,0.259236,0.0,0.0,0840
1790325615238,XPL,B,Open Long,0.12403,4839.0,0.259278,0.0,4839.0,0840
1790325615238,XPL,B,Open Long,0.12403,3003.0,0.160903,0.0,9678.0,0840
1790325615238,XPL,B,Open Long,0.12404,4839.0,0.259299,0.0,12681.0,0840
1790325615238,XPL,B,Open Long,0.12404,3225.0,0.172812,0.0,17520.0,0840
1790325615238,XPL,B,Open Long,0.12404,16123.0,0.863955,0.0,20745.0,0840
1790325615238,XPL,B,Open Long,0.12405,2120.0,0.113609,0.0,36868.0,0840
1790325615238,XPL,B,Open Long,0.12407,4839.0,0.259361,0.0,38988.0,0840
1790325615238,XPL,B,Open Long,0.12407,3224.0,0.1728,0.0,43827.0,0840
1790325615238,XPL,B,Open Long,0.12409,2442.0,0.130908,0.0,47051.0,0840
1790325615238,XPL,B,Open Long,0.12411,3223.0,0.172802,0.0,49493.0,0840
1790325615238,XPL,B,Open Long,0.12413,3317.0,0.177871,0.0,52716.0,0840
1790325615238,XPL,B,Open Long,0.12413,9404.0,0.504281,0.0,56033.0,0840
1790325615238,XPL,B,Open Long,0.12414,11502.0,0.616834,0.0,65437.0,0840
1790325615238,XPL,B,Open Long,0.12414,5000.0,0.268142,0.0,76939.0,0840
1790325615238,XPL,B,Open Long,0.12415,402.0,0.02156,0.0,81939.0,0840
1790325615238,XPL,B,Open Long,0.12417,6432.0,0.345021,0.0,82341.0,0840
1790325615238,XPL,B,Open Long,0.12419,5000.0,0.26825,0.0,88773.0,0840
1790325615238,XPL,B,Open Long,0.1242,3221.0,0.17282,0.0,93773.0,0840
1790325615238,XPL,B,Open Long,0.12421,3112.0,0.166985,0.0,96994.0,0840
1790326607044,XPL,A,Close Long,0.119,697.0,0.035831,-3.553306,100106.0,0841
1790326607044,XPL,A,Close Long,0.11898,3362.0,0.172804,-17.206716,99409.0,0841
1790326607044,XPL,A,Close Long,0.11897,4091.0,0.210257,-20.978648,96047.0,0841
1790326607044,XPL,A,Close Long,0.11896,2341.0,0.120305,-12.028058,91956.0,0841
1790326607044,XPL,A,Close Long,0.11895,3363.0,0.172812,-17.312724,89615.0,0841
1790326607044,XPL,A,Close Long,0.11893,3363.0,0.172783,-17.379984,86252.0,0841
1790326607044,XPL,A,Close Long,0.11889,3364.0,0.172776,-17.519712,82889.0,0841
1790326607044,XPL,A,Close Long,0.11888,420.0,0.021569,-2.19156,79525.0,0841
1790326607044,XPL,A,Close Long,0.11885,4309.0,0.221237,-22.613632,79105.0,0841
1790326607044,XPL,A,Close Long,0.11884,9904.0,0.50846,-52.075232,74796.0,0841
1790326607044,XPL,A,Close Long,0.11884,5042.0,0.25885,-26.510836,64892.0,0841
1790326607044,XPL,A,Close Long,0.11881,4041.0,0.207408,-21.368808,59850.0,0841
1790326607044,XPL,A,Close Long,0.11878,6414.0,0.329121,-34.109652,55809.0,0841
1790326607044,XPL,A,Close Long,0.11877,1344.0,0.068958,-7.160832,49395.0,0841
1790326855013,XPL,A,Close Long,0.12074,2866.0,0.149489,-9.624028,48051.0,0842
1790326855013,XPL,A,Close Long,0.12069,45185.0,2.355859,-153.99048,45185.0,0842
1790345664140,BTC,A,Close Long,83548.0,0.07393,2.668335,-7.54086,0.7,0843
1790345664140,BTC,A,Close Long,83546.0,0.02513,0.906988,-2.61352,0.62607,0843
1790345664140,BTC,A,Close Long,83545.0,0.00231,0.083371,-0.24255,0.60094,0843
1790345664140,BTC,A,Close Long,83540.0,0.00077,0.027788,-0.0847,0.59863,0843
1790345664140,BTC,A,Close Long,83539.0,0.00238,0.085891,-0.26418,0.59786,0843
1790345664140,BTC,A,Close Long,83538.0,0.001,0.036088,-0.112,0.59548,0843
1790345664140,BTC,A,Close Long,83535.0,0.07446,2.687046,-8.5629,0.59448,0843
1790345664140,BTC,A,Close Long,83533.0,0.015,0.541293,-1.755,0.52002,0843
1790345664140,BTC,A,Close Long,83533.0,0.00245,0.088411,-0.28665,0.50502,0843
1790345664140,BTC,A,Close Long,83533.0,0.0375,1.353234,-4.3875,0.50257,0843
1790345664140,BTC,A,Close Long,83531.0,0.00049,0.017681,-0.05831,0.46507,0843
1790345664140,BTC,A,Close Long,83531.0,0.11219,4.04842,-13.35061,0.46458,0843
1790345664140,BTC,A,Close Long,83530.0,0.0002,0.007216,-0.024,0.35239,0843
1790345664140,BTC,A,Close Long,83530.0,0.00244,0.088047,-0.2928,0.35219,0843
1790345664140,BTC,A,Close Long,83529.0,0.00149,0.053765,-0.18029,0.34975,0843
1790345664140,BTC,A,Close Long,83529.0,0.02625,0.947218,-3.17625,0.34826,0843
1790346015717,BTC,A,Close Long,83633.0,0.00191,0.069007,-0.03247,0.32201,0844
1790346015717,BTC,A,Close Long,83630.0,0.08603,3.108105,-1.7206,0.3201,0844
1790346015717,BTC,A,Close Long,83629.0,0.11958,4.320153,-2.51118,0.23407,0844
1790346015717,BTC,A,Close Long,83629.0,0.09,3.251495,-1.89,0.11449,0844
1790346015717,BTC,A,Close Long,83628.0,0.02449,0.884757,-0.53878,0.02449,0844
1790516385804,XPL,B,Open Long,0.1075,18356.0,0.28415,0.0,0.0,0845
1790516385872,XPL,B,Open Long,0.1075,51411.0,0.795842,0.0,18356.0,0845
1790539460144,XPL,A,Close Long,0.10782,8753.0,0.407699,2.80096,69767.0,0847
1790539460144,XPL,A,Close Long,0.10778,3711.0,0.172787,1.03908,61014.0,0847
1790539460144,XPL,A,Close Long,0.10778,4618.0,0.215018,1.29304,57303.0,0847
1790539460144,XPL,A,Close Long,0.10777,18316.0,0.852731,4.94532,52685.0,0847
1790539460144,XPL,A,Close Long,0.10777,7764.0,0.361465,2.09628,34369.0,0847
1790539460144,XPL,A,Close Long,0.10774,3713.0,0.172816,0.89112,26605.0,0847
1790539460144,XPL,A,Close Long,0.10773,9821.0,0.457063,2.25883,22892.0,0847
1790539460144,XPL,A,Close Long,0.10772,3713.0,0.172784,0.81686,13071.0,0847
1790539460144,XPL,A,Close Long,0.10772,5000.0,0.232675,1.1,9358.0,0847
1790539460144,XPL,A,Close Long,0.10771,4358.0,0.20278,0.91518,4358.0,0847
1790558712063,xyz:SKHX,B,Open Long,1305.0,6.874,0.258352,0.0,0.0,0846
1790558714902,xyz:SKHX,B,Open Long,1305.0,12.283,0.461644,0.0,6.874,0846
1790612822766,xyz:SKHX,A,Close Long,1296.6,0.1,0.011202,-0.84,19.157,0849
1790612822766,xyz:SKHX,A,Close Long,1296.6,4.681,0.524394,-39.3204,19.057,0849
1790612822766,xyz:SKHX,A,Close Long,1296.4,0.1,0.0112,-0.86,14.376,0849
1790612822766,xyz:SKHX,A,Close Long,1296.4,1.08,0.120969,-9.288,14.276,0849
1790612822766,xyz:SKHX,A,Close Long,1296.4,3.671,0.411184,-31.5706,13.196,0849
1790612822766,xyz:SKHX,A,Close Long,1296.4,0.712,0.07975,-6.1232,9.525,0849
1790634619017,xyz:SKHX,A,Close Long,1292.8,0.617,0.068917,-7.5274,8.813,0850
1790634619017,xyz:SKHX,A,Close Long,1292.7,0.504,0.056291,-6.1992,8.196,0850
1790634619017,xyz:SKHX,A,Close Long,1292.7,1.062,0.118614,-13.0626,7.692,0850
1790634619017,xyz:SKHX,A,Close Long,1292.6,0.774,0.08644,-9.5976,6.63,0850
1790634619017,xyz:SKHX,A,Close Long,1292.6,1.449,0.161825,-17.9676,5.856,0850
1790640139682,xyz:SKHX,A,Close Long,1307.1,4.407,0.497697,9.2547,4.407,0848
1790848916475,ZEC,B,Open Long,1372.5,13.47,2.66221,0.0,0.0,0851
1790876848961,ZEC,B,Open Long,1365.0,1.09,0.21425,0.0,13.47,0852
1790926057575,ZEC,A,Close Long,1379.5,1.81,1.078658,13.686315,14.56,0854
1790950287539,ZEC,A,Close Long,1376.9,1.81,1.076625,8.980315,12.75,0855
1790964550712,ZEC,A,Close Long,1359.0,5.25,3.082212,-67.927125,10.94,0856
1790966398405,ZEC,B,Open Long,1286.5,4.66,0.863292,0.0,5.69,0853
1790966849887,ZEC,B,Open Long,1276.5,3.13,0.575344,0.0,10.35,0857
1791057748121,ZEC,A,Close Long,1326.4,1.88,1.077249,11.576664,13.48,0858
1791057820139,ZEC,A,Close Long,1325.0,0.06,0.034344,0.285468,11.6,0859
1791057820139,ZEC,A,Close Long,1324.9,0.31,0.17743,1.443918,11.54,0859
1791148910991,ZEC,A,Close Long,1329.6,0.14,0.080414,1.310092,11.23,0860
1791148910991,ZEC,A,Close Long,1329.6,1.73,0.993689,16.188994,11.09,0860
