time_ms,coin,side,dir,px,sz,fee,closedPnl,startPosition,oid
1747953223353,WIF,B,Open Long,1.1849,8439.0,3.999748,0.0,0.0,1541
1747953223353,WIF,B,Open Long,1.1849,1014.0,0.480595,0.0,8439.0,1541
1747953223353,WIF,B,Open Long,1.185,2531.0,1.199694,0.0,9453.0,1541
1747953223353,WIF,B,Open Long,1.185,8438.0,3.999612,0.0,11984.0,1541
1747953223353,WIF,B,Open Long,1.185,691.0,0.327534,0.0,20422.0,1541
1747954432985,MKR,A,Close Long,1729.4,0.3928,0.271723,-9.93784,14.2474,1535
1747954432985,MKR,A,Close Long,1729.4,0.3648,0.252354,-9.22944,13.8546,1535
1747954432985,MKR,A,Close Long,1729.0,0.824,0.569878,-21.1768,13.4898,1535
1747954432985,MKR,A,Close Long,1728.9,0.7519,0.519983,-19.39902,12.6658,1535
1747954432985,MKR,A,Close Long,1728.8,1.2651,0.874841,-32.76609,11.9139,1535
1747954432985,MKR,A,Close Long,1728.8,2.7114,1.874987,-70.22526,10.6488,1535
1747954432985,MKR,A,Close Long,1728.5,0.573,0.396172,-15.0126,7.9374,1535
1747954432985,MKR,A,Close Long,1728.5,0.8674,0.59972,-22.72588,7.3644,1535
1747954432985,MKR,A,Close Long,1728.3,0.8041,0.55589,-21.22824,6.497,1535
1747954432985,MKR,A,Close Long,1728.2,0.7352,0.508229,-19.4828,5.6929,1535
1747954432985,MKR,A,Close Long,1727.6,0.573,0.395965,-15.5283,4.9577,1535
1747954432985,MKR,A,Close Long,1727.6,0.7031,0.48587,-19.05401,4.3847,1535
1747954432985,MKR,A,Close Long,1727.2,0.759,0.524377,-20.8725,3.6816,1535
1747954432985,MKR,A,Close Long,1727.2,0.2888,0.199526,-7.942,2.9226,1535
1747954432985,MKR,A,Close Long,1726.9,0.8216,0.567528,-22.84048,2.6338,1535
1747954432985,MKR,A,Close Long,1726.8,1.8122,1.251722,-50.56038,1.8122,1535
1747958179279,FTT,A,Open Short,1.2574,15839.4,2.389975,0.0,0.0,1536
1747961314077,FTT,B,Close Short,1.2553,21.9,0.003298,0.04599,-15839.4,1542
1747961318956,FTT,B,Close Short,1.2553,15.0,0.002259,0.0315,-15817.5,1542
1747961332891,FTT,B,Close Short,1.257,16.2,0.008145,0.00648,-15802.5,1543
1747961332891,FTT,B,Close Short,1.2592,527.9,0.265892,-0.95022,-15786.3,1543
1747961332891,FTT,B,Close Short,1.2593,583.3,0.293819,-1.10827,-15258.4,1543
1747961332891,FTT,B,Close Short,1.261,999.0,0.503895,-3.5964,-14675.1,1543
1747961332891,FTT,B,Close Short,1.261,984.8,0.496733,-3.54528,-13676.1,1543
1747961332891,FTT,B,Close Short,1.2616,540.2,0.272606,-2.26884,-12691.3,1543
1747961332891,FTT,B,Close Short,1.2616,500.6,0.252622,-2.10252,-12151.1,1543
1747961332891,FTT,B,Close Short,1.2641,3939.2,1.991817,-26.39264,-11650.5,1543
1747961332891,FTT,B,Close Short,1.2651,516.6,0.26142,-3.97782,-7711.3,1543
1747961332891,FTT,B,Close Short,1.2662,605.6,0.306724,-5.32928,-7194.7,1543
1747961332891,FTT,B,Close Short,1.2712,545.0,0.277121,-7.521,-6589.1,1543
1747961332891,FTT,B,Close Short,1.2716,6044.1,3.074271,-85.82622,-6044.1,1543
1747963232739,MKR,B,Open Long,1759.6,2.8415,1.999961,0.0,0.0,1544
1747963232739,MKR,B,Open Long,1759.6,0.4313,0.303566,0.0,2.8415,1544
1747963232739,MKR,B,Open Long,1759.6,0.4374,0.307859,0.0,3.2728,1544
1747963232739,MKR,B,Open Long,1759.6,0.7352,0.517463,0.0,3.7102,1544
1747963232739,MKR,B,Open Long,1759.7,1.6411,1.155137,0.0,4.4454,1544
1747963232739,MKR,B,Open Long,1759.8,1.2785,0.899961,0.0,6.0865,1544
1747963232739,MKR,B,Open Long,1759.8,0.0647,0.045543,0.0,7.365,1544
1747963232739,MKR,B,Open Long,1759.8,0.1151,0.081021,0.0,7.4297,1544
1747963232739,MKR,B,Open Long,1760.5,1.278,0.899967,0.0,7.5448,1544
1747963232739,MKR,B,Open Long,1761.2,1.2775,0.899973,0.0,8.8228,1544
1747963232739,MKR,B,Open Long,1761.2,0.4024,0.283482,0.0,10.1003,1544
1747963232739,MKR,B,Open Long,1761.5,0.4281,0.301639,0.0,10.5027,1544
1747963232739,MKR,B,Open Long,1761.8,0.4083,0.287737,0.0,10.9308,1544
1747967740672,DOGE,B,Open Long,0.25315,7838.0,0.793675,0.0,0.0,1545
1747967740672,DOGE,B,Open Long,0.25319,758.0,0.076767,0.0,7838.0,1545
1747967740672,DOGE,B,Open Long,0.25319,606.0,0.061373,0.0,8596.0,1545
1747967740672,DOGE,B,Open Long,0.25323,15798.0,1.600211,0.0,9202.0,1545
1747968113933,DOGE,A,Close Long,0.25109,1991.0,0.199968,-4.204992,25000.0,1558
1747968113933,DOGE,A,Close Long,0.25106,23009.0,2.310655,-49.285278,23009.0,1558
1747978401804,IO,B,Open Long,1.115,228.7,0.0306,0.0,0.0,1537
1747978401872,IO,B,Open Long,1.115,1087.0,0.14544,0.0,228.7,1537
1747978401934,IO,B,Open Long,1.115,513.5,0.068706,0.0,1315.7,1537
1747978450305,IO,B,Open Long,1.1106,1930.8,0.257321,0.0,1829.2,1538
1747981392046,DOGE,B,Open Long,0.245,4675.0,0.137445,0.0,0.0,1546
1747981421944,DOGE,B,Open Long,0.24407,5008.0,0.146676,0.0,4675.0,1547
1747981504390,IO,B,Open Long,1.1061,190.6,0.025298,0.0,3760.0,1539
1747981504504,IO,B,Open Long,1.1061,513.7,0.068184,0.0,3950.6,1539
1747981504707,IO,B,Open Long,1.1061,528.4,0.070135,0.0,4464.3,1539
1747981513841,IO,B,Open Long,1.1061,649.8,0.086249,0.0,4992.7,1539
1747981515470,IO,B,Open Long,1.1061,126.3,0.016764,0.0,5642.5,1539
1747981518953,IO,B,Open Long,1.1061,23.6,0.003132,0.0,5768.8,1539
1747982960912,DOGE,B,Open Long,0.24314,5342.0,0.155862,0.0,9683.0,1548
1747983307290,IO,B,Open Long,1.1017,17.6,0.002326,0.0,5792.4,1540
1747983309398,IO,B,Open Long,1.1017,198.5,0.026242,0.0,5810.0,1540
1747983309398,IO,B,Open Long,1.1017,563.7,0.074523,0.0,6008.5,1540
1747983309597,IO,B,Open Long,1.1017,560.5,0.0741,0.0,6572.2,1540
1747983309597,IO,B,Open Long,1.1017,793.7,0.10493,0.0,7132.7,1540
1747999286250,DOGE,A,Close Long,0.24464,1711.0,0.167431,1.047132,15025.0,1559
1747999286250,DOGE,A,Close Long,0.24463,13314.0,1.302801,8.015028,13314.0,1559
1747999306590,MKR,A,Close Long,1727.1,0.2115,0.043833,-6.98373,11.3391,1560
1747999306590,MKR,A,Close Long,1727.1,0.3022,0.062631,-9.978644,11.1276,1560
1747999307398,MKR,A,Close Long,1727.1,0.0219,0.004538,-0.723138,10.8254,1560
1747999307398,MKR,A,Close Long,1727.1,2.8849,0.597901,-95.259398,10.8035,1560
1747999307600,kBONK,A,Close Long,0.024292,16285.0,0.158238,30.045825,785032.0,1561
1747999307600,kBONK,A,Close Long,0.024291,411726.0,4.000494,759.222744,768747.0,1561
1747999307600,kBONK,A,Close Long,0.024291,144086.0,1.399997,265.694584,357021.0,1561
1747999307600,kBONK,A,Close Long,0.024291,212935.0,2.068961,392.65214,212935.0,1561
1747999308003,MKR,A,Close Long,1727.1,7.9186,1.641145,-261.472172,7.9186,1560
1747999309220,WIF,A,Close Long,1.2354,500.0,0.24708,25.2225,21113.0,1562
1747999309220,WIF,A,Close Long,1.2353,1890.0,0.933886,95.15205,20613.0,1562
1747999309220,WIF,A,Close Long,1.2353,197.0,0.097341,9.917965,18723.0,1562
1747999309220,WIF,A,Close Long,1.2353,1327.0,0.655697,66.807815,18526.0,1562
1747999309220,WIF,A,Close Long,1.2351,424.0,0.209472,21.26148,17199.0,1562
1747999309220,WIF,A,Close Long,1.2351,497.0,0.245537,24.922065,16775.0,1562
1747999310534,IO,A,Close Long,1.1227,576.0,0.25867,8.43264,7926.4,1563
1747999310534,IO,A,Close Long,1.1227,680.0,0.305374,9.9552,7350.4,1563
1747999310534,IO,A,Close Long,1.1226,875.0,0.39291,12.7225,6670.4,1563
1747999310534,IO,A,Close Long,1.1223,1193.6,0.53583,16.996864,5795.4,1563
1747999310534,IO,A,Close Long,1.1223,1149.0,0.515809,16.36176,4601.8,1563
1747999310534,IO,A,Close Long,1.122,443.8,0.199177,6.186572,3452.8,1563
1747999310534,IO,A,Close Long,1.1219,1239.7,0.556327,17.157448,3009.0,1563
1747999311617,IO,A,Close Long,1.1219,663.5,0.089325,9.18284,1769.3,1563
1747999312046,IO,A,Close Long,1.1219,1105.8,0.148871,15.304272,1105.8,1563
1747999330415,WIF,A,Close Long,1.2338,1234.0,0.182701,60.27473,16278.0,1564
1747999330415,WIF,A,Close Long,1.2338,1376.0,0.203725,67.21072,15044.0,1564
1747999330547,WIF,A,Close Long,1.2338,217.0,0.032128,10.599365,13668.0,1564
1747999330612,WIF,A,Close Long,1.2338,1376.0,0.203725,67.21072,13451.0,1564
1747999330812,WIF,A,Close Long,1.2338,13.0,0.001924,0.634985,12075.0,1564
1747999331607,WIF,A,Close Long,1.2338,8105.0,1.199993,395.888725,12062.0,1564
1747999332169,WIF,A,Close Long,1.2338,2431.0,0.359924,118.742195,3957.0,1564
1747999332689,WIF,A,Close Long,1.2338,810.0,0.119925,39.56445,1526.0,1564
1747999346193,WIF,A,Close Long,1.2338,704.0,0.104231,34.38688,716.0,1564
1747999376305,WIF,A,Close Long,1.2351,12.0,0.001778,0.60174,12.0,1562
1748000753523,DOGE,B,Open Long,0.24221,5676.0,0.164974,0.0,0.0,1549
1748000784745,DOGE,B,Open Long,0.24129,6010.0,0.174018,0.0,5676.0,1550
1748000824512,DOGE,B,Open Long,0.24036,6344.0,0.182981,0.0,11686.0,1551
1748000885278,DOGE,B,Open Long,0.23943,6678.0,0.191869,0.0,18030.0,1552
1748000979594,DOGE,B,Open Long,0.2385,7012.0,0.200683,0.0,24708.0,1553
1748000986446,FTT,A,Open Short,1.2261,111.3,0.054585,0.0,0.0,1565
1748000986446,FTT,A,Open Short,1.2261,119.9,0.058803,0.0,-111.3,1565
1748000986446,FTT,A,Open Short,1.2246,1020.0,0.499636,0.0,-231.2,1565
1748000986446,FTT,A,Open Short,1.2238,578.4,0.283138,0.0,-1251.2,1565
1748000986446,FTT,A,Open Short,1.2238,550.6,0.269529,0.0,-1829.6,1565
1748000986446,FTT,A,Open Short,1.2236,982.6,0.480923,0.0,-2380.2,1565
1748000986446,FTT,A,Open Short,1.2215,556.5,0.271905,0.0,-3362.8,1565
1748000986446,FTT,A,Open Short,1.2214,597.6,0.291963,0.0,-3919.3,1565
1748000986446,FTT,A,Open Short,1.2202,3907.2,1.907026,0.0,-4516.9,1565
1748000986446,FTT,A,Open Short,1.2194,628.1,0.306362,0.0,-8424.1,1565
1748000986446,FTT,A,Open Short,1.2194,586.6,0.28612,0.0,-9052.2,1565
1748000986446,FTT,A,Open Short,1.214,572.8,0.278151,0.0,-9638.8,1565
1748000986446,FTT,A,Open Short,1.214,564.7,0.274218,0.0,-10211.6,1565
1748000987878,FTT,A,Open Short,1.2125,159.7,0.023236,0.0,-10776.3,1565
1748000988107,FTT,A,Open Short,1.2125,159.7,0.023236,0.0,-10936.0,1565
1748000989029,FTT,A,Open Short,1.2125,3814.1,0.554951,0.0,-11095.7,1565
1748000989029,FTT,A,Open Short,1.2125,953.5,0.138734,0.0,-14909.8,1565
1748000989029,FTT,A,Open Short,1.2125,131.1,0.019075,0.0,-15863.3,1565
1748000989315,FTT,A,Open Short,1.2125,81.6,0.011872,0.0,-15994.4,1565
1748000989600,FTT,A,Open Short,1.2125,235.1,0.034207,0.0,-16076.0,1565
1748000989800,FTT,A,Open Short,1.2125,137.5,0.020006,0.0,-16311.1,1565
1748000990421,FTT,A,Open Short,1.2125,656.7,0.095549,0.0,-16448.6,1565
1748000991166,FTT,A,Open Short,1.2125,3513.2,0.51117,0.0,-17105.3,1565
1748001015109,DOGE,B,Open Long,0.23757,7346.0,0.209422,0.0,31720.0,1554
1748001136685,DOGE,B,Open Long,0.23664,7680.0,0.218087,0.0,39066.0,1555
1748001142980,DOGE,B,Open Long,0.23571,8014.0,0.226677,0.0,46746.0,1556
1748001483087,DOGE,B,Open Long,0.23479,8348.0,0.235203,0.0,54760.0,1557
1748001699744,DOGE,A,Close Long,0.23247,2150.0,0.199924,-12.33025,63108.0,1566
1748001699744,DOGE,A,Close Long,0.23241,16912.0,1.572207,-98.00504,60958.0,1566
1748001699744,DOGE,A,Close Long,0.23241,38488.0,3.577998,-223.03796,44046.0,1566
1748001699744,DOGE,A,Close Long,0.23223,2261.0,0.210028,-13.509475,5558.0,1566
1748001699744,DOGE,A,Close Long,0.2322,3296.0,0.306132,-19.79248,3297.0,1566
1748001731318,DOGE,A,Close Long,0.23315,1.0,0.000093,-0.005055,1.0,1567
1748006355867,MKR,B,Open Long,1677.7,0.0171,0.003442,0.0,0.0,1569
1748006367046,MKR,B,Open Long,1677.7,0.0269,0.005415,0.0,0.0171,1569
1748006368275,MKR,B,Open Long,1677.7,0.16,0.032211,0.0,0.044,1569
1748006368275,MKR,B,Open Long,1677.7,0.083,0.016709,0.0,0.204,1569
1748006368373,MKR,B,Open Long,1677.7,1.6592,0.334036,0.0,0.287,1569
1748006368373,MKR,B,Open Long,1677.7,1.6592,0.334036,0.0,1.9462,1569
1748006368468,MKR,B,Open Long,1677.7,1.6932,0.340881,0.0,3.6054,1569
1748006368770,MKR,B,Open Long,1677.7,0.0524,0.010549,0.0,5.2986,1569
1748006369994,MKR,B,Open Long,1677.7,0.0219,0.004408,0.0,5.351,1569
1748006371261,MKR,B,Open Long,1677.7,0.0102,0.002053,0.0,5.3729,1569
1748006372591,MKR,B,Open Long,1677.7,0.0072,0.001449,0.0,5.3831,1569
1748006373881,MKR,B,Open Long,1677.7,0.0069,0.001389,0.0,5.3903,1569
1748006375102,MKR,B,Open Long,1677.7,0.0069,0.001389,0.0,5.3972,1569
1748006375218,MKR,B,Open Long,1677.7,0.1011,0.020353,0.0,5.4041,1569
1748006375218,MKR,B,Open Long,1677.7,1.7879,0.359947,0.0,5.5052,1569
1748006375360,MKR,B,Open Long,1677.7,0.5881,0.118398,0.0,7.2931,1569
1748006375360,MKR,B,Open Long,1677.7,0.8446,0.170038,0.0,7.8812,1569
1748006375360,MKR,B,Open Long,1677.7,0.9715,0.195586,0.0,8.7258,1569
1748006375412,MKR,B,Open Long,1677.7,0.0738,0.014857,0.0,9.6973,1569
1748006375517,MKR,B,Open Long,1677.7,0.0769,0.015481,0.0,9.7711,1569
1748006375517,MKR,B,Open Long,1677.7,1.7882,0.360007,0.0,9.848,1569
1748006375517,MKR,B,Open Long,1677.7,1.7879,0.359947,0.0,11.6362,1569
1748006375517,MKR,B,Open Long,1677.7,0.2366,0.047633,0.0,13.4241,1569
1748006375517,MKR,B,Open Long,1677.7,1.2406,0.249762,0.0,13.6607,1569
1748007832331,MKR,A,Close Long,1677.8,0.134,0.026979,0.0134,14.9013,1570
1748007842485,MKR,A,Close Long,1677.4,0.4756,0.095732,-0.14268,14.7673,1571
1748007843109,MKR,A,Close Long,1677.4,0.234,0.047101,-0.0702,14.2917,1571
1748007843331,MKR,A,Close Long,1677.4,0.5349,0.107668,-0.16047,14.0577,1571
1748007843331,MKR,A,Close Long,1677.4,0.4627,0.093135,-0.13881,13.5228,1571
1748007855631,MKR,A,Close Long,1676.3,0.1,0.020115,-0.14,13.0601,1572
1748007857856,MKR,A,Close Long,1676.3,0.7899,0.158893,-1.10586,12.9601,1572
1748007858468,MKR,A,Close Long,1676.3,0.3098,0.062318,-0.43372,12.1702,1572
1748007859104,MKR,A,Close Long,1676.3,2.7205,0.547244,-3.8087,11.8604,1572
1748007859679,MKR,A,Close Long,1676.3,0.3019,0.060728,-0.42266,9.1399,1572
1748007861205,MKR,A,Close Long,1676.3,1.4391,0.289483,-2.01474,8.838,1572
1748007861465,MKR,A,Close Long,1676.3,0.0159,0.003198,-0.02226,7.3989,1572
1748007868373,MKR,A,Close Long,1676.3,0.3639,0.0732,-0.50946,7.383,1572
1748007870841,MKR,A,Close Long,1676.3,0.3233,0.065033,-0.45262,7.0191,1572
1748007871380,MKR,A,Close Long,1676.3,0.7014,0.14109,-0.98196,6.6958,1572
1748007873447,MKR,A,Close Long,1676.3,0.1,0.020115,-0.14,5.9944,1572
1748007873972,MKR,A,Close Long,1676.3,0.0298,0.005994,-0.04172,5.8944,1572
1748007873972,MKR,A,Close Long,1676.3,0.9649,0.194095,-1.35086,5.8646,1572
1748007874053,MKR,A,Close Long,1676.3,0.1721,0.034618,-0.24094,4.8997,1572
1748007874281,MKR,A,Close Long,1676.3,0.0255,0.005129,-0.0357,4.7276,1572
1748007874281,MKR,A,Close Long,1676.3,0.6915,0.139099,-0.9681,4.7021,1572
1748007874478,MKR,A,Close Long,1676.3,0.0298,0.005994,-0.04172,4.0106,1572
1748007874478,MKR,A,Close Long,1676.3,1.9047,0.383141,-2.66658,3.9808,1572
1748007874700,MKR,A,Close Long,1676.3,0.0876,0.017621,-0.12264,2.0761,1572
1748007874700,MKR,A,Close Long,1676.3,1.7716,0.356367,-2.48024,1.9885,1572
1748007875289,MKR,A,Close Long,1676.3,0.2168,0.04361,-0.30352,0.2169,1572
1748007875289,MKR,A,Close Long,1677.4,0.0001,0.00002,-0.00003,0.0001,1571
1748009073535,FTT,A,Open Short,1.195,13.4,0.001921,0.0,-20618.5,1568
1748009093780,FTT,A,Open Short,1.195,13.9,0.001993,0.0,-20631.9,1568
1748011620309,POPCAT,B,Open Long,0.57564,543.0,0.037508,0.0,0.0,1573
1748011620555,POPCAT,B,Open Long,0.57564,402.0,0.027768,0.0,543.0,1573
1748011620555,POPCAT,B,Open Long,0.57564,5429.0,0.375017,0.0,945.0,1573
1748011620555,POPCAT,B,Open Long,0.57564,459.0,0.031706,0.0,6374.0,1573
1748011620555,POPCAT,B,Open Long,0.57564,27.0,0.001865,0.0,6833.0,1573
1748011621505,POPCAT,B,Open Long,0.57564,757.0,0.052291,0.0,6860.0,1573
1748011621505,POPCAT,B,Open Long,0.57564,632.0,0.043656,0.0,7617.0,1573
1748011622138,POPCAT,B,Open Long,0.57564,495.0,0.034193,0.0,8249.0,1573
1748011622138,POPCAT,B,Open Long,0.57564,506.0,0.034952,0.0,8744.0,1573
1748011622483,POPCAT,B,Open Long,0.57564,447.0,0.030877,0.0,9250.0,1573
1748011622745,POPCAT,B,Open Long,0.57564,441.0,0.030462,0.0,9697.0,1573
1748011623752,POPCAT,B,Open Long,0.57564,490.0,0.033847,0.0,10138.0,1573
1748011623752,POPCAT,B,Open Long,0.57564,576.0,0.039788,0.0,10628.0,1573
1748011623752,POPCAT,B,Open Long,0.57564,464.0,0.032051,0.0,11204.0,1573
1748011623752,POPCAT,B,Open Long,0.57564,3659.0,0.252752,0.0,11668.0,1573
1748011623953,POPCAT,B,Open Long,0.57564,375.0,0.025903,0.0,15327.0,1573
1748011623953,POPCAT,B,Open Long,0.57564,193.0,0.013331,0.0,15702.0,1573
1748011623953,POPCAT,B,Open Long,0.57564,287.0,0.019825,0.0,15895.0,1573
1748011623953,POPCAT,B,Open Long,0.57564,1104.0,0.07626,0.0,16182.0,1573
1748011623953,POPCAT,B,Open Long,0.57564,382.0,0.026387,0.0,17286.0,1573
1748011623953,POPCAT,B,Open Long,0.57564,1883.0,0.130071,0.0,17668.0,1573
1748011624094,POPCAT,B,Open Long,0.57564,751.0,0.051876,0.0,19551.0,1573
1748011624144,POPCAT,B,Open Long,0.57564,866.0,0.05982,0.0,20302.0,1573
1748011624144,POPCAT,B,Open Long,0.57564,1455.0,0.100506,0.0,21168.0,1573
1748011624144,POPCAT,B,Open Long,0.57564,1391.0,0.096085,0.0,22623.0,1573
1748011624144,POPCAT,B,Open Long,0.57564,2211.0,0.152728,0.0,24014.0,1573
1748011624144,POPCAT,B,Open Long,0.57564,1257.0,0.086829,0.0,26225.0,1573
1748011624210,POPCAT,B,Open Long,0.57564,1635.0,0.11294,0.0,27482.0,1573
1748011624210,POPCAT,B,Open Long,0.57564,1198.0,0.082754,0.0,29117.0,1573
1748011624210,POPCAT,B,Open Long,0.57564,849.0,0.058646,0.0,30315.0,1573
1748011742921,FTT,A,Open Short,1.195,163.6,0.02346,0.0,-20645.8,1568
1748011752598,FTT,A,Open Short,1.195,58.4,0.008374,0.0,-20809.4,1568
1748011752799,FTT,A,Open Short,1.195,58.3,0.00836,0.0,-20867.8,1568
1748011756849,FTT,A,Open Short,1.195,108.4,0.015544,0.0,-20926.1,1568
1748011756849,FTT,A,Open Short,1.195,107.8,0.015458,0.0,-21034.5,1568
1748011804286,FTT,A,Open Short,1.195,163.5,0.023445,0.0,-21142.3,1568
1748011804286,FTT,A,Open Short,1.195,129.1,0.018512,0.0,-21305.8,1568
1748012114579,POPCAT,B,Open Long,0.57564,1390.0,0.096016,0.0,31164.0,1573
1748012115011,POPCAT,B,Open Long,0.57564,560.0,0.038683,0.0,32554.0,1573
1748012115306,POPCAT,B,Open Long,0.57564,473.0,0.032673,0.0,33114.0,1573
1748012121492,POPCAT,B,Open Long,0.57564,738.0,0.050978,0.0,33587.0,1573
1748012141553,POPCAT,B,Open Long,0.57564,418.0,0.028874,0.0,34325.0,1573
1748020744117,POPCAT,A,Close Long,0.56811,17186.0,1.171624,-129.41058,34743.0,1574
1748020750259,POPCAT,A,Close Long,0.56811,330.0,0.022497,-2.4849,17557.0,1574
1748020750319,POPCAT,A,Close Long,0.56811,399.0,0.027201,-3.00447,17227.0,1574
1748020750395,POPCAT,A,Close Long,0.56811,549.0,0.037427,-4.13397,16828.0,1574
1748020750395,POPCAT,A,Close Long,0.56811,390.0,0.026587,-2.9367,16279.0,1574
1748020750461,POPCAT,A,Close Long,0.56811,3978.0,0.271192,-29.95434,15889.0,1574
1748020771045,POPCAT,A,Close Long,0.56811,92.0,0.006271,-0.69276,11911.0,1574
1748020774001,POPCAT,A,Close Long,0.56811,11818.0,0.80567,-88.98954,11819.0,1574
1748022249235,POPCAT,A,Close Long,0.55326,1.0,0.000221,-0.02238,1.0,1575
1748026362617,SOL,B,Open Long,179.25,2.75,0.059152,0.0,0.0,1576
1748026376851,SOL,B,Open Long,179.25,17.6,0.378576,0.0,2.75,1576
1748026380016,SOL,B,Open Long,178.99,20.72,0.44504,0.0,20.35,1577
1748026380883,SOL,B,Open Long,178.73,21.1,0.452544,0.0,41.07,1578
1748030553004,SOL,B,Open Long,178.47,21.48,0.460024,0.0,62.17,1579
1748030651617,SOL,B,Open Long,178.21,21.85,0.467266,0.0,83.65,1580
1748030657507,SOL,B,Open Long,177.95,22.23,0.474699,0.0,105.5,1581
1748032349871,SOL,B,Open Long,177.7,14.93,0.318367,0.0,127.73,1582
1748032410345,SOL,B,Open Long,177.44,2.59,0.055148,0.0,142.66,1583
1748032412140,SOL,B,Open Long,177.44,12.76,0.271696,0.0,145.25,1583
1748032501652,SOL,B,Open Long,177.18,15.76,0.335082,0.0,158.01,1584
1748034646049,SOL,B,Open Long,176.92,0.06,0.001273,0.0,173.77,1585
1748034647012,SOL,B,Open Long,176.92,0.28,0.005944,0.0,173.83,1585
1748034648776,SOL,B,Open Long,176.92,0.7,0.014861,0.0,174.11,1585
1748034649042,SOL,B,Open Long,176.92,15.14,0.321428,0.0,174.81,1585
1748035993257,SOL,B,Open Long,176.66,16.59,0.351694,0.0,189.95,1586
1748036622647,@107,B,Buy,33.422,14.96,0.00897599,0.0,0.00786625,1610
1748037481255,@107,B,Buy,33.54,14.9,0.00893999,0.0,0.2,1611
1748039899969,SOL,B,Open Long,176.4,17.01,0.360067,0.0,206.54,1587
1748040008929,SOL,B,Open Long,176.14,17.42,0.368203,0.0,223.55,1588
1748040248588,SOL,B,Open Long,175.89,17.84,0.376545,0.0,240.97,1589
1748040416855,SOL,B,Open Long,175.63,18.25,0.384629,0.0,258.81,1590
1748041882022,SOL,B,Open Long,175.37,18.67,0.392898,0.0,277.06,1591
1748042602097,SOL,B,Open Long,175.11,19.08,0.400931,0.0,295.73,1592
1748042710927,SOL,B,Open Long,174.85,10.27,0.215485,0.0,314.81,1593
1748042711066,SOL,B,Open Long,174.85,9.23,0.193663,0.0,325.08,1593
1748043289623,SOL,B,Open Long,174.59,19.91,0.41713,0.0,334.31,1594
1748043385122,SOL,B,Open Long,174.33,20.33,0.425295,0.0,354.22,1595
1748043401451,SOL,B,Open Long,174.07,20.74,0.433225,0.0,374.55,1596
1748043434302,SOL,B,Open Long,173.81,21.16,0.441338,0.0,395.29,1597
1748043714272,SOL,B,Open Long,173.55,21.57,0.449216,0.0,416.45,1598
1748045122353,SOL,B,Open Long,173.29,21.99,0.457277,0.0,438.02,1599
1748048256111,SOL,B,Open Long,173.03,22.4,0.465104,0.0,460.01,1600
1748048279737,SOL,B,Open Long,172.77,5.53,0.11465,0.0,482.41,1601
1748048280053,SOL,B,Open Long,172.77,0.86,0.017829,0.0,487.94,1601
1748048280106,SOL,B,Open Long,172.77,16.43,0.340633,0.0,488.8,1601
1748134360386,SOL,B,Open Long,172.51,23.23,0.480888,0.0,505.23,1602
1748134383279,SOL,B,Open Long,172.26,7.51,0.15524,0.0,528.46,1603
1748134383523,SOL,B,Open Long,172.26,16.14,0.333633,0.0,535.97,1603
1748134530617,SOL,B,Open Long,172.0,24.06,0.496598,0.0,552.11,1604
1748134567003,SOL,B,Open Long,171.74,24.48,0.504503,0.0,576.17,1605
1748134724754,SOL,B,Open Long,171.48,24.89,0.512176,0.0,600.65,1606
1748134852204,SOL,B,Open Long,171.22,25.31,0.520029,0.0,625.54,1607
1748135505569,SOL,B,Open Long,170.96,25.72,0.52765,0.0,650.85,1608
1748135758751,SOL,B,Open Long,170.7,8.62,0.176572,0.0,676.57,1609
1748135758869,SOL,B,Open Long,170.7,4.0,0.081936,0.0,685.19,1609
1748135758977,SOL,B,Open Long,170.7,4.6,0.094226,0.0,689.19,1609
1748135758977,SOL,B,Open Long,170.7,6.0,0.122904,0.0,693.79,1609
1748135758977,SOL,B,Open Long,170.7,2.92,0.059813,0.0,699.79,1609
1748217802723,SOL,A,Close Long,175.73,12.28,0.258955,12.432272,702.71,1612
1748217802723,SOL,A,Close Long,175.73,42.77,0.901916,43.300348,690.43,1612
1748217802723,SOL,A,Close Long,175.73,133.07,2.806126,134.720068,647.66,1612
1748217802723,SOL,A,Close Long,175.73,14.58,0.307457,14.760792,514.59,1612
1748443719402,SOL,A,Close Long,171.03,3.2,0.218918,-11.80032,500.01,1613
1748443719402,SOL,A,Close Long,171.03,1.2,0.082094,-4.42512,496.81,1613
1748443719402,SOL,A,Close Long,171.03,2.0,0.136824,-7.3752,495.61,1613
1748443719602,SOL,A,Close Long,171.03,0.06,0.001231,-0.221256,493.61,1613
1748443728531,SOL,A,Close Long,171.03,34.0,0.697802,-125.3784,493.55,1613
1748443728582,SOL,A,Close Long,171.03,6.88,0.141202,-25.370688,459.55,1613
1748443728582,SOL,A,Close Long,171.03,173.32,3.55715,-639.134832,452.67,1613
1748443728701,SOL,A,Close Long,171.03,221.28,4.541462,-815.992128,279.35,1613
1748443728701,SOL,A,Close Long,171.03,2.2,0.045151,-8.11272,58.07,1613
1748443728786,SOL,A,Close Long,171.03,55.87,1.146653,-206.026212,55.87,1613
1748445070111,SOL,B,Open Long,169.0,9.52,0.193065,0.0,0.0,1614
1748533946076,SOL,B,Open Long,170.04,62.5,4.251,0.0,9.87,1640
1748533946076,SOL,B,Open Long,170.04,62.5,4.251,0.0,72.37,1640
1748537515090,SOL,B,Open Long,168.48,10.01,0.202378,0.0,148.63,1615
1748537737008,SOL,B,Open Long,167.97,10.5,0.211642,0.0,159.44,1616
1748545729418,SOL,B,Open Long,167.45,0.27,0.005425,0.0,200.82,1617
1748545729418,SOL,B,Open Long,167.45,0.71,0.014266,0.0,201.09,1617
1748545729418,SOL,B,Open Long,167.45,10.02,0.201341,0.0,201.8,1617
1748545975934,SOL,B,Open Long,166.93,11.49,0.230163,0.0,212.78,1618
1748546010935,SOL,B,Open Long,166.41,11.98,0.239231,0.0,224.39,1619
1748566185119,SOL,B,Open Long,165.9,0.98,0.019509,0.0,314.08,1620
1748566185253,SOL,B,Open Long,165.9,2.0,0.039816,0.0,315.06,1620
1748566185253,SOL,B,Open Long,165.9,2.7,0.053751,0.0,317.06,1620
1748566185322,SOL,B,Open Long,165.9,6.79,0.135175,0.0,319.76,1620
1748566286017,SOL,B,Open Long,165.38,1.9,0.037706,0.0,327.04,1621
1748566286092,SOL,B,Open Long,165.38,1.9,0.037706,0.0,328.94,1621
1748566286092,SOL,B,Open Long,165.38,1.9,0.037706,0.0,330.84,1621
1748566287862,SOL,B,Open Long,165.38,7.27,0.144277,0.0,332.74,1621
1748566395667,SOL,B,Open Long,164.86,13.46,0.266281,0.0,340.46,1622
1748566426912,SOL,B,Open Long,164.34,13.95,0.275105,0.0,354.01,1623
1748566483097,SOL,B,Open Long,163.83,14.44,0.283884,0.0,368.11,1624
1748566493662,SOL,A,Close Long,163.6,382.64,25.039961,-1674.891808,382.64,1641
1748566570698,SOL,B,Open Long,163.31,14.94,0.292782,0.0,0.23,1625
1748566573528,SOL,B,Open Long,162.79,15.43,0.301421,0.0,15.17,1626
1748566593322,SOL,B,Open Long,162.28,15.92,0.310019,0.0,30.71,1627
1748566641573,SOL,B,Open Long,161.76,16.42,0.318731,0.0,46.89,1628
1748566642040,SOL,B,Open Long,161.24,16.91,0.327188,0.0,63.31,1629
1748566730961,SOL,B,Open Long,160.72,17.4,0.335583,0.0,80.54,1630
1748566751389,SOL,B,Open Long,160.21,17.89,0.343938,0.0,97.94,1631
1748622504001,SOL,B,Open Long,159.69,18.39,0.352403,0.0,239.06,1632
1748622524289,SOL,B,Open Long,159.17,18.88,0.360615,0.0,257.45,1633
1748622622034,SOL,B,Open Long,158.66,9.89,0.188297,0.0,276.33,1634
1748622622034,SOL,B,Open Long,158.66,0.43,0.008186,0.0,286.22,1634
1748622622034,SOL,B,Open Long,158.66,2.6,0.049501,0.0,286.65,1634
1748622622034,SOL,B,Open Long,158.66,6.45,0.122802,0.0,289.25,1634
1748622743179,SOL,B,Open Long,158.14,19.86,0.376879,0.0,295.7,1635
1748622755927,SOL,B,Open Long,157.62,20.36,0.385097,0.0,315.56,1636
1748622761842,SOL,B,Open Long,157.1,20.85,0.393064,0.0,335.92,1637
1748622776920,SOL,B,Open Long,156.59,21.34,0.400995,0.0,356.77,1638
1748622789637,SOL,B,Open Long,156.07,21.83,0.40884,0.0,378.11,1639
1748625321410,FARTCOIN,B,Open Long,1.0554,428.0,0.180684,0.0,0.0,1656
1748625321410,FARTCOIN,B,Open Long,1.056,46933.9,19.824879,0.0,428.0,1656
1748626006611,FARTCOIN,A,Close Long,1.0398,1000.0,0.41592,-16.19,47361.9,1657
1748626006611,FARTCOIN,A,Close Long,1.0398,1000.0,0.41592,-16.19,46361.9,1657
1748626006611,FARTCOIN,A,Close Long,1.0398,736.9,0.306491,-11.930411,45361.9,1657
1748626006611,FARTCOIN,A,Close Long,1.0398,480.8,0.199974,-7.784152,44625.0,1657
1748626006611,FARTCOIN,A,Close Long,1.0398,1900.0,0.790248,-30.761,44144.2,1657
1748626006611,FARTCOIN,A,Close Long,1.0397,1000.0,0.41588,-16.29,42244.2,1657
1748626006611,FARTCOIN,A,Close Long,1.0397,288.6,0.120022,-4.701294,41244.2,1657
1748626006611,FARTCOIN,A,Close Long,1.0397,480.9,0.199996,-7.833861,40955.6,1657
1748626006611,FARTCOIN,A,Close Long,1.0396,481.0,0.200019,-7.88359,40474.7,1657
1748626006611,FARTCOIN,A,Close Long,1.0396,481.0,0.200019,-7.88359,39993.7,1657
1748626006611,FARTCOIN,A,Close Long,1.0396,480.9,0.199977,-7.881951,39512.7,1657
1748626006611,FARTCOIN,A,Close Long,1.0396,1926.9,0.801282,-31.581891,39031.8,1657
1748626006611,FARTCOIN,A,Close Long,1.0395,61.4,0.02553,-1.012486,37104.9,1657
1748626006611,FARTCOIN,A,Close Long,1.0395,1967.0,0.817878,-32.43583,37043.5,1657
1748626006611,FARTCOIN,A,Close Long,1.0395,2388.8,0.993263,-39.391312,35076.5,1657
1748626006611,FARTCOIN,A,Close Long,1.0395,662.8,0.275592,-10.929572,32687.7,1657
1748626006611,FARTCOIN,A,Close Long,1.0395,481.0,0.199999,-7.93169,32024.9,1657
1748626006611,FARTCOIN,A,Close Long,1.0395,4016.0,1.669852,-66.22384,31543.9,1657
1748626006611,FARTCOIN,A,Close Long,1.0395,481.0,0.199999,-7.93169,27527.9,1657
1748626006611,FARTCOIN,A,Close Long,1.0395,481.0,0.199999,-7.93169,27046.9,1657
1748626006611,FARTCOIN,A,Close Long,1.0395,1160.3,0.482452,-19.133347,26565.9,1657
1748626006611,FARTCOIN,A,Close Long,1.0395,961.9,0.399958,-15.861731,25405.6,1657
1748626006611,FARTCOIN,A,Close Long,1.0394,481.1,0.200022,-7.981449,24443.7,1657
1748626006611,FARTCOIN,A,Close Long,1.0393,288.7,0.120018,-4.818403,23962.6,1657
1748626006611,FARTCOIN,A,Close Long,1.0393,722.3,0.300274,-12.055187,23673.9,1657
1748626006611,FARTCOIN,A,Close Long,1.0393,111.5,0.046352,-1.860935,22951.6,1657
1748626006611,FARTCOIN,A,Close Long,1.0393,10024.4,4.167343,-167.307236,22840.1,1657
1748626006611,FARTCOIN,A,Close Long,1.0393,1380.2,0.573776,-23.035538,12815.7,1657
1748626006611,FARTCOIN,A,Close Long,1.0392,482.0,0.200357,-8.09278,11435.5,1657
1748626006611,FARTCOIN,A,Close Long,1.0392,96.2,0.039988,-1.615198,10953.5,1657
1748626006611,FARTCOIN,A,Close Long,1.0391,2388.8,0.99288,-40.346832,10857.3,1657
1748626006611,FARTCOIN,A,Close Long,1.0391,288.7,0.119995,-4.876143,8468.5,1657
1748626006611,FARTCOIN,A,Close Long,1.039,481.3,0.200028,-8.177287,8179.8,1657
1748626006611,FARTCOIN,A,Close Long,1.039,3598.0,1.495328,-61.13002,7698.5,1657
1748626006611,FARTCOIN,A,Close Long,1.039,4100.5,1.704167,-69.667495,4100.5,1657
1748626312595,FARTCOIN,B,Open Long,1.0405,2307.4,0.960339,0.0,0.0,1658
1748626312595,FARTCOIN,B,Open Long,1.0406,2403.5,1.000432,0.0,2307.4,1658
1748626312595,FARTCOIN,B,Open Long,1.0407,2118.1,0.881722,0.0,4710.9,1658
1748626312595,FARTCOIN,B,Open Long,1.0408,30.4,0.012656,0.0,6829.0,1658
1748626312595,FARTCOIN,B,Open Long,1.0408,1848.3,0.769484,0.0,6859.4,1658
1748626312595,FARTCOIN,B,Open Long,1.0409,2388.8,0.9946,0.0,8707.7,1658
1748626312595,FARTCOIN,B,Open Long,1.0409,7697.9,3.205097,0.0,11096.5,1658
1748626312595,FARTCOIN,B,Open Long,1.0409,8538.7,3.555173,0.0,18794.4,1658
1748626312595,FARTCOIN,B,Open Long,1.041,1440.9,0.59999,0.0,27333.1,1658
1748626312595,FARTCOIN,B,Open Long,1.0412,4002.4,1.666919,0.0,28774.0,1658
1748626312595,FARTCOIN,B,Open Long,1.0412,480.3,0.200035,0.0,32776.4,1658
1748626312595,FARTCOIN,B,Open Long,1.0412,480.3,0.200035,0.0,33256.7,1658
1748626312595,FARTCOIN,B,Open Long,1.0412,480.3,0.200035,0.0,33737.0,1658
1748626312595,FARTCOIN,B,Open Long,1.0412,480.3,0.200035,0.0,34217.3,1658
1748626312595,FARTCOIN,B,Open Long,1.0412,480.3,0.200035,0.0,34697.6,1658
1748626312595,FARTCOIN,B,Open Long,1.0412,480.3,0.200035,0.0,35177.9,1658
1748626312595,FARTCOIN,B,Open Long,1.0412,480.3,0.200035,0.0,35658.2,1658
1748626312595,FARTCOIN,B,Open Long,1.0412,480.3,0.200035,0.0,36138.5,1658
1748626312595,FARTCOIN,B,Open Long,1.0412,288.2,0.120029,0.0,36618.8,1658
1748626312595,FARTCOIN,B,Open Long,1.0412,480.3,0.200035,0.0,36907.0,1658
1748626312595,FARTCOIN,B,Open Long,1.0412,288.2,0.120029,0.0,37387.3,1658
1748626312595,FARTCOIN,B,Open Long,1.0412,288.2,0.120029,0.0,37675.5,1658
1748626312595,FARTCOIN,B,Open Long,1.0412,288.2,0.120029,0.0,37963.7,1658
1748626312595,FARTCOIN,B,Open Long,1.0412,4922.4,2.050081,0.0,38251.9,1658
1748626312595,FARTCOIN,B,Open Long,1.0413,480.2,0.200012,0.0,43174.3,1658
1748626312595,FARTCOIN,B,Open Long,1.0413,288.2,0.120041,0.0,43654.5,1658
1748626312595,FARTCOIN,B,Open Long,1.0413,480.3,0.200054,0.0,43942.7,1658
1748626312595,FARTCOIN,B,Open Long,1.0413,1678.4,0.699087,0.0,44423.0,1658
1748626312595,FARTCOIN,B,Open Long,1.0413,480.3,0.200054,0.0,46101.4,1658
1748626312595,FARTCOIN,B,Open Long,1.0413,288.2,0.120041,0.0,46581.7,1658
1748626312595,FARTCOIN,B,Open Long,1.0413,288.2,0.120041,0.0,46869.9,1658
1748626312595,FARTCOIN,B,Open Long,1.0413,288.2,0.120041,0.0,47158.1,1658
1748626312595,FARTCOIN,B,Open Long,1.0413,480.2,0.200012,0.0,47446.3,1658
1748626312595,FARTCOIN,B,Open Long,1.0414,141.1,0.058776,0.0,47926.5,1658
1748646091699,SOL,B,Open Long,156.0,12.0,0.22464,0.0,399.94,1642
1748647119730,SOL,B,Open Long,155.58,12.25,0.228702,0.0,411.94,1643
1748650588750,SOL,B,Open Long,155.17,12.5,0.232755,0.0,424.19,1644
1748650775939,SOL,B,Open Long,154.75,12.75,0.236767,0.0,436.69,1645
1748653482085,FARTCOIN,A,Close Long,1.0418,239.9,0.029991,0.196718,48067.6,1659
1748653484342,FARTCOIN,A,Close Long,1.0418,402.5,0.050318,0.33005,47827.7,1659
1748653484469,FARTCOIN,A,Close Long,1.0418,584.0,0.073009,0.47888,47425.2,1659
1748653484745,FARTCOIN,A,Close Long,1.0418,689.0,0.086136,0.56498,46841.2,1659
1748653493593,FARTCOIN,A,Close Long,1.0418,488.2,0.061032,0.400324,46152.2,1659
1748653495822,FARTCOIN,A,Close Long,1.0418,499.3,0.06242,0.409426,45664.0,1659
1748653498099,FARTCOIN,A,Close Long,1.0418,482.4,0.060307,0.395568,45164.7,1659
1748653498363,FARTCOIN,A,Close Long,1.0418,1023.8,0.127991,0.839516,44682.3,1659
1748653498363,FARTCOIN,A,Close Long,1.0418,1961.3,0.245193,1.608266,43658.5,1659
1748653498363,FARTCOIN,A,Close Long,1.0418,790.8,0.098862,0.648456,41697.2,1659
1748653498988,FARTCOIN,A,Close Long,1.0418,26.4,0.0033,0.021648,40906.4,1659
1748653499734,FARTCOIN,A,Close Long,1.0418,541.9,0.067746,0.444358,40880.0,1659
1748653499734,FARTCOIN,A,Close Long,1.0418,789.5,0.0987,0.64739,40338.1,1659
1748653515263,FARTCOIN,A,Close Long,1.0401,11.2,0.001397,-0.009856,39548.6,1660
1748653515270,FARTCOIN,A,Close Long,1.0401,1829.0,0.228281,-1.60952,39537.4,1660
1748653515385,FARTCOIN,A,Close Long,1.0401,962.0,0.120069,-0.84656,37708.4,1660
1748653517544,FARTCOIN,A,Close Long,1.0401,492.0,0.061407,-0.43296,36746.4,1660
1748653517544,FARTCOIN,A,Close Long,1.0401,2406.2,0.300322,-2.117456,36254.4,1660
1748653517660,FARTCOIN,A,Close Long,1.0401,2189.6,0.273288,-1.926848,33848.2,1660
1748653517660,FARTCOIN,A,Close Long,1.0401,2279.3,0.284483,-2.005784,31658.6,1660
1748653519103,FARTCOIN,A,Close Long,1.0401,551.5,0.068833,-0.48532,29379.3,1660
1748653519177,FARTCOIN,A,Close Long,1.0401,1829.0,0.228281,-1.60952,28827.8,1660
1748653519177,FARTCOIN,A,Close Long,1.0401,1285.9,0.160495,-1.131592,26998.8,1660
1748653519177,FARTCOIN,A,Close Long,1.0401,1221.4,0.152445,-1.074832,25712.9,1660
1748653519299,FARTCOIN,A,Close Long,1.0401,5283.7,0.659469,-4.649656,24491.5,1660
1748653519378,FARTCOIN,A,Close Long,1.0401,565.8,0.070618,-0.497904,19207.8,1660
1748653519378,FARTCOIN,A,Close Long,1.0401,94.3,0.011769,-0.082984,18642.0,1660
1748653520416,FARTCOIN,A,Close Long,1.0401,5737.8,0.716146,-5.049264,18547.7,1660
1748653520497,FARTCOIN,A,Close Long,1.0401,2123.1,0.264988,-1.868328,12809.9,1660
1748653520544,FARTCOIN,A,Close Long,1.0401,709.1,0.088504,-0.624008,10686.8,1660
1748653521258,FARTCOIN,A,Close Long,1.0401,5283.7,0.659469,-4.649656,9977.7,1660
1748653521258,FARTCOIN,A,Close Long,1.0401,1958.9,0.244494,-1.723832,4694.0,1660
1748653521354,FARTCOIN,A,Close Long,1.0401,1786.1,0.222926,-1.571768,2735.1,1660
1748653521354,FARTCOIN,A,Close Long,1.0401,550.4,0.068696,-0.484352,949.0,1660
1748653521354,FARTCOIN,A,Close Long,1.0401,398.5,0.049737,-0.35068,398.6,1660
1748653523609,FARTCOIN,A,Close Long,1.0418,0.1,0.000012,0.000082,0.1,1659
1748653814712,FARTCOIN,B,Open Long,1.0456,67.7,0.028314,0.0,0.0,1661
1748653814712,FARTCOIN,B,Open Long,1.0456,205.2,0.085822,0.0,67.7,1661
1748653814712,FARTCOIN,B,Open Long,1.0459,478.1,0.200017,0.0,272.9,1661
1748653814712,FARTCOIN,B,Open Long,1.0459,2388.8,0.999378,0.0,751.0,1661
1748653814712,FARTCOIN,B,Open Long,1.046,1434.0,0.599985,0.0,3139.8,1661
1748653814712,FARTCOIN,B,Open Long,1.046,478.1,0.200037,0.0,4573.8,1661
1748653814712,FARTCOIN,B,Open Long,1.046,205.1,0.085813,0.0,5051.9,1661
1748653814712,FARTCOIN,B,Open Long,1.0461,287.0,0.120092,0.0,5257.0,1661
1748653814712,FARTCOIN,B,Open Long,1.0461,425.6,0.178088,0.0,5544.0,1661
1748653814712,FARTCOIN,B,Open Long,1.0462,287.0,0.120103,0.0,5969.6,1661
1748653814712,FARTCOIN,B,Open Long,1.0462,478.0,0.200033,0.0,6256.6,1661
1748653814712,FARTCOIN,B,Open Long,1.0463,2388.8,0.99976,0.0,6734.6,1661
1748653814712,FARTCOIN,B,Open Long,1.0463,1900.0,0.795188,0.0,9123.4,1661
1748653814712,FARTCOIN,B,Open Long,1.0463,478.0,0.200052,0.0,11023.4,1661
1748653814712,FARTCOIN,B,Open Long,1.0464,287.0,0.120126,0.0,11501.4,1661
1748653814712,FARTCOIN,B,Open Long,1.0464,287.0,0.120126,0.0,11788.4,1661
1748653814712,FARTCOIN,B,Open Long,1.0464,478.0,0.200071,0.0,12075.4,1661
1748653814712,FARTCOIN,B,Open Long,1.0464,5725.7,2.396548,0.0,12553.4,1661
1748653814712,FARTCOIN,B,Open Long,1.0464,286.7,0.120001,0.0,18279.1,1661
1748653814712,FARTCOIN,B,Open Long,1.0464,5819.6,2.435851,0.0,18565.8,1661
1748653814712,FARTCOIN,B,Open Long,1.0464,477.9,0.200029,0.0,24385.4,1661
1748653814712,FARTCOIN,B,Open Long,1.0464,133.8,0.056003,0.0,24863.3,1661
1748653814712,FARTCOIN,B,Open Long,1.0465,1039.2,0.435009,0.0,24997.1,1661
1748653814712,FARTCOIN,B,Open Long,1.0465,302.0,0.126417,0.0,26036.3,1661
1748653814712,FARTCOIN,B,Open Long,1.0465,501.8,0.210053,0.0,26338.3,1661
1748653814712,FARTCOIN,B,Open Long,1.0465,286.7,0.120012,0.0,26840.1,1661
1748653814712,FARTCOIN,B,Open Long,1.0465,286.7,0.120012,0.0,27126.8,1661
1748653814712,FARTCOIN,B,Open Long,1.0465,286.7,0.120012,0.0,27413.5,1661
1748653814712,FARTCOIN,B,Open Long,1.0465,286.7,0.120012,0.0,27700.2,1661
1748653814712,FARTCOIN,B,Open Long,1.0465,286.7,0.120012,0.0,27986.9,1661
1748653814712,FARTCOIN,B,Open Long,1.0465,286.6,0.11997,0.0,28273.6,1661
1748653814712,FARTCOIN,B,Open Long,1.0465,477.8,0.200007,0.0,28560.2,1661
1748653814712,FARTCOIN,B,Open Long,1.0465,286.7,0.120012,0.0,29038.0,1661
1748653814712,FARTCOIN,B,Open Long,1.0465,286.7,0.120012,0.0,29324.7,1661
1748653814712,FARTCOIN,B,Open Long,1.0465,286.7,0.120012,0.0,29611.4,1661
1748653814712,FARTCOIN,B,Open Long,1.0465,286.7,0.120012,0.0,29898.1,1661
1748653814712,FARTCOIN,B,Open Long,1.0465,286.7,0.120012,0.0,30184.8,1661
1748653814712,FARTCOIN,B,Open Long,1.0465,794.9,0.332745,0.0,30471.5,1661
1748653814712,FARTCOIN,B,Open Long,1.0466,301.0,0.12601,0.0,31266.4,1661
1748653814712,FARTCOIN,B,Open Long,1.0466,478.0,0.200109,0.0,31567.4,1661
1748653814712,FARTCOIN,B,Open Long,1.0466,477.8,0.200026,0.0,32045.4,1661
1748653814712,FARTCOIN,B,Open Long,1.0467,2388.8,1.000142,0.0,32523.2,1661
1748653814712,FARTCOIN,B,Open Long,1.0467,22.5,0.00942,0.0,34912.0,1661
1748653814712,FARTCOIN,B,Open Long,1.0467,477.7,0.200003,0.0,34934.5,1661
1748653814712,FARTCOIN,B,Open Long,1.0467,1900.0,0.795492,0.0,35412.2,1661
1748653814712,FARTCOIN,B,Open Long,1.0467,286.7,0.120035,0.0,37312.2,1661
1748653814712,FARTCOIN,B,Open Long,1.0467,279.5,0.117021,0.0,37598.9,1661
1748653814712,FARTCOIN,B,Open Long,1.0467,477.8,0.200045,0.0,37878.4,1661
1748653814712,FARTCOIN,B,Open Long,1.0467,477.8,0.200045,0.0,38356.2,1661
1748653814712,FARTCOIN,B,Open Long,1.0468,478.0,0.200148,0.0,38834.0,1661
1748653814712,FARTCOIN,B,Open Long,1.0468,287.0,0.120172,0.0,39312.0,1661
1748653814712,FARTCOIN,B,Open Long,1.0468,287.0,0.120172,0.0,39599.0,1661
1748653814712,FARTCOIN,B,Open Long,1.0468,477.7,0.200022,0.0,39886.0,1661
1748653814712,FARTCOIN,B,Open Long,1.0468,1889.0,0.790962,0.0,40363.7,1661
1748653814712,FARTCOIN,B,Open Long,1.0468,287.0,0.120172,0.0,42252.7,1661
1748653814712,FARTCOIN,B,Open Long,1.0468,478.0,0.200148,0.0,42539.7,1661
1748653814712,FARTCOIN,B,Open Long,1.0468,478.0,0.200148,0.0,43017.7,1661
1748653814712,FARTCOIN,B,Open Long,1.0468,478.0,0.200148,0.0,43495.7,1661
1748653814712,FARTCOIN,B,Open Long,1.0468,3710.0,1.553451,0.0,43973.7,1661
1748653814712,FARTCOIN,B,Open Long,1.0469,236.5,0.099036,0.0,47683.7,1661
1748654768692,FARTCOIN,A,Close Long,1.0329,800.0,0.330528,-10.848,47920.2,1663
1748654768692,FARTCOIN,A,Close Long,1.0328,484.1,0.199991,-6.612806,47120.2,1663
1748654768692,FARTCOIN,A,Close Long,1.0327,800.0,0.330464,-11.008,46636.1,1663
1748654768692,FARTCOIN,A,Close Long,1.0326,1907.7,0.787956,-26.440722,45836.1,1663
1748654768692,FARTCOIN,A,Close Long,1.0325,1900.0,0.7847,-26.524,43928.4,1663
1748654768692,FARTCOIN,A,Close Long,1.0325,6899.4,2.849452,-96.315624,42028.4,1663
1748654768692,FARTCOIN,A,Close Long,1.0324,2140.4,0.883899,-30.094024,35129.0,1663
1748654768692,FARTCOIN,A,Close Long,1.0324,5725.7,2.364485,-80.503342,32988.6,1663
1748654768692,FARTCOIN,A,Close Long,1.0324,5819.6,2.403262,-81.823576,27262.9,1663
1748654768692,FARTCOIN,A,Close Long,1.0324,963.6,0.397928,-13.548216,21443.3,1663
1748654768692,FARTCOIN,A,Close Long,1.0323,389.3,0.160749,-5.512488,20479.7,1663
1748654768692,FARTCOIN,A,Close Long,1.0323,402.2,0.166076,-5.695152,20090.4,1663
1748654768692,FARTCOIN,A,Close Long,1.0323,767.5,0.316916,-10.8678,19688.2,1663
1748654768692,FARTCOIN,A,Close Long,1.0322,1380.2,0.569856,-19.681652,18920.7,1663
1748654768692,FARTCOIN,A,Close Long,1.0322,1900.0,0.784472,-27.094,17540.5,1663
1748654768692,FARTCOIN,A,Close Long,1.0321,736.9,0.304221,-10.581884,15640.5,1663
1748654768692,FARTCOIN,A,Close Long,1.0321,147.2,0.06077,-2.113792,14903.6,1663
1748654768692,FARTCOIN,A,Close Long,1.0321,290.6,0.119971,-4.173016,14756.4,1663
1748654768692,FARTCOIN,A,Close Long,1.032,2388.8,0.986096,-34.542048,14465.8,1663
1748654768692,FARTCOIN,A,Close Long,1.032,290.6,0.119959,-4.202076,12077.0,1663
1748654768692,FARTCOIN,A,Close Long,1.032,96.8,0.039959,-1.399728,11786.4,1663
1748654768692,FARTCOIN,A,Close Long,1.0319,4763.2,1.966058,-69.352192,11689.6,1663
1748654768692,FARTCOIN,A,Close Long,1.0318,5819.6,2.401865,-85.315336,6926.4,1663
1748654768692,FARTCOIN,A,Close Long,1.0318,1074.2,0.443343,-15.747772,1106.8,1663
1748654828032,FARTCOIN,A,Close Long,1.0299,32.6,0.013429,-0.539856,32.6,1662
1748655264688,SOL,B,Open Long,154.33,13.0,0.240754,0.0,449.44,1646
1748655273341,SOL,B,Open Long,153.92,13.25,0.244732,0.0,462.44,1647
1748655278901,SOL,B,Open Long,153.5,13.5,0.24867,0.0,475.69,1648
1748655279428,SOL,B,Open Long,153.08,13.75,0.252582,0.0,489.19,1649
1748656616930,SOL,B,Open Long,152.67,14.0,0.256485,0.0,502.94,1650
1748660017356,SOL,B,Open Long,152.25,14.25,0.260347,0.0,516.94,1651
1748769718320,SOL,B,Open Long,151.83,14.5,0.264184,0.0,531.19,1652
1748770265876,SOL,B,Open Long,151.42,14.75,0.268013,0.0,545.69,1653
1748771194247,SOL,B,Open Long,151.0,15.0,0.2718,0.0,560.44,1654
1748774479028,SOL,B,Open Long,150.58,15.25,0.275561,0.0,575.44,1655
1748997051110,SOL,A,Close Long,154.74,10.33,0.719308,-37.671444,590.69,1665
1748997051110,SOL,A,Close Long,154.74,25.85,1.800013,-94.26978,580.36,1665
1748997051110,SOL,A,Close Long,154.74,25.85,1.800013,-94.26978,554.51,1665
1748997051110,SOL,A,Close Long,154.74,102.11,7.110225,-372.374748,528.66,1665
1748997051110,SOL,A,Close Long,154.73,33.74,2.349265,-123.380432,426.55,1665
1748997051110,SOL,A,Close Long,154.73,1.88,0.130901,-6.874784,392.81,1665
1748997051110,SOL,A,Close Long,154.72,69.02,4.805448,-253.082536,390.93,1665
1748997051110,SOL,A,Close Long,154.72,12.91,0.898845,-47.338388,321.91,1665
1748997051110,SOL,A,Close Long,154.71,20.0,1.39239,-73.536,309.0,1665
1748997051110,SOL,A,Close Long,154.71,20.0,1.39239,-73.536,289.0,1665
1748997051110,SOL,A,Close Long,154.71,30.1,2.095546,-110.67168,269.0,1665
1748997051110,SOL,A,Close Long,154.71,15.52,1.080494,-57.063936,238.9,1665
1748997051110,SOL,A,Close Long,154.71,64.63,4.499508,-237.631584,223.38,1665
1748997051110,SOL,A,Close Long,154.71,6.88,0.478982,-25.296384,158.75,1665
1748997051110,SOL,A,Close Long,154.7,67.85,4.723377,-250.14938,151.87,1665
1748997051110,SOL,A,Close Long,154.7,2.59,0.180302,-9.548812,84.02,1665
1748997051110,SOL,A,Close Long,154.7,81.42,5.668053,-300.179256,81.43,1665
1748998404502,SOL,A,Close Long,154.98,0.01,0.000232,-0.034068,0.01,1664
1749128109013,FARTCOIN,B,Open Long,0.93401,7137.1,2.999755,0.0,0.0,0001
1749128109013,FARTCOIN,B,Open Long,0.9341,214.5,0.090164,0.0,7137.1,0001
1749128109013,FARTCOIN,B,Open Long,0.9341,2432.6,1.022531,0.0,7351.6,0001
1749128109013,FARTCOIN,B,Open Long,0.9341,535.3,0.22501,0.0,9784.2,0001
1749128109013,FARTCOIN,B,Open Long,0.9341,533.9,0.224422,0.0,10319.5,0001
1749128109013,FARTCOIN,B,Open Long,0.93412,266.0,0.111814,0.0,10853.4,0001
1749128109013,FARTCOIN,B,Open Long,0.93413,251.6,0.105762,0.0,11119.4,0001
1749128109013,FARTCOIN,B,Open Long,0.93422,263.4,0.110733,0.0,11371.0,0001
1749128109013,FARTCOIN,B,Open Long,0.93423,0.3,0.000126,0.0,11634.4,0001
1749128109013,FARTCOIN,B,Open Long,0.9343,321.1,0.135001,0.0,11634.7,0001
1749128109013,FARTCOIN,B,Open Long,0.93433,255.9,0.107592,0.0,11955.8,0001
1749128109013,FARTCOIN,B,Open Long,0.93434,298.1,0.125337,0.0,12211.7,0001
1749128109013,FARTCOIN,B,Open Long,0.93447,21.1,0.008872,0.0,12509.8,0001
1749128109013,FARTCOIN,B,Open Long,0.9345,388.5,0.163373,0.0,12530.9,0001
1749128109013,FARTCOIN,B,Open Long,0.9345,321.1,0.13503,0.0,12919.4,0001
1749128109013,FARTCOIN,B,Open Long,0.9346,321.1,0.135045,0.0,13240.5,0001
1749128109013,FARTCOIN,B,Open Long,0.9346,535.0,0.225004,0.0,13561.6,0001
1749128109013,FARTCOIN,B,Open Long,0.9346,535.1,0.225047,0.0,14096.6,0001
1749128109013,FARTCOIN,B,Open Long,0.9346,4258.5,1.790997,0.0,14631.7,0001
1749128109013,FARTCOIN,B,Open Long,0.9346,647.4,0.272277,0.0,18890.2,0001
1749128109013,FARTCOIN,B,Open Long,0.9347,321.0,0.135017,0.0,19537.6,0001
1749128109013,FARTCOIN,B,Open Long,0.9347,535.0,0.225029,0.0,19858.6,0001
1749128109013,FARTCOIN,B,Open Long,0.9347,535.0,0.225029,0.0,20393.6,0001
1749128109013,FARTCOIN,B,Open Long,0.93479,1072.0,0.450942,0.0,20928.6,0001
1749128109013,FARTCOIN,B,Open Long,0.9348,321.0,0.135031,0.0,22000.6,0001
1749128109013,FARTCOIN,B,Open Long,0.9348,324.0,0.136293,0.0,22321.6,0001
1749128109013,FARTCOIN,B,Open Long,0.9348,388.4,0.163384,0.0,22645.6,0001
1749128109013,FARTCOIN,B,Open Long,0.9348,321.0,0.135031,0.0,23034.0,0001
1749128109013,FARTCOIN,B,Open Long,0.9348,321.0,0.135031,0.0,23355.0,0001
1749128109013,FARTCOIN,B,Open Long,0.9348,321.0,0.135031,0.0,23676.0,0001
1749128109013,FARTCOIN,B,Open Long,0.9348,321.0,0.135031,0.0,23997.0,0001
1749128109013,FARTCOIN,B,Open Long,0.9348,534.9,0.225011,0.0,24318.0,0001
1749128109013,FARTCOIN,B,Open Long,0.9348,321.0,0.135031,0.0,24852.9,0001
1749128109013,FARTCOIN,B,Open Long,0.9348,321.0,0.135031,0.0,25173.9,0001
1749128109013,FARTCOIN,B,Open Long,0.9348,535.0,0.225053,0.0,25494.9,0001
1749128109013,FARTCOIN,B,Open Long,0.9348,348.0,0.146389,0.0,26029.9,0001
1749128109013,FARTCOIN,B,Open Long,0.9348,349.0,0.14681,0.0,26377.9,0001
1749128109013,FARTCOIN,B,Open Long,0.9348,11211.0,4.716019,0.0,26726.9,0001
1749128109013,FARTCOIN,B,Open Long,0.9348,534.9,0.225011,0.0,37937.9,0001
1749128109013,FARTCOIN,B,Open Long,0.9348,535.0,0.225053,0.0,38472.8,0001
1749128109013,FARTCOIN,B,Open Long,0.93484,665.4,0.279919,0.0,39007.8,0001
1749128109013,FARTCOIN,B,Open Long,0.9349,321.0,0.135046,0.0,39673.2,0001
1749128109013,FARTCOIN,B,Open Long,0.9349,321.0,0.135046,0.0,39994.2,0001
1749128109013,FARTCOIN,B,Open Long,0.9349,535.0,0.225077,0.0,40315.2,0001
1749128109013,FARTCOIN,B,Open Long,0.9349,535.0,0.225077,0.0,40850.2,0001
1749128109013,FARTCOIN,B,Open Long,0.9349,535.0,0.225077,0.0,41385.2,0001
1749128109013,FARTCOIN,B,Open Long,0.9349,534.9,0.225035,0.0,41920.2,0001
1749128109013,FARTCOIN,B,Open Long,0.9349,647.2,0.27228,0.0,42455.1,0001
1749128109013,FARTCOIN,B,Open Long,0.9349,321.0,0.135046,0.0,43102.3,0001
1749128109013,FARTCOIN,B,Open Long,0.9349,320.9,0.135004,0.0,43423.3,0001
1749128109013,FARTCOIN,B,Open Long,0.9349,534.9,0.225035,0.0,43744.2,0001
1749128109013,FARTCOIN,B,Open Long,0.9349,534.9,0.225035,0.0,44279.1,0001
1749128109013,FARTCOIN,B,Open Long,0.9349,321.0,0.135046,0.0,44814.0,0001
1749128109013,FARTCOIN,B,Open Long,0.9349,534.9,0.225035,0.0,45135.0,0001
1749128109013,FARTCOIN,B,Open Long,0.9349,321.0,0.135046,0.0,45669.9,0001
1749128109013,FARTCOIN,B,Open Long,0.9349,321.0,0.135046,0.0,45990.9,0001
1749128109013,FARTCOIN,B,Open Long,0.9349,534.9,0.225035,0.0,46311.9,0001
1749128109013,FARTCOIN,B,Open Long,0.935,535.0,0.225101,0.0,46846.8,0001
1749128109013,FARTCOIN,B,Open Long,0.935,534.9,0.225059,0.0,47381.8,0001
1749128109013,FARTCOIN,B,Open Long,0.935,535.0,0.225101,0.0,47916.7,0001
1749128109013,FARTCOIN,B,Open Long,0.935,534.8,0.225017,0.0,48451.7,0001
1749128109013,FARTCOIN,B,Open Long,0.935,535.0,0.225101,0.0,48986.5,0001
1749128109013,FARTCOIN,B,Open Long,0.935,322.0,0.135481,0.0,49521.5,0001
1749128109013,FARTCOIN,B,Open Long,0.935,320.9,0.135018,0.0,49843.5,0001
1749128109013,FARTCOIN,B,Open Long,0.935,349.0,0.146841,0.0,50164.4,0001
1749128109013,FARTCOIN,B,Open Long,0.935,535.0,0.225101,0.0,50513.4,0001
1749128109013,FARTCOIN,B,Open Long,0.935,29234.1,12.300247,0.0,51048.4,0001
1749131367752,FARTCOIN,B,Open Long,0.906,4700.0,0.63873,0.0,80282.5,0002
1749131367819,FARTCOIN,B,Open Long,0.906,200.0,0.027179,0.0,84982.5,0002
1749131368126,FARTCOIN,B,Open Long,0.906,5000.0,0.679499,0.0,85182.5,0002
1749131371081,FARTCOIN,B,Open Long,0.906,3178.3,0.43193,0.0,90182.5,0002
1749131371482,FARTCOIN,B,Open Long,0.906,523.1,0.071089,0.0,93360.8,0002
1749131371997,FARTCOIN,B,Open Long,0.906,3095.9,0.420732,0.0,93883.9,0002
1749131372145,FARTCOIN,B,Open Long,0.906,1108.0,0.150577,0.0,96979.8,0002
1749131465560,FARTCOIN,B,Open Long,0.906,1914.7,0.260207,0.0,98087.8,0002
1749138584368,FARTCOIN,A,Close Long,0.9619,249.7,0.108083,8.195154,100002.5,0003
1749138584368,FARTCOIN,A,Close Long,0.9619,383.1,0.165826,12.573342,99752.8,0003
1749138584368,FARTCOIN,A,Close Long,0.9619,5375.0,2.326595,176.4075,99369.7,0003
1749138584368,FARTCOIN,A,Close Long,0.9619,1039.7,0.450039,34.122954,93994.7,0003
1749138584368,FARTCOIN,A,Close Long,0.9619,2079.1,0.899948,68.236062,92955.0,0003
1749138584368,FARTCOIN,A,Close Long,0.9619,519.8,0.224998,17.059836,90875.9,0003
1749138584368,FARTCOIN,A,Close Long,0.96183,1046.7,0.453036,34.279425,90356.1,0003
1749138584368,FARTCOIN,A,Close Long,0.96175,1559.6,0.674975,50.952132,89309.4,0003
1749138584368,FARTCOIN,A,Close Long,0.9617,3945.0,1.707257,128.6859,87749.8,0003
1749138584368,FARTCOIN,A,Close Long,0.96165,5123.9,2.217329,166.885423,83804.8,0003
1749138584368,FARTCOIN,A,Close Long,0.96162,5301.9,2.294285,172.523826,78680.9,0003
1749138584368,FARTCOIN,A,Close Long,0.96161,2616.6,1.132266,85.117998,73379.0,0003
1749138584368,FARTCOIN,A,Close Long,0.9616,1046.7,0.452928,34.038684,70762.4,0003
1749138584368,FARTCOIN,A,Close Long,0.9615,10624.6,4.596998,344.449532,69715.7,0003
1749138584368,FARTCOIN,A,Close Long,0.9614,1039.4,0.449675,33.593408,59091.1,0003
1749138584368,FARTCOIN,A,Close Long,0.96136,15.0,0.006489,0.4842,58051.7,0003
1749138584368,FARTCOIN,A,Close Long,0.96134,22.5,0.009733,0.72585,58036.7,0003
1749138584368,FARTCOIN,A,Close Long,0.96133,1874.2,0.810776,60.44295,58014.2,0003
1749138584368,FARTCOIN,A,Close Long,0.96132,6279.8,2.716603,202.460752,56140.0,0003
1749138585572,FARTCOIN,A,Close Long,0.96132,17703.0,2.552737,570.74472,49860.2,0003
1749138585860,FARTCOIN,A,Close Long,0.96132,2203.0,0.317668,71.02472,32157.2,0003
1749138586120,FARTCOIN,A,Close Long,0.96132,519.0,0.074838,16.73256,29954.2,0003
1749138588821,FARTCOIN,A,Close Long,0.96132,1039.1,0.149836,33.500584,29435.2,0003
1749138589008,FARTCOIN,A,Close Long,0.96132,560.6,0.080837,18.073744,28396.1,0003
1749138589151,FARTCOIN,A,Close Long,0.96132,1782.3,0.257004,57.461352,27835.5,0003
1749138589357,FARTCOIN,A,Close Long,0.96132,594.2,0.085682,19.157008,26053.2,0003
1749138589436,FARTCOIN,A,Close Long,0.96132,6107.1,0.880631,196.892904,25459.0,0003
1749138589507,FARTCOIN,A,Close Long,0.96132,1162.7,0.167659,37.485448,19351.9,0003
1749138590082,FARTCOIN,A,Close Long,0.96132,3364.5,0.485154,108.47148,18189.2,0003
1749138590565,FARTCOIN,A,Close Long,0.96132,3917.5,0.564895,126.3002,14824.7,0003
1749138592378,FARTCOIN,A,Close Long,0.96132,2600.6,0.375001,83.843344,10907.2,0003
1749138592378,FARTCOIN,A,Close Long,0.96132,631.3,0.091032,20.353112,8306.6,0003
1749138592378,FARTCOIN,A,Close Long,0.96132,3406.5,0.49121,109.82556,7675.3,0003
1749138592378,FARTCOIN,A,Close Long,0.96132,2600.6,0.375001,83.843344,4268.8,0003
1749138592453,FARTCOIN,A,Close Long,0.96132,767.0,0.110599,24.72808,1668.2,0003
1749138592779,FARTCOIN,A,Close Long,0.96132,901.2,0.129951,29.054688,901.2,0003
1749139409185,FARTCOIN,B,Open Long,0.955,761.9,0.109142,0.0,0.0,0004
1749139420591,FARTCOIN,B,Open Long,0.95432,777.3,0.111268,0.0,761.9,0005
1749139629715,FARTCOIN,B,Open Long,0.95365,792.7,0.113393,0.0,1539.2,0006
1749139630469,FARTCOIN,B,Open Long,0.95297,151.6,0.02167,0.0,2331.9,0007
1749139630594,FARTCOIN,B,Open Long,0.95297,52.4,0.00749,0.0,2483.5,0007
1749139632006,FARTCOIN,B,Open Long,0.95297,17.3,0.002472,0.0,2535.9,0007
1749139632006,FARTCOIN,B,Open Long,0.95297,483.0,0.069042,0.0,2553.2,0007
1749139632210,FARTCOIN,B,Open Long,0.95297,103.9,0.014852,0.0,3036.2,0007
1749139635325,FARTCOIN,B,Open Long,0.9523,630.2,0.09002,0.0,3140.1,0008
1749139635552,FARTCOIN,B,Open Long,0.9523,193.4,0.027626,0.0,3770.3,0008
1749140092021,FARTCOIN,B,Open Long,0.95162,839.1,0.119775,0.0,3963.7,0009
1749140102007,FARTCOIN,B,Open Long,0.95095,854.5,0.121888,0.0,4802.8,0010
1749140110877,FARTCOIN,B,Open Long,0.95027,200.0,0.028508,0.0,5657.3,0011
1749140111164,FARTCOIN,B,Open Long,0.95027,526.9,0.075104,0.0,5857.3,0011
1749140111628,FARTCOIN,B,Open Long,0.95027,143.1,0.020397,0.0,6384.2,0011
1749140112249,FARTCOIN,B,Open Long,0.94959,885.4,0.126115,0.0,6527.3,0012
1749140122718,FARTCOIN,B,Open Long,0.94892,278.0,0.039569,0.0,7412.7,0013
1749140124173,FARTCOIN,B,Open Long,0.94892,346.0,0.049248,0.0,7690.7,0013
1749140125051,FARTCOIN,B,Open Long,0.94892,276.9,0.039413,0.0,8036.7,0013
1749140126527,FARTCOIN,B,Open Long,0.94824,356.1,0.05065,0.0,8313.6,0014
1749140126679,FARTCOIN,B,Open Long,0.94824,560.2,0.07968,0.0,8669.7,0014
1749140127806,FARTCOIN,B,Open Long,0.94757,931.7,0.132427,0.0,9229.9,0015
1749140148042,FARTCOIN,B,Open Long,0.94689,86.7,0.012314,0.0,10161.6,0016
1749140149077,FARTCOIN,B,Open Long,0.94689,14.5,0.002059,0.0,10248.3,0016
1749140149337,FARTCOIN,B,Open Long,0.94689,846.0,0.12016,0.0,10262.8,0016
1749140161072,FARTCOIN,B,Open Long,0.94622,962.6,0.136624,0.0,11108.8,0017
1749140207983,FARTCOIN,B,Open Long,0.94554,506.8,0.071879,0.0,12071.4,0018
1749140208889,FARTCOIN,B,Open Long,0.94554,200.0,0.028366,0.0,12578.2,0018
1749140208889,FARTCOIN,B,Open Long,0.94554,199.9,0.028352,0.0,12778.2,0018
1749140209089,FARTCOIN,B,Open Long,0.94554,14.5,0.002056,0.0,12978.1,0018
1749140209089,FARTCOIN,B,Open Long,0.94554,56.9,0.00807,0.0,12992.6,0018
1749140209089,FARTCOIN,B,Open Long,0.94486,993.5,0.140807,0.0,13049.5,0019
1749140209089,FARTCOIN,B,Open Long,0.94419,1009.0,0.142903,0.0,14043.0,0020
1749140214576,FARTCOIN,B,Open Long,0.94351,1024.4,0.144979,0.0,15052.0,0021
1749140241789,FARTCOIN,B,Open Long,0.94284,1039.8,0.147054,0.0,16076.4,0022
1749140251039,FARTCOIN,B,Open Long,0.94216,1055.3,0.149139,0.0,17116.2,0023
1749140254789,FARTCOIN,B,Open Long,0.94149,1070.7,0.151208,0.0,18171.5,0024
1749140305042,FARTCOIN,B,Open Long,0.94081,517.5,0.07303,0.0,19242.2,0025
1749140305162,FARTCOIN,B,Open Long,0.94081,200.0,0.028224,0.0,19759.7,0025
1749140305162,FARTCOIN,B,Open Long,0.94081,199.8,0.028196,0.0,19959.7,0025
1749140305162,FARTCOIN,B,Open Long,0.94081,168.9,0.023835,0.0,20159.5,0025
1749140305794,FARTCOIN,B,Open Long,0.94014,1101.6,0.155348,0.0,20328.4,0026
1749140307773,FARTCOIN,B,Open Long,0.93946,1117.1,0.15742,0.0,21430.0,0027
1749140309177,FARTCOIN,B,Open Long,0.93878,1132.5,0.159475,0.0,22547.1,0028
1749140311158,FARTCOIN,B,Open Long,0.93811,1148.0,0.161542,0.0,23679.6,0029
1749140314536,FARTCOIN,B,Open Long,0.93743,1163.4,0.16359,0.0,24827.6,0030
1749140341040,FARTCOIN,B,Open Long,0.93676,1178.8,0.165637,0.0,25991.0,0031
1749140359680,FARTCOIN,B,Open Long,0.93608,1194.3,0.167694,0.0,27169.8,0032
1749140359894,FARTCOIN,B,Open Long,0.93541,1209.7,0.169734,0.0,28364.1,0033
1749140360443,FARTCOIN,B,Open Long,0.93473,199.8,0.028013,0.0,29573.8,0034
1749140360443,FARTCOIN,B,Open Long,0.93473,199.8,0.028013,0.0,29773.6,0034
1749140360443,FARTCOIN,B,Open Long,0.93473,825.6,0.115756,0.0,29973.4,0034
1749140583792,FARTCOIN,B,Open Long,0.93405,1240.6,0.173817,0.0,30799.0,0035
1749140586707,FARTCOIN,B,Open Long,0.93338,57.9,0.008106,0.0,32039.6,0036
1749140587314,FARTCOIN,B,Open Long,0.93338,914.7,0.128064,0.0,32097.5,0036
1749140991702,FARTCOIN,B,Open Long,0.93338,283.5,0.039691,0.0,33012.2,0036
1749140991702,FARTCOIN,B,Open Long,0.9327,1271.5,0.177889,0.0,33295.7,0037
1749140991702,FARTCOIN,B,Open Long,0.93203,1287.0,0.179928,0.0,34567.2,0038
1749140991702,FARTCOIN,B,Open Long,0.93135,1302.4,0.181948,0.0,35854.2,0039
1749140991702,FARTCOIN,B,Open Long,0.93068,1317.8,0.183967,0.0,37156.6,0040
1749140991702,FARTCOIN,B,Open Long,0.93,1333.3,0.185995,0.0,38474.4,0041
1749141004627,FARTCOIN,B,Open Long,0.92932,122.0,0.017006,0.0,39807.7,0042
1749141005043,FARTCOIN,B,Open Long,0.92932,23.4,0.003261,0.0,39929.7,0042
1749141005129,FARTCOIN,B,Open Long,0.92932,537.0,0.074856,0.0,39953.1,0042
1749141005129,FARTCOIN,B,Open Long,0.92932,666.3,0.09288,0.0,40490.1,0042
1749141020347,FARTCOIN,B,Open Long,0.92865,1364.2,0.190029,0.0,41156.4,0043
1749141024036,FARTCOIN,B,Open Long,0.92797,217.1,0.030219,0.0,42520.6,0044
1749141029155,FARTCOIN,B,Open Long,0.92797,1162.5,0.161814,0.0,42737.7,0044
1749141064388,FARTCOIN,B,Open Long,0.9273,1395.1,0.194051,0.0,43900.2,0045
1749141069315,FARTCOIN,B,Open Long,0.92662,181.1,0.025171,0.0,45295.3,0046
1749141069574,FARTCOIN,B,Open Long,0.92662,1229.4,0.170877,0.0,45476.4,0046
1749141070010,FARTCOIN,B,Open Long,0.92595,200.0,0.027778,0.0,46705.8,0047
1749141070010,FARTCOIN,B,Open Long,0.92595,539.6,0.074946,0.0,46905.8,0047
1749141070010,FARTCOIN,B,Open Long,0.92595,686.3,0.095321,0.0,47445.4,0047
1749141558956,FARTCOIN,B,Open Long,0.92527,1441.4,0.200052,0.0,48131.7,0048
1749141582448,FARTCOIN,B,Open Long,0.92459,1456.8,0.202041,0.0,49573.1,0049
1749141582448,FARTCOIN,B,Open Long,0.92392,1472.3,0.204043,0.0,51029.9,0050
1749141586295,FARTCOIN,B,Open Long,0.92324,1487.7,0.206025,0.0,52502.2,0051
1749141586295,FARTCOIN,B,Open Long,0.92257,1503.2,0.208021,0.0,53989.9,0052
1749141622396,FARTCOIN,B,Open Long,0.92189,1518.6,0.209997,0.0,55493.1,0053
1749141622396,FARTCOIN,B,Open Long,0.92122,1534.1,0.211986,0.0,57011.7,0054
1749141626388,FARTCOIN,B,Open Long,0.92054,1454.1,0.200783,0.0,58545.8,0055
1749141626920,FARTCOIN,B,Open Long,0.92054,95.4,0.013172,0.0,59999.9,0055
1749141633890,FARTCOIN,B,Open Long,0.91986,1564.9,0.215923,0.0,60095.3,0056
1749141633890,FARTCOIN,B,Open Long,0.91919,1580.4,0.217903,0.0,61660.2,0057
1749143255780,FARTCOIN,A,Close Long,0.948,1055.2,0.450148,13.802016,63240.6,0058
1749143255780,FARTCOIN,A,Close Long,0.94788,1038.6,0.44301,13.460256,62185.4,0058
1749143255780,FARTCOIN,A,Close Long,0.9478,1055.4,0.450138,13.593552,61146.8,0058
1749143255780,FARTCOIN,A,Close Long,0.94771,1075.8,0.458795,13.759482,60091.4,0058
1749143255780,FARTCOIN,A,Close Long,0.9477,1038.5,0.442883,13.27203,59015.6,0058
1749143255780,FARTCOIN,A,Close Long,0.9477,1055.2,0.450005,13.485456,57977.1,0058
1749143255780,FARTCOIN,A,Close Long,0.9476,526.4,0.224467,6.674752,56921.9,0058
1749143255780,FARTCOIN,A,Close Long,0.9476,1055.2,0.449958,13.379936,56395.5,0058
1749143255780,FARTCOIN,A,Close Long,0.94754,2987.9,1.274019,37.707298,55340.3,0058
1749143255780,FARTCOIN,A,Close Long,0.94752,6464.3,2.756274,81.45018,52352.4,0058
1749143255780,FARTCOIN,A,Close Long,0.94751,1380.2,0.588488,17.376718,45888.1,0058
1749143255987,FARTCOIN,A,Close Long,0.9475,4869.3,0.692049,61.255794,44507.9,0058
1749143257014,FARTCOIN,A,Close Long,0.9475,13067.8,1.857261,164.392924,39638.6,0058
1749143257069,FARTCOIN,A,Close Long,0.9475,2093.0,0.297467,26.32994,26570.8,0058
1749143257069,FARTCOIN,A,Close Long,0.9475,24477.8,3.478907,307.930724,24477.8,0058
1749228398585,FARTCOIN,B,Open Long,1.0025,359.7,0.162269,0.0,0.0,0059
1749228398585,FARTCOIN,B,Open Long,1.0026,194.0,0.087526,0.0,359.7,0059
1749228398585,FARTCOIN,B,Open Long,1.0026,194.0,0.087526,0.0,553.7,0059
1749228398585,FARTCOIN,B,Open Long,1.0026,5104.3,2.302907,0.0,747.7,0059
1749228398585,FARTCOIN,B,Open Long,1.0027,1890.9,0.853202,0.0,5852.0,0059
1749228398585,FARTCOIN,B,Open Long,1.0027,998.1,0.450357,0.0,7742.9,0059
1749228398585,FARTCOIN,B,Open Long,1.0027,369.4,0.166678,0.0,8741.0,0059
1749228398585,FARTCOIN,B,Open Long,1.0027,369.4,0.166678,0.0,9110.4,0059
1749228398585,FARTCOIN,B,Open Long,1.0027,362.1,0.163384,0.0,9479.8,0059
1749228398585,FARTCOIN,B,Open Long,1.0027,1900.0,0.857308,0.0,9841.9,0059
1749228398585,FARTCOIN,B,Open Long,1.0027,369.4,0.166678,0.0,11741.9,0059
1749228398585,FARTCOIN,B,Open Long,1.0027,299.3,0.135048,0.0,12111.3,0059
1749228398585,FARTCOIN,B,Open Long,1.0027,498.7,0.22502,0.0,12410.6,0059
1749228398585,FARTCOIN,B,Open Long,1.0027,498.7,0.22502,0.0,12909.3,0059
1749228398585,FARTCOIN,B,Open Long,1.0027,862.8,0.389308,0.0,13408.0,0059
1749228398585,FARTCOIN,B,Open Long,1.0027,498.7,0.22502,0.0,14270.8,0059
1749228398585,FARTCOIN,B,Open Long,1.0027,299.3,0.135048,0.0,14769.5,0059
1749228398585,FARTCOIN,B,Open Long,1.0027,299.3,0.135048,0.0,15068.8,0059
1749228398585,FARTCOIN,B,Open Long,1.0027,299.2,0.135003,0.0,15368.1,0059
1749228398585,FARTCOIN,B,Open Long,1.0028,2455.4,1.108023,0.0,15667.3,0059
1749228398585,FARTCOIN,B,Open Long,1.0028,362.1,0.163401,0.0,18122.7,0059
1749228398585,FARTCOIN,B,Open Long,1.0028,362.1,0.163401,0.0,18484.8,0059
1749228398585,FARTCOIN,B,Open Long,1.0028,6153.1,2.776647,0.0,18846.9,0059
1749229205760,FARTCOIN,A,Close Long,0.9964,241.9,0.108463,-1.526389,25000.0,0060
1749229205760,FARTCOIN,A,Close Long,0.9964,501.8,0.224997,-3.166358,24758.1,0060
1749229205760,FARTCOIN,A,Close Long,0.9964,514.2,0.230556,-3.244602,24256.3,0060
1749229205760,FARTCOIN,A,Close Long,0.99635,546.3,0.244937,-3.474468,23742.1,0060
1749229205760,FARTCOIN,A,Close Long,0.9963,1000.0,0.448335,-6.41,23195.8,0060
1749229205760,FARTCOIN,A,Close Long,0.99626,535.6,0.240118,-3.45462,22195.8,0060
1749229205760,FARTCOIN,A,Close Long,0.99617,1051.5,0.471362,-6.87681,21660.2,0060
1749229205760,FARTCOIN,A,Close Long,0.99612,2455.4,1.100642,-16.181086,20608.7,0060
1749229205760,FARTCOIN,A,Close Long,0.9961,1000.0,0.448245,-6.61,18153.3,0060
1749229205760,FARTCOIN,A,Close Long,0.9961,1000.0,0.448245,-6.61,17153.3,0060
1749229205760,FARTCOIN,A,Close Long,0.99609,1380.2,0.618661,-9.136924,16153.3,0060
1749229205760,FARTCOIN,A,Close Long,0.99606,1208.7,0.541771,-8.037855,14773.1,0060
1749229205760,FARTCOIN,A,Close Long,0.99605,599.4,0.268664,-3.992004,13564.4,0060
1749229205760,FARTCOIN,A,Close Long,0.99605,210.9,0.09453,-1.404594,12965.0,0060
1749229205883,FARTCOIN,A,Close Long,0.99605,610.5,0.091213,-4.06593,12754.1,0060
1749229205891,FARTCOIN,A,Close Long,0.99605,205.9,0.030763,-1.371294,12143.6,0060
1749229206001,FARTCOIN,A,Close Long,0.99605,4563.5,0.681821,-30.39291,11937.7,0060
1749229206001,FARTCOIN,A,Close Long,0.99605,205.9,0.030763,-1.371294,7374.2,0060
1749229207038,FARTCOIN,A,Close Long,0.99605,234.9,0.035095,-1.564434,7168.3,0060
1749229207423,FARTCOIN,A,Close Long,0.99605,1124.3,0.167978,-7.487838,6933.4,0060
1749229207514,FARTCOIN,A,Close Long,0.99605,652.9,0.097548,-4.348314,5809.1,0060
1749229207514,FARTCOIN,A,Close Long,0.99605,1057.9,0.158058,-7.045614,5156.2,0060
1749229207514,FARTCOIN,A,Close Long,0.99605,682.2,0.101925,-4.543452,4098.3,0060
1749229207514,FARTCOIN,A,Close Long,0.99605,3416.1,0.51039,-22.751226,3416.1,0060
1749232741123,FARTCOIN,B,Open Long,0.98719,284.0,0.126162,0.0,0.0,0061
1749232741123,FARTCOIN,B,Open Long,0.9872,405.1,0.179961,0.0,284.0,0061
1749232741123,FARTCOIN,B,Open Long,0.9873,4066.6,1.806729,0.0,689.1,0061
1749232741123,FARTCOIN,B,Open Long,0.9873,303.9,0.135018,0.0,4755.7,0061
1749232741123,FARTCOIN,B,Open Long,0.9873,367.7,0.163363,0.0,5059.6,0061
1749232741123,FARTCOIN,B,Open Long,0.9873,303.9,0.135018,0.0,5427.3,0061
1749232741123,FARTCOIN,B,Open Long,0.9873,612.8,0.272257,0.0,5731.2,0061
1749232741123,FARTCOIN,B,Open Long,0.9873,303.9,0.135018,0.0,6344.0,0061
1749232741123,FARTCOIN,B,Open Long,0.9873,303.9,0.135018,0.0,6647.9,0061
1749232741123,FARTCOIN,B,Open Long,0.9873,506.5,0.22503,0.0,6951.8,0061
1749232741123,FARTCOIN,B,Open Long,0.9873,506.5,0.22503,0.0,7458.3,0061
1749232741123,FARTCOIN,B,Open Long,0.9873,506.5,0.22503,0.0,7964.8,0061
1749232741123,FARTCOIN,B,Open Long,0.9873,375.2,0.166695,0.0,8471.3,0061
1749232741123,FARTCOIN,B,Open Long,0.9873,506.5,0.22503,0.0,8846.5,0061
1749232741123,FARTCOIN,B,Open Long,0.98734,284.7,0.126493,0.0,9353.0,0061
1749232741123,FARTCOIN,B,Open Long,0.9874,506.4,0.225008,0.0,9637.7,0061
1749232741123,FARTCOIN,B,Open Long,0.9874,506.4,0.225008,0.0,10144.1,0061
1749232741123,FARTCOIN,B,Open Long,0.9874,506.4,0.225008,0.0,10650.5,0061
1749232741123,FARTCOIN,B,Open Long,0.98745,1900.0,0.844269,0.0,11156.9,0061
1749232741123,FARTCOIN,B,Open Long,0.98748,1030.5,0.457919,0.0,13056.9,0061
1749232741123,FARTCOIN,B,Open Long,0.9875,607.8,0.270091,0.0,14087.4,0061
1749232741123,FARTCOIN,B,Open Long,0.9875,303.9,0.135045,0.0,14695.2,0061
1749232741123,FARTCOIN,B,Open Long,0.9875,303.9,0.135045,0.0,14999.1,0061
1749232741123,FARTCOIN,B,Open Long,0.9875,303.9,0.135045,0.0,15303.0,0061
1749232741123,FARTCOIN,B,Open Long,0.9875,612.7,0.272268,0.0,15606.9,0061
1749232741123,FARTCOIN,B,Open Long,0.9875,367.7,0.163396,0.0,16219.6,0061
1749232741123,FARTCOIN,B,Open Long,0.9875,367.6,0.163352,0.0,16587.3,0061
1749232741123,FARTCOIN,B,Open Long,0.9875,392.9,0.174594,0.0,16954.9,0061
1749232741123,FARTCOIN,B,Open Long,0.9875,506.4,0.225031,0.0,17347.8,0061
1749232741123,FARTCOIN,B,Open Long,0.9875,392.3,0.174328,0.0,17854.2,0061
1749232741123,FARTCOIN,B,Open Long,0.9875,5003.0,2.223208,0.0,18246.5,0061
1749232741123,FARTCOIN,B,Open Long,0.98753,291.2,0.129405,0.0,23249.5,0061
1749232741123,FARTCOIN,B,Open Long,0.98753,264.7,0.117629,0.0,23540.7,0061
1749232741123,FARTCOIN,B,Open Long,0.98758,1194.6,0.530893,0.0,23805.4,0061
1749234153796,FARTCOIN,A,Close Long,0.9743,952.3,0.417521,-12.484653,25000.0,0062
1749234153796,FARTCOIN,A,Close Long,0.9742,2049.5,0.89848,-27.073895,24047.7,0062
1749234153796,FARTCOIN,A,Close Long,0.9742,513.2,0.224981,-6.779372,21998.2,0062
1749234153796,FARTCOIN,A,Close Long,0.9742,1026.4,0.449963,-13.558744,21485.0,0062
1749234153796,FARTCOIN,A,Close Long,0.9742,1222.5,0.535931,-16.149225,20458.6,0062
1749234153796,FARTCOIN,A,Close Long,0.97415,1030.5,0.451737,-13.66443,19236.1,0062
1749234153796,FARTCOIN,A,Close Long,0.97409,5200.1,2.279414,-69.265332,18205.6,0062
1749234153796,FARTCOIN,A,Close Long,0.974,604.3,0.264864,-8.103663,13005.5,0062
1749234153796,FARTCOIN,A,Close Long,0.974,611.2,0.267888,-8.196192,12401.2,0062
1749234153796,FARTCOIN,A,Close Long,0.97396,361.4,0.158395,-4.86083,11790.0,0062
1749234153796,FARTCOIN,A,Close Long,0.97392,1030.5,0.451631,-13.901445,11428.6,0062
1749234153796,FARTCOIN,A,Close Long,0.9739,3817.0,1.672819,-51.56767,10398.1,0062
1749234153796,FARTCOIN,A,Close Long,0.97388,1200.9,0.526289,-16.248177,6581.1,0062
1749234153796,FARTCOIN,A,Close Long,0.97382,1491.0,0.653384,-20.26269,5380.2,0062
1749234153796,FARTCOIN,A,Close Long,0.9738,2455.4,1.07598,-33.417994,3889.2,0062
1749234153796,FARTCOIN,A,Close Long,0.9738,668.0,0.292724,-9.09148,1433.8,0062
1749234153796,FARTCOIN,A,Close Long,0.9738,371.0,0.162575,-5.04931,765.8,0062
1749234153796,FARTCOIN,A,Close Long,0.9738,394.8,0.173005,-5.373228,394.8,0062
1749389093917,MKR,B,Open Long,1757.7,0.7352,0.581517,0.0,0.0,0063
1749389093917,MKR,B,Open Long,1757.7,0.0686,0.05426,0.0,0.7352,0063
1749389093917,MKR,B,Open Long,1757.7,0.0686,0.05426,0.0,0.8038,0063
1749389093917,MKR,B,Open Long,1757.7,0.0686,0.05426,0.0,0.8724,0063
1749389093917,MKR,B,Open Long,1757.7,0.0635,0.050226,0.0,0.941,0063
1749389093917,MKR,B,Open Long,1757.7,0.0635,0.050226,0.0,1.0045,0063
1749389093917,MKR,B,Open Long,1757.7,0.0446,0.035277,0.0,1.068,0063
1749389093917,MKR,B,Open Long,1757.7,0.0446,0.035277,0.0,1.1126,0063
1749389093917,MKR,B,Open Long,1757.7,0.0446,0.035277,0.0,1.1572,0063
1749389093917,MKR,B,Open Long,1757.7,0.0446,0.035277,0.0,1.2018,0063
1749389093917,MKR,B,Open Long,1757.7,0.0446,0.035277,0.0,1.2464,0063
1749389093917,MKR,B,Open Long,1757.7,0.0503,0.039785,0.0,1.291,0063
1749389093917,MKR,B,Open Long,1757.7,1.1606,0.917993,0.0,1.3413,0063
1749389093917,MKR,B,Open Long,1757.7,0.1179,0.093254,0.0,2.5019,0063
1749389093917,MKR,B,Open Long,1757.7,0.1209,0.095627,0.0,2.6198,0063
1749389093917,MKR,B,Open Long,1757.7,0.1195,0.09452,0.0,2.7407,0063
1749389093917,MKR,B,Open Long,1757.8,5.1939,4.108426,0.0,2.8602,0063
1749389093917,MKR,B,Open Long,1757.9,1.2799,1.012471,0.0,8.0541,0063
1749389093917,MKR,B,Open Long,1758.2,0.6,0.474714,0.0,9.334,0063
1749389093917,MKR,B,Open Long,1758.2,0.2131,0.168602,0.0,9.934,0063
1749389093917,MKR,B,Open Long,1758.2,0.2107,0.166703,0.0,10.1471,0063
1749389093917,MKR,B,Open Long,1758.3,1.0258,0.811648,0.0,10.3578,0063
1749391794509,COMP,B,Open Long,47.193,7.33,0.155666,0.0,0.0,0064
1749391794509,COMP,B,Open Long,47.194,60.42,1.283157,0.0,7.33,0064
1749391794509,COMP,B,Open Long,47.194,9.02,0.19156,0.0,67.75,0064
1749391794509,COMP,B,Open Long,47.203,7.88,0.167381,0.0,76.77,0064
1749391794509,COMP,B,Open Long,47.219,25.36,0.538863,0.0,84.65,0064
1749391794509,COMP,B,Open Long,47.231,95.42,2.028051,0.0,110.01,0064
1749391794509,COMP,B,Open Long,47.244,59.54,1.265808,0.0,205.43,0064
1749475405648,ETH,B,Open Long,2544.9,13.7504,15.747026,0.0,0.0,0065
1749475405648,ETH,B,Open Long,2544.9,10.4846,12.007016,0.0,13.7504,0065
1749520009532,COMP,A,Close Long,54.939,5.92,0.048785,45.689968,264.97,0066
1749520018782,COMP,A,Close Long,54.939,36.4,0.299966,280.93156,259.05,0066
1749520018909,COMP,A,Close Long,54.939,0.91,0.007499,7.023289,222.65,0066
1749520018909,COMP,A,Close Long,54.939,0.64,0.005274,4.939456,221.74,0066
1749520018909,COMP,A,Close Long,54.939,23.39,0.192753,180.521681,221.1,0066
1749520019588,COMP,A,Close Long,54.939,5.92,0.048785,45.689968,197.71,0066
1749520019969,COMP,A,Close Long,54.939,43.48,0.358312,335.574292,191.79,0066
1749520020134,COMP,A,Close Long,54.939,2.13,0.017553,16.439127,148.31,0066
1749520020134,COMP,A,Close Long,54.939,24.01,0.197862,185.306779,146.18,0066
1749520020191,COMP,A,Close Long,54.939,7.33,0.060405,56.572207,122.17,0066
1749520020574,COMP,A,Close Long,54.939,69.52,0.572903,536.548408,114.84,0066
1749520020574,COMP,A,Close Long,54.939,23.39,0.192753,180.521681,45.32,0066
1749520020777,COMP,A,Close Long,54.939,0.91,0.007499,7.023289,21.93,0066
1749520020777,COMP,A,Close Long,54.939,1.97,0.016234,15.204263,21.02,0066
1749520020932,COMP,A,Close Long,54.939,19.04,0.156905,146.948816,19.05,0066
1749520041153,COMP,A,Close Long,55.245,0.01,0.000248,0.080239,0.01,0067
1749559822224,JUP,B,Open Long,0.49145,500.0,0.110576,0.0,0.0,0068
1749559822224,JUP,B,Open Long,0.49176,1016.0,0.224832,0.0,500.0,0068
1749559822224,JUP,B,Open Long,0.4918,800.0,0.177048,0.0,1516.0,0068
1749559822224,JUP,B,Open Long,0.49188,657.0,0.145424,0.0,2316.0,0068
1749559822224,JUP,B,Open Long,0.49188,692.0,0.153171,0.0,2973.0,0068
1749559822224,JUP,B,Open Long,0.49194,992.0,0.219602,0.0,3665.0,0068
1749559822224,JUP,B,Open Long,0.49194,207.0,0.045824,0.0,4657.0,0068
1749559822224,JUP,B,Open Long,0.49196,4169.0,0.922941,0.0,4864.0,0068
1749559822224,JUP,B,Open Long,0.49196,21466.0,4.752186,0.0,9033.0,0068
1749559985512,KAITO,B,Open Long,1.7904,177.0,0.142605,0.0,0.0,0069
1749559985512,KAITO,B,Open Long,1.7904,180.0,0.145022,0.0,177.0,0069
1749559985512,KAITO,B,Open Long,1.7905,1672.0,1.347172,0.0,357.0,0069
1749559985512,KAITO,B,Open Long,1.791,624.0,0.502912,0.0,2029.0,0069
1749559985512,KAITO,B,Open Long,1.7914,447.0,0.36034,0.0,2653.0,0069
1749559985512,KAITO,B,Open Long,1.7914,1177.0,0.948815,0.0,3100.0,0069
1749561891504,JUP,A,Close Long,0.49205,4532.0,0.334495,0.516648,30499.0,0072
1749561891841,JUP,A,Close Long,0.49205,10213.0,0.753795,1.164282,25967.0,0072
1749561891908,KAITO,A,Close Long,1.7812,40.0,0.032061,-0.38824,4277.0,0073
1749561891908,KAITO,A,Close Long,1.7812,400.0,0.320616,-3.8824,4237.0,0073
1749561895549,ETH,A,Close Long,2771.0,3.022,1.256094,683.2742,24.235,0070
1749561895549,JUP,A,Close Long,0.49205,15754.0,1.162763,1.795956,15754.0,0072
1749561895549,ETH,A,Close Long,2771.0,4.5506,1.891456,1028.89066,21.213,0070
1749561896022,ETH,A,Close Long,2771.0,0.0366,0.015212,8.27526,16.6624,0070
1749561896428,ETH,A,Close Long,2771.0,9.1101,3.786613,2059.79361,16.6258,0070
1749561896743,ETH,A,Close Long,2771.0,1.3638,0.566863,308.35518,7.5157,0070
1749561896743,ETH,A,Close Long,2771.0,1.364,0.566946,308.4004,6.1519,0070
1749561897349,KAITO,A,Close Long,1.7811,1024.0,0.273576,-10.041344,3837.0,0073
1749561897641,KAITO,A,Close Long,1.7811,1036.0,0.276782,-10.159016,2813.0,0073
1749561899122,ETH,A,Close Long,2771.0,0.0197,0.008188,4.45417,4.7879,0070
1749561901028,ETH,A,Close Long,2771.0,0.0243,0.0101,5.49423,4.7682,0070
1749561902070,ETH,A,Close Long,2771.0,0.0089,0.003699,2.01229,4.7439,0070
1749561903000,ETH,A,Close Long,2771.0,1.6598,0.689895,375.28078,4.735,0070
1749561912115,ETH,A,Close Long,2771.0,0.5525,0.229646,124.92025,3.0752,0070
1749561912594,MKR,A,Close Long,2162.0,1.764,0.572065,712.90296,11.3836,0071
1749561912594,MKR,A,Close Long,2162.0,0.2893,0.093819,116.917702,9.6196,0071
1749561913022,ETH,A,Close Long,2771.0,0.0071,0.002951,1.60531,2.5227,0070
1749561913382,MKR,A,Close Long,2162.0,9.3303,3.025816,3770.747442,9.3303,0071
1749561914460,ETH,A,Close Long,2771.0,2.5156,1.045609,568.77716,2.5156,0070
1749561915006,KAITO,A,Close Long,1.7811,20.0,0.005343,-0.19612,1777.0,0073
1749561918267,KAITO,A,Close Long,1.7811,1276.0,0.340902,-12.512456,1757.0,0073
1749561918346,KAITO,A,Close Long,1.7811,481.0,0.128506,-4.716686,481.0,0073
1749563573861,JUP,B,Open Long,0.48212,31107.0,6.748788,0.0,0.0,0074
1749563779376,KAITO,B,Open Long,1.7581,400.0,0.316458,0.0,0.0,0076
1749563779376,KAITO,B,Open Long,1.7581,284.0,0.224685,0.0,400.0,0076
1749563779376,KAITO,B,Open Long,1.7582,592.0,0.468384,0.0,684.0,0076
1749563779376,KAITO,B,Open Long,1.7582,501.0,0.396386,0.0,1276.0,0076
1749563779376,KAITO,B,Open Long,1.7583,256.0,0.202556,0.0,1777.0,0076
1749563779376,KAITO,B,Open Long,1.7583,285.0,0.225501,0.0,2033.0,0076
1749563779376,KAITO,B,Open Long,1.7585,639.0,0.505656,0.0,2318.0,0076
1749563779376,KAITO,B,Open Long,1.7585,468.0,0.37034,0.0,2957.0,0076
1749563779376,KAITO,B,Open Long,1.7587,523.0,0.41391,0.0,3425.0,0076
1749563779376,KAITO,B,Open Long,1.7589,668.0,0.528725,0.0,3948.0,0076
1749563779376,KAITO,B,Open Long,1.7589,3088.0,2.444167,0.0,4616.0,0076
1749563779376,KAITO,B,Open Long,1.7591,543.0,0.429836,0.0,7704.0,0076
1749563779376,KAITO,B,Open Long,1.7591,290.0,0.229562,0.0,8247.0,0076
1749563937337,MKR,B,Open Long,2150.8,0.1794,0.173634,0.0,0.0,0078
1749563937337,MKR,B,Open Long,2151.1,0.5707,0.552434,0.0,0.1794,0078
1749563937337,MKR,B,Open Long,2151.2,0.1622,0.157016,0.0,0.7501,0078
1749563937337,MKR,B,Open Long,2151.2,0.9232,0.893694,0.0,0.9123,0078
1749563937337,MKR,B,Open Long,2151.2,0.1523,0.147432,0.0,1.8355,0078
1749563937337,MKR,B,Open Long,2151.2,0.5784,0.559914,0.0,1.9878,0078
1749563937337,MKR,B,Open Long,2151.2,0.7874,0.762234,0.0,2.5662,0078
1749563938652,MKR,B,Open Long,2151.5,0.2597,0.083811,0.0,3.3536,0078
1749563939825,MKR,B,Open Long,2151.5,0.3275,0.105692,0.0,3.6133,0078
1749563940753,MKR,B,Open Long,2151.5,1.7938,0.578904,0.0,3.9408,0078
1749563940884,MKR,B,Open Long,2151.5,0.3275,0.105692,0.0,5.7346,0078
1749563970892,MKR,B,Open Long,2151.5,0.9295,0.299972,0.0,6.0621,0078
1749563972986,MKR,B,Open Long,2151.5,2.3042,0.743622,0.0,6.9916,0078
1749565939597,KAITO,A,Close Long,1.7425,1845.0,1.44671,-29.820735,8537.0,0077
1749565939597,KAITO,A,Close Long,1.7424,168.0,0.131725,-2.732184,6692.0,0077
1749565939597,KAITO,A,Close Long,1.742,287.0,0.224979,-4.782281,6524.0,0077
1749565939597,KAITO,A,Close Long,1.7419,308.0,0.241427,-5.163004,6237.0,0077
1749565939597,KAITO,A,Close Long,1.7418,475.0,0.372309,-8.009925,5929.0,0077
1749565939597,KAITO,A,Close Long,1.7418,332.0,0.260224,-5.598516,5454.0,0077
1749565939597,KAITO,A,Close Long,1.7418,4256.0,3.335895,-71.768928,5122.0,0077
1749565939597,KAITO,A,Close Long,1.741,399.0,0.312596,-7.047537,866.0,0077
1749565939597,KAITO,A,Close Long,1.7408,467.0,0.365829,-8.342021,467.0,0077
1749565952804,JUP,A,Close Long,0.4755,41.0,0.008772,-0.27142,31107.0,0075
1749565952804,JUP,A,Close Long,0.47499,1521.0,0.325106,-10.84473,31066.0,0075
1749565952804,JUP,A,Close Long,0.47498,1373.0,0.293466,-9.80322,29545.0,0075
1749565952804,JUP,A,Close Long,0.47497,207.0,0.044243,-1.48005,28172.0,0075
1749565952804,JUP,A,Close Long,0.47496,1636.0,0.349665,-11.71376,27965.0,0075
1749565952804,JUP,A,Close Long,0.47496,2759.0,0.589686,-19.75444,26329.0,0075
1749565952804,JUP,A,Close Long,0.47493,23570.0,5.037345,-169.4683,23570.0,0075
1749567121377,MKR,A,Close Long,2117.0,0.3275,0.103997,-11.256175,9.2958,0079
1749567181440,MKR,A,Close Long,2117.0,0.1638,0.052014,-5.629806,8.9683,0079
1749567181440,MKR,A,Close Long,2117.0,0.5881,0.186751,-20.212997,8.8045,0079
1749567182581,MKR,A,Close Long,2117.0,0.1638,0.052014,-5.629806,8.2164,0079
1749567183417,MKR,A,Close Long,2117.0,0.0123,0.003905,-0.422751,8.0526,0079
1749567183826,MKR,A,Close Long,2117.0,0.1638,0.052014,-5.629806,8.0403,0079
1749567184310,MKR,A,Close Long,2117.0,0.295,0.093677,-10.13915,7.8765,0079
1749567184518,MKR,A,Close Long,2117.0,0.0121,0.003842,-0.415877,7.5815,0079
1749567185597,MKR,A,Close Long,2117.0,0.7874,0.250038,-27.062938,7.5694,0079
1749567185852,MKR,A,Close Long,2117.0,0.015,0.004763,-0.51555,6.782,0079
1749567185852,MKR,A,Close Long,2117.0,0.0903,0.028674,-3.103611,6.767,0079
1749567186027,MKR,A,Close Long,2117.0,0.015,0.004763,-0.51555,6.6767,0079
1749567186859,MKR,A,Close Long,2117.0,0.015,0.004763,-0.51555,6.6617,0079
1749567186976,MKR,A,Close Long,2117.0,0.015,0.004763,-0.51555,6.6467,0079
1749567193360,MKR,A,Close Long,2117.0,0.5881,0.186751,-20.212997,6.6317,0079
1749567206919,MKR,A,Close Long,2117.0,0.5591,0.177542,-19.216267,6.0436,0079
1749567223654,MKR,A,Close Long,2117.0,0.3793,0.120446,-13.036541,5.4845,0079
1749567229698,MKR,A,Close Long,2117.0,0.5881,0.186751,-20.212997,5.1052,0079
1749567229766,MKR,A,Close Long,2117.0,0.295,0.093677,-10.13915,4.5171,0079
1749567229970,MKR,A,Close Long,2117.0,0.7874,0.250038,-27.062938,4.2221,0079
1749567229970,MKR,A,Close Long,2117.0,0.4261,0.135308,-14.645057,3.4347,0079
1749567229970,MKR,A,Close Long,2117.0,0.4439,0.14096,-15.256843,3.0086,0079
1749567230112,MKR,A,Close Long,2117.0,0.4517,0.143437,-15.524929,2.5647,0079
1749567230112,MKR,A,Close Long,2117.0,0.0496,0.01575,-1.704752,2.113,0079
1749567230112,MKR,A,Close Long,2117.0,0.0642,0.020386,-2.206554,2.0634,0079
1749567230112,MKR,A,Close Long,2117.0,0.4142,0.131529,-14.236054,1.9992,0079
1749567230198,MKR,A,Close Long,2117.0,0.5784,0.18367,-19.879608,1.585,0079
1749567230404,MKR,A,Close Long,2117.0,0.109,0.034612,-3.74633,1.0066,0079
1749567230540,MKR,A,Close Long,2117.0,0.109,0.034612,-3.74633,0.8976,0079
1749567231251,MKR,A,Close Long,2117.0,0.0288,0.009145,-0.989856,0.7886,0079
1749567231251,MKR,A,Close Long,2117.0,0.4711,0.149597,-16.191707,0.7598,0079
1749567231452,MKR,A,Close Long,2117.0,0.2887,0.091676,-9.922619,0.2887,0079
1749568652191,JUP,B,Open Long,0.47836,1176.0,0.253148,0.0,0.0,0080
1749568652191,JUP,B,Open Long,0.47838,5284.0,1.137491,0.0,1176.0,0080
1749568652191,JUP,B,Open Long,0.4784,329.0,0.070827,0.0,6460.0,0080
1749568652191,JUP,B,Open Long,0.47843,800.0,0.172234,0.0,6789.0,0080
1749568652191,JUP,B,Open Long,0.47844,1113.0,0.239626,0.0,7589.0,0080
1749568652191,JUP,B,Open Long,0.47844,724.0,0.155875,0.0,8702.0,0080
1749568652191,JUP,B,Open Long,0.47844,1054.0,0.226924,0.0,9426.0,0080
1749568652191,JUP,B,Open Long,0.47851,1039.0,0.223727,0.0,10480.0,0080
1749568652191,JUP,B,Open Long,0.47853,19815.0,4.266932,0.0,11519.0,0080
1749568872919,KAITO,B,Open Long,1.7539,239.0,0.188631,0.0,0.0,0082
1749568872919,KAITO,B,Open Long,1.7541,231.0,0.182338,0.0,239.0,0082
1749568872919,KAITO,B,Open Long,1.7541,263.0,0.207597,0.0,470.0,0082
1749568872919,KAITO,B,Open Long,1.7542,664.0,0.524154,0.0,733.0,0082
1749568872919,KAITO,B,Open Long,1.7543,253.0,0.199727,0.0,1397.0,0082
1749568872919,KAITO,B,Open Long,1.7544,1364.0,1.07685,0.0,1650.0,0082
1749568872919,KAITO,B,Open Long,1.7544,250.0,0.19737,0.0,3014.0,0082
1749568872919,KAITO,B,Open Long,1.7545,471.0,0.371866,0.0,3264.0,0082
1749568872919,KAITO,B,Open Long,1.7546,668.0,0.527432,0.0,3735.0,0082
1749568872919,KAITO,B,Open Long,1.7546,1364.0,1.076973,0.0,4403.0,0082
1749568872919,KAITO,B,Open Long,1.7547,2789.0,2.202236,0.0,5767.0,0082
1749569557636,JUP,A,Close Long,0.47108,8786.0,1.862508,-65.06033,31334.0,0081
1749569557636,JUP,A,Close Long,0.47107,1729.0,0.366516,-12.820535,22548.0,0081
1749569557636,JUP,A,Close Long,0.47106,2055.0,0.435612,-15.258375,20819.0,0081
1749569557636,JUP,A,Close Long,0.47079,1588.0,0.336426,-12.21966,18764.0,0081
1749569557636,JUP,A,Close Long,0.47079,1467.0,0.310792,-11.288565,17176.0,0081
1749569557636,JUP,A,Close Long,0.47066,3066.0,0.649369,-23.99145,15709.0,0081
1749569557636,JUP,A,Close Long,0.47061,2781.0,0.588944,-21.900375,12643.0,0081
1749569557636,JUP,A,Close Long,0.47059,2792.0,0.591249,-22.04284,9862.0,0081
1749569557636,JUP,A,Close Long,0.47054,724.0,0.153301,-5.75218,7070.0,0081
1749569557636,JUP,A,Close Long,0.47053,6137.0,1.299439,-48.819835,6346.0,0081
1749569557636,JUP,A,Close Long,0.47052,209.0,0.044252,-1.664685,209.0,0081
1749569604615,KAITO,A,Close Long,1.7325,3.0,0.002338,-0.066003,8556.0,0083
1749569604615,KAITO,A,Close Long,1.7309,3945.0,3.07278,-93.105945,8553.0,0083
1749569604615,KAITO,A,Close Long,1.7305,312.0,0.242962,-7.488312,4608.0,0083
1749569604615,KAITO,A,Close Long,1.73,669.0,0.520816,-16.391169,4296.0,0083
1749569604615,KAITO,A,Close Long,1.73,678.0,0.527823,-16.611678,3627.0,0083
1749569604615,KAITO,A,Close Long,1.7298,756.0,0.588477,-18.673956,2949.0,0083
1749569604615,KAITO,A,Close Long,1.7296,2193.0,1.706855,-54.607893,2193.0,0083
1749569998779,MKR,B,Open Long,2104.4,0.2447,0.231726,0.0,0.0,0084
1749569998779,MKR,B,Open Long,2104.4,0.2476,0.234472,0.0,0.2447,0084
1749569998779,MKR,B,Open Long,2105.4,2.8695,2.71865,0.0,0.4923,0084
1749569998779,MKR,B,Open Long,2105.5,0.6714,0.636134,0.0,3.3618,0084
1749569998779,MKR,B,Open Long,2105.8,0.4884,0.462812,0.0,4.0332,0084
1749569998779,MKR,B,Open Long,2105.8,0.4585,0.434479,0.0,4.5216,0084
1749569998779,MKR,B,Open Long,2106.3,0.7352,0.696848,0.0,4.9801,0084
1749569998779,MKR,B,Open Long,2107.4,0.6358,0.602948,0.0,5.7153,0084
1749569998779,MKR,B,Open Long,2107.6,1.2688,1.203355,0.0,6.3511,0084
1749569998779,MKR,B,Open Long,2107.7,0.4614,0.437621,0.0,7.6199,0084
1749569998779,MKR,B,Open Long,2107.7,0.4596,0.435914,0.0,8.0813,0084
1749569998779,MKR,B,Open Long,2107.7,0.471,0.446727,0.0,8.5409,0084
1749569998779,MKR,B,Open Long,2107.7,0.4983,0.47262,0.0,9.0119,0084
1749570029610,JUP,B,Open Long,0.47209,298.0,0.063307,0.0,0.0,0085
1749570029610,JUP,B,Open Long,0.47214,298.0,0.063313,0.0,298.0,0085
1749570029610,JUP,B,Open Long,0.47214,935.0,0.198652,0.0,596.0,0085
1749570029610,JUP,B,Open Long,0.47214,724.0,0.153823,0.0,1531.0,0085
1749570029610,JUP,B,Open Long,0.47215,1346.0,0.285981,0.0,2255.0,0085
1749570029610,JUP,B,Open Long,0.47215,1270.0,0.269833,0.0,3601.0,0085
1749570029610,JUP,B,Open Long,0.4722,829.0,0.176154,0.0,4871.0,0085
1749570029610,JUP,B,Open Long,0.4722,2750.0,0.584347,0.0,5700.0,0085
1749570029610,JUP,B,Open Long,0.4722,2709.0,0.575635,0.0,8450.0,0085
1749570029610,JUP,B,Open Long,0.47224,724.0,0.153855,0.0,11159.0,0085
1749570029610,JUP,B,Open Long,0.47233,2426.0,0.515642,0.0,11883.0,0085
1749570029610,JUP,B,Open Long,0.47233,2615.0,0.555814,0.0,14309.0,0085
1749570029610,JUP,B,Open Long,0.47234,207.0,0.043998,0.0,16924.0,0085
1749570029610,JUP,B,Open Long,0.4724,1039.0,0.22087,0.0,17131.0,0085
1749570029610,JUP,B,Open Long,0.47242,2292.0,0.487253,0.0,18170.0,0085
1749570029610,JUP,B,Open Long,0.47243,2588.0,0.550191,0.0,20462.0,0085
1749570029610,JUP,B,Open Long,0.4725,2792.0,0.593649,0.0,23050.0,0085
1749570029610,JUP,B,Open Long,0.47252,638.0,0.13566,0.0,25842.0,0085
1749570368736,ETH,B,Open Long,2719.5,7.8798,9.643102,0.0,0.0,0086
1749570368736,ETH,B,Open Long,2719.5,2.9418,3.600101,0.0,7.8798,0086
1749570368736,ETH,B,Open Long,2719.5,2.5011,3.060783,0.0,10.8216,0086
1749570368736,ETH,B,Open Long,2719.5,5.0684,6.202581,0.0,13.3227,0086
1749570770719,BTC,B,Open Long,108949.0,0.2876,14.100179,0.0,0.0,0087
1749570770719,BTC,B,Open Long,108949.0,0.09124,4.473228,0.0,0.2876,0087
1749570770719,BTC,B,Open Long,108949.0,0.30303,14.856666,0.0,0.37884,0087
1749570770719,BTC,B,Open Long,108949.0,0.11014,5.399839,0.0,0.68187,0087
1749570770719,BTC,B,Open Long,108949.0,0.12587,6.171034,0.0,0.79201,0087
1749576870859,RESOLV,B,Open Long,0.37817,10689.0,1.819016,0.0,0.0,0088
1749576870859,RESOLV,B,Open Long,0.37829,1966.0,0.334673,0.0,10689.0,0088
1749580262695,RESOLV,A,Close Long,0.35053,2043.0,0.322259,-56.505294,12655.0,0089
1749580262695,RESOLV,A,Close Long,0.3496,8578.0,1.34949,-245.227864,10612.0,0089
1749580262695,RESOLV,A,Close Long,0.34924,2034.0,0.319659,-58.880232,2034.0,0089
1749580466507,RESOLV,B,Open Long,0.34925,174.0,0.027346,0.0,0.0,0090
1749580466507,RESOLV,B,Open Long,0.3493,189.0,0.029707,0.0,174.0,0090
1749580466507,RESOLV,B,Open Long,0.34951,8578.0,1.349143,0.0,363.0,0090
1749580466507,RESOLV,B,Open Long,0.34959,4256.0,0.669534,0.0,8941.0,0090
1749580466507,RESOLV,B,Open Long,0.34964,163.0,0.025646,0.0,13197.0,0090
1749580466507,RESOLV,B,Open Long,0.34969,192.0,0.030213,0.0,13360.0,0090
1749580466507,RESOLV,B,Open Long,0.3498,768.0,0.12089,0.0,13552.0,0090
1749581667031,MKR,A,Close Long,2123.8,0.1675,0.05336,2.92455,9.5102,0093
1749581667308,JUP,A,Close Long,0.48458,2792.0,0.608826,34.2718,26480.0,0094
1749581669365,RESOLV,A,Close Long,0.34245,6497.0,1.001203,-46.109209,14320.0,0095
1749581669365,RESOLV,A,Close Long,0.34245,7823.0,1.205543,-55.519831,7823.0,0095
1749581669565,MKR,A,Close Long,2123.8,0.496,0.15801,8.66016,9.3427,0093
1749581669621,MKR,A,Close Long,2123.8,0.5062,0.16126,8.838252,8.8467,0093
1749581683925,ETH,A,Close Long,2756.5,1.8988,0.785106,70.2556,18.3911,0092
1749581684165,ETH,A,Close Long,2756.5,1.5689,0.6487,58.0493,16.4923,0092
1749581684290,ETH,A,Close Long,2756.5,0.0054,0.002232,0.1998,14.9234,0092
1749581686086,ETH,A,Close Long,2756.5,0.8757,0.36208,32.4009,14.918,0092
1749581687205,ETH,A,Close Long,2756.5,14.0423,5.806139,519.5651,14.0423,0092
1749581692552,JUP,A,Close Long,0.4845,500.0,0.036337,6.0975,23688.0,0094
1749581692552,JUP,A,Close Long,0.4845,12067.0,0.876969,147.157065,23188.0,0094
1749581692552,JUP,A,Close Long,0.4845,11121.0,0.808218,135.620595,11121.0,0094
1749581708292,MKR,A,Close Long,2123.8,0.0309,0.009843,0.539514,8.3405,0093
1749581708953,MKR,A,Close Long,2123.8,0.0099,0.003153,0.172854,8.3096,0093
1749581717031,MKR,A,Close Long,2123.8,0.2226,0.070913,3.886596,8.2997,0093
1749581717241,MKR,A,Close Long,2123.8,0.1932,0.061547,3.373272,8.0771,0093
1749581718729,BTC,A,Close Long,109342.0,0.17293,2.836276,67.96149,0.91788,0091
1749581718903,BTC,A,Close Long,109342.0,0.24455,4.010937,96.10815,0.74495,0091
1749581718903,BTC,A,Close Long,109342.0,0.36123,5.924641,141.96339,0.5004,0091
1749581718903,BTC,A,Close Long,109342.0,0.13917,2.282568,54.69381,0.13917,0091
1749581720954,MKR,A,Close Long,2123.8,0.231,0.073589,4.03326,7.8839,0093
1749581721486,MKR,A,Close Long,2123.8,0.0625,0.01991,1.09125,7.6529,0093
1749581722073,MKR,A,Close Long,2123.8,0.0088,0.002803,0.153648,7.5904,0093
1749581725227,MKR,A,Close Long,2123.8,0.4037,0.128606,7.048602,7.5816,0093
1749581725351,MKR,A,Close Long,2123.8,0.2723,0.086746,4.754358,7.1779,0093
1749581727060,MKR,A,Close Long,2123.8,0.1676,0.053392,2.926296,6.9056,0093
1749581752077,MKR,A,Close Long,2123.8,0.0089,0.002835,0.155394,6.738,0093
1749581754665,MKR,A,Close Long,2123.4,0.0275,0.008759,0.46915,6.7291,0096
1749581754805,MKR,A,Close Long,2123.4,0.064,0.020384,1.09184,6.7016,0096
1749581757016,MKR,A,Close Long,2123.4,0.1675,0.05335,2.85755,6.6376,0096
1749581782074,MKR,A,Close Long,2123.4,0.0089,0.002834,0.151834,6.4701,0096
1749581782074,MKR,A,Close Long,2123.4,0.2157,0.068702,3.679842,6.4612,0096
1749581782304,MKR,A,Close Long,2123.4,0.3275,0.104312,5.58715,6.2455,0096
1749581782304,MKR,A,Close Long,2123.4,0.1771,0.056408,3.021326,5.918,0096
1749581787072,MKR,A,Close Long,2123.4,0.1675,0.05335,2.85755,5.7409,0096
1749581807838,MKR,A,Close Long,2123.4,0.075,0.023888,1.2795,5.5734,0096
1749581807898,MKR,A,Close Long,2123.4,0.114,0.03631,1.94484,5.4984,0096
1749581810138,MKR,A,Close Long,2123.4,0.1638,0.052171,2.794428,5.3844,0096
1749581810205,MKR,A,Close Long,2123.4,4.87,1.551143,83.0822,5.2206,0096
1749581811370,MKR,A,Close Long,2123.4,0.232,0.073894,3.95792,0.3506,0096
1749581811504,MKR,A,Close Long,2123.4,0.1186,0.037775,2.023316,0.1186,0096
1749582035160,BTC,B,Open Long,109414.0,0.4181,20.585697,0.0,0.0,0097
1749582035160,BTC,B,Open Long,109414.0,0.40949,20.161772,0.0,0.4181,0097
1749582035160,BTC,B,Open Long,109414.0,0.39232,19.316385,0.0,0.82759,0097
1749582035160,BTC,B,Open Long,109414.0,0.00014,0.006893,0.0,1.21991,0097
1749582035160,BTC,B,Open Long,109414.0,0.15096,7.432711,0.0,1.22005,0097
1749582644603,JUP,B,Open Long,0.49043,500.0,0.110346,0.0,0.0,0098
1749582644603,JUP,B,Open Long,0.49045,500.0,0.110351,0.0,500.0,0098
1749582644603,JUP,B,Open Long,0.4905,829.0,0.182981,0.0,1000.0,0098
1749582644603,JUP,B,Open Long,0.49068,858.0,0.189451,0.0,1829.0,0098
1749582644603,JUP,B,Open Long,0.49077,875.0,0.19324,0.0,2687.0,0098
1749582644603,JUP,B,Open Long,0.4908,724.0,0.159902,0.0,3562.0,0098
1749582644603,JUP,B,Open Long,0.49086,1039.0,0.229501,0.0,4286.0,0098
1749582644603,JUP,B,Open Long,0.49087,799.0,0.176492,0.0,5325.0,0098
1749582644603,JUP,B,Open Long,0.49087,819.0,0.18091,0.0,6124.0,0098
1749582644603,JUP,B,Open Long,0.49092,207.0,0.045729,0.0,6943.0,0098
1749582644603,JUP,B,Open Long,0.49093,4169.0,0.921009,0.0,7150.0,0098
1749582644603,JUP,B,Open Long,0.49094,2792.0,0.616817,0.0,11319.0,0098
1749582644603,JUP,B,Open Long,0.49095,4024.0,0.889012,0.0,14111.0,0098
1749582644603,JUP,B,Open Long,0.49108,4200.0,0.928141,0.0,18135.0,0098
1749582644603,JUP,B,Open Long,0.49108,4169.0,0.92129,0.0,22335.0,0098
1749582644603,JUP,B,Open Long,0.49114,2792.0,0.617068,0.0,26504.0,0098
1749582644603,JUP,B,Open Long,0.49115,1291.0,0.285333,0.0,29296.0,0098
1749584100191,ETH,B,Open Long,2790.1,0.0519,0.065162,0.0,0.0,0099
1749584100191,ETH,B,Open Long,2790.1,0.1792,0.224993,0.0,0.0519,0099
1749584100191,ETH,B,Open Long,2790.4,1.5,1.88352,0.0,0.2311,0099
1749584100191,ETH,B,Open Long,2790.5,1.5116,1.898153,0.0,1.7311,0099
1749584100191,ETH,B,Open Long,2790.6,1.4563,1.828777,0.0,3.2427,0099
1749584100191,ETH,B,Open Long,2790.6,1.4563,1.828777,0.0,4.699,0099
1749584100191,ETH,B,Open Long,2790.6,1.4563,1.828777,0.0,6.1553,0099
1749584100191,ETH,B,Open Long,2790.6,0.7166,0.899884,0.0,7.6116,0099
1749584100191,ETH,B,Open Long,2790.7,0.0716,0.089916,0.0,8.3282,0099
1749584100191,ETH,B,Open Long,2790.8,7.1768,9.013056,0.0,8.3998,0099
1749584100191,ETH,B,Open Long,2790.8,2.3387,2.937079,0.0,15.5766,0099
1749584769110,ETH,A,Close Long,2775.9,17.9153,22.378986,-264.608981,17.9153,0100
1749584852974,BTC,A,Close Long,109943.0,0.00011,0.005442,0.05819,1.37101,0101
1749584852974,BTC,A,Close Long,109942.0,0.00011,0.005442,0.05808,1.3709,0101
1749584852974,BTC,A,Close Long,109942.0,0.0001,0.004947,0.0528,1.37079,0101
1749584852974,BTC,A,Close Long,109941.0,0.00011,0.005442,0.05797,1.37069,0101
1749584852974,BTC,A,Close Long,109940.0,0.00011,0.005442,0.05786,1.37058,0101
1749584852974,BTC,A,Close Long,109939.0,0.00017,0.00841,0.08925,1.37047,0101
1749584852974,BTC,A,Close Long,109939.0,0.00017,0.00841,0.08925,1.3703,0101
1749584852974,BTC,A,Close Long,109939.0,0.00011,0.005441,0.05775,1.37013,0101
1749584852974,BTC,A,Close Long,109939.0,0.002,0.098945,1.05,1.37002,0101
1749584852974,BTC,A,Close Long,109938.0,0.00017,0.00841,0.08908,1.36802,0101
1749584852974,BTC,A,Close Long,109938.0,0.00011,0.005441,0.05764,1.36785,0101
1749584852974,BTC,A,Close Long,109938.0,0.72988,36.108696,382.45712,1.36774,0101
1749584852974,BTC,A,Close Long,109938.0,0.0001,0.004947,0.0524,0.63786,0101
1749584852974,BTC,A,Close Long,109937.0,0.00017,0.00841,0.08891,0.63776,0101
1749584852974,BTC,A,Close Long,109937.0,0.00011,0.005441,0.05753,0.63759,0101
1749584852974,BTC,A,Close Long,109936.0,0.00011,0.005441,0.05742,0.63748,0101
1749584852974,BTC,A,Close Long,109936.0,0.0001,0.004947,0.0522,0.63737,0101
1749584852974,BTC,A,Close Long,109935.0,0.00011,0.005441,0.05731,0.63727,0101
1749584852974,BTC,A,Close Long,109935.0,0.49215,24.347029,256.41015,0.63716,0101
1749584852974,BTC,A,Close Long,109934.0,0.00011,0.005441,0.0572,0.14501,0101
1749584852974,BTC,A,Close Long,109933.0,0.00077,0.038091,0.39963,0.1449,0101
1749584852974,BTC,A,Close Long,109933.0,0.00011,0.005441,0.05709,0.14413,0101
1749584852974,BTC,A,Close Long,109933.0,0.14402,7.124647,74.74638,0.14402,0101
1749584854400,JUP,A,Close Long,0.48884,571.0,0.125607,-1.207665,30587.0,0102
1749584854400,JUP,A,Close Long,0.48878,4153.0,0.913456,-9.032775,30016.0,0102
1749584854400,JUP,A,Close Long,0.48858,1488.0,0.327153,-3.534,25863.0,0102
1749584854400,JUP,A,Close Long,0.48858,1455.0,0.319897,-3.455625,24375.0,0102
1749584854400,JUP,A,Close Long,0.48854,3012.0,0.662167,-7.27398,22920.0,0102
1749584854400,JUP,A,Close Long,0.48848,1039.0,0.228388,-2.571525,19908.0,0102
1749584854400,JUP,A,Close Long,0.48844,1023.0,0.224853,-2.572845,18869.0,0102
1749584854400,JUP,A,Close Long,0.48844,2881.0,0.633238,-7.245715,17846.0,0102
1749584854400,JUP,A,Close Long,0.48844,3016.0,0.66291,-7.58524,14965.0,0102
1749584854400,JUP,A,Close Long,0.48841,207.0,0.045495,-0.526815,11949.0,0102
1749584854400,JUP,A,Close Long,0.48841,1631.0,0.358468,-4.150895,11742.0,0102
1749584854400,JUP,A,Close Long,0.48839,724.0,0.159117,-1.85706,10111.0,0102
1749584854400,JUP,A,Close Long,0.48832,4169.0,0.916112,-10.985315,9387.0,0102
1749584854400,JUP,A,Close Long,0.48831,4153.0,0.912578,-10.984685,5218.0,0102
1749584854400,JUP,A,Close Long,0.48831,1065.0,0.234022,-2.816925,1065.0,0102
1749585477874,BTC,B,Open Long,109575.0,0.00045,0.022188,0.0,0.0,0103
1749585477874,BTC,B,Open Long,109575.0,0.44,21.69585,0.0,0.00045,0103
1749585477874,BTC,B,Open Long,109575.0,0.10951,5.399801,0.0,0.44045,0103
1749585477874,BTC,B,Open Long,109575.0,0.55,27.119812,0.0,0.54996,0103
1749585477874,BTC,B,Open Long,109575.0,0.11407,5.624649,0.0,1.09996,0103
1749585477874,BTC,B,Open Long,109577.0,0.09126,4.499998,0.0,1.21403,0103
1749585477874,BTC,B,Open Long,109577.0,0.0604,2.978302,0.0,1.30529,0103
1749585964998,BTC,A,Close Long,109429.0,0.04734,2.331165,-6.921108,1.36569,0104
1749585964998,BTC,A,Close Long,109429.0,0.28,13.788054,-40.936,1.31835,0104
1749585964998,BTC,A,Close Long,109429.0,0.28,13.788054,-40.936,1.03835,0104
1749585964998,BTC,A,Close Long,109429.0,0.11,5.416735,-16.082,0.75835,0104
1749585964998,BTC,A,Close Long,109429.0,0.11,5.416735,-16.082,0.64835,0104
1749585964998,BTC,A,Close Long,109429.0,0.53834,26.509503,-78.705308,0.53835,0104
1749585973693,BTC,A,Close Long,109431.0,0.00001,0.000492,-0.001442,0.00001,0105
1749591023018,BTC,B,Open Long,109851.0,0.10924,5.400055,0.0,0.0,0106
1749591023018,BTC,B,Open Long,109851.0,0.11,5.437624,0.0,0.10924,0106
1749591023018,BTC,B,Open Long,109851.0,0.11,5.437624,0.0,0.21924,0106
1749591023018,BTC,B,Open Long,109851.0,0.10924,5.400055,0.0,0.32924,0106
1749591023018,BTC,B,Open Long,109851.0,0.22758,11.24995,0.0,0.43848,0106
1749591023018,BTC,B,Open Long,109851.0,0.22758,11.24995,0.0,0.66606,0106
1749591023018,BTC,B,Open Long,109851.0,0.47185,23.324937,0.0,0.89364,0106
1749591063511,RESOLV,B,Open Long,0.32959,4487.0,0.665491,0.0,0.0,0107
1749591063511,RESOLV,B,Open Long,0.32975,969.0,0.143787,0.0,4487.0,0107
1749591063511,RESOLV,B,Open Long,0.32977,853.0,0.126582,0.0,5456.0,0107
1749591063511,RESOLV,B,Open Long,0.32978,4006.0,0.594494,0.0,6309.0,0107
1749591063511,RESOLV,B,Open Long,0.32978,221.0,0.032796,0.0,10315.0,0107
1749591063511,RESOLV,B,Open Long,0.32978,9093.0,1.34941,0.0,10536.0,0107
1749591063511,RESOLV,B,Open Long,0.32979,4487.0,0.665895,0.0,19629.0,0107
1749591063511,RESOLV,B,Open Long,0.32984,854.0,0.126757,0.0,24116.0,0107
1749591063511,RESOLV,B,Open Long,0.32985,5227.0,0.775856,0.0,24970.0,0107
1749600530378,RESOLV,A,Close Long,0.34736,8269.0,1.292543,145.493055,30197.0,0108
1749600530378,RESOLV,A,Close Long,0.34728,4250.0,0.664173,74.43875,21928.0,0108
1749600533947,RESOLV,A,Close Long,0.3472,315.0,0.016405,5.492025,17678.0,0108
1749600534667,RESOLV,A,Close Long,0.3472,423.0,0.022029,7.375005,17363.0,0108
1749600535333,RESOLV,A,Close Long,0.3472,1537.0,0.080046,26.797595,16940.0,0108
1749600535727,RESOLV,A,Close Long,0.3472,1844.0,0.096035,32.15014,15403.0,0108
1749600535928,RESOLV,A,Close Long,0.3472,2310.0,0.120304,40.27485,13559.0,0108
1749600535928,RESOLV,A,Close Long,0.3472,5759.0,0.299928,100.408165,11249.0,0108
1749600535928,RESOLV,A,Close Long,0.3472,5489.0,0.285867,95.700715,5490.0,0108
1749600543794,RESOLV,A,Close Long,0.34768,1.0,0.000156,0.017915,1.0,0109
1749600702775,RESOLV,B,Open Long,0.3507,6868.0,1.083873,0.0,0.0,0110
1749600702775,RESOLV,B,Open Long,0.35077,592.0,0.093445,0.0,6868.0,0110
1749600702775,RESOLV,B,Open Long,0.35078,602.0,0.095026,0.0,7460.0,0110
1749600702775,RESOLV,B,Open Long,0.35084,575.0,0.090779,0.0,8062.0,0110
1749600702775,RESOLV,B,Open Long,0.35095,4250.0,0.671191,0.0,8637.0,0110
1749600702775,RESOLV,B,Open Long,0.351,8491.0,1.341153,0.0,12887.0,0110
1749600786431,RESOLV,A,Close Long,0.3453,8060.0,1.252403,-44.94256,21378.0,0111
1749600786431,RESOLV,A,Close Long,0.34521,1139.0,0.176937,-6.453574,13318.0,0111
1749600786431,RESOLV,A,Close Long,0.34514,4250.0,0.66008,-24.378,12179.0,0111
1749600786431,RESOLV,A,Close Long,0.34502,7929.0,1.231048,-46.432224,7929.0,0111
1749601054212,RESOLV,B,Open Long,0.35068,11500.0,1.814769,0.0,0.0,0112
1749601054212,RESOLV,B,Open Long,0.35068,16508.0,2.605061,0.0,11500.0,0112
1749601054212,RESOLV,B,Open Long,0.35068,547.0,0.086319,0.0,28008.0,0112
1749601188066,RESOLV,A,Close Long,0.34686,5981.0,0.311185,-22.84742,28555.0,0113
1749601188489,RESOLV,A,Close Long,0.34686,8174.0,0.425285,-31.22468,22574.0,0113
1749601189953,RESOLV,A,Close Long,0.34686,6023.0,0.31337,-23.00786,14400.0,0113
1749601190104,RESOLV,A,Close Long,0.34686,1640.0,0.085327,-6.2648,8377.0,0113
1749601191392,RESOLV,A,Close Long,0.34686,552.0,0.02872,-2.10864,6737.0,0113
1749601191468,RESOLV,A,Close Long,0.34686,1761.0,0.091623,-6.72702,6185.0,0113
1749601192811,RESOLV,A,Close Long,0.34686,4423.0,0.230124,-16.89586,4424.0,0113
1749601201509,RESOLV,A,Close Long,0.3477,1.0,0.000156,-0.00298,1.0,0114
1749601897153,BTC,A,Close Long,109917.0,0.12664,2.087983,8.35824,1.36549,0115
1749601897153,BTC,A,Close Long,109917.0,0.26602,4.386018,17.55732,1.23885,0115
1749601899044,BTC,A,Close Long,109917.0,0.00196,0.032315,0.12936,0.97283,0115
1749601899935,BTC,A,Close Long,109917.0,0.97087,16.007267,64.07742,0.97087,0115
1749602912593,RESOLV,B,Open Long,0.36659,484.0,0.079843,0.0,0.0,0116
1749602912593,RESOLV,B,Open Long,0.36669,486.0,0.080195,0.0,484.0,0116
1749602912593,RESOLV,B,Open Long,0.3667,545.0,0.089933,0.0,970.0,0116
1749602912593,RESOLV,B,Open Long,0.36683,2737.0,0.451806,0.0,1515.0,0116
1749602912593,RESOLV,B,Open Long,0.36696,16219.0,2.678275,0.0,4252.0,0116
1749603108986,RESOLV,B,Open Long,0.35999,2788.0,0.451643,0.0,20471.0,0117
1749603108986,RESOLV,B,Open Long,0.36004,4041.0,0.654714,0.0,23259.0,0117
1749603108986,RESOLV,B,Open Long,0.36008,135.0,0.021874,0.0,27300.0,0117
1749604635348,RESOLV,B,Open Long,0.3425,13765.0,0.707176,0.0,27435.0,0118
1749604635755,RESOLV,B,Open Long,0.3425,833.0,0.042795,0.0,41200.0,0118
1749606270588,RESOLV,A,Close Long,0.32758,6106.0,0.900091,-181.445896,42033.0,0119
1749606270588,RESOLV,A,Close Long,0.32757,14606.0,2.153019,-434.177956,35927.0,0119
1749606270588,RESOLV,A,Close Long,0.32751,6104.0,0.899604,-181.813744,21321.0,0119
1749606270588,RESOLV,A,Close Long,0.3275,3052.0,0.449788,-90.937392,15217.0,0119
1749606270588,RESOLV,A,Close Long,0.32746,3052.0,0.449733,-91.059472,12165.0,0119
1749606270588,RESOLV,A,Close Long,0.32745,814.0,0.119944,-24.294644,9113.0,0119
1749606270588,RESOLV,A,Close Long,0.32736,4488.0,0.661136,-134.352768,8299.0,0119
1749606270588,RESOLV,A,Close Long,0.32736,676.0,0.099582,-20.236736,3811.0,0119
1749606270588,RESOLV,A,Close Long,0.32731,3135.0,0.461752,-94.00611,3135.0,0119
1749606306542,RESOLV,B,Open Long,0.31133,9182.0,1.286384,0.0,0.0,0120
1749606306542,RESOLV,B,Open Long,0.31167,6442.0,0.9035,0.0,9182.0,0120
1749606306542,RESOLV,B,Open Long,0.31168,15483.0,2.171583,0.0,15624.0,0120
1749606306542,RESOLV,B,Open Long,0.3117,823.0,0.115438,0.0,31107.0,0120
1749606754341,RESOLV,A,Close Long,0.30984,4739.0,0.660749,-8.231643,31930.0,0121
1749606754341,RESOLV,A,Close Long,0.30983,3230.0,0.450337,-5.64281,27191.0,0121
1749606754341,RESOLV,A,Close Long,0.30983,4844.0,0.675367,-8.462468,23961.0,0121
1749606754341,RESOLV,A,Close Long,0.30982,2698.0,0.376152,-4.740386,19117.0,0121
1749606754341,RESOLV,A,Close Long,0.30981,9677.0,1.349114,-17.099259,16419.0,0121
1749606754341,RESOLV,A,Close Long,0.30974,6741.0,0.93958,-12.383217,6742.0,0121
1749606762012,RESOLV,A,Close Long,0.30901,1.0,0.000139,-0.002567,1.0,0122
1749607352662,BTC,B,Open Long,109747.0,0.08547,4.221034,0.0,0.0,0123
1749607352662,BTC,B,Open Long,109747.0,0.87393,43.160038,0.0,0.08547,0123
1749607352662,BTC,B,Open Long,109747.0,0.40739,20.119423,0.0,0.9594,0123
1749607519899,RESOLV,B,Open Long,0.31967,523.0,0.075234,0.0,0.0,0125
1749607519899,RESOLV,B,Open Long,0.31968,557.0,0.080127,0.0,523.0,0125
1749607519899,RESOLV,B,Open Long,0.31972,565.0,0.081288,0.0,1080.0,0125
1749607519899,RESOLV,B,Open Long,0.31982,540.0,0.077716,0.0,1645.0,0125
1749607519899,RESOLV,B,Open Long,0.3199,484.0,0.069674,0.0,2185.0,0125
1749607519899,RESOLV,B,Open Long,0.31996,9677.0,1.393313,0.0,2669.0,0125
1749607519899,RESOLV,B,Open Long,0.32,11114.0,1.600416,0.0,12346.0,0125
1749608467261,RESOLV,A,Close Long,0.30901,4739.0,0.658979,-51.868355,23460.0,0126
1749608467261,RESOLV,A,Close Long,0.30901,9677.0,1.34563,-105.914765,18721.0,0126
1749608467261,RESOLV,A,Close Long,0.30883,706.0,0.098115,-7.85425,9044.0,0126
1749608467261,RESOLV,A,Close Long,0.30882,4739.0,0.658574,-52.768765,8338.0,0126
1749608467261,RESOLV,A,Close Long,0.3087,3237.0,0.449667,-36.432435,3599.0,0126
1749608467261,RESOLV,A,Close Long,0.30866,362.0,0.05028,-4.08879,362.0,0126
1749608585775,BTC,A,Close Long,109637.0,0.31757,15.667839,-34.9327,1.36679,0124
1749608585775,BTC,A,Close Long,109635.0,0.0456,2.24971,-5.1072,1.04922,0124
1749608585775,BTC,A,Close Long,109634.0,0.00017,0.008387,-0.01921,1.00362,0124
1749608585775,BTC,A,Close Long,109634.0,0.00017,0.008387,-0.01921,1.00345,0124
1749608585775,BTC,A,Close Long,109634.0,0.00011,0.005426,-0.01243,1.00328,0124
1749608585775,BTC,A,Close Long,109633.0,0.004,0.197339,-0.456,1.00317,0124
1749608585775,BTC,A,Close Long,109633.0,0.0075,0.370011,-0.855,0.99917,0124
1749608585775,BTC,A,Close Long,109633.0,0.001,0.049334,-0.114,0.99167,0124
1749608585775,BTC,A,Close Long,109633.0,0.00017,0.008386,-0.01938,0.99067,0124
1749608585775,BTC,A,Close Long,109633.0,0.00011,0.005426,-0.01254,0.9905,0124
1749608585775,BTC,A,Close Long,109633.0,0.0456,2.249669,-5.1984,0.99039,0124
1749608585775,BTC,A,Close Long,109633.0,0.00449,0.221513,-0.51186,0.94479,0124
1749608585775,BTC,A,Close Long,109632.0,0.00017,0.008386,-0.01955,0.9403,0124
1749608585775,BTC,A,Close Long,109632.0,0.00011,0.005426,-0.01265,0.94013,0124
1749608585775,BTC,A,Close Long,109632.0,0.00917,0.452396,-1.05455,0.94002,0124
1749608585775,BTC,A,Close Long,109631.0,0.0001,0.004933,-0.0116,0.93085,0124
1749608585775,BTC,A,Close Long,109631.0,0.00011,0.005426,-0.01276,0.93075,0124
1749608585775,BTC,A,Close Long,109630.0,0.09121,4.499708,-10.67157,0.93064,0124
1749608585775,BTC,A,Close Long,109630.0,0.00011,0.005426,-0.01287,0.83943,0124
1749608585775,BTC,A,Close Long,109629.0,0.0004,0.019733,-0.0472,0.83932,0124
1749608585775,BTC,A,Close Long,109629.0,0.00011,0.005426,-0.01298,0.83892,0124
1749608585775,BTC,A,Close Long,109628.0,0.00011,0.005426,-0.01309,0.83881,0124
1749608585775,BTC,A,Close Long,109627.0,0.0001,0.004933,-0.012,0.8387,0124
1749608585775,BTC,A,Close Long,109627.0,0.22804,11.249703,-27.3648,0.8386,0124
1749608585775,BTC,A,Close Long,109627.0,0.00011,0.005426,-0.0132,0.61056,0124
1749608585775,BTC,A,Close Long,109627.0,0.09121,4.499585,-10.9452,0.61045,0124
1749608585775,BTC,A,Close Long,109627.0,0.06,2.959929,-7.2,0.51924,0124
1749608585775,BTC,A,Close Long,109626.0,0.00011,0.005426,-0.01331,0.45924,0124
1749608585775,BTC,A,Close Long,109626.0,0.00744,0.367027,-0.90024,0.45913,0124
1749608585775,BTC,A,Close Long,109625.0,0.009,0.443981,-1.098,0.45169,0124
1749608585775,BTC,A,Close Long,109625.0,0.00011,0.005426,-0.01342,0.44269,0124
1749608585775,BTC,A,Close Long,109624.0,0.0003,0.014799,-0.0369,0.44258,0124
1749608585775,BTC,A,Close Long,109624.0,0.00011,0.005426,-0.01353,0.44228,0124
1749608585775,BTC,A,Close Long,109624.0,0.00735,0.362581,-0.90405,0.44217,0124
1749608585775,BTC,A,Close Long,109623.0,0.43482,21.449822,-53.91768,0.43482,0124
1749646281523,BTC,B,Open Long,109719.0,0.06,2.962413,0.0,0.0,0138
1749646281523,BTC,B,Open Long,109719.0,0.3,14.812065,0.0,0.06,0138
1749646281523,BTC,B,Open Long,109719.0,0.5,24.686775,0.0,0.36,0138
1749646281523,BTC,B,Open Long,109719.0,0.5,24.686775,0.0,0.86,0138
1749646281523,BTC,B,Open Long,109719.0,0.46267,22.84366,0.0,1.36,0138
1749646386941,POPCAT,B,Open Long,0.405,588.0,0.035721,0.0,0.0,0127
1749646387561,POPCAT,B,Open Long,0.405,360.0,0.021869,0.0,588.0,0127
1749646432468,POPCAT,B,Open Long,0.405,767.0,0.046595,0.0,948.0,0127
1749646432468,POPCAT,B,Open Long,0.405,955.0,0.058016,0.0,1715.0,0127
1749646435617,POPCAT,B,Open Long,0.405,459.0,0.027884,0.0,2670.0,0127
1749646449748,POPCAT,B,Open Long,0.40447,695.0,0.042165,0.0,3129.0,0128
1749646449896,POPCAT,B,Open Long,0.40447,1442.0,0.087486,0.0,3824.0,0128
1749646450462,POPCAT,B,Open Long,0.40447,579.0,0.035128,0.0,5266.0,0128
1749646450462,POPCAT,B,Open Long,0.40447,578.0,0.035067,0.0,5845.0,0128
1749646504556,POPCAT,B,Open Long,0.40395,3459.0,0.209589,0.0,6423.0,0129
1749646927872,POPCAT,B,Open Long,0.40342,383.0,0.023176,0.0,9882.0,0130
1749646929032,POPCAT,B,Open Long,0.40342,3240.0,0.196062,0.0,10265.0,0130
1749646976973,POPCAT,B,Open Long,0.40289,3788.0,0.228922,0.0,13505.0,0131
1749648745236,POPCAT,B,Open Long,0.40237,3953.0,0.238585,0.0,17293.0,0132
1749648749052,POPCAT,B,Open Long,0.40184,4118.0,0.248216,0.0,21246.0,0133
1749648749052,POPCAT,B,Open Long,0.40132,4282.0,0.257767,0.0,25364.0,0134
1749648752701,POPCAT,B,Open Long,0.40079,4098.0,0.246365,0.0,29646.0,0135
1749648752851,POPCAT,B,Open Long,0.40079,349.0,0.020981,0.0,33744.0,0135
1749648753744,BTC,A,Close Long,109509.0,0.7178,35.372502,-150.738,1.82267,0139
1749648753744,BTC,A,Close Long,109508.0,0.0001,0.004927,-0.02109,1.10487,0139
1749648753744,BTC,A,Close Long,109507.0,0.05434,2.677774,-11.514646,1.10477,0139
1749648753744,BTC,A,Close Long,109507.0,0.00378,0.186271,-0.800982,1.05043,0139
1749648753744,BTC,A,Close Long,109507.0,1.04665,51.576975,-221.785135,1.04665,0139
1749648753744,POPCAT,B,Open Long,0.40026,3161.0,0.189783,0.0,34093.0,0136
1749648764372,POPCAT,B,Open Long,0.40026,1451.0,0.087116,0.0,37254.0,0136
1749648767470,POPCAT,B,Open Long,0.39974,4777.0,0.286433,0.0,38705.0,0137
1749648867794,BTC,B,Open Long,109448.0,0.00017,0.008372,0.0,0.0,0140
1749648867794,BTC,B,Open Long,109448.0,0.012,0.591019,0.0,0.00017,0140
1749648867794,BTC,B,Open Long,109448.0,0.012,0.591019,0.0,0.01217,0140
1749648867794,BTC,B,Open Long,109448.0,0.012,0.591019,0.0,0.02417,0140
1749648867794,BTC,B,Open Long,109448.0,0.00761,0.374804,0.0,0.03617,0140
1749648867794,BTC,B,Open Long,109448.0,0.00011,0.005417,0.0,0.04378,0140
1749648867794,BTC,B,Open Long,109449.0,0.00011,0.005417,0.0,0.04389,0140
1749648867794,BTC,B,Open Long,109450.0,0.00037,0.018223,0.0,0.044,0140
1749648867794,BTC,B,Open Long,109450.0,0.00011,0.005417,0.0,0.04437,0140
1749648867794,BTC,B,Open Long,109451.0,0.00011,0.005417,0.0,0.04448,0140
1749648867794,BTC,B,Open Long,109452.0,0.00011,0.005417,0.0,0.04459,0140
1749648867794,BTC,B,Open Long,109453.0,0.00011,0.005417,0.0,0.0447,0140
1749648867794,BTC,B,Open Long,109454.0,0.00011,0.005417,0.0,0.04481,0140
1749648867794,BTC,B,Open Long,109455.0,0.00011,0.005418,0.0,0.04492,0140
1749648867794,BTC,B,Open Long,109455.0,0.72203,35.563407,0.0,0.04503,0140
1749648867794,BTC,B,Open Long,109455.0,1.06029,52.224318,0.0,0.76706,0140
1749649609036,BTC,A,Close Long,109517.0,1.03214,16.955531,64.199108,1.82735,0141
1749649609036,BTC,A,Close Long,109517.0,0.79521,13.063352,49.462062,0.79521,0141
1749649609528,POPCAT,A,Close Long,0.40255,165.0,0.029889,0.06633,43482.0,0142
1749649609528,POPCAT,A,Close Long,0.40254,1242.0,0.224979,0.486864,43317.0,0142
1749649609528,POPCAT,A,Close Long,0.40252,11183.0,2.025621,4.160076,42075.0,0142
1749649609528,POPCAT,A,Close Long,0.40235,1369.0,0.247867,0.276538,30892.0,0142
1749649609528,POPCAT,A,Close Long,0.40235,2482.0,0.449384,0.501364,29523.0,0142
1749649609528,POPCAT,A,Close Long,0.40234,1311.0,0.23736,0.251712,27041.0,0142
1749649609528,POPCAT,A,Close Long,0.40233,1361.0,0.246407,0.247702,25730.0,0142
1749649609528,POPCAT,A,Close Long,0.40232,2538.0,0.459489,0.436536,24369.0,0142
1749649609528,POPCAT,A,Close Long,0.40229,2532.0,0.458369,0.359544,21831.0,0142
1749649610747,POPCAT,A,Close Long,0.40224,2786.0,0.168096,0.256312,19299.0,0142
1749649610888,POPCAT,A,Close Long,0.40224,866.0,0.05225,0.079672,16513.0,0142
1749649610950,POPCAT,A,Close Long,0.40224,853.0,0.051466,0.078476,15647.0,0142
1749649611294,POPCAT,A,Close Long,0.40224,1596.0,0.096296,0.146832,14794.0,0142
1749649611294,POPCAT,A,Close Long,0.40224,1269.0,0.076566,0.116748,13198.0,0142
1749649611498,POPCAT,A,Close Long,0.40224,11929.0,0.719748,1.097468,11929.0,0142
1749649744726,BTC,B,Open Long,109635.0,0.00464,0.228917,0.0,0.0,0143
1749649744726,BTC,B,Open Long,109636.0,0.0456,2.24973,0.0,0.00464,0143
1749649744726,BTC,B,Open Long,109638.0,0.0456,2.249771,0.0,0.05024,0143
1749649744726,BTC,B,Open Long,109639.0,0.0009,0.044403,0.0,0.09584,0143
1749649744726,BTC,B,Open Long,109641.0,0.00011,0.005427,0.0,0.09674,0143
1749649744726,BTC,B,Open Long,109642.0,0.00011,0.005427,0.0,0.09685,0143
1749649744726,BTC,B,Open Long,109643.0,0.0001,0.004933,0.0,0.09696,0143
1749649744726,BTC,B,Open Long,109643.0,0.00011,0.005427,0.0,0.09706,0143
1749649744726,BTC,B,Open Long,109644.0,0.00011,0.005427,0.0,0.09717,0143
1749649744726,BTC,B,Open Long,109645.0,1.36914,67.553709,0.0,0.09728,0143
1749649744726,BTC,B,Open Long,109645.0,0.00011,0.005427,0.0,1.46642,0143
1749649744726,BTC,B,Open Long,109646.0,0.00011,0.005427,0.0,1.46653,0143
1749649744726,BTC,B,Open Long,109647.0,0.00011,0.005427,0.0,1.46664,0143
1749649744726,BTC,B,Open Long,109647.0,0.06,2.960469,0.0,1.46675,0143
1749649744726,BTC,B,Open Long,109648.0,0.00011,0.005427,0.0,1.52675,0143
1749649744726,BTC,B,Open Long,109649.0,0.00011,0.005427,0.0,1.52686,0143
1749649744726,BTC,B,Open Long,109649.0,0.0912,4.499994,0.0,1.52697,0143
1749649744726,BTC,B,Open Long,109650.0,0.20716,10.221792,0.0,1.61817,0143
1749649764049,BTC,A,Close Long,109741.0,0.00011,0.005432,0.010516,1.82533,0144
1749649764049,BTC,A,Close Long,109741.0,0.27346,13.504398,26.142776,1.82522,0144
1749649764049,BTC,A,Close Long,109741.0,1.31793,65.08393,125.994108,1.55176,0144
1749649764049,BTC,A,Close Long,109741.0,0.09059,4.473646,8.660404,0.23383,0144
1749649764049,BTC,A,Close Long,109741.0,0.14324,7.073685,13.693744,0.14324,0144
1749650224258,BTC,B,Open Long,109698.0,0.02435,1.202015,0.0,0.0,0145
1749650224258,BTC,B,Open Long,109698.0,0.02485,1.226697,0.0,0.02435,0146
1749650224258,BTC,B,Open Long,109698.0,0.02535,1.251379,0.0,0.0492,0147
1749650224258,BTC,B,Open Long,109698.0,0.02585,1.276061,0.0,0.07455,0148
1749650224258,BTC,B,Open Long,109698.0,0.02634,1.30025,0.0,0.1004,0149
1749650224258,BTC,B,Open Long,109698.0,0.02684,1.324932,0.0,0.12674,0150
1749650229118,BTC,B,Open Long,109689.0,0.02734,0.449834,0.0,0.15358,0151
1749650229118,BTC,B,Open Long,109679.0,0.02783,0.457854,0.0,0.18092,0152
1749650232991,BTC,B,Open Long,109668.0,0.02833,0.466034,0.0,0.20875,0153
1749650233851,BTC,B,Open Long,109658.0,0.01732,0.284891,0.0,0.23708,0154
1749650234073,BTC,B,Open Long,109658.0,0.00013,0.002138,0.0,0.2544,0154
1749650235027,BTC,B,Open Long,109658.0,0.00066,0.010856,0.0,0.25453,0154
1749650235027,BTC,B,Open Long,109658.0,0.01072,0.17633,0.0,0.25519,0154
1749650238911,BTC,B,Open Long,109648.0,0.02933,0.482396,0.0,0.26591,0155
1749650238911,BTC,B,Open Long,109638.0,0.02982,0.49041,0.0,0.29524,0156
1749650240048,BTC,B,Open Long,109628.0,0.03032,0.498588,0.0,0.32506,0157
1749650518607,BTC,B,Open Long,109915.0,0.00011,0.00544,0.0,0.35538,0158
1749650518607,BTC,B,Open Long,109916.0,0.00011,0.00544,0.0,0.35549,0158
1749650518607,BTC,B,Open Long,109917.0,0.00011,0.00544,0.0,0.3556,0158
1749650518607,BTC,B,Open Long,109918.0,0.00011,0.00544,0.0,0.35571,0158
1749650518607,BTC,B,Open Long,109919.0,0.00011,0.00544,0.0,0.35582,0158
1749650518607,BTC,B,Open Long,109920.0,0.00011,0.005441,0.0,0.35593,0158
1749650518607,BTC,B,Open Long,109921.0,0.00011,0.005441,0.0,0.35604,0158
1749650518607,BTC,B,Open Long,109922.0,0.00031,0.015334,0.0,0.35615,0158
1749650518607,BTC,B,Open Long,109922.0,0.00011,0.005441,0.0,0.35646,0158
1749650518607,BTC,B,Open Long,109923.0,0.00011,0.005441,0.0,0.35657,0158
1749650518607,BTC,B,Open Long,109923.0,0.03646,1.803506,0.0,0.35668,0158
1749650518607,BTC,B,Open Long,109924.0,0.00011,0.005441,0.0,0.39314,0158
1749650518607,BTC,B,Open Long,109925.0,0.00011,0.005441,0.0,0.39325,0158
1749650518607,BTC,B,Open Long,109926.0,0.00011,0.005441,0.0,0.39336,0158
1749650518607,BTC,B,Open Long,109926.0,0.27285,13.496989,0.0,0.39347,0158
1749650518607,BTC,B,Open Long,109927.0,0.00011,0.005441,0.0,0.66632,0158
1749650518607,BTC,B,Open Long,109928.0,0.00011,0.005441,0.0,0.66643,0158
1749650518607,BTC,B,Open Long,109929.0,0.00017,0.008409,0.0,0.66654,0158
1749650518607,BTC,B,Open Long,109929.0,0.00011,0.005441,0.0,0.66671,0158
1749650518607,BTC,B,Open Long,109930.0,0.00011,0.005441,0.0,0.66682,0158
1749650518607,BTC,B,Open Long,109930.0,0.0001,0.004946,0.0,0.66693,0158
1749650518607,BTC,B,Open Long,109931.0,0.00011,0.005441,0.0,0.66703,0158
1749650518607,BTC,B,Open Long,109932.0,0.00017,0.008409,0.0,0.66714,0158
1749650518607,BTC,B,Open Long,109932.0,0.00011,0.005441,0.0,0.66731,0158
1749650518607,BTC,B,Open Long,109933.0,0.00011,0.005441,0.0,0.66742,0158
1749650518607,BTC,B,Open Long,109934.0,0.00011,0.005441,0.0,0.66753,0158
1749650518607,BTC,B,Open Long,109934.0,0.04548,2.249909,0.0,0.66764,0158
1749650518607,BTC,B,Open Long,109935.0,0.00062,0.030671,0.0,0.71312,0158
1749650518607,BTC,B,Open Long,109935.0,0.00011,0.005441,0.0,0.71374,0158
1749650518607,BTC,B,Open Long,109935.0,0.00274,0.135549,0.0,0.71385,0158
1749650518607,BTC,B,Open Long,109935.0,0.04548,2.249929,0.0,0.71659,0158
1749650518607,BTC,B,Open Long,109936.0,0.00031,0.015336,0.0,0.76207,0158
1749650518607,BTC,B,Open Long,109936.0,0.00011,0.005441,0.0,0.76238,0158
1749650518607,BTC,B,Open Long,109937.0,0.00011,0.005441,0.0,0.76249,0158
1749650518607,BTC,B,Open Long,109937.0,0.0009,0.044524,0.0,0.7626,0158
1749650518607,BTC,B,Open Long,109937.0,0.04548,2.24997,0.0,0.7635,0158
1749650518607,BTC,B,Open Long,109938.0,0.09421,4.660766,0.0,0.80898,0158
1749650518607,BTC,B,Open Long,109938.0,0.00721,0.356693,0.0,0.90319,0158
1749650679959,BTC,B,Open Long,109750.0,0.01142,0.188001,0.0,0.9104,0159
1749650679959,BTC,B,Open Long,109740.0,0.01188,0.195556,0.0,0.92182,0160
1749651028613,POPCAT,B,Open Long,0.4072,1228.0,0.225018,0.0,0.0,0209
1749651028613,POPCAT,B,Open Long,0.40721,686.0,0.125705,0.0,1228.0,0209
1749651028613,POPCAT,B,Open Long,0.40721,670.0,0.122773,0.0,1914.0,0209
1749651028613,POPCAT,B,Open Long,0.40723,4978.0,0.912235,0.0,2584.0,0209
1749651028613,POPCAT,B,Open Long,0.40729,722.0,0.132328,0.0,7562.0,0209
1749651028613,POPCAT,B,Open Long,0.40729,658.0,0.120598,0.0,8284.0,0209
1749651028613,POPCAT,B,Open Long,0.4073,5505.0,1.008983,0.0,8942.0,0209
1749651028613,POPCAT,B,Open Long,0.40739,2524.0,0.462713,0.0,14447.0,0209
1749651028613,POPCAT,B,Open Long,0.40743,255.0,0.046752,0.0,16971.0,0209
1749651028613,POPCAT,B,Open Long,0.40744,5015.0,0.91949,0.0,17226.0,0209
1749651028613,POPCAT,B,Open Long,0.40744,613.0,0.112392,0.0,22241.0,0209
1749651028613,POPCAT,B,Open Long,0.40748,255.0,0.046758,0.0,22854.0,0209
1749651028613,POPCAT,B,Open Long,0.40749,37385.0,6.855306,0.0,23109.0,0209
1749651028613,POPCAT,B,Open Long,0.40754,909.0,0.166704,0.0,60494.0,0209
1749651909256,KAITO,B,Open Long,1.7929,1004.0,0.810032,0.0,0.0,0210
1749651909256,KAITO,B,Open Long,1.7935,1379.0,1.112956,0.0,1004.0,0210
1749651909256,KAITO,B,Open Long,1.7936,663.0,0.53512,0.0,2383.0,0210
1749651909256,KAITO,B,Open Long,1.7938,170.0,0.137225,0.0,3046.0,0210
1749651909256,KAITO,B,Open Long,1.7942,1052.0,0.849374,0.0,3216.0,0210
1749651909256,KAITO,B,Open Long,1.7944,665.0,0.536974,0.0,4268.0,0210
1749651909256,KAITO,B,Open Long,1.7945,689.0,0.556384,0.0,4933.0,0210
1749651909256,KAITO,B,Open Long,1.7948,715.0,0.577476,0.0,5622.0,0210
1749651909256,KAITO,B,Open Long,1.7949,648.0,0.523392,0.0,6337.0,0210
1749652655538,XRP,B,Open Long,2.3364,150.0,0.157707,0.0,0.0,0211
1749652655538,XRP,B,Open Long,2.3364,150.0,0.157707,0.0,150.0,0211
1749652655538,XRP,B,Open Long,2.3364,684.0,0.719143,0.0,300.0,0211
1749652655538,XRP,B,Open Long,2.3364,428.0,0.44999,0.0,984.0,0211
1749652655538,XRP,B,Open Long,2.3364,428.0,0.44999,0.0,1412.0,0211
1749652655538,XRP,B,Open Long,2.3365,684.0,0.719174,0.0,1840.0,0211
1749652655538,XRP,B,Open Long,2.3365,856.0,0.900019,0.0,2524.0,0211
1749652655538,XRP,B,Open Long,2.3365,428.0,0.450009,0.0,3380.0,0211
1749652655538,XRP,B,Open Long,2.3365,849.0,0.892659,0.0,3808.0,0211
1749652655538,XRP,B,Open Long,2.3365,428.0,0.450009,0.0,4657.0,0211
1749652655538,XRP,B,Open Long,2.3366,4500.0,4.731615,0.0,5085.0,0211
1749652655538,XRP,B,Open Long,2.3366,1720.0,1.808528,0.0,9585.0,0211
1749652655538,XRP,B,Open Long,2.3366,6204.0,6.523319,0.0,11305.0,0211
1749652655538,XRP,B,Open Long,2.3366,308.0,0.323852,0.0,17509.0,0211
1749652655538,XRP,B,Open Long,2.3366,856.0,0.900058,0.0,17817.0,0211
1749652655538,XRP,B,Open Long,2.3366,2731.0,2.871564,0.0,18673.0,0211
1749652758010,BTC,A,Close Long,110064.0,0.10448,5.174769,24.60504,0.9337,0212
1749652758010,BTC,A,Close Long,110064.0,0.05407,2.678022,12.733485,0.82922,0212
1749652758010,BTC,A,Close Long,110064.0,0.10214,5.058871,24.05397,0.77515,0212
1749652758010,BTC,A,Close Long,110064.0,0.67301,33.333377,158.493855,0.67301,0212
1749652759501,XRP,A,Close Long,2.3304,6323.0,6.630803,-38.993941,21404.0,0213
1749652759501,XRP,A,Close Long,2.3304,1720.0,1.803729,-10.60724,15081.0,0213
1749652759501,XRP,A,Close Long,2.3304,1120.0,1.174521,-6.90704,13361.0,0213
1749652759501,XRP,A,Close Long,2.3304,4291.0,4.499885,-26.462597,12241.0,0213
1749652759501,XRP,A,Close Long,2.3304,215.0,0.225466,-1.325905,7950.0,0213
1749652761953,XRP,A,Close Long,2.3304,168.0,0.058726,-1.036056,7735.0,0213
1749652762118,XRP,A,Close Long,2.3304,152.0,0.053133,-0.937384,7567.0,0213
1749652766768,XRP,A,Close Long,2.3304,1129.0,0.394653,-6.962543,7415.0,0213
1749652766768,XRP,A,Close Long,2.3304,155.0,0.054181,-0.955885,6286.0,0213
1749652766768,XRP,A,Close Long,2.3304,1145.0,0.400246,-7.061215,6131.0,0213
1749652766846,XRP,A,Close Long,2.3304,4986.0,1.742906,-30.748662,4986.0,0213
1749652772044,KAITO,A,Close Long,1.7983,153.0,0.123812,0.660501,6985.0,0215
1749652772044,KAITO,A,Close Long,1.7983,1571.0,1.271308,6.782007,6832.0,0215
1749652772044,KAITO,A,Close Long,1.7983,1492.0,1.207378,6.440964,5261.0,0215
1749652772779,POPCAT,A,Close Long,0.41147,1027.0,0.063386,4.152161,61403.0,0214
1749652774194,POPCAT,A,Close Long,0.41147,28393.0,1.75243,114.792899,60376.0,0214
1749652774262,POPCAT,A,Close Long,0.41147,28393.0,1.75243,114.792899,31983.0,0214
1749652775327,POPCAT,A,Close Long,0.41147,596.0,0.036785,2.409628,3590.0,0214
1749652775327,POPCAT,A,Close Long,0.41147,2374.0,0.146524,9.598082,2994.0,0214
1749652776511,KAITO,A,Close Long,1.798,171.0,0.046118,0.686907,3769.0,0215
1749652784176,KAITO,A,Close Long,1.798,84.0,0.022654,0.337428,3598.0,0215
1749652785970,KAITO,A,Close Long,1.798,134.0,0.036139,0.538278,3514.0,0216
1749652786809,KAITO,A,Close Long,1.798,83.0,0.022385,0.333411,3380.0,0216
1749652789811,KAITO,A,Close Long,1.798,120.0,0.032363,0.48204,3297.0,0216
1749652794490,KAITO,A,Close Long,1.7973,446.0,0.360718,1.479382,3177.0,0217
1749652794490,KAITO,A,Close Long,1.797,1397.0,1.129684,4.214749,2731.0,0217
1749652794490,KAITO,A,Close Long,1.7965,638.0,0.515775,1.605846,1334.0,0217
1749652794490,KAITO,A,Close Long,1.7963,574.0,0.463984,1.329958,696.0,0217
1749652794490,KAITO,A,Close Long,1.7962,122.0,0.098611,0.270474,122.0,0217
1749652794914,POPCAT,A,Close Long,0.41052,620.0,0.114535,1.91766,620.0,0218
1749653583126,POPCAT,B,Open Long,0.4118,4948.0,0.916913,0.0,0.0,0227
1749653583126,POPCAT,B,Open Long,0.41181,734.0,0.13602,0.0,4948.0,0227
1749653583126,POPCAT,B,Open Long,0.41181,706.0,0.130832,0.0,5682.0,0227
1749653583126,POPCAT,B,Open Long,0.4119,777.0,0.14402,0.0,6388.0,0227
1749653583126,POPCAT,B,Open Long,0.4119,745.0,0.138089,0.0,7165.0,0227
1749653583126,POPCAT,B,Open Long,0.41191,9590.0,1.777597,0.0,7910.0,0227
1749653583126,POPCAT,B,Open Long,0.41196,242.0,0.044862,0.0,17500.0,0227
1749653583126,POPCAT,B,Open Long,0.41196,2404.0,0.445658,0.0,17742.0,0227
1749653583126,POPCAT,B,Open Long,0.41197,606.0,0.112344,0.0,20146.0,0227
1749653583126,POPCAT,B,Open Long,0.41197,1797.0,0.333139,0.0,20752.0,0227
1749653583126,POPCAT,B,Open Long,0.41197,1609.0,0.298286,0.0,22549.0,0227
1749653583126,POPCAT,B,Open Long,0.41197,1581.0,0.293096,0.0,24158.0,0227
1749653583126,POPCAT,B,Open Long,0.41202,242.0,0.044868,0.0,25739.0,0227
1749653583126,POPCAT,B,Open Long,0.41203,3592.0,0.666005,0.0,25981.0,0227
1749653583126,POPCAT,B,Open Long,0.41203,5505.0,1.020701,0.0,29573.0,0227
1749653583126,POPCAT,B,Open Long,0.41208,6874.0,1.274687,0.0,35078.0,0227
1749653583126,POPCAT,B,Open Long,0.41208,1213.0,0.224933,0.0,41952.0,0227
1749653583126,POPCAT,B,Open Long,0.41209,1859.0,0.344733,0.0,43165.0,0227
1749653583126,POPCAT,B,Open Long,0.41209,1564.0,0.290028,0.0,45024.0,0227
1749653583126,POPCAT,B,Open Long,0.4121,242.0,0.044877,0.0,46588.0,0227
1749653583126,POPCAT,B,Open Long,0.41216,242.0,0.044884,0.0,46830.0,0227
1749653583126,POPCAT,B,Open Long,0.41219,2404.0,0.445907,0.0,47072.0,0227
1749653583126,POPCAT,B,Open Long,0.4122,2237.0,0.414941,0.0,49476.0,0227
1749653583126,POPCAT,B,Open Long,0.4122,9038.0,1.676458,0.0,51713.0,0227
1749653815198,POPCAT,A,Close Long,0.40938,1272.0,0.234329,-3.361896,60751.0,0228
1749653815198,POPCAT,A,Close Long,0.40938,1450.0,0.26712,-3.83235,59479.0,0228
1749653815198,POPCAT,A,Close Long,0.4093,3417.0,0.62936,-9.304491,58029.0,0228
1749653815198,POPCAT,A,Close Long,0.40929,9861.0,1.816203,-26.950113,54612.0,0228
1749653815198,POPCAT,A,Close Long,0.40926,2824.0,0.520087,-7.802712,44751.0,0228
1749653815198,POPCAT,A,Close Long,0.40926,2587.0,0.47644,-7.147881,41927.0,0228
1749653815198,POPCAT,A,Close Long,0.40925,2502.0,0.460774,-6.938046,39340.0,0228
1749653815198,POPCAT,A,Close Long,0.40924,6988.0,1.286896,-19.447604,36838.0,0228
1749653815198,POPCAT,A,Close Long,0.4092,242.0,0.044561,-0.683166,29850.0,0228
1749653815198,POPCAT,A,Close Long,0.4092,4950.0,0.911493,-13.97385,29608.0,0228
1749653815198,POPCAT,A,Close Long,0.4092,2502.0,0.460718,-7.063146,24658.0,0228
1749653815198,POPCAT,A,Close Long,0.40919,22156.0,4.079706,-62.767948,22156.0,0228
1749654593091,POPCAT,B,Open Long,0.40875,542.0,0.033231,0.0,759.0,0219
1749654601044,POPCAT,B,Open Long,0.40875,733.0,0.044942,0.0,1301.0,0219
1749654601532,POPCAT,B,Open Long,0.40875,611.0,0.037461,0.0,2034.0,0219
1749654601532,POPCAT,B,Open Long,0.40875,610.0,0.0374,0.0,2645.0,0219
1749654604182,POPCAT,B,Open Long,0.40818,1732.0,0.106045,0.0,3255.0,0220
1749654604182,POPCAT,B,Open Long,0.40818,972.0,0.059512,0.0,4987.0,0220
1749654840830,POPCAT,B,Open Long,0.4076,2469.0,0.150954,0.0,6954.0,0221
1749654841592,POPCAT,B,Open Long,0.4076,443.0,0.027085,0.0,9423.0,0221
1749654889941,POPCAT,B,Open Long,0.40703,3120.0,0.19049,0.0,10133.0,0222
1749655550642,POPCAT,B,Open Long,0.40646,3328.0,0.202904,0.0,16032.0,0223
1749655550642,POPCAT,B,Open Long,0.40589,3536.0,0.215284,0.0,19360.0,0224
1749655558781,POPCAT,B,Open Long,0.40531,3744.0,0.227622,0.0,22896.0,0225
1749655561484,POPCAT,B,Open Long,0.40474,3541.0,0.214977,0.0,26640.0,0226
1749655562451,POPCAT,B,Open Long,0.40474,411.0,0.024952,0.0,30181.0,0226
1749657991190,BTC,B,Open Long,109730.0,0.00465,0.076536,0.0,0.0,0161
1749657991190,BTC,B,Open Long,109730.0,0.0077,0.126738,0.0,0.00465,0161
1749657991544,BTC,B,Open Long,109719.0,0.01281,0.210825,0.0,0.01235,0162
1749657994523,BTC,B,Open Long,109709.0,0.01328,0.21854,0.0,0.02516,0163
1749658011036,BTC,B,Open Long,109699.0,0.00967,0.159118,0.0,0.03844,0164
1749658011036,BTC,B,Open Long,109699.0,0.00408,0.067135,0.0,0.04811,0164
1749658013455,BTC,B,Open Long,109689.0,0.01421,0.233802,0.0,0.05219,0165
1749658025110,BTC,B,Open Long,109679.0,0.01468,0.241513,0.0,0.0664,0166
1749658025187,BTC,B,Open Long,109668.0,0.01514,0.249056,0.0,0.08108,0167
1749658025479,BTC,B,Open Long,109658.0,0.01561,0.256764,0.0,0.09622,0168
1749658027240,BTC,B,Open Long,109648.0,0.01608,0.26447,0.0,0.11183,0169
1749658027240,BTC,B,Open Long,109638.0,0.01654,0.272011,0.0,0.12791,0170
1749658027789,BTC,B,Open Long,109628.0,0.01701,0.279715,0.0,0.14445,0171
1749658027917,BTC,B,Open Long,109617.0,0.01747,0.287251,0.0,0.16146,0172
1749658028435,BTC,B,Open Long,109607.0,0.00499,0.08204,0.0,0.17893,0173
1749658028497,BTC,B,Open Long,109607.0,0.01295,0.212911,0.0,0.18392,0173
1749658029576,BTC,B,Open Long,109597.0,0.01841,0.302652,0.0,0.19687,0174
1749658031071,BTC,B,Open Long,109587.0,0.01887,0.310186,0.0,0.21528,0175
1749658050753,BTC,B,Open Long,109577.0,0.01934,0.317882,0.0,0.23415,0176
1749658050753,BTC,B,Open Long,109566.0,0.01981,0.325575,0.0,0.25349,0177
1749658050753,BTC,B,Open Long,109556.0,0.02027,0.333105,0.0,0.2733,0178
1749658050753,BTC,B,Open Long,109546.0,0.02074,0.340797,0.0,0.29357,0179
1749658235830,BTC,B,Open Long,109536.0,0.0212,0.348324,0.0,0.31431,0180
1749658235830,BTC,B,Open Long,109526.0,0.0098,0.161003,0.0,0.33551,0181
1749658235830,BTC,B,Open Long,109526.0,0.01187,0.195011,0.0,0.34531,0181
1749658240511,BTC,B,Open Long,109515.0,0.01455,0.239016,0.0,0.35718,0182
1749658240511,BTC,B,Open Long,109515.0,0.00759,0.124682,0.0,0.37173,0182
1749658240511,BTC,B,Open Long,109505.0,0.0226,0.371221,0.0,0.37932,0183
1749658242717,BTC,B,Open Long,109495.0,0.02307,0.378907,0.0,0.40192,0184
1749658242717,BTC,B,Open Long,109485.0,0.0204,0.335024,0.0,0.42499,0185
1749658242717,BTC,B,Open Long,109485.0,0.00313,0.051403,0.0,0.44539,0185
1749658243146,BTC,B,Open Long,109474.0,0.024,0.394106,0.0,0.44852,0186
1749658256545,BTC,B,Open Long,109464.0,0.02447,0.401787,0.0,0.47252,0187
1749658256545,BTC,B,Open Long,109454.0,0.02493,0.409303,0.0,0.49699,0188
1749658256545,BTC,B,Open Long,109444.0,0.0254,0.416981,0.0,0.52192,0189
1749658287918,BTC,B,Open Long,109434.0,0.02586,0.424494,0.0,0.54732,0190
1749658288119,BTC,B,Open Long,109423.0,0.02633,0.432166,0.0,0.57318,0191
1749658288119,BTC,B,Open Long,109413.0,0.0268,0.43984,0.0,0.59951,0192
1749663744164,POPCAT,A,Close Long,0.41958,597.0,0.11272,6.541926,47450.0,0229
1749663744164,POPCAT,A,Close Long,0.41958,1191.0,0.224873,13.050978,46853.0,0229
1749663744164,POPCAT,A,Close Long,0.41956,242.0,0.04569,2.646996,45662.0,0229
1749663747017,POPCAT,A,Close Long,0.41955,1243.0,0.078225,13.583504,45420.0,0229
1749663747017,POPCAT,A,Close Long,0.41955,1490.0,0.093769,16.28272,44177.0,0229
1749663747411,POPCAT,A,Close Long,0.41955,1726.0,0.108621,18.861728,42687.0,0229
1749663750065,POPCAT,A,Close Long,0.41955,42.0,0.002643,0.458976,40961.0,0229
1749663754049,POPCAT,A,Close Long,0.41955,465.0,0.029263,5.08152,40919.0,0229
1749663756077,POPCAT,A,Close Long,0.41955,968.0,0.060918,10.578304,40454.0,0229
1749663756077,POPCAT,A,Close Long,0.41955,37919.0,2.386337,414.378832,39486.0,0229
1749663756180,POPCAT,A,Close Long,0.41955,791.0,0.049779,8.644048,1567.0,0229
1749663756355,POPCAT,A,Close Long,0.41955,620.0,0.039018,6.77536,776.0,0229
1749663759466,POPCAT,A,Close Long,0.41955,155.0,0.009754,1.69384,156.0,0229
1749663845978,BTC,B,Open Long,109403.0,0.02726,0.447348,0.0,0.62631,0193
1749663847694,BTC,B,Open Long,109393.0,0.00016,0.002625,0.0,0.65357,0194
1749663847694,BTC,B,Open Long,109393.0,0.02757,0.452394,0.0,0.65373,0194
1749663847694,BTC,B,Open Long,109383.0,0.0282,0.46269,0.0,0.6813,0195
1749663848320,BTC,B,Open Long,109372.0,0.02866,0.47019,0.0,0.7095,0196
1749663913030,BTC,B,Open Long,109362.0,0.00066,0.010826,0.0,0.73816,0197
1749663913440,BTC,B,Open Long,109362.0,0.01,0.164043,0.0,0.73882,0197
1749663913851,BTC,B,Open Long,109362.0,0.01847,0.302987,0.0,0.74882,0197
1749663927393,BTC,B,Open Long,109352.0,0.02959,0.485358,0.0,0.76729,0198
1749663927393,BTC,B,Open Long,109342.0,0.03006,0.493023,0.0,0.79688,0199
1749663927393,BTC,B,Open Long,109332.0,0.0257,0.421474,0.0,0.82694,0200
1749663927393,BTC,B,Open Long,109332.0,0.00483,0.079211,0.0,0.85264,0200
1749663927393,BTC,B,Open Long,109321.0,0.03099,0.508178,0.0,0.85747,0201
1749663927393,BTC,B,Open Long,109311.0,0.03146,0.515838,0.0,0.88846,0202
1749663927393,BTC,B,Open Long,109301.0,0.03192,0.523333,0.0,0.91992,0203
1749663927393,BTC,B,Open Long,109291.0,0.03239,0.53099,0.0,0.95184,0204
1749663929139,BTC,B,Open Long,109281.0,0.03286,0.538646,0.0,0.98423,0205
1749663929139,BTC,B,Open Long,109270.0,0.03332,0.546131,0.0,1.01709,0206
1749663931890,BTC,B,Open Long,109260.0,0.03379,0.553784,0.0,1.05041,0207
1749663932546,BTC,B,Open Long,109250.0,0.00478,0.078332,0.0,1.0842,0208
1749663932546,BTC,B,Open Long,109250.0,0.02948,0.483103,0.0,1.08898,0208
1749664047189,POPCAT,B,Open Long,0.415,1249.0,0.07775,0.0,1.0,0230
1749664061068,POPCAT,B,Open Long,0.41396,302.0,0.018752,0.0,1250.0,0231
1749664061128,POPCAT,B,Open Long,0.41396,680.0,0.042223,0.0,1552.0,0231
1749664064600,POPCAT,B,Open Long,0.41396,371.0,0.023036,0.0,2232.0,0231
1749664103789,BTC,B,Open Long,109223.0,0.01574,0.773626,0.0,1.11846,0242
1749664108429,BTC,B,Open Long,109205.0,0.00032,0.005241,0.0,1.1342,0243
1749664108429,BTC,B,Open Long,109205.0,0.00368,0.060281,0.0,1.13452,0243
1749664108429,BTC,B,Open Long,109205.0,0.01272,0.208363,0.0,1.1382,0243
1749664114993,BTC,B,Open Long,109181.0,0.01771,0.290039,0.0,1.15092,0244
1749664116748,POPCAT,B,Open Long,0.41292,1457.0,0.090243,0.0,2603.0,0232
1749664162808,POPCAT,B,Open Long,0.41188,657.0,0.04059,0.0,4060.0,0233
1749664198894,POPCAT,B,Open Long,0.41188,463.0,0.028605,0.0,4717.0,0233
1749664204386,POPCAT,B,Open Long,0.41188,427.0,0.02638,0.0,5180.0,0233
1749664204472,POPCAT,B,Open Long,0.41188,14.0,0.000864,0.0,5607.0,0233
1749664217060,BTC,B,Open Long,109156.0,0.01869,0.306018,0.0,1.16863,0245
1749664217060,BTC,B,Open Long,109132.0,0.01967,0.321993,0.0,1.18732,0246
1749664239172,POPCAT,B,Open Long,0.41083,833.0,0.051333,0.0,5621.0,0234
1749664239172,POPCAT,B,Open Long,0.41083,624.0,0.038453,0.0,6454.0,0234
1749664239172,POPCAT,B,Open Long,0.41083,208.0,0.012817,0.0,7078.0,0234
1749664324494,POPCAT,B,Open Long,0.40979,623.0,0.038294,0.0,7286.0,0235
1749664324567,POPCAT,B,Open Long,0.40979,1146.0,0.070442,0.0,7909.0,0235
1749664756615,BTC,B,Open Long,109107.0,0.02066,0.338122,0.0,1.20699,0247
1749664762148,BTC,B,Open Long,109083.0,0.02164,0.354083,0.0,1.22765,0248
1749664771485,BTC,B,Open Long,109058.0,0.02263,0.370197,0.0,1.24929,0249
1749664785851,BTC,B,Open Long,109033.0,0.02361,0.38614,0.0,1.27192,0250
1749664929626,BTC,B,Open Long,109009.0,0.02459,0.402079,0.0,1.29553,0251
1749664929887,BTC,B,Open Long,108984.0,0.02558,0.418171,0.0,1.32012,0252
1749664930307,BTC,B,Open Long,108960.0,0.02656,0.434096,0.0,1.3457,0253
1749664930307,BTC,B,Open Long,108935.0,0.02755,0.450173,0.0,1.37226,0254
1749664936745,POPCAT,B,Open Long,0.40875,1873.0,0.114838,0.0,9055.0,0236
1749665005592,POPCAT,B,Open Long,0.40771,2.0,0.000122,0.0,10928.0,0237
1749665007652,POPCAT,B,Open Long,0.40771,51.0,0.003118,0.0,10930.0,0237
1749665007769,POPCAT,B,Open Long,0.40771,1925.0,0.117726,0.0,10981.0,0237
1749665017037,BTC,B,Open Long,108910.0,0.02853,0.46608,0.0,1.39981,0255
1749665017473,BTC,B,Open Long,108886.0,0.02951,0.481983,0.0,1.42834,0256
1749665017748,POPCAT,B,Open Long,0.40667,616.0,0.037576,0.0,12906.0,0238
1749665017822,POPCAT,B,Open Long,0.40667,61.0,0.003721,0.0,13522.0,0238
1749665023867,POPCAT,B,Open Long,0.40667,1405.0,0.085705,0.0,13583.0,0238
1749665027027,BTC,B,Open Long,108861.0,0.0305,0.498039,0.0,1.45785,0257
1749665052766,BTC,B,Open Long,108837.0,0.03148,0.513928,0.0,1.48835,0258
1749665708190,BTC,B,Open Long,108812.0,0.03247,0.529968,0.0,1.51983,0259
1749665708190,BTC,B,Open Long,108788.0,0.02097,0.342192,0.0,1.5523,0260
1749665708750,BTC,B,Open Long,108788.0,0.01248,0.203651,0.0,1.57327,0260
1749665712410,BTC,B,Open Long,108763.0,0.03443,0.561706,0.0,1.58575,0261
1749665719351,BTC,B,Open Long,108738.0,0.03542,0.577724,0.0,1.62018,0262
1749665726101,BTC,B,Open Long,108714.0,0.0364,0.593578,0.0,1.6556,0263
1749665730760,BTC,B,Open Long,108689.0,0.03739,0.609582,0.0,1.692,0264
1749665730760,BTC,B,Open Long,108665.0,0.03837,0.625421,0.0,1.72939,0265
1749665735249,POPCAT,B,Open Long,0.40563,2186.0,0.133006,0.0,14988.0,0239
1749665829775,BTC,B,Open Long,108640.0,0.03935,0.641247,0.0,1.76776,0266
1749665833399,POPCAT,B,Open Long,0.40458,1160.0,0.070396,0.0,17174.0,0240
1749665833467,POPCAT,B,Open Long,0.40458,573.0,0.034773,0.0,18334.0,0240
1749665834943,POPCAT,B,Open Long,0.40458,557.0,0.033802,0.0,18907.0,0240
1749665836334,POPCAT,B,Open Long,0.40354,2394.0,0.144911,0.0,19464.0,0241
1749677905791,BTC,A,Close Long,108474.0,1.80711,29.403667,-1378.102086,1.80711,0267
1749677907151,POPCAT,A,Close Long,0.39092,1279.0,0.224994,-22.562839,21858.0,0268
1749677920166,POPCAT,A,Close Long,0.3908,1279.0,0.224924,-22.716319,20579.0,0269
1749677920166,POPCAT,A,Close Long,0.39078,793.0,0.139449,-14.100333,19300.0,0269
1749677920166,POPCAT,A,Close Long,0.39078,2095.0,0.368407,-37.251195,18507.0,0269
1749677920166,POPCAT,A,Close Long,0.39072,255.0,0.044835,-4.549455,16412.0,0269
1749677920166,POPCAT,A,Close Long,0.39069,1420.0,0.24965,-25.37682,16157.0,0269
1749677920166,POPCAT,A,Close Long,0.39069,1488.0,0.261606,-26.592048,14737.0,0269
1749677920166,POPCAT,A,Close Long,0.39068,255.0,0.04483,-4.559655,13249.0,0269
1749677920166,POPCAT,A,Close Long,0.39065,3167.0,0.556734,-56.724137,12994.0,0269
1749677920166,POPCAT,A,Close Long,0.39064,255.0,0.044825,-4.569855,9827.0,0269
1749677921190,POPCAT,A,Close Long,0.39064,749.0,0.043888,-13.422829,9572.0,0269
1749677921592,POPCAT,A,Close Long,0.39064,552.0,0.032344,-9.892392,8823.0,0269
1749677923063,POPCAT,A,Close Long,0.39064,2147.0,0.125805,-38.476387,8271.0,0269
1749677923198,POPCAT,A,Close Long,0.39064,3115.0,0.182526,-55.823915,6124.0,0269
1749677923400,POPCAT,A,Close Long,0.39064,3009.0,0.176315,-53.924289,3009.0,0269
1749678903682,BTC,B,Open Long,108814.0,0.11352,5.558654,0.0,0.0,0270
1749678903682,BTC,B,Open Long,108814.0,0.00011,0.005386,0.0,0.11352,0270
1749678903682,BTC,B,Open Long,108815.0,0.00011,0.005386,0.0,0.11363,0270
1749678903682,BTC,B,Open Long,108816.0,0.00011,0.005386,0.0,0.11374,0270
1749678903682,BTC,B,Open Long,108816.0,0.18734,9.173515,0.0,0.11385,0270
1749678903682,BTC,B,Open Long,108817.0,0.00011,0.005386,0.0,0.30119,0270
1749678903682,BTC,B,Open Long,108818.0,0.00011,0.005386,0.0,0.3013,0270
1749678903682,BTC,B,Open Long,108818.0,0.18909,9.259378,0.0,0.30141,0270
1749678903682,BTC,B,Open Long,108819.0,0.00011,0.005386,0.0,0.4905,0270
1749678903682,BTC,B,Open Long,108820.0,0.00011,0.005386,0.0,0.49061,0270
1749678903682,BTC,B,Open Long,108820.0,0.19084,9.345243,0.0,0.49072,0270
1749678903682,BTC,B,Open Long,108820.0,0.042,2.056698,0.0,0.68156,0270
1749678903682,BTC,B,Open Long,108820.0,0.042,2.056698,0.0,0.72356,0270
1749678903682,BTC,B,Open Long,108820.0,0.042,2.056698,0.0,0.76556,0270
1749678903682,BTC,B,Open Long,108821.0,0.00011,0.005386,0.0,0.80756,0270
1749678903682,BTC,B,Open Long,108822.0,0.00011,0.005386,0.0,0.80767,0270
1749678903682,BTC,B,Open Long,108822.0,0.19259,9.431113,0.0,0.80778,0270
1749678903682,BTC,B,Open Long,108823.0,0.00011,0.005386,0.0,1.00037,0270
1749678903682,BTC,B,Open Long,108824.0,0.00011,0.005386,0.0,1.00048,0270
1749678903682,BTC,B,Open Long,108824.0,0.19434,9.516985,0.0,1.00059,0270
1749678903682,BTC,B,Open Long,108825.0,0.00011,0.005386,0.0,1.19493,0270
1749678903682,BTC,B,Open Long,108826.0,0.00011,0.005386,0.0,1.19504,0270
1749678903682,BTC,B,Open Long,108826.0,0.19609,9.60286,0.0,1.19515,0270
1749678903682,BTC,B,Open Long,108827.0,0.00011,0.005386,0.0,1.39124,0270
1749678903682,BTC,B,Open Long,108828.0,0.00017,0.008325,0.0,1.39135,0270
1749678903682,BTC,B,Open Long,108828.0,0.00011,0.005386,0.0,1.39152,0270
1749678903682,BTC,B,Open Long,108828.0,0.19784,9.688739,0.0,1.39163,0270
1749678903682,BTC,B,Open Long,108829.0,0.00011,0.005387,0.0,1.58947,0270
1749678903682,BTC,B,Open Long,108830.0,0.00011,0.005387,0.0,1.58958,0270
1749678903682,BTC,B,Open Long,108830.0,0.19959,9.77462,0.0,1.58969,0270
1749678903682,BTC,B,Open Long,108831.0,0.00011,0.005387,0.0,1.78928,0270
1749678903682,BTC,B,Open Long,108831.0,0.004,0.195895,0.0,1.78939,0270
1749678903682,BTC,B,Open Long,108832.0,0.00011,0.005387,0.0,1.79339,0270
1749678903682,BTC,B,Open Long,108832.0,0.04449,2.178871,0.0,1.7935,0270
1749679060587,BTC,A,Close Long,108492.0,0.88077,43.000424,-291.094485,1.83799,0271
1749679060587,BTC,A,Close Long,108491.0,0.68863,33.61957,-228.280845,0.95722,0271
1749679060587,BTC,A,Close Long,108491.0,0.26859,13.112818,-89.037585,0.26859,0271
1749680962949,BTC,B,Open Long,108338.0,0.10976,5.35103,0.0,0.0,0272
1749680962949,BTC,B,Open Long,108338.0,1.27497,62.157464,0.0,0.10976,0272
1749681082369,BTC,B,Open Long,108250.0,0.042,2.045925,0.0,1.38473,0273
1749681082369,BTC,B,Open Long,108250.0,0.00011,0.005358,0.0,1.42673,0273
1749681082369,BTC,B,Open Long,108251.0,0.00011,0.005358,0.0,1.42684,0273
1749681082369,BTC,B,Open Long,108251.0,0.11547,5.624884,0.0,1.42695,0273
1749681082369,BTC,B,Open Long,108252.0,0.0016,0.077941,0.0,1.54242,0273
1749681082369,BTC,B,Open Long,108252.0,0.00018,0.008768,0.0,1.54402,0273
1749681082369,BTC,B,Open Long,108252.0,0.00011,0.005358,0.0,1.5442,0273
1749681082369,BTC,B,Open Long,108253.0,0.00011,0.005358,0.0,1.54431,0273
1749681082369,BTC,B,Open Long,108253.0,0.11547,5.624988,0.0,1.54442,0273
1749681082369,BTC,B,Open Long,108254.0,0.18684,9.101779,0.0,1.65989,0273
1749693132859,BTC,A,Close Long,108385.0,0.36824,4.789403,25.187616,1.84673,0274
1749693132923,BTC,A,Close Long,108385.0,0.20469,2.662239,14.000796,1.47849,0274
1749693133043,BTC,A,Close Long,108385.0,0.00016,0.00208,0.010944,1.2738,0274
1749693133043,BTC,A,Close Long,108385.0,0.90973,11.83213,62.225532,1.27364,0274
1749693133043,BTC,A,Close Long,108385.0,0.19573,2.545703,13.387932,0.36391,0274
1749693133796,BTC,A,Close Long,108385.0,0.07131,0.927472,4.877604,0.16818,0274
1749693134677,BTC,A,Close Long,108385.0,0.00022,0.002861,0.015048,0.09687,0274
1749693134677,BTC,A,Close Long,108385.0,0.05063,0.658503,3.463092,0.09665,0274
1749693134677,BTC,A,Close Long,108385.0,0.00011,0.00143,0.007524,0.04602,0274
1749693134730,BTC,A,Close Long,108385.0,0.0459,0.596984,3.13956,0.04591,0274
1749693145220,BTC,A,Close Long,108423.0,0.00001,0.000433,0.001064,0.00001,0275
1749698528020,BTC,B,Open Long,107735.0,0.06,2.58564,0.0,0.0,0276
1749698528020,BTC,B,Open Long,107735.0,0.06,2.58564,0.0,0.06,0276
1749698528020,BTC,B,Open Long,107736.0,0.06,2.585664,0.0,0.12,0276
1749698528020,BTC,B,Open Long,107736.0,0.5,21.5472,0.0,0.18,0276
1749698528020,BTC,B,Open Long,107737.0,0.06,2.585688,0.0,0.68,0276
1749698528020,BTC,B,Open Long,107738.0,0.06,2.585712,0.0,0.74,0276
1749698528020,BTC,B,Open Long,107739.0,0.06,2.585736,0.0,0.8,0276
1749698528020,BTC,B,Open Long,107740.0,0.06,2.58576,0.0,0.86,0276
1749698528020,BTC,B,Open Long,107741.0,0.06,2.585784,0.0,0.92,0276
1749698528020,BTC,B,Open Long,107741.0,0.41173,17.74408,0.0,0.98,0276
1749698894148,BTC,A,Close Long,107744.0,0.06517,0.842601,0.39102,1.39173,0277
1749698896023,BTC,A,Close Long,107744.0,0.0001,0.001292,0.0006,1.32656,0277
1749698900021,BTC,A,Close Long,107744.0,0.0004,0.005171,0.0024,1.32646,0277
1749698903100,BTC,A,Close Long,107744.0,0.1,1.292928,0.6,1.32606,0277
1749698904195,BTC,A,Close Long,107744.0,0.15499,2.003909,0.92994,1.22606,0277
1749698904195,BTC,A,Close Long,107744.0,0.17705,2.289129,1.0623,1.07107,0277
1749698904195,BTC,A,Close Long,107744.0,0.41818,5.406766,2.50908,0.89402,0277
1749698904195,BTC,A,Close Long,107744.0,0.4712,6.092276,2.8272,0.47584,0277
1749698904195,BTC,A,Close Long,107744.0,0.00463,0.059862,0.02778,0.00464,0277
1749698921033,BTC,A,Close Long,107755.0,0.00001,0.000431,0.00017,0.00001,0278
1749698960172,BTC,B,Open Long,107879.0,0.00011,0.004746,0.0,0.0,0279
1749698960172,BTC,B,Open Long,107879.0,1.39044,59.99971,0.0,0.00011,0279
1749698960172,BTC,B,Open Long,107879.0,0.00041,0.017692,0.0,1.39055,0279
1749699117343,MKR,B,Open Long,2023.2,0.1778,0.143889,0.0,0.0,0280
1749699117343,MKR,B,Open Long,2023.2,0.1653,0.133773,0.0,0.1778,0280
1749699117343,MKR,B,Open Long,2023.5,0.3656,0.295916,0.0,0.3431,0280
1749699117343,MKR,B,Open Long,2023.5,0.3924,0.317608,0.0,0.7087,0280
1749699117343,MKR,B,Open Long,2023.6,0.7352,0.5951,0.0,1.1011,0280
1749699117343,MKR,B,Open Long,2023.7,1.1118,0.899979,0.0,1.8363,0280
1749699117343,MKR,B,Open Long,2023.9,0.6795,0.550096,0.0,2.9481,0280
1749699117343,MKR,B,Open Long,2024.3,0.381,0.308503,0.0,3.6276,0280
1749699117343,MKR,B,Open Long,2024.5,0.497,0.40247,0.0,4.0086,0280
1749699117343,MKR,B,Open Long,2024.5,0.3336,0.270149,0.0,4.5056,0280
1749699117343,MKR,B,Open Long,2024.6,0.3345,0.270891,0.0,4.8392,0280
1749699117343,MKR,B,Open Long,2024.7,0.495,0.40089,0.0,5.1737,0280
1749699117343,MKR,B,Open Long,2024.7,0.9052,0.733103,0.0,5.6687,0280
1749699117343,MKR,B,Open Long,2024.9,1.4262,1.155164,0.0,6.5739,0280
1749699117343,MKR,B,Open Long,2025.3,1.342,1.087181,0.0,8.0001,0280
1749699117343,MKR,B,Open Long,2025.8,0.3981,0.322588,0.0,9.3421,0280
1749699117343,MKR,B,Open Long,2025.9,0.148,0.119933,0.0,9.7402,0280
1749699296959,POPCAT,B,Open Long,0.36949,269.0,0.039757,0.0,0.0,0282
1749699296959,POPCAT,B,Open Long,0.36949,3959.0,0.585124,0.0,269.0,0282
1749699296959,POPCAT,B,Open Long,0.36949,12012.0,1.775325,0.0,4228.0,0282
1749699296959,POPCAT,B,Open Long,0.36953,1098.0,0.162297,0.0,16240.0,0282
1749699296959,POPCAT,B,Open Long,0.36953,1086.0,0.160523,0.0,17338.0,0282
1749699296959,POPCAT,B,Open Long,0.36955,127.0,0.018773,0.0,18424.0,0282
1749699296959,POPCAT,B,Open Long,0.36957,10590.0,1.565498,0.0,18551.0,0282
1749699296959,POPCAT,B,Open Long,0.36959,14906.0,2.203643,0.0,29141.0,0282
1749699296959,POPCAT,B,Open Long,0.3696,269.0,0.039768,0.0,44047.0,0282
1749699296959,POPCAT,B,Open Long,0.3696,2617.0,0.386897,0.0,44316.0,0282
1749699296959,POPCAT,B,Open Long,0.3696,10589.0,1.565477,0.0,46933.0,0282
1749699296959,POPCAT,B,Open Long,0.36961,3839.0,0.567573,0.0,57522.0,0282
1749699296959,POPCAT,B,Open Long,0.36964,6325.0,0.935189,0.0,61361.0,0282
1749701651118,POPCAT,A,Close Long,0.36712,5505.0,0.808398,-13.47624,67686.0,0283
1749701651118,POPCAT,A,Close Long,0.367,3420.0,0.502056,-8.78256,62181.0,0283
1749701651118,POPCAT,A,Close Long,0.36694,1600.0,0.234841,-4.2048,58761.0,0283
1749701651118,POPCAT,A,Close Long,0.36693,1529.0,0.224414,-4.033502,57161.0,0283
1749701651118,POPCAT,A,Close Long,0.3669,269.0,0.039478,-0.717692,55632.0,0283
1749701651118,POPCAT,A,Close Long,0.36686,269.0,0.039474,-0.728452,55363.0,0283
1749701651118,POPCAT,A,Close Long,0.36686,1384.0,0.203093,-3.747872,55094.0,0283
1749701651118,POPCAT,A,Close Long,0.36683,2980.0,0.437261,-8.15924,53710.0,0283
1749701651118,POPCAT,A,Close Long,0.36683,3073.0,0.450907,-8.413874,50730.0,0283
1749701651118,POPCAT,A,Close Long,0.36682,681.0,0.099921,-1.871388,47657.0,0283
1749701651118,POPCAT,A,Close Long,0.36681,269.0,0.039468,-0.741902,46976.0,0283
1749701651118,POPCAT,A,Close Long,0.3668,1393.0,0.20438,-3.855824,46707.0,0283
1749701651118,POPCAT,A,Close Long,0.36679,5310.0,0.779061,-14.75118,45314.0,0283
1749701651118,POPCAT,A,Close Long,0.36679,681.0,0.099913,-1.891818,40004.0,0283
1749701651118,POPCAT,A,Close Long,0.36677,12231.0,1.794385,-34.222338,39323.0,0283
1749701651118,POPCAT,A,Close Long,0.36677,1634.0,0.23972,-4.571932,27092.0,0283
1749701651118,POPCAT,A,Close Long,0.36676,818.0,0.120003,-2.296944,25458.0,0283
1749701651118,POPCAT,A,Close Long,0.36676,2363.0,0.346661,-6.635304,24640.0,0283
1749701651118,POPCAT,A,Close Long,0.36676,3324.0,0.487644,-9.333792,22277.0,0283
1749701651118,POPCAT,A,Close Long,0.36675,269.0,0.039462,-0.758042,18953.0,0283
1749701651118,POPCAT,A,Close Long,0.36675,818.0,0.12,-2.305124,18684.0,0283
1749701651118,POPCAT,A,Close Long,0.36675,818.0,0.12,-2.305124,17866.0,0283
1749701651118,POPCAT,A,Close Long,0.36675,818.0,0.12,-2.305124,17048.0,0283
1749701651118,POPCAT,A,Close Long,0.36675,818.0,0.12,-2.305124,16230.0,0283
1749701651118,POPCAT,A,Close Long,0.36672,819.0,0.120137,-2.332512,15412.0,0283
1749701651118,POPCAT,A,Close Long,0.36671,269.0,0.039457,-0.768802,14593.0,0283
1749701651118,POPCAT,A,Close Long,0.36671,2656.0,0.389592,-7.590848,14324.0,0283
1749701651118,POPCAT,A,Close Long,0.3667,3246.0,0.476123,-9.309528,11668.0,0283
1749701651118,POPCAT,A,Close Long,0.36668,860.0,0.126137,-2.48368,8422.0,0283
1749701651118,POPCAT,A,Close Long,0.36668,1363.0,0.199913,-3.936344,7562.0,0283
1749701651118,POPCAT,A,Close Long,0.36667,3316.0,0.486351,-9.609768,6199.0,0283
1749701651118,POPCAT,A,Close Long,0.36667,269.0,0.039453,-0.779562,2883.0,0283
1749701651118,POPCAT,A,Close Long,0.36665,1671.0,0.245068,-4.875978,2614.0,0283
1749701651118,POPCAT,A,Close Long,0.36665,943.0,0.1383,-2.751674,943.0,0283
1749708373936,MKR,A,Close Long,2009.5,0.3598,0.289207,-5.375412,9.8882,0281
1749708373936,MKR,A,Close Long,2009.4,0.3195,0.256801,-4.80528,9.5284,0281
1749708373936,MKR,A,Close Long,2009.1,1.1199,0.899996,-17.179266,9.2089,0281
1749708373936,MKR,A,Close Long,2009.1,0.6672,0.536188,-10.234848,8.089,0281
1749708373936,MKR,A,Close Long,2009.0,0.6524,0.524268,-10.073056,7.4218,0281
1749708373936,MKR,A,Close Long,2008.9,1.7603,1.414506,-27.355062,6.7694,0281
1749708373936,MKR,A,Close Long,2008.9,0.4634,0.372369,-7.201236,5.0091,0281
1749708373936,MKR,A,Close Long,2008.7,1.0031,0.80597,-15.788794,4.5457,0281
1749708373936,MKR,A,Close Long,2008.4,3.5027,2.813929,-56.183308,3.5426,0281
1749708373936,MKR,A,Close Long,2008.3,0.0399,0.032052,-0.643986,0.0399,0281
1749731530474,POPCAT,B,Open Long,0.35787,911.0,0.130407,0.0,0.0,0284
1749731530474,POPCAT,B,Open Long,0.35795,1397.0,0.200022,0.0,911.0,0284
1749731530474,POPCAT,B,Open Long,0.35795,1396.0,0.199879,0.0,2308.0,0284
1749731530474,POPCAT,B,Open Long,0.35796,926.0,0.132588,0.0,3704.0,0284
1749731530474,POPCAT,B,Open Long,0.35796,284.0,0.040664,0.0,4630.0,0284
1749731530474,POPCAT,B,Open Long,0.35797,843.0,0.120707,0.0,4914.0,0284
1749731530474,POPCAT,B,Open Long,0.35798,5505.0,0.788271,0.0,5757.0,0284
1749731530474,POPCAT,B,Open Long,0.35799,1385.0,0.198326,0.0,11262.0,0284
1749731530474,POPCAT,B,Open Long,0.35804,284.0,0.040673,0.0,12647.0,0284
1749731530474,POPCAT,B,Open Long,0.35804,11280.0,1.615476,0.0,12931.0,0284
1749731530474,POPCAT,B,Open Long,0.35807,11279.0,1.615468,0.0,24211.0,0284
1749731530474,POPCAT,B,Open Long,0.35808,5505.0,0.788492,0.0,35490.0,0284
1749731530474,POPCAT,B,Open Long,0.3581,941.0,0.134788,0.0,40995.0,0284
1749741489196,POPCAT,A,Close Long,0.36509,1447.0,0.211314,10.214373,41936.0,0286
1749741497038,BTC,A,Close Long,107614.0,0.04039,0.521583,-10.70335,1.39096,0285
1749741497038,POPCAT,A,Close Long,0.36508,8509.0,0.372775,59.979941,40489.0,0286
1749741497088,POPCAT,A,Close Long,0.36508,10445.0,0.457591,73.626805,31980.0,0286
1749741499750,BTC,A,Close Long,107614.0,0.43619,5.632818,-115.59035,1.35057,0285
1749741501062,POPCAT,A,Close Long,0.36508,9278.0,0.406465,65.400622,21535.0,0286
1749741501464,POPCAT,A,Close Long,0.36508,11214.0,0.49128,79.047486,12257.0,0286
1749741505156,POPCAT,A,Close Long,0.36508,1043.0,0.045693,7.352107,1043.0,0286
1749741514472,BTC,A,Close Long,107614.0,0.01989,0.256853,-5.27085,0.91438,0285
1749741516890,BTC,A,Close Long,107614.0,0.00013,0.001678,-0.03445,0.89449,0285
1749741520053,BTC,A,Close Long,107614.0,0.00434,0.056045,-1.1501,0.89436,0285
1749741520623,BTC,A,Close Long,107614.0,0.00019,0.002453,-0.05035,0.89002,0285
1749741521001,BTC,A,Close Long,107614.0,0.0003,0.003874,-0.0795,0.88983,0285
1749741525021,BTC,A,Close Long,107614.0,0.00578,0.074641,-1.5317,0.88953,0285
1749741527043,BTC,A,Close Long,107614.0,0.00055,0.007102,-0.14575,0.88375,0285
1749741527043,BTC,A,Close Long,107614.0,0.8832,11.405362,-234.048,0.8832,0285
1749749564948,POPCAT,B,Open Long,0.36423,5505.0,0.802034,0.0,0.0,0287
1749749564948,POPCAT,B,Open Long,0.36428,698.0,0.101706,0.0,5505.0,0287
1749749564948,POPCAT,B,Open Long,0.36429,770.0,0.112201,0.0,6203.0,0287
1749749564948,POPCAT,B,Open Long,0.3643,916.0,0.133479,0.0,6973.0,0287
1749750160403,UNI,B,Open Long,7.9555,62.9,0.20016,0.0,0.0,0289
1749750160403,UNI,B,Open Long,7.9555,62.9,0.20016,0.0,62.9,0289
1749750160403,UNI,B,Open Long,7.9556,232.4,0.739552,0.0,125.8,0289
1749750160403,UNI,B,Open Long,7.9556,250.7,0.797787,0.0,358.2,0289
1749750160403,UNI,B,Open Long,7.9568,52.0,0.165501,0.0,608.9,0289
1749750160403,UNI,B,Open Long,7.957,877.1,2.791633,0.0,660.9,0289
1749750160403,UNI,B,Open Long,7.9571,975.5,3.10486,0.0,1538.0,0289
1749752081073,POPCAT,A,Close Long,0.35688,4136.0,0.590422,-31.160624,41216.0,0288
1749752081073,POPCAT,A,Close Long,0.35688,55.0,0.007851,-0.41437,37080.0,0288
1749752081073,POPCAT,A,Close Long,0.35681,1667.0,0.23792,-12.675868,37025.0,0288
1749752081073,POPCAT,A,Close Long,0.35681,11003.0,1.570392,-83.666812,35358.0,0288
1749752081073,POPCAT,A,Close Long,0.35678,1584.0,0.226055,-12.092256,24355.0,0288
1749752081073,POPCAT,A,Close Long,0.35677,5480.0,0.782039,-41.88912,22771.0,0288
1749752081073,POPCAT,A,Close Long,0.35676,4028.0,0.574811,-30.830312,17291.0,0288
1749752081073,POPCAT,A,Close Long,0.35672,13263.0,1.89247,-102.045522,13263.0,0288
1749752246390,UNI,A,Close Long,7.8768,861.8,2.71529,-68.849202,2513.5,0290
1749752246390,UNI,A,Close Long,7.8711,63.5,0.199925,-5.434965,1651.7,0290
1749752246390,UNI,A,Close Long,7.8704,87.8,0.276408,-7.576262,1588.2,0290
1749752246390,UNI,A,Close Long,7.8704,96.1,0.302538,-8.292469,1500.4,0290
1749752246390,UNI,A,Close Long,7.8704,1129.2,3.554902,-97.438668,1404.3,0290
1749752246390,UNI,A,Close Long,7.8703,275.1,0.866047,-23.765889,275.1,0290
1749757869954,BTC,B,Open Long,107117.0,1.40033,59.999659,0.0,0.0,0291
1749757891717,BTC,A,Close Long,107009.0,0.04226,1.80888,-4.56408,1.40033,0292
1749757891717,BTC,A,Close Long,107009.0,0.00011,0.004708,-0.01188,1.35807,0292
1749757891717,BTC,A,Close Long,107009.0,0.5386,23.054018,-58.1688,1.35796,0292
1749757891717,BTC,A,Close Long,107009.0,0.18689,7.999564,-20.18412,0.81936,0292
1749757891717,BTC,A,Close Long,107009.0,0.63247,27.071992,-68.30676,0.63247,0292
1749758335723,BTC,B,Open Long,106750.0,0.00313,0.040095,0.0,0.0,0293
1749758335813,BTC,B,Open Long,106750.0,0.0072,0.092232,0.0,0.00313,0293
1749758336628,BTC,B,Open Long,106750.0,0.02205,0.28246,0.0,0.01033,0293
1749759270754,BTC,B,Open Long,106688.0,0.0344,0.440408,0.0,0.03238,0294
1749759283983,BTC,B,Open Long,106625.0,0.03642,0.465993,0.0,0.06678,0295
1749759285585,BTC,B,Open Long,106563.0,0.03845,0.491681,0.0,0.1032,0296
1749759286051,BTC,B,Open Long,106500.0,0.04047,0.517206,0.0,0.14165,0297
1749759286051,BTC,B,Open Long,106438.0,0.04249,0.542706,0.0,0.18212,0298
1749759572321,BTC,B,Open Long,106891.0,0.5,21.3782,0.0,0.22461,0318
1749759572321,BTC,B,Open Long,106891.0,0.3,12.82692,0.0,0.72461,0318
1749759572321,BTC,B,Open Long,106891.0,0.3,12.82692,0.0,1.02461,0318
1749759572321,BTC,B,Open Long,106891.0,0.06945,2.969431,0.0,1.32461,0318
1749760732850,BTC,A,Close Long,106591.0,0.06001,0.767583,-15.032505,1.39406,0319
1749760734023,BTC,A,Close Long,106591.0,0.01292,0.165258,-3.23646,1.33405,0319
1749760734023,BTC,A,Close Long,106591.0,0.01553,0.198642,-3.890265,1.32113,0319
1749760737083,BTC,A,Close Long,106591.0,0.00049,0.006267,-0.122745,1.3056,0319
1749760738590,BTC,A,Close Long,106591.0,0.00022,0.002814,-0.05511,1.30511,0319
1749760740029,BTC,A,Close Long,106591.0,0.00097,0.012407,-0.242985,1.30489,0319
1749760740789,BTC,A,Close Long,106591.0,0.0409,0.523148,-10.24545,1.30392,0319
1749760741235,BTC,A,Close Long,106591.0,0.01,0.127909,-2.505,1.26302,0319
1749760741235,BTC,A,Close Long,106591.0,0.37256,4.765385,-93.32628,1.25302,0319
1749760741515,BTC,A,Close Long,106591.0,0.19002,2.43053,-47.60001,0.88046,0319
1749760820564,BTC,B,Open Long,106375.0,0.04452,0.568297,0.0,0.69044,0299
1749760831715,BTC,B,Open Long,106313.0,0.04654,0.593736,0.0,0.73496,0300
1749760832701,BTC,B,Open Long,106250.0,0.04857,0.619267,0.0,0.7815,0301
1749760832701,BTC,B,Open Long,106188.0,0.05059,0.644646,0.0,0.83007,0302
1749761022273,BTC,B,Open Long,106125.0,0.05261,0.669988,0.0,0.88066,0303
1749761023797,BTC,B,Open Long,106063.0,0.05464,0.695433,0.0,0.93327,0304
1749761048551,BTC,B,Open Long,106000.0,0.05666,0.720715,0.0,0.98791,0305
1749761054205,BTC,B,Open Long,105938.0,0.05868,0.745973,0.0,1.04457,0306
1749761225890,UNI,B,Open Long,7.7126,127.6,0.393651,0.0,0.0,0320
1749761225890,UNI,B,Open Long,7.7129,52.0,0.160428,0.0,127.6,0320
1749761225890,UNI,B,Open Long,7.7129,64.8,0.199918,0.0,179.6,0320
1749761225890,UNI,B,Open Long,7.7129,276.7,0.853663,0.0,244.4,0320
1749761225890,UNI,B,Open Long,7.713,164.4,0.507206,0.0,521.1,0320
1749761225890,UNI,B,Open Long,7.7144,232.4,0.71713,0.0,685.5,0320
1749761225890,UNI,B,Open Long,7.7147,260.7,0.804488,0.0,917.9,0320
1749761225890,UNI,B,Open Long,7.7147,157.2,0.4851,0.0,1178.6,0320
1749761225890,UNI,B,Open Long,7.7164,127.6,0.393845,0.0,1335.8,0320
1749761225890,UNI,B,Open Long,7.7168,244.7,0.75532,0.0,1463.4,0320
1749761225890,UNI,B,Open Long,7.7175,129.7,0.400383,0.0,1708.1,0320
1749761225890,UNI,B,Open Long,7.7185,291.5,0.899977,0.0,1837.8,0320
1749761225890,UNI,B,Open Long,7.7194,232.4,0.717595,0.0,2129.3,0320
1749761225890,UNI,B,Open Long,7.7199,64.7,0.199791,0.0,2361.7,0320
1749761225890,UNI,B,Open Long,7.7203,127.6,0.394044,0.0,2426.4,0320
1749761225890,UNI,B,Open Long,7.7217,38.2,0.117987,0.0,2554.0,0320
1749761342762,UNI,A,Close Long,7.6423,327.1,0.999918,-24.094186,2592.2,0321
1749761342762,UNI,A,Close Long,7.6418,15.1,0.046156,-1.119816,2265.1,0321
1749761342762,UNI,A,Close Long,7.6418,131.9,0.403181,-9.781704,2250.0,0321
1749761356867,UNI,A,Close Long,7.639,30.1,0.027592,-2.316496,2118.1,0322
1749761365176,UNI,A,Close Long,7.639,87.1,0.079842,-6.703216,2088.0,0322
1749761365176,UNI,A,Close Long,7.639,165.1,0.151343,-12.706096,2000.9,0322
1749761375451,UNI,A,Close Long,7.639,120.0,0.110001,-9.2352,1835.8,0322
1749761375552,UNI,A,Close Long,7.639,12.9,0.011825,-0.992784,1715.8,0322
1749761375654,UNI,A,Close Long,7.639,2.0,0.001833,-0.15392,1702.9,0322
1749761375654,UNI,A,Close Long,7.639,7.0,0.006416,-0.53872,1700.9,0322
1749761376116,UNI,A,Close Long,7.639,103.0,0.094418,-7.92688,1693.9,0322
1749761380374,UNI,A,Close Long,7.639,171.9,0.157577,-13.229424,1590.9,0322
1749761380475,BTC,B,Open Long,105875.0,0.06071,0.77132,0.0,1.10325,0307
1749761400007,UNI,A,Close Long,7.639,322.0,0.29517,-24.78112,1419.0,0322
1749761439038,BTC,B,Open Long,105813.0,0.06273,0.796517,0.0,1.16396,0308
1749761440365,UNI,A,Close Long,7.6301,65.5,0.199908,-5.62383,1097.0,0323
1749761440365,UNI,A,Close Long,7.6286,65.5,0.199869,-5.72208,1031.5,0323
1749761440365,UNI,A,Close Long,7.628,708.9,2.162995,-62.354844,966.0,0323
1749761440365,UNI,A,Close Long,7.6272,257.1,0.784381,-22.820196,257.1,0323
1749766796800,BTC,B,Open Long,105750.0,0.06476,0.821804,0.0,1.22669,0309
1749772774709,BTC,B,Open Long,105688.0,0.06678,0.846941,0.0,1.29145,0310
1749772788394,BTC,B,Open Long,105625.0,0.0688,0.87204,0.0,1.35823,0311
1749772809087,BTC,B,Open Long,105563.0,0.07083,0.897243,0.0,1.42703,0312
1749772862586,BTC,B,Open Long,105500.0,0.00716,0.090645,0.0,1.49786,0313
1749772862586,BTC,B,Open Long,105500.0,0.06569,0.831635,0.0,1.50502,0313
1749772871396,BTC,B,Open Long,105438.0,0.07487,0.947297,0.0,1.57071,0314
1749772893849,BTC,B,Open Long,105375.0,0.0769,0.9724,0.0,1.64558,0315
1749772900642,BTC,B,Open Long,105313.0,0.07892,0.997356,0.0,1.72248,0316
1749772903329,BTC,B,Open Long,105250.0,0.08095,1.022398,0.0,1.8014,0317
1749772965217,BTC,A,Close Long,104577.0,0.37647,15.748041,-592.864956,1.88235,0324
1749772966481,BTC,A,Close Long,104480.0,0.97372,40.693706,-1627.865096,1.50588,0325
1749772966481,BTC,A,Close Long,104480.0,0.22886,9.564517,-382.608148,0.53216,0325
1749772966481,BTC,A,Close Long,104479.0,0.00019,0.00794,-0.317832,0.3033,0325
1749772966481,BTC,A,Close Long,104477.0,0.00475,0.198506,-7.9553,0.30311,0325
1749772966481,BTC,A,Close Long,104477.0,0.04772,1.994256,-79.921456,0.29836,0325
1749772966481,BTC,A,Close Long,104475.0,0.12584,5.258853,-211.008512,0.25064,0325
1749772966481,BTC,A,Close Long,104475.0,0.1248,5.215392,-209.26464,0.1248,0325
1749785668323,FARTCOIN,B,Open Long,1.1218,89.0,0.039936,0.0,0.0,0326
1749785668323,FARTCOIN,B,Open Long,1.1219,990.5,0.444496,0.0,89.0,0326
1749785668323,FARTCOIN,B,Open Long,1.1226,1485.8,0.667183,0.0,1079.5,0326
1749785668323,FARTCOIN,B,Open Long,1.1227,1603.7,0.720189,0.0,2565.3,0326
1749785668323,FARTCOIN,B,Open Long,1.123,18124.5,8.141525,0.0,4169.0,0326
1749791551711,FARTCOIN,A,Close Long,1.0948,175.5,0.076854,-4.929795,22293.5,0327
1749791551711,FARTCOIN,A,Close Long,1.0948,304.5,0.133346,-8.553405,22118.0,0327
1749791551711,FARTCOIN,A,Close Long,1.0948,4642.9,2.033218,-130.419061,21813.5,0327
1749791551711,FARTCOIN,A,Close Long,1.0948,456.7,0.199998,-12.828703,17170.6,0327
1749791551711,FARTCOIN,A,Close Long,1.0948,346.5,0.151739,-9.733185,16713.9,0327
1749791551711,FARTCOIN,A,Close Long,1.0947,456.8,0.200023,-12.877192,16367.4,0327
1749791551711,FARTCOIN,A,Close Long,1.0947,274.1,0.120022,-7.726879,15910.6,0327
1749791551711,FARTCOIN,A,Close Long,1.0947,170.0,0.074439,-4.7923,15636.5,0327
1749791551711,FARTCOIN,A,Close Long,1.0947,456.8,0.200023,-12.877192,15466.5,0327
1749791551711,FARTCOIN,A,Close Long,1.0947,274.1,0.120022,-7.726879,15009.7,0327
1749791551711,FARTCOIN,A,Close Long,1.0947,563.9,0.24692,-15.896341,14735.6,0327
1749791551711,FARTCOIN,A,Close Long,1.0947,274.1,0.120022,-7.726879,14171.7,0327
1749791551711,FARTCOIN,A,Close Long,1.0947,274.1,0.120022,-7.726879,13897.6,0327
1749791551711,FARTCOIN,A,Close Long,1.0947,274.1,0.120022,-7.726879,13623.5,0327
1749791551711,FARTCOIN,A,Close Long,1.0947,274.1,0.120022,-7.726879,13349.4,0327
1749791551711,FARTCOIN,A,Close Long,1.0947,274.1,0.120022,-7.726879,13075.3,0327
1749791551711,FARTCOIN,A,Close Long,1.0947,274.1,0.120022,-7.726879,12801.2,0327
1749791551711,FARTCOIN,A,Close Long,1.0947,304.5,0.133334,-8.583855,12527.1,0327
1749791551711,FARTCOIN,A,Close Long,1.0947,456.8,0.200023,-12.877192,12222.6,0327
1749791551711,FARTCOIN,A,Close Long,1.0947,274.1,0.120022,-7.726879,11765.8,0327
1749791551711,FARTCOIN,A,Close Long,1.0947,274.1,0.120022,-7.726879,11491.7,0327
1749791551711,FARTCOIN,A,Close Long,1.0947,507.5,0.222224,-14.306425,11217.6,0327
1749791551711,FARTCOIN,A,Close Long,1.0947,274.1,0.120022,-7.726879,10710.1,0327
1749791551711,FARTCOIN,A,Close Long,1.0947,322.3,0.141128,-9.085637,10436.0,0327
1749791551711,FARTCOIN,A,Close Long,1.0947,322.9,0.141391,-9.102551,10113.7,0327
1749791551711,FARTCOIN,A,Close Long,1.0946,319.8,0.140021,-9.047142,9790.8,0327
1749791551711,FARTCOIN,A,Close Long,1.0946,338.4,0.148165,-9.573336,9471.0,0327
1749791551711,FARTCOIN,A,Close Long,1.0946,507.5,0.222203,-14.357175,9132.6,0327
1749791551711,FARTCOIN,A,Close Long,1.0946,304.6,0.133366,-8.617134,8625.1,0327
1749791551711,FARTCOIN,A,Close Long,1.0946,304.6,0.133366,-8.617134,8320.5,0327
1749791551711,FARTCOIN,A,Close Long,1.0946,456.8,0.200005,-12.922872,8015.9,0327
1749791551711,FARTCOIN,A,Close Long,1.0946,456.8,0.200005,-12.922872,7559.1,0327
1749791551711,FARTCOIN,A,Close Long,1.0946,456.8,0.200005,-12.922872,7102.3,0327
1749791551711,FARTCOIN,A,Close Long,1.0946,507.6,0.222247,-14.360004,6645.5,0327
1749791551711,FARTCOIN,A,Close Long,1.0946,456.8,0.200005,-12.922872,6137.9,0327
1749791551711,FARTCOIN,A,Close Long,1.0946,456.8,0.200005,-12.922872,5681.1,0327
1749791551711,FARTCOIN,A,Close Long,1.0946,507.6,0.222247,-14.360004,5224.3,0327
1749791551711,FARTCOIN,A,Close Long,1.0946,274.1,0.120011,-7.754289,4716.7,0327
1749791551711,FARTCOIN,A,Close Long,1.0946,274.1,0.120011,-7.754289,4442.6,0327
1749791551711,FARTCOIN,A,Close Long,1.0946,274.1,0.120011,-7.754289,4168.5,0327
1749791551711,FARTCOIN,A,Close Long,1.0946,304.6,0.133366,-8.617134,3894.4,0327
1749791551711,FARTCOIN,A,Close Long,1.0946,274.1,0.120011,-7.754289,3589.8,0327
1749791551711,FARTCOIN,A,Close Long,1.0946,274.1,0.120011,-7.754289,3315.7,0327
1749791551711,FARTCOIN,A,Close Long,1.0946,274.1,0.120011,-7.754289,3041.6,0327
1749791551711,FARTCOIN,A,Close Long,1.0946,456.8,0.200005,-12.922872,2767.5,0327
1749791551711,FARTCOIN,A,Close Long,1.0946,2310.7,1.011716,-65.369703,2310.7,0327
1749826511193,FARTCOIN,B,Open Long,1.1601,165.8,0.076937,0.0,0.0,0328
1749826511193,FARTCOIN,B,Open Long,1.1602,165.8,0.076944,0.0,165.8,0328
1749826511193,FARTCOIN,B,Open Long,1.1602,1727.5,0.801698,0.0,331.6,0328
1749826511193,FARTCOIN,B,Open Long,1.1602,401.4,0.186281,0.0,2059.1,0328
1749826511193,FARTCOIN,B,Open Long,1.1603,994.8,0.461706,0.0,2460.5,0328
1749826511193,FARTCOIN,B,Open Long,1.1603,430.9,0.199989,0.0,3455.3,0328
1749826511193,FARTCOIN,B,Open Long,1.1603,165.8,0.076951,0.0,3886.2,0328
1749826511193,FARTCOIN,B,Open Long,1.1603,1727.5,0.801767,0.0,4052.0,0328
1749826511193,FARTCOIN,B,Open Long,1.1603,401.4,0.186297,0.0,5779.5,0328
1749826511193,FARTCOIN,B,Open Long,1.1603,287.9,0.13362,0.0,6180.9,0328
1749826511193,FARTCOIN,B,Open Long,1.1604,1154.8,0.536011,0.0,6468.8,0328
1749826511193,FARTCOIN,B,Open Long,1.1604,862.8,0.400477,0.0,7623.6,0328
1749826511193,FARTCOIN,B,Open Long,1.1605,2156.1,1.000861,0.0,8486.4,0328
1749826511193,FARTCOIN,B,Open Long,1.1605,430.9,0.200023,0.0,10642.5,0328
1749826511193,FARTCOIN,B,Open Long,1.1605,1154.8,0.536058,0.0,11073.4,0328
1749826511193,FARTCOIN,B,Open Long,1.1605,879.2,0.408124,0.0,12228.2,0328
1749826511193,FARTCOIN,B,Open Long,1.1605,1727.5,0.801905,0.0,13107.4,0328
1749826511193,FARTCOIN,B,Open Long,1.1605,401.4,0.186329,0.0,14834.9,0328
1749826511193,FARTCOIN,B,Open Long,1.1606,753.7,0.349897,0.0,15236.3,0328
1749826511193,FARTCOIN,B,Open Long,1.1606,1900.0,0.882056,0.0,15990.0,0328
1749826511193,FARTCOIN,B,Open Long,1.1607,287.2,0.133341,0.0,17890.0,0328
1749826511193,FARTCOIN,B,Open Long,1.1607,287.2,0.133341,0.0,18177.2,0328
1749826511193,FARTCOIN,B,Open Long,1.1608,1155.5,0.536521,0.0,18464.4,0328
1749826511193,FARTCOIN,B,Open Long,1.1608,319.1,0.148164,0.0,19619.9,0328
1749826511193,FARTCOIN,B,Open Long,1.1608,287.2,0.133352,0.0,19939.0,0328
1749826511193,FARTCOIN,B,Open Long,1.1608,319.1,0.148164,0.0,20226.2,0328
1749826511193,FARTCOIN,B,Open Long,1.1608,531.9,0.246971,0.0,20545.3,0328
1749826511193,FARTCOIN,B,Open Long,1.1608,287.2,0.133352,0.0,21077.2,0328
1749826511193,FARTCOIN,B,Open Long,1.1609,1155.5,0.536567,0.0,21364.4,0328
1749826511193,FARTCOIN,B,Open Long,1.1609,891.0,0.413744,0.0,22519.9,0328
1749826511193,FARTCOIN,B,Open Long,1.1609,287.2,0.133364,0.0,23410.9,0328
1749826511193,FARTCOIN,B,Open Long,1.1609,319.1,0.148177,0.0,23698.1,0328
1749826511193,FARTCOIN,B,Open Long,1.1609,319.1,0.148177,0.0,24017.2,0328
1749826511193,FARTCOIN,B,Open Long,1.1609,3387.1,1.572833,0.0,24336.3,0328
1749826511193,FARTCOIN,B,Open Long,1.1609,1749.0,0.812165,0.0,27723.4,0328
1749826511193,FARTCOIN,B,Open Long,1.1609,319.1,0.148177,0.0,29472.4,0328
1749826511193,FARTCOIN,B,Open Long,1.1609,287.2,0.133364,0.0,29791.5,0328
1749826511193,FARTCOIN,B,Open Long,1.1609,319.1,0.148177,0.0,30078.7,0328
1749826511193,FARTCOIN,B,Open Long,1.161,1154.8,0.536289,0.0,30397.8,0328
1749826511193,FARTCOIN,B,Open Long,1.161,287.2,0.133375,0.0,31552.6,0328
1749826511193,FARTCOIN,B,Open Long,1.161,2156.1,1.001292,0.0,31839.8,0328
1749826511193,FARTCOIN,B,Open Long,1.161,4430.3,2.057431,0.0,33995.9,0328
1749826511193,FARTCOIN,B,Open Long,1.161,5177.0,2.404198,0.0,38426.2,0328
1749826511193,FARTCOIN,B,Open Long,1.1611,1154.8,0.536335,0.0,43603.2,0328
1749826511193,FARTCOIN,B,Open Long,1.1611,287.1,0.13334,0.0,44758.0,0328
1749826511193,FARTCOIN,B,Open Long,1.1611,319.1,0.148202,0.0,45045.1,0328
1749826511193,FARTCOIN,B,Open Long,1.1611,259.0,0.120289,0.0,45364.2,0328
1749826511193,FARTCOIN,B,Open Long,1.1612,861.1,0.399963,0.0,45623.2,0328
1749826511193,FARTCOIN,B,Open Long,1.1612,168.0,0.078032,0.0,46484.3,0328
1749826511193,FARTCOIN,B,Open Long,1.1612,1155.5,0.536706,0.0,46652.3,0328
1749826511193,FARTCOIN,B,Open Long,1.1612,879.2,0.40837,0.0,47807.8,0328
1749826511193,FARTCOIN,B,Open Long,1.1612,287.1,0.133352,0.0,48687.0,0328
1749826511193,FARTCOIN,B,Open Long,1.1612,160.0,0.074316,0.0,48974.1,0328
1749826511193,FARTCOIN,B,Open Long,1.1613,287.1,0.133363,0.0,49134.1,0328
1749826511193,FARTCOIN,B,Open Long,1.1613,1510.2,0.701518,0.0,49421.2,0328
1749826511193,FARTCOIN,B,Open Long,1.1613,1154.8,0.536427,0.0,50931.4,0328
1749826511193,FARTCOIN,B,Open Long,1.1613,531.6,0.246938,0.0,52086.2,0328
1749826511193,FARTCOIN,B,Open Long,1.1613,531.6,0.246938,0.0,52617.8,0328
1749826511193,FARTCOIN,B,Open Long,1.1613,478.5,0.222272,0.0,53149.4,0328
1749826511193,FARTCOIN,B,Open Long,1.1613,259.0,0.12031,0.0,53627.9,0328
1749826511193,FARTCOIN,B,Open Long,1.1614,319.0,0.148194,0.0,53886.9,0328
1749826511193,FARTCOIN,B,Open Long,1.1614,160.0,0.074329,0.0,54205.9,0328
1749826511193,FARTCOIN,B,Open Long,1.1614,1154.8,0.536473,0.0,54365.9,0328
1749826511193,FARTCOIN,B,Open Long,1.1614,186.0,0.086408,0.0,55520.7,0328
1749826511193,FARTCOIN,B,Open Long,1.1614,187.8,0.087244,0.0,55706.7,0328
1749826511193,FARTCOIN,B,Open Long,1.1614,8838.7,4.106106,0.0,55894.5,0328
1749826682886,FARTCOIN,A,Close Long,1.1644,324.6,0.151185,1.132854,64733.2,0329
1749826684037,FARTCOIN,A,Close Long,1.1643,14.9,0.002081,0.050511,64408.6,0329
1749826695664,FARTCOIN,A,Close Long,1.1643,214.7,0.029997,0.727833,64393.7,0329
1749826695664,FARTCOIN,A,Close Long,1.1643,214.7,0.029997,0.727833,64179.0,0329
1749826708017,FARTCOIN,A,Close Long,1.1643,10.0,0.001397,0.0339,63964.3,0329
1749826708017,FARTCOIN,A,Close Long,1.1643,701.3,0.097982,2.377407,63954.3,0329
1749826708017,FARTCOIN,A,Close Long,1.1643,1036.7,0.144843,3.514413,63253.0,0329
1749826708017,FARTCOIN,A,Close Long,1.1643,2842.9,0.397198,9.637431,62216.3,0329
1749826712268,FARTCOIN,A,Close Long,1.1643,7002.8,0.978403,23.739492,59373.4,0329
1749826717315,FARTCOIN,A,Close Long,1.1643,438.3,0.061237,1.485837,52370.6,0329
1749826717363,FARTCOIN,A,Close Long,1.1643,20507.1,2.865169,69.519069,51932.3,0329
1749826718564,FARTCOIN,A,Close Long,1.1643,24184.8,3.379003,81.986472,31425.2,0329
1749826719309,FARTCOIN,A,Close Long,1.1643,437.3,0.061097,1.482447,7240.4,0329
1749826719636,FARTCOIN,A,Close Long,1.1643,1712.3,0.239235,5.804697,6803.1,0329
1749826719636,FARTCOIN,A,Close Long,1.1643,4857.8,0.678712,16.467942,5090.8,0329
1749826719636,FARTCOIN,A,Close Long,1.1643,232.9,0.032539,0.789531,233.0,0329
1749830179212,SOL,B,Open Long,146.83,0.31,0.018206,0.0,0.0,0330
1749830179212,SOL,B,Open Long,146.83,51.95,3.051127,0.0,0.31,0330
1749830179212,SOL,B,Open Long,146.85,5.0,0.2937,0.0,52.26,0330
1749830179212,SOL,B,Open Long,146.86,132.97,7.811189,0.0,57.26,0330
1749830179212,SOL,B,Open Long,146.87,25.0,1.4687,0.0,190.23,0330
1749830179212,SOL,B,Open Long,146.87,20.0,1.17496,0.0,215.23,0330
1749830179212,SOL,B,Open Long,146.87,446.1,26.207482,0.0,235.23,0330
1749830285963,FARTCOIN,B,Open Long,1.1871,421.2,0.200002,0.0,0.1,0331
1749830285963,FARTCOIN,B,Open Long,1.1872,19.3,0.009165,0.0,421.3,0331
1749830285963,FARTCOIN,B,Open Long,1.1874,2256.6,1.071794,0.0,440.6,0331
1749830285963,FARTCOIN,B,Open Long,1.1875,1290.9,0.613177,0.0,2697.2,0331
1749830285963,FARTCOIN,B,Open Long,1.1876,1179.8,0.560452,0.0,3988.1,0331
1749830285963,FARTCOIN,B,Open Long,1.1877,10.9,0.005178,0.0,5167.9,0331
1749830285963,FARTCOIN,B,Open Long,1.1877,12.1,0.005748,0.0,5178.8,0331
1749830285963,FARTCOIN,B,Open Long,1.1877,4208.9,1.999564,0.0,5190.9,0331
1749830285963,FARTCOIN,B,Open Long,1.1877,1179.8,0.560499,0.0,9399.8,0331
1749830285963,FARTCOIN,B,Open Long,1.1878,1527.3,0.72565,0.0,10579.6,0331
1749830285963,FARTCOIN,B,Open Long,1.1878,48.1,0.022853,0.0,12106.9,0331
1749830285963,FARTCOIN,B,Open Long,1.1878,2156.1,1.024406,0.0,12155.0,0331
1749830285963,FARTCOIN,B,Open Long,1.1878,431.4,0.204966,0.0,14311.1,0331
1749830285963,FARTCOIN,B,Open Long,1.1879,468.1,0.222422,0.0,14742.5,0331
1749830285963,FARTCOIN,B,Open Long,1.188,417.1,0.198205,0.0,15210.6,0331
1749830285963,FARTCOIN,B,Open Long,1.188,156.0,0.074131,0.0,15627.7,0331
1749830285963,FARTCOIN,B,Open Long,1.1881,1697.0,0.806482,0.0,15783.7,0331
1749830285963,FARTCOIN,B,Open Long,1.1881,1181.2,0.561353,0.0,17480.7,0331
1749830285963,FARTCOIN,B,Open Long,1.1881,2454.8,1.166619,0.0,18661.9,0331
1749832605691,SOL,A,Close Long,147.41,10.64,0.627376,5.800928,681.33,0332
1749832605691,SOL,A,Close Long,147.41,10.85,0.639759,5.91542,670.69,0332
1749832605691,SOL,A,Close Long,147.41,10.85,0.639759,5.91542,659.84,0332
1749832605691,SOL,A,Close Long,147.41,5.0,0.29482,2.726,648.99,0332
1749832605691,SOL,A,Close Long,147.4,395.51,23.319269,211.676952,643.99,0332
1749832605691,SOL,A,Close Long,147.4,0.25,0.01474,0.1338,248.48,0332
1749832605691,SOL,A,Close Long,147.39,20.0,1.17912,10.504,248.23,0332
1749832605691,SOL,A,Close Long,147.39,10.13,0.597224,5.320276,228.23,0332
1749832605691,SOL,A,Close Long,147.39,218.1,12.858303,114.54612,218.1,0332
1749832607125,FARTCOIN,A,Close Long,1.1886,84.0,0.039936,0.06972,21116.7,0333
1749832607125,FARTCOIN,A,Close Long,1.1886,126.0,0.059905,0.10458,21032.7,0333
1749832607529,FARTCOIN,A,Close Long,1.1881,168.0,0.023952,0.05544,20906.7,0333
1749832611327,FARTCOIN,A,Close Long,1.1881,2697.9,0.384644,0.890307,20738.7,0333
1749832611327,FARTCOIN,A,Close Long,1.1881,3388.9,0.483162,1.118337,18040.8,0333
1749832611327,FARTCOIN,A,Close Long,1.1881,5622.7,0.801639,1.855491,14651.9,0333
1749832611528,FARTCOIN,A,Close Long,1.1881,427.1,0.060892,0.140943,9029.2,0333
1749832611698,FARTCOIN,A,Close Long,1.1881,488.0,0.069575,0.16104,8602.1,0333
1749832645394,FARTCOIN,A,Close Long,1.1862,1279.3,0.607002,-2.008501,8114.1,0334
1749832645394,FARTCOIN,A,Close Long,1.1859,210.6,0.0999,-0.393822,6834.8,0334
1749832645394,FARTCOIN,A,Close Long,1.1857,4208.9,1.996197,-8.712423,6624.2,0334
1749832645394,FARTCOIN,A,Close Long,1.1857,2415.2,1.145481,-4.999464,2415.3,0334
1749832753551,SOL,B,Open Long,147.0,19.49,0.343803,0.0,0.0,0335
1749832804616,SOL,B,Open Long,146.96,5.8,0.102284,0.0,19.49,0336
1749832804616,SOL,B,Open Long,146.96,5.2,0.091703,0.0,25.29,0336
1749832804735,SOL,B,Open Long,146.96,2.6,0.045851,0.0,30.49,0336
1749832804784,SOL,B,Open Long,146.96,7.43,0.131029,0.0,33.09,0336
1749832863348,SOL,B,Open Long,146.92,1.58,0.027856,0.0,40.52,0337
1749832863348,SOL,B,Open Long,146.92,6.9,0.121649,0.0,42.1,0337
1749832863694,SOL,B,Open Long,146.92,6.9,0.121649,0.0,49.0,0337
1749832864170,SOL,B,Open Long,146.92,3.77,0.066466,0.0,55.9,0337
1749832864170,SOL,B,Open Long,146.92,2.05,0.036142,0.0,59.67,0337
1749832864256,SOL,B,Open Long,146.92,1.37,0.024153,0.0,61.72,0337
1749832864373,SOL,B,Open Long,146.88,22.33,0.393579,0.0,63.09,0338
1749832864461,SOL,B,Open Long,146.88,1.78,0.031373,0.0,85.42,0338
1749832866277,SOL,B,Open Long,146.84,2.38,0.041937,0.0,87.2,0339
1749832867055,SOL,B,Open Long,146.84,23.26,0.409859,0.0,89.58,0339
1749832867540,SOL,B,Open Long,146.8,13.64,0.240282,0.0,112.84,0340
1749832868053,SOL,B,Open Long,146.8,0.35,0.006165,0.0,126.48,0340
1749832869101,SOL,B,Open Long,146.8,13.19,0.232355,0.0,126.83,0340
1749832869888,SOL,B,Open Long,146.76,8.44,0.148638,0.0,140.02,0341
1749832877114,SOL,B,Open Long,146.76,0.25,0.004402,0.0,148.46,0341
1749832878049,SOL,B,Open Long,146.76,2.6,0.045789,0.0,148.71,0341
1749832878197,SOL,B,Open Long,146.76,2.4,0.042266,0.0,151.31,0341
1749832878660,SOL,B,Open Long,146.76,15.03,0.264696,0.0,153.71,0341
1749833068645,FARTCOIN,B,Open Long,1.1673,428.4,0.200028,0.0,0.1,0345
1749833068645,FARTCOIN,B,Open Long,1.1673,856.7,0.40001,0.0,428.5,0345
1749833068645,FARTCOIN,B,Open Long,1.1673,1714.7,0.800627,0.0,1285.2,0345
1749833068645,FARTCOIN,B,Open Long,1.1677,285.5,0.133351,0.0,2999.9,0345
1749833068645,FARTCOIN,B,Open Long,1.1677,848.5,0.396317,0.0,3285.4,0345
1749833068645,FARTCOIN,B,Open Long,1.1677,317.2,0.148157,0.0,4133.9,0345
1749833068645,FARTCOIN,B,Open Long,1.1678,475.8,0.222255,0.0,4451.1,0345
1749833068645,FARTCOIN,B,Open Long,1.1678,285.5,0.133362,0.0,4926.9,0345
1749833068645,FARTCOIN,B,Open Long,1.1678,285.5,0.133362,0.0,5212.4,0345
1749833068645,FARTCOIN,B,Open Long,1.1678,317.2,0.14817,0.0,5497.9,0345
1749833068645,FARTCOIN,B,Open Long,1.1678,285.5,0.133362,0.0,5815.1,0345
1749833068645,FARTCOIN,B,Open Long,1.1678,285.5,0.133362,0.0,6100.6,0345
1749833068645,FARTCOIN,B,Open Long,1.1678,285.5,0.133362,0.0,6386.1,0345
1749833068645,FARTCOIN,B,Open Long,1.1678,317.2,0.14817,0.0,6671.6,0345
1749833068645,FARTCOIN,B,Open Long,1.1678,285.5,0.133362,0.0,6988.8,0345
1749833068645,FARTCOIN,B,Open Long,1.1678,285.5,0.133362,0.0,7274.3,0345
1749833068645,FARTCOIN,B,Open Long,1.1678,285.5,0.133362,0.0,7559.8,0345
1749833068645,FARTCOIN,B,Open Long,1.1679,285.5,0.133374,0.0,7845.3,0345
1749833068645,FARTCOIN,B,Open Long,1.1679,317.2,0.148183,0.0,8130.8,0345
1749833068645,FARTCOIN,B,Open Long,1.1679,528.6,0.24694,0.0,8448.0,0345
1749833068645,FARTCOIN,B,Open Long,1.1679,475.7,0.222228,0.0,8976.6,0345
1749833068645,FARTCOIN,B,Open Long,1.1679,285.5,0.133374,0.0,9452.3,0345
1749833068645,FARTCOIN,B,Open Long,1.1679,285.5,0.133374,0.0,9737.8,0345
1749833068645,FARTCOIN,B,Open Long,1.1679,317.2,0.148183,0.0,10023.3,0345
1749833068645,FARTCOIN,B,Open Long,1.1679,857.1,0.400402,0.0,10340.5,0345
1749833068645,FARTCOIN,B,Open Long,1.1679,475.7,0.222228,0.0,11197.6,0345
1749833068645,FARTCOIN,B,Open Long,1.1679,317.2,0.148183,0.0,11673.3,0345
1749833068645,FARTCOIN,B,Open Long,1.1679,4204.5,1.964174,0.0,11990.5,0345
1749833068645,FARTCOIN,B,Open Long,1.1679,475.8,0.222274,0.0,16195.0,0345
1749833068645,FARTCOIN,B,Open Long,1.1679,317.2,0.148183,0.0,16670.8,0345
1749833068645,FARTCOIN,B,Open Long,1.1679,317.2,0.148183,0.0,16988.0,0345
1749833068645,FARTCOIN,B,Open Long,1.1679,475.7,0.222228,0.0,17305.2,0345
1749833068645,FARTCOIN,B,Open Long,1.1679,317.2,0.148183,0.0,17780.9,0345
1749833068645,FARTCOIN,B,Open Long,1.168,3.8,0.001775,0.0,18098.1,0345
1749833068645,FARTCOIN,B,Open Long,1.168,10.5,0.004905,0.0,18101.9,0345
1749833068645,FARTCOIN,B,Open Long,1.168,333.0,0.155577,0.0,18112.4,0345
1749833068645,FARTCOIN,B,Open Long,1.168,317.2,0.148195,0.0,18445.4,0345
1749833068645,FARTCOIN,B,Open Long,1.168,285.5,0.133385,0.0,18762.6,0345
1749833068645,FARTCOIN,B,Open Long,1.168,528.6,0.246961,0.0,19048.1,0345
1749833068645,FARTCOIN,B,Open Long,1.168,445.4,0.20809,0.0,19576.7,0345
1749833068645,FARTCOIN,B,Open Long,1.168,214.6,0.100261,0.0,20022.1,0345
1749833068645,FARTCOIN,B,Open Long,1.168,528.6,0.246961,0.0,20236.7,0345
1749833068645,FARTCOIN,B,Open Long,1.168,673.7,0.314752,0.0,20765.3,0345
1749833147303,SOL,B,Open Long,146.72,30.26,0.532769,0.0,168.74,0342
1749833148689,SOL,B,Open Long,146.68,4.18,0.073574,0.0,199.0,0343
1749833150279,SOL,B,Open Long,146.68,27.62,0.486156,0.0,203.18,0343
1749833152214,SOL,B,Open Long,146.64,33.34,0.586677,0.0,230.8,0344
1749833221221,SOL,B,Open Long,146.5,5.0,0.293,0.0,264.14,0346
1749833221221,SOL,B,Open Long,146.5,6.46,0.378556,0.0,269.14,0346
1749833255916,SOL,B,Open Long,146.39,12.06,0.211855,0.0,275.6,0347
1749833260834,SOL,B,Open Long,146.29,12.67,0.222419,0.0,287.66,0348
1749833378347,SOL,B,Open Long,146.53,27.08,1.587212,0.0,300.33,0349
1749833378347,SOL,B,Open Long,146.53,2.11,0.123671,0.0,327.41,0349
1749833378347,SOL,B,Open Long,146.53,0.16,0.009377,0.0,329.52,0349
1749833378347,SOL,B,Open Long,146.53,82.47,4.833731,0.0,329.68,0349
1749834071962,FARTCOIN,A,Close Long,1.1807,127.0,0.059979,1.6383,21439.0,0350
1749834071962,FARTCOIN,A,Close Long,1.1807,467.6,0.220838,6.03204,21312.0,0350
1749834071962,FARTCOIN,A,Close Long,1.1807,189.5,0.089497,2.44455,20844.4,0350
1749834071962,FARTCOIN,A,Close Long,1.1807,83.9,0.039624,1.08231,20654.9,0350
1749834071962,FARTCOIN,A,Close Long,1.1807,1564.3,0.738787,20.17947,20571.0,0350
1749834071962,FARTCOIN,A,Close Long,1.1807,1073.9,0.507181,13.85331,19006.7,0350
1749834071962,FARTCOIN,A,Close Long,1.1806,445.4,0.210335,5.70112,17932.8,0350
1749834071962,FARTCOIN,A,Close Long,1.1806,1380.2,0.651785,17.66656,17487.4,0350
1749834071962,FARTCOIN,A,Close Long,1.1805,479.6,0.226467,6.09092,16107.2,0350
1749834071962,FARTCOIN,A,Close Long,1.1805,175.2,0.082729,2.22504,15627.6,0350
1749834071962,FARTCOIN,A,Close Long,1.1805,2052.0,0.968954,26.0604,15452.4,0350
1749834071962,FARTCOIN,A,Close Long,1.1804,511.1,0.24132,6.43986,13400.4,0350
1749834073060,FARTCOIN,A,Close Long,1.1804,604.2,0.085583,7.61292,12889.3,0350
1749834073060,FARTCOIN,A,Close Long,1.1804,553.9,0.078458,6.97914,12285.1,0350
1749834073060,FARTCOIN,A,Close Long,1.1804,530.1,0.075087,6.67926,11731.2,0350
1749834073060,FARTCOIN,A,Close Long,1.1804,599.5,0.084917,7.5537,11201.1,0350
1749834073543,FARTCOIN,A,Close Long,1.1804,169.0,0.023938,2.1294,10601.6,0350
1749834073609,FARTCOIN,A,Close Long,1.1804,26.2,0.003711,0.33012,10432.6,0350
1749834073668,FARTCOIN,A,Close Long,1.1804,20.3,0.002875,0.25578,10406.4,0350
1749834090435,FARTCOIN,A,Close Long,1.179,127.4,0.060081,1.42688,10386.1,0351
1749834090435,FARTCOIN,A,Close Long,1.179,169.6,0.079983,1.89952,10258.7,0351
1749834090435,FARTCOIN,A,Close Long,1.1788,127.4,0.060071,1.4014,10089.1,0351
1749834090435,FARTCOIN,A,Close Long,1.1788,169.6,0.079969,1.8656,9961.7,0351
1749834090435,FARTCOIN,A,Close Long,1.1787,169.6,0.079963,1.84864,9792.1,0351
1749834090435,FARTCOIN,A,Close Long,1.1787,127.4,0.060066,1.38866,9622.5,0351
1749834090435,FARTCOIN,A,Close Long,1.1786,127.4,0.060061,1.37592,9495.1,0351
1749834090435,FARTCOIN,A,Close Long,1.1785,169.6,0.079949,1.81472,9367.7,0351
1749834090435,FARTCOIN,A,Close Long,1.1785,127.4,0.060056,1.36318,9198.1,0351
1749834090435,FARTCOIN,A,Close Long,1.1785,424.3,0.200015,4.54001,9070.7,0351
1749834090435,FARTCOIN,A,Close Long,1.1784,424.3,0.199998,4.49758,8646.4,0351
1749834090435,FARTCOIN,A,Close Long,1.1784,439.8,0.207304,4.66188,8222.1,0351
1749834090435,FARTCOIN,A,Close Long,1.1783,848.5,0.399915,8.90925,7782.3,0351
1749834090435,FARTCOIN,A,Close Long,1.1783,445.4,0.209925,4.6767,6933.8,0351
1749834090435,FARTCOIN,A,Close Long,1.1783,434.1,0.2046,4.55805,6488.4,0351
1749834090435,FARTCOIN,A,Close Long,1.1783,4233.6,1.99538,44.4528,6054.3,0351
1749834090435,FARTCOIN,A,Close Long,1.1782,1820.7,0.858059,18.93528,1820.7,0351
1749834115834,SOL,A,Close Long,147.0,0.35,0.02058,0.10808,412.15,0352
1749834115834,SOL,A,Close Long,147.0,27.21,1.599948,8.402448,411.8,0352
1749834115834,SOL,A,Close Long,147.0,44.63,2.624244,13.781744,384.59,0352
1749834115834,SOL,A,Close Long,146.99,0.15,0.008819,0.04482,339.96,0352
1749834115834,SOL,A,Close Long,146.98,2.72,0.159914,0.785536,339.81,0352
1749834115834,SOL,A,Close Long,146.98,5.0,0.29396,1.444,337.09,0352
1749834115834,SOL,A,Close Long,146.97,2.04,0.119927,0.568752,332.09,0352
1749834115834,SOL,A,Close Long,146.96,27.08,1.59187,7.279104,330.05,0352
1749834115834,SOL,A,Close Long,146.96,128.52,7.554919,34.546176,302.97,0352
1749834115834,SOL,A,Close Long,146.96,174.45,10.254868,46.89216,174.45,0352
1749834194301,BTC,A,Open Short,105539.0,0.00011,0.004643,0.0,0.0,0353
1749834194301,BTC,A,Open Short,105538.0,0.00011,0.004643,0.0,-0.00011,0353
1749834194301,BTC,A,Open Short,105537.0,0.00011,0.004643,0.0,-0.00022,0353
1749834194301,BTC,A,Open Short,105536.0,0.00011,0.004643,0.0,-0.00033,0353
1749834194301,BTC,A,Open Short,105535.0,0.00011,0.004643,0.0,-0.00044,0353
1749834194301,BTC,A,Open Short,105534.0,0.00014,0.005909,0.0,-0.00055,0353
1749834194301,BTC,A,Open Short,105534.0,0.00011,0.004643,0.0,-0.00069,0353
1749834194301,BTC,A,Open Short,105534.0,0.0001,0.004221,0.0,-0.0008,0353
1749834194301,BTC,A,Open Short,105534.0,0.03783,1.59694,0.0,-0.0009,0353
1749834194301,BTC,A,Open Short,105533.0,0.00011,0.004643,0.0,-0.03873,0353
1749834194301,BTC,A,Open Short,105533.0,0.01929,0.814292,0.0,-0.03884,0353
1749834194301,BTC,A,Open Short,105532.0,0.00011,0.004643,0.0,-0.05813,0353
1749834194301,BTC,A,Open Short,105531.0,0.00011,0.004643,0.0,-0.05824,0353
1749834194301,BTC,A,Open Short,105531.0,0.04737,1.999601,0.0,-0.05835,0353
1749834194301,BTC,A,Open Short,105530.0,0.00011,0.004643,0.0,-0.10572,0353
1749834194301,BTC,A,Open Short,105529.0,0.00011,0.004643,0.0,-0.10583,0353
1749834194301,BTC,A,Open Short,105529.0,0.3685,15.554974,0.0,-0.10594,0353
1749834194301,BTC,A,Open Short,105529.0,0.04738,1.999985,0.0,-0.47444,0353
1749834194301,BTC,A,Open Short,105528.0,0.00011,0.004643,0.0,-0.52182,0353
1749834194301,BTC,A,Open Short,105527.0,0.00011,0.004643,0.0,-0.52193,0353
1749834194301,BTC,A,Open Short,105527.0,0.00947,0.399736,0.0,-0.52204,0353
1749834194301,BTC,A,Open Short,105527.0,0.04738,1.999947,0.0,-0.53151,0353
1749834194301,BTC,A,Open Short,105526.0,0.00011,0.004643,0.0,-0.57889,0353
1749834194301,BTC,A,Open Short,105526.0,0.00282,0.119033,0.0,-0.579,0353
1749834194301,BTC,A,Open Short,105525.0,0.00014,0.005909,0.0,-0.58182,0353
1749834194301,BTC,A,Open Short,105525.0,0.00011,0.004643,0.0,-0.58196,0353
1749834194301,BTC,A,Open Short,105524.0,0.00014,0.005909,0.0,-0.58207,0353
1749834194301,BTC,A,Open Short,105523.0,0.00758,0.319945,0.0,-0.58221,0353
1749834194301,BTC,A,Open Short,105523.0,0.0001,0.00422,0.0,-0.58979,0353
1749834194301,BTC,A,Open Short,105522.0,0.00014,0.005909,0.0,-0.58989,0353
1749834194301,BTC,A,Open Short,105522.0,0.09476,3.999705,0.0,-0.59003,0353
1749834194301,BTC,A,Open Short,105521.0,0.00947,0.399713,0.0,-0.68479,0353
1749834194301,BTC,A,Open Short,105521.0,0.00014,0.005909,0.0,-0.69426,0353
1749834194301,BTC,A,Open Short,105521.0,0.02063,0.870759,0.0,-0.6944,0353
1749834194301,BTC,A,Open Short,105520.0,0.02,0.84416,0.0,-0.71503,0353
1749834194301,BTC,A,Open Short,105520.0,0.02228,0.940394,0.0,-0.73503,0353
1749834194301,BTC,A,Open Short,105517.0,0.09477,3.999938,0.0,-0.75731,0353
1749834194301,BTC,A,Open Short,105515.0,0.00947,0.39969,0.0,-0.85208,0353
1749834194301,BTC,A,Open Short,105514.0,0.55949,23.613611,0.0,-0.86155,0353
1749837548682,BTC,B,Close Short,105379.0,0.00058,0.024447,0.082592,-1.42104,0354
1749837548682,BTC,B,Close Short,105379.0,0.18979,7.999952,27.026096,-1.42046,0354
1749837548682,BTC,B,Close Short,105379.0,1.07263,45.21307,152.742512,-1.23067,0354
1749837548682,BTC,B,Close Short,105379.0,0.15804,6.661638,22.504896,-0.15804,0354
1749837693782,BTC,A,Open Short,105400.0,0.06309,0.797962,0.0,0.0,0355
1749837712450,BTC,A,Open Short,105424.0,0.0162,0.204944,0.0,-0.06309,0356
1749837717843,BTC,A,Open Short,105424.0,0.00282,0.035675,0.0,-0.07929,0356
1749837718045,BTC,A,Open Short,105424.0,0.00179,0.022645,0.0,-0.08211,0356
1749837718878,BTC,A,Open Short,105424.0,0.00948,0.11993,0.0,-0.0839,0356
1749837722004,BTC,A,Open Short,105424.0,0.03613,0.457076,0.0,-0.09338,0356
1749837790698,BTC,A,Open Short,105291.0,0.71227,29.998248,0.0,-0.12951,0357
1749837903797,BTC,A,Open Short,105150.0,0.02368,0.298794,0.0,-0.84178,0358
1749837905345,BTC,A,Open Short,105187.0,0.02493,0.314677,0.0,-0.86546,0359
1749837932452,BTC,A,Open Short,105224.0,0.02618,0.330571,0.0,-0.89039,0360
1749838115114,BTC,A,Open Short,104965.0,0.03758,1.577833,0.0,-0.91657,0361
1749838115114,BTC,A,Open Short,104964.0,0.00727,0.305235,0.0,-0.95415,0361
1749838115114,BTC,A,Open Short,104963.0,0.00014,0.005877,0.0,-0.96142,0361
1749838115114,BTC,A,Open Short,104963.0,0.00014,0.005877,0.0,-0.96156,0361
1749838115114,BTC,A,Open Short,104963.0,0.19299,8.102723,0.0,-0.9617,0361
1749838166922,BTC,A,Open Short,105000.0,0.002,0.0252,0.0,-1.15469,0362
1749838167809,BTC,A,Open Short,105000.0,0.00244,0.030744,0.0,-1.15669,0362
1749838168053,BTC,A,Open Short,105000.0,0.00193,0.024318,0.0,-1.15913,0362
1749838393454,BTC,A,Open Short,104963.0,0.07478,3.139653,0.0,-1.16106,0363
1749838393454,BTC,A,Open Short,104963.0,0.21103,8.860136,0.0,-1.23584,0363
1749838825603,BTC,B,Close Short,104984.0,0.08521,3.578274,16.402925,-1.44687,0364
1749838825603,BTC,B,Close Short,104984.0,0.5,20.9968,96.25,-1.36166,0364
1749838825603,BTC,B,Close Short,104985.0,0.08521,3.578308,16.317715,-0.86166,0364
1749838825603,BTC,B,Close Short,104985.0,0.5,20.997,95.75,-0.77645,0364
1749838825603,BTC,B,Close Short,104986.0,0.08521,3.578342,16.232505,-0.27645,0364
1749838825603,BTC,B,Close Short,104986.0,0.19123,8.030589,36.429315,-0.19124,0364
1749839017244,FARTCOIN,B,Open Long,1.1628,10.3,0.00479,0.0,0.0,0365
1749839017244,FARTCOIN,B,Open Long,1.1629,17.0,0.007907,0.0,10.3,0365
1749839017244,FARTCOIN,B,Open Long,1.1631,20.0,0.009304,0.0,27.3,0365
1749839017244,FARTCOIN,B,Open Long,1.1631,848.5,0.394756,0.0,47.3,0365
1749839017244,FARTCOIN,B,Open Long,1.1633,10.3,0.004792,0.0,895.8,0365
1749839017244,FARTCOIN,B,Open Long,1.1633,19.0,0.008841,0.0,906.1,0365
1749839017244,FARTCOIN,B,Open Long,1.1633,244.1,0.113584,0.0,925.1,0365
1749839017244,FARTCOIN,B,Open Long,1.1633,408.5,0.190083,0.0,1169.2,0365
1749839017244,FARTCOIN,B,Open Long,1.1634,1527.3,0.710744,0.0,1577.7,0365
1749839017244,FARTCOIN,B,Open Long,1.1634,1900.0,0.884184,0.0,3105.0,0365
1749839017244,FARTCOIN,B,Open Long,1.1636,45.4,0.02113,0.0,5005.0,0365
1749839017244,FARTCOIN,B,Open Long,1.1636,859.4,0.399999,0.0,5050.4,0365
1749839017244,FARTCOIN,B,Open Long,1.1636,2163.3,1.006886,0.0,5909.8,0365
1749839017244,FARTCOIN,B,Open Long,1.1637,1527.3,0.710927,0.0,8073.1,0365
1749839017244,FARTCOIN,B,Open Long,1.1638,215.8,0.100459,0.0,9600.4,0365
1749839017244,FARTCOIN,B,Open Long,1.1639,357.0,0.166204,0.0,9816.2,0365
1749839017244,FARTCOIN,B,Open Long,1.1639,4208.9,1.959495,0.0,10173.2,0365
1749839017244,FARTCOIN,B,Open Long,1.1639,4405.2,2.050884,0.0,14382.1,0365
1749839017244,FARTCOIN,B,Open Long,1.164,244.1,0.113652,0.0,18787.3,0365
1749839017244,FARTCOIN,B,Open Long,1.164,1527.3,0.71111,0.0,19031.4,0365
1749839017244,FARTCOIN,B,Open Long,1.164,344.4,0.160352,0.0,20558.7,0365
1749839017244,FARTCOIN,B,Open Long,1.1642,2163.3,1.007405,0.0,20903.1,0365
1749839017244,FARTCOIN,B,Open Long,1.1642,160.0,0.074508,0.0,23066.4,0365
1749839017244,FARTCOIN,B,Open Long,1.1642,160.0,0.074508,0.0,23226.4,0365
1749839017244,FARTCOIN,B,Open Long,1.1642,8532.7,3.973507,0.0,23386.4,0365
1749839017244,FARTCOIN,B,Open Long,1.1642,859.0,0.400019,0.0,31919.1,0365
1749839017244,FARTCOIN,B,Open Long,1.1642,429.5,0.200009,0.0,32778.1,0365
1749839017244,FARTCOIN,B,Open Long,1.1642,530.3,0.24695,0.0,33207.6,0365
1749839017244,FARTCOIN,B,Open Long,1.1643,1527.3,0.711294,0.0,33737.9,0365
1749839017244,FARTCOIN,B,Open Long,1.1643,1296.6,0.603852,0.0,35265.2,0365
1749839017244,FARTCOIN,B,Open Long,1.1643,6552.7,3.051723,0.0,36561.8,0365
1749839091883,SOL,B,Open Long,145.54,2.58,0.150197,0.0,0.0,0366
1749839091883,SOL,B,Open Long,145.54,27.48,1.599775,0.0,2.58,0366
1749839091883,SOL,B,Open Long,145.54,109.94,6.400267,0.0,30.06,0366
1749839091883,SOL,B,Open Long,145.54,27.48,1.599775,0.0,140.0,0366
1749839091883,SOL,B,Open Long,145.54,0.2,0.011643,0.0,167.48,0366
1749839091883,SOL,B,Open Long,145.54,25.0,1.4554,0.0,167.68,0366
1749839091883,SOL,B,Open Long,145.54,150.86,8.782465,0.0,192.68,0366
1749839108496,SOL,B,Open Long,145.41,22.99,1.33719,0.0,343.54,0367
1749839111341,SOL,B,Open Long,145.39,25.55,0.445765,0.0,366.53,0368
1749839170220,BTC,B,Close Short,105113.0,0.00001,0.00042,0.000635,-0.00001,0377
1749839198518,SOL,B,Open Long,145.28,26.88,0.468615,0.0,392.08,0369
1749839204237,SOL,B,Open Long,145.28,1.22,0.021268,0.0,418.96,0369
1749839258056,SOL,B,Open Long,145.17,0.23,0.004006,0.0,420.18,0370
1749839262856,SOL,B,Open Long,145.17,12.93,0.225245,0.0,420.41,0370
1749839264284,SOL,B,Open Long,145.17,17.5,0.304857,0.0,433.34,0370
1749839266660,SOL,B,Open Long,145.06,33.22,0.578267,0.0,450.84,0371
1749839295508,FARTCOIN,B,Open Long,1.155,196.9,0.02729,0.0,43114.5,0378
1749839479925,SOL,B,Open Long,144.94,35.77,0.62214,0.0,484.06,0372
1749839514017,SOL,B,Open Long,144.83,1.3,0.022593,0.0,519.83,0373
1749839547547,SOL,B,Open Long,144.83,37.03,0.643566,0.0,521.13,0373
1749839548751,SOL,B,Open Long,144.72,40.88,0.709938,0.0,558.16,0374
1749839661268,SOL,B,Open Long,144.61,43.44,0.753823,0.0,599.04,0375
1749839772140,FARTCOIN,B,Open Long,1.1541,210.9,0.029207,0.0,43311.4,0379
1749839792851,FARTCOIN,B,Open Long,1.1532,216.8,0.030001,0.0,43522.3,0380
1749839792851,FARTCOIN,B,Open Long,1.1532,8.2,0.001134,0.0,43739.1,0380
1749839793047,FARTCOIN,B,Open Long,1.1523,111.5,0.015417,0.0,43747.3,0381
1749839793047,FARTCOIN,B,Open Long,1.1523,127.6,0.017644,0.0,43858.8,0381
1749839796512,SOL,B,Open Long,144.5,45.99,0.797466,0.0,642.48,0376
1749839796751,FARTCOIN,B,Open Long,1.1514,253.1,0.03497,0.0,43986.4,0382
1749839796751,FARTCOIN,B,Open Long,1.1505,267.2,0.036889,0.0,44239.5,0383
1749839817788,FARTCOIN,B,Open Long,1.1496,281.3,0.038805,0.0,44506.7,0384
1749839862513,FARTCOIN,B,Open Long,1.1488,295.3,0.040708,0.0,44788.0,0385
1749839862513,FARTCOIN,B,Open Long,1.1479,309.4,0.042619,0.0,45083.3,0386
1749839880276,FARTCOIN,B,Open Long,1.147,323.5,0.044526,0.0,45392.7,0387
1749839880276,FARTCOIN,B,Open Long,1.1461,337.5,0.046417,0.0,45716.2,0388
1749839910674,FARTCOIN,B,Open Long,1.1452,162.0,0.022262,0.0,46053.7,0389
1749839910674,FARTCOIN,B,Open Long,1.1452,189.6,0.026055,0.0,46215.7,0389
1749842157977,FARTCOIN,A,Close Long,1.1669,2990.2,0.418711,11.781388,46405.3,0391
1749842158143,SOL,A,Close Long,145.32,0.87,0.015171,0.076386,688.47,0390
1749842158143,FARTCOIN,A,Close Long,1.1669,1528.1,0.213976,6.020714,43415.1,0391
1749842158240,FARTCOIN,A,Close Long,1.1669,5884.5,0.823994,23.18493,41887.0,0391
1749842158240,FARTCOIN,A,Close Long,1.1669,2191.9,0.306927,8.636086,36002.5,0391
1749842158637,FARTCOIN,A,Close Long,1.1669,481.3,0.067395,1.896322,33810.6,0391
1749842158700,FARTCOIN,A,Close Long,1.1669,545.3,0.076357,2.148482,33329.3,0391
1749842158700,FARTCOIN,A,Close Long,1.1669,11510.8,1.611834,45.352552,32784.0,0391
1749842159099,SOL,A,Close Long,145.32,0.59,0.010288,0.051802,687.6,0390
1749842159428,FARTCOIN,A,Close Long,1.1669,429.4,0.060128,1.691836,21273.2,0391
1749842159504,FARTCOIN,A,Close Long,1.1669,7648.1,1.070948,30.133514,20843.8,0391
1749842159641,FARTCOIN,A,Close Long,1.1669,1286.9,0.180202,5.070386,13195.7,0391
1749842159967,FARTCOIN,A,Close Long,1.1669,121.5,0.017013,0.47871,11908.8,0391
1749842160051,FARTCOIN,A,Close Long,1.1669,1505.7,0.21084,5.932458,11787.3,0391
1749842160194,FARTCOIN,A,Close Long,1.1669,532.3,0.074536,2.097262,10281.6,0391
1749842160697,FARTCOIN,A,Close Long,1.1669,431.4,0.060408,1.699716,9749.3,0391
1749842160697,FARTCOIN,A,Close Long,1.1669,548.1,0.076749,2.159514,9317.9,0391
1749842160697,FARTCOIN,A,Close Long,1.1669,2746.5,0.384586,10.82121,8769.8,0391
1749842160697,FARTCOIN,A,Close Long,1.1669,920.6,0.128909,3.627164,6023.3,0391
1749842160697,SOL,A,Close Long,145.32,39.58,0.690211,3.475124,687.01,0390
1749842160697,SOL,A,Close Long,145.32,65.13,1.135762,5.718414,647.43,0390
1749842160697,FARTCOIN,A,Close Long,1.1669,159.0,0.022264,0.62646,5102.7,0391
1749842160697,FARTCOIN,A,Close Long,1.1669,4094.7,0.573372,16.133118,4943.7,0391
1749842160697,SOL,A,Close Long,145.32,148.42,2.588207,13.031276,582.3,0390
1749842160697,FARTCOIN,A,Close Long,1.1669,849.0,0.118883,3.34506,849.0,0391
1749842160899,SOL,A,Close Long,145.32,10.0,0.174384,0.878,433.88,0390
1749842160899,SOL,A,Close Long,145.32,23.39,0.407884,2.053642,423.88,0390
1749842160985,SOL,A,Close Long,145.32,8.81,0.153632,0.773518,400.49,0390
1749842161048,SOL,A,Close Long,145.32,8.81,0.153632,0.773518,391.68,0390
1749842161506,SOL,A,Close Long,145.32,10.0,0.174384,0.878,382.87,0390
1749842161708,SOL,A,Close Long,145.32,78.33,1.365949,6.877374,372.87,0390
1749842161880,SOL,A,Close Long,145.32,47.72,0.83216,4.189816,294.54,0390
1749842161880,SOL,A,Close Long,145.32,62.76,1.094433,5.510328,246.82,0390
1749842161880,SOL,A,Close Long,145.32,58.01,1.011601,5.093278,184.06,0390
1749842161880,SOL,A,Close Long,145.32,64.96,1.132798,5.703488,126.05,0390
1749842162011,SOL,A,Close Long,145.32,61.09,1.065311,5.363702,61.09,0390
1749842709336,SOL,B,Open Long,144.75,2.42,0.042035,0.0,0.0,0392
1749842709336,SOL,B,Open Long,144.75,20.82,0.361643,0.0,2.42,0392
1749842738052,SOL,B,Open Long,144.59,0.35,0.006072,0.0,23.24,0393
1749842741922,SOL,B,Open Long,144.59,26.21,0.454764,0.0,23.59,0393
1749843141482,SOL,B,Open Long,145.23,5.0,0.29046,0.0,49.8,0394
1749843141482,SOL,B,Open Long,145.23,287.69,16.712487,0.0,54.8,0394
1749843975725,SOL,A,Close Long,144.75,5.0,0.2895,-1.9885,342.49,0395
1749843975725,SOL,A,Close Long,144.72,8.3,0.48047,-3.54991,337.49,0395
1749843975725,SOL,A,Close Long,144.71,2.03,0.117504,-0.888531,329.19,0395
1749843975725,SOL,A,Close Long,144.71,100.0,5.7884,-43.77,327.16,0395
1749843975725,SOL,A,Close Long,144.7,0.15,0.008682,-0.067155,227.16,0395
1749843975725,SOL,A,Close Long,144.7,4.99,0.288821,-2.234023,227.01,0395
1749843975725,SOL,A,Close Long,144.7,41.9,2.425172,-18.75863,222.02,0395
1749843975725,SOL,A,Close Long,144.7,6.22,0.360013,-2.784694,180.12,0395
1749843975725,SOL,A,Close Long,144.7,6.22,0.360013,-2.784694,173.9,0395
1749843975725,SOL,A,Close Long,144.7,6.22,0.360013,-2.784694,167.68,0395
1749843975725,SOL,A,Close Long,144.7,27.08,1.56739,-12.123716,161.46,0395
1749843975725,SOL,A,Close Long,144.69,6.82,0.394714,-3.121514,134.38,0395
1749843975725,SOL,A,Close Long,144.69,127.56,7.382662,-58.384212,127.56,0395
1749844518840,SOL,B,Open Long,145.02,124.77,7.237658,0.0,0.0,0396
1749844518840,SOL,B,Open Long,145.03,12.13,0.703685,0.0,124.77,0396
1749844518840,SOL,B,Open Long,145.03,48.21,2.796758,0.0,136.9,0396
1749844518840,SOL,B,Open Long,145.03,59.67,3.461576,0.0,185.11,0396
1749844518840,SOL,B,Open Long,145.03,100.07,5.80526,0.0,244.78,0396
1749844632796,FARTCOIN,B,Open Long,1.1805,423.6,0.200023,0.0,0.0,0397
1749844632796,FARTCOIN,B,Open Long,1.1806,423.5,0.199993,0.0,423.6,0397
1749844632796,FARTCOIN,B,Open Long,1.1806,1227.8,0.579816,0.0,847.1,0397
1749844632796,FARTCOIN,B,Open Long,1.1807,848.5,0.400729,0.0,2074.9,0397
1749844632796,FARTCOIN,B,Open Long,1.1809,3214.4,1.518353,0.0,2923.4,0397
1749844632796,FARTCOIN,B,Open Long,1.1809,862.8,0.407552,0.0,6137.8,0397
1749844632796,FARTCOIN,B,Open Long,1.181,1456.6,0.688097,0.0,7000.6,0397
1749844632796,FARTCOIN,B,Open Long,1.181,16.7,0.007889,0.0,8457.2,0397
1749844632796,FARTCOIN,B,Open Long,1.181,343.5,0.162269,0.0,8473.9,0397
1749844632796,FARTCOIN,B,Open Long,1.181,1900.0,0.89756,0.0,8817.4,0397
1749844632796,FARTCOIN,B,Open Long,1.181,357.9,0.169071,0.0,10717.4,0397
1749844632796,FARTCOIN,B,Open Long,1.1811,390.2,0.184346,0.0,11075.3,0397
1749844632796,FARTCOIN,B,Open Long,1.1811,2163.3,1.022029,0.0,11465.5,0397
1749844632796,FARTCOIN,B,Open Long,1.1811,3213.9,1.518374,0.0,13628.8,0397
1749844632796,FARTCOIN,B,Open Long,1.1812,304.2,0.143728,0.0,16842.7,0397
1749844632796,FARTCOIN,B,Open Long,1.1812,382.0,0.180487,0.0,17146.9,0397
1749844632796,FARTCOIN,B,Open Long,1.1812,346.0,0.163478,0.0,17528.9,0397
1749844632796,FARTCOIN,B,Open Long,1.1813,1061.7,0.501674,0.0,17874.9,0397
1749844632796,FARTCOIN,B,Open Long,1.1813,1443.5,0.682082,0.0,18936.6,0397
1749844827830,SOL,B,Open Long,145.26,63.36,3.681469,0.0,344.85,0398
1749844827830,SOL,B,Open Long,145.26,20.0,1.16208,0.0,408.21,0398
1749844827830,SOL,B,Open Long,145.27,34.41,1.999496,0.0,428.21,0398
1749844827830,SOL,B,Open Long,145.27,20.0,1.16216,0.0,462.62,0398
1749844827830,SOL,B,Open Long,145.27,65.18,3.787479,0.0,482.62,0398
1749846903939,FARTCOIN,A,Close Long,1.2252,4540.9,0.667621,200.70778,20380.1,0400
1749846904690,SOL,A,Close Long,145.97,19.17,0.335789,16.388433,547.8,0399
1749846904690,SOL,A,Close Long,145.97,26.75,0.468563,22.868575,528.63,0399
1749846904690,FARTCOIN,A,Close Long,1.2252,9102.8,1.33833,402.34376,15839.2,0400
1749846904690,SOL,A,Close Long,145.97,54.96,0.962701,46.985304,501.88,0399
1749846904690,SOL,A,Close Long,145.97,17.19,0.301106,14.695731,446.92,0399
1749846904744,SOL,A,Close Long,145.97,53.77,0.941856,45.967973,429.73,0399
1749846904900,FARTCOIN,A,Close Long,1.2252,305.0,0.044842,13.481,6736.4,0400
1749846904900,FARTCOIN,A,Close Long,1.2252,6431.4,0.94557,284.26788,6431.4,0400
1749846904955,SOL,A,Close Long,145.97,151.57,2.65496,129.577193,375.96,0399
1749846904955,SOL,A,Close Long,145.97,41.0,0.718172,35.0509,224.39,0399
1749846904955,SOL,A,Close Long,145.97,44.3,0.775976,37.87207,183.39,0399
1749846905185,SOL,A,Close Long,145.97,10.0,0.175164,8.549,139.09,0399
1749846905401,SOL,A,Close Long,145.97,51.09,0.894912,43.676841,129.09,0399
1749846905401,SOL,A,Close Long,145.97,78.0,1.366279,66.6822,78.0,0399
1749847151073,SOL,B,Open Long,146.54,184.73,10.828133,0.0,0.0,0401
1749847151073,SOL,B,Open Long,146.55,0.5,0.02931,0.0,184.73,0401
1749847151073,SOL,B,Open Long,146.55,135.46,7.940665,0.0,185.23,0401
1749847151073,SOL,B,Open Long,146.55,2.02,0.118412,0.0,320.69,0401
1749847151073,SOL,B,Open Long,146.56,2.02,0.11842,0.0,322.71,0401
1749847151073,SOL,B,Open Long,146.56,135.45,7.94062,0.0,324.73,0401
1749847151073,SOL,B,Open Long,146.57,0.46,0.026968,0.0,460.18,0401
1749847151073,SOL,B,Open Long,146.57,6.81,0.399256,0.0,460.64,0401
1749847151073,SOL,B,Open Long,146.57,2.0,0.117256,0.0,467.45,0401
1749847151073,SOL,B,Open Long,146.58,0.44,0.025798,0.0,469.45,0401
1749847151073,SOL,B,Open Long,146.58,2.0,0.117264,0.0,469.89,0401
1749847151073,SOL,B,Open Long,146.58,27.08,1.587754,0.0,471.89,0401
1749847151073,SOL,B,Open Long,146.58,32.42,1.900849,0.0,498.97,0401
1749847151073,SOL,B,Open Long,146.59,12.82,0.751713,0.0,531.39,0401
1749847151073,SOL,B,Open Long,146.59,16.93,0.992707,0.0,544.21,0401
1749847151073,SOL,B,Open Long,146.59,104.43,6.123357,0.0,561.14,0401
1749847151073,SOL,B,Open Long,146.59,8.75,0.513065,0.0,665.57,0401
1749847151073,SOL,B,Open Long,146.6,4.99,0.292613,0.0,674.32,0401
1749847151073,SOL,B,Open Long,146.6,3.61,0.21169,0.0,679.31,0401
1749847280878,BTC,B,Open Long,105297.0,0.03002,1.264406,0.0,0.0,0402
1749847280878,BTC,B,Open Long,105297.0,0.03806,1.603041,0.0,0.03002,0402
1749847280878,BTC,B,Open Long,105297.0,0.11397,4.800279,0.0,0.06808,0402
1749847280878,BTC,B,Open Long,105297.0,0.15195,6.399951,0.0,0.18205,0402
1749847280878,BTC,B,Open Long,105297.0,0.06,2.527128,0.0,0.334,0402
1749847280878,BTC,B,Open Long,105297.0,0.05463,2.30095,0.0,0.394,0402
1749847280878,BTC,B,Open Long,105297.0,0.3,12.63564,0.0,0.44863,0402
1749847280878,BTC,B,Open Long,105297.0,0.11397,4.800279,0.0,0.74863,0402
1749847280878,BTC,B,Open Long,105298.0,0.36946,15.561359,0.0,0.8626,0402
1749847280878,BTC,B,Open Long,105298.0,0.003,0.126357,0.0,1.23206,0402
1749847280878,BTC,B,Open Long,105298.0,0.11397,4.800325,0.0,1.23506,0402
1749847280878,BTC,B,Open Long,105298.0,0.07549,3.179578,0.0,1.34903,0402
1749850421021,SOL,A,Close Long,146.91,0.23,0.004054,0.080201,682.92,0403
1749850421021,SOL,A,Close Long,146.91,4.08,0.071927,1.422696,682.69,0403
1749850421144,BTC,A,Close Long,105504.0,1.40639,59.351908,290.700813,1.42452,0404
1749850421144,BTC,A,Close Long,105504.0,0.01813,0.765115,3.747471,0.01813,0404
1749850422006,SOL,A,Close Long,146.91,0.1,0.001762,0.03487,678.61,0403
1749850422421,SOL,A,Close Long,146.9,40.71,2.392119,13.788477,678.51,0405
1749850422421,SOL,A,Close Long,146.9,0.76,0.044657,0.257412,637.8,0405
1749850422421,SOL,A,Close Long,146.9,13.6,0.799136,4.60632,637.04,0405
1749850422421,SOL,A,Close Long,146.9,85.43,5.019866,28.935141,623.44,0405
1749850422421,SOL,A,Close Long,146.9,27.23,1.600034,9.222801,538.01,0405
1749850422421,SOL,A,Close Long,146.89,0.11,0.006463,0.036157,510.78,0405
1749850422421,SOL,A,Close Long,146.89,5.76,0.338434,1.893312,510.67,0405
1749850422421,SOL,A,Close Long,146.89,58.83,3.456615,19.337421,504.91,0405
1749850422421,SOL,A,Close Long,146.89,2.04,0.119862,0.670548,446.08,0405
1749850422421,SOL,A,Close Long,146.89,15.44,0.907192,5.075128,444.04,0405
1749850422421,SOL,A,Close Long,146.89,89.93,5.283927,29.559991,428.6,0405
1749850422421,SOL,A,Close Long,146.89,71.48,4.199878,23.495476,338.67,0405
1749850422421,SOL,A,Close Long,146.89,26.6,1.562909,8.74342,267.19,0405
1749850422421,SOL,A,Close Long,146.89,60.45,3.5518,19.869915,240.59,0405
1749850422421,SOL,A,Close Long,146.88,7.05,0.414201,2.246835,180.14,0405
1749850422421,SOL,A,Close Long,146.88,8.49,0.498804,2.705763,173.09,0405
1749850422421,SOL,A,Close Long,146.88,7.75,0.455328,2.469925,164.6,0405
1749850422421,SOL,A,Close Long,146.88,51.19,3.007514,16.314253,156.85,0405
1749850422421,SOL,A,Close Long,146.88,105.66,6.207736,33.673842,105.66,0405
1749850862749,SOL,B,Open Long,147.22,62.4,3.674611,0.0,0.0,0406
1749850862749,SOL,B,Open Long,147.22,58.18,3.426103,0.0,62.4,0406
1749850862749,SOL,B,Open Long,147.22,108.49,6.388759,0.0,120.58,0406
1749850862749,SOL,B,Open Long,147.22,10.86,0.639523,0.0,229.07,0406
1749850862749,SOL,B,Open Long,147.22,10.86,0.639523,0.0,239.93,0406
1749850862749,SOL,B,Open Long,147.22,62.5,3.6805,0.0,250.79,0406
1749850862749,SOL,B,Open Long,147.22,196.15,11.550881,0.0,313.29,0406
1749850881511,BTC,B,Open Long,105556.0,0.04864,2.053697,0.0,0.0,0407
1749850881511,BTC,B,Open Long,105556.0,0.3,12.66672,0.0,0.04864,0407
1749850881511,BTC,B,Open Long,105556.0,0.05577,2.354743,0.0,0.34864,0407
1749850881511,BTC,B,Open Long,105556.0,0.17147,7.239874,0.0,0.40441,0407
1749850881511,BTC,B,Open Long,105556.0,0.06,2.533344,0.0,0.57588,0407
1749850881511,BTC,B,Open Long,105556.0,0.11368,4.799842,0.0,0.63588,0407
1749850881511,BTC,B,Open Long,105556.0,0.11368,4.799842,0.0,0.74956,0407
1749850881511,BTC,B,Open Long,105556.0,0.08401,3.547103,0.0,0.86324,0407
1749862754056,BTC,A,Close Long,105696.0,0.94725,12.014464,132.615,0.94725,0408
1749862779495,SOL,A,Close Long,147.74,0.11,0.00195,0.0572,509.44,0409
1749862779495,SOL,A,Close Long,147.74,104.05,1.844681,54.106,509.33,0410
1749862779865,SOL,A,Close Long,147.74,30.92,0.548174,16.0784,405.28,0410
1749862779865,SOL,A,Close Long,147.74,84.91,1.505352,44.1532,374.36,0410
1749862780269,SOL,A,Close Long,147.74,139.48,2.472813,72.5296,289.45,0410
1749862780475,SOL,A,Close Long,147.74,10.0,0.177288,5.2,149.97,0410
1749862780856,SOL,A,Close Long,147.74,123.96,2.197662,64.4592,139.97,0410
1749862780988,SOL,A,Close Long,147.74,16.01,0.283838,8.3252,16.01,0410
1749868968669,SOL,B,Open Long,146.5,17.34,0.304837,0.0,0.0,0411
1749872946652,BTC,B,Open Long,105150.0,0.02397,0.302453,0.0,0.0,0431
1749878823457,SOL,B,Open Long,146.29,3.13,0.054946,0.0,17.34,0412
1749878825013,SOL,B,Open Long,146.29,0.08,0.001404,0.0,20.47,0412
1749878825616,SOL,B,Open Long,146.29,15.96,0.280174,0.0,20.55,0412
1749882087162,SOL,B,Open Long,146.08,3.59,0.062931,0.0,36.51,0413
1749882088366,SOL,B,Open Long,146.08,17.4,0.305015,0.0,40.1,0413
1749882089395,BTC,B,Open Long,105071.0,0.0265,0.334125,0.0,0.02397,0432
1749884699817,BTC,B,Open Long,104992.0,0.02902,0.365624,0.0,0.05047,0433
1749884741066,SOL,B,Open Long,145.87,2.54,0.044461,0.0,57.5,0414
1749884741066,SOL,B,Open Long,145.87,2.54,0.044461,0.0,60.04,0414
1749884742200,SOL,B,Open Long,145.87,1.3,0.022755,0.0,62.58,0414
1749884742943,SOL,B,Open Long,145.87,16.44,0.287772,0.0,63.88,0414
1749884922016,BTC,B,Open Long,104913.0,0.03155,0.3972,0.0,0.07949,0434
1749885560275,BTC,B,Open Long,104834.0,0.03407,0.428603,0.0,0.11104,0435
1749885673651,SOL,B,Open Long,145.66,24.64,0.430687,0.0,80.32,0415
1749885697635,BTC,B,Open Long,104755.0,0.03659,0.459958,0.0,0.14511,0436
1749888586538,SOL,B,Open Long,145.45,2.79,0.048696,0.0,104.96,0416
1749888586538,SOL,B,Open Long,145.45,2.55,0.044507,0.0,107.75,0416
1749888586538,SOL,B,Open Long,145.45,2.6,0.04538,0.0,110.3,0416
1749888586538,SOL,B,Open Long,145.45,6.88,0.120083,0.0,112.9,0416
1749888586538,SOL,B,Open Long,145.45,5.76,0.100535,0.0,119.78,0416
1749888586538,SOL,B,Open Long,145.45,3.0,0.052362,0.0,125.54,0416
1749888586538,SOL,B,Open Long,145.45,2.7,0.047125,0.0,128.54,0416
1749888586538,SOL,B,Open Long,145.45,0.19,0.003316,0.0,131.24,0416
1749889984394,SOL,B,Open Long,145.24,5.94,0.103527,0.0,131.43,0417
1749889984394,SOL,B,Open Long,145.24,1.9,0.033114,0.0,137.37,0417
1749889984394,SOL,B,Open Long,145.24,6.89,0.120084,0.0,139.27,0417
1749889984394,SOL,B,Open Long,145.24,4.4,0.076686,0.0,146.16,0417
1749889984460,SOL,B,Open Long,145.24,9.17,0.159822,0.0,150.56,0417
1749894505827,SOL,B,Open Long,145.03,30.12,0.524196,0.0,159.73,0418
1749905645021,SOL,B,Open Long,144.82,31.95,0.555239,0.0,189.85,0419
1749914799152,SOL,B,Open Long,144.61,33.77,0.586017,0.0,221.8,0420
1749915215123,SOL,B,Open Long,144.39,4.9,0.084901,0.0,255.57,0421
1749915215123,SOL,B,Open Long,144.39,4.9,0.084901,0.0,260.47,0421
1749915215250,SOL,B,Open Long,144.39,25.8,0.447031,0.0,265.37,0421
1749915285333,SOL,B,Open Long,144.18,37.42,0.647425,0.0,291.17,0422
1749915693025,BTC,B,Open Long,104676.0,0.00003,0.000376,0.0,0.1817,0437
1749915693025,BTC,B,Open Long,104676.0,0.00955,0.119958,0.0,0.18173,0437
1749915693025,BTC,B,Open Long,104676.0,0.0002,0.002512,0.0,0.19128,0437
1749915695845,BTC,B,Open Long,104676.0,0.00067,0.008415,0.0,0.19148,0437
1749915696872,BTC,B,Open Long,104676.0,0.02545,0.31968,0.0,0.19215,0437
1749915697180,BTC,B,Open Long,104676.0,0.00322,0.040446,0.0,0.2176,0437
1749915756167,SOL,B,Open Long,143.97,39.25,0.678098,0.0,328.59,0423
1749915836031,SOL,B,Open Long,143.76,41.08,0.708679,0.0,367.84,0424
1749915845934,BTC,B,Open Long,104597.0,0.04164,0.52265,0.0,0.22082,0438
1749918822017,SOL,B,Open Long,143.55,42.9,0.738995,0.0,408.92,0425
1749918833866,BTC,B,Open Long,104518.0,0.00989,0.124041,0.0,0.26246,0439
1749918833866,BTC,B,Open Long,104518.0,0.03,0.376264,0.0,0.27235,0439
1749918833866,BTC,B,Open Long,104518.0,0.00428,0.05368,0.0,0.30235,0439
1749919602924,SOL,B,Open Long,143.34,20.37,0.35038,0.0,451.82,0426
1749919602924,SOL,B,Open Long,143.34,1.51,0.025973,0.0,472.19,0426
1749919602924,SOL,B,Open Long,143.34,2.2,0.037841,0.0,473.7,0426
1749919603057,SOL,B,Open Long,143.34,0.08,0.001376,0.0,475.9,0426
1749919603184,SOL,B,Open Long,143.34,3.99,0.068631,0.0,475.98,0426
1749919603211,SOL,B,Open Long,143.34,2.9,0.049882,0.0,479.97,0426
1749919603211,SOL,B,Open Long,143.34,13.68,0.235306,0.0,482.87,0426
1749919605315,BTC,B,Open Long,104439.0,0.0048,0.060156,0.0,0.30663,0440
1749919605315,BTC,B,Open Long,104439.0,0.01,0.125326,0.0,0.31143,0440
1749919605315,BTC,B,Open Long,104439.0,0.01,0.125326,0.0,0.32143,0440
1749919605377,BTC,B,Open Long,104439.0,0.02189,0.27434,0.0,0.33143,0440
1749919747007,SOL,B,Open Long,143.13,0.42,0.007213,0.0,496.55,0427
1749919749029,SOL,B,Open Long,143.13,9.3,0.159733,0.0,496.97,0427
1749919753000,SOL,B,Open Long,143.13,1.24,0.021297,0.0,506.27,0427
1749919753000,SOL,B,Open Long,143.13,35.59,0.611279,0.0,507.51,0427
1749919801919,BTC,B,Open Long,104361.0,0.00124,0.015528,0.0,0.35332,0441
1749919801919,BTC,B,Open Long,104361.0,0.029,0.363176,0.0,0.35456,0441
1749919801919,BTC,B,Open Long,104361.0,0.015,0.187849,0.0,0.38356,0441
1749919801919,BTC,B,Open Long,104361.0,0.00397,0.049717,0.0,0.39856,0441
1749919935323,SOL,B,Open Long,142.92,0.86,0.014749,0.0,543.1,0428
1749919935323,SOL,B,Open Long,142.92,14.54,0.249366,0.0,543.96,0428
1749919935323,SOL,B,Open Long,142.92,28.85,0.494789,0.0,558.5,0428
1749919935323,SOL,B,Open Long,142.92,4.13,0.070831,0.0,587.35,0428
1749931603522,SOL,B,Open Long,142.71,5.81,0.099497,0.0,591.48,0429
1749931603522,SOL,B,Open Long,142.71,3.6,0.06165,0.0,597.29,0429
1749931603816,SOL,B,Open Long,142.71,0.07,0.001198,0.0,600.89,0429
1749931603816,SOL,B,Open Long,142.71,2.06,0.035277,0.0,600.96,0429
1749931603816,SOL,B,Open Long,142.71,2.5,0.042813,0.0,603.02,0429
1749931603816,SOL,B,Open Long,142.71,5.07,0.086824,0.0,605.52,0429
1749931603816,SOL,B,Open Long,142.71,10.24,0.175362,0.0,610.59,0429
1749931603816,SOL,B,Open Long,142.71,16.0,0.274003,0.0,620.83,0429
1749931603816,SOL,B,Open Long,142.71,4.85,0.083057,0.0,636.83,0429
1749931816982,BTC,B,Open Long,104282.0,0.00577,0.072204,0.0,0.40253,0442
1749931816982,BTC,B,Open Long,104282.0,0.009,0.112624,0.0,0.4083,0442
1749931816982,BTC,B,Open Long,104282.0,0.03697,0.462636,0.0,0.4173,0442
1749931850527,SOL,B,Open Long,142.5,2.68,0.045828,0.0,641.68,0430
1749931850602,SOL,B,Open Long,142.5,4.3,0.07353,0.0,644.36,0430
1749931850602,SOL,B,Open Long,142.5,2.8,0.04788,0.0,648.66,0430
1749931850664,SOL,B,Open Long,142.5,42.25,0.722475,0.0,651.46,0430
1749983306698,BTC,A,Close Long,105008.0,0.45427,5.724238,161.311277,0.45427,0443
1749983307267,SOL,A,Close Long,144.6,27.66,1.599854,12.969774,693.71,0444
1749983307267,SOL,A,Close Long,144.6,27.66,1.599854,12.969774,666.05,0444
1749983307267,SOL,A,Close Long,144.6,159.04,9.198873,74.573856,638.39,0444
1749983307267,SOL,A,Close Long,144.6,302.55,17.499492,141.865695,479.35,0444
1749983307267,SOL,A,Close Long,144.6,22.82,1.319908,10.700298,176.8,0444
1749983307267,SOL,A,Close Long,144.6,8.29,0.479493,3.887181,153.98,0444
1749983307267,SOL,A,Close Long,144.6,8.29,0.479493,3.887181,145.69,0444
1749983307267,SOL,A,Close Long,144.6,137.4,7.947216,64.42686,137.4,0444
1749983651442,FARTCOIN,B,Open Long,1.173,42.0,0.019706,0.0,0.0,0445
1749983651442,FARTCOIN,B,Open Long,1.173,1703.7,0.799376,0.0,42.0,0445
1749983651442,FARTCOIN,B,Open Long,1.173,852.6,0.400039,0.0,1745.7,0445
1749983651442,FARTCOIN,B,Open Long,1.173,343.3,0.161076,0.0,2598.3,0445
1749983651442,FARTCOIN,B,Open Long,1.1732,873.3,0.409822,0.0,2941.6,0445
1749983651442,FARTCOIN,B,Open Long,1.1732,1045.3,0.490538,0.0,3814.9,0445
1749983651442,FARTCOIN,B,Open Long,1.1732,2232.6,1.047714,0.0,4860.2,0445
1749983651442,FARTCOIN,B,Open Long,1.1732,1903.2,0.893133,0.0,7092.8,0445
1749983651442,FARTCOIN,B,Open Long,1.1733,2232.6,1.047803,0.0,8996.0,0445
1749983651442,FARTCOIN,B,Open Long,1.1734,2231.5,1.047376,0.0,11228.6,0445
1749983651442,FARTCOIN,B,Open Long,1.1734,493.2,0.231488,0.0,13460.1,0445
1749983651442,FARTCOIN,B,Open Long,1.1734,3206.0,1.504768,0.0,13953.3,0445
1749983651442,FARTCOIN,B,Open Long,1.1734,1248.2,0.585855,0.0,17159.3,0445
1749983651442,FARTCOIN,B,Open Long,1.1735,2231.5,1.047466,0.0,18407.5,0445
1749983651442,FARTCOIN,B,Open Long,1.1735,3205.7,1.504755,0.0,20639.0,0445
1749983651442,FARTCOIN,B,Open Long,1.1736,2231.5,1.047555,0.0,23844.7,0445
1749983651442,FARTCOIN,B,Open Long,1.1736,852.0,0.399962,0.0,26076.2,0445
1749983651442,FARTCOIN,B,Open Long,1.1737,2231.5,1.047644,0.0,26928.2,0445
1749983651442,FARTCOIN,B,Open Long,1.1737,1900.0,0.892012,0.0,29159.7,0445
1749983651442,FARTCOIN,B,Open Long,1.1738,2231.5,1.047733,0.0,31059.7,0445
1749983651442,FARTCOIN,B,Open Long,1.1738,315.6,0.14818,0.0,33291.2,0445
1749983651442,FARTCOIN,B,Open Long,1.1738,525.9,0.24692,0.0,33606.8,0445
1749983651442,FARTCOIN,B,Open Long,1.1738,526.0,0.246967,0.0,34132.7,0445
1749983651442,FARTCOIN,B,Open Long,1.1738,526.0,0.246967,0.0,34658.7,0445
1749983651442,FARTCOIN,B,Open Long,1.1738,525.9,0.24692,0.0,35184.7,0445
1749983651442,FARTCOIN,B,Open Long,1.1738,158.0,0.074184,0.0,35710.6,0445
1749983651442,FARTCOIN,B,Open Long,1.1738,158.0,0.074184,0.0,35868.6,0445
1749983651442,FARTCOIN,B,Open Long,1.1738,158.0,0.074184,0.0,36026.6,0445
1749983651442,FARTCOIN,B,Open Long,1.1738,525.9,0.24692,0.0,36184.6,0445
1749983651442,FARTCOIN,B,Open Long,1.1738,158.0,0.074184,0.0,36710.5,0445
1749983651442,FARTCOIN,B,Open Long,1.1738,158.0,0.074184,0.0,36868.5,0445
1749983651442,FARTCOIN,B,Open Long,1.1738,158.0,0.074184,0.0,37026.5,0445
1749983651442,FARTCOIN,B,Open Long,1.1738,525.9,0.24692,0.0,37184.5,0445
1749983651442,FARTCOIN,B,Open Long,1.1738,315.6,0.14818,0.0,37710.4,0445
1749983651442,FARTCOIN,B,Open Long,1.1738,315.6,0.14818,0.0,38026.0,0445
1749983651442,FARTCOIN,B,Open Long,1.1739,852.0,0.400065,0.0,38341.6,0445
1749983651442,FARTCOIN,B,Open Long,1.1739,852.0,0.400065,0.0,39193.6,0445
1749983651442,FARTCOIN,B,Open Long,1.1739,852.0,0.400065,0.0,40045.6,0445
1749983651442,FARTCOIN,B,Open Long,1.1739,852.0,0.400065,0.0,40897.6,0445
1749983651442,FARTCOIN,B,Open Long,1.1739,876.1,0.411381,0.0,41749.6,0445
1749983785512,FARTCOIN,A,Close Long,1.17,9619.6,4.501972,-33.764796,42625.7,0446
1749983785512,FARTCOIN,A,Close Long,1.1698,852.0,0.398667,-3.16092,33006.1,0446
1749983785512,FARTCOIN,A,Close Long,1.1696,412.3,0.19289,-1.612093,32154.1,0446
1749983785512,FARTCOIN,A,Close Long,1.1696,366.5,0.171463,-1.433015,31741.8,0446
1749983785512,FARTCOIN,A,Close Long,1.1695,1533.5,0.717371,-6.149335,31375.3,0446
1749983785512,FARTCOIN,A,Close Long,1.1694,332.6,0.155576,-1.366986,29841.8,0446
1749983785512,FARTCOIN,A,Close Long,1.1693,582.1,0.272259,-2.450641,29509.2,0446
1749983785512,FARTCOIN,A,Close Long,1.1692,349.3,0.16336,-1.505483,28927.1,0446
1749983785512,FARTCOIN,A,Close Long,1.1692,349.3,0.16336,-1.505483,28577.8,0446
1749983785512,FARTCOIN,A,Close Long,1.1692,1270.8,0.594327,-5.477148,28228.5,0446
1749983785512,FARTCOIN,A,Close Long,1.1692,167.0,0.078102,-0.71977,26957.7,0446
1749983785512,FARTCOIN,A,Close Long,1.1692,2065.7,0.966086,-8.903167,26790.7,0446
1749983785512,FARTCOIN,A,Close Long,1.1692,1533.5,0.717187,-6.609385,24725.0,0446
1749983785512,FARTCOIN,A,Close Long,1.1692,92.0,0.043026,-0.39652,23191.5,0446
1749983785512,FARTCOIN,A,Close Long,1.1692,285.1,0.133335,-1.228781,23099.5,0446
1749983785512,FARTCOIN,A,Close Long,1.1692,528.0,0.246935,-2.27568,22814.4,0446
1749983785512,FARTCOIN,A,Close Long,1.1692,285.1,0.133335,-1.228781,22286.4,0446
1749983785512,FARTCOIN,A,Close Long,1.1692,316.8,0.148161,-1.365408,22001.3,0446
1749983785512,FARTCOIN,A,Close Long,1.1692,475.2,0.222241,-2.048112,21684.5,0446
1749983785512,FARTCOIN,A,Close Long,1.1692,475.2,0.222241,-2.048112,21209.3,0446
1749983785512,FARTCOIN,A,Close Long,1.1692,316.8,0.148161,-1.365408,20734.1,0446
1749983785512,FARTCOIN,A,Close Long,1.1692,316.8,0.148161,-1.365408,20417.3,0446
1749983785512,FARTCOIN,A,Close Long,1.1692,316.8,0.148161,-1.365408,20100.5,0446
1749983785512,FARTCOIN,A,Close Long,1.1692,316.8,0.148161,-1.365408,19783.7,0446
1749983785512,FARTCOIN,A,Close Long,1.1692,528.0,0.246935,-2.27568,19466.9,0446
1749983785512,FARTCOIN,A,Close Long,1.1692,528.0,0.246935,-2.27568,18938.9,0446
1749983785512,FARTCOIN,A,Close Long,1.1692,285.1,0.133335,-1.228781,18410.9,0446
1749983785512,FARTCOIN,A,Close Long,1.1692,475.2,0.222241,-2.048112,18125.8,0446
1749983785512,FARTCOIN,A,Close Long,1.1692,528.0,0.246935,-2.27568,17650.6,0446
1749983785512,FARTCOIN,A,Close Long,1.1692,528.0,0.246935,-2.27568,17122.6,0446
1749983785512,FARTCOIN,A,Close Long,1.1691,523.9,0.244996,-2.310399,16594.6,0446
1749983785512,FARTCOIN,A,Close Long,1.1691,41.8,0.019547,-0.184338,16070.7,0446
1749983785512,FARTCOIN,A,Close Long,1.1691,856.0,0.400299,-3.77496,16028.9,0446
1749983785512,FARTCOIN,A,Close Long,1.1691,167.0,0.078095,-0.73647,15172.9,0446
1749983785512,FARTCOIN,A,Close Long,1.1691,167.0,0.078095,-0.73647,15005.9,0446
1749983785512,FARTCOIN,A,Close Long,1.1691,167.0,0.078095,-0.73647,14838.9,0446
1749983785512,FARTCOIN,A,Close Long,1.1691,352.8,0.164983,-1.555848,14671.9,0446
1749983785512,FARTCOIN,A,Close Long,1.1691,528.0,0.246913,-2.32848,14319.1,0446
1749983785512,FARTCOIN,A,Close Long,1.1691,316.8,0.148148,-1.397088,13791.1,0446
1749983785512,FARTCOIN,A,Close Long,1.1691,475.2,0.222222,-2.095632,13474.3,0446
1749983785512,FARTCOIN,A,Close Long,1.1691,475.2,0.222222,-2.095632,12999.1,0446
1749983785512,FARTCOIN,A,Close Long,1.1691,285.1,0.133324,-1.257291,12523.9,0446
1749983785512,FARTCOIN,A,Close Long,1.1691,316.8,0.148148,-1.397088,12238.8,0446
1749983785512,FARTCOIN,A,Close Long,1.1691,528.0,0.246913,-2.32848,11922.0,0446
1749983785512,FARTCOIN,A,Close Long,1.1691,316.8,0.148148,-1.397088,11394.0,0446
1749983785512,FARTCOIN,A,Close Long,1.1691,316.8,0.148148,-1.397088,11077.2,0446
1749983785512,FARTCOIN,A,Close Long,1.1691,856.0,0.400299,-3.77496,10760.4,0446
1749983785512,FARTCOIN,A,Close Long,1.169,10.0,0.004676,-0.0451,9904.4,0446
1749983785512,FARTCOIN,A,Close Long,1.169,175.0,0.08183,-0.78925,9894.4,0446
1749983785512,FARTCOIN,A,Close Long,1.169,175.0,0.08183,-0.78925,9719.4,0446
1749983785512,FARTCOIN,A,Close Long,1.169,349.3,0.163332,-1.575343,9544.4,0446
1749983785512,FARTCOIN,A,Close Long,1.169,524.0,0.245022,-2.36324,9195.1,0446
1749983785512,FARTCOIN,A,Close Long,1.169,856.0,0.400265,-3.86056,8671.1,0446
1749983785512,FARTCOIN,A,Close Long,1.169,856.0,0.400265,-3.86056,7815.1,0446
1749983785512,FARTCOIN,A,Close Long,1.169,856.0,0.400265,-3.86056,6959.1,0446
1749983785512,FARTCOIN,A,Close Long,1.169,856.0,0.400265,-3.86056,6103.1,0446
1749983785512,FARTCOIN,A,Close Long,1.169,856.0,0.400265,-3.86056,5247.1,0446
1749983785512,FARTCOIN,A,Close Long,1.169,856.0,0.400265,-3.86056,4391.1,0446
1749983785512,FARTCOIN,A,Close Long,1.169,856.0,0.400265,-3.86056,3535.1,0446
1749983785512,FARTCOIN,A,Close Long,1.169,856.0,0.400265,-3.86056,2679.1,0446
1749983785512,FARTCOIN,A,Close Long,1.169,856.0,0.400265,-3.86056,1823.1,0446
1749983785512,FARTCOIN,A,Close Long,1.169,967.1,0.452215,-4.361621,967.1,0446
1749984150597,SOL,B,Open Long,145.42,516.13,30.022249,0.0,0.0,0447
1749984285278,BTC,B,Open Long,105097.0,0.09269,3.896576,0.0,0.0,0448
1749984285278,BTC,B,Open Long,105097.0,0.1903,7.999983,0.0,0.09269,0448
1749984285278,BTC,B,Open Long,105097.0,0.19032,8.000824,0.0,0.28299,0448
1749984285278,BTC,B,Open Long,105097.0,0.1903,7.999983,0.0,0.47331,0448
1749984285278,BTC,B,Open Long,105097.0,0.19032,8.000824,0.0,0.66361,0448
1749984285278,BTC,B,Open Long,105097.0,0.00137,0.057593,0.0,0.85393,0448
1749984285278,BTC,B,Open Long,105097.0,0.04757,1.999785,0.0,0.8553,0448
1749984285278,BTC,B,Open Long,105097.0,0.00798,0.335469,0.0,0.90287,0448
1749984285278,BTC,B,Open Long,105097.0,0.00798,0.335469,0.0,0.91085,0448
1749984285278,BTC,B,Open Long,105097.0,0.54416,22.875833,0.0,0.91883,0448
1749984285278,BTC,B,Open Long,105097.0,0.00952,0.400209,0.0,1.46299,0448
1749984285278,BTC,B,Open Long,105097.0,0.05051,2.123379,0.0,1.47251,0448
1749984285278,BTC,B,Open Long,105097.0,0.03809,1.601257,0.0,1.52302,0448
1749984285278,BTC,B,Open Long,105097.0,0.34211,14.381893,0.0,1.56111,0448
1749984511275,FARTCOIN,B,Open Long,1.1813,1216.8,0.574962,0.0,0.0,0449
1749984511275,FARTCOIN,B,Open Long,1.1815,10.0,0.004726,0.0,1216.8,0449
1749984511275,FARTCOIN,B,Open Long,1.1815,10.0,0.004726,0.0,1226.8,0449
1749984511275,FARTCOIN,B,Open Long,1.1815,852.0,0.402655,0.0,1236.8,0449
1749984511275,FARTCOIN,B,Open Long,1.1815,480.6,0.227131,0.0,2088.8,0449
1749984511275,FARTCOIN,B,Open Long,1.1815,2338.9,1.105364,0.0,2569.4,0449
1749984511275,FARTCOIN,B,Open Long,1.1815,427.1,0.201847,0.0,4908.3,0449
1749984511275,FARTCOIN,B,Open Long,1.1816,208.0,0.098309,0.0,5335.4,0449
1749984755829,FARTCOIN,A,Close Long,1.1867,119.2,0.056581,0.6258,5543.4,0450
1749984755964,FARTCOIN,A,Close Long,1.1867,84.0,0.011961,0.441,5424.2,0450
1749984763065,FARTCOIN,A,Close Long,1.1867,17.5,0.002492,0.091875,5340.2,0450
1749984775240,BTC,A,Close Long,105148.0,0.008,0.100942,0.408,1.90322,0451
1749984777062,BTC,A,Close Long,105148.0,0.00125,0.015772,0.06375,1.89522,0451
1749984819498,SOL,A,Close Long,145.68,125.46,2.193241,32.6196,516.13,0453
1749984819555,SOL,A,Close Long,145.68,390.67,6.829536,101.613267,390.67,0453
1749984823104,FARTCOIN,A,Close Long,1.1844,17.5,0.002487,0.051625,5322.7,0454
1749984824208,FARTCOIN,A,Close Long,1.1844,437.8,0.062223,1.29151,5305.2,0454
1749984826516,FARTCOIN,A,Close Long,1.1844,2281.6,0.324279,6.73072,4867.4,0454
1749984826516,FARTCOIN,A,Close Long,1.1844,2585.8,0.367514,7.62811,2585.8,0454
1749984830733,BTC,A,Close Long,105116.0,0.00304,0.038346,0.05776,1.89397,0452
1749984833587,BTC,A,Close Long,105116.0,0.01,0.126139,0.19,1.89093,0452
1749984837042,BTC,A,Close Long,105116.0,0.00125,0.015767,0.02375,1.88093,0452
1749984837940,BTC,A,Close Long,105116.0,0.28925,3.648576,5.49575,1.87968,0452
1749984846538,BTC,A,Close Long,105116.0,0.01,0.126139,0.19,1.59043,0452
1749984850137,BTC,A,Close Long,105116.0,0.02798,0.352937,0.53162,1.58043,0452
1749984851045,BTC,A,Close Long,105116.0,0.00347,0.04377,0.06593,1.55245,0452
1749984855608,BTC,A,Close Long,105116.0,0.01,0.126139,0.19,1.54898,0452
1749984858032,BTC,A,Close Long,105116.0,0.00011,0.001387,0.00209,1.53898,0452
1749984859047,BTC,A,Close Long,105116.0,0.00037,0.004667,0.00703,1.53887,0452
1749984859421,BTC,A,Close Long,105116.0,0.03022,0.381192,0.57418,1.5385,0452
1749984861715,BTC,A,Close Long,105116.0,0.01,0.126139,0.19,1.50828,0452
1749984862839,BTC,A,Close Long,105115.0,0.10482,4.407261,1.88676,1.49828,0455
1749984862839,BTC,A,Close Long,105115.0,0.45664,19.199885,8.21952,1.39346,0455
1749984862839,BTC,A,Close Long,105115.0,0.28,11.77288,5.04,0.93682,0455
1749984862839,BTC,A,Close Long,105115.0,0.28,11.77288,5.04,0.65682,0455
1749984862839,BTC,A,Close Long,105115.0,0.10087,4.24118,1.81566,0.37682,0455
1749984862839,BTC,A,Close Long,105115.0,0.11,4.62506,1.98,0.27595,0455
1749984862839,BTC,A,Close Long,105115.0,0.00047,0.019761,0.00846,0.16595,0455
1749984862839,BTC,A,Close Long,105115.0,0.16548,6.957772,2.97864,0.16548,0455
1749985453297,BTC,B,Open Long,105117.0,0.45313,19.052666,0.0,0.0,0456
1749985453297,BTC,B,Open Long,105117.0,0.00011,0.004625,0.0,0.45313,0456
1749985453297,BTC,B,Open Long,105117.0,0.00778,0.327124,0.0,0.45324,0456
1749985453297,BTC,B,Open Long,105117.0,0.00778,0.327124,0.0,0.46102,0456
1749985453297,BTC,B,Open Long,105118.0,0.00112,0.047092,0.0,0.4688,0456
1749985453297,BTC,B,Open Long,105118.0,0.00011,0.004625,0.0,0.46992,0456
1749985453297,BTC,B,Open Long,105119.0,0.00011,0.004625,0.0,0.47003,0456
1749985453297,BTC,B,Open Long,105120.0,0.00011,0.004625,0.0,0.47014,0456
1749985453297,BTC,B,Open Long,105121.0,0.00011,0.004625,0.0,0.47025,0456
1749985453297,BTC,B,Open Long,105121.0,1.42692,59.999702,0.0,0.47036,0456
1749985453297,BTC,B,Open Long,105122.0,0.00011,0.004625,0.0,1.89728,0456
1749985453297,BTC,B,Open Long,105123.0,0.00011,0.004625,0.0,1.89739,0456
1749985453297,BTC,B,Open Long,105123.0,0.00778,0.327142,0.0,1.8975,0456
1749985453297,BTC,B,Open Long,105124.0,0.01902,0.799783,0.0,1.90528,0456
1749985453297,BTC,B,Open Long,105124.0,0.00011,0.004625,0.0,1.9243,0456
1749985453297,BTC,B,Open Long,105125.0,0.00011,0.004625,0.0,1.92441,0456
1749985453297,BTC,B,Open Long,105126.0,0.11133,4.681471,0.0,1.92452,0456
1749985453297,BTC,B,Open Long,105126.0,0.00011,0.004625,0.0,2.03585,0456
1749985453297,BTC,B,Open Long,105127.0,0.00011,0.004625,0.0,2.03596,0456
1749985453297,BTC,B,Open Long,105128.0,0.00011,0.004625,0.0,2.03607,0456
1749985453297,BTC,B,Open Long,105129.0,0.34234,14.395944,0.0,2.03618,0456
1749987077100,BTC,A,Close Long,104985.0,0.37004,4.661837,-50.547464,2.37852,0457
1749987078027,BTC,A,Close Long,104985.0,0.00011,0.001385,-0.015026,2.00848,0457
1749987078241,BTC,A,Close Long,104985.0,0.00263,0.033133,-0.359258,2.00837,0457
1749987078640,BTC,A,Close Long,104985.0,0.04352,0.548273,-5.944832,2.00574,0457
1749987079033,BTC,A,Close Long,104985.0,0.00036,0.004535,-0.049176,1.96222,0457
1749987079653,BTC,A,Close Long,104985.0,0.001,0.012598,-0.1366,1.96186,0457
1749987084001,BTC,A,Close Long,104985.0,0.001,0.012598,-0.1366,1.96086,0457
1749987087000,BTC,A,Close Long,104985.0,0.00125,0.015747,-0.17075,1.95986,0457
1749987100019,BTC,A,Close Long,104985.0,0.00011,0.001385,-0.015026,1.95861,0457
1749987101009,BTC,A,Close Long,104985.0,0.00347,0.043715,-0.474002,1.9585,0457
1749987107083,BTC,A,Close Long,104985.0,0.63059,7.944298,-86.138594,1.95503,0457
1749987108094,BTC,A,Close Long,104985.0,0.00011,0.001385,-0.015026,1.32444,0457
1749987109088,BTC,A,Close Long,104985.0,0.00036,0.004535,-0.049176,1.32433,0457
1749987117046,BTC,A,Close Long,104985.0,0.00124,0.015621,-0.169384,1.32397,0457
1749987122719,BTC,A,Close Long,104985.0,0.001,0.012598,-0.1366,1.32273,0457
1749987130121,BTC,A,Close Long,104985.0,0.00011,0.001385,-0.015026,1.32173,0457
1749987131017,BTC,A,Close Long,104985.0,0.00347,0.043715,-0.474002,1.32162,0457
1749987137079,BTC,A,Close Long,104985.0,0.63059,7.944298,-86.138594,1.31815,0457
1749987138017,BTC,A,Close Long,104985.0,0.00011,0.001385,-0.015026,0.68756,0457
1749987139027,BTC,A,Close Long,104985.0,0.00037,0.004661,-0.050542,0.68745,0457
1749987147045,BTC,A,Close Long,104985.0,0.00125,0.015747,-0.17075,0.68708,0457
1749987160023,BTC,A,Close Long,104985.0,0.00011,0.001385,-0.015026,0.68583,0457
1749987161056,BTC,A,Close Long,104985.0,0.00347,0.043715,-0.474002,0.68572,0457
1749987161452,BTC,A,Close Long,104985.0,0.001,0.012598,-0.1366,0.68225,0457
1749987167012,BTC,A,Close Long,104985.0,0.6306,7.944424,-86.13996,0.68125,0457
1749987168025,BTC,A,Close Long,104985.0,0.00011,0.001385,-0.015026,0.05065,0457
1749987169032,BTC,A,Close Long,104985.0,0.00036,0.004535,-0.049176,0.05054,0457
1749987177000,BTC,A,Close Long,104985.0,0.00124,0.015621,-0.169384,0.05018,0457
1749991189189,BTC,A,Close Long,105060.0,0.04894,2.056654,-3.014704,0.04894,0458
1749991261657,BTC,B,Open Long,105116.0,0.23571,9.910756,0.0,0.0,0459
1749991261657,BTC,B,Open Long,105116.0,0.5,21.0232,0.0,0.23571,0459
1749991261657,BTC,B,Open Long,105116.0,0.00952,0.400281,0.0,0.73571,0459
1749991261657,BTC,B,Open Long,105116.0,0.1397,5.873882,0.0,0.74523,0459
1749991261657,BTC,B,Open Long,105116.0,0.10612,4.461963,0.0,0.88493,0459
1749991261657,BTC,B,Open Long,105116.0,0.09512,3.999453,0.0,0.99105,0459
1749991261657,BTC,B,Open Long,105116.0,0.04756,1.999726,0.0,1.08617,0459
1749991261657,BTC,B,Open Long,105116.0,0.01807,0.759778,0.0,1.13373,0459
1749991261657,BTC,B,Open Long,105116.0,0.33287,13.995985,0.0,1.1518,0459
1749991261657,BTC,B,Open Long,105116.0,0.50277,21.139668,0.0,1.48467,0459
1749991261657,BTC,B,Open Long,105116.0,0.00951,0.399861,0.0,1.98744,0459
1749991261657,BTC,B,Open Long,105116.0,0.00011,0.004625,0.0,1.99695,0459
1749991261657,BTC,B,Open Long,105116.0,0.04203,1.76721,0.0,1.99706,0459
1749991261657,BTC,B,Open Long,105116.0,0.1741,7.320278,0.0,2.03909,0459
1749991261657,BTC,B,Open Long,105116.0,0.04203,1.76721,0.0,2.21319,0459
1749991261657,BTC,B,Open Long,105116.0,0.12281,5.163718,0.0,2.25522,0459
1749991822454,FARTCOIN,B,Open Long,1.215,7560.1,3.674208,0.0,0.0,0460
1749991822454,FARTCOIN,B,Open Long,1.2154,16.2,0.007875,0.0,7560.1,0460
1749991822454,FARTCOIN,B,Open Long,1.2159,852.0,0.414378,0.0,7576.3,0460
1749991822454,FARTCOIN,B,Open Long,1.216,387.8,0.188625,0.0,8428.3,0460
1749991822454,FARTCOIN,B,Open Long,1.2161,326.0,0.158579,0.0,8816.1,0460
1749991822454,FARTCOIN,B,Open Long,1.2162,1972.2,0.959435,0.0,9142.1,0460
1749991822454,FARTCOIN,B,Open Long,1.2162,536.0,0.260753,0.0,11114.3,0460
1749991822454,FARTCOIN,B,Open Long,1.2162,536.0,0.260753,0.0,11650.3,0460
1749991822454,FARTCOIN,B,Open Long,1.2162,508.0,0.247131,0.0,12186.3,0460
1749991822454,FARTCOIN,B,Open Long,1.2162,508.0,0.247131,0.0,12694.3,0460
1749991822454,FARTCOIN,B,Open Long,1.2163,32.4,0.015763,0.0,13202.3,0460
1749991822454,FARTCOIN,B,Open Long,1.2163,1972.2,0.959514,0.0,13234.7,0460
1749991822454,FARTCOIN,B,Open Long,1.2163,1533.5,0.746078,0.0,15206.9,0460
1749991822454,FARTCOIN,B,Open Long,1.2163,536.0,0.260774,0.0,16740.4,0460
1749991822454,FARTCOIN,B,Open Long,1.2163,508.0,0.247152,0.0,17276.4,0460
1749991822454,FARTCOIN,B,Open Long,1.2163,494.0,0.24034,0.0,17784.4,0460
1749991822454,FARTCOIN,B,Open Long,1.2163,508.0,0.247152,0.0,18278.4,0460
1749991822454,FARTCOIN,B,Open Long,1.2163,494.0,0.24034,0.0,18786.4,0460
1749991822454,FARTCOIN,B,Open Long,1.2163,348.6,0.1696,0.0,19280.4,0460
1749991822454,FARTCOIN,B,Open Long,1.2164,1972.2,0.959593,0.0,19629.0,0460
1749991822454,FARTCOIN,B,Open Long,1.2164,535.0,0.260309,0.0,21601.2,0460
1749991822454,FARTCOIN,B,Open Long,1.2164,507.5,0.246929,0.0,22136.2,0460
1749991822454,FARTCOIN,B,Open Long,1.2164,304.5,0.148157,0.0,22643.7,0460
1749991822454,FARTCOIN,B,Open Long,1.2164,508.0,0.247172,0.0,22948.2,0460
1749991822454,FARTCOIN,B,Open Long,1.2164,1169.3,0.568934,0.0,23456.2,0460
1749991822454,FARTCOIN,B,Open Long,1.2164,507.6,0.246977,0.0,24625.5,0460
1749991822454,FARTCOIN,B,Open Long,1.2164,304.5,0.148157,0.0,25133.1,0460
1749991822454,FARTCOIN,B,Open Long,1.2164,484.0,0.235495,0.0,25437.6,0460
1749991822454,FARTCOIN,B,Open Long,1.2164,304.5,0.148157,0.0,25921.6,0460
1749991822454,FARTCOIN,B,Open Long,1.2164,304.5,0.148157,0.0,26226.1,0460
1749991822454,FARTCOIN,B,Open Long,1.2164,508.0,0.247172,0.0,26530.6,0460
1749991822454,FARTCOIN,B,Open Long,1.2165,1972.2,0.959672,0.0,27038.6,0460
1749991822454,FARTCOIN,B,Open Long,1.2165,850.9,0.414047,0.0,29010.8,0460
1749991822454,FARTCOIN,B,Open Long,1.2165,304.5,0.148169,0.0,29861.7,0460
1749991822454,FARTCOIN,B,Open Long,1.2165,153.0,0.074449,0.0,30166.2,0460
1749991822454,FARTCOIN,B,Open Long,1.2165,153.0,0.074449,0.0,30319.2,0460
1749991822454,FARTCOIN,B,Open Long,1.2165,153.0,0.074449,0.0,30472.2,0460
1749991822454,FARTCOIN,B,Open Long,1.2165,494.0,0.24038,0.0,30625.2,0460
1749991822454,FARTCOIN,B,Open Long,1.2165,508.0,0.247192,0.0,31119.2,0460
1749991822454,FARTCOIN,B,Open Long,1.2165,483.0,0.235027,0.0,31627.2,0460
1749991822454,FARTCOIN,B,Open Long,1.2165,304.5,0.148169,0.0,32110.2,0460
1749991822454,FARTCOIN,B,Open Long,1.2165,508.0,0.247192,0.0,32414.7,0460
1749991822454,FARTCOIN,B,Open Long,1.2165,507.5,0.246949,0.0,32922.7,0460
1749991822454,FARTCOIN,B,Open Long,1.2165,304.5,0.148169,0.0,33430.2,0460
1749991822454,FARTCOIN,B,Open Long,1.2165,304.5,0.148169,0.0,33734.7,0460
1749991822454,FARTCOIN,B,Open Long,1.2165,304.5,0.148169,0.0,34039.2,0460
1749991822454,FARTCOIN,B,Open Long,1.2165,508.0,0.247192,0.0,34343.7,0460
1749991822454,FARTCOIN,B,Open Long,1.2165,304.5,0.148169,0.0,34851.7,0460
1749991822454,FARTCOIN,B,Open Long,1.2165,304.5,0.148169,0.0,35156.2,0460
1749991822454,FARTCOIN,B,Open Long,1.2165,206.4,0.100434,0.0,35460.7,0460
1749991822454,FARTCOIN,B,Open Long,1.2165,304.5,0.148169,0.0,35667.1,0460
1749991822454,FARTCOIN,B,Open Long,1.2165,507.5,0.246949,0.0,35971.6,0460
1749991822454,FARTCOIN,B,Open Long,1.2165,507.5,0.246949,0.0,36479.1,0460
1749991822454,FARTCOIN,B,Open Long,1.2165,482.0,0.234541,0.0,36986.6,0460
1749991822454,FARTCOIN,B,Open Long,1.2166,1972.2,0.959751,0.0,37468.6,0460
1749991822454,FARTCOIN,B,Open Long,1.2166,1694.5,0.824611,0.0,39440.8,0460
1749992598012,SOL,B,Open Long,147.5,12.76,0.225852,0.0,0.0,0461
1749992613444,SOL,B,Open Long,147.45,0.46,0.008139,0.0,12.76,0462
1749992613511,SOL,B,Open Long,147.45,0.94,0.016632,0.0,13.22,0462
1749992613587,SOL,B,Open Long,147.45,0.64,0.011324,0.0,14.16,0462
1749992613789,SOL,B,Open Long,147.45,2.9,0.051312,0.0,14.8,0462
1749992613789,SOL,B,Open Long,147.45,3.2,0.05662,0.0,17.7,0462
1749992613789,SOL,B,Open Long,147.45,2.3,0.040696,0.0,20.9,0462
1749992613789,SOL,B,Open Long,147.45,1.9,0.033618,0.0,23.2,0462
1749992613912,SOL,B,Open Long,147.45,1.76,0.031141,0.0,25.1,0462
1749992644350,SOL,B,Open Long,147.39,1.21,0.021401,0.0,26.86,0463
1749992644416,SOL,B,Open Long,147.39,1.01,0.017863,0.0,28.07,0463
1749992645020,SOL,B,Open Long,147.39,0.3,0.005306,0.0,29.08,0463
1749992645862,SOL,B,Open Long,147.39,12.92,0.228513,0.0,29.38,0463
1749992652564,SOL,B,Open Long,147.34,0.54,0.009547,0.0,42.3,0464
1749992653107,SOL,B,Open Long,147.34,16.25,0.287313,0.0,42.84,0464
1749992658486,SOL,B,Open Long,147.29,18.13,0.320444,0.0,59.09,0465
1749992667447,SOL,B,Open Long,147.24,0.91,0.016078,0.0,77.22,0466
1749992667594,SOL,B,Open Long,147.24,2.8,0.049472,0.0,78.13,0466
1749992670073,SOL,B,Open Long,147.24,1.21,0.021379,0.0,80.93,0466
1749992675026,SOL,B,Open Long,147.24,0.31,0.005477,0.0,82.14,0466
1749992676042,SOL,B,Open Long,147.24,0.08,0.001413,0.0,82.45,0466
1749992679481,SOL,B,Open Long,147.24,14.17,0.250366,0.0,82.53,0466
1749992781692,SOL,B,Open Long,147.18,20.82,0.367714,0.0,96.7,0467
1749992803066,SOL,B,Open Long,147.13,22.16,0.391248,0.0,117.52,0468
1749992844552,SOL,B,Open Long,147.08,23.51,0.414942,0.0,139.68,0469
1749992844552,SOL,B,Open Long,147.03,24.85,0.438443,0.0,163.19,0470
1749993536369,SOL,B,Open Long,146.97,25.55,0.45061,0.0,188.04,0471
1749993536557,SOL,B,Open Long,146.97,0.64,0.011287,0.0,213.59,0471
1749993536557,SOL,B,Open Long,146.92,3.84,0.0677,0.0,214.23,0472
1749993536557,SOL,B,Open Long,146.92,4.1,0.072284,0.0,218.07,0472
1749993537289,SOL,B,Open Long,146.92,3.77,0.066466,0.0,222.17,0472
1749993537289,SOL,B,Open Long,146.92,4.08,0.071932,0.0,225.94,0472
1749993537289,SOL,B,Open Long,146.92,3.77,0.066466,0.0,230.02,0472
1749993537289,SOL,B,Open Long,146.92,3.77,0.066466,0.0,233.79,0472
1749993539032,SOL,B,Open Long,146.92,0.19,0.003349,0.0,237.56,0472
1749993539284,SOL,B,Open Long,146.92,4.02,0.070874,0.0,237.75,0472
1749999143074,BTC,A,Close Long,105804.0,1.44344,18.326607,993.08672,2.37803,0473
1749999144023,BTC,A,Close Long,105804.0,0.02151,0.273101,14.79888,0.93459,0473
1749999147464,FARTCOIN,A,Close Long,1.2515,327.4,0.049168,11.580138,41135.3,0475
1749999147666,FARTCOIN,A,Close Long,1.2515,0.8,0.00012,0.028296,40807.9,0475
1749999147935,FARTCOIN,A,Close Long,1.2515,344.4,0.051721,12.181428,40807.1,0475
1749999148734,BTC,A,Close Long,105804.0,0.26195,3.325842,180.2216,0.91308,0473
1749999148734,BTC,A,Close Long,105804.0,0.17759,2.254767,122.18192,0.65113,0473
1749999148879,BTC,A,Close Long,105804.0,0.00726,0.092176,4.99488,0.47354,0473
1749999148935,BTC,A,Close Long,105804.0,0.46628,5.920114,320.80064,0.46628,0473
1749999169246,SOL,A,Close Long,151.29,8.62,0.156494,35.530778,241.77,0474
1749999170152,SOL,A,Close Long,151.29,14.4,0.261429,59.35536,233.15,0474
1749999170484,SOL,A,Close Long,151.29,6.17,0.112015,25.432123,218.75,0474
1749999170560,SOL,A,Close Long,151.29,12.88,0.233833,53.090072,212.58,0474
1749999170990,SOL,A,Close Long,151.29,157.32,2.856113,648.457308,199.7,0474
1749999171132,SOL,A,Close Long,151.29,0.08,0.001452,0.329752,42.38,0474
1749999177429,SOL,A,Close Long,151.29,10.55,0.191533,43.486045,42.3,0474
1749999178103,SOL,A,Close Long,151.29,31.75,0.576414,130.870325,31.75,0474
1750018962562,FARTCOIN,A,Close Long,1.1856,2530.6,0.360033,-77.259218,40462.7,0476
1750018962613,FARTCOIN,A,Close Long,1.1856,1686.5,0.239941,-51.488845,37932.1,0476
1750018962613,FARTCOIN,A,Close Long,1.1856,2530.5,0.360019,-77.256165,36245.6,0476
1750018962698,FARTCOIN,A,Close Long,1.1856,1686.4,0.239927,-51.485792,33715.1,0476
1750018962698,FARTCOIN,A,Close Long,1.1856,2530.5,0.360019,-77.256165,32028.7,0476
1750018962698,FARTCOIN,A,Close Long,1.1856,464.8,0.066128,-14.190344,29498.2,0476
1750018962878,FARTCOIN,A,Close Long,1.1856,2528.8,0.359777,-77.204264,29033.4,0476
1750018963611,FARTCOIN,A,Close Long,1.1856,1037.6,0.147621,-31.677928,26504.6,0476
1750018963704,FARTCOIN,A,Close Long,1.1856,279.0,0.039693,-8.51787,25467.0,0476
1750018963704,FARTCOIN,A,Close Long,1.1856,2530.1,0.359962,-77.243953,25188.0,0476
1750018963704,FARTCOIN,A,Close Long,1.1856,2519.0,0.358383,-76.90507,22657.9,0476
1750018963704,FARTCOIN,A,Close Long,1.1856,791.2,0.112565,-24.155336,20138.9,0476
1750018963704,FARTCOIN,A,Close Long,1.1856,2509.4,0.357017,-76.611982,19347.7,0476
1750018963704,FARTCOIN,A,Close Long,1.1856,2519.0,0.358383,-76.90507,16838.3,0476
1750018963704,FARTCOIN,A,Close Long,1.1856,2525.0,0.359236,-77.08825,14319.3,0476
1750018963905,FARTCOIN,A,Close Long,1.1856,1644.3,0.233937,-50.200479,11794.3,0476
1750018964825,FARTCOIN,A,Close Long,1.1856,894.8,0.127304,-27.318244,10150.0,0476
1750018964958,FARTCOIN,A,Close Long,1.1856,1491.8,0.212241,-45.544654,9255.2,0476
1750018964958,FARTCOIN,A,Close Long,1.1856,2250.4,0.320168,-68.704712,7763.4,0476
1750018964958,FARTCOIN,A,Close Long,1.1856,194.0,0.0276,-5.92282,5513.0,0476
1750018967328,FARTCOIN,A,Close Long,1.1856,46.6,0.006629,-1.422698,5319.0,0476
1750018967989,FARTCOIN,A,Close Long,1.1856,1675.1,0.238319,-51.140803,5272.4,0476
1750018968053,FARTCOIN,A,Close Long,1.1856,2530.0,0.359948,-77.2409,3597.3,0476
1750018968053,FARTCOIN,A,Close Long,1.1856,744.7,0.105949,-22.735691,1067.3,0476
1750018968139,FARTCOIN,A,Close Long,1.1856,315.7,0.044915,-9.638321,322.6,0476
1750042552531,FARTCOIN,A,Close Long,1.2602,6.9,0.003478,0.304083,6.9,0477
1750090492637,FARTCOIN,B,Open Long,1.2422,236.0,0.117263,0.0,0.0,0478
1750090492637,FARTCOIN,B,Open Long,1.2422,241.6,0.120046,0.0,236.0,0478
1750090492637,FARTCOIN,B,Open Long,1.2424,1900.0,0.944224,0.0,477.6,0478
1750090492637,FARTCOIN,B,Open Long,1.2424,4089.1,2.032119,0.0,2377.6,0478
1750090492637,FARTCOIN,B,Open Long,1.2424,225.3,0.111965,0.0,6466.7,0478
1750090492637,FARTCOIN,B,Open Long,1.2425,200.8,0.099797,0.0,6692.0,0478
1750090492637,FARTCOIN,B,Open Long,1.2426,6357.1,3.159732,0.0,6892.8,0478
1750090492637,FARTCOIN,B,Open Long,1.2426,547.0,0.27188,0.0,13249.9,0478
1750090492637,FARTCOIN,B,Open Long,1.2426,546.0,0.271383,0.0,13796.9,0478
1750090492637,FARTCOIN,B,Open Long,1.2426,815.5,0.405336,0.0,14342.9,0478
1750090492637,FARTCOIN,B,Open Long,1.2426,527.0,0.26194,0.0,15158.4,0478
1750090492637,FARTCOIN,B,Open Long,1.2426,536.0,0.266413,0.0,15685.4,0478
1750090492637,FARTCOIN,B,Open Long,1.2426,525.0,0.260946,0.0,16221.4,0478
1750090492637,FARTCOIN,B,Open Long,1.2426,527.0,0.26194,0.0,16746.4,0478
1750090492637,FARTCOIN,B,Open Long,1.2426,3116.4,1.548975,0.0,17273.4,0478
1750090492637,FARTCOIN,B,Open Long,1.2426,3156.2,1.568757,0.0,20389.8,0478
1750090492637,FARTCOIN,B,Open Long,1.2427,3156.0,1.568784,0.0,23546.0,0478
1750090492637,FARTCOIN,B,Open Long,1.2427,208.1,0.103442,0.0,26702.0,0478
1750090492637,FARTCOIN,B,Open Long,1.2427,4097.6,2.036835,0.0,26910.1,0478
1750090492637,FARTCOIN,B,Open Long,1.243,1467.8,0.72979,0.0,31007.7,0478
1750090492637,FARTCOIN,B,Open Long,1.2431,546.0,0.271493,0.0,32475.5,0478
1750090492637,FARTCOIN,B,Open Long,1.2431,552.0,0.274476,0.0,33021.5,0478
1750090492637,FARTCOIN,B,Open Long,1.2431,549.0,0.272984,0.0,33573.5,0478
1750090492637,FARTCOIN,B,Open Long,1.2431,6144.8,3.05544,0.0,34122.5,0478
1750091152237,CAKE,B,Open Long,2.392,7.6,0.002181,0.0,0.0,0480
1750091158287,CAKE,B,Open Long,2.392,6.8,0.001951,0.0,7.6,0480
1750091198204,CAKE,B,Open Long,2.392,10055.1,2.886215,0.0,14.4,0480
1750091198292,CAKE,B,Open Long,2.392,382.0,0.109649,0.0,10069.5,0480
1750091595566,FARTCOIN,A,Close Long,1.2334,856.5,0.422562,-7.956885,40267.3,0479
1750091595566,FARTCOIN,A,Close Long,1.2334,810.7,0.399966,-7.531403,39410.8,0479
1750091595566,FARTCOIN,A,Close Long,1.2334,3162.7,1.560349,-29.381483,38600.1,0479
1750091595566,FARTCOIN,A,Close Long,1.2334,775.0,0.382354,-7.19975,35437.4,0479
1750091595566,FARTCOIN,A,Close Long,1.2333,492.5,0.24296,-4.624575,34662.4,0479
1750091595566,FARTCOIN,A,Close Long,1.2333,498.2,0.245772,-4.678098,34169.9,0479
1750091595566,FARTCOIN,A,Close Long,1.2332,1900.0,0.937232,-18.031,33671.7,0479
1750091595566,FARTCOIN,A,Close Long,1.2332,7917.3,3.905445,-75.135177,31771.7,0479
1750091595566,FARTCOIN,A,Close Long,1.233,3350.3,1.652367,-32.464407,23854.4,0479
1750091595566,FARTCOIN,A,Close Long,1.233,969.0,0.47791,-9.38961,20504.1,0479
1750091595566,FARTCOIN,A,Close Long,1.233,983.2,0.484914,-9.527208,19535.1,0479
1750091595566,FARTCOIN,A,Close Long,1.2329,21.0,0.010356,-0.20559,18551.9,0479
1750091595566,FARTCOIN,A,Close Long,1.2329,4034.0,1.989407,-39.49286,18530.9,0479
1750091595566,FARTCOIN,A,Close Long,1.2329,815.5,0.402171,-7.983745,14496.9,0479
1750091595566,FARTCOIN,A,Close Long,1.2327,13681.4,6.746024,-136.677186,13681.4,0479
1750091751929,FARTCOIN,B,Open Long,1.2286,813.8,0.399933,0.0,0.0,0481
1750091751929,FARTCOIN,B,Open Long,1.2286,771.6,0.379195,0.0,813.8,0481
1750092167688,FARTCOIN,B,Open Long,1.2369,299.5,0.14818,0.0,1585.4,0486
1750092167688,FARTCOIN,B,Open Long,1.237,237.9,0.117712,0.0,1884.9,0486
1750092167688,FARTCOIN,B,Open Long,1.237,239.2,0.118356,0.0,2122.8,0486
1750092167688,FARTCOIN,B,Open Long,1.2371,815.5,0.403542,0.0,2362.0,0486
1750092167688,FARTCOIN,B,Open Long,1.2373,430.0,0.212815,0.0,3177.5,0486
1750092167688,FARTCOIN,B,Open Long,1.2373,523.6,0.25914,0.0,3607.5,0486
1750092167688,FARTCOIN,B,Open Long,1.2374,1630.9,0.80723,0.0,4131.1,0486
1750092167688,FARTCOIN,B,Open Long,1.2374,314.3,0.155565,0.0,5762.0,0486
1750092167688,FARTCOIN,B,Open Long,1.2374,4034.0,1.996668,0.0,6076.3,0486
1750092167688,FARTCOIN,B,Open Long,1.2374,1900.0,0.940424,0.0,10110.3,0486
1750092167688,FARTCOIN,B,Open Long,1.2374,3041.0,1.505173,0.0,12010.3,0486
1750092167688,FARTCOIN,B,Open Long,1.2375,568.7,0.281506,0.0,15051.3,0486
1750092167688,FARTCOIN,B,Open Long,1.2375,3950.3,1.955398,0.0,15620.0,0486
1750092167688,FARTCOIN,B,Open Long,1.2376,201.9,0.099948,0.0,19570.3,0486
1750092167688,FARTCOIN,B,Open Long,1.2376,2054.4,1.01701,0.0,19772.2,0486
1750092334562,FARTCOIN,B,Open Long,1.2258,1752.3,0.257756,0.0,21826.6,0482
1750092335071,FARTCOIN,A,Close Long,1.2264,231.0,0.113319,-2.20605,23578.9,0487
1750092335071,FARTCOIN,A,Close Long,1.2261,911.7,0.447134,-8.980245,23347.9,0487
1750092335071,FARTCOIN,A,Close Long,1.2261,493.0,0.241786,-4.85605,22436.2,0487
1750092335071,FARTCOIN,A,Close Long,1.226,815.3,0.399823,-8.112235,21943.2,0487
1750092335071,FARTCOIN,A,Close Long,1.226,815.3,0.399823,-8.112235,21127.9,0487
1750092335071,FARTCOIN,A,Close Long,1.226,4115.3,2.018143,-40.947235,20312.6,0487
1750092335071,FARTCOIN,A,Close Long,1.2259,815.3,0.39979,-8.193765,16197.3,0487
1750092335071,FARTCOIN,A,Close Long,1.2259,815.3,0.39979,-8.193765,15382.0,0487
1750092335071,FARTCOIN,A,Close Long,1.2258,1713.3,0.840065,-17.389995,14566.7,0487
1750092335071,FARTCOIN,A,Close Long,1.2258,815.3,0.399757,-8.275295,12853.4,0487
1750092335071,FARTCOIN,A,Close Long,1.2258,4545.7,2.228847,-46.138855,12038.1,0487
1750092335071,FARTCOIN,A,Close Long,1.2258,1621.4,0.795004,-16.45721,7492.4,0487
1750092335071,FARTCOIN,A,Close Long,1.2258,1627.0,0.79775,-16.51405,5871.0,0487
1750092335071,FARTCOIN,A,Close Long,1.2258,906.3,0.444377,-9.198945,4244.0,0487
1750092384635,FARTCOIN,B,Open Long,1.2216,1919.2,0.281339,0.0,3337.7,0483
1750092389551,FARTCOIN,B,Open Long,1.2174,2086.1,0.304754,0.0,5256.9,0484
1750092389551,FARTCOIN,B,Open Long,1.2132,2253.0,0.328,0.0,7343.0,0485
1750092706143,FARTCOIN,B,Open Long,1.2229,10639.1,5.204222,0.0,9596.0,0488
1750094694598,SPX,B,Open Long,1.562,142.2,0.088846,0.0,0.0,0489
1750094694598,SPX,B,Open Long,1.562,135.2,0.084472,0.0,142.2,0489
1750094694598,SPX,B,Open Long,1.562,320.1,0.199998,0.0,277.4,0489
1750094694598,SPX,B,Open Long,1.5624,432.5,0.270295,0.0,597.5,0489
1750094694598,SPX,B,Open Long,1.5624,411.4,0.257108,0.0,1030.0,0489
1750094694598,SPX,B,Open Long,1.5627,942.2,0.58895,0.0,1441.4,0489
1750094694598,SPX,B,Open Long,1.5628,2078.1,1.299061,0.0,2383.6,0489
1750094694598,SPX,B,Open Long,1.5629,512.6,0.320457,0.0,4461.7,0489
1750094694598,SPX,B,Open Long,1.563,237.0,0.148172,0.0,4974.3,0489
1750094694598,SPX,B,Open Long,1.563,237.0,0.148172,0.0,5211.3,0489
1750094694598,SPX,B,Open Long,1.563,452.0,0.28259,0.0,5448.3,0489
1750094694598,SPX,B,Open Long,1.5631,1272.1,0.795367,0.0,5900.3,0489
1750094694598,SPX,B,Open Long,1.5631,237.0,0.148181,0.0,7172.4,0489
1750094694598,SPX,B,Open Long,1.5631,237.0,0.148181,0.0,7409.4,0489
1750094694598,SPX,B,Open Long,1.5632,474.8,0.296882,0.0,7646.4,0489
1750094694598,SPX,B,Open Long,1.5633,62.7,0.039207,0.0,8121.2,0489
1750094694598,SPX,B,Open Long,1.5633,1067.8,0.667716,0.0,8183.9,0489
1750094694598,SPX,B,Open Long,1.5633,5435.0,3.398614,0.0,9251.7,0489
1750094694598,SPX,B,Open Long,1.5634,942.2,0.589214,0.0,14686.7,0489
1750094694598,SPX,B,Open Long,1.5634,319.7,0.199927,0.0,15628.9,0489
1750094694598,SPX,B,Open Long,1.5636,58.5,0.036588,0.0,15948.6,0489
1750098970793,POPCAT,B,Open Long,0.33898,3857.0,0.522978,0.0,0.0,0490
1750098970793,POPCAT,B,Open Long,0.33898,1878.0,0.254641,0.0,3857.0,0490
1750098970793,POPCAT,B,Open Long,0.33901,1297.0,0.175878,0.0,5735.0,0490
1750098970793,POPCAT,B,Open Long,0.33902,1306.0,0.177104,0.0,7032.0,0490
1750098970793,POPCAT,B,Open Long,0.33902,17921.0,2.43023,0.0,8338.0,0490
1750098970793,POPCAT,B,Open Long,0.33906,298.0,0.040415,0.0,26259.0,0490
1750098970793,POPCAT,B,Open Long,0.3391,298.0,0.04042,0.0,26557.0,0490
1750098970793,POPCAT,B,Open Long,0.3391,8516.0,1.15511,0.0,26855.0,0490
1750098970793,POPCAT,B,Open Long,0.33911,52.0,0.007053,0.0,35371.0,0490
1750100515166,POPCAT,B,Open Long,0.34082,880.0,0.119968,0.0,35423.0,0491
1750100515166,POPCAT,B,Open Long,0.34086,880.0,0.119982,0.0,36303.0,0491
1750100515166,POPCAT,B,Open Long,0.34087,1297.0,0.176843,0.0,37183.0,0491
1750100515166,POPCAT,B,Open Long,0.34088,1117.0,0.152305,0.0,38480.0,0491
1750100515166,POPCAT,B,Open Long,0.34091,4203.0,0.573137,0.0,39597.0,0491
1750100515166,POPCAT,B,Open Long,0.34091,1087.0,0.148227,0.0,43800.0,0491
1750100515166,POPCAT,B,Open Long,0.34097,27230.0,3.713845,0.0,44887.0,0491
1750107065100,POPCAT,A,Close Long,0.34143,1564.0,0.213598,2.224008,72117.0,0492
1750107065100,POPCAT,A,Close Long,0.34143,1507.0,0.205814,2.142954,70553.0,0492
1750107079777,CAKE,A,Close Long,2.3798,175.5,0.167061,-2.1411,10451.5,0493
1750107079777,CAKE,A,Close Long,2.3798,543.3,0.517178,-6.62826,10276.0,0493
1750107082805,FARTCOIN,A,Close Long,1.2787,775.0,0.396397,42.9505,20235.1,0495
1750107082805,FARTCOIN,A,Close Long,1.2786,775.2,0.396468,42.884064,19460.1,0495
1750107082805,FARTCOIN,A,Close Long,1.2786,391.0,0.199973,21.63012,18684.9,0495
1750107088483,FARTCOIN,A,Close Long,1.2783,152.6,0.023408,8.396052,18293.9,0495
1750107088483,FARTCOIN,A,Close Long,1.2783,99.4,0.015247,5.468988,18141.3,0495
1750107090085,POPCAT,A,Close Long,0.34124,434.0,0.017771,0.534688,69046.0,0494
1750107090189,POPCAT,A,Close Long,0.34124,415.0,0.016993,0.51128,68612.0,0494
1750107090393,POPCAT,A,Close Long,0.34124,356.0,0.014577,0.438592,68197.0,0494
1750107094040,FARTCOIN,A,Close Long,1.2783,7104.2,1.089755,390.873084,18041.9,0495
1750107094243,POPCAT,A,Close Long,0.34124,313.0,0.012816,0.385616,67841.0,0494
1750107094345,POPCAT,A,Close Long,0.34124,253.0,0.01036,0.311696,67528.0,0494
1750107094639,POPCAT,A,Close Long,0.34124,796.0,0.032595,0.980672,67275.0,0494
1750107095042,POPCAT,A,Close Long,0.34124,1385.0,0.056714,1.70632,66479.0,0494
1750107095345,SPX,A,Close Long,1.6346,1409.2,0.276417,100.82826,16007.1,0496
1750107095345,SPX,A,Close Long,1.6346,1355.8,0.265942,97.00749,14597.9,0496
1750107095345,SPX,A,Close Long,1.6346,1928.0,0.378181,137.9484,13242.1,0496
1750107095345,SPX,A,Close Long,1.6346,961.2,0.188541,68.77386,11314.1,0496
1750107095345,SPX,A,Close Long,1.6346,1245.8,0.244366,89.13699,10352.9,0496
1750107095345,SPX,A,Close Long,1.6346,463.3,0.090877,33.149115,9107.1,0496
1750107095345,SPX,A,Close Long,1.6346,249.9,0.049018,17.880345,8643.8,0496
1750107095345,FARTCOIN,A,Close Long,1.2783,2050.8,0.314584,112.835016,10937.7,0495
1750107095345,SPX,A,Close Long,1.6346,6764.0,1.326772,483.9642,8393.9,0496
1750107095345,SPX,A,Close Long,1.6346,305.9,0.060002,21.887145,1629.9,0496
1750107095436,SPX,A,Close Long,1.6346,1078.1,0.211471,77.138055,1324.0,0496
1750107095436,SPX,A,Close Long,1.6346,46.4,0.009101,3.31992,245.9,0496
1750107095436,SPX,A,Close Long,1.6346,199.5,0.039132,14.274225,199.5,0496
1750107095742,FARTCOIN,A,Close Long,1.2783,2707.9,0.415381,148.988658,8886.9,0495
1750107096139,FARTCOIN,A,Close Long,1.2783,1061.9,0.162891,58.425738,6179.0,0495
1750107096546,FARTCOIN,A,Close Long,1.2783,310.3,0.047598,17.072706,5117.1,0495
1750107098050,FARTCOIN,A,Close Long,1.2783,9.1,0.001395,0.500682,4806.8,0495
1750107098199,FARTCOIN,A,Close Long,1.2783,310.3,0.047598,17.072706,4797.7,0495
1750107098334,POPCAT,A,Close Long,0.34124,969.0,0.039679,1.193808,65094.0,0494
1750107098601,POPCAT,A,Close Long,0.34124,907.0,0.03714,1.117424,64125.0,0494
1750107099108,POPCAT,A,Close Long,0.34124,51.0,0.002088,0.062832,63218.0,0494
1750107099430,FARTCOIN,A,Close Long,1.2783,838.5,0.128622,46.13427,4487.4,0495
1750107100647,FARTCOIN,A,Close Long,1.2783,24.2,0.003712,1.331484,3648.9,0495
1750107102725,POPCAT,A,Close Long,0.34124,955.0,0.039106,1.17656,63167.0,0494
1750107102788,POPCAT,A,Close Long,0.34124,265.0,0.010851,0.32648,62212.0,0494
1750107103730,CAKE,A,Close Long,2.3798,78.8,0.022503,-0.96136,9732.7,0493
1750107103923,POPCAT,A,Close Long,0.34124,726.0,0.029728,0.894432,61947.0,0494
1750107104131,POPCAT,A,Close Long,0.34124,50.0,0.002047,0.0616,61221.0,0494
1750107105001,FARTCOIN,A,Close Long,1.2783,25.6,0.003926,1.408512,3624.7,0495
1750107105001,CAKE,A,Close Long,2.3798,39.2,0.011194,-0.47824,9653.9,0493
1750107105001,POPCAT,A,Close Long,0.34124,1385.0,0.056714,1.70632,61171.0,0494
1750107106355,FARTCOIN,A,Close Long,1.2783,1136.6,0.174349,62.535732,3599.1,0495
1750107106758,POPCAT,A,Close Long,0.34124,798.0,0.032677,0.983136,59786.0,0494
1750107106813,POPCAT,A,Close Long,0.34124,711.0,0.029114,0.875952,58988.0,0494
1750107109082,FARTCOIN,A,Close Long,1.2783,906.9,0.139114,49.897638,2462.5,0495
1750107111844,FARTCOIN,A,Close Long,1.2783,45.8,0.007025,2.519916,1555.6,0495
1750107115883,FARTCOIN,A,Close Long,1.2783,915.5,0.140434,50.37081,1509.8,0495
1750107115883,POPCAT,A,Close Long,0.34124,9885.0,0.404778,12.17832,58277.0,0494
1750107115883,FARTCOIN,A,Close Long,1.2783,381.5,0.05852,20.99013,594.3,0495
1750107115952,FARTCOIN,A,Close Long,1.2783,212.8,0.032642,11.708256,212.8,0495
1750107115952,POPCAT,A,Close Long,0.34124,9974.0,0.408423,12.287968,48392.0,0494
1750107115952,POPCAT,A,Close Long,0.34124,456.0,0.018672,0.561792,38418.0,0494
1750107116142,CAKE,A,Close Long,2.3798,612.8,0.175,-7.47616,9614.7,0493
1750107119982,POPCAT,A,Close Long,0.34124,10995.0,0.450232,13.54584,37962.0,0494
1750107121378,POPCAT,A,Close Long,0.34124,843.0,0.034519,1.038576,26967.0,0494
1750107121378,POPCAT,A,Close Long,0.34124,633.0,0.02592,0.779856,26124.0,0494
1750107121676,POPCAT,A,Close Long,0.34124,618.0,0.025306,0.761376,25491.0,0494
1750107121676,POPCAT,A,Close Long,0.34124,603.0,0.024692,0.742896,24873.0,0494
1750107122283,POPCAT,A,Close Long,0.34124,8791.0,0.35998,10.830512,24270.0,0494
1750107122368,POPCAT,A,Close Long,0.34124,6953.0,0.284717,8.566096,15479.0,0494
1750107122368,POPCAT,A,Close Long,0.34124,1429.0,0.058515,1.760528,8526.0,0494
1750107122368,POPCAT,A,Close Long,0.34124,290.0,0.011875,0.35728,7097.0,0494
1750107122485,POPCAT,A,Close Long,0.34124,3879.0,0.15884,4.778928,6807.0,0494
1750107122557,POPCAT,A,Close Long,0.34124,710.0,0.029073,0.87472,2928.0,0494
1750107124770,CAKE,A,Close Long,2.3798,148.1,0.042293,-1.80682,9001.9,0493
1750107125108,POPCAT,A,Close Long,0.34124,637.0,0.026084,0.784784,2218.0,0494
1750107125108,POPCAT,A,Close Long,0.34124,319.0,0.013062,0.393008,1581.0,0494
1750107125108,POPCAT,A,Close Long,0.34124,710.0,0.029073,0.87472,1262.0,0494
1750107125108,POPCAT,A,Close Long,0.34124,552.0,0.022603,0.680064,552.0,0494
1750107125108,CAKE,A,Close Long,2.3798,1176.9,0.336094,-14.35818,8853.8,0493
1750107126031,CAKE,A,Close Long,2.3798,117.0,0.033412,-1.4274,7676.9,0493
1750107912522,BTC,A,Open Short,108713.0,0.19895,8.65138,0.0,0.0,0498
1750107912522,BTC,A,Open Short,108713.0,0.31453,13.677399,0.0,-0.19895,0498
1750107912522,BTC,A,Open Short,108713.0,0.3,13.04556,0.0,-0.51348,0498
1750107912522,BTC,A,Open Short,108713.0,0.10636,4.625085,0.0,-0.81348,0498
1750108048962,CAKE,A,Close Long,2.3757,16.5,0.004703,-0.26895,7559.9,0499
1750108054506,CAKE,A,Close Long,2.3757,17.5,0.004988,-0.28525,7543.4,0499
1750108058460,CAKE,A,Close Long,2.3757,517.7,0.147587,-8.43851,7525.9,0499
1750108058788,CAKE,A,Close Long,2.3757,532.2,0.151721,-8.67486,7008.2,0499
1750108062491,CAKE,A,Close Long,2.3757,2068.8,0.589781,-33.72144,6476.0,0499
1750108062691,CAKE,A,Close Long,2.3757,1917.0,0.546506,-31.2471,4407.2,0499
1750109252250,CAKE,A,Close Long,2.3757,15.0,0.004276,-0.2445,2490.2,0499
1750109252331,CAKE,A,Close Long,2.3757,27.4,0.007811,-0.44662,2475.2,0499
1750109256440,CAKE,A,Close Long,2.3757,122.2,0.034837,-1.99186,2447.8,0499
1750109256440,CAKE,A,Close Long,2.3757,117.7,0.033554,-1.91851,2325.6,0499
1750109263960,CAKE,A,Close Long,2.3757,34.1,0.009721,-0.55583,2207.9,0499
1750109263960,CAKE,A,Close Long,2.3757,31.4,0.008951,-0.51182,2173.8,0499
1750109310785,CAKE,A,Close Long,2.3757,577.7,0.164693,-9.41651,2142.4,0499
1750109310785,CAKE,A,Close Long,2.3757,640.2,0.18251,-10.43526,1564.7,0499
1750109310848,CAKE,A,Close Long,2.3757,236.5,0.067422,-3.85495,924.5,0499
1750109310848,CAKE,A,Close Long,2.3757,245.4,0.069959,-4.00002,688.0,0499
1750109311000,CAKE,A,Close Long,2.3757,439.4,0.125265,-7.16222,442.6,0499
1750109815947,CAKE,A,Close Long,2.3659,3.2,0.003028,-0.08352,3.2,0497
1750109925711,BTC,B,Close Short,108442.0,0.11642,5.049927,31.54982,-0.91984,0500
1750109925711,BTC,B,Close Short,108442.0,0.00473,0.205172,1.28183,-0.80342,0500
1750109925711,BTC,B,Close Short,108442.0,0.005,0.216884,1.355,-0.79869,0500
1750109925711,BTC,B,Close Short,108442.0,0.03687,1.599302,9.99177,-0.79369,0500
1750109925711,BTC,B,Close Short,108442.0,0.44,19.085792,119.24,-0.75682,0500
1750109925711,BTC,B,Close Short,108442.0,0.31682,13.742637,85.85822,-0.31682,0500
1750110002129,SPX,B,Open Long,1.605,281.3,0.180594,0.0,0.0,0501
1750110002129,SPX,B,Open Long,1.605,311.5,0.199983,0.0,281.3,0501
1750110002129,SPX,B,Open Long,1.605,935.9,0.600847,0.0,592.8,0501
1750110002129,SPX,B,Open Long,1.605,12.5,0.008025,0.0,1528.7,0501
1750110002129,SPX,B,Open Long,1.605,501.5,0.321963,0.0,1541.2,0501
1750110002129,SPX,B,Open Long,1.6051,554.1,0.355754,0.0,2042.7,0501
1750110002129,SPX,B,Open Long,1.6053,1070.6,0.687453,0.0,2596.8,0501
1750110002129,SPX,B,Open Long,1.6053,944.6,0.606546,0.0,3667.4,0501
1750110002129,SPX,B,Open Long,1.6053,62.7,0.04026,0.0,4612.0,0501
1750110002129,SPX,B,Open Long,1.6054,1247.9,0.801351,0.0,4674.7,0501
1750110002129,SPX,B,Open Long,1.6055,1414.9,0.908648,0.0,5922.6,0501
1750110002129,SPX,B,Open Long,1.6057,935.9,0.601109,0.0,7337.5,0501
1750110002129,SPX,B,Open Long,1.6058,311.2,0.199889,0.0,8273.4,0501
1750110002129,SPX,B,Open Long,1.6059,1247.8,0.801536,0.0,8584.6,0501
1750110002129,SPX,B,Open Long,1.606,231.0,0.148394,0.0,9832.4,0501
1750110002129,SPX,B,Open Long,1.6061,944.6,0.606848,0.0,10063.4,0501
1750110002129,SPX,B,Open Long,1.6061,231.0,0.148403,0.0,11008.0,0501
1750110002129,SPX,B,Open Long,1.6062,231.0,0.148412,0.0,11239.0,0501
1750110002129,SPX,B,Open Long,1.6062,231.0,0.148412,0.0,11470.0,0501
1750110002129,SPX,B,Open Long,1.6063,1070.6,0.687881,0.0,11701.0,0501
1750110002129,SPX,B,Open Long,1.6066,1034.5,0.664811,0.0,12771.6,0501
1750110002129,SPX,B,Open Long,1.6067,581.7,0.373846,0.0,13806.1,0501
1750110002129,SPX,B,Open Long,1.6068,670.3,0.430815,0.0,14387.8,0501
1750110002129,SPX,B,Open Long,1.607,944.6,0.607188,0.0,15058.1,0501
1750110002129,SPX,B,Open Long,1.6071,62.7,0.040306,0.0,16002.7,0501
1750110002129,SPX,B,Open Long,1.6073,1070.6,0.68831,0.0,16065.4,0501
1750110002129,SPX,B,Open Long,1.6073,11842.1,7.613522,0.0,17136.0,0501
1750110475017,FARTCOIN,B,Open Long,1.3084,1130.7,0.591763,0.0,0.0,0502
1750110475017,FARTCOIN,B,Open Long,1.3088,3420.9,1.790909,0.0,1130.7,0502
1750110475017,FARTCOIN,B,Open Long,1.3089,297.2,0.155602,0.0,4551.6,0502
1750110475017,FARTCOIN,B,Open Long,1.309,3420.9,1.791183,0.0,4848.8,0502
1750110475017,FARTCOIN,B,Open Long,1.309,191.4,0.100217,0.0,8269.7,0502
1750110475017,FARTCOIN,B,Open Long,1.309,283.0,0.148178,0.0,8461.1,0502
1750110475017,FARTCOIN,B,Open Long,1.309,283.0,0.148178,0.0,8744.1,0502
1750110475017,FARTCOIN,B,Open Long,1.309,3568.6,1.868518,0.0,9027.1,0502
1750111192039,SPX,A,Close Long,1.614,36.0,0.006972,0.27072,28978.1,0503
1750111192039,SPX,A,Close Long,1.614,33.4,0.006468,0.251168,28942.1,0503
1750111192528,SPX,A,Close Long,1.614,565.9,0.109603,4.255568,28908.7,0503
1750111192528,SPX,A,Close Long,1.614,67.8,0.013131,0.509856,28342.8,0503
1750111192677,SPX,A,Close Long,1.614,1276.3,0.247193,9.597776,28275.0,0503
1750111192770,SPX,A,Close Long,1.614,3550.3,0.687622,26.698256,26998.7,0503
1750111193083,SPX,A,Close Long,1.614,27.7,0.005364,0.208304,23448.4,0503
1750111193919,SPX,A,Close Long,1.614,5805.2,1.124351,43.655104,23420.7,0503
1750111193919,SPX,A,Close Long,1.614,1428.7,0.27671,10.743824,17615.5,0503
1750111194058,SPX,A,Close Long,1.614,1334.3,0.258427,10.033936,16186.8,0503
1750111194808,SPX,A,Close Long,1.614,433.9,0.084037,3.262928,14852.5,0503
1750111195213,SPX,A,Close Long,1.614,1310.4,0.253798,9.854208,14418.6,0503
1750111195806,SPX,A,Close Long,1.614,1269.0,0.245779,9.54288,13108.2,0503
1750111195994,SPX,A,Close Long,1.614,546.4,0.105826,4.108928,11839.2,0503
1750111196061,SPX,A,Close Long,1.614,549.1,0.106349,4.129232,11292.8,0503
1750111204739,SPX,A,Close Long,1.614,10738.3,2.079793,80.752016,10743.7,0503
1750111219215,SPX,A,Close Long,1.6176,5.4,0.003494,0.060048,5.4,0504
1750111242717,SPX,B,Open Long,1.6194,20.6,0.013343,0.0,0.0,0505
1750111242717,SPX,B,Open Long,1.6206,817.9,0.530195,0.0,20.6,0505
1750111242717,SPX,B,Open Long,1.6207,203.5,0.131924,0.0,838.5,0505
1750111242717,SPX,B,Open Long,1.6207,171.9,0.111439,0.0,1042.0,0505
1750111242717,SPX,B,Open Long,1.6215,944.6,0.612667,0.0,1213.9,0505
1750111242717,SPX,B,Open Long,1.6219,206.0,0.133644,0.0,2158.5,0505
1750111242717,SPX,B,Open Long,1.6219,206.0,0.133644,0.0,2364.5,0505
1750111242717,SPX,B,Open Long,1.622,62.7,0.040679,0.0,2570.5,0505
1750111242717,SPX,B,Open Long,1.622,206.0,0.133652,0.0,2633.2,0505
1750111242717,SPX,B,Open Long,1.622,206.0,0.133652,0.0,2839.2,0505
1750111242717,SPX,B,Open Long,1.622,206.0,0.133652,0.0,3045.2,0505
1750111242717,SPX,B,Open Long,1.622,206.0,0.133652,0.0,3251.2,0505
1750111242717,SPX,B,Open Long,1.6221,402.3,0.261028,0.0,3457.2,0505
1750111242717,SPX,B,Open Long,1.6221,435.0,0.282245,0.0,3859.5,0505
1750111242717,SPX,B,Open Long,1.6222,944.6,0.612932,0.0,4294.5,0505
1750111242717,SPX,B,Open Long,1.6223,227.0,0.147304,0.0,5239.1,0505
1750111242717,SPX,B,Open Long,1.6223,227.0,0.147304,0.0,5466.1,0505
1750111242717,SPX,B,Open Long,1.6223,308.1,0.199932,0.0,5693.1,0505
1750111242717,SPX,B,Open Long,1.6224,216.0,0.140175,0.0,6001.2,0505
1750111242717,SPX,B,Open Long,1.6224,206.0,0.133685,0.0,6217.2,0505
1750111242717,SPX,B,Open Long,1.6225,216.0,0.140184,0.0,6423.2,0505
1750111242717,SPX,B,Open Long,1.6225,206.0,0.133694,0.0,6639.2,0505
1750111242717,SPX,B,Open Long,1.6226,216.0,0.140192,0.0,6845.2,0505
1750111242717,SPX,B,Open Long,1.6226,206.0,0.133702,0.0,7061.2,0505
1750111242717,SPX,B,Open Long,1.6226,206.0,0.133702,0.0,7267.2,0505
1750111242717,SPX,B,Open Long,1.6226,926.5,0.601335,0.0,7473.2,0505
1750111242717,SPX,B,Open Long,1.6226,1235.3,0.801759,0.0,8399.7,0505
1750111242717,SPX,B,Open Long,1.6226,1235.3,0.801759,0.0,9635.0,0505
1750111242717,SPX,B,Open Long,1.6227,206.0,0.13371,0.0,10870.3,0505
1750111242717,SPX,B,Open Long,1.6228,216.0,0.140209,0.0,11076.3,0505
1750111242717,SPX,B,Open Long,1.6228,206.0,0.133718,0.0,11292.3,0505
1750111242717,SPX,B,Open Long,1.6229,944.6,0.613196,0.0,11498.3,0505
1750111242717,SPX,B,Open Long,1.6229,62.7,0.040702,0.0,12442.9,0505
1750111242717,SPX,B,Open Long,1.623,206.0,0.133735,0.0,12505.6,0505
1750111242717,SPX,B,Open Long,1.623,615.9,0.399842,0.0,12711.6,0505
1750111242717,SPX,B,Open Long,1.6231,216.0,0.140235,0.0,13327.5,0505
1750111242717,SPX,B,Open Long,1.6231,206.0,0.133743,0.0,13543.5,0505
1750111242717,SPX,B,Open Long,1.6231,1070.6,0.695076,0.0,13749.5,0505
1750111242717,SPX,B,Open Long,1.6232,216.0,0.140244,0.0,14820.1,0505
1750111242717,SPX,B,Open Long,1.6232,206.0,0.133751,0.0,15036.1,0505
1750111242717,SPX,B,Open Long,1.6232,192.8,0.125181,0.0,15242.1,0505
1750111272783,FARTCOIN,B,Open Long,1.3131,1900.0,0.997956,0.0,12595.7,0506
1750111272783,FARTCOIN,B,Open Long,1.3133,881.3,0.462964,0.0,14495.7,0506
1750111272783,FARTCOIN,B,Open Long,1.3133,380.7,0.199989,0.0,15377.0,0506
1750111272783,FARTCOIN,B,Open Long,1.3133,380.7,0.199989,0.0,15757.7,0506
1750111272783,FARTCOIN,B,Open Long,1.3133,1900.0,0.998108,0.0,16138.4,0506
1750111272783,FARTCOIN,B,Open Long,1.3133,1409.7,0.740543,0.0,18038.4,0506
1750111663981,BTC,A,Open Short,108671.0,0.29397,12.778405,0.0,0.0,0507
1750111663981,BTC,A,Open Short,108671.0,0.08698,3.780881,0.0,-0.29397,0507
1750111663981,BTC,A,Open Short,108671.0,0.02487,1.081059,0.0,-0.38095,0507
1750111663981,BTC,A,Open Short,108671.0,0.5,21.7342,0.0,-0.40582,0507
1750111663981,BTC,A,Open Short,108671.0,0.3,13.04052,0.0,-0.90582,0507
1750111663981,BTC,A,Open Short,108671.0,0.23414,10.177691,0.0,-1.20582,0507
1750111712632,BTC,B,Close Short,108861.0,0.4981,21.689465,-94.639,-1.43996,0508
1750111712632,BTC,B,Close Short,108865.0,0.00119,0.051819,-0.23086,-0.94186,0508
1750111712632,BTC,B,Close Short,108866.0,0.00013,0.005661,-0.02535,-0.94067,0508
1750111712632,BTC,B,Close Short,108866.0,0.13074,5.693256,-25.4943,-0.94054,0508
1750111712632,BTC,B,Close Short,108866.0,0.03741,1.62907,-7.29495,-0.8098,0508
1750111712632,BTC,B,Close Short,108866.0,0.55091,23.990147,-107.42745,-0.77239,0508
1750111712632,BTC,B,Close Short,108867.0,0.0001,0.004354,-0.0196,-0.22148,0508
1750111712632,BTC,B,Close Short,108868.0,0.0004,0.017418,-0.0788,-0.22138,0508
1750111712632,BTC,B,Close Short,108868.0,0.09723,4.234094,-19.15431,-0.22098,0508
1750111712632,BTC,B,Close Short,108868.0,0.00029,0.012628,-0.05713,-0.12375,0508
1750111712632,BTC,B,Close Short,108868.0,0.12346,5.376337,-24.32162,-0.12346,0508
1750111764301,FARTCOIN,A,Close Long,1.29,25.6,0.013209,-0.522752,19448.1,0509
1750111764301,FARTCOIN,A,Close Long,1.2898,1154.1,0.595423,-23.797542,19422.5,0509
1750111764301,FARTCOIN,A,Close Long,1.2894,258.6,0.133375,-5.435772,18268.4,0509
1750111764301,FARTCOIN,A,Close Long,1.2894,232.7,0.120017,-4.891354,18009.8,0509
1750111764301,FARTCOIN,A,Close Long,1.2894,232.7,0.120017,-4.891354,17777.1,0509
1750111764301,FARTCOIN,A,Close Long,1.2894,232.7,0.120017,-4.891354,17544.4,0509
1750111764301,FARTCOIN,A,Close Long,1.2894,232.7,0.120017,-4.891354,17311.7,0509
1750111764301,FARTCOIN,A,Close Long,1.2893,776.3,0.400353,-16.395456,17079.0,0509
1750111764301,FARTCOIN,A,Close Long,1.2893,193.7,0.099894,-4.090944,16302.7,0509
1750111764301,FARTCOIN,A,Close Long,1.2893,232.7,0.120008,-4.914624,16109.0,0509
1750111764301,FARTCOIN,A,Close Long,1.2893,387.8,0.199996,-8.190336,15876.3,0509
1750111764301,FARTCOIN,A,Close Long,1.2893,232.7,0.120008,-4.914624,15488.5,0509
1750111764301,FARTCOIN,A,Close Long,1.2893,3873.5,1.997641,-81.80832,15255.8,0509
1750111764301,FARTCOIN,A,Close Long,1.2892,232.7,0.119998,-4.937894,11382.3,0509
1750111764301,FARTCOIN,A,Close Long,1.2892,232.7,0.119998,-4.937894,11149.6,0509
1750111764301,FARTCOIN,A,Close Long,1.2892,233.0,0.120153,-4.94426,10916.9,0509
1750111764301,FARTCOIN,A,Close Long,1.2892,7630.9,3.935102,-161.927698,10683.9,0509
1750111764301,FARTCOIN,A,Close Long,1.2892,232.7,0.119998,-4.937894,3053.0,0509
1750111764301,FARTCOIN,A,Close Long,1.2892,2820.3,1.454372,-59.846766,2820.3,0509
1750111765699,SPX,A,Close Long,1.6172,690.3,0.446541,-3.561948,15434.9,0510
1750111765699,SPX,A,Close Long,1.6172,678.8,0.439102,-3.502608,14744.6,0510
1750111765699,SPX,A,Close Long,1.617,203.8,0.131817,-1.092368,14065.8,0510
1750111765699,SPX,A,Close Long,1.6169,203.8,0.131809,-1.112748,13862.0,0510
1750111765699,SPX,A,Close Long,1.6168,126.1,0.081551,-0.701116,13658.2,0510
1750111765699,SPX,A,Close Long,1.6168,203.8,0.131801,-1.133128,13532.1,0510
1750111765699,SPX,A,Close Long,1.6167,203.8,0.131793,-1.153508,13328.3,0510
1750111765699,SPX,A,Close Long,1.6166,1398.7,0.904455,-8.056512,13124.5,0510
1750111765699,SPX,A,Close Long,1.6166,203.8,0.131785,-1.173888,11725.8,0510
1750111765699,SPX,A,Close Long,1.6165,203.8,0.131777,-1.194268,11522.0,0510
1750111765699,SPX,A,Close Long,1.6164,203.8,0.131768,-1.214648,11318.2,0510
1750111765699,SPX,A,Close Long,1.6163,203.8,0.13176,-1.235028,11114.4,0510
1750111765699,SPX,A,Close Long,1.6163,309.2,0.199903,-1.873752,10910.6,0510
1750111765699,SPX,A,Close Long,1.6162,203.8,0.131752,-1.255408,10601.4,0510
1750111765699,SPX,A,Close Long,1.6162,1070.6,0.692121,-6.594896,10397.6,0510
1750111765699,SPX,A,Close Long,1.6162,944.6,0.610665,-5.818736,9327.0,0510
1750111765699,SPX,A,Close Long,1.6161,204.1,0.131938,-1.277666,8382.4,0510
1750111765699,SPX,A,Close Long,1.6161,62.7,0.040531,-0.392502,8178.3,0510
1750111765699,SPX,A,Close Long,1.616,204.1,0.13193,-1.298076,8115.6,0510
1750111765699,SPX,A,Close Long,1.6159,204.1,0.131922,-1.318486,7911.5,0510
1750111765699,SPX,A,Close Long,1.6159,264.2,0.170768,-1.706732,7707.4,0510
1750111765699,SPX,A,Close Long,1.6158,204.1,0.131913,-1.338896,7443.2,0510
1750111765699,SPX,A,Close Long,1.6158,248.6,0.160675,-1.630816,7239.1,0510
1750111765699,SPX,A,Close Long,1.6157,204.2,0.13197,-1.359972,6990.5,0510
1750111765699,SPX,A,Close Long,1.6157,496.2,0.320684,-3.304692,6786.3,0510
1750111765699,SPX,A,Close Long,1.6157,234.1,0.151294,-1.559106,6290.1,0510
1750111765699,SPX,A,Close Long,1.6157,1761.7,1.138551,-11.732922,6056.0,0510
1750111765699,SPX,A,Close Long,1.6156,204.2,0.131962,-1.380392,4294.3,0510
1750111765699,SPX,A,Close Long,1.6156,928.2,0.599839,-6.274632,4090.1,0510
1750111765699,SPX,A,Close Long,1.6156,1237.7,0.799851,-8.366852,3161.9,0510
1750111765699,SPX,A,Close Long,1.6155,205.7,0.132923,-1.411102,1924.2,0510
1750111765699,SPX,A,Close Long,1.6155,1070.6,0.691821,-7.344316,1718.5,0510
1750111765699,SPX,A,Close Long,1.6154,204.2,0.131945,-1.421232,647.9,0510
1750111765699,SPX,A,Close Long,1.6154,443.7,0.286701,-3.088152,443.7,0510
1750120036324,SPX,B,Open Long,1.4975,12.3,0.007367,0.0,0.0,0512
1750120036324,SPX,B,Open Long,1.4978,189.3,0.113413,0.0,12.3,0512
1750120036324,SPX,B,Open Long,1.4978,190.5,0.114132,0.0,201.6,0512
1750120036324,SPX,B,Open Long,1.4978,183.6,0.109998,0.0,392.1,0512
1750120036324,SPX,B,Open Long,1.4979,189.3,0.11342,0.0,575.7,0512
1750120036324,SPX,B,Open Long,1.498,189.3,0.113428,0.0,765.0,0512
1750120036324,SPX,B,Open Long,1.498,1002.6,0.600757,0.0,954.3,0512
1750120036324,SPX,B,Open Long,1.4981,189.3,0.113436,0.0,1956.9,0512
1750120036324,SPX,B,Open Long,1.4982,189.3,0.113443,0.0,2146.2,0512
1750120036324,SPX,B,Open Long,1.4983,189.3,0.113451,0.0,2335.5,0512
1750120036324,SPX,B,Open Long,1.4984,189.3,0.113458,0.0,2524.8,0512
1750120036324,SPX,B,Open Long,1.4985,189.3,0.113466,0.0,2714.1,0512
1750120036324,SPX,B,Open Long,1.4985,201.0,0.120479,0.0,2903.4,0512
1750120036324,SPX,B,Open Long,1.4985,201.0,0.120479,0.0,3104.4,0512
1750120036324,SPX,B,Open Long,1.4986,189.3,0.113473,0.0,3305.4,0512
1750120036324,SPX,B,Open Long,1.4987,189.3,0.113481,0.0,3494.7,0512
1750120036324,SPX,B,Open Long,1.4987,201.0,0.120495,0.0,3684.0,0512
1750120036324,SPX,B,Open Long,1.4988,189.3,0.113489,0.0,3885.0,0512
1750120036324,SPX,B,Open Long,1.4988,201.0,0.120503,0.0,4074.3,0512
1750120036324,SPX,B,Open Long,1.4989,69.6,0.041729,0.0,4275.3,0512
1750120036324,SPX,B,Open Long,1.4989,994.4,0.596202,0.0,4344.9,0512
1750120036324,SPX,B,Open Long,1.4989,201.0,0.120511,0.0,5339.3,0512
1750120036324,SPX,B,Open Long,1.4989,189.7,0.113736,0.0,5540.3,0512
1750120036324,SPX,B,Open Long,1.4989,201.0,0.120511,0.0,5730.0,0512
1750120036324,SPX,B,Open Long,1.4989,1496.4,0.897181,0.0,5931.0,0512
1750120036324,SPX,B,Open Long,1.4989,201.0,0.120511,0.0,7427.4,0512
1750120036324,SPX,B,Open Long,1.499,189.7,0.113744,0.0,7628.4,0512
1750120036324,SPX,B,Open Long,1.499,8897.5,5.334941,0.0,7818.1,0512
1750120067342,FARTCOIN,B,Open Long,1.1694,1712.7,0.801132,0.0,0.0,0513
1750120067342,FARTCOIN,B,Open Long,1.1695,1100.0,0.51458,0.0,1712.7,0513
1750120067342,FARTCOIN,B,Open Long,1.1695,359.8,0.168314,0.0,2812.7,0513
1750120067342,FARTCOIN,B,Open Long,1.1696,4275.0,2.000016,0.0,3172.5,0513
1750120067342,FARTCOIN,B,Open Long,1.1696,4338.8,2.029864,0.0,7447.5,0513
1750120067342,FARTCOIN,B,Open Long,1.1696,359.8,0.168328,0.0,11786.3,0513
1750120067342,FARTCOIN,B,Open Long,1.1696,9252.5,4.328689,0.0,12146.1,0513
1750126729032,FARTCOIN,B,Open Long,1.145,1928.0,0.264907,0.0,21398.6,0511
1750126802774,FARTCOIN,A,Close Long,1.1432,874.8,0.400028,-21.292632,23326.6,0514
1750126802774,FARTCOIN,A,Close Long,1.1431,874.9,0.400039,-21.382556,22451.8,0514
1750126802774,FARTCOIN,A,Close Long,1.1431,1752.3,0.801221,-42.826212,21576.9,0514
1750126802774,FARTCOIN,A,Close Long,1.1431,437.4,0.199996,-10.690056,19824.6,0514
1750126802774,FARTCOIN,A,Close Long,1.1431,1279.7,0.58513,-31.275868,19387.2,0514
1750126802774,FARTCOIN,A,Close Long,1.1431,811.3,0.370958,-19.828172,18107.5,0514
1750126802774,FARTCOIN,A,Close Long,1.143,437.4,0.199979,-10.733796,17296.2,0514
1750126802774,FARTCOIN,A,Close Long,1.1427,860.6,0.393363,-21.377304,16858.8,0514
1750126802774,FARTCOIN,A,Close Long,1.1426,1900.0,0.868376,-47.386,15998.2,0514
1750126802774,FARTCOIN,A,Close Long,1.1424,219.3,0.100211,-5.513202,14098.2,0514
1750126802774,FARTCOIN,A,Close Long,1.1424,1549.1,0.707876,-38.944374,13878.9,0514
1750126802774,FARTCOIN,A,Close Long,1.1423,163.0,0.074477,-4.11412,12329.8,0514
1750126802774,FARTCOIN,A,Close Long,1.1423,862.8,0.39423,-21.777072,12166.8,0514
1750126802774,FARTCOIN,A,Close Long,1.1423,324.3,0.148179,-8.185332,11304.0,0514
1750126802774,FARTCOIN,A,Close Long,1.1422,163.0,0.074471,-4.13042,10979.7,0514
1750126802774,FARTCOIN,A,Close Long,1.1422,146.0,0.066704,-3.69964,10816.7,0514
1750126802774,FARTCOIN,A,Close Long,1.1422,635.5,0.290347,-16.10357,10670.7,0514
1750126802774,FARTCOIN,A,Close Long,1.1422,325.0,0.148486,-8.2355,10035.2,0514
1750126802774,FARTCOIN,A,Close Long,1.1421,1721.2,0.786313,-43.787328,9710.2,0514
1750126802774,FARTCOIN,A,Close Long,1.1421,540.5,0.246922,-13.75032,7989.0,0514
1750126802774,FARTCOIN,A,Close Long,1.1421,540.5,0.246922,-13.75032,7448.5,0514
1750126802774,FARTCOIN,A,Close Long,1.1421,1714.0,0.783023,-43.60416,6908.0,0514
1750126802774,FARTCOIN,A,Close Long,1.1421,395.3,0.180588,-10.056432,5194.0,0514
1750126802774,FARTCOIN,A,Close Long,1.1421,487.0,0.222481,-12.38928,4798.7,0514
1750126802774,FARTCOIN,A,Close Long,1.1421,1750.2,0.799561,-44.525088,4311.7,0514
1750126802774,FARTCOIN,A,Close Long,1.142,325.0,0.14846,-8.3005,2561.5,0514
1750126802774,FARTCOIN,A,Close Long,1.142,324.4,0.148185,-8.285176,2236.5,0514
1750126802774,FARTCOIN,A,Close Long,1.142,324.4,0.148185,-8.285176,1912.1,0514
1750126802774,FARTCOIN,A,Close Long,1.142,324.3,0.14814,-8.282622,1587.7,0514
1750126802774,FARTCOIN,A,Close Long,1.142,1263.4,0.577121,-32.267236,1263.4,0514
1750126804282,SPX,A,Close Long,1.4497,263.8,0.152972,-12.947304,16715.6,0515
1750126804282,SPX,A,Close Long,1.4495,304.6,0.176607,-15.010688,16451.8,0515
1750126806858,SPX,A,Close Long,1.4495,115.0,0.020003,-5.6672,16147.2,0515
1750126812906,SPX,A,Close Long,1.4495,131.1,0.022803,-6.460608,16032.2,0515
1750126814032,SPX,A,Close Long,1.4495,240.1,0.041762,-11.832128,15901.1,0515
1750126814144,SPX,A,Close Long,1.4495,113.1,0.019672,-5.573568,15661.0,0515
1750126814144,SPX,A,Close Long,1.4495,1366.5,0.237689,-67.34112,15547.9,0515
1750126844387,SPX,A,Close Long,1.4495,198.1,0.034457,-9.762368,14181.4,0515
1750126846345,SPX,A,Close Long,1.4483,297.5,0.172347,-15.0178,13983.3,0516
1750126846345,SPX,A,Close Long,1.4483,294.6,0.170667,-14.871408,13685.8,0516
1750126846345,SPX,A,Close Long,1.4479,69.6,0.040309,-3.541248,13391.2,0516
1750126846345,SPX,A,Close Long,1.4479,994.4,0.575916,-50.595072,13321.6,0516
1750126846345,SPX,A,Close Long,1.4479,268.4,0.155446,-13.656192,12327.2,0516
1750126846345,SPX,A,Close Long,1.4479,290.4,0.168188,-14.775552,12058.8,0516
1750126846345,SPX,A,Close Long,1.4479,272.1,0.157589,-13.844448,11768.4,0516
1750126846345,SPX,A,Close Long,1.4478,267.9,0.155146,-13.657542,11496.3,0516
1750126846345,SPX,A,Close Long,1.4478,551.5,0.319384,-28.11547,11228.4,0516
1750126846345,SPX,A,Close Long,1.4477,267.9,0.155135,-13.684332,10676.9,0516
1750126846345,SPX,A,Close Long,1.4477,411.0,0.238001,-20.99388,10409.0,0516
1750126846345,SPX,A,Close Long,1.4476,267.9,0.155124,-13.711122,9998.0,0516
1750126846345,SPX,A,Close Long,1.4476,710.0,0.411118,-36.3378,9730.1,0516
1750126846345,SPX,A,Close Long,1.4475,267.9,0.155114,-13.737912,9020.1,0516
1750126846345,SPX,A,Close Long,1.4474,267.9,0.155103,-13.764702,8752.2,0516
1750126846345,SPX,A,Close Long,1.4473,69.6,0.040292,-3.583008,8484.3,0516
1750126846345,SPX,A,Close Long,1.4473,994.4,0.575678,-51.191712,8414.7,0516
1750126846345,SPX,A,Close Long,1.4473,267.9,0.155092,-13.791492,7420.3,0516
1750126846345,SPX,A,Close Long,1.4472,267.9,0.155081,-13.818282,7152.4,0516
1750126846345,SPX,A,Close Long,1.4471,263.3,0.152408,-13.607344,6884.5,0516
1750126846345,SPX,A,Close Long,1.4471,1379.9,0.798741,-71.313232,6621.2,0516
1750126846345,SPX,A,Close Long,1.447,263.3,0.152398,-13.633674,5241.3,0516
1750126846345,SPX,A,Close Long,1.447,1034.9,0.599,-53.587122,4978.0,0516
1750126846345,SPX,A,Close Long,1.447,1379.9,0.798686,-71.451222,3943.1,0516
1750126846345,SPX,A,Close Long,1.4469,263.1,0.152271,-13.649628,2563.2,0516
1750126846345,SPX,A,Close Long,1.4468,262.6,0.151971,-13.649948,2300.1,0516
1750126846345,SPX,A,Close Long,1.4468,1127.0,0.652217,-58.58146,2037.5,0516
1750126846345,SPX,A,Close Long,1.4467,262.3,0.151787,-13.660584,910.5,0516
1750126846345,SPX,A,Close Long,1.4466,262.3,0.151777,-13.686814,648.2,0516
1750126846345,SPX,A,Close Long,1.4466,69.6,0.040273,-3.631728,385.9,0516
1750126846345,SPX,A,Close Long,1.4466,316.3,0.183023,-16.504534,316.3,0516
1750167029289,SPX,B,Open Long,1.4,8.5,0.00476,0.0,0.0,0518
1750167029289,SPX,B,Open Long,1.4002,246.0,0.137779,0.0,8.5,0518
1750167029289,SPX,B,Open Long,1.4003,1186.4,0.664526,0.0,254.5,0518
1750167029289,SPX,B,Open Long,1.4003,249.9,0.139973,0.0,1440.9,0518
1750167029289,SPX,B,Open Long,1.4003,217.0,0.121546,0.0,1690.8,0518
1750167029289,SPX,B,Open Long,1.4007,1046.8,0.586501,0.0,1907.8,0518
1750167029289,SPX,B,Open Long,1.4009,1186.4,0.664811,0.0,2954.6,0518
1750167029289,SPX,B,Open Long,1.4009,263.0,0.147374,0.0,4141.0,0518
1750167029289,SPX,B,Open Long,1.4009,13482.5,7.555053,0.0,4404.0,0518
1750167038101,FARTCOIN,B,Open Long,1.1457,872.9,0.400032,0.0,0.0,0519
1750167038101,FARTCOIN,B,Open Long,1.1459,860.6,0.394464,0.0,872.9,0519
1750167038101,FARTCOIN,B,Open Long,1.1459,2631.7,1.206266,0.0,1733.5,0519
1750167107101,FARTCOIN,B,Open Long,1.1418,1721.2,0.786106,0.0,4365.2,0521
1750167107101,FARTCOIN,B,Open Long,1.1418,328.2,0.149895,0.0,6086.4,0521
1750167107101,FARTCOIN,B,Open Long,1.1419,2941.7,1.34365,0.0,6414.6,0521
1750167107101,FARTCOIN,B,Open Long,1.1419,3664.0,1.673568,0.0,9356.3,0521
1750167107101,FARTCOIN,B,Open Long,1.142,3663.7,1.673578,0.0,13020.3,0521
1750167107101,FARTCOIN,B,Open Long,1.142,284.6,0.130005,0.0,16684.0,0521
1750167107101,FARTCOIN,B,Open Long,1.142,1664.9,0.760526,0.0,16968.6,0521
1750167107101,FARTCOIN,B,Open Long,1.1421,1664.9,0.760592,0.0,18633.5,0521
1750167107101,FARTCOIN,B,Open Long,1.1422,263.0,0.120159,0.0,20298.4,0521
1750167107101,FARTCOIN,B,Open Long,1.1422,1295.4,0.591842,0.0,20561.4,0521
1750167485045,SPX,A,Close Long,1.3865,325.2,0.054106,-4.656864,17886.5,0520
1750167488205,SPX,A,Close Long,1.3865,548.8,0.091309,-7.858816,17561.3,0520
1750167488283,SPX,A,Close Long,1.3865,1462.0,0.243247,-20.93584,17012.5,0520
1750167488435,SPX,A,Close Long,1.3865,4434.4,0.737795,-63.500608,15550.5,0520
1750167488516,SPX,A,Close Long,1.3865,433.2,0.072075,-6.203424,11116.1,0520
1750167488516,SPX,A,Close Long,1.3865,545.6,0.090776,-7.812992,10682.9,0520
1750167488516,SPX,A,Close Long,1.3865,85.0,0.014142,-1.2172,10137.3,0520
1750167489857,SPX,A,Close Long,1.3865,522.0,0.08685,-7.47504,10052.3,0520
1750167490067,SPX,A,Close Long,1.3865,123.0,0.020464,-1.76136,9530.3,0520
1750167493799,SPX,A,Close Long,1.3865,716.2,0.119161,-10.255984,9407.3,0520
1750167493799,SPX,A,Close Long,1.3865,166.0,0.027619,-2.37712,8691.1,0520
1750167494564,SPX,A,Close Long,1.3865,4115.6,0.684753,-58.935392,8525.1,0520
1750167494564,SPX,A,Close Long,1.3865,239.0,0.039764,-3.42248,4409.5,0520
1750167495385,SPX,A,Close Long,1.3865,3100.5,0.515861,-44.39916,4170.5,0520
1750167495585,SPX,A,Close Long,1.3865,44.0,0.00732,-0.63008,1070.0,0520
1750167497555,SPX,A,Close Long,1.3865,72.0,0.011979,-1.03104,1026.0,0520
1750167497555,SPX,A,Close Long,1.3865,329.1,0.054755,-4.712712,954.0,0520
1750167497555,SPX,A,Close Long,1.3865,328.8,0.054705,-4.708416,624.9,0520
1750167497662,SPX,A,Close Long,1.3865,296.1,0.049265,-4.240152,296.1,0520
1750167636162,SPX,B,Open Long,1.3904,362.8,0.201774,0.0,0.0,0523
1750167636162,SPX,B,Open Long,1.3907,271.9,0.151252,0.0,362.8,0523
1750167636162,SPX,B,Open Long,1.3908,289.1,0.160832,0.0,634.7,0523
1750167636162,SPX,B,Open Long,1.391,644.3,0.358488,0.0,923.8,0523
1750167636162,SPX,B,Open Long,1.391,599.1,0.333339,0.0,1568.1,0523
1750167636162,SPX,B,Open Long,1.3916,1046.8,0.58269,0.0,2167.2,0523
1750167636162,SPX,B,Open Long,1.3917,2031.2,1.130728,0.0,3214.0,0523
1750167636162,SPX,B,Open Long,1.3917,69.6,0.038744,0.0,5245.2,0523
1750167636162,SPX,B,Open Long,1.3919,1398.7,0.77874,0.0,5314.8,0523
1750167636162,SPX,B,Open Long,1.3919,610.1,0.339679,0.0,6713.5,0523
1750167636162,SPX,B,Open Long,1.392,216.0,0.120268,0.0,7323.6,0523
1750167636162,SPX,B,Open Long,1.3921,1186.4,0.660634,0.0,7539.6,0523
1750167636162,SPX,B,Open Long,1.3922,1046.8,0.582941,0.0,8726.0,0523
1750167636162,SPX,B,Open Long,1.3923,562.4,0.313211,0.0,9772.8,0523
1750167636162,SPX,B,Open Long,1.3924,69.6,0.038764,0.0,10335.2,0523
1750167636162,SPX,B,Open Long,1.3924,610.7,0.340135,0.0,10404.8,0523
1750167636162,SPX,B,Open Long,1.3924,267.0,0.148708,0.0,11015.5,0523
1750167636162,SPX,B,Open Long,1.3925,266.0,0.148162,0.0,11282.5,0523
1750167636162,SPX,B,Open Long,1.3925,266.0,0.148162,0.0,11548.5,0523
1750167636162,SPX,B,Open Long,1.3925,266.0,0.148162,0.0,11814.5,0523
1750167636162,SPX,B,Open Long,1.3925,266.0,0.148162,0.0,12080.5,0523
1750167636162,SPX,B,Open Long,1.3925,266.0,0.148162,0.0,12346.5,0523
1750167636162,SPX,B,Open Long,1.3926,5353.7,2.982225,0.0,12612.5,0523
1750167828968,FARTCOIN,A,Close Long,1.1314,797.6,0.360961,-9.044784,21856.8,0522
1750167828968,FARTCOIN,A,Close Long,1.1313,51.1,0.023123,-0.584584,21059.2,0522
1750167828968,FARTCOIN,A,Close Long,1.1312,860.6,0.389404,-9.931324,21008.1,0522
1750167828968,FARTCOIN,A,Close Long,1.1312,4512.3,2.041725,-52.071942,20147.5,0522
1750167828968,FARTCOIN,A,Close Long,1.1312,1567.2,0.709126,-18.085488,15635.2,0522
1750167828968,FARTCOIN,A,Close Long,1.1311,1566.7,0.708837,-18.236388,14068.0,0522
1750167828968,FARTCOIN,A,Close Long,1.131,1566.7,0.708775,-18.393058,12501.3,0522
1750167828968,FARTCOIN,A,Close Long,1.131,407.7,0.184443,-4.786398,10934.6,0522
1750167828968,FARTCOIN,A,Close Long,1.131,490.3,0.221811,-5.756122,10526.9,0522
1750167828968,FARTCOIN,A,Close Long,1.131,8936.3,4.042782,-104.912162,10036.6,0522
1750167828968,FARTCOIN,A,Close Long,1.1309,1100.3,0.497731,-13.027552,1100.3,0522
1750167908136,SPX,A,Close Long,1.3788,8.9,0.004908,-0.117925,17966.2,0524
1750167908136,SPX,A,Close Long,1.3788,362.6,0.199981,-4.80445,17957.3,0524
1750167908136,SPX,A,Close Long,1.3788,371.0,0.204613,-4.91575,17594.7,0524
1750167920459,SPX,A,Close Long,1.3787,564.5,0.093393,-7.536075,17223.7,0524
1750167920643,SPX,A,Close Long,1.3787,1595.8,0.264015,-21.30393,16659.2,0524
1750167922058,SPX,A,Close Long,1.3787,1059.2,0.175238,-14.14032,15063.4,0524
1750167922476,SPX,A,Close Long,1.3787,93.0,0.015386,-1.24155,14004.2,0524
1750167929231,SPX,A,Close Long,1.3787,597.8,0.098902,-7.98063,13911.2,0524
1750167929231,SPX,A,Close Long,1.3787,580.0,0.095957,-7.743,13313.4,0524
1750167932032,SPX,A,Close Long,1.3787,8.4,0.001389,-0.11214,12733.4,0524
1750167933565,SPX,A,Close Long,1.3787,2176.0,0.360006,-29.0496,12725.0,0524
1750167933671,SPX,A,Close Long,1.3787,111.0,0.018364,-1.48185,10549.0,0524
1750167933671,SPX,A,Close Long,1.3787,869.2,0.143803,-11.60382,10438.0,0524
1750167933729,SPX,A,Close Long,1.3787,2176.0,0.360006,-29.0496,9568.8,0524
1750167933729,SPX,A,Close Long,1.3787,980.5,0.162217,-13.089675,7392.8,0524
1750167933787,SPX,A,Close Long,1.3787,1431.8,0.236882,-19.11453,6412.3,0524
1750167933872,SPX,A,Close Long,1.3787,2176.0,0.360006,-29.0496,4980.5,0524
1750167936327,SPX,A,Close Long,1.3787,199.9,0.033072,-2.668665,2804.5,0524
1750167936430,SPX,A,Close Long,1.3787,950.3,0.157221,-12.686505,2604.6,0524
1750167936525,SPX,A,Close Long,1.3787,950.3,0.157221,-12.686505,1654.3,0524
1750167936525,SPX,A,Close Long,1.3787,703.9,0.116456,-9.397065,704.0,0524
1750168231820,FARTCOIN,B,Open Long,1.1294,442.7,0.199994,0.0,0.0,0525
1750168231820,FARTCOIN,B,Open Long,1.1294,34.3,0.015495,0.0,442.7,0525
1750168231820,FARTCOIN,B,Open Long,1.1294,1369.9,0.618866,0.0,477.0,0525
1750168231820,FARTCOIN,B,Open Long,1.1296,1374.7,0.621144,0.0,1846.9,0525
1750168231820,FARTCOIN,B,Open Long,1.1296,3549.9,1.603986,0.0,3221.6,0525
1750168231820,FARTCOIN,B,Open Long,1.1297,971.2,0.438865,0.0,6771.5,0525
1750168231820,FARTCOIN,B,Open Long,1.1297,1553.0,0.701769,0.0,7742.7,0525
1750168231820,FARTCOIN,B,Open Long,1.1297,3549.6,1.603993,0.0,9295.7,0525
1750168231820,FARTCOIN,B,Open Long,1.1297,4499.3,2.033143,0.0,12845.3,0525
1750168231820,FARTCOIN,B,Open Long,1.1298,1553.0,0.701831,0.0,17344.6,0525
1750168231820,FARTCOIN,B,Open Long,1.1298,1900.0,0.858648,0.0,18897.6,0525
1750168231820,FARTCOIN,B,Open Long,1.1298,885.5,0.400175,0.0,20797.6,0525
1750168231820,FARTCOIN,B,Open Long,1.1298,476.0,0.215113,0.0,21683.1,0525
1750168240297,SPX,B,Open Long,1.3788,2411.8,1.330155,0.0,0.1,0526
1750168240297,SPX,B,Open Long,1.3788,429.2,0.236712,0.0,2411.9,0526
1750168240297,SPX,B,Open Long,1.3789,2497.8,1.377686,0.0,2841.1,0526
1750168240297,SPX,B,Open Long,1.3792,580.2,0.320084,0.0,5338.9,0526
1750168240297,SPX,B,Open Long,1.3794,255.0,0.140698,0.0,5919.1,0526
1750168240297,SPX,B,Open Long,1.3797,2031.2,1.120978,0.0,6174.1,0526
1750168240297,SPX,B,Open Long,1.3798,1186.4,0.654797,0.0,8205.3,0526
1750168240297,SPX,B,Open Long,1.3798,1046.8,0.577749,0.0,9391.7,0526
1750168240297,SPX,B,Open Long,1.3799,69.6,0.038416,0.0,10438.5,0526
1750168240297,SPX,B,Open Long,1.3801,242.0,0.133593,0.0,10508.1,0526
1750168240297,SPX,B,Open Long,1.3801,242.0,0.133593,0.0,10750.1,0526
1750168240297,SPX,B,Open Long,1.3802,242.0,0.133603,0.0,10992.1,0526
1750168240297,SPX,B,Open Long,1.3802,242.0,0.133603,0.0,11234.1,0526
1750168240297,SPX,B,Open Long,1.3802,6175.5,3.40937,0.0,11476.1,0526
1750168240297,SPX,B,Open Long,1.3802,218.0,0.120353,0.0,17651.6,0526
1750168240297,SPX,B,Open Long,1.3802,263.5,0.145473,0.0,17869.6,0526
1750168932149,SPX,B,Open Long,1.365,14.4,0.002358,0.0,18133.1,0517
1750168932149,SPX,B,Open Long,1.365,1102.6,0.180605,0.0,18147.5,0517
1750168932624,SPX,B,Open Long,1.365,189.4,0.031023,0.0,19250.1,0517
1750169183119,FARTCOIN,A,Close Long,1.126,418.8,0.188627,-1.536996,22159.1,0527
1750169183119,FARTCOIN,A,Close Long,1.1258,1795.4,0.242551,-6.948198,21740.3,0527
1750169183119,FARTCOIN,A,Close Long,1.1258,2220.3,0.299953,-8.592561,19944.9,0527
1750169183119,FARTCOIN,A,Close Long,1.1258,1110.2,0.149983,-4.296474,17724.6,0527
1750169183119,FARTCOIN,A,Close Long,1.1258,2220.3,0.299953,-8.592561,16614.4,0527
1750169183119,FARTCOIN,A,Close Long,1.1258,525.4,0.070979,-2.033298,14394.1,0527
1750169183119,FARTCOIN,A,Close Long,1.1258,505.0,0.068223,-1.95435,13868.7,0527
1750169183119,FARTCOIN,A,Close Long,1.1258,456.9,0.061725,-1.768203,13363.7,0527
1750169183119,FARTCOIN,A,Close Long,1.1258,1110.2,0.149983,-4.296474,12906.8,0527
1750169183119,FARTCOIN,A,Close Long,1.1258,11458.6,1.548011,-44.344782,11796.6,0527
1750169183119,FARTCOIN,A,Close Long,1.1258,337.9,0.045648,-1.307673,338.0,0527
1750169191933,SPX,A,Close Long,1.3652,532.0,0.087154,-7.16072,19439.5,0528
1750169191933,SPX,A,Close Long,1.3652,150.6,0.024671,-2.027076,18907.5,0528
1750169192057,SPX,A,Close Long,1.3652,8.5,0.001392,-0.11441,18756.9,0528
1750169192188,SPX,A,Close Long,1.3652,531.5,0.087072,-7.15399,18748.4,0528
1750169193610,SPX,A,Close Long,1.3652,1477.3,0.242017,-19.884458,18216.9,0528
1750169201461,SPX,A,Close Long,1.3652,523.1,0.085696,-7.040926,16739.6,0528
1750169201696,SPX,A,Close Long,1.3652,1647.0,0.269818,-22.16862,16216.5,0528
1750169201765,SPX,A,Close Long,1.3652,97.9,0.016038,-1.317734,14569.5,0528
1750169201765,SPX,A,Close Long,1.3652,1368.8,0.224242,-18.424048,14471.6,0528
1750169202472,SPX,A,Close Long,1.3652,51.0,0.008355,-0.68646,13102.8,0528
1750169202472,SPX,A,Close Long,1.3652,51.0,0.008355,-0.68646,13051.8,0528
1750169202697,SPX,A,Close Long,1.3652,97.9,0.016038,-1.317734,13000.8,0528
1750169202881,SPX,A,Close Long,1.3652,716.5,0.117379,-9.64409,12902.9,0528
1750169203504,SPX,A,Close Long,1.3652,1596.7,0.261577,-21.491582,12186.4,0528
1750169203609,SPX,A,Close Long,1.3652,2197.0,0.359921,-29.57162,10589.7,0528
1750169203706,SPX,A,Close Long,1.3652,534.4,0.087547,-7.193024,8392.7,0528
1750169203706,SPX,A,Close Long,1.3652,4299.0,0.704279,-57.86454,7858.3,0528
1750169203809,SPX,A,Close Long,1.3652,537.5,0.088055,-7.23475,3559.3,0528
1750169203809,SPX,A,Close Long,1.3652,1185.0,0.194131,-15.9501,3021.8,0528
1750169204723,SPX,A,Close Long,1.3652,36.6,0.005995,-0.492636,1836.8,0528
1750169222023,SPX,A,Close Long,1.3652,8.5,0.001392,-0.11441,1800.2,0528
1750169223459,SPX,A,Close Long,1.3652,562.5,0.092151,-7.57125,1791.7,0528
1750169223637,SPX,A,Close Long,1.3652,543.0,0.088956,-7.30878,1229.2,0528
1750169223950,SPX,A,Close Long,1.3652,686.1,0.112399,-9.234906,686.2,0528
1750169266417,SPX,B,Open Long,1.3716,311.5,0.170901,0.0,0.1,0529
1750169266417,SPX,B,Open Long,1.3717,364.6,0.200048,0.0,311.6,0529
1750169266417,SPX,B,Open Long,1.3717,327.0,0.179418,0.0,676.2,0529
1750169266417,SPX,B,Open Long,1.3718,291.9,0.160171,0.0,1003.2,0529
1750169266417,SPX,B,Open Long,1.3719,364.5,0.200023,0.0,1295.1,0529
1750169266417,SPX,B,Open Long,1.3719,242.8,0.133238,0.0,1659.6,0529
1750169266417,SPX,B,Open Long,1.372,280.3,0.153828,0.0,1902.4,0529
1750169266417,SPX,B,Open Long,1.3721,569.8,0.312729,0.0,2182.7,0529
1750169266417,SPX,B,Open Long,1.3722,1212.1,0.665297,0.0,2752.5,0529
1750169266417,SPX,B,Open Long,1.3723,73.3,0.040235,0.0,3964.6,0529
1750169266417,SPX,B,Open Long,1.3723,1186.4,0.651238,0.0,4037.9,0529
1750169266417,SPX,B,Open Long,1.3723,1046.8,0.574609,0.0,5224.3,0529
1750169266417,SPX,B,Open Long,1.3724,256.0,0.140533,0.0,6271.1,0529
1750169266417,SPX,B,Open Long,1.3724,624.1,0.342605,0.0,6527.1,0529
1750169266417,SPX,B,Open Long,1.3725,256.0,0.140544,0.0,7151.2,0529
1750169266417,SPX,B,Open Long,1.3725,658.6,0.361571,0.0,7407.2,0529
1750169266417,SPX,B,Open Long,1.3725,364.2,0.199945,0.0,8065.8,0529
1750169266417,SPX,B,Open Long,1.3726,1398.7,0.767942,0.0,8430.0,0529
1750169266417,SPX,B,Open Long,1.3726,243.0,0.133416,0.0,9828.7,0529
1750169266417,SPX,B,Open Long,1.3727,219.0,0.120248,0.0,10071.7,0529
1750169266417,SPX,B,Open Long,1.3728,243.0,0.133436,0.0,10290.7,0529
1750169266417,SPX,B,Open Long,1.3728,1458.9,0.801111,0.0,10533.7,0529
1750169266417,SPX,B,Open Long,1.3729,1046.8,0.57486,0.0,11992.6,0529
1750169266417,SPX,B,Open Long,1.3729,3735.2,2.051222,0.0,13039.4,0529
1750169266417,SPX,B,Open Long,1.3729,73.3,0.040253,0.0,16774.6,0529
1750169266417,SPX,B,Open Long,1.3729,255.0,0.140035,0.0,16847.9,0529
1750169266417,SPX,B,Open Long,1.373,1133.3,0.622408,0.0,17102.9,0529
1750169272278,FARTCOIN,B,Open Long,1.1332,466.2,0.211319,0.0,0.1,0530
1750169272278,FARTCOIN,B,Open Long,1.1334,1012.3,0.458936,0.0,466.3,0530
1750169272278,FARTCOIN,B,Open Long,1.1334,461.7,0.209316,0.0,1478.6,0530
1750169272278,FARTCOIN,B,Open Long,1.1334,116.5,0.052816,0.0,1940.3,0530
1750169272278,FARTCOIN,B,Open Long,1.1334,1451.3,0.657961,0.0,2056.8,0530
1750169272278,FARTCOIN,B,Open Long,1.1334,1644.9,0.745731,0.0,3508.1,0530
1750169272278,FARTCOIN,B,Open Long,1.1335,1549.1,0.702361,0.0,5153.0,0530
1750169272278,FARTCOIN,B,Open Long,1.1335,955.7,0.433314,0.0,6702.1,0530
1750169272278,FARTCOIN,B,Open Long,1.1336,1647.3,0.746951,0.0,7657.8,0530
1750169272278,FARTCOIN,B,Open Long,1.1336,1452.1,0.65844,0.0,9305.1,0530
1750169272278,FARTCOIN,B,Open Long,1.1337,2185.3,0.990989,0.0,10757.2,0530
1750169272278,FARTCOIN,B,Open Long,1.1337,1647.3,0.747017,0.0,12942.5,0530
1750169272278,FARTCOIN,B,Open Long,1.1337,1029.5,0.466857,0.0,14589.8,0530
1750169272278,FARTCOIN,B,Open Long,1.1337,3546.7,1.608357,0.0,15619.3,0530
1750169272278,FARTCOIN,B,Open Long,1.1338,1647.3,0.747083,0.0,19166.0,0530
1750169272278,FARTCOIN,B,Open Long,1.1338,545.0,0.247168,0.0,20813.3,0530
1750169272278,FARTCOIN,B,Open Long,1.1338,589.3,0.267259,0.0,21358.3,0530
1750169369282,BTC,B,Open Long,105446.0,0.49571,20.908254,0.0,0.0,0531
1750169369282,BTC,B,Open Long,105446.0,0.2,8.43568,0.0,0.49571,0531
1750169369282,BTC,B,Open Long,105446.0,0.17448,7.359287,0.0,0.69571,0531
1750169369282,BTC,B,Open Long,105446.0,0.1138,4.799901,0.0,0.87019,0531
1750169369282,BTC,B,Open Long,105446.0,0.4,16.87136,0.0,0.98399,0531
1750169369282,BTC,B,Open Long,105446.0,0.04741,1.999677,0.0,1.38399,0531
1750169369282,BTC,B,Open Long,105446.0,0.00189,0.079717,0.0,1.4314,0531
1750169369282,BTC,B,Open Long,105446.0,0.00011,0.004639,0.0,1.43329,0531
1750169369282,BTC,B,Open Long,105446.0,0.5,21.0892,0.0,1.4334,0531
1750169369282,BTC,B,Open Long,105446.0,0.06,2.530704,0.0,1.9334,0531
1750169369282,BTC,B,Open Long,105446.0,0.00389,0.164073,0.0,1.9934,0531
1750169369282,BTC,B,Open Long,105446.0,0.1138,4.799901,0.0,1.99729,0531
1750169369282,BTC,B,Open Long,105446.0,0.09481,3.998934,0.0,2.11109,0531
1750169369282,BTC,B,Open Long,105446.0,0.16552,6.981368,0.0,2.2059,0531
1750171092625,FARTCOIN,A,Close Long,1.141,1143.9,0.522075,8.46486,21947.6,0532
1750171092625,FARTCOIN,A,Close Long,1.141,438.2,0.199994,3.24268,20803.7,0532
1750171092625,FARTCOIN,A,Close Long,1.141,438.2,0.199994,3.24268,20365.5,0532
1750171092625,FARTCOIN,A,Close Long,1.141,4461.4,2.036182,33.01436,19927.3,0532
1750171092625,FARTCOIN,A,Close Long,1.1409,119.7,0.054626,0.87381,15465.9,0532
1750171092625,FARTCOIN,A,Close Long,1.1409,438.3,0.200022,3.19959,15346.2,0532
1750171092625,FARTCOIN,A,Close Long,1.1409,8908.0,4.065254,65.0284,14907.9,0532
1750171092625,FARTCOIN,A,Close Long,1.1409,1755.3,0.801048,12.81369,5999.9,0532
1750171092625,FARTCOIN,A,Close Long,1.1409,1755.1,0.800957,12.81223,4244.6,0532
1750171092625,FARTCOIN,A,Close Long,1.1409,1769.6,0.807574,12.91808,2489.5,0532
1750171092625,FARTCOIN,A,Close Long,1.1408,719.8,0.328459,5.18256,719.9,0532
1750171100763,SPX,A,Close Long,1.3782,369.1,0.203477,2.092797,18236.2,0533
1750171100763,SPX,A,Close Long,1.378,296.5,0.16343,1.621855,17867.1,0533
1750171100763,SPX,A,Close Long,1.378,318.9,0.175777,1.744383,17570.6,0533
1750171100763,SPX,A,Close Long,1.3779,1398.7,0.770907,7.511019,17251.7,0533
1750171100763,SPX,A,Close Long,1.3779,369.1,0.203433,1.982067,15853.0,0533
1750171100763,SPX,A,Close Long,1.3778,1186.4,0.653848,6.252328,15483.9,0533
1750171101904,SPX,A,Close Long,1.3778,3351.0,0.55404,17.65977,14297.5,0533
1750171108777,SPX,A,Close Long,1.3778,795.3,0.131491,4.191231,10946.5,0533
1750171108996,SPX,A,Close Long,1.3778,1572.2,0.259941,8.285494,10151.2,0533
1750171112025,SPX,A,Close Long,1.3778,8.4,0.001388,0.044268,8579.0,0533
1750171119954,SPX,A,Close Long,1.3778,669.5,0.110692,3.528265,8570.6,0533
1750171120561,SPX,A,Close Long,1.3778,1244.6,0.205777,6.559042,7901.1,0533
1750171120561,SPX,A,Close Long,1.3778,1481.5,0.244945,7.807505,6656.5,0533
1750171120613,SPX,A,Close Long,1.3778,91.0,0.015045,0.47957,5175.0,0533
1750171133537,SPX,A,Close Long,1.3778,993.0,0.164178,5.23311,5084.0,0533
1750171133537,SPX,A,Close Long,1.3778,2045.4,0.338178,10.779258,4091.0,0533
1750171133698,SPX,A,Close Long,1.3778,118.8,0.019641,0.626076,2045.6,0533
1750171133855,SPX,A,Close Long,1.3778,527.0,0.087132,2.77729,1926.8,0533
1750171140396,SPX,A,Close Long,1.3778,831.0,0.137394,4.37937,1399.8,0533
1750171140512,SPX,A,Close Long,1.3778,427.6,0.070697,2.253452,568.8,0533
1750171140796,SPX,A,Close Long,1.3778,18.0,0.002976,0.09486,141.2,0533
1750171142067,SPX,A,Close Long,1.3778,8.4,0.001388,0.044268,123.2,0533
1750171142737,SPX,A,Close Long,1.3778,41.4,0.006844,0.218178,114.8,0533
1750171154360,SPX,A,Close Long,1.3778,73.3,0.012119,0.386291,73.4,0533
1750171326864,BTC,A,Close Long,104962.0,2.37142,29.869078,-1147.76728,2.37142,0534
1750171327575,FARTCOIN,A,Close Long,1.1405,0.1,0.000045,0.00069,0.1,0535
1750171328981,SPX,A,Close Long,1.3804,0.1,0.000055,0.000787,0.1,0536
1750171725353,FARTCOIN,B,Open Long,1.1481,870.9,0.399952,0.0,0.0,0537
1750171725353,FARTCOIN,B,Open Long,1.1482,83.7,0.038441,0.0,870.9,0537
1750171725353,FARTCOIN,B,Open Long,1.1482,870.9,0.399986,0.0,954.6,0537
1750171725353,FARTCOIN,B,Open Long,1.1483,860.6,0.39529,0.0,1825.5,0537
1750171725353,FARTCOIN,B,Open Long,1.1483,871.0,0.400067,0.0,2686.1,0537
1750171725353,FARTCOIN,B,Open Long,1.1483,435.4,0.199987,0.0,3557.1,0537
1750171725353,FARTCOIN,B,Open Long,1.1483,83.7,0.038445,0.0,3992.5,0537
1750171725353,FARTCOIN,B,Open Long,1.1485,391.5,0.179855,0.0,4076.2,0537
1750171725353,FARTCOIN,B,Open Long,1.1485,363.7,0.167083,0.0,4467.7,0537
1750171725353,FARTCOIN,B,Open Long,1.1486,4343.3,1.995485,0.0,4831.4,0537
1750171725353,FARTCOIN,B,Open Long,1.1486,871.1,0.400218,0.0,9174.7,0537
1750171725353,FARTCOIN,B,Open Long,1.1487,1721.2,0.790856,0.0,10045.8,0537
1750171725353,FARTCOIN,B,Open Long,1.1487,131.0,0.060191,0.0,11767.0,0537
1750171725353,FARTCOIN,B,Open Long,1.1487,393.0,0.180575,0.0,11898.0,0537
1750171725353,FARTCOIN,B,Open Long,1.1488,2524.5,1.160058,0.0,12291.0,0537
1750171725353,FARTCOIN,B,Open Long,1.1488,1900.0,0.873088,0.0,14815.5,0537
1750171725353,FARTCOIN,B,Open Long,1.1488,481.0,0.221029,0.0,16715.5,0537
1750171725353,FARTCOIN,B,Open Long,1.1488,8759.1,4.024981,0.0,17196.5,0537
1750171725353,FARTCOIN,B,Open Long,1.1489,1721.2,0.790994,0.0,25955.6,0537
1750171725353,FARTCOIN,B,Open Long,1.1489,2185.3,1.004276,0.0,27676.8,0537
1750171725353,FARTCOIN,B,Open Long,1.1489,2323.8,1.067925,0.0,29862.1,0537
1750171725353,FARTCOIN,B,Open Long,1.1489,436.0,0.200368,0.0,32185.9,0537
1750171725353,FARTCOIN,B,Open Long,1.1489,481.0,0.221048,0.0,32621.9,0537
1750171725353,FARTCOIN,B,Open Long,1.1489,7736.0,3.555156,0.0,33102.9,0537
1750171725353,FARTCOIN,B,Open Long,1.1489,261.2,0.120037,0.0,40838.9,0537
1750171725353,FARTCOIN,B,Open Long,1.1489,261.2,0.120037,0.0,41100.1,0537
1750171725353,FARTCOIN,B,Open Long,1.1489,261.2,0.120037,0.0,41361.3,0537
1750171725353,FARTCOIN,B,Open Long,1.1489,261.2,0.120037,0.0,41622.5,0537
1750171725353,FARTCOIN,B,Open Long,1.1489,261.2,0.120037,0.0,41883.7,0537
1750171725353,FARTCOIN,B,Open Long,1.1489,261.2,0.120037,0.0,42144.9,0537
1750171725353,FARTCOIN,B,Open Long,1.1489,261.2,0.120037,0.0,42406.1,0537
1750171725353,FARTCOIN,B,Open Long,1.1489,261.2,0.120037,0.0,42667.3,0537
1750171725353,FARTCOIN,B,Open Long,1.149,421.0,0.193491,0.0,42928.5,0537
1750171725353,FARTCOIN,B,Open Long,1.149,217.5,0.099963,0.0,43349.5,0537
1750171725353,FARTCOIN,B,Open Long,1.149,13.5,0.006204,0.0,43567.0,0537
1750171731658,SPX,B,Open Long,1.3901,290.9,0.161752,0.0,0.0,0538
1750171731658,SPX,B,Open Long,1.3905,216.0,0.120139,0.0,290.9,0538
1750171731658,SPX,B,Open Long,1.3905,216.0,0.120139,0.0,506.9,0538
1750171731658,SPX,B,Open Long,1.3906,288.2,0.160308,0.0,722.9,0538
1750171731658,SPX,B,Open Long,1.3907,216.0,0.120156,0.0,1011.1,0538
1750171731658,SPX,B,Open Long,1.3907,216.0,0.120156,0.0,1227.1,0538
1750171731658,SPX,B,Open Long,1.3907,216.0,0.120156,0.0,1443.1,0538
1750171731658,SPX,B,Open Long,1.3907,216.0,0.120156,0.0,1659.1,0538
1750171731658,SPX,B,Open Long,1.3908,268.9,0.149594,0.0,1875.1,0538
1750171731658,SPX,B,Open Long,1.3908,270.8,0.150651,0.0,2144.0,0538
1750171731658,SPX,B,Open Long,1.3909,216.0,0.120173,0.0,2414.8,0538
1750171731658,SPX,B,Open Long,1.3909,216.0,0.120173,0.0,2630.8,0538
1750171731658,SPX,B,Open Long,1.3909,216.0,0.120173,0.0,2846.8,0538
1750171731658,SPX,B,Open Long,1.391,216.0,0.120182,0.0,3062.8,0538
1750171731658,SPX,B,Open Long,1.3911,216.0,0.120191,0.0,3278.8,0538
1750171731658,SPX,B,Open Long,1.3913,1046.8,0.582565,0.0,3494.8,0538
1750171731658,SPX,B,Open Long,1.3914,216.0,0.120216,0.0,4541.6,0538
1750171731658,SPX,B,Open Long,1.3914,216.0,0.120216,0.0,4757.6,0538
1750171731658,SPX,B,Open Long,1.3914,216.0,0.120216,0.0,4973.6,0538
1750171731658,SPX,B,Open Long,1.3914,1182.5,0.658132,0.0,5189.6,0538
1750171731658,SPX,B,Open Long,1.3915,227.0,0.126348,0.0,6372.1,0538
1750171731658,SPX,B,Open Long,1.3915,227.0,0.126348,0.0,6599.1,0538
1750171731658,SPX,B,Open Long,1.3915,216.0,0.120225,0.0,6826.1,0538
1750171731658,SPX,B,Open Long,1.3915,216.0,0.120225,0.0,7042.1,0538
1750171731658,SPX,B,Open Long,1.3915,227.0,0.126348,0.0,7258.1,0538
1750171731658,SPX,B,Open Long,1.3916,227.0,0.126357,0.0,7485.1,0538
1750172204523,FARTCOIN,A,Close Long,1.1403,132.0,0.018062,-1.1154,43580.5,0541
1750172204899,FARTCOIN,A,Close Long,1.1403,914.7,0.125163,-7.729215,43448.5,0541
1750172205123,FARTCOIN,A,Close Long,1.1403,164.5,0.022509,-1.390025,42533.8,0541
1750172205123,FARTCOIN,A,Close Long,1.1403,457.6,0.062616,-3.86672,42369.3,0541
1750172205685,FARTCOIN,A,Close Long,1.1403,1388.5,0.189996,-11.732825,41911.7,0541
1750172205741,FARTCOIN,A,Close Long,1.1403,10862.1,1.486326,-91.784745,40523.2,0541
1750172205794,FARTCOIN,A,Close Long,1.1403,6018.9,0.823602,-50.859705,29661.1,0541
1750172205794,FARTCOIN,A,Close Long,1.1403,1591.2,0.217733,-13.44564,23642.2,0541
1750172205794,FARTCOIN,A,Close Long,1.1403,1077.3,0.147413,-9.103185,22051.0,0541
1750172206315,FARTCOIN,A,Close Long,1.1403,2186.4,0.299178,-18.47508,20973.7,0541
1750172221816,FARTCOIN,A,Close Long,1.1402,747.8,0.341056,-6.39369,18787.3,0542
1750172221816,FARTCOIN,A,Close Long,1.1402,438.5,0.199991,-3.749175,18039.5,0542
1750172221816,FARTCOIN,A,Close Long,1.1402,43.9,0.020021,-0.375345,17601.0,0542
1750172221816,FARTCOIN,A,Close Long,1.1402,43.9,0.020021,-0.375345,17557.1,0542
1750172221816,FARTCOIN,A,Close Long,1.1402,1070.7,0.488324,-9.154485,17513.2,0542
1750172221816,FARTCOIN,A,Close Long,1.1402,43.9,0.020021,-0.375345,16442.5,0542
1750172221816,FARTCOIN,A,Close Long,1.1402,821.3,0.374578,-7.022115,16398.6,0542
1750172224565,FARTCOIN,A,Close Long,1.1402,626.4,0.085706,-5.35572,15577.3,0542
1750172226150,FARTCOIN,A,Close Long,1.1402,104.2,0.014257,-0.89091,14950.9,0542
1750172228568,FARTCOIN,A,Close Long,1.1402,447.9,0.061283,-3.829545,14846.7,0542
1750172228569,FARTCOIN,A,Close Long,1.1402,617.6,0.084502,-5.28048,14398.8,0542
1750172229166,FARTCOIN,A,Close Long,1.1402,1159.8,0.158688,-9.91629,13781.2,0542
1750172229166,FARTCOIN,A,Close Long,1.1402,394.7,0.054004,-3.374685,12621.4,0542
1750172229166,FARTCOIN,A,Close Long,1.1402,894.7,0.122416,-7.649685,12226.7,0542
1750172229237,FARTCOIN,A,Close Long,1.1402,394.7,0.054004,-3.374685,11332.0,0542
1750172229237,FARTCOIN,A,Close Long,1.1402,394.7,0.054004,-3.374685,10937.3,0542
1750172229237,FARTCOIN,A,Close Long,1.1402,962.4,0.131679,-8.22852,10542.6,0542
1750172229963,FARTCOIN,A,Close Long,1.1402,1149.7,0.157306,-9.829935,9580.2,0542
1750172238462,FARTCOIN,A,Close Long,1.1402,827.2,0.11318,-7.07256,8430.5,0542
1750172238865,FARTCOIN,A,Close Long,1.1402,508.3,0.069547,-4.345965,7603.3,0542
1750172238865,FARTCOIN,A,Close Long,1.1402,86.0,0.011766,-0.7353,7095.0,0542
1750172240590,FARTCOIN,A,Close Long,1.1398,585.4,0.266895,-5.23933,7009.0,0543
1750172240590,FARTCOIN,A,Close Long,1.1398,563.1,0.256728,-5.039745,6423.6,0543
1750172240590,FARTCOIN,A,Close Long,1.1398,170.4,0.077688,-1.52508,5860.5,0543
1750172240590,FARTCOIN,A,Close Long,1.1397,4317.9,1.968444,-39.076995,5690.1,0543
1750172240590,FARTCOIN,A,Close Long,1.1397,453.7,0.206832,-4.105985,1372.2,0543
1750172240590,FARTCOIN,A,Close Long,1.1397,918.5,0.418725,-8.312425,918.5,0543
1750172242073,SPX,A,Close Long,1.3774,288.8,0.159117,-4.228032,35966.0,0544
1750172242073,SPX,A,Close Long,1.3774,1107.6,0.610243,-16.215264,35677.2,0544
1750172242073,SPX,A,Close Long,1.3774,926.7,0.510574,-13.566888,34569.6,0544
1750172242073,SPX,A,Close Long,1.3773,277.9,0.1531,-4.096246,33642.9,0544
1750172242073,SPX,A,Close Long,1.3772,327.5,0.180413,-4.8601,33365.0,0544
1750172242073,SPX,A,Close Long,1.3772,300.3,0.165429,-4.456452,33037.5,0544
1750172242073,SPX,A,Close Long,1.3771,332.7,0.183264,-4.970538,32737.2,0544
1750172242073,SPX,A,Close Long,1.3771,598.2,0.329512,-8.937108,32404.5,0544
1750172242073,SPX,A,Close Long,1.377,1398.7,0.770403,-21.036448,31806.3,0544
1750172242073,SPX,A,Close Long,1.377,619.1,0.341,-9.311264,30407.6,0544
1750172242073,SPX,A,Close Long,1.3768,592.3,0.326191,-9.026652,29788.5,0544
1750172242073,SPX,A,Close Long,1.3768,634.9,0.349652,-9.675876,29196.2,0544
1750172242073,SPX,A,Close Long,1.3768,363.0,0.199911,-5.53212,28561.3,0544
1750172242073,SPX,A,Close Long,1.3767,218.0,0.120048,-3.34412,28198.3,0544
1750172242073,SPX,A,Close Long,1.3766,7427.5,4.089878,-114.6806,27980.3,0544
1750172242073,SPX,A,Close Long,1.3766,218.0,0.120039,-3.36592,20552.8,0544
1750172242073,SPX,A,Close Long,1.3766,218.0,0.120039,-3.36592,20334.8,0544
1750172242073,SPX,A,Close Long,1.3765,218.0,0.12003,-3.38772,20116.8,0544
1750172242073,SPX,A,Close Long,1.3764,218.0,0.120022,-3.40952,19898.8,0544
1750172242073,SPX,A,Close Long,1.3764,218.0,0.120022,-3.40952,19680.8,0544
1750172242073,SPX,A,Close Long,1.3764,218.0,0.120022,-3.40952,19462.8,0544
1750172242073,SPX,A,Close Long,1.3763,229.0,0.126069,-3.60446,19244.8,0544
1750172242073,SPX,A,Close Long,1.3763,229.0,0.126069,-3.60446,19015.8,0544
1750172242073,SPX,A,Close Long,1.3763,571.5,0.314622,-8.99541,18786.8,0544
1750172242073,SPX,A,Close Long,1.3762,229.0,0.126059,-3.62736,18215.3,0544
1750172242073,SPX,A,Close Long,1.3762,1186.4,0.653089,-18.792576,17986.3,0544
1750172242073,SPX,A,Close Long,1.3762,997.8,0.549268,-15.805152,16799.9,0544
1750172242073,SPX,A,Close Long,1.3762,635.8,0.349995,-10.071072,15802.1,0544
1750172242073,SPX,A,Close Long,1.3762,6297.1,3.466427,-99.746064,15166.3,0544
1750172242073,SPX,A,Close Long,1.3761,1046.8,0.5762,-16.685992,8869.2,0544
1750172242073,SPX,A,Close Long,1.3761,73.3,0.040347,-1.168402,7822.4,0544
1750172242073,SPX,A,Close Long,1.376,266.0,0.146406,-4.26664,7749.1,0544
1750172242073,SPX,A,Close Long,1.376,229.0,0.126041,-3.67316,7483.1,0544
1750172242073,SPX,A,Close Long,1.376,726.5,0.399865,-11.65306,7254.1,0544
1750172242073,SPX,A,Close Long,1.3759,241.0,0.132636,-3.88974,6527.6,0544
1750172242073,SPX,A,Close Long,1.3759,229.0,0.126032,-3.69606,6286.6,0544
1750172242073,SPX,A,Close Long,1.3759,229.0,0.126032,-3.69606,6057.6,0544
1750172242073,SPX,A,Close Long,1.3758,1220.1,0.671445,-19.814424,5828.6,0544
1750172242073,SPX,A,Close Long,1.3757,229.0,0.126014,-3.74186,4608.5,0544
1750172242073,SPX,A,Close Long,1.3757,219.0,0.120511,-3.57846,4379.5,0544
1750172242073,SPX,A,Close Long,1.3757,219.0,0.120511,-3.57846,4160.5,0544
1750172242073,SPX,A,Close Long,1.3757,1452.5,0.799281,-23.73385,3941.5,0544
1750172242073,SPX,A,Close Long,1.3757,219.0,0.120511,-3.57846,2489.0,0544
1750172242073,SPX,A,Close Long,1.3756,229.0,0.126004,-3.76476,2270.0,0544
1750172242073,SPX,A,Close Long,1.3756,229.0,0.126004,-3.76476,2041.0,0544
1750172242073,SPX,A,Close Long,1.3756,219.0,0.120502,-3.60036,1812.0,0544
1750172242073,SPX,A,Close Long,1.3756,219.0,0.120502,-3.60036,1593.0,0544
1750172242073,SPX,A,Close Long,1.3755,229.0,0.125995,-3.78766,1374.0,0544
1750172242073,SPX,A,Close Long,1.3755,229.0,0.125995,-3.78766,1145.0,0544
1750172242073,SPX,A,Close Long,1.3755,73.3,0.040329,-1.212382,916.0,0544
1750172242073,SPX,A,Close Long,1.3755,842.7,0.463653,-13.938258,842.7,0544
1750176985829,FARTCOIN,B,Open Long,1.1,67.1,0.008857,0.0,565.5,0539
1750176985944,FARTCOIN,B,Open Long,1.1,568.2,0.075002,0.0,632.6,0539
1750178115001,FARTCOIN,B,Open Long,1.0902,688.2,0.090033,0.0,1536.8,0540
1750179748428,SPX,B,Open Long,1.335,356.0,0.057031,0.0,1160.7,0545
1750179748556,SPX,B,Open Long,1.335,281.6,0.045112,0.0,1516.7,0545
1750187515782,BTC,B,Open Long,104650.0,0.05731,0.719698,0.0,0.0,0546
1750188241661,SPX,B,Open Long,1.415,947.1,0.160817,0.0,3930.2,0554
1750188247999,SPX,B,Open Long,1.415,63.1,0.010714,0.0,4877.3,0554
1750188533274,SPX,B,Open Long,1.3992,1116.5,0.187464,0.0,5014.4,0555
1750189210726,SPX,B,Open Long,1.3834,1222.9,0.203011,0.0,6305.1,0556
1750190295125,SPX,B,Open Long,1.3676,1329.2,0.218137,0.0,7796.0,0557
1750191264997,BTC,B,Open Long,104450.0,0.03037,0.380657,0.0,0.05731,0565
1750191376140,SPX,B,Open Long,1.3518,1435.5,0.232861,0.0,9184.3,0558
1750191445992,BTC,B,Open Long,104311.0,0.03357,0.420206,0.0,0.08768,0566
1750191546014,BTC,B,Open Long,104171.0,0.03676,0.459519,0.0,0.12125,0567
1750191550047,FARTCOIN,B,Open Long,1.135,7.2,0.00098,0.0,5574.0,0547
1750191550352,FARTCOIN,B,Open Long,1.135,1266.9,0.172551,0.0,5581.2,0547
1750193372360,SPX,B,Open Long,1.3361,1436.7,0.230348,0.0,10619.8,0559
1750193391814,SPX,B,Open Long,1.3361,105.2,0.016866,0.0,12056.5,0559
1750194557429,FARTCOIN,B,Open Long,1.1213,1408.3,0.189495,0.0,6848.1,0548
1750194675221,SPX,B,Open Long,1.3203,1210.4,0.19177,0.0,12161.7,0560
1750194675221,SPX,B,Open Long,1.3203,437.8,0.069363,0.0,13372.1,0560
1750201314719,FARTCOIN,B,Open Long,1.1076,641.3,0.085236,0.0,8256.4,0549
1750201315065,FARTCOIN,B,Open Long,1.1076,251.7,0.033453,0.0,8897.7,0549
1750201315523,FARTCOIN,B,Open Long,1.1076,178.8,0.023764,0.0,9149.4,0549
1750201316475,FARTCOIN,B,Open Long,1.1076,470.6,0.062548,0.0,9328.2,0549
1750204338640,SPX,B,Open Long,1.3045,1754.6,0.274665,0.0,13809.9,0561
1750204933797,SPX,B,Open Long,1.2887,163.7,0.025315,0.0,15564.5,0562
1750204933797,SPX,B,Open Long,1.2887,1082.7,0.167433,0.0,15728.2,0562
1750205086362,SPX,B,Open Long,1.2887,614.5,0.095028,0.0,16810.9,0562
1750205764232,SPX,B,Open Long,1.2729,1967.2,0.300485,0.0,17425.4,0563
1750206191047,FARTCOIN,B,Open Long,1.0939,64.0,0.008401,0.0,9798.8,0550
1750206193221,FARTCOIN,B,Open Long,1.0939,1612.5,0.211669,0.0,9862.8,0550
1750206397033,SPX,B,Open Long,1.2571,842.4,0.127077,0.0,19392.6,0564
1750206398034,SPX,B,Open Long,1.2571,1231.2,0.185728,0.0,20235.0,0564
1750236017584,FARTCOIN,B,Open Long,1.0803,1810.6,0.234718,0.0,11475.3,0551
1750236041315,FARTCOIN,B,Open Long,1.0666,1944.8,0.248918,0.0,13285.9,0552
1750236047328,FARTCOIN,B,Open Long,1.0529,2078.9,0.262664,0.0,15230.7,0553
1750252437149,BTC,B,Open Long,104032.0,0.03996,0.498854,0.0,0.15801,0568
1750252664403,BTC,B,Open Long,103892.0,0.04316,0.538077,0.0,0.19797,0569
1750253409024,BTC,B,Open Long,103753.0,0.0009,0.011205,0.0,0.24113,0570
1750253409139,BTC,B,Open Long,103753.0,0.04546,0.565993,0.0,0.24203,0570
1750254123128,FARTCOIN,B,Open Long,1.07,482.2,0.061914,0.0,17309.6,0571
1750254142246,FARTCOIN,B,Open Long,1.0663,47.2,0.006039,0.0,17791.8,0572
1750254142357,FARTCOIN,B,Open Long,1.0663,46.9,0.006001,0.0,17839.0,0572
1750254142357,FARTCOIN,B,Open Long,1.0663,47.0,0.006013,0.0,17885.9,0572
1750254142357,FARTCOIN,B,Open Long,1.0663,46.9,0.006001,0.0,17932.9,0572
1750254142357,FARTCOIN,B,Open Long,1.0663,53.8,0.006884,0.0,17979.8,0572
1750254142357,FARTCOIN,B,Open Long,1.0663,46.9,0.006001,0.0,18033.6,0572
1750254143444,FARTCOIN,B,Open Long,1.0663,245.4,0.0314,0.0,18080.5,0572
1750254144632,FARTCOIN,B,Open Long,1.0663,8.4,0.001074,0.0,18325.9,0572
1750254442686,FARTCOIN,B,Open Long,1.0625,594.6,0.075811,0.0,18334.3,0573
1750254442939,FARTCOIN,B,Open Long,1.0625,8.2,0.001045,0.0,18928.9,0573
1750255254002,FARTCOIN,B,Open Long,1.075,496.0,0.063984,0.0,18937.1,0574
1750259215071,SPX,B,Open Long,1.315,696.8,0.109955,0.0,23982.4,0575
1750270085736,FARTCOIN,B,Open Long,1.125,447.1,0.060358,0.0,33257.0,0585
1750270106522,FARTCOIN,B,Open Long,1.1229,166.0,0.022368,0.0,33704.1,0586
1750270107029,FARTCOIN,B,Open Long,1.1229,329.0,0.044332,0.0,33870.1,0586
1750270134095,SPX,B,Open Long,1.345,111.1,0.017931,0.0,31479.5,0592
1750270134612,SPX,B,Open Long,1.345,120.2,0.0194,0.0,31590.6,0592
1750270214206,FARTCOIN,B,Open Long,1.1207,542.9,0.073011,0.0,34199.1,0587
1750270215593,FARTCOIN,B,Open Long,1.1186,46.8,0.006282,0.0,34742.0,0588
1750270215593,FARTCOIN,B,Open Long,1.1186,310.8,0.041719,0.0,34788.8,0588
1750270216677,FARTCOIN,B,Open Long,1.1186,233.2,0.031302,0.0,35099.6,0588
1750270231577,SPX,B,Open Long,1.3429,218.0,0.03513,0.0,31710.8,0593
1750270238817,SPX,B,Open Long,1.3429,51.8,0.008347,0.0,31928.8,0593
1750270240706,BTC,B,Open Long,104000.0,0.03351,0.418204,0.0,0.69412,0576
1750270381949,BTC,B,Open Long,103929.0,0.03206,0.399835,0.0,0.72763,0577
1750270381949,BTC,B,Open Long,103929.0,0.00384,0.04789,0.0,0.75969,0577
1750270602895,FARTCOIN,B,Open Long,1.1164,638.7,0.085565,0.0,35332.8,0589
1750270617004,FARTCOIN,B,Open Long,1.1143,686.6,0.091809,0.0,35971.5,0590
1750270715156,SPX,B,Open Long,1.3408,308.4,0.04962,0.0,31980.6,0594
1750270766695,SPX,B,Open Long,1.3388,346.9,0.055731,0.0,32289.0,0595
1750270804166,SPX,B,Open Long,1.3367,250.0,0.040101,0.0,32635.9,0596
1750270804332,SPX,B,Open Long,1.3367,135.5,0.021734,0.0,32885.9,0596
1750272838954,FARTCOIN,B,Open Long,1.1121,734.5,0.09802,0.0,36658.1,0591
1750272853246,BTC,B,Open Long,103857.0,0.0383,0.477326,0.0,0.76353,0578
1750272945042,BTC,B,Open Long,103786.0,0.04069,0.506766,0.0,0.80183,0579
1750272992881,BTC,B,Open Long,103714.0,0.04309,0.536284,0.0,0.84252,0580
1750273011308,BTC,B,Open Long,103643.0,0.04548,0.565642,0.0,0.88561,0581
1750273033619,BTC,B,Open Long,103571.0,0.04787,0.594953,0.0,0.93109,0582
1750273199784,SPX,B,Open Long,1.3346,424.1,0.06792,0.0,33021.4,0597
1750273204778,BTC,B,Open Long,103500.0,0.05027,0.624353,0.0,0.97896,0583
1750273204778,BTC,B,Open Long,103429.0,0.05266,0.653588,0.0,1.02923,0584
1750273262389,SPX,B,Open Long,1.3325,150.1,0.024,0.0,33445.5,0598
1750273292876,SPX,B,Open Long,1.3325,312.5,0.049968,0.0,33595.6,0598
1750273319434,SPX,B,Open Long,1.3304,73.5,0.011734,0.0,33908.1,0599
1750273327020,SPX,B,Open Long,1.3304,427.7,0.068281,0.0,33981.6,0599
1750273327020,SPX,B,Open Long,1.3283,539.7,0.086026,0.0,34409.3,0600
1750273379103,SPX,B,Open Long,1.3263,578.3,0.092039,0.0,34949.0,0601
1750273399456,SPX,B,Open Long,1.3242,616.8,0.098011,0.0,35527.3,0602
1750273407588,SPX,B,Open Long,1.3221,242.0,0.038393,0.0,36144.1,0603
1750273410193,SPX,B,Open Long,1.3221,397.3,0.063032,0.0,36386.1,0603
1750273424308,SPX,B,Open Long,1.3221,16.1,0.002554,0.0,36783.4,0603
1750273987231,SPX,B,Open Long,1.32,693.9,0.109913,0.0,36799.5,0604
1750275191749,SPX,A,Close Long,1.3217,378.3,0.199999,-4.951947,37493.4,0605
1750275191749,SPX,A,Close Long,1.3217,378.3,0.199999,-4.951947,37115.1,0605
1750275191749,SPX,A,Close Long,1.3216,1398.7,0.739408,-18.448853,36736.8,0605
1750275191749,SPX,A,Close Long,1.3214,14.1,0.007452,-0.188799,35338.1,0605
1750275191749,SPX,A,Close Long,1.3214,228.0,0.120511,-3.05292,35324.0,0605
1750275191749,SPX,A,Close Long,1.3214,618.1,0.326702,-8.276359,35096.0,0605
1750275191749,SPX,A,Close Long,1.3213,228.0,0.120502,-3.07572,34477.9,0605
1750275191749,SPX,A,Close Long,1.3213,228.0,0.120502,-3.07572,34249.9,0605
1750275191749,SPX,A,Close Long,1.3213,228.0,0.120502,-3.07572,34021.9,0605
1750275191749,SPX,A,Close Long,1.3213,228.0,0.120502,-3.07572,33793.9,0605
1750275191749,SPX,A,Close Long,1.3213,1278.7,0.675818,-17.249663,33565.9,0605
1750275191749,SPX,A,Close Long,1.3212,228.0,0.120493,-3.09852,32287.2,0605
1750275191749,SPX,A,Close Long,1.3212,228.0,0.120493,-3.09852,32059.2,0605
1750275191749,SPX,A,Close Long,1.3212,228.0,0.120493,-3.09852,31831.2,0605
1750275191749,SPX,A,Close Long,1.3212,228.0,0.120493,-3.09852,31603.2,0605
1750275191749,SPX,A,Close Long,1.3212,1398.7,0.739184,-19.008333,31375.2,0605
1750275191749,SPX,A,Close Long,1.3212,228.0,0.120493,-3.09852,29976.5,0605
1750275191749,SPX,A,Close Long,1.3211,450.0,0.237798,-6.1605,29748.5,0605
1750275191749,SPX,A,Close Long,1.321,228.0,0.120475,-3.14412,29298.5,0605
1750275191749,SPX,A,Close Long,1.3209,228.0,0.120466,-3.16692,29070.5,0605
1750275191749,SPX,A,Close Long,1.3209,139.5,0.073706,-1.937655,28842.5,0605
1750275191749,SPX,A,Close Long,1.3209,228.0,0.120466,-3.16692,28703.0,0605
1750275191749,SPX,A,Close Long,1.3208,149.5,0.078983,-2.091505,28475.0,0605
1750275191749,SPX,A,Close Long,1.3208,378.4,0.199916,-5.293816,28325.5,0605
1750275191749,SPX,A,Close Long,1.3207,228.0,0.120447,-3.21252,27947.1,0605
1750275191749,SPX,A,Close Long,1.3207,2269.2,1.198772,-31.973028,27719.1,0605
1750275191749,SPX,A,Close Long,1.3206,73.6,0.038878,-1.044384,25449.9,0605
1750275191749,SPX,A,Close Long,1.3206,228.0,0.120438,-3.23532,25376.3,0605
1750275191749,SPX,A,Close Long,1.3206,228.0,0.120438,-3.23532,25148.3,0605
1750275191749,SPX,A,Close Long,1.3206,228.0,0.120438,-3.23532,24920.3,0605
1750275191749,SPX,A,Close Long,1.3206,228.0,0.120438,-3.23532,24692.3,0605
1750275191749,SPX,A,Close Long,1.3205,263.0,0.138916,-3.75827,24464.3,0605
1750275191749,SPX,A,Close Long,1.3205,228.0,0.120429,-3.25812,24201.3,0605
1750275191749,SPX,A,Close Long,1.3205,228.0,0.120429,-3.25812,23973.3,0605
1750275191749,SPX,A,Close Long,1.3205,228.0,0.120429,-3.25812,23745.3,0605
1750275191749,SPX,A,Close Long,1.3205,228.0,0.120429,-3.25812,23517.3,0605
1750275191749,SPX,A,Close Long,1.3205,228.0,0.120429,-3.25812,23289.3,0605
1750275191749,SPX,A,Close Long,1.3205,228.0,0.120429,-3.25812,23061.3,0605
1750275191749,SPX,A,Close Long,1.3205,3025.6,1.598121,-43.235824,22833.3,0605
1750275191749,SPX,A,Close Long,1.3204,228.0,0.12042,-3.28092,19807.7,0605
1750275191749,SPX,A,Close Long,1.3204,228.0,0.12042,-3.28092,19579.7,0605
1750275191749,SPX,A,Close Long,1.3204,1512.8,0.799,-21.769192,19351.7,0605
1750275191749,SPX,A,Close Long,1.3203,228.0,0.120411,-3.30372,17838.9,0605
1750275191749,SPX,A,Close Long,1.3203,228.0,0.120411,-3.30372,17610.9,0605
1750275191749,SPX,A,Close Long,1.3203,228.0,0.120411,-3.30372,17382.9,0605
1750275191749,SPX,A,Close Long,1.3202,239.0,0.126211,-3.48701,17154.9,0605
1750275191749,SPX,A,Close Long,1.3202,239.0,0.126211,-3.48701,16915.9,0605
1750275191749,SPX,A,Close Long,1.3202,228.0,0.120402,-3.32652,16676.9,0605
1750275191749,SPX,A,Close Long,1.3201,1108.0,0.585068,-16.27652,16448.9,0605
1750275191749,SPX,A,Close Long,1.3201,228.0,0.120393,-3.34932,15340.9,0605
1750275191749,SPX,A,Close Long,1.32,15.2,0.008025,-0.224808,15112.9,0605
1750275191749,SPX,A,Close Long,1.32,239.0,0.126192,-3.53481,15097.7,0605
1750275191749,SPX,A,Close Long,1.32,7549.2,3.985977,-111.652668,14858.7,0605
1750275191749,SPX,A,Close Long,1.32,73.6,0.03886,-1.088544,7309.5,0605
1750275191749,SPX,A,Close Long,1.32,228.0,0.120384,-3.37212,7235.9,0605
1750275191749,SPX,A,Close Long,1.32,710.0,0.37488,-10.5009,7007.9,0605
1750275193156,SPX,A,Close Long,1.32,688.8,0.109105,-10.187352,6297.9,0605
1750275193156,SPX,A,Close Long,1.32,360.0,0.057024,-5.3244,5609.1,0605
1750275193156,SPX,A,Close Long,1.32,198.3,0.03141,-2.932857,5249.1,0605
1750275194228,SPX,A,Close Long,1.32,21.0,0.003326,-0.31059,5050.8,0605
1750275194370,SPX,A,Close Long,1.32,198.3,0.03141,-2.932857,5029.8,0605
1750275195327,SPX,A,Close Long,1.32,46.0,0.007286,-0.68034,4831.5,0605
1750275195899,SPX,A,Close Long,1.32,1622.4,0.256988,-23.995296,4785.5,0605
1750275196099,SPX,A,Close Long,1.32,1620.6,0.256703,-23.968674,3163.1,0605
1750275196099,SPX,A,Close Long,1.32,1542.5,0.244332,-22.813575,1542.5,0605
1750275560782,SPX,B,Open Long,1.3272,6342.2,3.366947,0.0,0.0,0606
1750275560782,SPX,B,Open Long,1.3272,2214.3,1.175527,0.0,6342.2,0606
1750275560782,SPX,B,Open Long,1.3274,73.6,0.039078,0.0,8556.5,0606
1750275560782,SPX,B,Open Long,1.3275,1281.9,0.680688,0.0,8630.1,0606
1750275560782,SPX,B,Open Long,1.3276,1108.0,0.588392,0.0,9912.0,0606
1750275560782,SPX,B,Open Long,1.3277,1398.7,0.742821,0.0,11020.0,0606
1750275560782,SPX,B,Open Long,1.328,73.6,0.039096,0.0,12418.7,0606
1750275560782,SPX,B,Open Long,1.328,1255.8,0.66708,0.0,12492.3,0606
1750275560782,SPX,B,Open Long,1.3281,604.1,0.320922,0.0,13748.1,0606
1750275560782,SPX,B,Open Long,1.3281,376.4,0.199958,0.0,14352.2,0606
1750275560782,SPX,B,Open Long,1.3282,1108.0,0.588658,0.0,14728.6,0606
1750275560782,SPX,B,Open Long,1.3282,1507.7,0.80101,0.0,15836.6,0606
1750275560782,SPX,B,Open Long,1.3282,1499.4,0.796601,0.0,17344.3,0606
1750275995876,SPX,A,Close Long,1.3175,228.0,0.036046,-2.3028,18843.7,0607
1750275996288,SPX,A,Close Long,1.3175,555.0,0.087745,-5.6055,18615.7,0607
1750275996288,SPX,A,Close Long,1.3175,759.0,0.119997,-7.6659,18060.7,0607
1750275996288,SPX,A,Close Long,1.3175,1619.4,0.256027,-16.35594,17301.7,0607
1750275997282,SPX,A,Close Long,1.3175,165.0,0.026086,-1.6665,15682.3,0607
1750275997343,SPX,A,Close Long,1.3175,569.0,0.089958,-5.7469,15517.3,0607
1750275997343,SPX,A,Close Long,1.3175,1547.5,0.244659,-15.62975,14948.3,0607
1750275997565,SPX,A,Close Long,1.3175,5250.3,0.830072,-53.02803,13400.8,0607
1750275997565,SPX,A,Close Long,1.3175,361.0,0.057074,-3.6461,8150.5,0607
1750275997565,SPX,A,Close Long,1.3175,242.8,0.038386,-2.45228,7789.5,0607
1750275997616,SPX,A,Close Long,1.3175,391.2,0.061848,-3.95112,7546.7,0607
1750275997687,SPX,A,Close Long,1.3175,1058.7,0.16738,-10.69287,7155.5,0607
1750275997687,SPX,A,Close Long,1.3175,1097.2,0.173467,-11.08172,6096.8,0607
1750275997687,SPX,A,Close Long,1.3175,379.3,0.059967,-3.83093,4999.6,0607
1750275997767,SPX,A,Close Long,1.3175,247.0,0.03905,-2.4947,4620.3,0607
1750275997767,SPX,A,Close Long,1.3175,325.6,0.051477,-3.28856,4373.3,0607
1750275997767,SPX,A,Close Long,1.3175,89.4,0.014134,-0.90294,4047.7,0607
1750275998779,SPX,A,Close Long,1.3175,151.0,0.023873,-1.5251,3958.3,0607
1750275999227,SPX,A,Close Long,1.3175,95.7,0.01513,-0.96657,3807.3,0607
1750276002863,SPX,A,Close Long,1.3175,361.0,0.057074,-3.6461,3711.6,0607
1750276003169,SPX,A,Close Long,1.3175,14.0,0.002213,-0.1414,3350.6,0607
1750276003932,SPX,A,Close Long,1.3175,870.0,0.137547,-8.787,3336.6,0607
1750276004893,SPX,A,Close Long,1.3175,1113.8,0.176091,-11.24938,2466.6,0607
1750276004900,SPX,A,Close Long,1.3175,106.0,0.016758,-1.0706,1352.8,0607
1750276004900,SPX,A,Close Long,1.3175,1246.8,0.197119,-12.59268,1246.8,0607
1750276202291,BTC,A,Close Long,104036.0,0.5,20.8072,-56.05,1.08189,0608
1750276202291,BTC,A,Close Long,104036.0,0.04613,1.919672,-5.171173,0.58189,0608
1750276202291,BTC,A,Close Long,104035.0,0.34862,14.507472,-39.428922,0.53576,0608
1750276202291,BTC,A,Close Long,104035.0,0.07689,3.1997,-8.696259,0.18714,0608
1750276202291,BTC,A,Close Long,104035.0,0.07689,3.1997,-8.696259,0.11025,0608
1750276202291,BTC,A,Close Long,104035.0,0.03336,1.388243,-3.773016,0.03336,0608
1750276203975,FARTCOIN,A,Close Long,1.1183,336.1,0.150344,5.014612,37392.6,0609
1750276203975,FARTCOIN,A,Close Long,1.1183,519.5,0.232382,7.75094,37056.5,0609
1750276203975,FARTCOIN,A,Close Long,1.1182,336.1,0.15033,4.981002,36537.0,0609
1750276203975,FARTCOIN,A,Close Long,1.118,519.5,0.23232,7.59509,36200.9,0609
1750276203975,FARTCOIN,A,Close Long,1.1177,463.2,0.207087,6.633024,35681.4,0609
1750276203975,FARTCOIN,A,Close Long,1.1177,1789.9,0.800228,25.631368,35218.2,0609
1750276203975,FARTCOIN,A,Close Long,1.1177,497.1,0.222243,7.118472,33428.3,0609
1750276203975,FARTCOIN,A,Close Long,1.1177,298.3,0.133363,4.271656,32931.2,0609
1750276203975,FARTCOIN,A,Close Long,1.1176,2196.1,0.981744,31.228542,32632.9,0609
1750276203975,FARTCOIN,A,Close Long,1.1176,1790.0,0.800201,25.4538,30436.8,0609
1750276203975,FARTCOIN,A,Close Long,1.1176,153.1,0.068441,2.177082,28646.8,0609
1750276203975,FARTCOIN,A,Close Long,1.1176,447.4,0.200005,6.362028,28493.7,0609
1750276203975,FARTCOIN,A,Close Long,1.1176,447.4,0.200005,6.362028,28046.3,0609
1750276203975,FARTCOIN,A,Close Long,1.1176,5122.9,2.290141,72.847638,27598.9,0609
1750276203975,FARTCOIN,A,Close Long,1.1176,1900.0,0.849376,27.018,22476.0,0609
1750276203975,FARTCOIN,A,Close Long,1.1176,447.6,0.200095,6.364872,20576.0,0609
1750276203975,FARTCOIN,A,Close Long,1.1176,298.3,0.133352,4.241826,20128.4,0609
1750276203975,FARTCOIN,A,Close Long,1.1176,1654.7,0.739717,23.529834,19830.1,0609
1750276203975,FARTCOIN,A,Close Long,1.1176,15718.5,7.026798,223.51707,18175.4,0609
1750276203975,FARTCOIN,A,Close Long,1.1176,855.2,0.382308,12.160944,2456.9,0609
1750276203975,FARTCOIN,A,Close Long,1.1176,895.3,0.400234,12.731166,1601.7,0609
1750276203975,FARTCOIN,A,Close Long,1.1176,322.6,0.144215,4.587372,706.4,0609
1750276203975,FARTCOIN,A,Close Long,1.1176,383.8,0.171573,5.457636,383.8,0609
1750276532177,FARTCOIN,B,Open Long,1.1163,208.4,0.093054,0.0,0.0,0610
1750276532177,FARTCOIN,B,Open Long,1.1163,459.8,0.205309,0.0,208.4,0610
1750276532177,FARTCOIN,B,Open Long,1.1163,895.7,0.399947,0.0,668.2,0610
1750276532177,FARTCOIN,B,Open Long,1.1163,895.7,0.399947,0.0,1563.9,0610
1750276532177,FARTCOIN,B,Open Long,1.1164,895.8,0.400028,0.0,2459.6,0610
1750276532177,FARTCOIN,B,Open Long,1.1164,459.7,0.205283,0.0,3355.4,0610
1750276532177,FARTCOIN,B,Open Long,1.1165,1735.4,0.775029,0.0,3815.1,0610
1750276532177,FARTCOIN,B,Open Long,1.1165,1791.6,0.800128,0.0,5550.5,0610
1750276532177,FARTCOIN,B,Open Long,1.1165,208.3,0.093026,0.0,7342.1,0610
1750276532177,FARTCOIN,B,Open Long,1.1165,895.7,0.400019,0.0,7550.4,0610
1750276532177,FARTCOIN,B,Open Long,1.1165,1295.6,0.578614,0.0,8446.1,0610
1750276532177,FARTCOIN,B,Open Long,1.1165,459.7,0.205302,0.0,9741.7,0610
1750276532177,FARTCOIN,B,Open Long,1.1165,1572.7,0.702367,0.0,10201.4,0610
1750276532177,FARTCOIN,B,Open Long,1.1165,1755.9,0.784184,0.0,11774.1,0610
1750276532177,FARTCOIN,B,Open Long,1.1166,4477.9,2.000009,0.0,13530.0,0610
1750276532177,FARTCOIN,B,Open Long,1.1166,1900.0,0.848616,0.0,18007.9,0610
1750276532177,FARTCOIN,B,Open Long,1.1166,4477.0,1.999607,0.0,19907.9,0610
1750276532177,FARTCOIN,B,Open Long,1.1166,1654.7,0.739055,0.0,24384.9,0610
1750276532177,FARTCOIN,B,Open Long,1.1166,855.2,0.381966,0.0,26039.6,0610
1750276532177,FARTCOIN,B,Open Long,1.1167,779.3,0.348097,0.0,26894.8,0610
1750276532177,FARTCOIN,B,Open Long,1.1167,1755.2,0.784012,0.0,27674.1,0610
1750276532177,FARTCOIN,B,Open Long,1.1167,855.2,0.382,0.0,29429.3,0610
1750276532177,FARTCOIN,B,Open Long,1.1167,552.9,0.246969,0.0,30284.5,0610
1750276532177,FARTCOIN,B,Open Long,1.1167,331.7,0.148163,0.0,30837.4,0610
1750276532177,FARTCOIN,B,Open Long,1.1167,1321.2,0.590153,0.0,31169.1,0610
1750276532177,FARTCOIN,B,Open Long,1.1168,223.7,0.099931,0.0,32490.3,0610
1750276532177,FARTCOIN,B,Open Long,1.1168,1751.7,0.782519,0.0,32714.0,0610
1750276532177,FARTCOIN,B,Open Long,1.1169,1751.3,0.78241,0.0,34465.7,0610
1750276532177,FARTCOIN,B,Open Long,1.1169,142.0,0.063439,0.0,36217.0,0610
1750276532177,FARTCOIN,B,Open Long,1.1169,142.0,0.063439,0.0,36359.0,0610
1750276532177,FARTCOIN,B,Open Long,1.1169,142.0,0.063439,0.0,36501.0,0610
1750276532177,FARTCOIN,B,Open Long,1.1169,8151.8,3.641898,0.0,36643.0,0610
1750277155692,FARTCOIN,A,Close Long,1.1014,240.1,0.105778,-3.659124,44794.8,0611
1750277155692,FARTCOIN,A,Close Long,1.1014,907.9,0.399984,-13.836396,44554.7,0611
1750277157268,FARTCOIN,A,Close Long,1.1014,468.1,0.061867,-7.133844,43646.8,0611
1750277160699,FARTCOIN,A,Close Long,1.1014,50.1,0.006621,-0.763524,43178.7,0611
1750277160866,FARTCOIN,A,Close Long,1.1014,459.6,0.060744,-7.004304,43128.6,0611
1750277176537,FARTCOIN,A,Close Long,1.1,786.0,0.34584,-13.07904,42669.0,0612
1750277176537,FARTCOIN,A,Close Long,1.1,60.0,0.0264,-0.9984,41883.0,0612
1750277176537,FARTCOIN,A,Close Long,1.0997,867.7,0.381683,-14.698838,41823.0,0612
1750277176537,FARTCOIN,A,Close Long,1.0997,1333.7,0.586667,-22.592878,40955.3,0612
1750277176537,FARTCOIN,A,Close Long,1.0997,3441.8,1.513978,-58.304092,39621.6,0612
1750277176537,FARTCOIN,A,Close Long,1.0996,336.8,0.148138,-5.739072,36179.8,0612
1750277176537,FARTCOIN,A,Close Long,1.0996,336.9,0.148182,-5.740776,35843.0,0612
1750277176537,FARTCOIN,A,Close Long,1.0996,336.9,0.148182,-5.740776,35506.1,0612
1750277176537,FARTCOIN,A,Close Long,1.0996,336.9,0.148182,-5.740776,35169.2,0612
1750277176537,FARTCOIN,A,Close Long,1.0996,561.4,0.246926,-9.566256,34832.3,0612
1750277176537,FARTCOIN,A,Close Long,1.0996,336.9,0.148182,-5.740776,34270.9,0612
1750277176537,FARTCOIN,A,Close Long,1.0996,336.9,0.148182,-5.740776,33934.0,0612
1750277176537,FARTCOIN,A,Close Long,1.0996,336.9,0.148182,-5.740776,33597.1,0612
1750277176537,FARTCOIN,A,Close Long,1.0996,3442.1,1.513973,-58.653384,33260.2,0612
1750277176537,FARTCOIN,A,Close Long,1.0995,137.0,0.060252,-2.34818,29818.1,0612
1750277176537,FARTCOIN,A,Close Long,1.0995,137.0,0.060252,-2.34818,29681.1,0612
1750277176537,FARTCOIN,A,Close Long,1.0995,137.0,0.060252,-2.34818,29544.1,0612
1750277176537,FARTCOIN,A,Close Long,1.0995,336.9,0.148168,-5.774466,29407.1,0612
1750277176537,FARTCOIN,A,Close Long,1.0995,336.9,0.148168,-5.774466,29070.2,0612
1750277176537,FARTCOIN,A,Close Long,1.0995,336.9,0.148168,-5.774466,28733.3,0612
1750277176537,FARTCOIN,A,Close Long,1.0995,561.4,0.246903,-9.622396,28396.4,0612
1750277176537,FARTCOIN,A,Close Long,1.0994,1791.0,0.78761,-30.87684,27835.0,0612
1750277176537,FARTCOIN,A,Close Long,1.0994,137.0,0.060247,-2.36188,26044.0,0612
1750277176537,FARTCOIN,A,Close Long,1.0994,867.7,0.381579,-14.959148,25907.0,0612
1750277176537,FARTCOIN,A,Close Long,1.0994,336.9,0.148155,-5.808156,25039.3,0612
1750277176537,FARTCOIN,A,Close Long,1.0994,336.9,0.148155,-5.808156,24702.4,0612
1750277176537,FARTCOIN,A,Close Long,1.0994,336.9,0.148155,-5.808156,24365.5,0612
1750277176537,FARTCOIN,A,Close Long,1.0994,137.0,0.060247,-2.36188,24028.6,0612
1750277176537,FARTCOIN,A,Close Long,1.0994,336.9,0.148155,-5.808156,23891.6,0612
1750277176537,FARTCOIN,A,Close Long,1.0994,561.5,0.246925,-9.68026,23554.7,0612
1750277176537,FARTCOIN,A,Close Long,1.0994,336.9,0.148155,-5.808156,22993.2,0612
1750277176537,FARTCOIN,A,Close Long,1.0994,561.5,0.246925,-9.68026,22656.3,0612
1750277176537,FARTCOIN,A,Close Long,1.0994,336.9,0.148155,-5.808156,22094.8,0612
1750277176537,FARTCOIN,A,Close Long,1.0994,561.5,0.246925,-9.68026,21757.9,0612
1750277176537,FARTCOIN,A,Close Long,1.0994,336.9,0.148155,-5.808156,21196.4,0612
1750277176537,FARTCOIN,A,Close Long,1.0994,336.9,0.148155,-5.808156,20859.5,0612
1750277176537,FARTCOIN,A,Close Long,1.0994,561.5,0.246925,-9.68026,20522.6,0612
1750277176537,FARTCOIN,A,Close Long,1.0994,336.9,0.148155,-5.808156,19961.1,0612
1750277176537,FARTCOIN,A,Close Long,1.0994,561.5,0.246925,-9.68026,19624.2,0612
1750277176537,FARTCOIN,A,Close Long,1.0994,561.5,0.246925,-9.68026,19062.7,0612
1750277176537,FARTCOIN,A,Close Long,1.0994,336.9,0.148155,-5.808156,18501.2,0612
1750277176537,FARTCOIN,A,Close Long,1.0994,336.9,0.148155,-5.808156,18164.3,0612
1750277176537,FARTCOIN,A,Close Long,1.0994,180.9,0.079552,-3.118716,17827.4,0612
1750277176537,FARTCOIN,A,Close Long,1.0994,272.9,0.12001,-4.704796,17646.5,0612
1750277176537,FARTCOIN,A,Close Long,1.0993,1315.7,0.578539,-22.814238,17373.6,0612
1750277176537,FARTCOIN,A,Close Long,1.0993,137.0,0.060241,-2.37558,16057.9,0612
1750277176537,FARTCOIN,A,Close Long,1.0993,561.5,0.246902,-9.73641,15920.9,0612
1750277176537,FARTCOIN,A,Close Long,1.0993,337.0,0.148185,-5.84358,15359.4,0612
1750277176537,FARTCOIN,A,Close Long,1.0993,336.9,0.148141,-5.841846,15022.4,0612
1750277176537,FARTCOIN,A,Close Long,1.0993,561.5,0.246902,-9.73641,14685.5,0612
1750277176537,FARTCOIN,A,Close Long,1.0993,337.0,0.148185,-5.84358,14124.0,0612
1750277176537,FARTCOIN,A,Close Long,1.0993,337.0,0.148185,-5.84358,13787.0,0612
1750277176537,FARTCOIN,A,Close Long,1.0993,337.0,0.148185,-5.84358,13450.0,0612
1750277176537,FARTCOIN,A,Close Long,1.0993,337.0,0.148185,-5.84358,13113.0,0612
1750277176537,FARTCOIN,A,Close Long,1.0993,337.0,0.148185,-5.84358,12776.0,0612
1750277176537,FARTCOIN,A,Close Long,1.0993,337.0,0.148185,-5.84358,12439.0,0612
1750277176537,FARTCOIN,A,Close Long,1.0993,337.0,0.148185,-5.84358,12102.0,0612
1750277176537,FARTCOIN,A,Close Long,1.0993,342.8,0.150736,-5.944152,11765.0,0612
1750277176537,FARTCOIN,A,Close Long,1.0993,314.2,0.13816,-5.448228,11422.2,0612
1750277176537,FARTCOIN,A,Close Long,1.0992,273.0,0.120032,-4.76112,11108.0,0612
1750277176537,FARTCOIN,A,Close Long,1.0992,562.0,0.2471,-9.80128,10835.0,0612
1750277176537,FARTCOIN,A,Close Long,1.0992,337.0,0.148172,-5.87728,10273.0,0612
1750277176537,FARTCOIN,A,Close Long,1.0992,9398.6,4.132376,-163.911584,9936.0,0612
1750277176537,FARTCOIN,A,Close Long,1.0992,454.9,0.20001,-7.933456,537.4,0612
1750277176537,FARTCOIN,A,Close Long,1.0991,82.5,0.03627,-1.44705,82.5,0612
1750277213514,BTC,A,Open Short,103634.0,0.09697,4.019755,0.0,0.0,0613
1750277213514,BTC,A,Open Short,103634.0,0.15,6.21804,0.0,-0.09697,0613
1750277213514,BTC,A,Open Short,103634.0,0.10373,4.299981,0.0,-0.24697,0613
1750277213514,BTC,A,Open Short,103634.0,0.77194,31.999691,0.0,-0.3507,0613
1750277213514,BTC,A,Open Short,103634.0,0.14852,6.156688,0.0,-1.12264,0613
1750277213514,BTC,A,Open Short,103634.0,0.15,6.21804,0.0,-1.27116,0613
1750277213514,BTC,A,Open Short,103634.0,0.15,6.21804,0.0,-1.42116,0613
1750277213514,BTC,A,Open Short,103634.0,0.38304,15.878386,0.0,-1.57116,0613
1750277213514,BTC,A,Open Short,103634.0,0.4043,16.75969,0.0,-1.9542,0613
1750277213514,BTC,A,Open Short,103634.0,0.64901,26.9038,0.0,-2.3585,0613
1750277213514,BTC,A,Open Short,103634.0,0.2,8.29072,0.0,-3.00751,0613
1750277213514,BTC,A,Open Short,103634.0,0.09686,4.015195,0.0,-3.20751,0613
1750277213514,BTC,A,Open Short,103634.0,0.11579,4.799912,0.0,-3.30437,0613
1750277213514,BTC,A,Open Short,103634.0,0.38597,15.999845,0.0,-3.42016,0613
1750277213514,BTC,A,Open Short,103634.0,0.12289,5.094232,0.0,-3.80613,0613
1750277213514,BTC,A,Open Short,103634.0,0.16564,6.866374,0.0,-3.92902,0613
1750277213514,BTC,A,Open Short,103634.0,0.15,6.21804,0.0,-4.09466,0613
1750277213514,BTC,A,Open Short,103634.0,0.62164,25.769215,0.0,-4.24466,0613
1750277213514,BTC,A,Open Short,103634.0,0.26998,11.191642,0.0,-4.8663,0613
1750277213514,BTC,A,Open Short,103634.0,0.11579,4.799912,0.0,-5.13628,0613
1750277213514,BTC,A,Open Short,103634.0,0.23376,9.690193,0.0,-5.25207,0613
1750277313788,BTC,B,Close Short,103625.0,0.09312,3.859824,0.83808,-5.48583,0614
1750278013451,BTC,B,Close Short,104032.0,0.70556,29.360327,-280.81288,-5.39271,0615
1750278013451,BTC,B,Close Short,104032.0,0.00011,0.004577,-0.04378,-4.68715,0615
1750278013451,BTC,B,Close Short,104032.0,0.00288,0.119844,-1.14624,-4.68704,0615
1750278013451,BTC,B,Close Short,104033.0,0.07838,3.261642,-31.27362,-4.68416,0615
1750278013451,BTC,B,Close Short,104033.0,0.00011,0.004577,-0.04389,-4.60578,0615
1750278013451,BTC,B,Close Short,104034.0,0.07838,3.261673,-31.352,-4.60567,0615
1750278013451,BTC,B,Close Short,104034.0,0.00011,0.004577,-0.044,-4.52729,0615
1750278013451,BTC,B,Close Short,104035.0,0.00011,0.004577,-0.04411,-4.52718,0615
1750278013451,BTC,B,Close Short,104036.0,0.00011,0.004577,-0.04422,-4.52707,0615
1750278013451,BTC,B,Close Short,104036.0,0.8016,33.358103,-322.2432,-4.52696,0615
1750278013451,BTC,B,Close Short,104037.0,0.63482,26.417907,-255.83246,-3.72536,0615
1750278013451,BTC,B,Close Short,104037.0,0.7684,31.976812,-309.6652,-3.09054,0615
1750278013451,BTC,B,Close Short,104037.0,0.00011,0.004577,-0.04433,-2.32214,0615
1750278013451,BTC,B,Close Short,104038.0,0.00011,0.004577,-0.04444,-2.32203,0615
1750278013451,BTC,B,Close Short,104039.0,0.04805,1.999629,-19.46025,-2.32192,0615
1750278013451,BTC,B,Close Short,104039.0,0.00011,0.004577,-0.04455,-2.27387,0615
1750278013451,BTC,B,Close Short,104040.0,0.00011,0.004577,-0.04466,-2.27376,0615
1750278013451,BTC,B,Close Short,104040.0,1.09601,45.611552,-444.98006,-2.27365,0615
1750278013451,BTC,B,Close Short,104041.0,0.03651,1.519414,-14.863221,-1.17764,0615
1750278013451,BTC,B,Close Short,104041.0,0.18339,7.632031,-74.658069,-1.14113,0615
1750278013451,BTC,B,Close Short,104041.0,0.04805,1.999668,-19.561155,-0.95774,0615
1750278013451,BTC,B,Close Short,104041.0,0.00011,0.004577,-0.044781,-0.90969,0615
1750278013451,BTC,B,Close Short,104042.0,0.00473,0.196847,-1.930313,-0.90958,0615
1750278013451,BTC,B,Close Short,104042.0,0.0004,0.016646,-0.16324,-0.90485,0615
1750278013451,BTC,B,Close Short,104042.0,0.49227,20.486702,-200.895387,-0.90445,0615
1750278013451,BTC,B,Close Short,104042.0,0.00011,0.004577,-0.044891,-0.41218,0615
1750278013451,BTC,B,Close Short,104043.0,0.17727,7.377481,-72.521157,-0.41207,0615
1750278013451,BTC,B,Close Short,104043.0,0.00011,0.004577,-0.045001,-0.2348,0615
1750278013451,BTC,B,Close Short,104043.0,0.23469,9.76714,-96.011679,-0.23469,0615
1750278514712,FARTCOIN,A,Open Short,1.1058,904.3,0.399989,0.0,0.0,0616
1750278514712,FARTCOIN,A,Open Short,1.1058,904.3,0.399989,0.0,-904.3,0616
1750278514712,FARTCOIN,A,Open Short,1.1058,452.1,0.199972,0.0,-1808.6,0616
1750278514712,FARTCOIN,A,Open Short,1.1058,1305.4,0.577404,0.0,-2260.7,0616
1750278514712,FARTCOIN,A,Open Short,1.1058,335.0,0.148177,0.0,-3566.1,0616
1750278514712,FARTCOIN,A,Open Short,1.1058,335.0,0.148177,0.0,-3901.1,0616
1750278514712,FARTCOIN,A,Open Short,1.1058,335.0,0.148177,0.0,-4236.1,0616
1750278514712,FARTCOIN,A,Open Short,1.1058,558.3,0.246947,0.0,-4571.1,0616
1750278514712,FARTCOIN,A,Open Short,1.1058,331.6,0.146673,0.0,-5129.4,0616
1750278514712,FARTCOIN,A,Open Short,1.1058,335.0,0.148177,0.0,-5461.0,0616
1750278514712,FARTCOIN,A,Open Short,1.1057,46.9,0.020742,0.0,-5796.0,0616
1750278514712,FARTCOIN,A,Open Short,1.1057,558.3,0.246924,0.0,-5842.9,0616
1750278514712,FARTCOIN,A,Open Short,1.1057,335.0,0.148163,0.0,-6401.2,0616
1750278514712,FARTCOIN,A,Open Short,1.1057,558.3,0.246924,0.0,-6736.2,0616
1750278514712,FARTCOIN,A,Open Short,1.1057,335.0,0.148163,0.0,-7294.5,0616
1750278514712,FARTCOIN,A,Open Short,1.1057,558.3,0.246924,0.0,-7629.5,0616
1750278514712,FARTCOIN,A,Open Short,1.1057,335.0,0.148163,0.0,-8187.8,0616
1750278514712,FARTCOIN,A,Open Short,1.1057,335.0,0.148163,0.0,-8522.8,0616
1750278514712,FARTCOIN,A,Open Short,1.1057,558.3,0.246924,0.0,-8857.8,0616
1750278514712,FARTCOIN,A,Open Short,1.1057,558.3,0.246924,0.0,-9416.1,0616
1750278514712,FARTCOIN,A,Open Short,1.1057,335.0,0.148163,0.0,-9974.4,0616
1750278514712,FARTCOIN,A,Open Short,1.1057,558.3,0.246924,0.0,-10309.4,0616
1750278514712,FARTCOIN,A,Open Short,1.1057,335.0,0.148163,0.0,-10867.7,0616
1750278514712,FARTCOIN,A,Open Short,1.1057,335.0,0.148163,0.0,-11202.7,0616
1750278514712,FARTCOIN,A,Open Short,1.1057,335.0,0.148163,0.0,-11537.7,0616
1750278514712,FARTCOIN,A,Open Short,1.1057,335.0,0.148163,0.0,-11872.7,0616
1750278514712,FARTCOIN,A,Open Short,1.1057,558.3,0.246924,0.0,-12207.7,0616
1750278514712,FARTCOIN,A,Open Short,1.1057,335.0,0.148163,0.0,-12766.0,0616
1750278514712,FARTCOIN,A,Open Short,1.1057,335.0,0.148163,0.0,-13101.0,0616
1750278514712,FARTCOIN,A,Open Short,1.1057,2655.1,1.174297,0.0,-13436.0,0616
1750278514712,FARTCOIN,A,Open Short,1.1057,913.6,0.404067,0.0,-16091.1,0616
1750278514712,FARTCOIN,A,Open Short,1.1057,575.9,0.254709,0.0,-17004.7,0616
1750278514712,FARTCOIN,A,Open Short,1.1057,335.0,0.148163,0.0,-17580.6,0616
1750278514712,FARTCOIN,A,Open Short,1.1057,558.3,0.246924,0.0,-17915.6,0616
1750278514712,FARTCOIN,A,Open Short,1.1057,1791.0,0.792123,0.0,-18473.9,0616
1750278514712,FARTCOIN,A,Open Short,1.1056,335.0,0.14815,0.0,-20264.9,0616
1750278514712,FARTCOIN,A,Open Short,1.1056,558.3,0.246902,0.0,-20599.9,0616
1750278514712,FARTCOIN,A,Open Short,1.1056,558.3,0.246902,0.0,-21158.2,0616
1750278514712,FARTCOIN,A,Open Short,1.1056,335.0,0.14815,0.0,-21716.5,0616
1750278514712,FARTCOIN,A,Open Short,1.1056,271.4,0.120023,0.0,-22051.5,0616
1750278514712,FARTCOIN,A,Open Short,1.1056,271.4,0.120023,0.0,-22322.9,0616
1750278514712,FARTCOIN,A,Open Short,1.1056,335.0,0.14815,0.0,-22594.3,0616
1750278514712,FARTCOIN,A,Open Short,1.1056,558.3,0.246902,0.0,-22929.3,0616
1750278514712,FARTCOIN,A,Open Short,1.1056,558.3,0.246902,0.0,-23487.6,0616
1750278514712,FARTCOIN,A,Open Short,1.1056,335.0,0.14815,0.0,-24045.9,0616
1750278514712,FARTCOIN,A,Open Short,1.1056,335.0,0.14815,0.0,-24380.9,0616
1750278514712,FARTCOIN,A,Open Short,1.1056,301.5,0.133335,0.0,-24715.9,0616
1750278514712,FARTCOIN,A,Open Short,1.1056,271.4,0.120023,0.0,-25017.4,0616
1750278514712,FARTCOIN,A,Open Short,1.1056,335.0,0.14815,0.0,-25288.8,0616
1750278514712,FARTCOIN,A,Open Short,1.1056,335.0,0.14815,0.0,-25623.8,0616
1750278514712,FARTCOIN,A,Open Short,1.1056,1886.2,0.834153,0.0,-25958.8,0616
1750278514712,FARTCOIN,A,Open Short,1.1055,271.4,0.120013,0.0,-27845.0,0616
1750278514712,FARTCOIN,A,Open Short,1.1055,335.1,0.148181,0.0,-28116.4,0616
1750278514712,FARTCOIN,A,Open Short,1.1055,432.6,0.191295,0.0,-28451.5,0616
1750278514712,FARTCOIN,A,Open Short,1.1055,1456.4,0.64402,0.0,-28884.1,0616
1750278514712,FARTCOIN,A,Open Short,1.1055,348.0,0.153885,0.0,-30340.5,0616
1750278514712,FARTCOIN,A,Open Short,1.1055,289.0,0.127795,0.0,-30688.5,0616
1750278514712,FARTCOIN,A,Open Short,1.1055,453.0,0.200316,0.0,-30977.5,0616
1750278514712,FARTCOIN,A,Open Short,1.1055,1900.0,0.84018,0.0,-31430.5,0616
1750278514712,FARTCOIN,A,Open Short,1.1055,335.1,0.148181,0.0,-33330.5,0616
1750278514712,FARTCOIN,A,Open Short,1.1055,335.1,0.148181,0.0,-33665.6,0616
1750278514712,FARTCOIN,A,Open Short,1.1055,335.1,0.148181,0.0,-34000.7,0616
1750278514712,FARTCOIN,A,Open Short,1.1055,558.4,0.246924,0.0,-34335.8,0616
1750278514712,FARTCOIN,A,Open Short,1.1055,558.4,0.246924,0.0,-34894.2,0616
1750278514712,FARTCOIN,A,Open Short,1.1055,559.0,0.247189,0.0,-35452.6,0616
1750278514712,FARTCOIN,A,Open Short,1.1055,558.4,0.246924,0.0,-36011.6,0616
1750278514712,FARTCOIN,A,Open Short,1.1055,335.1,0.148181,0.0,-36570.0,0616
1750278514712,FARTCOIN,A,Open Short,1.1055,558.4,0.246924,0.0,-36905.1,0616
1750278514712,FARTCOIN,A,Open Short,1.1055,4460.6,1.972477,0.0,-37463.5,0616
1750278514712,FARTCOIN,A,Open Short,1.1055,4521.7,1.999495,0.0,-41924.1,0616
1750278514712,FARTCOIN,A,Open Short,1.1055,295.0,0.130449,0.0,-46445.8,0616
1750278514712,FARTCOIN,A,Open Short,1.1055,50.0,0.02211,0.0,-46740.8,0616
1750278514712,FARTCOIN,A,Open Short,1.1054,1827.2,0.807914,0.0,-46790.8,0616
1750278514712,FARTCOIN,A,Open Short,1.1054,1889.0,0.83524,0.0,-48618.0,0616
1750278514712,FARTCOIN,A,Open Short,1.1054,453.0,0.200298,0.0,-50507.0,0616
1750278514712,FARTCOIN,A,Open Short,1.1054,271.4,0.120002,0.0,-50960.0,0616
1750278514712,FARTCOIN,A,Open Short,1.1054,453.0,0.200298,0.0,-51231.4,0616
1750278514712,FARTCOIN,A,Open Short,1.1054,453.0,0.200298,0.0,-51684.4,0616
1750278514712,FARTCOIN,A,Open Short,1.1054,453.0,0.200298,0.0,-52137.4,0616
1750278514712,FARTCOIN,A,Open Short,1.1054,3721.7,1.645586,0.0,-52590.4,0616
1750278514712,FARTCOIN,A,Open Short,1.1054,535.9,0.236953,0.0,-56312.1,0616
1750278514712,FARTCOIN,A,Open Short,1.1054,9416.6,4.163643,0.0,-56848.0,0616
1750278514712,FARTCOIN,A,Open Short,1.1053,1889.0,0.835164,0.0,-66264.6,0616
1750278514712,FARTCOIN,A,Open Short,1.1053,468.5,0.207133,0.0,-68153.6,0616
1750278514712,FARTCOIN,A,Open Short,1.1053,136.0,0.060128,0.0,-68622.1,0616
1750278514712,FARTCOIN,A,Open Short,1.1053,272.0,0.120256,0.0,-68758.1,0616
1750278514712,FARTCOIN,A,Open Short,1.1053,453.0,0.20028,0.0,-69030.1,0616
1750278514712,FARTCOIN,A,Open Short,1.1053,453.0,0.20028,0.0,-69483.1,0616
1750278514712,FARTCOIN,A,Open Short,1.1053,453.0,0.20028,0.0,-69936.1,0616
1750278514712,FARTCOIN,A,Open Short,1.1053,453.0,0.20028,0.0,-70389.1,0616
1750278514712,FARTCOIN,A,Open Short,1.1053,453.0,0.20028,0.0,-70842.1,0616
1750278514712,FARTCOIN,A,Open Short,1.1053,272.0,0.120256,0.0,-71295.1,0616
1750278514712,FARTCOIN,A,Open Short,1.1053,453.0,0.20028,0.0,-71567.1,0616
1750278514712,FARTCOIN,A,Open Short,1.1053,271.5,0.120035,0.0,-72020.1,0616
1750278514712,FARTCOIN,A,Open Short,1.1053,136.0,0.060128,0.0,-72291.6,0616
1750278514712,FARTCOIN,A,Open Short,1.1053,1309.0,0.578735,0.0,-72427.6,0616
1750278514712,FARTCOIN,A,Open Short,1.1052,913.6,0.403884,0.0,-73736.6,0616
1750278514712,FARTCOIN,A,Open Short,1.1052,2196.1,0.970851,0.0,-74650.2,0616
1750278514712,FARTCOIN,A,Open Short,1.1052,136.0,0.060122,0.0,-76846.3,0616
1750278514712,FARTCOIN,A,Open Short,1.1052,1889.0,0.835089,0.0,-76982.3,0616
1750278514712,FARTCOIN,A,Open Short,1.1052,478.4,0.211491,0.0,-78871.3,0616
1750278514712,FARTCOIN,A,Open Short,1.1052,136.0,0.060122,0.0,-79349.7,0616
1750278514712,FARTCOIN,A,Open Short,1.1052,136.0,0.060122,0.0,-79485.7,0616
1750278514712,FARTCOIN,A,Open Short,1.1052,136.0,0.060122,0.0,-79621.7,0616
1750278514712,FARTCOIN,A,Open Short,1.1052,351.9,0.155567,0.0,-79757.7,0616
1750278514712,FARTCOIN,A,Open Short,1.1052,351.9,0.155567,0.0,-80109.6,0616
1750278514712,FARTCOIN,A,Open Short,1.1052,351.9,0.155567,0.0,-80461.5,0616
1750278514712,FARTCOIN,A,Open Short,1.1052,320.0,0.141465,0.0,-80813.4,0616
1750278514712,FARTCOIN,A,Open Short,1.1052,453.0,0.200262,0.0,-81133.4,0616
1750278514712,FARTCOIN,A,Open Short,1.1052,355.0,0.156938,0.0,-81586.4,0616
1750278514712,FARTCOIN,A,Open Short,1.1052,452.4,0.199996,0.0,-81941.4,0616
1750278514712,FARTCOIN,A,Open Short,1.1052,1356.0,0.59946,0.0,-82393.8,0616
1750278514712,FARTCOIN,A,Open Short,1.1051,335.2,0.148171,0.0,-83749.8,0616
1750278514712,FARTCOIN,A,Open Short,1.1051,1889.5,0.835234,0.0,-84085.0,0616
1750278514712,FARTCOIN,A,Open Short,1.1051,271.5,0.120013,0.0,-85974.5,0616
1750278514712,FARTCOIN,A,Open Short,1.1051,1808.6,0.799473,0.0,-86246.0,0616
1750278514712,FARTCOIN,A,Open Short,1.1051,226.1,0.099945,0.0,-88054.6,0616
1750278514712,FARTCOIN,A,Open Short,1.1051,983.3,0.434657,0.0,-88280.7,0616
1750278514712,FARTCOIN,A,Open Short,1.1051,453.0,0.200244,0.0,-89264.0,0616
1750278514712,FARTCOIN,A,Open Short,1.1051,351.9,0.155553,0.0,-89717.0,0616
1750278514712,FARTCOIN,A,Open Short,1.1051,338.8,0.149763,0.0,-90068.9,0616
1750278522257,FARTCOIN,B,Close Short,1.1051,4552.9,2.012563,1.593515,-90407.7,0617
1750278522257,FARTCOIN,B,Close Short,1.1051,904.8,0.399957,0.31668,-85854.8,0617
1750278522257,FARTCOIN,B,Close Short,1.1051,1794.8,0.793373,0.62818,-84950.0,0617
1750278522257,FARTCOIN,B,Close Short,1.1051,602.9,0.266505,0.211015,-83155.2,0617
1750278522257,FARTCOIN,B,Close Short,1.1052,4553.0,2.01279,1.13825,-82552.3,0617
1750278522257,FARTCOIN,B,Close Short,1.1052,904.7,0.399949,0.226175,-77999.3,0617
1750278522257,FARTCOIN,B,Close Short,1.1052,3300.8,1.459217,0.8252,-77094.6,0617
1750278522257,FARTCOIN,B,Close Short,1.1052,79.3,0.035056,0.019825,-73793.8,0617
1750278522257,FARTCOIN,B,Close Short,1.1053,904.7,0.399985,0.135705,-73714.5,0617
1750278522257,FARTCOIN,B,Close Short,1.1054,904.7,0.400022,0.045235,-72809.8,0617
1750278522257,FARTCOIN,B,Close Short,1.1054,1794.8,0.793588,0.08974,-71905.1,0617
1750278522257,FARTCOIN,B,Close Short,1.1056,3467.8,1.533599,-0.52017,-70110.3,0617
1750278522257,FARTCOIN,B,Close Short,1.1056,17.9,0.007916,-0.002685,-66642.5,0617
1750278522257,FARTCOIN,B,Close Short,1.1057,1884.3,0.833388,-0.471075,-66624.6,0617
1750278522257,FARTCOIN,B,Close Short,1.1058,1884.3,0.833463,-0.659505,-64740.3,0617
1750278522257,FARTCOIN,B,Close Short,1.1058,1346.8,0.595716,-0.47138,-62856.0,0617
1750278522257,FARTCOIN,B,Close Short,1.1058,50.0,0.022116,-0.0175,-61509.2,0617
1750278522257,FARTCOIN,B,Close Short,1.1059,1827.2,0.80828,-0.82224,-61459.2,0617
1750278522257,FARTCOIN,B,Close Short,1.1059,1885.4,0.834025,-0.84843,-59632.0,0617
1750278522257,FARTCOIN,B,Close Short,1.1059,18010.1,7.966947,-8.104545,-57746.6,0617
1750278522257,FARTCOIN,B,Close Short,1.106,1885.4,0.8341,-1.03697,-39736.5,0617
1750278522257,FARTCOIN,B,Close Short,1.106,510.1,0.225668,-0.280555,-37851.1,0617
1750278522257,FARTCOIN,B,Close Short,1.106,37341.0,16.519658,-20.53755,-37341.0,0617
1750278532071,FARTCOIN,B,Open Long,1.1075,533.9,0.236517,0.0,0.0,0618
1750278532071,FARTCOIN,B,Open Long,1.1076,4473.2,1.981806,0.0,533.9,0618
1750278532071,FARTCOIN,B,Open Long,1.1077,712.1,0.315517,0.0,5007.1,0618
1750278532071,FARTCOIN,B,Open Long,1.1077,3457.6,1.531993,0.0,5719.2,0618
1750278532071,FARTCOIN,B,Open Long,1.1077,1827.2,0.809595,0.0,9176.8,0618
1750278532071,FARTCOIN,B,Open Long,1.1078,2196.1,0.973135,0.0,11004.0,0618
1750278532071,FARTCOIN,B,Open Long,1.1078,675.0,0.299106,0.0,13200.1,0618
1750278532071,FARTCOIN,B,Open Long,1.1078,1284.0,0.568966,0.0,13875.1,0618
1750278532071,FARTCOIN,B,Open Long,1.1078,996.3,0.44148,0.0,15159.1,0618
1750278532071,FARTCOIN,B,Open Long,1.1078,855.2,0.378956,0.0,16155.4,0618
1750278532071,FARTCOIN,B,Open Long,1.1078,1654.7,0.73323,0.0,17010.6,0618
1750278532071,FARTCOIN,B,Open Long,1.1079,1895.3,0.839921,0.0,18665.3,0618
1750278532071,FARTCOIN,B,Open Long,1.1079,8022.3,3.555162,0.0,20560.6,0618
1750278532071,FARTCOIN,B,Open Long,1.1079,19.5,0.008641,0.0,28582.9,0618
1750278532071,FARTCOIN,B,Open Long,1.1079,1327.9,0.588472,0.0,28602.4,0618
1750278532071,FARTCOIN,B,Open Long,1.1079,1698.3,0.752618,0.0,29930.3,0618
1750278532071,FARTCOIN,B,Open Long,1.1079,855.2,0.37899,0.0,31628.6,0618
1750278532071,FARTCOIN,B,Open Long,1.108,6225.3,2.759052,0.0,32483.8,0618
1750278532071,FARTCOIN,B,Open Long,1.108,8913.1,3.950285,0.0,38709.1,0618
1750278532071,FARTCOIN,B,Open Long,1.108,1895.3,0.839996,0.0,47622.2,0618
1750278532071,FARTCOIN,B,Open Long,1.108,334.3,0.148161,0.0,49517.5,0618
1750278532071,FARTCOIN,B,Open Long,1.108,334.3,0.148161,0.0,49851.8,0618
1750278532071,FARTCOIN,B,Open Long,1.108,557.2,0.246951,0.0,50186.1,0618
1750278532071,FARTCOIN,B,Open Long,1.108,334.3,0.148161,0.0,50743.3,0618
1750278532071,FARTCOIN,B,Open Long,1.108,334.3,0.148161,0.0,51077.6,0618
1750278532071,FARTCOIN,B,Open Long,1.108,334.3,0.148161,0.0,51411.9,0618
1750278532071,FARTCOIN,B,Open Long,1.108,4512.1,1.999762,0.0,51746.2,0618
1750278532071,FARTCOIN,B,Open Long,1.1081,913.6,0.404944,0.0,56258.3,0618
1750278532071,FARTCOIN,B,Open Long,1.1081,1895.3,0.840072,0.0,57171.9,0618
1750278532071,FARTCOIN,B,Open Long,1.1081,469.0,0.207879,0.0,59067.2,0618
1750278532071,FARTCOIN,B,Open Long,1.1081,4389.4,1.945557,0.0,59536.2,0618
1750278532071,FARTCOIN,B,Open Long,1.1081,334.3,0.148175,0.0,63925.6,0618
1750278532071,FARTCOIN,B,Open Long,1.1081,557.2,0.246973,0.0,64259.9,0618
1750278532071,FARTCOIN,B,Open Long,1.1081,557.2,0.246973,0.0,64817.1,0618
1750278532071,FARTCOIN,B,Open Long,1.1081,557.2,0.246973,0.0,65374.3,0618
1750278532071,FARTCOIN,B,Open Long,1.1081,557.2,0.246973,0.0,65931.5,0618
1750278532071,FARTCOIN,B,Open Long,1.1081,557.2,0.246973,0.0,66488.7,0618
1750278532071,FARTCOIN,B,Open Long,1.1081,334.3,0.148175,0.0,67045.9,0618
1750278532071,FARTCOIN,B,Open Long,1.1081,334.3,0.148175,0.0,67380.2,0618
1750278532071,FARTCOIN,B,Open Long,1.1081,557.2,0.246973,0.0,67714.5,0618
1750278532071,FARTCOIN,B,Open Long,1.1081,334.3,0.148175,0.0,68271.7,0618
1750278532071,FARTCOIN,B,Open Long,1.1081,334.3,0.148175,0.0,68606.0,0618
1750278532071,FARTCOIN,B,Open Long,1.1081,557.2,0.246973,0.0,68940.3,0618
1750278532071,FARTCOIN,B,Open Long,1.1081,334.3,0.148175,0.0,69497.5,0618
1750278532071,FARTCOIN,B,Open Long,1.1081,334.3,0.148175,0.0,69831.8,0618
1750278532071,FARTCOIN,B,Open Long,1.1081,334.3,0.148175,0.0,70166.1,0618
1750278532071,FARTCOIN,B,Open Long,1.1081,557.2,0.246973,0.0,70500.4,0618
1750278532071,FARTCOIN,B,Open Long,1.1081,557.1,0.246929,0.0,71057.6,0618
1750278532071,FARTCOIN,B,Open Long,1.1081,557.2,0.246973,0.0,71614.7,0618
1750278532071,FARTCOIN,B,Open Long,1.1081,334.3,0.148175,0.0,72171.9,0618
1750278532071,FARTCOIN,B,Open Long,1.1081,557.1,0.246929,0.0,72506.2,0618
1750278532071,FARTCOIN,B,Open Long,1.1082,1895.3,0.840148,0.0,73063.3,0618
1750278532071,FARTCOIN,B,Open Long,1.1082,50.0,0.022164,0.0,74958.6,0618
1750278532071,FARTCOIN,B,Open Long,1.1082,300.9,0.133382,0.0,75008.6,0618
1750278532071,FARTCOIN,B,Open Long,1.1082,601.0,0.266411,0.0,75309.5,0618
1750278532071,FARTCOIN,B,Open Long,1.1082,334.3,0.148188,0.0,75910.5,0618
1750278532071,FARTCOIN,B,Open Long,1.1082,334.3,0.148188,0.0,76244.8,0618
1750278532071,FARTCOIN,B,Open Long,1.1082,334.3,0.148188,0.0,76579.1,0618
1750278532071,FARTCOIN,B,Open Long,1.1082,557.1,0.246951,0.0,76913.4,0618
1750278532071,FARTCOIN,B,Open Long,1.1082,334.3,0.148188,0.0,77470.5,0618
1750278532071,FARTCOIN,B,Open Long,1.1082,334.3,0.148188,0.0,77804.8,0618
1750278532071,FARTCOIN,B,Open Long,1.1082,557.1,0.246951,0.0,78139.1,0618
1750278532071,FARTCOIN,B,Open Long,1.1082,557.1,0.246951,0.0,78696.2,0618
1750278532071,FARTCOIN,B,Open Long,1.1082,334.3,0.148188,0.0,79253.3,0618
1750278532071,FARTCOIN,B,Open Long,1.1082,557.1,0.246951,0.0,79587.6,0618
1750278532071,FARTCOIN,B,Open Long,1.1082,7552.3,3.347783,0.0,80144.7,0618
1750278532071,FARTCOIN,B,Open Long,1.1082,575.9,0.255284,0.0,87697.0,0618
1750278532071,FARTCOIN,B,Open Long,1.1083,2175.7,0.964531,0.0,88272.9,0618
1750289522411,FARTCOIN,A,Close Long,1.1093,149.5,0.066336,0.19734,90448.6,0619
1750289522411,FARTCOIN,A,Close Long,1.1093,450.7,0.199984,0.594924,90299.1,0619
1750289522411,FARTCOIN,A,Close Long,1.1092,4525.9,2.008051,5.521598,89848.4,0619
1750289522411,FARTCOIN,A,Close Long,1.1092,1337.4,0.593377,1.631628,85322.5,0619
1750289522411,FARTCOIN,A,Close Long,1.1092,385.7,0.171127,0.470554,83985.1,0619
1750289522411,FARTCOIN,A,Close Long,1.1091,135.1,0.059935,0.151312,83599.4,0619
1750289522411,FARTCOIN,A,Close Long,1.1091,270.5,0.120004,0.30296,83464.3,0619
1750289522411,FARTCOIN,A,Close Long,1.1091,2706.3,1.200622,3.031056,83193.8,0619
1750289522411,FARTCOIN,A,Close Long,1.109,1774.8,0.787301,1.810296,80487.5,0619
1750289522411,FARTCOIN,A,Close Long,1.109,1562.7,0.693213,1.593954,78712.7,0619
1750289522411,FARTCOIN,A,Close Long,1.109,270.5,0.119993,0.27591,77150.0,0619
1750289522411,FARTCOIN,A,Close Long,1.109,451.0,0.200063,0.46002,76879.5,0619
1750289522411,FARTCOIN,A,Close Long,1.109,355.0,0.157478,0.3621,76428.5,0619
1750289522411,FARTCOIN,A,Close Long,1.109,556.2,0.24673,0.567324,76073.5,0619
1750289522411,FARTCOIN,A,Close Long,1.109,1900.0,0.84284,1.938,75517.3,0619
1750289522411,FARTCOIN,A,Close Long,1.109,270.6,0.120038,0.276012,73617.3,0619
1750289522411,FARTCOIN,A,Close Long,1.109,270.5,0.119993,0.27591,73346.7,0619
1750289522411,FARTCOIN,A,Close Long,1.109,450.9,0.200019,0.459918,73076.2,0619
1750289522411,FARTCOIN,A,Close Long,1.1089,1774.8,0.78723,1.632816,72625.3,0619
1750289522411,FARTCOIN,A,Close Long,1.1089,270.6,0.120027,0.248952,70850.5,0619
1750289522411,FARTCOIN,A,Close Long,1.1089,270.6,0.120027,0.248952,70579.9,0619
1750289522411,FARTCOIN,A,Close Long,1.1089,450.9,0.200001,0.414828,70309.3,0619
1750289522411,FARTCOIN,A,Close Long,1.1089,270.6,0.120027,0.248952,69858.4,0619
1750289522411,FARTCOIN,A,Close Long,1.1089,450.9,0.200001,0.414828,69587.8,0619
1750289522411,FARTCOIN,A,Close Long,1.1089,270.6,0.120027,0.248952,69136.9,0619
1750289522411,FARTCOIN,A,Close Long,1.1089,270.6,0.120027,0.248952,68866.3,0619
1750289522411,FARTCOIN,A,Close Long,1.1089,270.6,0.120027,0.248952,68595.7,0619
1750289522411,FARTCOIN,A,Close Long,1.1089,270.6,0.120027,0.248952,68325.1,0619
1750289522411,FARTCOIN,A,Close Long,1.1089,270.6,0.120027,0.248952,68054.5,0619
1750289522411,FARTCOIN,A,Close Long,1.1089,270.6,0.120027,0.248952,67783.9,0619
1750289522411,FARTCOIN,A,Close Long,1.1089,450.9,0.200001,0.414828,67513.3,0619
1750289522411,FARTCOIN,A,Close Long,1.1089,270.6,0.120027,0.248952,67062.4,0619
1750289522411,FARTCOIN,A,Close Long,1.1089,151.0,0.066977,0.13892,66791.8,0619
1750289522411,FARTCOIN,A,Close Long,1.1089,270.6,0.120027,0.248952,66640.8,0619
1750289522411,FARTCOIN,A,Close Long,1.1089,450.9,0.200001,0.414828,66370.2,0619
1750289522411,FARTCOIN,A,Close Long,1.1089,270.6,0.120027,0.248952,65919.3,0619
1750289522411,FARTCOIN,A,Close Long,1.1089,151.0,0.066977,0.13892,65648.7,0619
1750289522411,FARTCOIN,A,Close Long,1.1089,151.0,0.066977,0.13892,65497.7,0619
1750289522411,FARTCOIN,A,Close Long,1.1089,270.6,0.120027,0.248952,65346.7,0619
1750289522411,FARTCOIN,A,Close Long,1.1089,270.6,0.120027,0.248952,65076.1,0619
1750289522411,FARTCOIN,A,Close Long,1.1089,151.0,0.066977,0.13892,64805.5,0619
1750289522411,FARTCOIN,A,Close Long,1.1089,151.0,0.066977,0.13892,64654.5,0619
1750289522411,FARTCOIN,A,Close Long,1.1089,458.8,0.203505,0.422096,64503.5,0619
1750289522411,FARTCOIN,A,Close Long,1.1089,458.4,0.203327,0.421728,64044.7,0619
1750289522411,FARTCOIN,A,Close Long,1.1089,180.2,0.079929,0.165784,63586.3,0619
1750289522411,FARTCOIN,A,Close Long,1.1088,1774.8,0.787159,1.455336,63406.1,0619
1750289522411,FARTCOIN,A,Close Long,1.1088,270.6,0.120016,0.221892,61631.3,0619
1750289522411,FARTCOIN,A,Close Long,1.1088,151.0,0.066971,0.12382,61360.7,0619
1750289522411,FARTCOIN,A,Close Long,1.1088,151.0,0.066971,0.12382,61209.7,0619
1750289522411,FARTCOIN,A,Close Long,1.1088,151.0,0.066971,0.12382,61058.7,0619
1750289522411,FARTCOIN,A,Close Long,1.1088,151.0,0.066971,0.12382,60907.7,0619
1750289522411,FARTCOIN,A,Close Long,1.1088,151.0,0.066971,0.12382,60756.7,0619
1750289522411,FARTCOIN,A,Close Long,1.1088,3464.1,1.536397,2.840562,60605.7,0619
1750289522411,FARTCOIN,A,Close Long,1.1087,1774.8,0.787088,1.277856,57141.6,0619
1750289522411,FARTCOIN,A,Close Long,1.1087,1562.7,0.693026,1.125144,55366.8,0619
1750289522411,FARTCOIN,A,Close Long,1.1087,395.0,0.175174,0.2844,53804.1,0619
1750289522411,FARTCOIN,A,Close Long,1.1087,2196.1,0.973926,1.581192,53409.1,0619
1750289522411,FARTCOIN,A,Close Long,1.1087,50.0,0.022174,0.036,51213.0,0619
1750289522411,FARTCOIN,A,Close Long,1.1087,1749.0,0.775646,1.25928,51163.0,0619
1750289522411,FARTCOIN,A,Close Long,1.1087,3464.4,1.536392,2.494368,49414.0,0619
1750289522411,FARTCOIN,A,Close Long,1.1086,1774.8,0.787017,1.100376,45949.6,0619
1750289522411,FARTCOIN,A,Close Long,1.1086,270.7,0.120039,0.167834,44174.8,0619
1750289522411,FARTCOIN,A,Close Long,1.1086,270.7,0.120039,0.167834,43904.1,0619
1750289522411,FARTCOIN,A,Close Long,1.1086,270.6,0.119994,0.167772,43633.4,0619
1750289522411,FARTCOIN,A,Close Long,1.1086,270.7,0.120039,0.167834,43362.8,0619
1750289522411,FARTCOIN,A,Close Long,1.1086,452.0,0.200434,0.28024,43092.1,0619
1750289522411,FARTCOIN,A,Close Long,1.1086,452.0,0.200434,0.28024,42640.1,0619
1750289522411,FARTCOIN,A,Close Long,1.1086,301.0,0.133475,0.18662,42188.1,0619
1750289522411,FARTCOIN,A,Close Long,1.1086,451.0,0.199991,0.27962,41887.1,0619
1750289522411,FARTCOIN,A,Close Long,1.1086,452.0,0.200434,0.28024,41436.1,0619
1750289522411,FARTCOIN,A,Close Long,1.1086,502.0,0.222606,0.31124,40984.1,0619
1750289522411,FARTCOIN,A,Close Long,1.1085,1774.8,0.786946,0.922896,40482.1,0619
1750289522411,FARTCOIN,A,Close Long,1.1085,451.1,0.200017,0.234572,38707.3,0619
1750289522411,FARTCOIN,A,Close Long,1.1085,452.0,0.200416,0.23504,38256.2,0619
1750289522411,FARTCOIN,A,Close Long,1.1085,1803.0,0.79945,0.93756,37804.2,0619
1750289522411,FARTCOIN,A,Close Long,1.1085,270.7,0.120028,0.140764,36001.2,0619
1750289522411,FARTCOIN,A,Close Long,1.1085,451.1,0.200017,0.234572,35730.5,0619
1750289522411,FARTCOIN,A,Close Long,1.1085,452.0,0.200416,0.23504,35279.4,0619
1750289522411,FARTCOIN,A,Close Long,1.1085,451.1,0.200017,0.234572,34827.4,0619
1750289522411,FARTCOIN,A,Close Long,1.1085,417.0,0.184897,0.21684,34376.3,0619
1750289522411,FARTCOIN,A,Close Long,1.1084,1774.8,0.786875,0.745416,33959.3,0619
1750289522411,FARTCOIN,A,Close Long,1.1084,1291.0,0.572377,0.54222,32184.5,0619
1750289522411,FARTCOIN,A,Close Long,1.1084,451.1,0.199999,0.189462,30893.5,0619
1750289522411,FARTCOIN,A,Close Long,1.1084,451.1,0.199999,0.189462,30442.4,0619
1750289522411,FARTCOIN,A,Close Long,1.1084,4509.4,1.999287,1.893948,29991.3,0619
1750289522411,FARTCOIN,A,Close Long,1.1083,1736.3,0.769736,0.555616,25481.9,0619
1750289522411,FARTCOIN,A,Close Long,1.1083,1774.8,0.786804,0.567936,23745.6,0619
1750289522411,FARTCOIN,A,Close Long,1.1083,121.3,0.053774,0.038816,21970.8,0619
1750289522411,FARTCOIN,A,Close Long,1.1083,882.0,0.391008,0.28224,21849.5,0619
1750289522411,FARTCOIN,A,Close Long,1.1083,868.4,0.384979,0.277888,20967.5,0619
1750289522411,FARTCOIN,A,Close Long,1.1083,8019.4,3.55516,2.566208,20099.1,0619
1750289522411,FARTCOIN,A,Close Long,1.1082,1773.0,0.785935,0.39006,12079.7,0619
1750289522411,FARTCOIN,A,Close Long,1.1082,1519.2,0.67343,0.334224,10306.7,0619
1750289522411,FARTCOIN,A,Close Long,1.1082,1774.8,0.786733,0.390456,8787.5,0619
1750289522411,FARTCOIN,A,Close Long,1.1082,225.5,0.099959,0.04961,7012.7,0619
1750289522411,FARTCOIN,A,Close Long,1.1082,1803.0,0.799233,0.39666,6787.2,0619
1750289522411,FARTCOIN,A,Close Long,1.1082,158.0,0.070038,0.03476,4984.2,0619
1750289522411,FARTCOIN,A,Close Long,1.1082,158.0,0.070038,0.03476,4826.2,0619
1750289522411,FARTCOIN,A,Close Long,1.1082,158.0,0.070038,0.03476,4668.2,0619
1750289522411,FARTCOIN,A,Close Long,1.1082,3408.5,1.510919,0.74987,4510.2,0619
1750289522411,FARTCOIN,A,Close Long,1.1082,284.3,0.126024,0.062546,1101.7,0619
1750289522411,FARTCOIN,A,Close Long,1.1082,284.3,0.126024,0.062546,817.4,0619
1750289522411,FARTCOIN,A,Close Long,1.1082,284.3,0.126024,0.062546,533.1,0619
1750289522411,FARTCOIN,A,Close Long,1.1082,158.0,0.070038,0.03476,248.8,0619
1750289522411,FARTCOIN,A,Close Long,1.1082,90.8,0.040249,0.019976,90.8,0619
1750335911734,FARTCOIN,B,Open Long,1.0839,461.3,0.200001,0.0,0.0,0620
1750335911734,FARTCOIN,B,Open Long,1.0839,461.3,0.200001,0.0,461.3,0620
1750335911734,FARTCOIN,B,Open Long,1.0842,2021.4,0.87664,0.0,922.6,0620
1750335911734,FARTCOIN,B,Open Long,1.0842,2191.2,0.950279,0.0,2944.0,0620
1750335911734,FARTCOIN,B,Open Long,1.0843,1403.1,0.608552,0.0,5135.2,0620
1750335911734,FARTCOIN,B,Open Long,1.0843,2191.5,0.950497,0.0,6538.3,0620
1750335911734,FARTCOIN,B,Open Long,1.0844,2191.5,0.950585,0.0,8729.8,0620
1750335911734,FARTCOIN,B,Open Long,1.0844,1375.7,0.596723,0.0,10921.3,0620
1750335911734,FARTCOIN,B,Open Long,1.0845,2191.6,0.950716,0.0,12297.0,0620
1750335911734,FARTCOIN,B,Open Long,1.0846,913.5,0.396312,0.0,14488.6,0620
1750335911734,FARTCOIN,B,Open Long,1.0846,2191.4,0.950716,0.0,15402.1,0620
1750335911734,FARTCOIN,B,Open Long,1.0846,3149.0,1.366162,0.0,17593.5,0620
1750335911734,FARTCOIN,B,Open Long,1.0847,2191.5,0.950848,0.0,20742.5,0620
1750335911734,FARTCOIN,B,Open Long,1.0847,1900.0,0.824372,0.0,22934.0,0620
1750335911734,FARTCOIN,B,Open Long,1.0847,244.9,0.106257,0.0,24834.0,0620
1750335911734,FARTCOIN,B,Open Long,1.0847,269.3,0.116843,0.0,25078.9,0620
1750335911734,FARTCOIN,B,Open Long,1.0847,341.5,0.14817,0.0,25348.2,0620
1750335911734,FARTCOIN,B,Open Long,1.0847,341.5,0.14817,0.0,25689.7,0620
1750335911734,FARTCOIN,B,Open Long,1.0848,2191.4,0.950892,0.0,26031.2,0620
1750335911734,FARTCOIN,B,Open Long,1.0848,2799.5,1.214759,0.0,28222.6,0620
1750335911734,FARTCOIN,B,Open Long,1.0848,3512.1,1.52397,0.0,31022.1,0620
1750335911734,FARTCOIN,B,Open Long,1.0848,341.5,0.148183,0.0,34534.2,0620
1750335911734,FARTCOIN,B,Open Long,1.0848,569.1,0.246943,0.0,34875.7,0620
1750335911734,FARTCOIN,B,Open Long,1.0848,569.1,0.246943,0.0,35444.8,0620
1750335911734,FARTCOIN,B,Open Long,1.0848,341.5,0.148183,0.0,36013.9,0620
1750335911734,FARTCOIN,B,Open Long,1.0848,341.5,0.148183,0.0,36355.4,0620
1750335911734,FARTCOIN,B,Open Long,1.0848,569.1,0.246943,0.0,36696.9,0620
1750335911734,FARTCOIN,B,Open Long,1.0848,569.1,0.246943,0.0,37266.0,0620
1750335911734,FARTCOIN,B,Open Long,1.0848,569.1,0.246943,0.0,37835.1,0620
1750335911734,FARTCOIN,B,Open Long,1.0848,569.1,0.246943,0.0,38404.2,0620
1750335911734,FARTCOIN,B,Open Long,1.0848,569.1,0.246943,0.0,38973.3,0620
1750335911734,FARTCOIN,B,Open Long,1.0848,341.5,0.148183,0.0,39542.4,0620
1750335911734,FARTCOIN,B,Open Long,1.0848,569.1,0.246943,0.0,39883.9,0620
1750335911734,FARTCOIN,B,Open Long,1.0848,341.5,0.148183,0.0,40453.0,0620
1750335911734,FARTCOIN,B,Open Long,1.0848,341.5,0.148183,0.0,40794.5,0620
1750335911734,FARTCOIN,B,Open Long,1.0848,341.5,0.148183,0.0,41136.0,0620
1750335911734,FARTCOIN,B,Open Long,1.0848,341.5,0.148183,0.0,41477.5,0620
1750335911734,FARTCOIN,B,Open Long,1.0848,341.5,0.148183,0.0,41819.0,0620
1750335911734,FARTCOIN,B,Open Long,1.0848,341.5,0.148183,0.0,42160.5,0620
1750335911734,FARTCOIN,B,Open Long,1.0848,341.5,0.148183,0.0,42502.0,0620
1750335911734,FARTCOIN,B,Open Long,1.0848,341.5,0.148183,0.0,42843.5,0620
1750335911734,FARTCOIN,B,Open Long,1.0848,341.5,0.148183,0.0,43185.0,0620
1750335911734,FARTCOIN,B,Open Long,1.0849,1687.1,0.732133,0.0,43526.5,0620
1750335911734,FARTCOIN,B,Open Long,1.0849,2191.4,0.950979,0.0,45213.6,0620
1750335911734,FARTCOIN,B,Open Long,1.0849,341.4,0.148153,0.0,47405.0,0620
1750335911734,FARTCOIN,B,Open Long,1.0849,569.0,0.246923,0.0,47746.4,0620
1750335911734,FARTCOIN,B,Open Long,1.0849,341.4,0.148153,0.0,48315.4,0620
1750335911734,FARTCOIN,B,Open Long,1.0849,341.4,0.148153,0.0,48656.8,0620
1750335911734,FARTCOIN,B,Open Long,1.0849,341.4,0.148153,0.0,48998.2,0620
1750335911734,FARTCOIN,B,Open Long,1.0849,569.0,0.246923,0.0,49339.6,0620
1750335911734,FARTCOIN,B,Open Long,1.0849,1364.8,0.592268,0.0,49908.6,0620
1750335911734,FARTCOIN,B,Open Long,1.0849,341.4,0.148153,0.0,51273.4,0620
1750335911734,FARTCOIN,B,Open Long,1.0849,3511.8,1.52398,0.0,51614.8,0620
1750335911734,FARTCOIN,B,Open Long,1.0849,171.0,0.074207,0.0,55126.6,0620
1750335911734,FARTCOIN,B,Open Long,1.0849,341.5,0.148197,0.0,55297.6,0620
1750335911734,FARTCOIN,B,Open Long,1.085,2191.4,0.951067,0.0,55639.1,0620
1750335911734,FARTCOIN,B,Open Long,1.085,569.0,0.246946,0.0,57830.5,0620
1750335911734,FARTCOIN,B,Open Long,1.085,341.4,0.148167,0.0,58399.5,0620
1750335911734,FARTCOIN,B,Open Long,1.085,341.4,0.148167,0.0,58740.9,0620
1750335911734,FARTCOIN,B,Open Long,1.085,341.4,0.148167,0.0,59082.3,0620
1750335911734,FARTCOIN,B,Open Long,1.085,341.4,0.148167,0.0,59423.7,0620
1750335911734,FARTCOIN,B,Open Long,1.085,341.4,0.148167,0.0,59765.1,0620
1750335911734,FARTCOIN,B,Open Long,1.085,341.4,0.148167,0.0,60106.5,0620
1750335911734,FARTCOIN,B,Open Long,1.085,341.4,0.148167,0.0,60447.9,0620
1750335911734,FARTCOIN,B,Open Long,1.085,341.4,0.148167,0.0,60789.3,0620
1750335911734,FARTCOIN,B,Open Long,1.085,341.4,0.148167,0.0,61130.7,0620
1750335911734,FARTCOIN,B,Open Long,1.085,341.4,0.148167,0.0,61472.1,0620
1750335911734,FARTCOIN,B,Open Long,1.085,341.4,0.148167,0.0,61813.5,0620
1750335911734,FARTCOIN,B,Open Long,1.085,4607.3,1.999568,0.0,62154.9,0620
1750335911734,FARTCOIN,B,Open Long,1.085,2072.8,0.899595,0.0,66762.2,0620
1750339047160,FARTCOIN,A,Close Long,1.076,47066.0,20.257206,-410.41552,68835.0,0621
1750339047160,FARTCOIN,A,Close Long,1.076,74.0,0.031849,-0.64528,21769.0,0621
1750339047160,FARTCOIN,A,Close Long,1.0758,1717.0,0.738859,-15.31564,21695.0,0621
1750339047160,FARTCOIN,A,Close Long,1.0758,1717.0,0.738859,-15.31564,19978.0,0621
1750339047160,FARTCOIN,A,Close Long,1.0758,1558.5,0.670653,-13.90182,18261.0,0621
1750339047160,FARTCOIN,A,Close Long,1.0757,13.7,0.005894,-0.123574,16702.5,0621
1750339047160,FARTCOIN,A,Close Long,1.0757,16688.8,7.180856,-150.532976,16688.8,0621
1750363372496,FARTCOIN,B,Open Long,1.0173,3732.4,1.518788,0.0,0.0,0646
1750363372496,FARTCOIN,B,Open Long,1.0174,1924.4,0.783153,0.0,3732.4,0646
1750363372496,FARTCOIN,B,Open Long,1.0174,3732.0,1.518774,0.0,5656.8,0646
1750363372496,FARTCOIN,B,Open Long,1.0175,354.6,0.144322,0.0,9388.8,0646
1750363372496,FARTCOIN,B,Open Long,1.0175,1396.2,0.568253,0.0,9743.4,0646
1750363372496,FARTCOIN,B,Open Long,1.0175,514.5,0.209401,0.0,11139.6,0646
1750363372496,FARTCOIN,B,Open Long,1.0176,1113.4,0.453198,0.0,11654.1,0646
1750363372496,FARTCOIN,B,Open Long,1.0176,1467.9,0.597494,0.0,12767.5,0646
1750363372496,FARTCOIN,B,Open Long,1.0176,2080.4,0.846806,0.0,14235.4,0646
1750363372496,FARTCOIN,B,Open Long,1.0176,708.1,0.288225,0.0,16315.8,0646
1750363372496,FARTCOIN,B,Open Long,1.0177,245.6,0.099978,0.0,17023.9,0646
1750363372496,FARTCOIN,B,Open Long,1.0177,2080.4,0.846889,0.0,17269.5,0646
1750363372496,FARTCOIN,B,Open Long,1.0177,3738.5,1.521868,0.0,19349.9,0646
1750363372496,FARTCOIN,B,Open Long,1.0177,1900.0,0.773452,0.0,23088.4,0646
1750363372496,FARTCOIN,B,Open Long,1.0177,189.9,0.077304,0.0,24988.4,0646
1750363372496,FARTCOIN,B,Open Long,1.0177,2884.6,1.174262,0.0,25178.3,0646
1750363372496,FARTCOIN,B,Open Long,1.0177,4912.4,1.999739,0.0,28062.9,0646
1750363372496,FARTCOIN,B,Open Long,1.0177,531.4,0.216322,0.0,32975.3,0646
1750363372496,FARTCOIN,B,Open Long,1.0178,1649.6,0.671585,0.0,33506.7,0646
1750363372496,FARTCOIN,B,Open Long,1.0178,2081.9,0.847583,0.0,35156.3,0646
1750363372496,FARTCOIN,B,Open Long,1.0178,9722.1,3.958061,0.0,37238.2,0646
1750363372496,FARTCOIN,B,Open Long,1.0178,182.0,0.074095,0.0,46960.3,0646
1750363372496,FARTCOIN,B,Open Long,1.0179,2081.5,0.847503,0.0,47142.3,0646
1750363372496,FARTCOIN,B,Open Long,1.0179,2405.5,0.979423,0.0,49223.8,0646
1750363372496,FARTCOIN,B,Open Long,1.0179,1071.7,0.436353,0.0,51629.3,0646
1750363372496,FARTCOIN,B,Open Long,1.0179,1029.6,0.419211,0.0,52701.0,0646
1750363372496,FARTCOIN,B,Open Long,1.0179,7460.4,3.037576,0.0,53730.6,0646
1750363372496,FARTCOIN,B,Open Long,1.0179,192.0,0.078174,0.0,61191.0,0646
1750363372496,FARTCOIN,B,Open Long,1.0179,157.4,0.064086,0.0,61383.0,0646
1750365713473,FARTCOIN,A,Close Long,1.01,450.1,0.18184,-3.46577,61540.4,0647
1750365713473,FARTCOIN,A,Close Long,1.01,2821.3,1.139805,-21.72401,61090.3,0647
1750365713473,FARTCOIN,A,Close Long,1.01,1000.0,0.404,-7.7,58269.0,0647
1750365713473,FARTCOIN,A,Close Long,1.01,1015.4,0.410221,-7.81858,57269.0,0647
1750365713473,FARTCOIN,A,Close Long,1.01,495.0,0.19998,-3.8115,56253.6,0647
1750365713473,FARTCOIN,A,Close Long,1.01,839.7,0.339238,-6.46569,55758.6,0647
1750365713473,FARTCOIN,A,Close Long,1.01,495.0,0.19998,-3.8115,54918.9,0647
1750365713473,FARTCOIN,A,Close Long,1.01,1575.2,0.63638,-12.12904,54423.9,0647
1750365713473,FARTCOIN,A,Close Long,1.0099,962.2,0.38869,-7.50516,52848.7,0647
1750365713473,FARTCOIN,A,Close Long,1.0098,184.0,0.074321,-1.4536,51886.5,0647
1750365713473,FARTCOIN,A,Close Long,1.0098,184.0,0.074321,-1.4536,51702.5,0647
1750365713473,FARTCOIN,A,Close Long,1.0098,184.0,0.074321,-1.4536,51518.5,0647
1750365713473,FARTCOIN,A,Close Long,1.0098,184.0,0.074321,-1.4536,51334.5,0647
1750365713473,FARTCOIN,A,Close Long,1.0098,184.0,0.074321,-1.4536,51150.5,0647
1750365713473,FARTCOIN,A,Close Long,1.0098,855.2,0.345432,-6.75608,50966.5,0647
1750365713473,FARTCOIN,A,Close Long,1.0098,297.1,0.120004,-2.34709,50111.3,0647
1750365713473,FARTCOIN,A,Close Long,1.0097,297.2,0.120033,-2.3776,49814.2,0647
1750365713473,FARTCOIN,A,Close Long,1.0097,184.0,0.074313,-1.472,49517.0,0647
1750365713473,FARTCOIN,A,Close Long,1.0097,184.0,0.074313,-1.472,49333.0,0647
1750365713473,FARTCOIN,A,Close Long,1.0097,673.8,0.272134,-5.3904,49149.0,0647
1750365713473,FARTCOIN,A,Close Long,1.0097,1900.0,0.767372,-15.2,48475.2,0647
1750365713473,FARTCOIN,A,Close Long,1.0097,297.2,0.120033,-2.3776,46575.2,0647
1750365713473,FARTCOIN,A,Close Long,1.0097,469.6,0.189662,-3.7568,46278.0,0647
1750365713473,FARTCOIN,A,Close Long,1.0097,476.3,0.192368,-3.8104,45808.4,0647
1750365713473,FARTCOIN,A,Close Long,1.0097,3040.6,1.228037,-24.3248,45332.1,0647
1750365713473,FARTCOIN,A,Close Long,1.0097,495.2,0.200001,-3.9616,42291.5,0647
1750365713473,FARTCOIN,A,Close Long,1.0097,4011.0,1.619962,-32.088,41796.3,0647
1750365713473,FARTCOIN,A,Close Long,1.0096,312.0,0.125998,-2.5272,37785.3,0647
1750365713473,FARTCOIN,A,Close Long,1.0096,50.0,0.020192,-0.405,37473.3,0647
1750365713473,FARTCOIN,A,Close Long,1.0096,312.0,0.125998,-2.5272,37423.3,0647
1750365713473,FARTCOIN,A,Close Long,1.0096,193.0,0.077941,-1.5633,37111.3,0647
1750365713473,FARTCOIN,A,Close Long,1.0096,193.0,0.077941,-1.5633,36918.3,0647
1750365713473,FARTCOIN,A,Close Long,1.0096,297.2,0.120021,-2.40732,36725.3,0647
1750365713473,FARTCOIN,A,Close Long,1.0096,297.2,0.120021,-2.40732,36428.1,0647
1750365713473,FARTCOIN,A,Close Long,1.0096,297.2,0.120021,-2.40732,36130.9,0647
1750365713473,FARTCOIN,A,Close Long,1.0096,297.2,0.120021,-2.40732,35833.7,0647
1750365713473,FARTCOIN,A,Close Long,1.0096,297.2,0.120021,-2.40732,35536.5,0647
1750365713473,FARTCOIN,A,Close Long,1.0096,495.3,0.200021,-4.01193,35239.3,0647
1750365713473,FARTCOIN,A,Close Long,1.0096,990.5,0.400003,-8.02305,34744.0,0647
1750365713473,FARTCOIN,A,Close Long,1.0096,4891.5,1.975383,-39.62115,33753.5,0647
1750365713473,FARTCOIN,A,Close Long,1.0096,4011.4,1.619963,-32.49234,28862.0,0647
1750365713473,FARTCOIN,A,Close Long,1.0095,312.1,0.126025,-2.55922,24850.6,0647
1750365713473,FARTCOIN,A,Close Long,1.0095,520.1,0.210016,-4.26482,24538.5,0647
1750365713473,FARTCOIN,A,Close Long,1.0095,520.1,0.210016,-4.26482,24018.4,0647
1750365713473,FARTCOIN,A,Close Long,1.0095,312.1,0.126025,-2.55922,23498.3,0647
1750365713473,FARTCOIN,A,Close Long,1.0095,655.0,0.264489,-5.371,23186.2,0647
1750365713473,FARTCOIN,A,Close Long,1.0095,312.1,0.126025,-2.55922,22531.2,0647
1750365713473,FARTCOIN,A,Close Long,1.0095,312.1,0.126025,-2.55922,22219.1,0647
1750365713473,FARTCOIN,A,Close Long,1.0095,1732.0,0.699381,-14.2024,21907.0,0647
1750365713473,FARTCOIN,A,Close Long,1.0095,297.2,0.120009,-2.43704,20175.0,0647
1750365713473,FARTCOIN,A,Close Long,1.0095,297.2,0.120009,-2.43704,19877.8,0647
1750365713473,FARTCOIN,A,Close Long,1.0095,495.3,0.200002,-4.06146,19580.6,0647
1750365713473,FARTCOIN,A,Close Long,1.0095,495.3,0.200002,-4.06146,19085.3,0647
1750365713473,FARTCOIN,A,Close Long,1.0095,297.2,0.120009,-2.43704,18590.0,0647
1750365713473,FARTCOIN,A,Close Long,1.0095,495.3,0.200002,-4.06146,18292.8,0647
1750365713473,FARTCOIN,A,Close Long,1.0095,297.2,0.120009,-2.43704,17797.5,0647
1750365713473,FARTCOIN,A,Close Long,1.0095,9668.1,3.903978,-79.27842,17500.3,0647
1750365713473,FARTCOIN,A,Close Long,1.0095,4951.5,1.999415,-40.6023,7832.2,0647
1750365713473,FARTCOIN,A,Close Long,1.0094,312.1,0.126013,-2.59043,2880.7,0647
1750365713473,FARTCOIN,A,Close Long,1.0094,312.1,0.126013,-2.59043,2568.6,0647
1750365713473,FARTCOIN,A,Close Long,1.0094,495.4,0.200022,-4.11182,2256.5,0647
1750365713473,FARTCOIN,A,Close Long,1.0094,297.2,0.119997,-2.46676,1761.1,0647
1750365713473,FARTCOIN,A,Close Long,1.0094,297.2,0.119997,-2.46676,1463.9,0647
1750365713473,FARTCOIN,A,Close Long,1.0094,297.2,0.119997,-2.46676,1166.7,0647
1750365713473,FARTCOIN,A,Close Long,1.0094,297.2,0.119997,-2.46676,869.5,0647
1750365713473,FARTCOIN,A,Close Long,1.0094,572.3,0.231071,-4.75009,572.3,0647
1750368367851,FARTCOIN,B,Open Long,1.0155,2248.4,0.27399,0.0,0.0,0648
1750368368045,FARTCOIN,B,Open Long,1.0155,1682.3,0.205005,0.0,2248.4,0648
1750368368045,FARTCOIN,B,Open Long,1.0155,1397.2,0.170262,0.0,3930.7,0648
1750368368365,FARTCOIN,B,Open Long,1.0155,1146.3,0.139688,0.0,5327.9,0648
1750368368769,FARTCOIN,B,Open Long,1.0155,1254.5,0.152873,0.0,6474.2,0648
1750368368769,FARTCOIN,B,Open Long,1.0155,935.0,0.113939,0.0,7728.7,0648
1750368368769,FARTCOIN,B,Open Long,1.0155,3139.4,0.382567,0.0,8663.7,0648
1750368368839,FARTCOIN,B,Open Long,1.0155,1283.6,0.156419,0.0,11803.1,0648
1750368368839,FARTCOIN,B,Open Long,1.0155,6786.1,0.826954,0.0,13086.7,0648
1750368368839,FARTCOIN,B,Open Long,1.0155,914.7,0.111465,0.0,19872.8,0648
1750368368905,FARTCOIN,B,Open Long,1.0155,697.4,0.084985,0.0,20787.5,0648
1750368368905,FARTCOIN,B,Open Long,1.0155,1000.6,0.121933,0.0,21484.9,0648
1750368368905,FARTCOIN,B,Open Long,1.0155,360.0,0.043869,0.0,22485.5,0648
1750368368905,FARTCOIN,B,Open Long,1.0155,1017.5,0.123992,0.0,22845.5,0648
1750368368970,FARTCOIN,B,Open Long,1.0155,183.0,0.0223,0.0,23863.0,0648
1750368368970,FARTCOIN,B,Open Long,1.0155,2461.8,0.299994,0.0,24046.0,0648
1750368368970,FARTCOIN,B,Open Long,1.0155,1964.5,0.239393,0.0,26507.8,0648
1750368369049,FARTCOIN,B,Open Long,1.0155,604.0,0.073603,0.0,28472.3,0648
1750368369196,FARTCOIN,B,Open Long,1.0155,1256.2,0.15308,0.0,29076.3,0648
1750368369196,FARTCOIN,B,Open Long,1.0155,368.9,0.044954,0.0,30332.5,0648
1750368369331,FARTCOIN,B,Open Long,1.0155,8996.3,1.096289,0.0,30701.4,0648
1750375466967,FARTCOIN,B,Open Long,1.04,165.0,0.020592,0.0,39697.7,0649
1750375563891,FARTCOIN,B,Open Long,1.04,1006.3,0.125586,0.0,39862.7,0649
1750375690045,FARTCOIN,B,Open Long,1.0372,603.0,0.075051,0.0,40869.0,0650
1750375690115,FARTCOIN,B,Open Long,1.0372,336.0,0.041819,0.0,41472.0,0650
1750375690712,FARTCOIN,B,Open Long,1.0372,362.4,0.045105,0.0,41808.0,0650
1750375696000,FARTCOIN,B,Open Long,1.0344,1431.6,0.177701,0.0,42170.4,0651
1750375972727,FARTCOIN,B,Open Long,1.0317,1561.7,0.193344,0.0,43602.0,0652
1750381690016,FARTCOIN,B,Open Long,1.0289,429.6,0.053041,0.0,45163.7,0653
1750381690419,FARTCOIN,B,Open Long,1.0289,1262.2,0.155841,0.0,45593.3,0653
1750381843948,FARTCOIN,B,Open Long,1.0261,156.6,0.019282,0.0,46855.5,0654
1750381843948,FARTCOIN,B,Open Long,1.0261,190.0,0.023395,0.0,47012.1,0654
1750381845032,FARTCOIN,B,Open Long,1.0261,42.5,0.005233,0.0,47202.1,0654
1750381845993,FARTCOIN,B,Open Long,1.0261,1432.9,0.176435,0.0,47244.6,0654
1750383127945,FARTCOIN,B,Open Long,1.0233,990.0,0.121568,0.0,48677.5,0655
1750393684457,FARTCOIN,B,Open Long,1.0233,962.1,0.118142,0.0,49667.5,0655
1750395007252,FARTCOIN,B,Open Long,1.0206,2082.3,0.255023,0.0,50629.6,0656
1750395010335,FARTCOIN,B,Open Long,1.0178,2212.4,0.270213,0.0,52711.9,0657
1750395125142,FARTCOIN,B,Open Long,1.015,2342.6,0.285328,0.0,54924.3,0658
1750426690886,FARTCOIN,A,Close Long,1.0376,19.0,0.007885,0.35986,57266.9,0659
1750426690886,FARTCOIN,A,Close Long,1.0371,1399.2,0.580444,25.801248,57247.9,0659
1750426690886,FARTCOIN,A,Close Long,1.0371,1933.0,0.801885,35.64452,55848.7,0659
1750426690886,FARTCOIN,A,Close Long,1.037,1921.8,0.797162,35.245812,53915.7,0659
1750426690886,FARTCOIN,A,Close Long,1.037,358.0,0.148498,6.56572,51993.9,0659
1750426690886,FARTCOIN,A,Close Long,1.037,596.0,0.24722,10.93064,51635.9,0659
1750426690886,FARTCOIN,A,Close Long,1.037,547.8,0.227227,10.046652,51039.9,0659
1750426690886,FARTCOIN,A,Close Long,1.037,1447.7,0.600505,26.550818,50492.1,0659
1750426691710,FARTCOIN,A,Close Long,1.037,537.8,0.066923,9.863252,49044.4,0659
1750426692101,FARTCOIN,A,Close Long,1.037,2702.4,0.336286,49.562016,48506.6,0659
1750426692101,FARTCOIN,A,Close Long,1.037,196.3,0.024427,3.600142,45804.2,0659
1750426692229,FARTCOIN,A,Close Long,1.037,988.8,0.123046,18.134592,45607.9,0659
1750426692229,FARTCOIN,A,Close Long,1.037,1915.8,0.238402,35.135772,44619.1,0659
1750426692229,FARTCOIN,A,Close Long,1.037,710.1,0.088364,13.023234,42703.3,0659
1750426692229,FARTCOIN,A,Close Long,1.037,1104.6,0.137456,20.258364,41993.2,0659
1750426692229,FARTCOIN,A,Close Long,1.037,4821.6,0.599999,88.428144,40888.6,0659
1750426696476,FARTCOIN,A,Close Long,1.037,224.0,0.027874,4.10816,36067.0,0659
1750426696476,FARTCOIN,A,Close Long,1.037,224.0,0.027874,4.10816,35843.0,0659
1750426696526,FARTCOIN,A,Close Long,1.037,1549.7,0.192844,28.421498,35619.0,0659
1750426696656,FARTCOIN,A,Close Long,1.037,1146.1,0.14262,21.019474,34069.3,0659
1750426696864,FARTCOIN,A,Close Long,1.037,1238.3,0.154094,22.710422,32923.2,0659
1750426697407,FARTCOIN,A,Close Long,1.037,988.9,0.123058,18.136426,31684.9,0659
1750426697946,FARTCOIN,A,Close Long,1.037,30695.9,3.819797,562.962806,30696.0,0659
1750427264445,FARTCOIN,B,Open Long,1.035,1627.9,0.202185,0.0,0.1,0660
1750427268871,FARTCOIN,B,Open Long,1.0339,1713.6,0.212602,0.0,1628.0,0661
1750427268871,FARTCOIN,B,Open Long,1.0329,1799.3,0.223019,0.0,3341.6,0662
1750427323054,FARTCOIN,B,Open Long,1.0318,711.0,0.088033,0.0,5140.9,0663
1750427323054,FARTCOIN,B,Open Long,1.0318,1174.0,0.145359,0.0,5851.9,0663
1750427324000,FARTCOIN,B,Open Long,1.0308,957.0,0.118377,0.0,7025.9,0664
1750427324223,FARTCOIN,B,Open Long,1.0308,1013.6,0.125378,0.0,7982.9,0664
1750427329201,FARTCOIN,B,Open Long,1.0297,2056.3,0.254084,0.0,8996.5,0665
1750427427859,FARTCOIN,B,Open Long,1.0287,39.3,0.004851,0.0,11052.8,0666
1750427427926,FARTCOIN,B,Open Long,1.0287,237.0,0.029256,0.0,11092.1,0666
1750427429867,FARTCOIN,B,Open Long,1.0287,100.1,0.012356,0.0,11329.1,0666
1750427429994,FARTCOIN,B,Open Long,1.0287,339.7,0.041933,0.0,11429.2,0666
1750427431617,FARTCOIN,B,Open Long,1.0287,67.0,0.00827,0.0,11768.9,0666
1750427432245,FARTCOIN,B,Open Long,1.0287,800.3,0.098792,0.0,11835.9,0666
1750427432245,FARTCOIN,B,Open Long,1.0287,558.6,0.068955,0.0,12636.2,0666
1750427432839,FARTCOIN,B,Open Long,1.0276,2227.7,0.274702,0.0,13194.8,0667
1750427439655,FARTCOIN,B,Open Long,1.0266,2313.4,0.284992,0.0,15422.5,0668
1750427439934,FARTCOIN,B,Open Long,1.0255,291.7,0.035896,0.0,17735.9,0669
1750427439934,FARTCOIN,B,Open Long,1.0255,379.3,0.046676,0.0,18027.6,0669
1750427439934,FARTCOIN,B,Open Long,1.0255,924.0,0.113707,0.0,18406.9,0669
1750427440133,FARTCOIN,B,Open Long,1.0255,200.0,0.024612,0.0,19330.9,0669
1750427440299,FARTCOIN,B,Open Long,1.0255,604.1,0.07434,0.0,19530.9,0669
1750427442494,FARTCOIN,B,Open Long,1.0245,2484.7,0.305469,0.0,20135.0,0670
1750427442494,FARTCOIN,B,Open Long,1.0234,2570.4,0.315665,0.0,22619.7,0671
1750427442494,FARTCOIN,B,Open Long,1.0224,2656.1,0.325871,0.0,25190.1,0672
1750427482670,FARTCOIN,B,Open Long,1.0213,2741.8,0.336024,0.0,27846.2,0673
1750427799242,FARTCOIN,B,Open Long,1.0203,2827.5,0.346187,0.0,30588.0,0674
1750427799242,FARTCOIN,B,Open Long,1.0192,2913.1,0.356283,0.0,33415.5,0675
1750427800568,FARTCOIN,B,Open Long,1.0182,982.1,0.119996,0.0,36328.6,0676
1750427800568,FARTCOIN,B,Open Long,1.0182,1108.0,0.135379,0.0,37310.7,0676
1750427800774,FARTCOIN,B,Open Long,1.0182,732.9,0.089548,0.0,38418.7,0676
1750427800873,FARTCOIN,B,Open Long,1.0182,175.8,0.021479,0.0,39151.6,0676
1750427800873,FARTCOIN,B,Open Long,1.0171,3084.5,0.376469,0.0,39327.4,0677
1750427800873,FARTCOIN,B,Open Long,1.0161,3170.2,0.386548,0.0,42411.9,0678
1750428034742,FARTCOIN,B,Open Long,1.015,802.0,0.097683,0.0,45582.1,0679
1750428038826,FARTCOIN,B,Open Long,1.015,2453.9,0.298885,0.0,46384.1,0679
1750428973975,FARTCOIN,B,Open Long,1.0044,1894.7,0.761214,0.0,48838.0,0680
1750428973975,FARTCOIN,B,Open Long,1.0045,4306.1,1.73019,0.0,50732.7,0680
1750428973975,FARTCOIN,B,Open Long,1.0045,1894.7,0.76129,0.0,55038.8,0680
1750428973975,FARTCOIN,B,Open Long,1.0046,1654.7,0.664924,0.0,56933.5,0680
1750428973975,FARTCOIN,B,Open Long,1.0048,2405.5,0.966818,0.0,58588.2,0680
1750428973975,FARTCOIN,B,Open Long,1.0048,855.2,0.343721,0.0,60993.7,0680
1750428973975,FARTCOIN,B,Open Long,1.0049,1981.6,0.796523,0.0,61848.9,0680
1750428973975,FARTCOIN,B,Open Long,1.0049,2024.2,0.813647,0.0,63830.5,0680
1750428973975,FARTCOIN,B,Open Long,1.0049,330.9,0.133008,0.0,65854.7,0680
1750429412120,FARTCOIN,A,Close Long,0.99445,1859.5,0.739671,-45.204445,66185.6,0681
1750429412120,FARTCOIN,A,Close Long,0.99428,4331.9,1.722848,-106.044912,64326.1,0681
1750429412120,FARTCOIN,A,Close Long,0.99424,445.4,0.177133,-10.921208,59994.2,0681
1750429412120,FARTCOIN,A,Close Long,0.9942,9355.9,3.720654,-229.780904,59548.8,0681
1750429412120,FARTCOIN,A,Close Long,0.99398,314.6,0.125082,-7.795788,50192.9,0681
1750429412120,FARTCOIN,A,Close Long,0.99398,2967.4,1.179814,-73.532172,49878.3,0681
1750429412120,FARTCOIN,A,Close Long,0.99394,1002.9,0.398728,-24.891978,46910.9,0681
1750429412120,FARTCOIN,A,Close Long,0.9939,7515.6,2.987901,-186.837816,45908.0,0681
1750429412120,FARTCOIN,A,Close Long,0.99389,286.6,0.113939,-7.127742,38392.4,0681
1750429412120,FARTCOIN,A,Close Long,0.99389,2405.5,0.95632,-59.824785,38105.8,0681
1750429412120,FARTCOIN,A,Close Long,0.99386,251.3,0.099902,-6.25737,35700.3,0681
1750429412120,FARTCOIN,A,Close Long,0.99371,1003.0,0.398676,-25.12515,35449.0,0681
1750429412120,FARTCOIN,A,Close Long,0.99371,2003.0,0.79616,-50.17515,34446.0,0681
1750429412120,FARTCOIN,A,Close Long,0.9937,553.5,0.220005,-13.87071,32443.0,0681
1750429412120,FARTCOIN,A,Close Long,0.9937,2036.0,0.809269,-51.02216,31889.5,0681
1750429412120,FARTCOIN,A,Close Long,0.9937,2038.2,0.810143,-51.077292,29853.5,0681
1750429412120,FARTCOIN,A,Close Long,0.9937,2042.7,0.811932,-51.190062,27815.3,0681
1750429412120,FARTCOIN,A,Close Long,0.99369,1979.5,0.786803,-49.626065,25772.6,0681
1750429412120,FARTCOIN,A,Close Long,0.99369,1504.7,0.598082,-37.722829,23793.1,0681
1750429412120,FARTCOIN,A,Close Long,0.9936,332.9,0.132307,-8.375764,22288.4,0681
1750429412120,FARTCOIN,A,Close Long,0.99352,3603.0,1.431861,-90.93972,21955.5,0681
1750429412120,FARTCOIN,A,Close Long,0.9935,3440.4,1.367214,-86.904504,18352.5,0681
1750429412120,FARTCOIN,A,Close Long,0.99343,51.2,0.020345,-1.296896,14912.1,0681
1750429412120,FARTCOIN,A,Close Long,0.99341,1729.6,0.68728,-43.84536,14860.9,0681
1750429412120,FARTCOIN,A,Close Long,0.9934,317.1,0.126002,-8.041656,13131.3,0681
1750429412120,FARTCOIN,A,Close Long,0.9934,352.4,0.140029,-8.936864,12814.2,0681
1750429412120,FARTCOIN,A,Close Long,0.9934,587.2,0.233329,-14.891392,12461.8,0681
1750429412120,FARTCOIN,A,Close Long,0.9934,352.3,0.139989,-8.934328,11874.6,0681
1750429412120,FARTCOIN,A,Close Long,0.9934,352.4,0.140029,-8.936864,11522.3,0681
1750429412120,FARTCOIN,A,Close Long,0.9934,1003.4,0.398711,-25.446224,11169.9,0681
1750429412120,FARTCOIN,A,Close Long,0.99337,1242.1,0.493545,-31.536919,10166.5,0681
1750429412120,FARTCOIN,A,Close Long,0.99333,81.8,0.032501,-2.080174,8924.4,0681
1750429412120,FARTCOIN,A,Close Long,0.9933,317.1,0.12599,-8.073366,8842.6,0681
1750429412120,FARTCOIN,A,Close Long,0.9933,653.0,0.259449,-16.62538,8525.5,0681
1750429412120,FARTCOIN,A,Close Long,0.99327,1536.7,0.610543,-39.170483,7872.5,0681
1750429412120,FARTCOIN,A,Close Long,0.99327,302.0,0.119987,-7.69798,6335.8,0681
1750429412120,FARTCOIN,A,Close Long,0.9932,142.9,0.056771,-3.652524,6033.8,0681
1750429412120,FARTCOIN,A,Close Long,0.9932,587.3,0.233322,-15.011388,5890.9,0681
1750429412120,FARTCOIN,A,Close Long,0.9932,587.4,0.233362,-15.013944,5303.6,0681
1750429412120,FARTCOIN,A,Close Long,0.99316,1729.6,0.687107,-44.27776,4716.2,0681
1750429412120,FARTCOIN,A,Close Long,0.9931,1496.7,0.594549,-38.405322,2986.6,0681
1750429412120,FARTCOIN,A,Close Long,0.9931,317.2,0.126004,-8.139352,1489.9,0681
1750429412120,FARTCOIN,A,Close Long,0.9931,528.7,0.21002,-13.566442,1172.7,0681
1750429412120,FARTCOIN,A,Close Long,0.9931,525.0,0.208551,-13.4715,644.0,0681
1750429412120,FARTCOIN,A,Close Long,0.9931,119.0,0.047271,-3.05354,119.0,0681
1750429435982,FARTCOIN,B,Open Long,0.96426,2565.0,0.296799,0.0,0.0,0622
1750429435982,FARTCOIN,B,Open Long,0.95907,2711.6,0.312073,0.0,2565.0,0623
1750429435982,FARTCOIN,B,Open Long,0.95389,2858.1,0.327157,0.0,5276.6,0624
1750429446938,FARTCOIN,B,Open Long,0.9487,1690.5,0.192453,0.0,8134.7,0625
1750429446938,FARTCOIN,B,Open Long,0.9487,1314.2,0.149613,0.0,9825.2,0625
1750429446938,FARTCOIN,B,Open Long,0.94352,3151.3,0.356797,0.0,11139.4,0626
1750429446938,FARTCOIN,B,Open Long,0.93833,3297.8,0.37133,0.0,14290.7,0627
1750429449315,FARTCOIN,B,Open Long,0.93315,1264.7,0.141618,0.0,17588.5,0628
1750429449315,FARTCOIN,B,Open Long,0.93315,201.9,0.022608,0.0,18853.2,0628
1750429449315,FARTCOIN,B,Open Long,0.93315,939.7,0.105225,0.0,19055.1,0628
1750429449315,FARTCOIN,B,Open Long,0.93315,1038.1,0.116244,0.0,19994.8,0628
1750431010942,FARTCOIN,B,Open Long,0.965,585.9,0.067847,0.0,21032.9,0682
1750431034077,FARTCOIN,B,Open Long,0.96286,627.8,0.072538,0.0,21618.8,0683
1750431079025,FARTCOIN,B,Open Long,0.96071,669.6,0.077194,0.0,22246.6,0684
1750431133599,FARTCOIN,B,Open Long,0.95857,711.5,0.081842,0.0,22916.2,0685
1750431144052,FARTCOIN,B,Open Long,0.95643,753.3,0.086457,0.0,23627.7,0686
1750431147375,FARTCOIN,B,Open Long,0.95429,795.2,0.091062,0.0,24381.0,0687
1750431310561,FARTCOIN,B,Open Long,0.95214,837.0,0.095632,0.0,25176.2,0688
1750431313786,FARTCOIN,B,Open Long,0.95,878.9,0.100194,0.0,26013.2,0689
1750431318513,FARTCOIN,B,Open Long,0.94786,920.8,0.104734,0.0,26892.1,0690
1750431325308,FARTCOIN,B,Open Long,0.94571,962.6,0.10924,0.0,27812.9,0691
1750431329195,FARTCOIN,B,Open Long,0.94357,1004.5,0.113737,0.0,28775.5,0692
1750431651221,FARTCOIN,B,Open Long,0.94143,1046.3,0.118202,0.0,29780.0,0693
1750433626875,FARTCOIN,B,Open Long,0.93929,1088.2,0.122656,0.0,30826.3,0694
1750433730270,FARTCOIN,B,Open Long,0.93714,1130.0,0.127076,0.0,31914.5,0695
1750433733093,FARTCOIN,B,Open Long,0.935,1171.9,0.131487,0.0,33044.5,0696
1750433765081,FARTCOIN,B,Open Long,0.92796,3591.0,0.399876,0.0,34216.4,0629
1750435547610,FARTCOIN,B,Open Long,0.92278,3737.6,0.413877,0.0,37807.4,0630
1750435717520,FARTCOIN,B,Open Long,0.91759,3251.9,0.358069,0.0,41545.0,0631
1750435731903,FARTCOIN,B,Open Long,0.91759,632.2,0.069612,0.0,44796.9,0631
1750436166085,FARTCOIN,B,Open Long,0.91241,4030.7,0.441318,0.0,45429.1,0632
1750436178172,FARTCOIN,B,Open Long,0.90722,4177.3,0.454767,0.0,49459.8,0633
1750436184449,FARTCOIN,B,Open Long,0.90204,4323.9,0.468039,0.0,53637.1,0634
1750439664808,FARTCOIN,B,Open Long,0.89685,4470.4,0.481113,0.0,57961.0,0635
1750440042151,FARTCOIN,B,Open Long,0.89167,4617.0,0.49402,0.0,62431.4,0636
1750440050168,FARTCOIN,B,Open Long,0.88648,2198.5,0.233871,0.0,67048.4,0637
1750440050168,FARTCOIN,B,Open Long,0.88648,930.8,0.099016,0.0,69246.9,0637
1750440050168,FARTCOIN,B,Open Long,0.88648,198.0,0.021062,0.0,70177.7,0637
1750440050168,FARTCOIN,B,Open Long,0.88648,1290.8,0.137312,0.0,70375.7,0637
1750440050168,FARTCOIN,B,Open Long,0.88648,145.5,0.015477,0.0,71666.5,0637
1750440054230,FARTCOIN,B,Open Long,0.8813,4910.2,0.519283,0.0,71812.0,0638
1750523544598,FARTCOIN,B,Open Long,0.87611,1885.1,0.198186,0.0,76722.2,0639
1750523544711,FARTCOIN,B,Open Long,0.87611,3171.6,0.33344,0.0,78607.3,0639
1750523545597,FARTCOIN,B,Open Long,0.87093,332.8,0.034781,0.0,81778.9,0640
1750523545597,FARTCOIN,B,Open Long,0.87093,4870.5,0.509023,0.0,82111.7,0640
1750523567340,FARTCOIN,B,Open Long,0.86574,4081.0,0.42397,0.0,86982.2,0641
1750523567340,FARTCOIN,B,Open Long,0.86574,1268.9,0.131824,0.0,91063.2,0641
1750523567340,FARTCOIN,B,Open Long,0.86056,5496.4,0.567597,0.0,92332.1,0642
1750523573311,FARTCOIN,B,Open Long,0.85537,5643.0,0.579222,0.0,97828.5,0643
1750523573311,FARTCOIN,B,Open Long,0.85019,5789.6,0.590671,0.0,103471.5,0644
1750523591881,FARTCOIN,B,Open Long,0.845,5834.4,0.591608,0.0,109261.1,0645
1750527596319,FARTCOIN,A,Close Long,0.80846,6569.0,2.124309,-614.8584,115095.5,0697
1750527596319,FARTCOIN,A,Close Long,0.8083,108526.5,35.088787,-10175.44464,108526.5,0697
1750529115542,FARTCOIN,B,Open Long,0.8295,650.3,0.215769,0.0,0.0,0698
1750529115542,FARTCOIN,B,Open Long,0.8295,1205.6,0.400018,0.0,650.3,0698
1750529115542,FARTCOIN,B,Open Long,0.82956,2974.5,0.98701,0.0,1855.9,0698
1750529115542,FARTCOIN,B,Open Long,0.82957,1900.0,0.630473,0.0,4830.4,0698
1750529115542,FARTCOIN,B,Open Long,0.82957,6059.7,2.010778,0.0,6730.4,0698
1750529115542,FARTCOIN,B,Open Long,0.8296,4563.6,1.514385,0.0,12790.1,0698
1750529115542,FARTCOIN,B,Open Long,0.82966,660.0,0.21903,0.0,17353.7,0698
1750529115542,FARTCOIN,B,Open Long,0.8297,4563.0,1.514368,0.0,18013.7,0698
1750529115542,FARTCOIN,B,Open Long,0.82971,2141.6,0.710762,0.0,22576.7,0698
1750529115542,FARTCOIN,B,Open Long,0.82977,641.8,0.213018,0.0,24718.3,0698
1750529115542,FARTCOIN,B,Open Long,0.82992,2141.6,0.710942,0.0,25360.1,0698
1750529115542,FARTCOIN,B,Open Long,0.82995,13284.3,4.410121,0.0,27501.7,0698
1750533191481,FARTCOIN,A,Close Long,0.83176,855.2,0.284528,1.736056,40786.0,0699
1750533192534,FARTCOIN,A,Close Long,0.83165,1705.3,0.170185,3.274176,39930.8,0699
1750533192672,FARTCOIN,A,Close Long,0.83165,904.7,0.090287,1.737024,38225.5,0699
1750533192672,FARTCOIN,A,Close Long,0.83165,1280.5,0.127791,2.45856,37320.8,0699
1750533192672,FARTCOIN,A,Close Long,0.83165,36040.2,3.596739,69.197184,36040.3,0699
1750533323947,FARTCOIN,A,Close Long,0.8312,0.1,0.000033,0.000147,0.1,0700
1750618710597,FARTCOIN,B,Open Long,0.855,664.8,0.068208,0.0,0.0,0701
1750618710671,FARTCOIN,B,Open Long,0.855,573.5,0.058841,0.0,664.8,0701
1750618710671,FARTCOIN,B,Open Long,0.855,62.4,0.006402,0.0,1238.3,0701
1750618853777,FARTCOIN,B,Open Long,0.85286,1347.2,0.137876,0.0,1300.7,0702
1750619075611,FARTCOIN,B,Open Long,0.85071,489.6,0.04998,0.0,2647.9,0703
1750619075684,FARTCOIN,B,Open Long,0.85071,136.1,0.013893,0.0,3137.5,0703
1750619076004,FARTCOIN,B,Open Long,0.85071,767.9,0.078391,0.0,3273.6,0703
1750620388987,FARTCOIN,B,Open Long,0.84857,1440.1,0.146643,0.0,4041.5,0704
1750620981678,FARTCOIN,B,Open Long,0.84643,1.5,0.000152,0.0,5481.6,0705
1750620981678,FARTCOIN,B,Open Long,0.84643,1103.0,0.112033,0.0,5483.1,0705
1750620981678,FARTCOIN,B,Open Long,0.84643,382.1,0.03881,0.0,6586.1,0705
1750621263284,FARTCOIN,B,Open Long,0.84429,1046.1,0.105985,0.0,6968.2,0706
1750621264289,FARTCOIN,B,Open Long,0.84429,61.2,0.0062,0.0,8014.3,0706
1750621266585,FARTCOIN,B,Open Long,0.84429,425.7,0.043129,0.0,8075.5,0706
1750621278611,FARTCOIN,B,Open Long,0.84214,1579.5,0.159619,0.0,8501.2,0707
1750622742443,FARTCOIN,B,Open Long,0.84,767.6,0.077374,0.0,10080.7,0708
1750622742665,FARTCOIN,B,Open Long,0.84,858.3,0.086516,0.0,10848.3,0708
1750622744197,FARTCOIN,B,Open Long,0.83786,1672.4,0.168148,0.0,11706.6,0709
1750622971660,FARTCOIN,B,Open Long,0.83571,1600.8,0.160536,0.0,13379.0,0710
1750622971876,FARTCOIN,B,Open Long,0.83571,118.0,0.011833,0.0,14979.8,0710
1750622974998,FARTCOIN,B,Open Long,0.83357,1765.3,0.17658,0.0,15097.8,0711
1750623191410,FARTCOIN,B,Open Long,0.83143,1811.8,0.180766,0.0,16863.1,0712
1750623192998,FARTCOIN,B,Open Long,0.82929,1858.2,0.184918,0.0,18674.9,0713
1750623195999,FARTCOIN,B,Open Long,0.82714,1904.7,0.189054,0.0,20533.1,0714
1750643821057,SPX,B,Open Long,1.0259,487.4,0.200009,0.0,0.0,0715
1750643821057,SPX,B,Open Long,1.0259,285.9,0.117321,0.0,487.4,0715
1750643821057,SPX,B,Open Long,1.0259,271.7,0.111494,0.0,773.3,0715
1750643821057,SPX,B,Open Long,1.0259,38.8,0.015921,0.0,1045.0,0715
1750643821057,SPX,B,Open Long,1.0261,487.1,0.199925,0.0,1083.8,0715
1750643821057,SPX,B,Open Long,1.0262,3015.1,1.237638,0.0,1570.9,0715
1750643821057,SPX,B,Open Long,1.0263,1398.7,0.574194,0.0,4586.0,0715
1750643821057,SPX,B,Open Long,1.0266,1469.9,0.603599,0.0,5984.7,0715
1750643821057,SPX,B,Open Long,1.0267,293.0,0.120329,0.0,7454.6,0715
1750643821057,SPX,B,Open Long,1.0267,973.7,0.399879,0.0,7747.6,0715
1750643821057,SPX,B,Open Long,1.0268,94.9,0.038977,0.0,8721.3,0715
1750643821057,SPX,B,Open Long,1.0268,325.0,0.133484,0.0,8816.2,0715
1750643821057,SPX,B,Open Long,1.0269,93.0,0.0382,0.0,9141.2,0715
1750643870634,SPX,B,Open Long,1.0292,324.0,0.133384,0.0,9234.2,0716
1750643870634,SPX,B,Open Long,1.0293,292.0,0.120222,0.0,9558.2,0716
1750643870634,SPX,B,Open Long,1.0293,201.8,0.083085,0.0,9850.2,0716
1750643870634,SPX,B,Open Long,1.0293,235.6,0.097001,0.0,10052.0,0716
1750643870634,SPX,B,Open Long,1.0295,292.0,0.120245,0.0,10287.6,0716
1750643870634,SPX,B,Open Long,1.0295,292.0,0.120245,0.0,10579.6,0716
1750643870634,SPX,B,Open Long,1.0295,292.0,0.120245,0.0,10871.6,0716
1750643870634,SPX,B,Open Long,1.0295,324.0,0.133423,0.0,11163.6,0716
1750643870634,SPX,B,Open Long,1.0295,324.0,0.133423,0.0,11487.6,0716
1750643870634,SPX,B,Open Long,1.0296,1469.9,0.605363,0.0,11811.6,0716
1750643870634,SPX,B,Open Long,1.0296,292.0,0.120257,0.0,13281.5,0716
1750643870634,SPX,B,Open Long,1.0296,292.0,0.120257,0.0,13573.5,0716
1750643870634,SPX,B,Open Long,1.0296,292.0,0.120257,0.0,13865.5,0716
1750643870634,SPX,B,Open Long,1.0296,292.0,0.120257,0.0,14157.5,0716
1750643870634,SPX,B,Open Long,1.0297,324.0,0.133449,0.0,14449.5,0716
1750643870634,SPX,B,Open Long,1.0297,292.0,0.120268,0.0,14773.5,0716
1750643870634,SPX,B,Open Long,1.0297,292.0,0.120268,0.0,15065.5,0716
1750643870634,SPX,B,Open Long,1.0297,292.0,0.120268,0.0,15357.5,0716
1750643870634,SPX,B,Open Long,1.0297,292.0,0.120268,0.0,15649.5,0716
1750643870634,SPX,B,Open Long,1.0297,769.6,0.316982,0.0,15941.5,0716
1750643870634,SPX,B,Open Long,1.0298,292.0,0.12028,0.0,16711.1,0716
1750643870634,SPX,B,Open Long,1.0299,292.0,0.120292,0.0,17003.1,0716
1750643870634,SPX,B,Open Long,1.0299,238.5,0.098252,0.0,17295.1,0716
1750644503626,SPX,A,Close Long,1.0177,56.8,0.023122,-0.578224,17533.6,0717
1750644503626,SPX,A,Close Long,1.0174,2252.8,0.916799,-23.609344,17476.8,0717
1750644503626,SPX,A,Close Long,1.0173,388.2,0.157966,-4.107156,15224.0,0717
1750644503626,SPX,A,Close Long,1.0173,397.7,0.161832,-4.207666,14835.8,0717
1750644503626,SPX,A,Close Long,1.0171,1469.9,0.598014,-15.845522,14438.1,0717
1750644503626,SPX,A,Close Long,1.0171,365.0,0.148496,-3.9347,12968.2,0717
1750644503626,SPX,A,Close Long,1.0171,491.4,0.199921,-5.297292,12603.2,0717
1750644503626,SPX,A,Close Long,1.017,295.0,0.120006,-3.2096,12111.8,0717
1750644503626,SPX,A,Close Long,1.017,328.0,0.13343,-3.56864,11816.8,0717
1750644503626,SPX,A,Close Long,1.017,328.0,0.13343,-3.56864,11488.8,0717
1750644503626,SPX,A,Close Long,1.0169,295.0,0.119994,-3.2391,11160.8,0717
1750644503626,SPX,A,Close Long,1.0169,328.0,0.133417,-3.60144,10865.8,0717
1750644503626,SPX,A,Close Long,1.0168,296.0,0.120389,-3.27968,10537.8,0717
1750644503626,SPX,A,Close Long,1.0168,328.0,0.133404,-3.63424,10241.8,0717
1750644503626,SPX,A,Close Long,1.0168,296.0,0.120389,-3.27968,9913.8,0717
1750644503626,SPX,A,Close Long,1.0168,1398.7,0.568879,-15.497596,9617.8,0717
1750644503626,SPX,A,Close Long,1.0167,94.9,0.038593,-1.060982,8219.1,0717
1750644503626,SPX,A,Close Long,1.0167,296.0,0.120377,-3.30928,8124.2,0717
1750644503626,SPX,A,Close Long,1.0167,296.0,0.120377,-3.30928,7828.2,0717
1750644503626,SPX,A,Close Long,1.0167,983.2,0.399847,-10.992176,7532.2,0717
1750644503626,SPX,A,Close Long,1.0166,1469.9,0.59772,-16.580472,6549.0,0717
1750644503626,SPX,A,Close Long,1.0166,296.0,0.120365,-3.33888,5079.1,0717
1750644503626,SPX,A,Close Long,1.0165,296.0,0.120353,-3.36848,4783.1,0717
1750644503626,SPX,A,Close Long,1.0165,4487.1,1.824454,-51.063198,4487.1,0717
1750682297723,SPX,B,Open Long,1.0286,1474.2,0.606544,0.0,0.0,0718
1750682297723,SPX,B,Open Long,1.0286,389.6,0.160297,0.0,1474.2,0718
1750682297723,SPX,B,Open Long,1.0287,362.0,0.148955,0.0,1863.8,0718
1750682297723,SPX,B,Open Long,1.0288,242.8,0.099917,0.0,2225.8,0718
1750682297723,SPX,B,Open Long,1.0289,361.0,0.148573,0.0,2468.6,0718
1750682297723,SPX,B,Open Long,1.0289,360.0,0.148161,0.0,2829.6,0718
1750682297723,SPX,B,Open Long,1.0289,360.0,0.148161,0.0,3189.6,0718
1750682297723,SPX,B,Open Long,1.0289,360.0,0.148161,0.0,3549.6,0718
1750682297723,SPX,B,Open Long,1.029,360.0,0.148176,0.0,3909.6,0718
1750682297723,SPX,B,Open Long,1.029,360.0,0.148176,0.0,4269.6,0718
1750682297723,SPX,B,Open Long,1.029,360.0,0.148176,0.0,4629.6,0718
1750682297723,SPX,B,Open Long,1.029,796.3,0.327757,0.0,4989.6,0718
1750682297723,SPX,B,Open Long,1.029,751.6,0.309358,0.0,5785.9,0718
1750682297723,SPX,B,Open Long,1.0291,888.4,0.3657,0.0,6537.5,0718
1750682297723,SPX,B,Open Long,1.0291,324.0,0.133371,0.0,7425.9,0718
1750682297723,SPX,B,Open Long,1.0291,360.0,0.14819,0.0,7749.9,0718
1750682297723,SPX,B,Open Long,1.0291,758.6,0.31227,0.0,8109.9,0718
1750682297723,SPX,B,Open Long,1.0292,1474.2,0.606898,0.0,8868.5,0718
1750682297723,SPX,B,Open Long,1.0292,94.9,0.039068,0.0,10342.7,0718
1750682297723,SPX,B,Open Long,1.0292,360.0,0.148204,0.0,10437.6,0718
1750682297723,SPX,B,Open Long,1.0292,324.0,0.133384,0.0,10797.6,0718
1750682297723,SPX,B,Open Long,1.0292,324.0,0.133384,0.0,11121.6,0718
1750682297723,SPX,B,Open Long,1.0293,292.0,0.120222,0.0,11445.6,0718
1750682297723,SPX,B,Open Long,1.0293,292.0,0.120222,0.0,11737.6,0718
1750682297723,SPX,B,Open Long,1.0293,292.0,0.120222,0.0,12029.6,0718
1750682297723,SPX,B,Open Long,1.0293,324.0,0.133397,0.0,12321.6,0718
1750682297723,SPX,B,Open Long,1.0293,1398.7,0.575872,0.0,12645.6,0718
1750682297723,SPX,B,Open Long,1.0293,360.0,0.148219,0.0,14044.3,0718
1750682297723,SPX,B,Open Long,1.0294,378.0,0.155645,0.0,14404.3,0718
1750682297723,SPX,B,Open Long,1.0294,292.0,0.120233,0.0,14782.3,0718
1750682297723,SPX,B,Open Long,1.0294,292.0,0.120233,0.0,15074.3,0718
1750682297723,SPX,B,Open Long,1.0294,122.0,0.050234,0.0,15366.3,0718
1750682297723,SPX,B,Open Long,1.0294,485.6,0.19995,0.0,15488.3,0718
1750682297723,SPX,B,Open Long,1.0294,360.0,0.148233,0.0,15973.9,0718
1750682297723,SPX,B,Open Long,1.0295,156.1,0.064281,0.0,16333.9,0718
1750693713720,SPX,A,Close Long,1.0424,179.2,0.074719,2.386944,16490.0,0720
1750693718751,SPX,A,Close Long,1.0422,587.9,0.073525,7.713248,16310.8,0720
1750693718900,SPX,A,Close Long,1.0422,69.0,0.008629,0.90528,15722.9,0720
1750693718900,FARTCOIN,A,Close Long,0.88481,617.6,0.065575,27.6376,22437.8,0719
1750693726552,SPX,A,Close Long,1.0422,1039.5,0.130004,13.63824,15653.9,0720
1750693739803,FARTCOIN,A,Close Long,0.8832,566.1,0.199991,24.421554,21820.2,0721
1750693739803,FARTCOIN,A,Close Long,0.88303,1673.5,0.5911,71.910295,21254.1,0721
1750693739803,FARTCOIN,A,Close Long,0.88296,3352.6,1.184084,143.82654,19580.6,0721
1750693739803,FARTCOIN,A,Close Long,0.8829,377.6,0.133353,16.176384,16228.0,0721
1750693739803,FARTCOIN,A,Close Long,0.88289,1900.0,0.670996,81.377,15850.4,0721
1750693748973,SPX,A,Close Long,1.0402,1499.3,0.187148,16.672216,14614.4,0722
1750693749052,SPX,A,Close Long,1.0402,1382.2,0.172531,15.370064,13115.1,0722
1750693749158,SPX,A,Close Long,1.0402,620.0,0.07739,6.8944,11732.9,0722
1750693779533,FARTCOIN,A,Close Long,0.88067,340.8,0.036015,13.839888,13950.4,0723
1750693780669,FARTCOIN,A,Close Long,0.88067,2670.9,0.282261,108.465249,13609.6,0723
1750693780669,FARTCOIN,A,Close Long,0.88067,823.2,0.086996,33.430152,10938.7,0723
1750693780773,FARTCOIN,A,Close Long,0.88067,1236.3,0.130652,50.206143,10115.5,0723
1750693780773,FARTCOIN,A,Close Long,0.88067,964.8,0.10196,39.180528,8879.2,0723
1750693780773,FARTCOIN,A,Close Long,0.88067,1921.4,0.203054,78.028054,7914.4,0723
1750693781271,SPX,A,Close Long,1.0393,1909.9,0.238195,19.519178,11112.9,0724
1750693781271,FARTCOIN,A,Close Long,0.88067,814.8,0.086108,33.089028,5993.0,0723
1750693781740,FARTCOIN,A,Close Long,0.88067,578.2,0.061104,23.480702,5178.2,0723
1750693781855,FARTCOIN,A,Close Long,0.88067,4504.6,0.476047,182.931806,4600.0,0723
1750693781855,FARTCOIN,A,Close Long,0.88067,95.4,0.010081,3.874194,95.4,0723
1750693783208,SPX,A,Close Long,1.0393,790.9,0.098637,8.082998,9203.0,0724
1750693784048,SPX,A,Close Long,1.0393,162.0,0.020203,1.65564,8412.1,0724
1750693785619,SPX,A,Close Long,1.0393,1002.9,0.125077,10.249638,8250.1,0724
1750693785619,SPX,A,Close Long,1.0393,2156.5,0.26895,22.03943,7247.2,0724
1750693820008,SPX,A,Close Long,1.0383,1789.3,0.222939,16.497346,5090.7,0725
1750693824867,SPX,A,Close Long,1.0383,2011.8,0.250662,18.548796,3301.4,0725
1750693825428,SPX,A,Close Long,1.0383,29.0,0.003613,0.26738,1289.6,0725
1750693826354,SPX,A,Close Long,1.0383,150.0,0.018689,1.383,1260.6,0725
1750693826354,SPX,A,Close Long,1.0383,1110.5,0.138363,10.23881,1110.6,0725
1750694149271,FARTCOIN,B,Open Long,0.88107,3403.3,1.199418,0.0,0.0,0726
1750694149271,FARTCOIN,B,Open Long,0.88108,1093.0,0.385208,0.0,3403.3,0726
1750694149271,FARTCOIN,B,Open Long,0.88117,2725.8,0.960757,0.0,4496.3,0726
1750694149271,FARTCOIN,B,Open Long,0.88118,1755.7,0.618835,0.0,7222.1,0726
1750694149271,FARTCOIN,B,Open Long,0.88121,50.0,0.017624,0.0,8977.8,0726
1750694149271,FARTCOIN,B,Open Long,0.88121,3355.3,1.182689,0.0,9027.8,0726
1750694149271,FARTCOIN,B,Open Long,0.88123,11477.7,4.045797,0.0,12383.1,0726
1750694149271,FARTCOIN,B,Open Long,0.88125,4600.0,1.6215,0.0,23860.8,0726
1750694162226,FARTCOIN,B,Open Long,0.88061,1654.7,0.582858,0.0,28460.8,0727
1750694162226,FARTCOIN,B,Open Long,0.8808,855.2,0.301304,0.0,30115.5,0727
1750694162226,FARTCOIN,B,Open Long,0.88099,3403.8,1.199485,0.0,30970.7,0727
1750694162226,FARTCOIN,B,Open Long,0.88121,50.0,0.017624,0.0,34374.5,0727
1750694162226,FARTCOIN,B,Open Long,0.88125,17247.1,6.079602,0.0,34424.5,0727
1750694162226,FARTCOIN,B,Open Long,0.88129,1967.3,0.693504,0.0,51671.6,0727
1750694162226,FARTCOIN,B,Open Long,0.8813,3221.3,1.135572,0.0,53638.9,0727
1750694786051,FARTCOIN,A,Close Long,0.87133,17.8,0.006203,-0.17533,56860.2,0728
1750694786051,FARTCOIN,A,Close Long,0.87116,471.2,0.164196,-4.721424,56842.4,0728
1750694786051,FARTCOIN,A,Close Long,0.871,500.0,0.1742,-5.09,56371.2,0728
1750694786051,FARTCOIN,A,Close Long,0.87096,16.4,0.005713,-0.167608,55871.2,0728
1750694786051,FARTCOIN,A,Close Long,0.87091,3443.0,1.199417,-35.35961,55854.8,0728
1750694786051,FARTCOIN,A,Close Long,0.8708,459.4,0.160018,-4.768572,52411.8,0728
1750694786051,FARTCOIN,A,Close Long,0.87064,1152.3,0.401295,-12.145242,51952.4,0728
1750694786051,FARTCOIN,A,Close Long,0.8706,213.0,0.074175,-2.25354,50800.1,0728
1750694786051,FARTCOIN,A,Close Long,0.87058,35.3,0.012292,-0.37418,50587.1,0728
1750694786051,FARTCOIN,A,Close Long,0.8705,344.7,0.120024,-3.681396,50551.8,0728
1750694786051,FARTCOIN,A,Close Long,0.87046,4466.6,1.555198,-47.881952,50207.1,0728
1750694786051,FARTCOIN,A,Close Long,0.87042,200.0,0.069633,-2.152,45740.5,0728
1750694786051,FARTCOIN,A,Close Long,0.87042,1967.3,0.68495,-21.168148,45540.5,0728
1750694786051,FARTCOIN,A,Close Long,0.8704,380.0,0.1323,-4.0964,43573.2,0728
1750694786051,FARTCOIN,A,Close Long,0.8704,361.9,0.125999,-3.901282,43193.2,0728
1750694786051,FARTCOIN,A,Close Long,0.8704,402.1,0.139995,-4.334638,42831.3,0728
1750694786051,FARTCOIN,A,Close Long,0.8704,603.2,0.21001,-6.502496,42429.2,0728
1750694786051,FARTCOIN,A,Close Long,0.8704,362.0,0.126033,-3.90236,41826.0,0728
1750694786051,FARTCOIN,A,Close Long,0.8704,192.0,0.066846,-2.06976,41464.0,0728
1750694786051,FARTCOIN,A,Close Long,0.8704,344.7,0.12001,-3.715866,41272.0,0728
1750694786051,FARTCOIN,A,Close Long,0.87037,286.3,0.099674,-3.094903,40927.3,0728
1750694786051,FARTCOIN,A,Close Long,0.87034,340.8,0.118644,-3.694272,40641.0,0728
1750694786051,FARTCOIN,A,Close Long,0.8703,380.1,0.13232,-4.135488,40300.2,0728
1750694786051,FARTCOIN,A,Close Long,0.8703,362.0,0.126019,-3.93856,39920.1,0728
1750694786051,FARTCOIN,A,Close Long,0.8703,362.0,0.126019,-3.93856,39558.1,0728
1750694786051,FARTCOIN,A,Close Long,0.8703,603.3,0.21002,-6.563904,39196.1,0728
1750694786051,FARTCOIN,A,Close Long,0.8703,192.0,0.066839,-2.08896,38592.8,0728
1750694786051,FARTCOIN,A,Close Long,0.8703,344.7,0.119996,-3.750336,38400.8,0728
1750694786051,FARTCOIN,A,Close Long,0.87024,312.9,0.108919,-3.423126,38056.1,0728
1750694786051,FARTCOIN,A,Close Long,0.87024,325.7,0.113374,-3.563158,37743.2,0728
1750694786051,FARTCOIN,A,Close Long,0.87021,2725.8,0.948807,-29.902026,37417.5,0728
1750694786051,FARTCOIN,A,Close Long,0.8702,105.1,0.036583,-1.153998,34691.7,0728
1750694786051,FARTCOIN,A,Close Long,0.8702,18.8,0.006543,-0.206424,34586.6,0728
1750694786051,FARTCOIN,A,Close Long,0.8702,362.0,0.126004,-3.97476,34567.8,0728
1750694786051,FARTCOIN,A,Close Long,0.8702,362.0,0.126004,-3.97476,34205.8,0728
1750694786051,FARTCOIN,A,Close Long,0.8702,344.8,0.120017,-3.785904,33843.8,0728
1750694786051,FARTCOIN,A,Close Long,0.8702,344.8,0.120017,-3.785904,33499.0,0728
1750694786051,FARTCOIN,A,Close Long,0.8702,344.8,0.120017,-3.785904,33154.2,0728
1750694786051,FARTCOIN,A,Close Long,0.8702,4348.6,1.51366,-47.747628,32809.4,0728
1750703091443,FARTCOIN,A,Close Long,0.9799,919.9,0.360564,90.812528,28460.8,0729
1750703091443,FARTCOIN,A,Close Long,0.9799,1705.9,0.668644,168.406448,27540.9,0729
1750703091443,FARTCOIN,A,Close Long,0.9799,997.3,0.390901,98.453456,25835.0,0729
1750703091443,FARTCOIN,A,Close Long,0.97981,1043.3,0.408894,102.900679,24837.7,0729
1750703091443,FARTCOIN,A,Close Long,0.97957,5004.5,1.960903,492.392755,23794.4,0729
1750703091443,FARTCOIN,A,Close Long,0.97954,445.4,0.174514,43.809544,18789.9,0729
1750703091443,FARTCOIN,A,Close Long,0.9795,445.4,0.174507,43.791728,18344.5,0729
1750703091443,FARTCOIN,A,Close Long,0.97946,1550.6,0.6075,152.392968,17899.1,0729
1750703091443,FARTCOIN,A,Close Long,0.97945,1043.3,0.408744,102.525091,16348.5,0729
1750703091443,FARTCOIN,A,Close Long,0.97923,3061.0,1.198969,300.13105,15305.2,0729
1750703091443,FARTCOIN,A,Close Long,0.9792,1878.0,0.735575,184.08156,12244.2,0729
1750703091443,FARTCOIN,A,Close Long,0.9792,2041.8,0.799732,200.137236,10366.2,0729
1750703091443,FARTCOIN,A,Close Long,0.97919,3970.6,1.555188,389.158506,8324.4,0729
1750703091443,FARTCOIN,A,Close Long,0.97914,879.2,0.344343,86.126432,4353.8,0729
1750703091443,FARTCOIN,A,Close Long,0.97913,242.0,0.094779,23.7039,3474.6,0729
1750703096582,FARTCOIN,A,Close Long,0.97912,48.8,0.005733,4.779472,3232.6,0729
1750703099128,FARTCOIN,A,Close Long,0.97912,534.5,0.0628,52.34893,3183.8,0729
1750703099284,FARTCOIN,A,Close Long,0.97912,1526.0,0.179296,149.45644,2649.3,0729
1750703100330,FARTCOIN,A,Close Long,0.97912,1123.3,0.131981,110.016002,1123.3,0729
1750703101976,SPX,A,Close Long,1.1509,0.1,0.000013,0.012182,0.1,0730
1750709940474,SPX,B,Open Long,1.2065,414.5,0.200037,0.0,0.0,0734
1750709940474,SPX,B,Open Long,1.2066,414.5,0.200054,0.0,414.5,0734
1750709940474,SPX,B,Open Long,1.2067,4655.3,2.24702,0.0,829.0,0734
1750709940474,SPX,B,Open Long,1.2074,86.4,0.041727,0.0,5484.3,0734
1750709940474,SPX,B,Open Long,1.2077,200.6,0.096905,0.0,5570.7,0734
1750709940474,SPX,B,Open Long,1.2078,210.3,0.1016,0.0,5771.3,0734
1750709940474,SPX,B,Open Long,1.2079,86.4,0.041745,0.0,5981.6,0734
1750709940474,SPX,B,Open Long,1.208,1274.2,0.615693,0.0,6068.0,0734
1750709940474,SPX,B,Open Long,1.2081,290.0,0.140139,0.0,7342.2,0734
1750709940474,SPX,B,Open Long,1.2082,767.1,0.370724,0.0,7632.2,0734
1750709940474,SPX,B,Open Long,1.2082,276.0,0.133385,0.0,8399.3,0734
1750709940474,SPX,B,Open Long,1.2082,4196.0,2.027842,0.0,8675.3,0734
1750709940474,SPX,B,Open Long,1.2084,86.4,0.041762,0.0,12871.3,0734
1750709940474,SPX,B,Open Long,1.2084,673.1,0.325349,0.0,12957.7,0734
1750709940474,SPX,B,Open Long,1.2086,290.0,0.140197,0.0,13630.8,0734
1750709940474,SPX,B,Open Long,1.2087,12013.7,5.808383,0.0,13920.8,0734
1750709940474,SPX,B,Open Long,1.2088,767.1,0.370908,0.0,25934.5,0734
1750709940474,SPX,B,Open Long,1.2088,274.7,0.132822,0.0,26701.6,0734
1750710082525,SPX,A,Close Long,1.2101,242.8,0.117524,0.480744,26976.3,0735
1750710082525,SPX,A,Close Long,1.2098,816.3,0.395023,1.371384,26733.5,0735
1750710082525,SPX,A,Close Long,1.2098,402.5,0.194777,0.6762,25917.2,0735
1750710082525,SPX,A,Close Long,1.2098,86.4,0.04181,0.145152,25514.7,0735
1750710082525,SPX,A,Close Long,1.2093,86.4,0.041793,0.101952,25428.3,0735
1750710082525,SPX,A,Close Long,1.2087,1274.2,0.61605,0.739036,25341.9,0735
1750710082525,SPX,A,Close Long,1.2085,86.4,0.041765,0.032832,24067.7,0735
1750710082525,SPX,A,Close Long,1.2085,671.3,0.324506,0.255094,23981.3,0735
1750710082525,SPX,A,Close Long,1.2082,1274.2,0.615795,0.101936,23310.0,0735
1750710082525,SPX,A,Close Long,1.2081,276.0,0.133374,-0.00552,22035.8,0735
1750710082525,SPX,A,Close Long,1.208,86.4,0.041748,-0.010368,21759.8,0735
1750710082525,SPX,A,Close Long,1.2079,276.0,0.133352,-0.06072,21673.4,0735
1750710082525,SPX,A,Close Long,1.2079,96.7,0.046721,-0.021274,21397.4,0735
1750710082525,SPX,A,Close Long,1.2077,8266.5,3.99338,-3.47193,21300.7,0735
1750710082525,SPX,A,Close Long,1.2076,290.0,0.140081,-0.1508,13034.2,0735
1750710082525,SPX,A,Close Long,1.2076,767.1,0.370539,-0.398892,12744.2,0735
1750710082525,SPX,A,Close Long,1.2075,1274.2,0.615438,-0.790004,11977.1,0735
1750710082525,SPX,A,Close Long,1.2075,826.9,0.399392,-0.512678,10702.9,0735
1750710082525,SPX,A,Close Long,1.2075,249.0,0.120267,-0.15438,9876.0,0735
1750710082525,SPX,A,Close Long,1.2075,86.4,0.041731,-0.053568,9627.0,0735
1750710082525,SPX,A,Close Long,1.2075,277.0,0.133791,-0.17174,9540.6,0735
1750710082525,SPX,A,Close Long,1.2075,680.3,0.328584,-0.421786,9263.6,0735
1750710082525,SPX,A,Close Long,1.2074,4961.1,2.396012,-3.571992,8583.3,0735
1750710082525,SPX,A,Close Long,1.2074,3622.2,1.749377,-2.607984,3622.2,0735
1750714042897,FARTCOIN,B,Open Long,0.985,607.5,0.071806,0.0,0.0,0731
1750715859958,FARTCOIN,B,Open Long,0.97974,671.5,0.078947,0.0,607.5,0732
1750715911298,FARTCOIN,B,Open Long,0.97447,735.5,0.086006,0.0,1279.0,0733
1750716283214,FARTCOIN,B,Open Long,1.0,2077.8,0.83112,0.0,2014.5,0736
1750716283214,FARTCOIN,B,Open Long,1.0,2073.6,0.82944,0.0,4092.3,0736
1750716283214,FARTCOIN,B,Open Long,1.0,1983.4,0.79336,0.0,6165.9,0736
1750716283214,FARTCOIN,B,Open Long,1.0,1450.0,0.58,0.0,8149.3,0736
1750716283214,FARTCOIN,B,Open Long,1.0,600.0,0.24,0.0,9599.3,0736
1750716283214,FARTCOIN,B,Open Long,1.0,1571.8,0.62872,0.0,10199.3,0736
1750716283214,FARTCOIN,B,Open Long,1.0001,50.0,0.020002,0.0,11771.1,0736
1750716283214,FARTCOIN,B,Open Long,1.0001,445.4,0.178177,0.0,11821.1,0736
1750716283214,FARTCOIN,B,Open Long,1.0001,879.2,0.351715,0.0,12266.5,0736
1750716283214,FARTCOIN,B,Open Long,1.0001,350.0,0.140014,0.0,13145.7,0736
1750716283214,FARTCOIN,B,Open Long,1.0002,499.9,0.199999,0.0,13495.7,0736
1750716283214,FARTCOIN,B,Open Long,1.0002,370.4,0.148189,0.0,13995.6,0736
1750716283214,FARTCOIN,B,Open Long,1.0004,1788.2,0.715566,0.0,14366.0,0736
1750716283214,FARTCOIN,B,Open Long,1.0004,4827.6,1.931812,0.0,16154.2,0736
1750716283214,FARTCOIN,B,Open Long,1.0004,6180.5,2.473188,0.0,20981.8,0736
1750716460398,FARTCOIN,A,Close Long,1.016,3748.4,1.523349,64.959772,27162.3,0737
1750716460398,FARTCOIN,A,Close Long,1.016,492.1,0.199989,8.528093,23413.9,0737
1750716460398,FARTCOIN,A,Close Long,1.016,1448.4,0.588629,25.100772,22921.8,0737
1750716460398,FARTCOIN,A,Close Long,1.0158,993.5,0.403678,17.018655,21473.4,0737
1750716460398,FARTCOIN,A,Close Long,1.0158,17625.9,7.161755,301.931667,20479.9,0737
1750716460398,FARTCOIN,A,Close Long,1.0157,2854.0,1.159523,48.60362,2854.0,0737
1750817989079,VIRTUAL,B,Open Long,1.6451,337.5,0.222088,0.0,0.0,0738
1750817989079,VIRTUAL,B,Open Long,1.6451,225.2,0.14819,0.0,337.5,0738
1750817989079,VIRTUAL,B,Open Long,1.6451,225.2,0.14819,0.0,562.7,0738
1750817989079,VIRTUAL,B,Open Long,1.6451,225.2,0.14819,0.0,787.9,0738
1750817989079,VIRTUAL,B,Open Long,1.6453,225.2,0.148208,0.0,1013.1,0738
1750817989079,VIRTUAL,B,Open Long,1.6453,225.2,0.148208,0.0,1238.3,0738
1750817989079,VIRTUAL,B,Open Long,1.6453,225.2,0.148208,0.0,1463.5,0738
1750817989079,VIRTUAL,B,Open Long,1.6453,617.4,0.406323,0.0,1688.7,0738
1750817989079,VIRTUAL,B,Open Long,1.6453,368.6,0.242583,0.0,2306.1,0738
1750817989079,VIRTUAL,B,Open Long,1.6453,354.8,0.2335,0.0,2674.7,0738
1750817989079,VIRTUAL,B,Open Long,1.6454,225.2,0.148217,0.0,3029.5,0738
1750817989079,VIRTUAL,B,Open Long,1.6454,225.2,0.148217,0.0,3254.7,0738
1750817989079,VIRTUAL,B,Open Long,1.6454,375.2,0.246941,0.0,3479.9,0738
1750817989079,VIRTUAL,B,Open Long,1.6454,225.1,0.148151,0.0,3855.1,0738
1750817989079,VIRTUAL,B,Open Long,1.6454,225.2,0.148217,0.0,4080.2,0738
1750817989079,VIRTUAL,B,Open Long,1.6454,202.6,0.133343,0.0,4305.4,0738
1750817989079,VIRTUAL,B,Open Long,1.6454,202.6,0.133343,0.0,4508.0,0738
1750817989079,VIRTUAL,B,Open Long,1.6454,202.6,0.133343,0.0,4710.6,0738
1750817989079,VIRTUAL,B,Open Long,1.6454,202.6,0.133343,0.0,4913.2,0738
1750817989079,VIRTUAL,B,Open Long,1.6454,202.6,0.133343,0.0,5115.8,0738
1750817989079,VIRTUAL,B,Open Long,1.6455,202.6,0.133351,0.0,5318.4,0738
1750817989079,VIRTUAL,B,Open Long,1.6455,202.6,0.133351,0.0,5521.0,0738
1750817989079,VIRTUAL,B,Open Long,1.6455,1127.0,0.741791,0.0,5723.6,0738
1750817989079,VIRTUAL,B,Open Long,1.6455,202.6,0.133351,0.0,6850.6,0738
1750817989079,VIRTUAL,B,Open Long,1.6455,202.6,0.133351,0.0,7053.2,0738
1750817989079,VIRTUAL,B,Open Long,1.6455,202.6,0.133351,0.0,7255.8,0738
1750817989079,VIRTUAL,B,Open Long,1.6456,202.6,0.133359,0.0,7458.4,0738
1750817989079,VIRTUAL,B,Open Long,1.6456,624.2,0.410873,0.0,7661.0,0738
1750817989079,VIRTUAL,B,Open Long,1.6456,337.7,0.222287,0.0,8285.2,0738
1750817989079,VIRTUAL,B,Open Long,1.6456,334.3,0.220049,0.0,8622.9,0738
1750817989079,VIRTUAL,B,Open Long,1.6456,3077.3,2.025601,0.0,8957.2,0738
1750817989079,VIRTUAL,B,Open Long,1.6458,1754.7,1.155154,0.0,12034.5,0738
1750817989079,VIRTUAL,B,Open Long,1.6458,119.7,0.0788,0.0,13789.2,0738
1750817989079,VIRTUAL,B,Open Long,1.646,3037.0,1.99956,0.0,13908.9,0738
1750817989079,VIRTUAL,B,Open Long,1.646,1343.1,0.884297,0.0,16945.9,0738
1750817989079,VIRTUAL,B,Open Long,1.6461,1216.0,0.800663,0.0,18289.0,0738
1750817989079,VIRTUAL,B,Open Long,1.6462,202.5,0.133342,0.0,19505.0,0738
1750817989079,VIRTUAL,B,Open Long,1.6462,202.5,0.133342,0.0,19707.5,0738
1750817989079,VIRTUAL,B,Open Long,1.6462,1271.4,0.837191,0.0,19910.0,0738
1750817989079,VIRTUAL,B,Open Long,1.6462,91.3,0.060119,0.0,21181.4,0738
1750826374171,VIRTUAL,A,Close Long,1.5787,2548.0,1.609011,-170.69052,21272.7,0739
1750826374171,VIRTUAL,A,Close Long,1.5786,211.2,0.13336,-14.169408,18724.7,0739
1750826374171,VIRTUAL,A,Close Long,1.5785,211.2,0.133351,-14.190528,18513.5,0739
1750826374171,VIRTUAL,A,Close Long,1.5784,211.2,0.133343,-14.211648,18302.3,0739
1750826374171,VIRTUAL,A,Close Long,1.5784,246.4,0.155567,-16.580256,18091.1,0739
1750826374171,VIRTUAL,A,Close Long,1.5784,246.4,0.155567,-16.580256,17844.7,0739
1750826374171,VIRTUAL,A,Close Long,1.5781,190.1,0.119998,-12.848859,17598.3,0739
1750826374171,VIRTUAL,A,Close Long,1.5781,607.8,0.383667,-41.081202,17408.2,0739
1750826374171,VIRTUAL,A,Close Long,1.5781,221.8,0.140009,-14.991462,16800.4,0739
1750826374171,VIRTUAL,A,Close Long,1.5781,221.8,0.140009,-14.991462,16578.6,0739
1750826374171,VIRTUAL,A,Close Long,1.578,190.2,0.120054,-12.874638,16356.8,0739
1750826374171,VIRTUAL,A,Close Long,1.578,237.4,0.149846,-16.069606,16166.6,0739
1750826374171,VIRTUAL,A,Close Long,1.578,236.3,0.149152,-15.995147,15929.2,0739
1750826374171,VIRTUAL,A,Close Long,1.5778,199.7,0.126034,-13.557633,15692.9,0739
1750826374171,VIRTUAL,A,Close Long,1.5778,199.7,0.126034,-13.557633,15493.2,0739
1750826374171,VIRTUAL,A,Close Long,1.5777,199.7,0.126026,-13.577603,15293.5,0739
1750826374171,VIRTUAL,A,Close Long,1.5777,635.4,0.400988,-43.200846,15093.8,0739
1750826374171,VIRTUAL,A,Close Long,1.5777,167.9,0.105958,-11.415521,14458.4,0739
1750826374171,VIRTUAL,A,Close Long,1.5777,1208.6,0.762723,-82.172714,14290.5,0739
1750826374171,VIRTUAL,A,Close Long,1.5776,233.0,0.147032,-15.86497,13081.9,0739
1750826374171,VIRTUAL,A,Close Long,1.5776,247.0,0.155866,-16.81823,12848.9,0739
1750826374171,VIRTUAL,A,Close Long,1.5776,247.0,0.155866,-16.81823,12601.9,0739
1750826374171,VIRTUAL,A,Close Long,1.5776,247.0,0.155866,-16.81823,12354.9,0739
1750826374171,VIRTUAL,A,Close Long,1.5776,652.1,0.411501,-44.401489,12107.9,0739
1750826374171,VIRTUAL,A,Close Long,1.5776,2225.4,1.404316,-151.527486,11455.8,0739
1750826374171,VIRTUAL,A,Close Long,1.5776,247.0,0.155866,-16.81823,9230.4,0739
1750826374171,VIRTUAL,A,Close Long,1.5776,247.0,0.155866,-16.81823,8983.4,0739
1750826374171,VIRTUAL,A,Close Long,1.5776,611.5,0.38588,-41.637035,8736.4,0739
1750826374171,VIRTUAL,A,Close Long,1.5776,247.0,0.155866,-16.81823,8124.9,0739
1750826374171,VIRTUAL,A,Close Long,1.5775,1127.0,0.711137,-76.85013,7877.9,0739
1750826374171,VIRTUAL,A,Close Long,1.5775,199.7,0.12601,-13.617543,6750.9,0739
1750826374171,VIRTUAL,A,Close Long,1.5775,221.9,0.140018,-15.131361,6551.2,0739
1750826374171,VIRTUAL,A,Close Long,1.5774,272.0,0.171621,-18.57488,6329.3,0739
1750826374171,VIRTUAL,A,Close Long,1.5774,244.7,0.154395,-16.710563,6057.3,0739
1750826374171,VIRTUAL,A,Close Long,1.5774,259.0,0.163418,-17.68711,5812.6,0739
1750826374171,VIRTUAL,A,Close Long,1.5774,259.0,0.163418,-17.68711,5553.6,0739
1750826374171,VIRTUAL,A,Close Long,1.5774,247.0,0.155847,-16.86763,5294.6,0739
1750826374171,VIRTUAL,A,Close Long,1.5774,247.0,0.155847,-16.86763,5047.6,0739
1750826374171,VIRTUAL,A,Close Long,1.5773,316.9,0.199938,-21.672791,4800.6,0739
1750826374171,VIRTUAL,A,Close Long,1.5773,442.9,0.279434,-30.289931,4483.7,0739
1750826374171,VIRTUAL,A,Close Long,1.5772,272.0,0.171599,-18.62928,4040.8,0739
1750826374171,VIRTUAL,A,Close Long,1.5772,641.9,0.404961,-43.963731,3768.8,0739
1750826374171,VIRTUAL,A,Close Long,1.5772,247.0,0.155827,-16.91703,3126.9,0739
1750826374171,VIRTUAL,A,Close Long,1.5772,1311.4,0.827336,-89.817786,2879.9,0739
1750826374171,VIRTUAL,A,Close Long,1.5771,220.2,0.13891,-15.103518,1568.5,0739
1750826374171,VIRTUAL,A,Close Long,1.5771,259.0,0.163387,-17.76481,1348.3,0739
1750826374171,VIRTUAL,A,Close Long,1.5771,199.8,0.126041,-13.704282,1089.3,0739
1750826374171,VIRTUAL,A,Close Long,1.5771,889.5,0.561132,-61.010805,889.5,0739
1750858135550,VIRTUAL,B,Open Long,1.5744,635.1,0.39996,0.0,0.0,0740
1750858135550,VIRTUAL,B,Open Long,1.5745,1729.6,1.089302,0.0,635.1,0740
1750858135550,VIRTUAL,B,Open Long,1.5746,889.8,0.560431,0.0,2364.7,0740
1750858135550,VIRTUAL,B,Open Long,1.5746,635.1,0.400011,0.0,3254.5,0740
1750858135550,VIRTUAL,B,Open Long,1.5747,607.8,0.382841,0.0,3889.6,0740
1750858135550,VIRTUAL,B,Open Long,1.5747,42.1,0.026517,0.0,4497.4,0740
1750858135550,VIRTUAL,B,Open Long,1.5747,31.8,0.02003,0.0,4539.5,0740
1750858135550,VIRTUAL,B,Open Long,1.5748,1292.0,0.813856,0.0,4571.3,0740
1750858135550,VIRTUAL,B,Open Long,1.5749,247.0,0.1556,0.0,5863.3,0740
1750858135550,VIRTUAL,B,Open Long,1.5749,2928.6,1.8449,0.0,6110.3,0740
1750858135550,VIRTUAL,B,Open Long,1.575,354.1,0.223083,0.0,9038.9,0740
1750858135550,VIRTUAL,B,Open Long,1.5751,643.8,0.405619,0.0,9393.0,0740
1750858135550,VIRTUAL,B,Open Long,1.5751,247.0,0.155619,0.0,10036.8,0740
1750858135550,VIRTUAL,B,Open Long,1.5752,246.9,0.155566,0.0,10283.8,0740
1750858135550,VIRTUAL,B,Open Long,1.5752,246.9,0.155566,0.0,10530.7,0740
1750858135550,VIRTUAL,B,Open Long,1.5752,246.9,0.155566,0.0,10777.6,0740
1750858135550,VIRTUAL,B,Open Long,1.5752,411.5,0.259277,0.0,11024.5,0740
1750858135550,VIRTUAL,B,Open Long,1.5752,246.9,0.155566,0.0,11436.0,0740
1750858135550,VIRTUAL,B,Open Long,1.5752,645.9,0.406968,0.0,11682.9,0740
1750858135550,VIRTUAL,B,Open Long,1.5752,346.0,0.218007,0.0,12328.8,0740
1750858135550,VIRTUAL,B,Open Long,1.5752,402.4,0.253544,0.0,12674.8,0740
1750858135550,VIRTUAL,B,Open Long,1.5752,406.1,0.255875,0.0,13077.2,0740
1750858135550,VIRTUAL,B,Open Long,1.5753,632.2,0.398361,0.0,13483.3,0740
1750858135550,VIRTUAL,B,Open Long,1.5753,236.0,0.148708,0.0,14115.5,0740
1750858135550,VIRTUAL,B,Open Long,1.5753,247.0,0.155639,0.0,14351.5,0740
1750858135550,VIRTUAL,B,Open Long,1.5753,247.0,0.155639,0.0,14598.5,0740
1750858135550,VIRTUAL,B,Open Long,1.5753,247.0,0.155639,0.0,14845.5,0740
1750858135550,VIRTUAL,B,Open Long,1.5753,246.9,0.155576,0.0,15092.5,0740
1750858135550,VIRTUAL,B,Open Long,1.5753,246.9,0.155576,0.0,15339.4,0740
1750858135550,VIRTUAL,B,Open Long,1.5753,246.9,0.155576,0.0,15586.3,0740
1750858135550,VIRTUAL,B,Open Long,1.5753,246.9,0.155576,0.0,15833.2,0740
1750858135550,VIRTUAL,B,Open Long,1.5753,246.9,0.155576,0.0,16080.1,0740
1750858135550,VIRTUAL,B,Open Long,1.5753,246.9,0.155576,0.0,16327.0,0740
1750858135550,VIRTUAL,B,Open Long,1.5753,1277.0,0.804663,0.0,16573.9,0740
1750858135550,VIRTUAL,B,Open Long,1.5753,235.2,0.148204,0.0,17850.9,0740
1750858135550,VIRTUAL,B,Open Long,1.5753,1226.0,0.772527,0.0,18086.1,0740
1750858135550,VIRTUAL,B,Open Long,1.5754,247.0,0.155649,0.0,19312.1,0740
1750858135550,VIRTUAL,B,Open Long,1.5754,247.0,0.155649,0.0,19559.1,0740
1750858135550,VIRTUAL,B,Open Long,1.5754,247.0,0.155649,0.0,19806.1,0740
1750858135550,VIRTUAL,B,Open Long,1.5754,247.0,0.155649,0.0,20053.1,0740
1750858135550,VIRTUAL,B,Open Long,1.5754,2548.0,1.605647,0.0,20300.1,0740
1750858135550,VIRTUAL,B,Open Long,1.5754,235.2,0.148213,0.0,22848.1,0740
1750858135550,VIRTUAL,B,Open Long,1.5754,235.2,0.148213,0.0,23083.3,0740
1750858135550,VIRTUAL,B,Open Long,1.5754,235.2,0.148213,0.0,23318.5,0740
1750858135550,VIRTUAL,B,Open Long,1.5754,235.2,0.148213,0.0,23553.7,0740
1750858135550,VIRTUAL,B,Open Long,1.5754,235.2,0.148213,0.0,23788.9,0740
1750858135550,VIRTUAL,B,Open Long,1.5754,235.2,0.148213,0.0,24024.1,0740
1750858135550,VIRTUAL,B,Open Long,1.5754,235.2,0.148213,0.0,24259.3,0740
1750858135550,VIRTUAL,B,Open Long,1.5754,69.8,0.043985,0.0,24494.5,0740
1750861010101,VIRTUAL,A,Close Long,1.5405,23348.3,14.387222,-807.150731,24564.3,0741
1750861010101,VIRTUAL,A,Close Long,1.5405,323.9,0.199587,-11.197223,1216.0,0741
1750861010101,VIRTUAL,A,Close Long,1.5396,324.7,0.199963,-11.517109,892.1,0741
1750861010101,VIRTUAL,A,Close Long,1.5396,567.4,0.349427,-20.125678,567.4,0741
1750870953893,FARTCOIN,B,Open Long,0.9983,484.3,0.19339,0.0,0.0,0742
1750870953893,FARTCOIN,B,Open Long,0.9983,810.8,0.323768,0.0,484.3,0742
1750870953893,FARTCOIN,B,Open Long,0.99832,1004.0,0.400925,0.0,1295.1,0742
1750870953893,FARTCOIN,B,Open Long,0.9984,451.0,0.180111,0.0,2299.1,0742
1750870953893,FARTCOIN,B,Open Long,0.99842,192.6,0.076918,0.0,2750.1,0742
1750870953893,FARTCOIN,B,Open Long,0.99851,2017.5,0.805797,0.0,2942.7,0742
1750870953893,FARTCOIN,B,Open Long,0.99852,19829.0,7.919861,0.0,4960.2,0742
1750870953893,FARTCOIN,B,Open Long,0.99852,445.4,0.177896,0.0,24789.2,0742
1750870953893,FARTCOIN,B,Open Long,0.99853,4961.3,1.981602,0.0,25234.6,0742
1750870953893,FARTCOIN,B,Open Long,0.99854,1807.2,0.721824,0.0,30195.9,0742
1750870953893,FARTCOIN,B,Open Long,0.99861,3037.5,1.213311,0.0,32003.1,0742
1750870953893,FARTCOIN,B,Open Long,0.99863,45.1,0.018015,0.0,35040.6,0742
1750870953893,FARTCOIN,B,Open Long,0.99864,333.8,0.133338,0.0,35085.7,0742
1750870953893,FARTCOIN,B,Open Long,0.99869,3437.5,1.373198,0.0,35419.5,0742
1750870953893,FARTCOIN,B,Open Long,0.9987,50.0,0.019974,0.0,38857.0,0742
1750870953893,FARTCOIN,B,Open Long,0.9987,11190.6,4.47042,0.0,38907.0,0742
1750871071055,FARTCOIN,A,Close Long,0.99335,327.9,0.130287,-1.708359,50097.6,0743
1750871071055,FARTCOIN,A,Close Long,0.99303,1900.0,0.754702,-10.507,49769.7,0743
1750871071055,FARTCOIN,A,Close Long,0.993,11.2,0.004448,-0.062272,47869.7,0743
1750871071055,FARTCOIN,A,Close Long,0.99299,4986.3,1.980538,-27.773691,47858.5,0743
1750871071055,FARTCOIN,A,Close Long,0.99299,1498.3,0.595118,-8.345531,42872.2,0743
1750871071055,FARTCOIN,A,Close Long,0.99297,878.0,0.348731,-4.90802,41373.9,0743
1750871071055,FARTCOIN,A,Close Long,0.99282,3400.6,1.350473,-19.519444,40495.9,0743
1750871071055,FARTCOIN,A,Close Long,0.99282,192.6,0.076486,-1.105524,37095.3,0743
1750871071055,FARTCOIN,A,Close Long,0.99279,1004.0,0.398704,-5.79308,36902.7,0743
1750871071055,FARTCOIN,A,Close Long,0.99278,152.0,0.060361,-0.87856,35898.7,0743
1750871071055,FARTCOIN,A,Close Long,0.99277,152.0,0.06036,-0.88008,35746.7,0743
1750871071055,FARTCOIN,A,Close Long,0.99277,152.0,0.06036,-0.88008,35594.7,0743
1750871071055,FARTCOIN,A,Close Long,0.99275,152.0,0.060359,-0.88312,35442.7,0743
1750871071055,FARTCOIN,A,Close Long,0.99275,927.0,0.368111,-5.38587,35290.7,0743
1750871071055,FARTCOIN,A,Close Long,0.99274,894.0,0.355003,-5.20308,34363.7,0743
1750871071055,FARTCOIN,A,Close Long,0.99274,893.0,0.354606,-5.19726,33469.7,0743
1750871071055,FARTCOIN,A,Close Long,0.99274,930.0,0.369299,-5.4126,32576.7,0743
1750871071055,FARTCOIN,A,Close Long,0.99271,1528.6,0.606982,-8.94231,31646.7,0743
1750871071055,FARTCOIN,A,Close Long,0.99271,445.4,0.176861,-2.60559,30118.1,0743
1750871071055,FARTCOIN,A,Close Long,0.99269,826.0,0.327984,-4.84862,29672.7,0743
1750871071055,FARTCOIN,A,Close Long,0.99269,559.7,0.222243,-3.285439,28846.7,0743
1750871071055,FARTCOIN,A,Close Long,0.99269,335.8,0.133338,-1.971146,28287.0,0743
1750871071055,FARTCOIN,A,Close Long,0.99268,152.0,0.060354,-0.89376,27951.2,0743
1750871071055,FARTCOIN,A,Close Long,0.99267,823.0,0.326786,-4.84747,27799.2,0743
1750871071055,FARTCOIN,A,Close Long,0.99265,559.7,0.222234,-3.307827,26976.2,0743
1750871071055,FARTCOIN,A,Close Long,0.99262,327.4,0.129993,-1.944756,26416.5,0743
1750871071055,FARTCOIN,A,Close Long,0.99262,318.7,0.126539,-1.893078,26089.1,0743
1750871071055,FARTCOIN,A,Close Long,0.99262,363.4,0.144287,-2.158596,25770.4,0743
1750871071055,FARTCOIN,A,Close Long,0.99261,335.9,0.133367,-1.998605,25407.0,0743
1750871071055,FARTCOIN,A,Close Long,0.99261,503.8,0.20003,-2.99761,25071.1,0743
1750871071055,FARTCOIN,A,Close Long,0.9926,870.0,0.345424,-5.1852,24567.3,0743
1750871071055,FARTCOIN,A,Close Long,0.9926,326.6,0.129673,-1.946536,23697.3,0743
1750871071055,FARTCOIN,A,Close Long,0.99259,335.9,0.133364,-2.005323,23370.7,0743
1750871071055,FARTCOIN,A,Close Long,0.99255,2502.1,0.993383,-15.037621,23034.8,0743
1750871071055,FARTCOIN,A,Close Long,0.99254,824.0,0.327141,-4.96048,20532.7,0743
1750871071055,FARTCOIN,A,Close Long,0.99254,411.2,0.163252,-2.475424,19708.7,0743
1750871071055,FARTCOIN,A,Close Long,0.99253,326.1,0.129465,-1.966383,19297.5,0743
1750871071055,FARTCOIN,A,Close Long,0.99251,503.8,0.20001,-3.04799,18971.4,0743
1750871071055,FARTCOIN,A,Close Long,0.99251,335.9,0.133353,-2.032195,18467.6,0743
1750871071055,FARTCOIN,A,Close Long,0.9925,503.8,0.200008,-3.053028,18131.7,0743
1750871071055,FARTCOIN,A,Close Long,0.9925,2014.2,0.799637,-12.206052,17627.9,0743
1750871071055,FARTCOIN,A,Close Long,0.9925,1006.2,0.399461,-6.097572,15613.7,0743
1750871071055,FARTCOIN,A,Close Long,0.9925,503.8,0.200008,-3.053028,14607.5,0743
1750871071055,FARTCOIN,A,Close Long,0.99248,1807.2,0.717443,-10.987776,14103.7,0743
1750871071055,FARTCOIN,A,Close Long,0.99248,335.9,0.133349,-2.042272,12296.5,0743
1750871071055,FARTCOIN,A,Close Long,0.99248,318.9,0.1266,-1.938912,11960.6,0743
1750871071055,FARTCOIN,A,Close Long,0.99248,277.4,0.110125,-1.686592,11641.7,0743
1750871071055,FARTCOIN,A,Close Long,0.99247,559.8,0.222233,-3.409182,11364.3,0743
1750871071055,FARTCOIN,A,Close Long,0.99243,395.4,0.156962,-2.423802,10804.5,0743
1750871071055,FARTCOIN,A,Close Long,0.99241,403.9,0.160333,-2.483985,10409.1,0743
1750871071055,FARTCOIN,A,Close Long,0.99241,408.0,0.161961,-2.5092,10005.2,0743
1750871071055,FARTCOIN,A,Close Long,0.99239,529.1,0.210029,-3.264547,9597.2,0743
1750871071055,FARTCOIN,A,Close Long,0.99239,311.4,0.123612,-1.921338,9068.1,0743
1750871071055,FARTCOIN,A,Close Long,0.99232,390.8,0.155119,-2.438592,8756.7,0743
1750871071055,FARTCOIN,A,Close Long,0.99232,320.8,0.127334,-2.001792,8365.9,0743
1750871071055,FARTCOIN,A,Close Long,0.99232,399.4,0.158533,-2.492256,8045.1,0743
1750871071055,FARTCOIN,A,Close Long,0.9923,2014.2,0.799476,-12.608892,7645.7,0743
1750871071055,FARTCOIN,A,Close Long,0.9923,5631.5,2.235254,-35.25319,5631.5,0743
1750871259126,FARTCOIN,B,Open Long,0.9959,79.3,0.031589,0.0,0.0,0744
1750871259126,FARTCOIN,B,Open Long,0.9959,502.1,0.200016,0.0,79.3,0744
1750871259126,FARTCOIN,B,Open Long,0.9959,1004.0,0.399953,0.0,581.4,0744
1750871259126,FARTCOIN,B,Open Long,0.9959,721.3,0.287337,0.0,1585.4,0744
1750871259126,FARTCOIN,B,Open Long,0.996,452.1,0.180116,0.0,2306.7,0744
1750871259126,FARTCOIN,B,Open Long,0.99603,1004.0,0.400005,0.0,2758.8,0744
1750871259126,FARTCOIN,B,Open Long,0.99603,445.4,0.177452,0.0,3762.8,0744
1750871259126,FARTCOIN,B,Open Long,0.99606,2344.1,0.933945,0.0,4208.2,0744
1750871259126,FARTCOIN,B,Open Long,0.9961,79.3,0.031596,0.0,6552.3,0744
1750871259126,FARTCOIN,B,Open Long,0.9961,2009.7,0.800744,0.0,6631.6,0744
1750871259126,FARTCOIN,B,Open Long,0.99629,1807.2,0.720198,0.0,8641.3,0744
1750871259126,FARTCOIN,B,Open Long,0.99631,1533.9,0.611295,0.0,10448.5,0744
1750871259126,FARTCOIN,B,Open Long,0.99631,1900.0,0.757195,0.0,11982.4,0744
1750871259126,FARTCOIN,B,Open Long,0.99643,445.4,0.177523,0.0,13882.4,0744
1750871259126,FARTCOIN,B,Open Long,0.99652,2502.1,0.997357,0.0,14327.8,0744
1750871259126,FARTCOIN,B,Open Long,0.99655,316.1,0.126003,0.0,16829.9,0744
1750871259126,FARTCOIN,B,Open Long,0.99656,1900.0,0.757385,0.0,17146.0,0744
1750871259126,FARTCOIN,B,Open Long,0.99657,501.8,0.200031,0.0,19046.0,0744
1750871259126,FARTCOIN,B,Open Long,0.99657,501.8,0.200031,0.0,19547.8,0744
1750871259126,FARTCOIN,B,Open Long,0.9966,50.0,0.019932,0.0,20049.6,0744
1750871259126,FARTCOIN,B,Open Long,0.99663,1445.9,0.57641,0.0,20099.6,0744
1750871259126,FARTCOIN,B,Open Long,0.99664,251.2,0.100142,0.0,21545.5,0744
1750871259126,FARTCOIN,B,Open Long,0.9967,301.0,0.120002,0.0,21796.7,0744
1750871259126,FARTCOIN,B,Open Long,0.99675,1460.5,0.582301,0.0,22097.7,0744
1750871259126,FARTCOIN,B,Open Long,0.99675,301.0,0.120008,0.0,23558.2,0744
1750871259126,FARTCOIN,B,Open Long,0.99675,601.5,0.239818,0.0,23859.2,0744
1750871259126,FARTCOIN,B,Open Long,0.99676,316.1,0.12603,0.0,24460.7,0744
1750871259126,FARTCOIN,B,Open Long,0.99676,16848.0,6.717364,0.0,24776.8,0744
1750871259126,FARTCOIN,B,Open Long,0.99678,301.0,0.120012,0.0,41624.8,0744
1750871259126,FARTCOIN,B,Open Long,0.99678,192.6,0.076791,0.0,41925.8,0744
1750871259126,FARTCOIN,B,Open Long,0.99679,36.3,0.014473,0.0,42118.4,0744
1750871259126,FARTCOIN,B,Open Long,0.99679,3131.3,1.248499,0.0,42154.7,0744
1750871259126,FARTCOIN,B,Open Long,0.9968,1004.0,0.400314,0.0,45286.0,0744
1750871259126,FARTCOIN,B,Open Long,0.9968,301.0,0.120014,0.0,46290.0,0744
1750871259126,FARTCOIN,B,Open Long,0.9968,3289.4,1.311549,0.0,46591.0,0744
1750871259126,FARTCOIN,B,Open Long,0.9968,394.6,0.157334,0.0,49880.4,0744
1750872846379,FARTCOIN,A,Close Long,0.9919,1008.4,0.400092,-4.68906,50275.0,0745
1750872846379,FARTCOIN,A,Close Long,0.9918,504.9,0.200303,-2.398275,49266.6,0745
1750872846379,FARTCOIN,A,Close Long,0.9918,1008.3,0.400012,-4.789425,48761.7,0745
1750872846379,FARTCOIN,A,Close Long,0.9917,1008.5,0.400051,-4.891225,47753.4,0745
1750872846379,FARTCOIN,A,Close Long,0.9917,504.9,0.200283,-2.448765,46744.9,0745
1750872846379,FARTCOIN,A,Close Long,0.99125,4857.4,1.925959,-25.74422,46240.0,0745
1750872846379,FARTCOIN,A,Close Long,0.99121,1058.4,0.419638,-5.651856,41382.6,0745
1750872846379,FARTCOIN,A,Close Long,0.99118,192.6,0.07636,-1.034262,40324.2,0745
1750872846379,FARTCOIN,A,Close Long,0.99114,303.0,0.120126,-1.63923,40131.6,0745
1750872846379,FARTCOIN,A,Close Long,0.99114,505.0,0.20021,-2.73205,39828.6,0745
1750872846379,FARTCOIN,A,Close Long,0.9911,8088.3,3.206525,-44.081235,39323.6,0745
1750872846379,FARTCOIN,A,Close Long,0.99102,138.7,0.054981,-0.767011,31235.3,0745
1750872846379,FARTCOIN,A,Close Long,0.99094,505.0,0.200169,-2.83305,31096.6,0745
1750872846379,FARTCOIN,A,Close Long,0.99094,303.0,0.120101,-1.69983,30591.6,0745
1750872846379,FARTCOIN,A,Close Long,0.99091,605.1,0.239839,-3.412764,30288.6,0745
1750872846379,FARTCOIN,A,Close Long,0.9909,50.0,0.019818,-0.2825,29683.5,0745
1750872846379,FARTCOIN,A,Close Long,0.99083,152.0,0.060242,-0.86944,29633.5,0745
1750872846379,FARTCOIN,A,Close Long,0.99082,1059.7,0.419988,-6.072081,29481.5,0745
1750872846379,FARTCOIN,A,Close Long,0.99082,152.0,0.060241,-0.87096,28421.8,0745
1750872846379,FARTCOIN,A,Close Long,0.99074,152.0,0.060236,-0.88312,28269.8,0745
1750872846379,FARTCOIN,A,Close Long,0.99073,336.5,0.133352,-1.95843,28117.8,0745
1750872846379,FARTCOIN,A,Close Long,0.99058,336.6,0.133371,-2.009502,27781.3,0745
1750872846379,FARTCOIN,A,Close Long,0.99057,530.0,0.21,-3.1694,27444.7,0745
1750872846379,FARTCOIN,A,Close Long,0.99052,560.9,0.222233,-3.382227,26914.7,0745
1750872846379,FARTCOIN,A,Close Long,0.99052,336.6,0.133363,-2.029698,26353.8,0745
1750872846379,FARTCOIN,A,Close Long,0.99052,152.0,0.060223,-0.91656,26017.2,0745
1750872846379,FARTCOIN,A,Close Long,0.9905,452.2,0.179161,-2.73581,25865.2,0745
1750872846379,FARTCOIN,A,Close Long,0.9905,25413.0,10.06863,-153.74865,25413.0,0745
1750880585878,FARTCOIN,B,Open Long,0.99842,350.6,0.140018,0.0,0.0,0746
1750880585878,FARTCOIN,B,Open Long,0.99843,350.6,0.140019,0.0,350.6,0746
1750880585878,FARTCOIN,B,Open Long,0.99843,350.6,0.140019,0.0,701.2,0746
1750880585878,FARTCOIN,B,Open Long,0.99851,350.6,0.140031,0.0,1051.8,0746
1750880585878,FARTCOIN,B,Open Long,0.99851,350.6,0.140031,0.0,1402.4,0746
1750880585878,FARTCOIN,B,Open Long,0.99851,350.6,0.140031,0.0,1753.0,0746
1750880585878,FARTCOIN,B,Open Long,0.99852,350.6,0.140032,0.0,2103.6,0746
1750880585878,FARTCOIN,B,Open Long,0.99853,350.6,0.140033,0.0,2454.2,0746
1750880585878,FARTCOIN,B,Open Long,0.99853,350.6,0.140033,0.0,2804.8,0746
1750880585878,FARTCOIN,B,Open Long,0.99854,350.6,0.140035,0.0,3155.4,0746
1750880585878,FARTCOIN,B,Open Long,0.99856,350.6,0.140038,0.0,3506.0,0746
1750880585878,FARTCOIN,B,Open Long,0.99856,350.6,0.140038,0.0,3856.6,0746
1750880585878,FARTCOIN,B,Open Long,0.99858,584.2,0.233348,0.0,4207.2,0746
1750880585878,FARTCOIN,B,Open Long,0.99859,350.5,0.140002,0.0,4791.4,0746
1750880585878,FARTCOIN,B,Open Long,0.9987,5953.2,2.378184,0.0,5141.9,0746
1750880585878,FARTCOIN,B,Open Long,0.99877,1004.0,0.401106,0.0,11095.1,0746
1750880585878,FARTCOIN,B,Open Long,0.99877,752.4,0.300589,0.0,12099.1,0746
1750880585878,FARTCOIN,B,Open Long,0.9989,3756.1,1.500787,0.0,12851.5,0746
1750880585878,FARTCOIN,B,Open Long,0.99891,3892.2,1.555183,0.0,16607.6,0746
1750880585878,FARTCOIN,B,Open Long,0.99897,158.0,0.063134,0.0,20499.8,0746
1750880585878,FARTCOIN,B,Open Long,0.99899,158.0,0.063136,0.0,20657.8,0746
1750880585878,FARTCOIN,B,Open Long,0.999,158.0,0.063136,0.0,20815.8,0746
1750880585878,FARTCOIN,B,Open Long,0.999,6007.5,2.400597,0.0,20973.8,0746
1750880585878,FARTCOIN,B,Open Long,0.999,1001.1,0.400039,0.0,26981.3,0746
1750880585878,FARTCOIN,B,Open Long,0.99902,151.0,0.06034,0.0,27982.4,0746
1750880585878,FARTCOIN,B,Open Long,0.99902,151.0,0.06034,0.0,28133.4,0746
1750880585878,FARTCOIN,B,Open Long,0.99903,151.0,0.060341,0.0,28284.4,0746
1750880585878,FARTCOIN,B,Open Long,0.99905,334.0,0.133473,0.0,28435.4,0746
1750880585878,FARTCOIN,B,Open Long,0.99906,557.0,0.22259,0.0,28769.4,0746
1750880585878,FARTCOIN,B,Open Long,0.99906,334.0,0.133474,0.0,29326.4,0746
1750880585878,FARTCOIN,B,Open Long,0.99906,600.2,0.239854,0.0,29660.4,0746
1750880585878,FARTCOIN,B,Open Long,0.9991,158.0,0.063143,0.0,30260.6,0746
1750880585878,FARTCOIN,B,Open Long,0.9991,3272.8,1.307941,0.0,30418.6,0746
1750880585878,FARTCOIN,B,Open Long,0.99911,158.0,0.063143,0.0,33691.4,0746
1750880585878,FARTCOIN,B,Open Long,0.99913,1004.0,0.40125,0.0,33849.4,0746
1750880585878,FARTCOIN,B,Open Long,0.99916,158.0,0.063146,0.0,34853.4,0746
1750880585878,FARTCOIN,B,Open Long,0.99919,2040.5,0.815538,0.0,35011.4,0746
1750913130138,FARTCOIN,A,Close Long,0.9725,533.0,0.062201,-14.06054,37051.9,0747
1750913130266,FARTCOIN,A,Close Long,0.9725,1797.3,0.209744,-47.412774,36518.9,0747
1750913130266,FARTCOIN,A,Close Long,0.9725,2056.1,0.239946,-54.239918,34721.6,0747
1750913130266,FARTCOIN,A,Close Long,0.9725,1735.0,0.202474,-45.7693,32665.5,0747
1750913130455,FARTCOIN,A,Close Long,0.9725,512.4,0.059797,-13.517112,30930.5,0747
1750913130584,FARTCOIN,A,Close Long,0.9725,15.0,0.00175,-0.3957,30418.1,0747
1750913130659,FARTCOIN,A,Close Long,0.9725,3729.4,0.43522,-98.381572,30403.1,0747
1750913130659,FARTCOIN,A,Close Long,0.9725,2750.1,0.320936,-72.547638,26673.7,0747
1750913130731,FARTCOIN,A,Close Long,0.9725,1251.9,0.146096,-33.025122,23923.6,0747
1750913130731,FARTCOIN,A,Close Long,0.9725,1163.0,0.135722,-30.67994,22671.7,0747
1750913130731,FARTCOIN,A,Close Long,0.9725,5141.1,0.599966,-135.622218,21508.7,0747
1750913130731,FARTCOIN,A,Close Long,0.9725,1206.0,0.14074,-31.81428,16367.6,0747
1750913130731,FARTCOIN,A,Close Long,0.9725,70.8,0.008262,-1.867704,15161.6,0747
1750913130785,FARTCOIN,A,Close Long,0.9725,20.5,0.002392,-0.54079,15090.8,0747
1750913131943,FARTCOIN,A,Close Long,0.9725,516.5,0.060275,-13.62527,15070.3,0747
1750913132152,FARTCOIN,A,Close Long,0.9725,2001.4,0.233563,-52.796932,14553.8,0747
1750913132152,FARTCOIN,A,Close Long,0.9725,313.9,0.036632,-8.280682,12552.4,0747
1750913132152,FARTCOIN,A,Close Long,0.9725,131.9,0.015392,-3.479522,12238.5,0747
1750913132152,FARTCOIN,A,Close Long,0.9725,237.2,0.027681,-6.257336,12106.6,0747
1750913132152,FARTCOIN,A,Close Long,0.9725,60.7,0.007083,-1.601266,11869.4,0747
1750913132152,FARTCOIN,A,Close Long,0.9725,222.9,0.026012,-5.880102,11808.7,0747
1750913132358,FARTCOIN,A,Close Long,0.9725,4405.1,0.514075,-116.206538,11585.8,0747
1750913132358,FARTCOIN,A,Close Long,0.9725,1059.6,0.123655,-27.952248,7180.7,0747
1750913132563,FARTCOIN,A,Close Long,0.9725,4405.1,0.514075,-116.206538,6121.1,0747
1750913132961,FARTCOIN,A,Close Long,0.9725,1225.2,0.14298,-32.320776,1716.0,0747
1750913132961,FARTCOIN,A,Close Long,0.9725,490.8,0.057276,-12.947304,490.8,0747
1751079632316,POPCAT,B,Open Long,0.27477,545.0,0.059899,0.0,0.0,0748
1751079632316,POPCAT,B,Open Long,0.27481,1470.0,0.161588,0.0,545.0,0748
1751079632316,POPCAT,B,Open Long,0.27481,1226.0,0.134766,0.0,2015.0,0748
1751079632316,POPCAT,B,Open Long,0.27485,1091.0,0.119944,0.0,3241.0,0748
1751079632316,POPCAT,B,Open Long,0.27485,1757.0,0.193164,0.0,4332.0,0748
1751079632316,POPCAT,B,Open Long,0.27485,1699.0,0.186788,0.0,6089.0,0748
1751079632316,POPCAT,B,Open Long,0.27487,5505.0,0.605263,0.0,7788.0,0748
1751079632316,POPCAT,B,Open Long,0.27487,362.0,0.039801,0.0,13293.0,0748
1751079632316,POPCAT,B,Open Long,0.27487,10506.0,1.155113,0.0,13655.0,0748
1751079632316,POPCAT,B,Open Long,0.27487,5296.0,0.582284,0.0,24161.0,0748
1751079632316,POPCAT,B,Open Long,0.27488,4216.0,0.463557,0.0,29457.0,0748
1751079632316,POPCAT,B,Open Long,0.27488,3698.0,0.406602,0.0,33673.0,0748
1751079632316,POPCAT,B,Open Long,0.27489,1357.0,0.14921,0.0,37371.0,0748
1751079632316,POPCAT,B,Open Long,0.27489,715.0,0.078618,0.0,38728.0,0748
1751079632316,POPCAT,B,Open Long,0.2749,362.0,0.039805,0.0,39443.0,0748
1751079632316,POPCAT,B,Open Long,0.2749,68968.0,7.583721,0.0,39805.0,0748
1751079632316,POPCAT,B,Open Long,0.27491,1415.0,0.155599,0.0,108773.0,0748
1751079632316,POPCAT,B,Open Long,0.27491,2684.0,0.295143,0.0,110188.0,0748
1751079632316,POPCAT,B,Open Long,0.27491,2455.0,0.269961,0.0,112872.0,0748
1751079632316,POPCAT,B,Open Long,0.27493,1348.0,0.148242,0.0,115327.0,0748
1751079632316,POPCAT,B,Open Long,0.27493,14363.0,1.579527,0.0,116675.0,0748
1751079632316,POPCAT,B,Open Long,0.27493,5472.0,0.601766,0.0,131038.0,0748
1751079632316,POPCAT,B,Open Long,0.27494,3636.0,0.399872,0.0,136510.0,0748
1751079632316,POPCAT,B,Open Long,0.27494,1348.0,0.148247,0.0,140146.0,0748
1751079632316,POPCAT,B,Open Long,0.27494,2246.0,0.247006,0.0,141494.0,0748
1751079632316,POPCAT,B,Open Long,0.27494,1348.0,0.148247,0.0,143740.0,0748
1751079632316,POPCAT,B,Open Long,0.27495,362.0,0.039812,0.0,145088.0,0748
1751079632316,POPCAT,B,Open Long,0.27495,3698.0,0.406706,0.0,145450.0,0748
1751079632316,POPCAT,B,Open Long,0.27496,2769.0,0.304545,0.0,149148.0,0748
1751079632316,POPCAT,B,Open Long,0.27496,5305.0,0.583465,0.0,151917.0,0748
1751079632316,POPCAT,B,Open Long,0.27498,362.0,0.039817,0.0,157222.0,0748
1751079632316,POPCAT,B,Open Long,0.27498,3642.0,0.40059,0.0,157584.0,0748
1751079632316,POPCAT,B,Open Long,0.27499,3798.0,0.417764,0.0,161226.0,0748
1751079632316,POPCAT,B,Open Long,0.275,2644.0,0.29084,0.0,165024.0,0748
1751079632316,POPCAT,B,Open Long,0.27501,362.0,0.039821,0.0,167668.0,0748
1751079632316,POPCAT,B,Open Long,0.27501,2730.0,0.30031,0.0,168030.0,0748
1751079632316,POPCAT,B,Open Long,0.27501,7285.0,0.801379,0.0,170760.0,0748
1751079632316,POPCAT,B,Open Long,0.27503,5442.0,0.598685,0.0,178045.0,0748
1751079632316,POPCAT,B,Open Long,0.27504,1347.0,0.148191,0.0,183487.0,0748
1751079632316,POPCAT,B,Open Long,0.27504,1347.0,0.148191,0.0,184834.0,0748
1751079632316,POPCAT,B,Open Long,0.27504,1347.0,0.148191,0.0,186181.0,0748
1751079632316,POPCAT,B,Open Long,0.27504,362.0,0.039825,0.0,187528.0,0748
1751079632316,POPCAT,B,Open Long,0.27504,1208.0,0.132899,0.0,187890.0,0748
1751116210644,POPCAT,A,Close Long,0.28526,1809.0,0.206414,18.70506,189098.0,0749
1751116210644,POPCAT,A,Close Long,0.28526,1797.0,0.205044,18.58098,187289.0,0749
1751116210644,POPCAT,A,Close Long,0.28524,17138.0,1.955377,176.86416,185492.0,0749
1751116210644,POPCAT,A,Close Long,0.28522,700.0,0.079861,7.21,168354.0,0749
1751116210644,POPCAT,A,Close Long,0.2852,5505.0,0.62801,56.5914,167654.0,0749
1751116210644,POPCAT,A,Close Long,0.2852,22029.0,2.513068,226.45812,162149.0,0749
1751116210644,POPCAT,A,Close Long,0.28518,10126.0,1.155093,103.89276,140120.0,0749
1751116210644,POPCAT,A,Close Long,0.28518,3758.0,0.428682,38.55708,129994.0,0749
1751116210644,POPCAT,A,Close Long,0.28518,3953.0,0.450926,40.55778,126236.0,0749
1751116210644,POPCAT,A,Close Long,0.28517,13696.0,1.562275,140.384,122283.0,0749
1751116210644,POPCAT,A,Close Long,0.28516,525.0,0.059883,5.376,108587.0,0749
1751116210644,POPCAT,A,Close Long,0.28514,724.0,0.082576,7.39928,108062.0,0749
1751116210644,POPCAT,A,Close Long,0.28513,344.0,0.039233,3.51224,107338.0,0749
1751116210644,POPCAT,A,Close Long,0.28512,65888.0,7.514394,672.0576,106994.0,0749
1751116210644,POPCAT,A,Close Long,0.28511,7061.0,0.805264,71.95159,41106.0,0749
1751116210644,POPCAT,A,Close Long,0.2851,344.0,0.039229,3.50192,34045.0,0749
1751116210644,POPCAT,A,Close Long,0.28509,1300.0,0.148246,13.221,33701.0,0749
1751116210644,POPCAT,A,Close Long,0.28509,1300.0,0.148246,13.221,32401.0,0749
1751116210644,POPCAT,A,Close Long,0.28509,1300.0,0.148246,13.221,31101.0,0749
1751116210644,POPCAT,A,Close Long,0.28509,1300.0,0.148246,13.221,29801.0,0749
1751116210644,POPCAT,A,Close Long,0.28508,5150.0,0.587264,52.324,28501.0,0749
1751116210644,POPCAT,A,Close Long,0.28508,3522.0,0.40162,35.78352,23351.0,0749
1751116210644,POPCAT,A,Close Long,0.28506,3443.0,0.392584,34.91202,19829.0,0749
1751116210644,POPCAT,A,Close Long,0.28506,344.0,0.039224,3.48816,16386.0,0749
1751116210644,POPCAT,A,Close Long,0.28505,3950.0,0.450379,40.0135,16042.0,0749
1751116210644,POPCAT,A,Close Long,0.28505,3574.0,0.407507,36.20462,12092.0,0749
1751116210644,POPCAT,A,Close Long,0.28504,526.0,0.059972,5.32312,8518.0,0749
1751116210644,POPCAT,A,Close Long,0.28503,344.0,0.03922,3.47784,7992.0,0749
1751116210644,POPCAT,A,Close Long,0.285,344.0,0.039216,3.46752,7648.0,0749
1751116210644,POPCAT,A,Close Long,0.285,5282.0,0.602148,53.24256,7304.0,0749
1751116210644,POPCAT,A,Close Long,0.28499,1300.0,0.148194,13.091,2022.0,0749
1751116210644,POPCAT,A,Close Long,0.28499,722.0,0.082305,7.27054,722.0,0749
1751202450933,POPCAT,B,Open Long,0.309,1618.0,0.199984,0.0,0.0,0750
1751202450933,POPCAT,B,Open Long,0.30914,981.0,0.121306,0.0,1618.0,0750
1751202450933,POPCAT,B,Open Long,0.3092,987.0,0.122072,0.0,2599.0,0750
1751202450933,POPCAT,B,Open Long,0.3092,933.0,0.115393,0.0,3586.0,0750
1751202450933,POPCAT,B,Open Long,0.30923,1198.0,0.148183,0.0,4519.0,0750
1751202450933,POPCAT,B,Open Long,0.30924,802.0,0.099204,0.0,5717.0,0750
1751202458260,POPCAT,B,Open Long,0.30894,4947.0,0.183399,0.0,6519.0,0751
1751202458346,POPCAT,B,Open Long,0.30894,1934.0,0.071698,0.0,11466.0,0751
1751202489685,POPCAT,B,Open Long,0.30839,1385.0,0.051254,0.0,13400.0,0752
1751202489685,POPCAT,B,Open Long,0.30839,65.0,0.002405,0.0,14785.0,0752
1751202489685,POPCAT,B,Open Long,0.30839,3351.0,0.124009,0.0,14850.0,0752
1751202489685,POPCAT,B,Open Long,0.30839,670.0,0.024794,0.0,18201.0,0752
1751202489685,POPCAT,B,Open Long,0.30839,1385.0,0.051254,0.0,18871.0,0752
1751202489744,POPCAT,B,Open Long,0.30839,387.0,0.014321,0.0,20256.0,0752
1751202495008,POPCAT,B,Open Long,0.30783,714.0,0.026374,0.0,20643.0,0753
1751202497066,POPCAT,B,Open Long,0.30783,1508.0,0.055704,0.0,21357.0,0753
1751202497130,POPCAT,B,Open Long,0.30783,1010.0,0.037308,0.0,22865.0,0753
1751202497130,POPCAT,B,Open Long,0.30783,2461.0,0.090908,0.0,23875.0,0753
1751202497130,POPCAT,B,Open Long,0.30783,1078.0,0.03982,0.0,26336.0,0753
1751202497264,POPCAT,B,Open Long,0.30783,834.0,0.030807,0.0,27414.0,0753
1751202508676,POPCAT,B,Open Long,0.30728,5944.0,0.219176,0.0,28248.0,0754
1751202509203,POPCAT,B,Open Long,0.30728,1268.0,0.046755,0.0,34192.0,0754
1751202509479,POPCAT,B,Open Long,0.30728,755.0,0.027839,0.0,35460.0,0754
1751204287939,POPCAT,B,Open Long,0.30672,2344.0,0.086274,0.0,36215.0,0755
1751204290235,POPCAT,B,Open Long,0.30672,1330.0,0.048952,0.0,38559.0,0755
1751204290235,POPCAT,B,Open Long,0.30672,2735.0,0.100665,0.0,39889.0,0755
1751204290289,POPCAT,B,Open Long,0.30672,1123.0,0.041333,0.0,42624.0,0755
1751204292160,POPCAT,B,Open Long,0.30672,797.0,0.029334,0.0,43747.0,0755
1751204884936,POPCAT,B,Open Long,0.30617,8692.0,0.319347,0.0,44544.0,0756
1751207932044,POPCAT,B,Open Long,0.30561,201.0,0.007371,0.0,53236.0,0757
1751207932044,POPCAT,B,Open Long,0.30561,221.0,0.008104,0.0,53437.0,0757
1751207932300,POPCAT,B,Open Long,0.30561,8632.0,0.316563,0.0,53658.0,0757
1751208468978,POPCAT,B,Open Long,0.30506,662.0,0.024233,0.0,62290.0,0758
1751208469082,POPCAT,B,Open Long,0.30506,4414.0,0.161584,0.0,62952.0,0758
1751208469242,POPCAT,B,Open Long,0.30506,2354.0,0.086173,0.0,67366.0,0758
1751208469580,POPCAT,B,Open Long,0.30506,1986.0,0.072701,0.0,69720.0,0758
1751208483002,POPCAT,B,Open Long,0.3045,40.0,0.001461,0.0,71706.0,0759
1751208491481,POPCAT,B,Open Long,0.3045,9738.0,0.355826,0.0,71746.0,0759
1751230460719,POPCAT,A,Close Long,0.30039,68.0,0.00817,-0.433704,81484.0,0760
1751230496441,POPCAT,A,Close Long,0.30014,8478.0,1.017834,-56.192184,81416.0,0761
1751230496441,POPCAT,A,Close Long,0.30013,3331.0,0.399893,-22.111178,72938.0,0761
1751230496441,POPCAT,A,Close Long,0.30011,13100.0,1.572576,-87.2198,69607.0,0761
1751230496441,POPCAT,A,Close Long,0.3001,666.0,0.079946,-4.440888,56507.0,0761
1751230496441,POPCAT,A,Close Long,0.30009,1401.0,0.16817,-9.355878,55841.0,0761
1751230496441,POPCAT,A,Close Long,0.30009,1385.0,0.166249,-9.24903,54440.0,0761
1751230496441,POPCAT,A,Close Long,0.30006,9624.0,1.15511,-64.557792,53055.0,0761
1751230496441,POPCAT,A,Close Long,0.30004,666.0,0.07993,-4.480848,43431.0,0761
1751230496441,POPCAT,A,Close Long,0.30003,4946.0,0.593579,-33.326148,42765.0,0761
1751230496441,POPCAT,A,Close Long,0.30002,1420.0,0.170411,-9.58216,37819.0,0761
1751230496441,POPCAT,A,Close Long,0.30002,1439.0,0.172691,-9.710372,36399.0,0761
1751230496441,POPCAT,A,Close Long,0.30001,1000.0,0.120004,-6.758,34960.0,0761
1751230496441,POPCAT,A,Close Long,0.30001,1000.0,0.120004,-6.758,33960.0,0761
1751230496441,POPCAT,A,Close Long,0.30001,1000.0,0.120004,-6.758,32960.0,0761
1751230496441,POPCAT,A,Close Long,0.30001,1000.0,0.120004,-6.758,31960.0,0761
1751230496441,POPCAT,A,Close Long,0.30001,1000.0,0.120004,-6.758,30960.0,0761
1751230496441,POPCAT,A,Close Long,0.30001,1000.0,0.120004,-6.758,29960.0,0761
1751230496441,POPCAT,A,Close Long,0.30001,1000.0,0.120004,-6.758,28960.0,0761
1751230496441,POPCAT,A,Close Long,0.30001,1000.0,0.120004,-6.758,27960.0,0761
1751230496441,POPCAT,A,Close Long,0.30001,1000.0,0.120004,-6.758,26960.0,0761
1751230496441,POPCAT,A,Close Long,0.30001,1000.0,0.120004,-6.758,25960.0,0761
1751230496441,POPCAT,A,Close Long,0.30001,1000.0,0.120004,-6.758,24960.0,0761
1751230496441,POPCAT,A,Close Long,0.30001,2511.0,0.30133,-16.969338,23960.0,0761
1751230496441,POPCAT,A,Close Long,0.3,1000.0,0.12,-6.768,21449.0,0761
1751230496441,POPCAT,A,Close Long,0.3,1112.0,0.13344,-7.526016,20449.0,0761
1751230496441,POPCAT,A,Close Long,0.3,1000.0,0.12,-6.768,19337.0,0761
1751230496441,POPCAT,A,Close Long,0.3,1112.0,0.13344,-7.526016,18337.0,0761
1751230496441,POPCAT,A,Close Long,0.29999,1667.0,0.200033,-11.298926,17225.0,0761
1751230496441,POPCAT,A,Close Long,0.29999,1667.0,0.200033,-11.298926,15558.0,0761
1751230496441,POPCAT,A,Close Long,0.29998,1001.0,0.120111,-6.794788,13891.0,0761
1751230496441,POPCAT,A,Close Long,0.29997,1001.0,0.120107,-6.804798,12890.0,0761
1751230496441,POPCAT,A,Close Long,0.29994,327.0,0.039232,-2.232756,11889.0,0761
1751230496441,POPCAT,A,Close Long,0.29993,11562.0,1.387116,-79.060956,11562.0,0761
1751335794047,SYRUP,B,Open Long,0.54732,650.0,0.160091,0.0,0.0,0762
1751335794047,SYRUP,B,Open Long,0.54732,688.0,0.16945,0.0,650.0,0762
1751335794047,SYRUP,B,Open Long,0.54749,869.0,0.214095,0.0,1338.0,0762
1751335794047,SYRUP,B,Open Long,0.54762,1789.0,0.440861,0.0,2207.0,0762
1751335794047,SYRUP,B,Open Long,0.54762,917.0,0.225975,0.0,3996.0,0762
1751335794047,SYRUP,B,Open Long,0.54771,1466.0,0.361324,0.0,4913.0,0762
1751335794047,SYRUP,B,Open Long,0.54771,1384.0,0.341113,0.0,6379.0,0762
1751335794047,SYRUP,B,Open Long,0.54776,19298.0,4.756802,0.0,7763.0,0762
1751335794047,SYRUP,B,Open Long,0.54798,1789.0,0.441151,0.0,27061.0,0762
1751335794047,SYRUP,B,Open Long,0.54798,917.0,0.226123,0.0,28850.0,0762
1751335794047,SYRUP,B,Open Long,0.5481,5913.0,1.458411,0.0,29767.0,0762
1751348505093,SYRUP,A,Close Long,0.5235,1910.0,0.449948,-46.40345,35680.0,0763
1751348505093,SYRUP,A,Close Long,0.52349,1910.0,0.449939,-46.42255,33770.0,0763
1751348505093,SYRUP,A,Close Long,0.52342,1021.0,0.240485,-24.886875,31860.0,0763
1751348505093,SYRUP,A,Close Long,0.5234,1124.0,0.264735,-27.41998,30839.0,0763
1751348505093,SYRUP,A,Close Long,0.52334,2200.0,0.518106,-53.801,29715.0,0763
1751348505093,SYRUP,A,Close Long,0.52333,388.0,0.091373,-9.49242,27515.0,0763
1751348505093,SYRUP,A,Close Long,0.52326,2085.0,0.490948,-51.155475,27127.0,0763
1751348505093,SYRUP,A,Close Long,0.52324,2185.0,0.514475,-53.652675,25042.0,0763
1751348505093,SYRUP,A,Close Long,0.52321,1989.0,0.468299,-48.899565,22857.0,0763
1751348505093,SYRUP,A,Close Long,0.52319,917.0,0.215894,-22.562785,20868.0,0763
1751348505093,SYRUP,A,Close Long,0.52315,2282.0,0.537222,-56.23989,19951.0,0763
1751348505093,SYRUP,A,Close Long,0.52315,2759.0,0.649516,-67.995555,17669.0,0763
1751348505093,SYRUP,A,Close Long,0.52308,2111.0,0.496899,-52.173365,14910.0,0763
1751348505093,SYRUP,A,Close Long,0.52306,920.0,0.216546,-22.7562,12799.0,0763
1751348505093,SYRUP,A,Close Long,0.52306,11464.0,2.698361,-283.56204,11879.0,0763
1751348505093,SYRUP,A,Close Long,0.52304,415.0,0.097677,-10.273325,415.0,0763
1751371221136,SYRUP,B,Open Long,0.52359,950.0,0.223834,0.0,0.0,0764
1751371221136,SYRUP,B,Open Long,0.5236,582.0,0.13713,0.0,950.0,0764
1751371221136,SYRUP,B,Open Long,0.5236,525.0,0.1237,0.0,1532.0,0764
1751371221136,SYRUP,B,Open Long,0.52362,534.0,0.125825,0.0,2057.0,0764
1751371221136,SYRUP,B,Open Long,0.52364,496.0,0.116876,0.0,2591.0,0764
1751371221136,SYRUP,B,Open Long,0.52364,554.0,0.130543,0.0,3087.0,0764
1751371221136,SYRUP,B,Open Long,0.52387,1353.0,0.318958,0.0,3641.0,0764
1751371221136,SYRUP,B,Open Long,0.52387,1337.0,0.315186,0.0,4994.0,0764
1751371221136,SYRUP,B,Open Long,0.524,260.0,0.061308,0.0,6331.0,0764
1751371221136,SYRUP,B,Open Long,0.52403,428.0,0.100928,0.0,6591.0,0764
1751371221136,SYRUP,B,Open Long,0.52407,1349.0,0.318136,0.0,7019.0,0764
1751371221136,SYRUP,B,Open Long,0.5241,1266.0,0.298579,0.0,8368.0,0764
1751382267554,SYRUP,A,Close Long,0.5241,3768.0,0.296221,0.109272,32195.0,0765
1751382280395,SYRUP,A,Close Long,0.5241,3764.0,0.295906,0.109156,28427.0,0765
1751382281020,SYRUP,A,Close Long,0.5241,22.0,0.001729,0.000638,24663.0,0765
1751382285328,SYRUP,A,Close Long,0.5241,4018.0,0.315875,0.116522,24641.0,0765
1751382286397,SYRUP,A,Close Long,0.5241,2199.0,0.172874,0.063771,20623.0,0765
1751382287077,SYRUP,A,Close Long,0.5241,972.0,0.076413,0.028188,18424.0,0765
1751382287702,SYRUP,A,Close Long,0.5241,288.0,0.022641,0.008352,17452.0,0765
1751382287702,SYRUP,A,Close Long,0.5241,284.0,0.022326,0.008236,17164.0,0765
1751382288025,SYRUP,A,Close Long,0.5241,279.0,0.021933,0.008091,16880.0,0765
1751382288025,SYRUP,A,Close Long,0.5241,822.0,0.064621,0.023838,16601.0,0765
1751382288025,SYRUP,A,Close Long,0.5241,847.0,0.066586,0.024563,15779.0,0765
1751382288025,SYRUP,A,Close Long,0.5241,1551.0,0.121931,0.044979,14932.0,0765
1751382288025,SYRUP,A,Close Long,0.5241,258.0,0.020282,0.007482,13381.0,0765
1751382288025,SYRUP,A,Close Long,0.5241,412.0,0.032389,0.011948,13123.0,0765
1751382288025,SYRUP,A,Close Long,0.5241,568.0,0.044653,0.016472,12711.0,0765
1751382288025,SYRUP,A,Close Long,0.5241,402.0,0.031603,0.011658,12143.0,0765
1751382288025,SYRUP,A,Close Long,0.5241,262.0,0.020597,0.007598,11741.0,0765
1751382288298,SYRUP,A,Close Long,0.5241,254.0,0.019968,0.007366,11479.0,0765
1751382289111,SYRUP,A,Close Long,0.5241,222.0,0.017452,0.006438,11225.0,0765
1751382289183,SYRUP,A,Close Long,0.5241,347.0,0.027279,0.010063,11003.0,0765
1751382289319,SYRUP,A,Close Long,0.5241,972.0,0.076413,0.028188,10656.0,0765
1751382289319,SYRUP,A,Close Long,0.5241,230.0,0.018081,0.00667,9684.0,0765
1751382289319,SYRUP,A,Close Long,0.5241,235.0,0.018474,0.006815,9454.0,0765
1751382289759,SYRUP,A,Close Long,0.5241,477.0,0.037499,0.013833,9219.0,0765
1751382289759,SYRUP,A,Close Long,0.5241,1752.0,0.137733,0.050808,8742.0,0765
1751382290986,SYRUP,A,Close Long,0.5241,972.0,0.076413,0.028188,6990.0,0765
1751382292945,SYRUP,A,Close Long,0.5241,972.0,0.076413,0.028188,6018.0,0765
1751382294766,SYRUP,A,Close Long,0.5241,83.0,0.006525,0.002407,5046.0,0765
1751382294909,SYRUP,A,Close Long,0.5241,972.0,0.076413,0.028188,4963.0,0765
1751382296988,SYRUP,A,Close Long,0.5241,972.0,0.076413,0.028188,3991.0,0765
1751382298979,SYRUP,A,Close Long,0.5241,972.0,0.076413,0.028188,3019.0,0765
1751382301066,SYRUP,A,Close Long,0.5241,972.0,0.076413,0.028188,2047.0,0765
1751382305007,SYRUP,A,Close Long,0.5241,972.0,0.076413,0.028188,1075.0,0765
1751382311000,SYRUP,A,Close Long,0.5241,22.0,0.001729,0.000638,103.0,0765
1751382333124,SYRUP,A,Close Long,0.5241,62.0,0.004874,0.001798,81.0,0765
1751384468760,SYRUP,A,Close Long,0.51917,19.0,0.004438,-0.093119,19.0,0766
1751393273323,SYRUP,B,Open Long,0.51435,5528.0,1.279497,0.0,0.0,0767
1751393273323,SYRUP,B,Open Long,0.51464,5595.0,1.295734,0.0,5528.0,0767
1751393273323,SYRUP,B,Open Long,0.51465,998.0,0.231129,0.0,11123.0,0767
1751393273323,SYRUP,B,Open Long,0.51466,1094.0,0.253367,0.0,12121.0,0767
1751393273323,SYRUP,B,Open Long,0.51467,1885.0,0.436568,0.0,13215.0,0767
1751393273323,SYRUP,B,Open Long,0.51468,1191.0,0.275842,0.0,15100.0,0767
1751393273323,SYRUP,B,Open Long,0.51476,1822.0,0.422051,0.0,16291.0,0767
1751393273323,SYRUP,B,Open Long,0.51492,2320.0,0.537576,0.0,18113.0,0767
1751393273323,SYRUP,B,Open Long,0.51496,2189.0,0.507261,0.0,20433.0,0767
1751393273323,SYRUP,B,Open Long,0.51504,1548.0,0.358776,0.0,22622.0,0767
1751393273323,SYRUP,B,Open Long,0.5151,1836.0,0.425575,0.0,24170.0,0767
1751393273323,SYRUP,B,Open Long,0.51513,1885.0,0.436959,0.0,26006.0,0767
1751393273323,SYRUP,B,Open Long,0.51517,4852.0,1.124822,0.0,27891.0,0767
1752066751349,SYRUP,A,Close Long,0.52306,1695.0,0.398964,14.01087,32743.0,0768
1752066751349,SYRUP,A,Close Long,0.52301,8620.0,2.028755,70.82192,31048.0,0768
1752066751349,SYRUP,A,Close Long,0.52298,12614.0,2.968591,103.258204,22428.0,0768
1752066751349,SYRUP,A,Close Long,0.52272,1969.0,0.463156,15.606294,9814.0,0768
1752066751349,SYRUP,A,Close Long,0.52271,1969.0,0.463147,15.586604,7845.0,0768
1752066751349,SYRUP,A,Close Long,0.52248,1969.0,0.462943,15.133734,5876.0,0768
1752066751349,SYRUP,A,Close Long,0.5224,1969.0,0.462872,14.976214,3907.0,0768
1752066751349,SYRUP,A,Close Long,0.52237,1687.0,0.396557,12.780712,1938.0,0768
1752066751349,SYRUP,A,Close Long,0.52234,251.0,0.058998,1.894046,251.0,0768
1752066765034,FARTCOIN,B,Open Long,1.0602,314.6,0.150092,0.0,0.0,0769
1752066765034,FARTCOIN,B,Open Long,1.0604,2329.2,1.111447,0.0,314.6,0769
1752066765034,FARTCOIN,B,Open Long,1.0606,989.8,0.472401,0.0,2643.8,0769
1752066765034,FARTCOIN,B,Open Long,1.0606,942.7,0.449922,0.0,3633.6,0769
1752066765034,FARTCOIN,B,Open Long,1.0606,141.4,0.067485,0.0,4576.3,0769
1752066765034,FARTCOIN,B,Open Long,1.0607,1898.3,0.906087,0.0,4717.7,0769
1752066765034,FARTCOIN,B,Open Long,1.0607,23.6,0.011264,0.0,6616.0,0769
1752066765034,FARTCOIN,B,Open Long,1.0607,23.6,0.011264,0.0,6639.6,0769
1752066765034,FARTCOIN,B,Open Long,1.0607,23.6,0.011264,0.0,6663.2,0769
1752066765034,FARTCOIN,B,Open Long,1.0607,23.6,0.011264,0.0,6686.8,0769
1752066765034,FARTCOIN,B,Open Long,1.0607,2356.7,1.124888,0.0,6710.4,0769
1752066765034,FARTCOIN,B,Open Long,1.0608,1000.0,0.47736,0.0,9067.1,0769
1752066765034,FARTCOIN,B,Open Long,1.0608,1401.4,0.668972,0.0,10067.1,0769
1752066765034,FARTCOIN,B,Open Long,1.0608,625.8,0.298731,0.0,11468.5,0769
1752066765034,FARTCOIN,B,Open Long,1.0608,23.6,0.011265,0.0,12094.3,0769
1752066765034,FARTCOIN,B,Open Long,1.0608,100.0,0.047736,0.0,12117.9,0769
1752066765034,FARTCOIN,B,Open Long,1.0608,23.6,0.011265,0.0,12217.9,0769
1752066765034,FARTCOIN,B,Open Long,1.0608,1397.8,0.667253,0.0,12241.5,0769
1752066765034,FARTCOIN,B,Open Long,1.0609,949.2,0.453152,0.0,13639.3,0769
1752066765034,FARTCOIN,B,Open Long,1.0609,1900.0,0.907069,0.0,14588.5,0769
1752066765034,FARTCOIN,B,Open Long,1.0609,2773.7,1.324178,0.0,16488.5,0769
1752066765034,FARTCOIN,B,Open Long,1.0609,942.5,0.449954,0.0,19262.2,0769
1752066765034,FARTCOIN,B,Open Long,1.061,445.4,0.212656,0.0,20204.7,0769
1752066765034,FARTCOIN,B,Open Long,1.061,2329.2,1.112076,0.0,20650.1,0769
1752066765034,FARTCOIN,B,Open Long,1.061,12469.5,5.953562,0.0,22979.3,0769
1752066765034,FARTCOIN,B,Open Long,1.061,8810.2,4.206429,0.0,35448.8,0769
1752066765034,FARTCOIN,B,Open Long,1.0611,2662.7,1.271425,0.0,44259.0,0769
1752066765034,FARTCOIN,B,Open Long,1.0611,1902.7,0.908529,0.0,46921.7,0769
1752066765034,FARTCOIN,B,Open Long,1.0611,5957.3,2.84458,0.0,48824.4,0769
1752086280932,FARTCOIN,A,Close Long,1.0739,2384.8,0.384155,30.954704,54781.7,0770
1752086280932,FARTCOIN,A,Close Long,1.0739,1070.3,0.172409,13.892494,52396.9,0770
1752086280932,FARTCOIN,A,Close Long,1.0739,1388.3,0.223634,18.020134,51326.6,0770
1752086281465,FARTCOIN,A,Close Long,1.0739,423.1,0.068155,5.491838,49938.3,0770
1752086281465,FARTCOIN,A,Close Long,1.0739,352.3,0.05675,4.572854,49515.2,0770
1752086281668,FARTCOIN,A,Close Long,1.0739,844.1,0.135971,10.956418,49162.9,0770
1752086282387,FARTCOIN,A,Close Long,1.0739,1194.6,0.192432,15.505908,48318.8,0770
1752086282474,FARTCOIN,A,Close Long,1.0739,1412.5,0.227532,18.33425,47124.2,0770
1752086282877,FARTCOIN,A,Close Long,1.0739,265.0,0.042687,3.4397,45711.7,0770
1752087746668,FARTCOIN,A,Close Long,1.073,20446.7,3.290896,246.996136,45446.7,0771
1752087770371,kPEPE,B,Open Long,0.010428,19929.0,0.093518,0.0,0.0,0772
1752087770371,kPEPE,B,Open Long,0.010428,156628.0,0.734992,0.0,19929.0,0772
1752087770371,kPEPE,B,Open Long,0.010428,56548.0,0.265357,0.0,176557.0,0772
1752087770371,kPEPE,B,Open Long,0.010428,19151.0,0.089867,0.0,233105.0,0772
1752087770371,kPEPE,B,Open Long,0.010428,19180.0,0.090004,0.0,252256.0,0772
1752087770371,kPEPE,B,Open Long,0.010428,42651.0,0.200144,0.0,271436.0,0772
1752087770371,kPEPE,B,Open Long,0.010428,55369.0,0.259824,0.0,314087.0,0772
1752087770371,kPEPE,B,Open Long,0.010429,473944.0,2.224242,0.0,369456.0,0772
1752087802802,MOODENG,B,Open Long,0.18415,7027.0,0.582309,0.0,0.0,0773
1752087802802,MOODENG,B,Open Long,0.18419,107.0,0.008868,0.0,7027.0,0773
1752087802802,MOODENG,B,Open Long,0.1842,7027.0,0.582468,0.0,7134.0,0773
1752087802802,MOODENG,B,Open Long,0.18424,3866.0,0.320522,0.0,14161.0,0773
1752087802802,MOODENG,B,Open Long,0.18424,3713.0,0.307837,0.0,18027.0,0773
1752087802802,MOODENG,B,Open Long,0.18425,1505.0,0.124783,0.0,21740.0,0773
1752087802802,MOODENG,B,Open Long,0.18426,21998.0,1.824008,0.0,23245.0,0773
1752087802802,MOODENG,B,Open Long,0.18428,2355.0,0.19529,0.0,45243.0,0773
1752145627221,FARTCOIN,A,Close Long,1.1613,524.8,0.091417,52.679424,25000.0,0774
1752145627221,FARTCOIN,A,Close Long,1.1613,417.8,0.072778,41.938764,24475.2,0774
1752145627318,FARTCOIN,A,Close Long,1.1613,318.8,0.055533,32.001144,24057.4,0774
1752145627522,FARTCOIN,A,Close Long,1.1613,1245.4,0.216942,125.013252,23738.6,0774
1752145627522,FARTCOIN,A,Close Long,1.1613,200.0,0.034839,20.076,22493.2,0774
1752145627522,FARTCOIN,A,Close Long,1.1613,223.1,0.038862,22.394778,22293.2,0774
1752145627522,FARTCOIN,A,Close Long,1.1613,774.6,0.134931,77.754348,22070.1,0774
1752145627686,FARTCOIN,A,Close Long,1.1613,277.3,0.048304,27.835374,21295.5,0774
1752145627686,FARTCOIN,A,Close Long,1.1613,78.0,0.013587,7.82964,21018.2,0774
1752145627745,FARTCOIN,A,Close Long,1.1613,223.3,0.038897,22.414854,20940.2,0774
1752145628038,FARTCOIN,A,Close Long,1.1613,190.3,0.033149,19.102314,20716.9,0774
1752145628237,FARTCOIN,A,Close Long,1.1613,1494.8,0.260386,150.048024,20526.6,0774
1752145628237,FARTCOIN,A,Close Long,1.1613,1509.5,0.262947,151.52361,19031.8,0774
1752145628375,FARTCOIN,A,Close Long,1.1613,430.6,0.075008,43.223628,17522.3,0774
1752145628375,FARTCOIN,A,Close Long,1.1613,451.6,0.078666,45.331608,17091.7,0774
1752145628375,FARTCOIN,A,Close Long,1.1613,2401.6,0.418346,241.072608,16640.1,0774
1752145628450,FARTCOIN,A,Close Long,1.1613,910.0,0.158517,91.3458,14238.5,0774
1752145628450,FARTCOIN,A,Close Long,1.1613,3333.0,0.580591,334.56654,13328.5,0774
1752145628543,FARTCOIN,A,Close Long,1.1613,277.9,0.048408,27.895602,9995.5,0774
1752145628543,FARTCOIN,A,Close Long,1.1613,3279.9,0.571342,329.236362,9717.6,0774
1752145628543,FARTCOIN,A,Close Long,1.1613,2587.3,0.450694,259.713174,6437.7,0774
1752145628543,FARTCOIN,A,Close Long,1.1613,441.0,0.076819,44.26758,3850.4,0774
1752145628543,FARTCOIN,A,Close Long,1.1613,238.3,0.04151,23.920554,3409.4,0774
1752145628543,FARTCOIN,A,Close Long,1.1613,218.6,0.038079,21.943068,3171.1,0774
1752145628543,FARTCOIN,A,Close Long,1.1613,2952.5,0.51431,296.37195,2952.5,0774
1752147113585,FARTCOIN,B,Open Long,1.1634,425.7,0.222866,0.0,0.0,0775
1752147113585,FARTCOIN,B,Open Long,1.1634,425.4,0.222709,0.0,425.7,0775
1752147113585,FARTCOIN,B,Open Long,1.1634,1697.6,0.888744,0.0,851.1,0775
1752147113585,FARTCOIN,B,Open Long,1.1635,1283.0,0.671746,0.0,2548.7,0775
1752147113585,FARTCOIN,B,Open Long,1.1636,809.9,0.424079,0.0,3831.7,0775
1752147113585,FARTCOIN,B,Open Long,1.1636,1900.0,0.994878,0.0,4641.6,0775
1752147113585,FARTCOIN,B,Open Long,1.1636,859.1,0.449841,0.0,6541.6,0775
1752147113585,FARTCOIN,B,Open Long,1.1636,128.8,0.067442,0.0,7400.7,0775
1752147113585,FARTCOIN,B,Open Long,1.1637,455.0,0.238267,0.0,7529.5,0775
1752147113585,FARTCOIN,B,Open Long,1.1637,850.7,0.445481,0.0,7984.5,0775
1752147113585,FARTCOIN,B,Open Long,1.1638,847.2,0.443687,0.0,8835.2,0775
1752147113585,FARTCOIN,B,Open Long,1.1638,317.6,0.16633,0.0,9682.4,0775
1752147346177,PNUT,B,Open Long,0.24673,1577.0,0.175091,0.0,0.0,0776
1752147346177,PNUT,B,Open Long,0.24674,1917.0,0.21285,0.0,1577.0,0776
1752147346177,PNUT,B,Open Long,0.24675,1748.4,0.194137,0.0,3494.0,0776
1752147346177,PNUT,B,Open Long,0.24677,1501.0,0.16668,0.0,5242.4,0776
1752147346177,PNUT,B,Open Long,0.24677,1501.0,0.16668,0.0,6743.4,0776
1752147346177,PNUT,B,Open Long,0.24677,1501.0,0.16668,0.0,8244.4,0776
1752147346177,PNUT,B,Open Long,0.24678,1696.8,0.188431,0.0,9745.4,0776
1752147346177,PNUT,B,Open Long,0.2468,1810.6,0.201085,0.0,11442.2,0776
1752147346177,PNUT,B,Open Long,0.24681,1576.0,0.175037,0.0,13252.8,0776
1752147346177,PNUT,B,Open Long,0.24681,15583.5,1.730773,0.0,14828.8,0776
1752147751892,FARTCOIN,B,Open Long,1.1516,5000.0,2.5911,0.0,10000.0,0777
1752149943501,kPEPE,A,Close Long,0.011062,50000.0,0.248895,31.7,843400.0,0778
1752149945362,MOODENG,A,Close Long,0.20303,8497.0,0.776315,159.726606,47598.0,0779
1752149945362,MOODENG,A,Close Long,0.20302,4663.0,0.426007,87.608444,39101.0,0779
1752149945362,MOODENG,A,Close Long,0.203,1814.0,0.165708,34.045152,34438.0,0779
1752149945362,MOODENG,A,Close Long,0.20298,26399.0,2.411311,494.928452,32624.0,0779
1752149945362,MOODENG,A,Close Long,0.20298,6225.0,0.568597,116.7063,6225.0,0779
1752149982861,kPEPE,A,Close Long,0.011062,55841.0,0.092656,35.403194,793400.0,0778
1752149982861,kPEPE,A,Close Long,0.011062,36768.0,0.061009,23.310912,737559.0,0778
1752149982923,kPEPE,A,Close Long,0.011062,107028.0,0.177591,67.855752,700791.0,0778
1752149983310,kPEPE,A,Close Long,0.011062,153994.0,0.255522,97.632196,593763.0,0778
1752149983381,FARTCOIN,A,Close Long,1.1453,931.5,0.160027,-13.30182,15000.0,0780
1752149983434,kPEPE,A,Close Long,0.011062,154001.0,0.255533,97.636634,439769.0,0778
1752149983434,FARTCOIN,A,Close Long,1.1453,663.4,0.113968,-9.473352,14068.5,0780
1752149983434,FARTCOIN,A,Close Long,1.1453,5654.8,0.971466,-80.750544,13405.1,0780
1752149983626,kPEPE,A,Close Long,0.011062,285768.0,0.474174,181.176912,285768.0,0778
1752149983809,FARTCOIN,A,Close Long,1.1453,487.0,0.083664,-6.95436,7750.3,0780
1752149984645,FARTCOIN,A,Close Long,1.1453,7263.3,1.247798,-103.719924,7263.3,0780
1752149986792,PNUT,A,Close Long,0.24462,2960.9,0.325932,-6.395544,30412.3,0781
1752149986792,PNUT,A,Close Long,0.24458,6168.6,0.678922,-13.57092,27451.4,0781
1752149986792,PNUT,A,Close Long,0.24457,2773.6,0.305252,-6.129656,21282.8,0781
1752149986792,PNUT,A,Close Long,0.24455,4552.2,0.500958,-10.151406,18509.2,0781
1752149987740,PNUT,A,Close Long,0.24455,65.4,0.002399,-0.145842,13957.0,0781
1752149987941,PNUT,A,Close Long,0.24455,13891.6,0.509578,-30.978268,13891.6,0781
1752150543566,MOODENG,B,Open Long,0.20227,97.0,0.008829,0.0,0.0,0782
1752150543566,MOODENG,B,Open Long,0.20237,7027.0,0.639924,0.0,97.0,0782
1752150543566,MOODENG,B,Open Long,0.20238,4663.0,0.424664,0.0,7124.0,0782
1752150543566,MOODENG,B,Open Long,0.2024,11942.0,1.087677,0.0,11787.0,0782
1752150543566,MOODENG,B,Open Long,0.20248,2468.0,0.224874,0.0,23729.0,0782
1752150543566,MOODENG,B,Open Long,0.2025,4561.0,0.415621,0.0,26197.0,0782
1752150543566,MOODENG,B,Open Long,0.20251,9891.0,0.901361,0.0,30758.0,0782
1752150543566,MOODENG,B,Open Long,0.20259,4934.0,0.44981,0.0,40649.0,0782
1752150543566,MOODENG,B,Open Long,0.20261,4417.0,0.402717,0.0,45583.0,0782
1752151012284,MOODENG,B,Open Long,0.19715,4663.0,0.413689,0.0,50000.0,0783
1752151012284,MOODENG,B,Open Long,0.19717,7027.0,0.623481,0.0,54663.0,0783
1752151012284,MOODENG,B,Open Long,0.19721,6640.0,0.589263,0.0,61690.0,0783
1752151012284,MOODENG,B,Open Long,0.19721,6640.0,0.589263,0.0,68330.0,0783
1752151012284,MOODENG,B,Open Long,0.19722,30.0,0.002662,0.0,74970.0,0783
1752154061468,FARTCOIN,B,Open Long,1.1527,260.5,0.135125,0.0,0.0,0784
1752154061468,FARTCOIN,B,Open Long,1.1527,867.2,0.449829,0.0,260.5,0784
1752154061468,FARTCOIN,B,Open Long,1.1527,1735.4,0.900178,0.0,1127.7,0784
1752154061468,FARTCOIN,B,Open Long,1.1529,1278.8,0.663447,0.0,2863.1,0784
1752154061468,FARTCOIN,B,Open Long,1.1529,2167.7,1.124613,0.0,4141.9,0784
1752154061468,FARTCOIN,B,Open Long,1.153,1900.0,0.985815,0.0,6309.6,0784
1752154061468,FARTCOIN,B,Open Long,1.1531,222.4,0.115402,0.0,8209.6,0784
1752154061468,FARTCOIN,B,Open Long,1.1531,2609.9,1.354264,0.0,8432.0,0784
1752154061468,FARTCOIN,B,Open Long,1.1531,64.8,0.033624,0.0,11041.9,0784
1752154061468,FARTCOIN,B,Open Long,1.1532,1694.4,0.879291,0.0,11106.7,0784
1752154061468,FARTCOIN,B,Open Long,1.1532,260.2,0.135028,0.0,12801.1,0784
1752154061468,FARTCOIN,B,Open Long,1.1532,260.2,0.135028,0.0,13061.3,0784
1752154061468,FARTCOIN,B,Open Long,1.1533,2107.8,1.093916,0.0,13321.5,0784
1752154061468,FARTCOIN,B,Open Long,1.1533,70.1,0.03638,0.0,15429.3,0784
1752154061468,FARTCOIN,B,Open Long,1.1533,260.2,0.135039,0.0,15499.4,0784
1752154061468,FARTCOIN,B,Open Long,1.1533,260.2,0.135039,0.0,15759.6,0784
1752154061468,FARTCOIN,B,Open Long,1.1533,260.2,0.135039,0.0,16019.8,0784
1752154061468,FARTCOIN,B,Open Long,1.1533,433.8,0.225135,0.0,16280.0,0784
1752154061468,FARTCOIN,B,Open Long,1.1533,3286.2,1.705488,0.0,16713.8,0784
1752154451516,FARTCOIN,A,Close Long,1.1464,130.7,0.067425,-0.871769,20000.0,0785
1752154451516,FARTCOIN,A,Close Long,1.1463,872.0,0.449808,-5.90344,19869.3,0785
1752154451516,FARTCOIN,A,Close Long,1.1463,2180.1,1.124571,-14.759277,18997.3,0785
1752154451516,FARTCOIN,A,Close Long,1.1463,476.3,0.245692,-3.224551,16817.2,0785
1752154451516,FARTCOIN,A,Close Long,1.1461,4361.0,2.249163,-30.39617,16340.9,0785
1752154451516,FARTCOIN,A,Close Long,1.146,900.7,0.46449,-6.367949,11979.9,0785
1752154451516,FARTCOIN,A,Close Long,1.1459,1525.0,0.786373,-10.93425,11079.2,0785
1752154451516,FARTCOIN,A,Close Long,1.1459,451.0,0.23256,-3.23367,9554.2,0785
1752154451516,FARTCOIN,A,Close Long,1.1459,4361.8,2.249183,-31.274106,9103.2,0785
1752154451516,FARTCOIN,A,Close Long,1.1459,4741.4,2.444926,-33.995838,4741.4,0785
1752165734860,PNUT,B,Open Long,0.26165,38251.1,4.50378,0.0,0.0,0786
1752166038090,WIF,B,Open Long,1.0055,2380.0,1.07689,0.0,0.0,0787
1752166038090,WIF,B,Open Long,1.0056,369.0,0.166979,0.0,2380.0,0787
1752166038090,WIF,B,Open Long,1.0057,150.0,0.067884,0.0,2749.0,0787
1752166038090,WIF,B,Open Long,1.0058,332.0,0.150266,0.0,2899.0,0787
1752166038090,WIF,B,Open Long,1.0058,267.0,0.120846,0.0,3231.0,0787
1752166038090,WIF,B,Open Long,1.0058,2006.0,0.907935,0.0,3498.0,0787
1752166038090,WIF,B,Open Long,1.0059,369.0,0.167029,0.0,5504.0,0787
1752166038090,WIF,B,Open Long,1.0059,369.0,0.167029,0.0,5873.0,0787
1752166038090,WIF,B,Open Long,1.0059,282.0,0.127648,0.0,6242.0,0787
1752166038090,WIF,B,Open Long,1.0059,369.0,0.167029,0.0,6524.0,0787
1752166038090,WIF,B,Open Long,1.0059,369.0,0.167029,0.0,6893.0,0787
1752166038090,WIF,B,Open Long,1.006,332.0,0.150296,0.0,7262.0,0787
1752166038090,WIF,B,Open Long,1.006,369.0,0.167046,0.0,7594.0,0787
1752166038090,WIF,B,Open Long,1.006,332.0,0.150296,0.0,7963.0,0787
1752166038090,WIF,B,Open Long,1.0061,1011.0,0.457725,0.0,8295.0,0787
1752166038090,WIF,B,Open Long,1.0061,369.0,0.167062,0.0,9306.0,0787
1752166038090,WIF,B,Open Long,1.0062,1006.0,0.455506,0.0,9675.0,0787
1752166038090,WIF,B,Open Long,1.0063,1544.0,0.699177,0.0,10681.0,0787
1752166038090,WIF,B,Open Long,1.0063,4634.0,2.098437,0.0,12225.0,0787
1752166038090,WIF,B,Open Long,1.0063,250.0,0.113208,0.0,16859.0,0787
1752166038090,WIF,B,Open Long,1.0063,278.0,0.125888,0.0,17109.0,0787
1752166038090,WIF,B,Open Long,1.0064,2041.0,0.924328,0.0,17387.0,0787
1752166038090,WIF,B,Open Long,1.0065,448.0,0.20291,0.0,19428.0,0787
1752166378926,SYRUP,B,Open Long,0.48684,539.0,0.118083,0.0,0.0,0788
1752166378926,SYRUP,B,Open Long,0.48685,531.0,0.116332,0.0,539.0,0788
1752166378926,SYRUP,B,Open Long,0.48687,552.0,0.120938,0.0,1070.0,0788
1752166378926,SYRUP,B,Open Long,0.48687,592.0,0.129702,0.0,1622.0,0788
1752166378926,SYRUP,B,Open Long,0.48694,613.0,0.134322,0.0,2214.0,0788
1752166378926,SYRUP,B,Open Long,0.48706,16375.0,3.589023,0.0,2827.0,0788
1752177401327,SYRUP,A,Close Long,0.47315,1482.0,0.315543,-20.573124,19202.0,0789
1752177401327,SYRUP,A,Close Long,0.47283,6226.0,1.324727,-88.421652,17720.0,0789
1752177401327,SYRUP,A,Close Long,0.47282,1258.0,0.267663,-17.878696,11494.0,0789
1752177401327,SYRUP,A,Close Long,0.47282,1157.0,0.246173,-16.443284,10236.0,0789
1752177401327,SYRUP,A,Close Long,0.47273,2073.0,0.440986,-29.648046,9079.0,0789
1752177401327,SYRUP,A,Close Long,0.47271,7006.0,1.490312,-100.339932,7006.0,0789
1752182650496,kPEPE,B,Open Long,0.012167,820359.0,4.491588,0.0,0.0,0790
1752182650496,kPEPE,B,Open Long,0.012167,82179.0,0.449942,0.0,820359.0,0790
1752182650496,kPEPE,B,Open Long,0.012168,334881.0,1.833674,0.0,902538.0,0790
1752184846705,WIF,A,Close Long,1.0436,1910.0,0.896974,71.68994,19876.0,0792
1752184846705,WIF,A,Close Long,1.0434,573.0,0.26904,21.392382,17966.0,0792
1752184846705,WIF,A,Close Long,1.0434,1910.0,0.896802,71.30794,17393.0,0792
1752184846705,WIF,A,Close Long,1.0434,506.0,0.237582,18.891004,15483.0,0792
1752184846705,WIF,A,Close Long,1.0433,8168.0,3.834753,304.127312,14977.0,0792
1752184846705,WIF,A,Close Long,1.0433,6809.0,3.196723,253.526306,6809.0,0792
1752184849956,PNUT,A,Close Long,0.28909,173.0,0.022505,4.74712,38251.1,0794
1752184849956,PNUT,A,Close Long,0.28909,173.0,0.022505,4.74712,38078.1,0794
1752184849956,PNUT,A,Close Long,0.28907,3686.1,0.479493,101.072862,37905.1,0794
1752184849956,PNUT,A,Close Long,0.28906,9490.0,1.23443,260.1209,34219.0,0794
1752184849956,PNUT,A,Close Long,0.28904,173.0,0.022501,4.73847,24729.0,0794
1752184849956,PNUT,A,Close Long,0.28904,173.0,0.022501,4.73847,24556.0,0794
1752184849956,PNUT,A,Close Long,0.28903,11835.8,1.539405,324.064204,24383.0,0794
1752184849956,PNUT,A,Close Long,0.28896,1282.0,0.166701,35.01142,12547.2,0794
1752184849956,PNUT,A,Close Long,0.28894,9995.1,1.299592,272.766279,11265.2,0794
1752184849956,PNUT,A,Close Long,0.28891,1154.0,0.15003,31.45804,1270.1,0794
1752184849956,PNUT,A,Close Long,0.2889,116.1,0.015093,3.163725,116.1,0794
1752184861701,MOODENG,A,Close Long,0.2109,32693.0,1.034243,333.272442,75000.0,0793
1752184861701,MOODENG,A,Close Long,0.2109,485.0,0.015342,4.94409,42307.0,0793
1752184861844,MOODENG,A,Close Long,0.2109,32788.0,1.037248,334.240872,41822.0,0793
1752184861940,MOODENG,A,Close Long,0.2109,1910.0,0.060422,19.47054,9034.0,0793
1752184861940,MOODENG,A,Close Long,0.2109,849.0,0.026858,8.654706,7124.0,0793
1752184862278,MOODENG,A,Close Long,0.2109,3273.0,0.103541,33.364962,6275.0,0793
1752184862618,MOODENG,A,Close Long,0.2109,2558.0,0.080922,26.076252,3002.0,0793
1752184862741,MOODENG,A,Close Long,0.2109,444.0,0.014045,4.526136,444.0,0793
1752184870869,kPEPE,A,Close Long,0.012214,15627.0,0.02863,0.734469,1237419.0,0791
1752184871481,kPEPE,A,Close Long,0.012214,1221792.0,2.238445,57.424224,1221792.0,0791
1752185378199,MOODENG,B,Open Long,0.21325,2344.0,0.224936,0.0,0.0,0800
1752185378199,MOODENG,B,Open Long,0.21327,1708.0,0.163919,0.0,2344.0,0800
1752185378199,MOODENG,B,Open Long,0.21327,1636.0,0.157009,0.0,4052.0,0800
1752185378199,MOODENG,B,Open Long,0.2133,1302.0,0.124972,0.0,5688.0,0800
1752185378199,MOODENG,B,Open Long,0.21333,9389.0,0.901329,0.0,6990.0,0800
1752185378199,MOODENG,B,Open Long,0.21337,2501.0,0.240137,0.0,16379.0,0800
1752190638190,MOODENG,A,Close Long,0.20841,479.0,0.044922,-2.348058,18880.0,0801
1752190638190,MOODENG,A,Close Long,0.20841,240.0,0.022508,-1.17648,18401.0,0801
1752190638190,MOODENG,A,Close Long,0.20841,240.0,0.022508,-1.17648,18161.0,0801
1752190638190,MOODENG,A,Close Long,0.20841,240.0,0.022508,-1.17648,17921.0,0801
1752190638190,MOODENG,A,Close Long,0.20841,240.0,0.022508,-1.17648,17681.0,0801
1752190638190,MOODENG,A,Close Long,0.20841,240.0,0.022508,-1.17648,17441.0,0801
1752190638190,MOODENG,A,Close Long,0.20841,240.0,0.022508,-1.17648,17201.0,0801
1752190638190,MOODENG,A,Close Long,0.20841,240.0,0.022508,-1.17648,16961.0,0801
1752190638190,MOODENG,A,Close Long,0.20841,240.0,0.022508,-1.17648,16721.0,0801
1752190638190,MOODENG,A,Close Long,0.20841,240.0,0.022508,-1.17648,16481.0,0801
1752190638190,MOODENG,A,Close Long,0.20839,4114.0,0.385792,-20.249108,16241.0,0801
1752190638190,MOODENG,A,Close Long,0.20838,3012.0,0.282438,-14.855184,12127.0,0801
1752190638190,MOODENG,A,Close Long,0.20838,1302.0,0.122089,-6.421464,9115.0,0801
1752190638190,MOODENG,A,Close Long,0.20837,2894.0,0.27136,-14.302148,7813.0,0801
1752190638190,MOODENG,A,Close Long,0.20835,4919.0,0.461193,-24.408078,4919.0,0801
1752193144467,PNUT,B,Open Long,0.285,3188.8,0.136321,0.0,0.0,0795
1752193562662,PNUT,B,Open Long,0.28353,3424.8,0.145655,0.0,3188.8,0796
1752193562713,PNUT,B,Open Long,0.28353,15.8,0.000671,0.0,6613.6,0796
1752193665536,MOODENG,B,Open Long,0.2035,3610.0,0.110195,0.0,0.0,0798
1752193665536,MOODENG,B,Open Long,0.20299,3895.0,0.118596,0.0,3610.0,0799
1752194687177,PNUT,B,Open Long,0.28205,3692.3,0.156211,0.0,6629.4,0797
1752194687371,PNUT,B,Open Long,0.28205,0.1,0.000004,0.0,10321.7,0797
1752202139570,kBONK,B,Open Long,0.024262,25000.0,0.272947,0.0,0.0,0802
1752202139570,kBONK,B,Open Long,0.024262,82433.0,0.899995,0.0,25000.0,0802
1752202139570,kBONK,B,Open Long,0.024262,41217.0,0.450003,0.0,107433.0,0802
1752202139570,kBONK,B,Open Long,0.024262,453384.0,4.950001,0.0,148650.0,0802
1752202139570,kBONK,B,Open Long,0.024262,41217.0,0.450003,0.0,602034.0,0802
1752202139570,kBONK,B,Open Long,0.024263,41843.0,0.456856,0.0,643251.0,0802
1752202139570,kBONK,B,Open Long,0.024263,14680.0,0.160281,0.0,685094.0,0802
1752202139570,kBONK,B,Open Long,0.024263,124254.0,1.356648,0.0,699774.0,0802
1752203846980,HYPER,A,Open Short,0.59831,1672.0,0.450168,0.0,0.0,0804
1752203846980,HYPER,A,Open Short,0.59831,3330.0,0.896567,0.0,-1672.0,0804
1752203846980,HYPER,A,Open Short,0.59814,480.0,0.129198,0.0,-5002.0,0804
1752203846980,HYPER,A,Open Short,0.59753,1710.0,0.459799,0.0,-5482.0,0804
1752203846980,HYPER,A,Open Short,0.59752,1133.0,0.304645,0.0,-7192.0,0804
1752204302598,kPEPE,B,Open Long,0.012885,854.0,0.004951,0.0,0.0,0805
1752204302598,kPEPE,B,Open Long,0.012886,190983.0,1.107453,0.0,854.0,0805
1752204302598,kPEPE,B,Open Long,0.012892,2669.0,0.015483,0.0,191837.0,0805
1752204302598,kPEPE,B,Open Long,0.012893,162946.0,0.945388,0.0,194506.0,0805
1752204302598,kPEPE,B,Open Long,0.012895,162946.0,0.945534,0.0,357452.0,0805
1752204302598,kPEPE,B,Open Long,0.012896,24483.0,0.142079,0.0,520398.0,0805
1752204302598,kPEPE,B,Open Long,0.012896,24932.0,0.144685,0.0,544881.0,0805
1752204302598,kPEPE,B,Open Long,0.0129,853.0,0.004951,0.0,569813.0,0805
1752204302598,kPEPE,B,Open Long,0.012901,292826.0,1.699986,0.0,570666.0,0805
1752204302598,kPEPE,B,Open Long,0.012903,29573.0,0.171711,0.0,863492.0,0805
1752204302598,kPEPE,B,Open Long,0.012903,14836.0,0.086143,0.0,893065.0,0805
1752204302598,kPEPE,B,Open Long,0.012904,62651.0,0.363801,0.0,907901.0,0805
1752204302598,kPEPE,B,Open Long,0.012905,1000.0,0.005807,0.0,970552.0,0805
1752208412479,kPEPE,A,Close Long,0.012666,155063.0,0.883812,-35.509427,971552.0,0806
1752208412479,kPEPE,A,Close Long,0.012665,103614.0,0.590522,-23.83122,816489.0,0806
1752208412479,kPEPE,A,Close Long,0.012662,155063.0,0.883533,-36.129679,712875.0,0806
1752208412479,kPEPE,A,Close Long,0.012661,53208.0,0.303149,-12.450672,557812.0,0806
1752208412479,kPEPE,A,Close Long,0.012661,50691.0,0.288809,-11.861694,504604.0,0806
1752208412479,kPEPE,A,Close Long,0.01266,112124.0,0.63877,-26.34914,453913.0,0806
1752208412479,kPEPE,A,Close Long,0.01266,341789.0,1.947171,-80.320415,341789.0,0806
1752216243226,kBONK,A,Close Long,0.023479,25794.0,0.272527,-20.196702,824028.0,0803
1752216243226,kBONK,A,Close Long,0.023479,23879.0,0.252294,-18.697257,798234.0,0803
1752216243226,kBONK,A,Close Long,0.023478,127643.0,1.348561,-100.072112,774355.0,0803
1752216243226,kBONK,A,Close Long,0.023477,21287.0,0.224889,-16.710295,646712.0,0803
1752216243226,kBONK,A,Close Long,0.023477,25851.0,0.273106,-20.293035,625425.0,0803
1752216243226,kBONK,A,Close Long,0.023475,15777.0,0.166664,-12.416499,599574.0,0803
1752216243226,kBONK,A,Close Long,0.023473,16567.0,0.174994,-13.071363,583797.0,0803
1752216243226,kBONK,A,Close Long,0.023473,27643.0,0.291988,-21.810327,567230.0,0803
1752216243226,kBONK,A,Close Long,0.023472,21282.0,0.224788,-16.81278,539587.0,0803
1752216243226,kBONK,A,Close Long,0.023472,16568.0,0.174997,-13.08872,518305.0,0803
1752216243226,kBONK,A,Close Long,0.023471,15800.0,0.166878,-12.4978,501737.0,0803
1752216243226,kBONK,A,Close Long,0.02347,53259.0,0.562494,-42.181128,485937.0,0803
1752216243226,kBONK,A,Close Long,0.023469,83100.0,0.877623,-65.8983,432678.0,0803
1752216243226,kBONK,A,Close Long,0.023469,23940.0,0.252831,-18.98442,349578.0,0803
1752216243226,kBONK,A,Close Long,0.023468,21295.0,0.224887,-16.90823,325638.0,0803
1752216243226,kBONK,A,Close Long,0.023468,16571.0,0.174999,-13.157374,304343.0,0803
1752216243226,kBONK,A,Close Long,0.023468,16571.0,0.174999,-13.157374,287772.0,0803
1752216243226,kBONK,A,Close Long,0.023466,866.0,0.009144,-0.689336,271201.0,0803
1752216243226,kBONK,A,Close Long,0.023466,16572.0,0.174995,-13.191312,270335.0,0803
1752216243226,kBONK,A,Close Long,0.023466,16572.0,0.174995,-13.191312,253763.0,0803
1752216243226,kBONK,A,Close Long,0.023466,16572.0,0.174995,-13.191312,237191.0,0803
1752216243226,kBONK,A,Close Long,0.023466,16572.0,0.174995,-13.191312,220619.0,0803
1752216243226,kBONK,A,Close Long,0.023464,15800.0,0.166829,-12.6084,204047.0,0803
1752216243226,kBONK,A,Close Long,0.023463,84202.0,0.889034,-67.277398,188247.0,0803
1752216243226,kBONK,A,Close Long,0.023463,104045.0,1.098543,-83.131955,104045.0,0803
1752229605258,PNUT,A,Close Long,0.29155,205.2,0.026921,1.352268,18907.7,0807
1752229605258,PNUT,A,Close Long,0.29155,2290.1,0.300455,15.091759,18702.5,0807
1752229605258,PNUT,A,Close Long,0.29155,171.5,0.0225,1.130185,16412.4,0807
1752229605258,PNUT,A,Close Long,0.29154,5923.7,0.777147,38.977946,16240.9,0807
1752229605258,PNUT,A,Close Long,0.29153,10317.1,1.353484,67.783347,10317.2,0807
1752229629651,PNUT,A,Close Long,0.29155,0.1,0.000004,0.000659,0.1,0808
1752229673089,MOODENG,A,Close Long,0.20962,10967.0,0.344835,33.175175,19371.0,0809
1752229673228,MOODENG,A,Close Long,0.20962,619.0,0.019463,1.872475,8404.0,0809
1752229673291,MOODENG,A,Close Long,0.20962,7784.0,0.244752,23.5466,7785.0,0809
1752229822011,MOODENG,A,Close Long,0.20948,1.0,0.000094,0.002885,1.0,0810
1752232617649,HYPER,B,Close Short,0.57426,1740.0,0.449645,41.36328,-8325.0,0811
1752232617649,HYPER,B,Close Short,0.57426,1740.0,0.449645,41.36328,-6585.0,0811
1752232617649,HYPER,B,Close Short,0.57427,1740.0,0.449653,41.34588,-4845.0,0811
1752232617649,HYPER,B,Close Short,0.57427,1740.0,0.449653,41.34588,-3105.0,0811
1752232617649,HYPER,B,Close Short,0.57428,1364.0,0.352493,32.397728,-1365.0,0811
1752232627608,HYPER,B,Close Short,0.57017,1.0,0.000256,0.027862,-1.0,0812
1752234494425,BTC,A,Open Short,117758.0,0.08796,4.661097,0.0,0.0,0813
1752234494425,BTC,A,Open Short,117758.0,0.08196,4.34315,0.0,-0.08796,0813
1752234494425,BTC,A,Open Short,117758.0,0.00292,0.154734,0.0,-0.16992,0813
1752234494425,BTC,A,Open Short,117758.0,0.25175,13.340509,0.0,-0.17284,0813
1752234697801,BTC,B,Close Short,117899.0,0.42456,7.508279,-59.86296,-0.42459,0821
1752234705593,BTC,B,Close Short,117892.0,0.00003,0.001591,-0.00402,-0.00003,0822
1752234820123,BTC,A,Open Short,118000.0,0.03382,0.598614,0.0,0.0,0814
1752235481062,BTC,A,Open Short,118056.0,0.03569,0.632012,0.0,-0.03382,0815
1752235614253,BTC,A,Open Short,118111.0,0.03757,0.665614,0.0,-0.06951,0816
1752235656926,BTC,A,Open Short,118167.0,0.03945,0.699253,0.0,-0.10708,0817
1752235941406,BTC,A,Open Short,118222.0,0.04133,0.732917,0.0,-0.14653,0818
1752236011333,BTC,A,Open Short,118278.0,0.04321,0.766618,0.0,-0.18786,0819
1752236015383,BTC,A,Open Short,118333.0,0.04509,0.800345,0.0,-0.23107,0820
1752242935477,BTC,B,Close Short,118022.0,0.27615,14.666298,42.85848,-0.27616,0823
1752242944248,BTC,B,Close Short,117937.0,0.00001,0.00053,0.002402,-0.00001,0824
1752243196440,PENGU,B,Open Long,0.022128,1131119.0,11.26323,0.0,0.0,0825
1752243766306,WIF,B,Open Long,1.0391,357.0,0.166931,0.0,0.0,0827
1752243766306,WIF,B,Open Long,1.0392,357.0,0.166947,0.0,357.0,0827
1752243766306,WIF,B,Open Long,1.0392,357.0,0.166947,0.0,714.0,0827
1752243766306,WIF,B,Open Long,1.0392,357.0,0.166947,0.0,1071.0,0827
1752243766306,WIF,B,Open Long,1.0392,962.0,0.449869,0.0,1428.0,0827
1752243766306,WIF,B,Open Long,1.0393,963.0,0.45038,0.0,2390.0,0827
1752243766306,WIF,B,Open Long,1.0393,285.0,0.13329,0.0,3353.0,0827
1752243766306,WIF,B,Open Long,1.0393,277.0,0.129548,0.0,3638.0,0827
1752243766306,WIF,B,Open Long,1.0394,962.0,0.449956,0.0,3915.0,0827
1752243766306,WIF,B,Open Long,1.0395,962.0,0.449999,0.0,4877.0,0827
1752243766306,WIF,B,Open Long,1.0395,1951.0,0.912629,0.0,5839.0,0827
1752243766306,WIF,B,Open Long,1.0395,281.0,0.131444,0.0,7790.0,0827
1752243766306,WIF,B,Open Long,1.0395,288.0,0.134719,0.0,8071.0,0827
1752243766306,WIF,B,Open Long,1.0396,962.0,0.450042,0.0,8359.0,0827
1752243766306,WIF,B,Open Long,1.0396,310.0,0.145024,0.0,9321.0,0827
1752243800928,kSHIB,B,Open Long,0.013668,41348.0,0.254315,0.0,0.0,0829
1752243800928,kSHIB,B,Open Long,0.013668,41855.0,0.257433,0.0,41348.0,0829
1752243800928,kSHIB,B,Open Long,0.01367,302852.0,1.862994,0.0,83203.0,0829
1752243800928,kSHIB,B,Open Long,0.01367,46169.0,0.284008,0.0,386055.0,0829
1752243800928,kSHIB,B,Open Long,0.01367,41619.0,0.256019,0.0,432224.0,0829
1752243800928,kSHIB,B,Open Long,0.013671,107862.0,0.663561,0.0,473843.0,0829
1752243800928,kSHIB,B,Open Long,0.013673,515989.0,3.174802,0.0,581705.0,0829
1752245574836,WIF,A,Close Long,1.03,312.0,0.144612,-2.930616,9631.0,0828
1752245574836,WIF,A,Close Long,1.0299,971.0,0.450014,-9.217703,9319.0,0828
1752245574836,WIF,A,Close Long,1.0299,8348.0,3.868922,-79.247564,8348.0,0828
1752246183787,PENGU,A,Close Long,0.021471,31401.0,0.303394,-20.630457,1131119.0,0826
1752246183787,PENGU,A,Close Long,0.021469,28956.0,0.279745,-19.082004,1099718.0,0826
1752246183787,PENGU,A,Close Long,0.021465,76898.0,0.742777,-50.983374,1070762.0,0826
1752246183787,PENGU,A,Close Long,0.02146,69643.0,0.672542,-46.521524,993864.0,0826
1752246183787,PENGU,A,Close Long,0.02146,29045.0,0.280487,-19.40206,924221.0,0826
1752246183787,PENGU,A,Close Long,0.021459,67178.0,0.648707,-44.942082,895176.0,0826
1752246183787,PENGU,A,Close Long,0.021458,45700.0,0.441283,-30.619,827998.0,0826
1752246183787,PENGU,A,Close Long,0.021457,46036.0,0.444507,-30.890156,782298.0,0826
1752246183787,PENGU,A,Close Long,0.021457,50668.0,0.489232,-33.998228,736262.0,0826
1752246183787,PENGU,A,Close Long,0.021456,685594.0,6.619547,-460.719168,685594.0,0826
1752247283166,PENGU,B,Open Long,0.021406,96484.0,0.929401,0.0,0.0,0831
1752247283166,PENGU,B,Open Long,0.021409,247550.0,2.384909,0.0,96484.0,0831
1752247283166,PENGU,B,Open Long,0.02141,51888.0,0.499914,0.0,344034.0,0831
1752247283166,PENGU,B,Open Long,0.021411,95785.0,0.922883,0.0,395922.0,0831
1752247283166,PENGU,B,Open Long,0.021411,188484.0,1.816033,0.0,491707.0,0831
1752247283166,PENGU,B,Open Long,0.021415,247550.0,2.385577,0.0,680191.0,0831
1752247283166,PENGU,B,Open Long,0.021415,6532.0,0.062947,0.0,927741.0,0831
1752249337114,kSHIB,A,Close Long,0.013486,20000.0,0.121374,-3.7,1097694.0,0830
1752249337114,kSHIB,A,Close Long,0.013485,37540.0,0.227802,-6.98244,1077694.0,0830
1752249337114,kSHIB,A,Close Long,0.013485,20000.0,0.121365,-3.72,1040154.0,0830
1752249337114,kSHIB,A,Close Long,0.013482,45929.0,0.278646,-8.680581,1020154.0,0830
1752249337114,kSHIB,A,Close Long,0.013477,285597.0,1.732045,-55.405818,974225.0,0830
1752249337114,kSHIB,A,Close Long,0.013477,92716.0,0.56229,-17.986904,688628.0,0830
1752249337114,kSHIB,A,Close Long,0.013475,7508.0,0.045526,-1.471568,595912.0,0830
1752249337114,kSHIB,A,Close Long,0.013475,47261.0,0.286578,-9.263156,588404.0,0830
1752249337114,kSHIB,A,Close Long,0.01347,37540.0,0.227548,-7.54554,541143.0,0830
1752249337114,kSHIB,A,Close Long,0.013469,503603.0,3.052362,-101.727806,503603.0,0830
1752249402065,PENGU,A,Close Long,0.020797,18353.0,0.057253,-11.250389,934273.0,0832
1752249402065,PENGU,A,Close Long,0.020797,13568.0,0.042326,-8.317184,915920.0,0832
1752249406430,PENGU,A,Close Long,0.020797,232715.0,0.725966,-142.654295,902352.0,0832
1752249406813,PENGU,A,Close Long,0.020797,249071.0,0.776989,-152.680523,669637.0,0832
1752249406813,PENGU,A,Close Long,0.020797,391917.0,1.222604,-240.245121,420566.0,0832
1752249407603,PENGU,A,Close Long,0.020797,11931.0,0.037219,-7.313703,28649.0,0832
1752249407711,PENGU,A,Close Long,0.020797,16717.0,0.052149,-10.247521,16718.0,0832
1752249415348,PENGU,A,Close Long,0.020783,1.0,0.000009,-0.000627,1.0,0833
1752369285515,kPEPE,B,Open Long,0.012234,28179.0,0.155133,0.0,0.0,0834
1752369285515,kPEPE,B,Open Long,0.012235,63783.0,0.351173,0.0,28179.0,0834
1752369285515,kPEPE,B,Open Long,0.012235,27590.0,0.151903,0.0,91962.0,0834
1752369285515,kPEPE,B,Open Long,0.012236,30269.0,0.166667,0.0,119552.0,0834
1752369285515,kPEPE,B,Open Long,0.012236,61993.0,0.341345,0.0,149821.0,0834
1752369285515,kPEPE,B,Open Long,0.012236,929257.0,5.116674,0.0,211814.0,0834
1752369285515,kPEPE,B,Open Long,0.012236,246423.0,1.356854,0.0,1141071.0,0834
1752369285515,kPEPE,B,Open Long,0.012237,2655207.0,14.621295,0.0,1387494.0,0834
1752369285515,kPEPE,B,Open Long,0.012237,41312.0,0.22749,0.0,4042701.0,0834
1752369285515,kPEPE,B,Open Long,0.012238,5297.0,0.029171,0.0,4084013.0,0834
1752396191597,kPEPE,A,Close Long,0.012162,50000.0,0.273645,-3.7,4089310.0,0835
1752396191597,kPEPE,A,Close Long,0.012162,82194.0,0.449839,-6.082356,4039310.0,0835
1752396191597,kPEPE,A,Close Long,0.012162,182773.0,1.000298,-13.525202,3957116.0,0835
1752396191597,kPEPE,A,Close Long,0.01216,82206.0,0.449831,-6.247656,3774343.0,0835
1752396191597,kPEPE,A,Close Long,0.012159,247905.0,1.356424,-19.088685,3692137.0,0835
1752396191597,kPEPE,A,Close Long,0.012159,84324.0,0.461382,-6.492948,3444232.0,0835
1752396191597,kPEPE,A,Close Long,0.012159,61205.0,0.334886,-4.712785,3359908.0,0835
1752396191597,kPEPE,A,Close Long,0.012159,62664.0,0.342869,-4.825128,3298703.0,0835
1752396191597,kPEPE,A,Close Long,0.012158,3000.0,0.016413,-0.234,3236039.0,0835
1752396191597,kPEPE,A,Close Long,0.012158,837073.0,4.57971,-65.291694,3233039.0,0835
1752396191597,kPEPE,A,Close Long,0.012158,1597880.0,8.742161,-124.63464,2395966.0,0835
1752396191597,kPEPE,A,Close Long,0.012157,303567.0,1.660708,-23.981793,798086.0,0835
1752396191597,kPEPE,A,Close Long,0.012157,494519.0,2.70534,-39.067001,494519.0,0835
1752408089638,FARTCOIN,B,Open Long,1.2488,142.0,0.079798,0.0,0.0,0836
1752408089638,FARTCOIN,B,Open Long,1.2488,800.8,0.450017,0.0,142.0,0836
1752408089638,FARTCOIN,B,Open Long,1.2488,785.3,0.441307,0.0,942.8,0836
1752408089638,FARTCOIN,B,Open Long,1.2488,800.8,0.450017,0.0,1728.1,0836
1752408089638,FARTCOIN,B,Open Long,1.2488,800.8,0.450017,0.0,2528.9,0836
1752408089638,FARTCOIN,B,Open Long,1.2488,404.5,0.227312,0.0,3329.7,0836
1752408089638,FARTCOIN,B,Open Long,1.2489,801.7,0.450559,0.0,3734.2,0836
1752408089638,FARTCOIN,B,Open Long,1.249,373.5,0.209925,0.0,4535.9,0836
1752408089638,FARTCOIN,B,Open Long,1.249,326.1,0.183284,0.0,4909.4,0836
1752408089638,FARTCOIN,B,Open Long,1.249,450.1,0.252978,0.0,5235.5,0836
1752408089638,FARTCOIN,B,Open Long,1.2491,1596.1,0.897159,0.0,5685.6,0836
1752408089638,FARTCOIN,B,Open Long,1.2491,2521.2,1.417153,0.0,7281.7,0836
1752408089638,FARTCOIN,B,Open Long,1.2492,801.7,0.450667,0.0,9802.9,0836
1752408089638,FARTCOIN,B,Open Long,1.2492,3083.5,1.733358,0.0,10604.6,0836
1752408089638,FARTCOIN,B,Open Long,1.2493,1406.5,0.790713,0.0,13688.1,0836
1752408089638,FARTCOIN,B,Open Long,1.2494,12.0,0.006746,0.0,15094.6,0836
1752408089638,FARTCOIN,B,Open Long,1.2494,1389.2,0.781049,0.0,15106.6,0836
1752408089638,FARTCOIN,B,Open Long,1.2494,11.9,0.00669,0.0,16495.8,0836
1752408089638,FARTCOIN,B,Open Long,1.2494,2643.0,1.485973,0.0,16507.7,0836
1752408089638,FARTCOIN,B,Open Long,1.2494,870.1,0.489196,0.0,19150.7,0836
1752409361609,kPEPE,B,Open Long,0.012383,170991.0,0.952821,0.0,0.0,0837
1752409361609,kPEPE,B,Open Long,0.012383,30384.0,0.16931,0.0,170991.0,0837
1752409361609,kPEPE,B,Open Long,0.012383,27240.0,0.15179,0.0,201375.0,0837
1752409361609,kPEPE,B,Open Long,0.012384,337297.0,1.879688,0.0,228615.0,0837
1752409361609,kPEPE,B,Open Long,0.012384,82101.0,0.457532,0.0,565912.0,0837
1752409361609,kPEPE,B,Open Long,0.012384,80720.0,0.449836,0.0,648013.0,0837
1752409361609,kPEPE,B,Open Long,0.012385,82101.0,0.457569,0.0,728733.0,0837
1752409361609,kPEPE,B,Open Long,0.012385,403714.0,2.249999,0.0,810834.0,0837
1752409361609,kPEPE,B,Open Long,0.012386,84324.0,0.469996,0.0,1214548.0,0837
1752409361609,kPEPE,B,Open Long,0.012386,433146.0,2.414225,0.0,1298872.0,0837
1752409361609,kPEPE,B,Open Long,0.012386,243201.0,1.355529,0.0,1732018.0,0837
1752409361609,kPEPE,B,Open Long,0.012387,44819.0,0.249827,0.0,1975219.0,0837
1752414539500,POPCAT,B,Open Long,0.3723,5505.0,0.92228,0.0,0.0,0838
1752414539500,POPCAT,B,Open Long,0.37233,894.0,0.149788,0.0,5505.0,0838
1752414539500,POPCAT,B,Open Long,0.37233,905.0,0.151631,0.0,6399.0,0838
1752414539500,POPCAT,B,Open Long,0.37237,7755.0,1.299478,0.0,7304.0,0838
1752414539500,POPCAT,B,Open Long,0.37238,5505.0,0.922478,0.0,15059.0,0838
1752414539500,POPCAT,B,Open Long,0.37241,671.0,0.112449,0.0,20564.0,0838
1752414539500,POPCAT,B,Open Long,0.37245,2725.0,0.456716,0.0,21235.0,0838
1752414539500,POPCAT,B,Open Long,0.37246,5323.0,0.892172,0.0,23960.0,0838
1752414539500,POPCAT,B,Open Long,0.37246,272.0,0.045589,0.0,29283.0,0838
1752414539500,POPCAT,B,Open Long,0.37248,2727.0,0.457088,0.0,29555.0,0838
1752414539500,POPCAT,B,Open Long,0.3725,272.0,0.045594,0.0,32282.0,0838
1752414539500,POPCAT,B,Open Long,0.37251,1016.0,0.170311,0.0,32554.0,0838
1752418111066,kPEPE,A,Close Long,0.012403,564357.0,3.149873,10.722783,2020038.0,0839
1752418111066,kPEPE,A,Close Long,0.012402,615763.0,3.436511,11.083734,1455681.0,0839
1752418111066,kPEPE,A,Close Long,0.012402,163332.0,0.911539,2.939976,839918.0,0839
1752418112033,kPEPE,A,Close Long,0.012402,161870.0,0.301126,2.91366,676586.0,0839
1752418112950,kPEPE,A,Close Long,0.012402,79289.0,0.147501,1.427202,514716.0,0839
1752418112950,kPEPE,A,Close Long,0.012402,74663.0,0.138895,1.343934,435427.0,0839
1752418112950,kPEPE,A,Close Long,0.012402,338897.0,0.63045,6.100146,360764.0,0839
1752418113381,kPEPE,A,Close Long,0.012402,21867.0,0.040679,0.393606,21867.0,0839
1752418113918,POPCAT,A,Close Long,0.36973,5771.0,0.320056,-15.373944,33570.0,0840
1752418113992,POPCAT,A,Close Long,0.36973,89.0,0.004935,-0.237096,27799.0,0840
1752418114133,POPCAT,A,Close Long,0.36973,1956.0,0.108478,-5.210784,27710.0,0840
1752418114133,POPCAT,A,Close Long,0.36973,808.0,0.044811,-2.152512,25754.0,0840
1752418114237,POPCAT,A,Close Long,0.36973,184.0,0.010204,-0.490176,24946.0,0840
1752418114237,POPCAT,A,Close Long,0.36973,955.0,0.052963,-2.54412,24762.0,0840
1752418114237,POPCAT,A,Close Long,0.36973,8593.0,0.476563,-22.891752,23807.0,0840
1752418114286,POPCAT,A,Close Long,0.36973,911.0,0.050523,-2.426904,15214.0,0840
1752418114470,POPCAT,A,Close Long,0.36973,1050.0,0.058232,-2.7972,14303.0,0840
1752418114470,POPCAT,A,Close Long,0.36973,763.0,0.042315,-2.032632,13253.0,0840
1752418114470,POPCAT,A,Close Long,0.36973,745.0,0.041317,-1.98468,12490.0,0840
1752418114470,POPCAT,A,Close Long,0.36973,525.0,0.029116,-1.3986,11745.0,0840
1752418114827,POPCAT,A,Close Long,0.36973,394.0,0.021851,-1.049616,11220.0,0840
1752418115149,POPCAT,A,Close Long,0.36973,4059.0,0.22511,-10.813176,10826.0,0840
1752418115149,POPCAT,A,Close Long,0.36973,6767.0,0.375294,-18.027288,6767.0,0840
1752418118050,FARTCOIN,A,Close Long,1.2819,27.6,0.005307,0.904452,20020.8,0841
1752418118109,FARTCOIN,A,Close Long,1.2819,735.3,0.141387,24.095781,19993.2,0841
1752418120646,FARTCOIN,A,Close Long,1.2819,755.8,0.145329,24.767566,19257.9,0841
1752418122964,FARTCOIN,A,Close Long,1.2819,18502.1,3.557676,606.313817,18502.1,0841
1752424744032,POPCAT,B,Open Long,0.37842,4059.0,0.691203,0.0,0.0,0842
1752424744032,POPCAT,B,Open Long,0.37852,2727.0,0.4645,0.0,4059.0,0842
1752424744032,POPCAT,B,Open Long,0.37855,752.0,0.128101,0.0,6786.0,0842
1752424744032,POPCAT,B,Open Long,0.37859,7628.0,1.299548,0.0,7538.0,0842
1752424744032,POPCAT,B,Open Long,0.3786,29.0,0.00494,0.0,15166.0,0842
1752424744032,POPCAT,B,Open Long,0.37865,682.0,0.116207,0.0,15195.0,0842
1752424744032,POPCAT,B,Open Long,0.37868,5405.0,0.921044,0.0,15877.0,0842
1752424744032,POPCAT,B,Open Long,0.37869,5505.0,0.938109,0.0,21282.0,0842
1752424744032,POPCAT,B,Open Long,0.37873,734.0,0.125094,0.0,26787.0,0842
1752424744032,POPCAT,B,Open Long,0.37873,272.0,0.046356,0.0,27521.0,0842
1752424744032,POPCAT,B,Open Long,0.37876,2725.0,0.464454,0.0,27793.0,0842
1752424744032,POPCAT,B,Open Long,0.37878,1989.0,0.339027,0.0,30518.0,0842
1752424744032,POPCAT,B,Open Long,0.37878,272.0,0.046362,0.0,32507.0,0842
1752424744032,POPCAT,B,Open Long,0.37882,3649.0,0.622041,0.0,32779.0,0842
1752424744032,POPCAT,B,Open Long,0.37886,659.0,0.11235,0.0,36428.0,0842
1752424744032,POPCAT,B,Open Long,0.37888,272.0,0.046374,0.0,37087.0,0842
1752424744032,POPCAT,B,Open Long,0.37888,2308.0,0.393504,0.0,37359.0,0842
1752424797112,FARTCOIN,B,Open Long,1.2745,191.9,0.110059,0.0,0.0,0844
1752424797112,FARTCOIN,B,Open Long,1.2745,191.9,0.110059,0.0,191.9,0844
1752424797112,FARTCOIN,B,Open Long,1.2747,229.3,0.131529,0.0,383.8,0844
1752424797112,FARTCOIN,B,Open Long,1.2747,215.0,0.123327,0.0,613.1,0844
1752424797112,FARTCOIN,B,Open Long,1.2748,776.5,0.445446,0.0,828.1,0844
1752424797112,FARTCOIN,B,Open Long,1.2749,208.6,0.119674,0.0,1604.6,0844
1752424797112,FARTCOIN,B,Open Long,1.2749,203.0,0.116462,0.0,1813.2,0844
1752424797112,FARTCOIN,B,Open Long,1.2749,1000.0,0.573705,0.0,2016.2,0844
1752424797112,FARTCOIN,B,Open Long,1.275,1900.0,1.090125,0.0,3016.2,0844
1752424797112,FARTCOIN,B,Open Long,1.275,3825.0,2.194593,0.0,4916.2,0844
1752424797112,FARTCOIN,B,Open Long,1.275,3090.9,1.773403,0.0,8741.2,0844
1752424797112,FARTCOIN,B,Open Long,1.2751,1959.8,1.124523,0.0,11832.1,0844
1752424797112,FARTCOIN,B,Open Long,1.2751,1926.2,1.105243,0.0,13791.9,0844
1752424797112,FARTCOIN,B,Open Long,1.2751,2308.0,1.324318,0.0,15718.1,0844
1752424797112,FARTCOIN,B,Open Long,1.2752,290.5,0.1667,0.0,18026.1,0844
1752424797112,FARTCOIN,B,Open Long,1.2752,1046.2,0.600351,0.0,18316.6,0844
1752424797112,FARTCOIN,B,Open Long,1.2755,246.5,0.141484,0.0,19362.8,0844
1752425564530,POPCAT,A,Close Long,0.37019,272.0,0.045311,-2.304928,39667.0,0843
1752425564530,POPCAT,A,Close Long,0.37016,4059.0,0.676115,-34.517736,39395.0,0843
1752425564530,POPCAT,A,Close Long,0.37015,1313.0,0.218703,-11.178882,35336.0,0843
1752425564530,POPCAT,A,Close Long,0.37014,1241.0,0.206704,-10.578284,34023.0,0843
1752425564530,POPCAT,A,Close Long,0.37012,272.0,0.045302,-2.323968,32782.0,0843
1752425564530,POPCAT,A,Close Long,0.37009,2725.0,0.453822,-23.36415,32510.0,0843
1752425564530,POPCAT,A,Close Long,0.37008,272.0,0.045297,-2.334848,29785.0,0843
1752425564530,POPCAT,A,Close Long,0.37005,8784.0,1.462733,-75.665376,29513.0,0843
1752425564530,POPCAT,A,Close Long,0.37005,20729.0,3.451844,-178.559606,20729.0,0843
1752425638288,FARTCOIN,A,Close Long,1.2578,907.3,0.51354,-15.614633,19609.3,0845
1752425638288,FARTCOIN,A,Close Long,1.2576,794.7,0.449736,-13.835727,18702.0,0845
1752425638288,FARTCOIN,A,Close Long,1.2575,528.2,0.298895,-9.248782,17907.3,0845
1752425638288,FARTCOIN,A,Close Long,1.2575,1987.1,1.12445,-34.794121,17379.1,0845
1752425638288,FARTCOIN,A,Close Long,1.2575,3969.0,2.245957,-69.49719,15392.0,0845
1752425638288,FARTCOIN,A,Close Long,1.2575,3091.8,1.749572,-54.137418,11423.0,0845
1752425638288,FARTCOIN,A,Close Long,1.2575,237.0,0.134112,-4.14987,8331.2,0845
1752425638288,FARTCOIN,A,Close Long,1.2574,294.6,0.166693,-5.187906,8094.2,0845
1752425638288,FARTCOIN,A,Close Long,1.2574,294.6,0.166693,-5.187906,7799.6,0845
1752425638288,FARTCOIN,A,Close Long,1.2574,294.6,0.166693,-5.187906,7505.0,0845
1752425638288,FARTCOIN,A,Close Long,1.2574,294.6,0.166693,-5.187906,7210.4,0845
1752425638288,FARTCOIN,A,Close Long,1.2574,1582.6,0.895482,-27.869586,6915.8,0845
1752425638288,FARTCOIN,A,Close Long,1.2574,1168.3,0.661059,-20.573763,5333.2,0845
1752425638288,FARTCOIN,A,Close Long,1.2574,1900.0,1.075077,-33.459,4164.9,0845
1752425638288,FARTCOIN,A,Close Long,1.2573,2264.9,1.281446,-40.111379,2264.9,0845
1752434042218,FARTCOIN,B,Open Long,1.2986,1146.8,0.670155,0.0,0.0,0852
1752434042218,FARTCOIN,B,Open Long,1.2987,209.9,0.122668,0.0,1146.8,0852
1752434042218,FARTCOIN,B,Open Long,1.2988,1900.0,1.110474,0.0,1356.7,0852
1752434042218,FARTCOIN,B,Open Long,1.299,1926.2,1.12596,0.0,3256.7,0852
1752434042218,FARTCOIN,B,Open Long,1.2991,1900.0,1.11073,0.0,5182.9,0852
1752434042218,FARTCOIN,B,Open Long,1.2992,4844.0,2.831996,0.0,7082.9,0852
1752434042218,FARTCOIN,B,Open Long,1.2992,3847.3,2.249285,0.0,11926.9,0852
1752434042218,FARTCOIN,B,Open Long,1.2994,99.9,0.058414,0.0,15774.2,0852
1752434042218,FARTCOIN,B,Open Long,1.2995,3384.8,1.979346,0.0,15874.1,0852
1752435309988,kPEPE,B,Open Long,0.01255,185642.0,0.349471,0.0,0.0,0846
1752435309988,kPEPE,B,Open Long,0.01255,1096.0,0.002063,0.0,185642.0,0846
1752435526078,kPEPE,B,Open Long,0.01255,28994.0,0.054581,0.0,186738.0,0846
1752435754901,kPEPE,B,Open Long,0.012525,223436.0,0.41978,0.0,215732.0,0847
1752435963179,kPEPE,B,Open Long,0.0125,231141.0,0.433389,0.0,439168.0,0848
1752436756177,kPEPE,B,Open Long,0.012475,238846.0,0.44694,0.0,670309.0,0849
1752436880589,kPEPE,B,Open Long,0.01245,246551.0,0.460433,0.0,909155.0,0850
1752437091095,kPEPE,B,Open Long,0.012425,254255.0,0.473867,0.0,1155706.0,0851
1752438960364,POPCAT,B,Open Long,0.38677,2595.0,0.45165,0.0,0.0,0853
1752438960364,POPCAT,B,Open Long,0.3868,7775.0,1.353316,0.0,2595.0,0853
1752438960364,POPCAT,B,Open Long,0.3868,5054.0,0.879699,0.0,10370.0,0853
1752438960364,POPCAT,B,Open Long,0.38689,259.0,0.045092,0.0,15424.0,0853
1752438960364,POPCAT,B,Open Long,0.38689,2595.0,0.45179,0.0,15683.0,0853
1752438960364,POPCAT,B,Open Long,0.38689,7464.0,1.299486,0.0,18278.0,0853
1752438960364,POPCAT,B,Open Long,0.38689,10548.0,1.836412,0.0,25742.0,0853
1752438960364,POPCAT,B,Open Long,0.3869,3526.0,0.613894,0.0,36290.0,0853
1752438960364,POPCAT,B,Open Long,0.38691,3047.0,0.530511,0.0,39816.0,0853
1752438960364,POPCAT,B,Open Long,0.38692,8858.0,1.542301,0.0,42863.0,0853
1752441418692,kPEPE,A,Close Long,0.012437,1156608.0,2.15771,-55.517184,1409961.0,0854
1752441436169,kPEPE,A,Close Long,0.012437,253353.0,0.472642,-12.160944,253353.0,0854
1752441440918,FARTCOIN,A,Close Long,1.2881,1697.6,0.328001,-18.741504,19258.9,0856
1752441441800,FARTCOIN,A,Close Long,1.2881,405.2,0.07829,-4.473408,17561.3,0856
1752441443109,FARTCOIN,A,Close Long,1.2881,239.2,0.046217,-2.640768,17156.1,0856
1752441443281,FARTCOIN,A,Close Long,1.2881,243.1,0.04697,-2.683824,16916.9,0856
1752441443715,FARTCOIN,A,Close Long,1.2881,914.7,0.176733,-10.098288,16673.8,0856
1752441443919,FARTCOIN,A,Close Long,1.2881,1303.7,0.251894,-14.392848,15759.1,0856
1752441443919,FARTCOIN,A,Close Long,1.2881,14455.4,2.793,-159.587616,14455.4,0856
1752441453976,POPCAT,A,Close Long,0.37982,136.0,0.007748,-0.958528,51721.0,0855
1752441454102,POPCAT,A,Close Long,0.37982,136.0,0.007748,-0.958528,51585.0,0855
1752441455722,POPCAT,A,Close Long,0.37982,3417.0,0.194676,-24.083016,51449.0,0855
1752441455722,POPCAT,A,Close Long,0.37982,1877.0,0.106938,-13.229096,48032.0,0855
1752441455772,POPCAT,A,Close Long,0.37982,1804.0,0.102779,-12.714592,46155.0,0855
1752441458147,POPCAT,A,Close Long,0.37982,566.0,0.032246,-3.989168,44351.0,0855
1752441458273,POPCAT,A,Close Long,0.37982,476.0,0.027119,-3.354848,43785.0,0855
1752441460832,POPCAT,A,Close Long,0.37982,1693.0,0.096455,-11.932264,43309.0,0855
1752441460832,POPCAT,A,Close Long,0.37982,651.0,0.037089,-4.588248,41616.0,0855
1752441460885,POPCAT,A,Close Long,0.37982,961.0,0.054751,-6.773128,40965.0,0855
1752441461113,POPCAT,A,Close Long,0.37982,7227.0,0.411743,-50.935896,40004.0,0855
1752441461237,POPCAT,A,Close Long,0.37982,65.0,0.003703,-0.45812,32777.0,0855
1752441461916,POPCAT,A,Close Long,0.37982,3384.0,0.192796,-23.850432,32712.0,0855
1752441462118,POPCAT,A,Close Long,0.37982,29328.0,1.670904,-206.703744,29328.0,0855
1752452991145,XRP,B,Open Long,2.8406,30.0,0.038348,0.0,0.0,0857
1752452991145,XRP,B,Open Long,2.8408,353.0,0.451261,0.0,30.0,0857
1752452991145,XRP,B,Open Long,2.8408,131.0,0.167465,0.0,383.0,0857
1752452991145,XRP,B,Open Long,2.8409,353.0,0.451276,0.0,514.0,0857
1752452991145,XRP,B,Open Long,2.841,352.0,0.450014,0.0,867.0,0857
1752452991145,XRP,B,Open Long,2.841,325.0,0.415496,0.0,1219.0,0857
1752452991145,XRP,B,Open Long,2.8411,353.0,0.451308,0.0,1544.0,0857
1752452991145,XRP,B,Open Long,2.8411,372.0,0.4756,0.0,1897.0,0857
1752452991145,XRP,B,Open Long,2.8411,150.0,0.191774,0.0,2269.0,0857
1752452991145,XRP,B,Open Long,2.8412,352.0,0.450046,0.0,2419.0,0857
1752452991145,XRP,B,Open Long,2.8412,79.0,0.101004,0.0,2771.0,0857
1752452991145,XRP,B,Open Long,2.8413,1489.0,1.903813,0.0,2850.0,0857
1752452991145,XRP,B,Open Long,2.8413,405.0,0.517826,0.0,4339.0,0857
1752452991145,XRP,B,Open Long,2.8413,607.0,0.776101,0.0,4744.0,0857
1752452991145,XRP,B,Open Long,2.8414,913.0,1.167389,0.0,5351.0,0857
1752452991145,XRP,B,Open Long,2.8414,687.0,0.878418,0.0,6264.0,0857
1752452991145,XRP,B,Open Long,2.8414,352.0,0.450077,0.0,6951.0,0857
1752452991145,XRP,B,Open Long,2.8414,778.0,0.994774,0.0,7303.0,0857
1752452991145,XRP,B,Open Long,2.8414,2670.0,3.413942,0.0,8081.0,0857
1752452991145,XRP,B,Open Long,2.8414,1557.0,1.990826,0.0,10751.0,0857
1752452991145,XRP,B,Open Long,2.8415,913.0,1.16743,0.0,12308.0,0857
1752452991145,XRP,B,Open Long,2.8415,229.0,0.292816,0.0,13221.0,0857
1752452991145,XRP,B,Open Long,2.8415,4157.0,5.315451,0.0,13450.0,0857
1752454375433,POPCAT,B,Open Long,0.38159,8283.0,1.422319,0.0,0.0,0858
1752454375433,POPCAT,B,Open Long,0.38159,10430.0,1.790992,0.0,8283.0,0858
1752454375433,POPCAT,B,Open Long,0.38164,5505.0,0.945417,0.0,18713.0,0858
1752454375433,POPCAT,B,Open Long,0.38165,273.0,0.046885,0.0,24218.0,0858
1752454375433,POPCAT,B,Open Long,0.38166,2733.0,0.469384,0.0,24491.0,0858
1752454375433,POPCAT,B,Open Long,0.38166,7566.0,1.299437,0.0,27224.0,0858
1752454375433,POPCAT,B,Open Long,0.3817,273.0,0.046891,0.0,34790.0,0858
1752454375433,POPCAT,B,Open Long,0.38174,273.0,0.046896,0.0,35063.0,0858
1752454375433,POPCAT,B,Open Long,0.38174,758.0,0.130211,0.0,35336.0,0858
1752454375433,POPCAT,B,Open Long,0.38179,273.0,0.046902,0.0,36094.0,0858
1752454375433,POPCAT,B,Open Long,0.38179,5352.0,0.919503,0.0,36367.0,0858
1752454375433,POPCAT,B,Open Long,0.38181,3981.0,0.683993,0.0,41719.0,0858
1752454375433,POPCAT,B,Open Long,0.38182,2733.0,0.469581,0.0,45700.0,0858
1752454375433,POPCAT,B,Open Long,0.38182,2734.0,0.469753,0.0,48433.0,0858
1752454375433,POPCAT,B,Open Long,0.38183,1989.0,0.341756,0.0,51167.0,0858
1752454375433,POPCAT,B,Open Long,0.38183,712.0,0.122338,0.0,53156.0,0858
1752454375433,POPCAT,B,Open Long,0.38183,802.0,0.137802,0.0,53868.0,0858
1752454375433,POPCAT,B,Open Long,0.38184,873.0,0.150005,0.0,54670.0,0858
1752454375433,POPCAT,B,Open Long,0.38184,273.0,0.046909,0.0,55543.0,0858
1752454375433,POPCAT,B,Open Long,0.38186,873.0,0.150013,0.0,55816.0,0858
1752454375433,POPCAT,B,Open Long,0.38186,873.0,0.150013,0.0,56689.0,0858
1752454375433,POPCAT,B,Open Long,0.38186,2389.0,0.410518,0.0,57562.0,0858
1752454375433,POPCAT,B,Open Long,0.38187,5567.0,0.956641,0.0,59951.0,0858
1752455202679,ADA,B,Open Long,0.74488,534.0,0.178994,0.0,0.0,0859
1752455202679,ADA,B,Open Long,0.74498,6874.0,2.304446,0.0,534.0,0859
1752455202679,ADA,B,Open Long,0.74498,688.0,0.230645,0.0,7408.0,0859
1752455202679,ADA,B,Open Long,0.74498,2400.0,0.804578,0.0,8096.0,0859
1752455202679,ADA,B,Open Long,0.74499,23084.0,7.738807,0.0,10496.0,0859
1752460292930,XRP,A,Close Long,2.8826,17607.0,7.61309,726.253536,17607.0,0860
1752460310932,ADA,A,Close Long,0.75768,894.0,0.304814,11.34933,33580.0,0862
1752460311652,POPCAT,A,Close Long,0.39677,5631.0,0.335131,84.769074,65518.0,0861
1752460311744,POPCAT,A,Close Long,0.39677,1280.0,0.076179,19.26912,59887.0,0861
1752460311852,POPCAT,A,Close Long,0.39677,2340.0,0.139266,35.22636,58607.0,0861
1752460311852,POPCAT,A,Close Long,0.39677,3597.0,0.214077,54.149238,56267.0,0861
1752460311852,POPCAT,A,Close Long,0.39677,7423.0,0.441783,111.745842,52670.0,0861
1752460311852,POPCAT,A,Close Long,0.39677,1506.0,0.08963,22.671324,45247.0,0861
1752460312148,ADA,A,Close Long,0.75765,9960.0,1.131929,126.1434,32686.0,0862
1752460312148,ADA,A,Close Long,0.75765,21451.0,2.437852,271.676915,22726.0,0862
1752460312349,ADA,A,Close Long,0.75765,1275.0,0.1449,16.147875,1275.0,0862
1752460312349,POPCAT,A,Close Long,0.39677,537.0,0.031959,8.083998,43741.0,0861
1752460312515,POPCAT,A,Close Long,0.39677,7000.0,0.416608,105.378,43204.0,0861
1752460312515,POPCAT,A,Close Long,0.39677,6822.0,0.406014,102.698388,36204.0,0861
1752460312619,POPCAT,A,Close Long,0.39677,16225.0,0.965638,244.25115,29382.0,0861
1752460312619,POPCAT,A,Close Long,0.39676,4059.0,0.724701,61.063596,13157.0,0863
1752460312619,POPCAT,A,Close Long,0.39676,9098.0,1.624375,136.870312,9098.0,0863
1752460745813,ADA,B,Open Long,0.75624,433.0,0.147353,0.0,0.0,0864
1752460745813,ADA,B,Open Long,0.75624,490.0,0.16675,0.0,433.0,0864
1752460745813,ADA,B,Open Long,0.75627,1486.0,0.505717,0.0,923.0,0864
1752460745813,ADA,B,Open Long,0.75629,1486.0,0.505731,0.0,2409.0,0864
1752460745813,ADA,B,Open Long,0.75629,5509.0,1.87488,0.0,3895.0,0864
1752460745813,ADA,B,Open Long,0.75631,655.0,0.222922,0.0,9404.0,0864
1752460745813,ADA,B,Open Long,0.75631,22987.0,7.823384,0.0,10059.0,0864
1752460916325,XRP,B,Open Long,2.8875,8.0,0.003464,0.0,0.0,0866
1752460917642,XRP,B,Open Long,2.8875,920.0,0.398474,0.0,8.0,0866
1752460985665,kPEPE,B,Open Long,0.012742,521514.0,2.990309,0.0,0.0,0869
1752460985665,kPEPE,B,Open Long,0.012742,617173.0,3.538808,0.0,521514.0,0869
1752460985665,kPEPE,B,Open Long,0.012742,26806.0,0.153702,0.0,1138687.0,0869
1752460985665,kPEPE,B,Open Long,0.012743,11993.0,0.068772,0.0,1165493.0,0869
1752461025405,XRP,B,Open Long,2.8854,961.0,0.41593,0.0,928.0,0867
1752461050808,XRP,B,Open Long,2.8832,995.0,0.430317,0.0,1889.0,0868
1752461340301,kPEPE,A,Close Long,0.012675,78892.0,0.44998,-5.285764,1177486.0,0870
1752461340301,kPEPE,A,Close Long,0.012675,47961.0,0.273557,-3.213387,1098594.0,0870
1752461340301,kPEPE,A,Close Long,0.012675,78892.0,0.44998,-5.285764,1050633.0,0870
1752461340301,kPEPE,A,Close Long,0.012675,78892.0,0.44998,-5.285764,971741.0,0870
1752461340301,kPEPE,A,Close Long,0.012675,78892.0,0.44998,-5.285764,892849.0,0870
1752461340301,kPEPE,A,Close Long,0.012675,78892.0,0.44998,-5.285764,813957.0,0870
1752461341606,XRP,A,Close Long,2.8895,2884.0,3.749993,12.066656,2884.0,0871
1752461342318,kPEPE,A,Close Long,0.012675,705664.0,1.341643,-47.279488,735065.0,0870
1752461342396,kPEPE,A,Close Long,0.012675,29401.0,0.055898,-1.969867,29401.0,0870
1752461347822,ADA,A,Close Long,0.75354,6874.0,2.330925,-18.985988,33046.0,0865
1752461347822,ADA,A,Close Long,0.75352,7078.0,2.400036,-19.690996,26172.0,0865
1752461347822,ADA,A,Close Long,0.75346,948.0,0.321426,-2.694216,19094.0,0865
1752461347822,ADA,A,Close Long,0.75346,870.0,0.294979,-2.47254,18146.0,0865
1752461347822,ADA,A,Close Long,0.75344,5516.0,1.870188,-15.786792,17276.0,0865
1752461347822,ADA,A,Close Long,0.75342,655.0,0.22207,-1.88771,11760.0,0865
1752461347822,ADA,A,Close Long,0.75337,1713.0,0.580735,-5.022516,11105.0,0865
1752461347822,ADA,A,Close Long,0.75334,1983.0,0.672242,-5.873646,9392.0,0865
1752461347822,ADA,A,Close Long,0.75334,5517.0,1.870279,-16.341354,7409.0,0865
1752461347822,ADA,A,Close Long,0.75333,1892.0,0.641385,-5.623024,1892.0,0865
1752462246612,XRP,B,Open Long,2.9018,9977.0,13.028066,0.0,0.0,0872
1752462246612,XRP,B,Open Long,2.9018,5169.0,6.749731,0.0,9977.0,0872
1752462246612,XRP,B,Open Long,2.9018,12.0,0.015669,0.0,15146.0,0872
1752462246612,XRP,B,Open Long,2.9018,345.0,0.450504,0.0,15158.0,0872
1752462246612,XRP,B,Open Long,2.9018,345.0,0.450504,0.0,15503.0,0872
1752462246612,XRP,B,Open Long,2.9018,7016.0,9.161562,0.0,15848.0,0872
1752462246612,XRP,B,Open Long,2.9018,168.0,0.219376,0.0,22864.0,0872
1752462246612,XRP,B,Open Long,2.9018,345.0,0.450504,0.0,23032.0,0872
1752462246612,XRP,B,Open Long,2.9018,150.0,0.195871,0.0,23377.0,0872
1752462246612,XRP,B,Open Long,2.9018,688.0,0.898397,0.0,23527.0,0872
1752462246612,XRP,B,Open Long,2.9018,69.0,0.0901,0.0,24215.0,0872
1752462246612,XRP,B,Open Long,2.9019,30.0,0.039175,0.0,24284.0,0872
1752462246612,XRP,B,Open Long,2.9019,345.0,0.450519,0.0,24314.0,0872
1752462246612,XRP,B,Open Long,2.9019,410.0,0.5354,0.0,24659.0,0872
1752462246612,XRP,B,Open Long,2.9019,69.0,0.090103,0.0,25069.0,0872
1752462246612,XRP,B,Open Long,2.9019,311.0,0.40612,0.0,25138.0,0872
1752462246612,XRP,B,Open Long,2.9019,400.0,0.522342,0.0,25449.0,0872
1752464513866,XRP,A,Close Long,2.9258,1066.0,1.403506,25.577604,25849.0,0873
1752464513866,XRP,A,Close Long,2.9258,90.0,0.118494,2.15946,24783.0,0873
1752464513866,XRP,A,Close Long,2.9258,286.0,0.37655,6.862284,24693.0,0873
1752464513866,XRP,A,Close Long,2.9258,3283.0,4.32243,78.772302,24407.0,0873
1752464513866,XRP,A,Close Long,2.9258,342.0,0.45028,8.205948,21124.0,0873
1752464513866,XRP,A,Close Long,2.9258,342.0,0.45028,8.205948,20782.0,0873
1752464513866,XRP,A,Close Long,2.9258,342.0,0.45028,8.205948,20440.0,0873
1752464513866,XRP,A,Close Long,2.9258,342.0,0.45028,8.205948,20098.0,0873
1752464513866,XRP,A,Close Long,2.9258,4000.0,5.26644,95.976,19756.0,0873
1752464513866,XRP,A,Close Long,2.9258,4500.0,5.924745,107.973,15756.0,0873
1752464513866,XRP,A,Close Long,2.9258,342.0,0.45028,8.205948,11256.0,0873
1752464513866,XRP,A,Close Long,2.9258,90.0,0.118494,2.15946,10914.0,0873
1752464513866,XRP,A,Close Long,2.9258,5000.0,6.58305,119.97,10824.0,0873
1752464513866,XRP,A,Close Long,2.9258,683.0,0.899244,16.387902,5824.0,0873
1752464513866,XRP,A,Close Long,2.9258,2198.0,2.893908,52.738812,5141.0,0873
1752464513866,XRP,A,Close Long,2.9258,2943.0,3.874783,70.614342,2943.0,0873
1752464556437,ADA,B,Open Long,0.76567,2650.0,0.913061,0.0,0.0,0874
1752464556437,ADA,B,Open Long,0.76567,1326.0,0.456875,0.0,2650.0,0874
1752464556437,ADA,B,Open Long,0.76571,655.0,0.225693,0.0,3976.0,0874
1752464556437,ADA,B,Open Long,0.76571,6543.0,2.254518,0.0,4631.0,0874
1752464556437,ADA,B,Open Long,0.76571,5150.0,1.774532,0.0,11174.0,0874
1752464628903,ADA,A,Close Long,0.76673,18.0,0.00621,0.01854,16324.0,0875
1752464628903,ADA,A,Close Long,0.76634,6234.0,2.149813,3.98976,16306.0,0875
1752464628903,ADA,A,Close Long,0.76633,7003.0,2.414974,4.41189,10072.0,0875
1752464628903,ADA,A,Close Long,0.7663,3069.0,1.058298,1.8414,3069.0,0875
1752500968400,ADA,B,Open Long,0.75981,1948.0,0.666049,0.0,0.0,0876
1752500968400,ADA,B,Open Long,0.75987,414.0,0.141563,0.0,1948.0,0876
1752500968400,ADA,B,Open Long,0.75988,1486.0,0.508131,0.0,2362.0,0876
1752500968400,ADA,B,Open Long,0.75989,1486.0,0.508138,0.0,3848.0,0876
1752500968400,ADA,B,Open Long,0.7599,678.0,0.231845,0.0,5334.0,0876
1752500968400,ADA,B,Open Long,0.75997,441.0,0.150816,0.0,6012.0,0876
1752500968400,ADA,B,Open Long,0.75997,506.0,0.173045,0.0,6453.0,0876
1752500968400,ADA,B,Open Long,0.76022,655.0,0.224074,0.0,6959.0,0876
1752500968400,ADA,B,Open Long,0.76023,1974.0,0.675312,0.0,7614.0,0876
1752500968400,ADA,B,Open Long,0.76024,4761.0,1.628776,0.0,9588.0,0876
1752500968400,ADA,B,Open Long,0.76024,9060.0,3.099498,0.0,14349.0,0876
1752500968400,ADA,B,Open Long,0.76042,655.0,0.224133,0.0,23409.0,0876
1752500968400,ADA,B,Open Long,0.76051,1644.0,0.562625,0.0,24064.0,0876
1752500968400,ADA,B,Open Long,0.76052,1974.0,0.675569,0.0,25708.0,0876
1752500968400,ADA,B,Open Long,0.76066,655.0,0.224204,0.0,27682.0,0876
1752500968400,ADA,B,Open Long,0.76068,4527.0,1.549619,0.0,28337.0,0876
1752501008154,XRP,B,Open Long,3.0264,77.0,0.104864,0.0,0.0,0877
1752501008154,XRP,B,Open Long,3.0264,4000.0,5.44752,0.0,77.0,0877
1752501008154,XRP,B,Open Long,3.0265,388.0,0.528426,0.0,4077.0,0877
1752501008154,XRP,B,Open Long,3.0266,2946.0,4.012363,0.0,4465.0,0877
1752501008154,XRP,B,Open Long,3.0267,330.0,0.449464,0.0,7411.0,0877
1752501008154,XRP,B,Open Long,3.0269,330.0,0.449494,0.0,7741.0,0877
1752501008154,XRP,B,Open Long,3.0271,229.0,0.311942,0.0,8071.0,0877
1752501008154,XRP,B,Open Long,3.0272,1001.0,1.363602,0.0,8300.0,0877
1752501008154,XRP,B,Open Long,3.0273,330.0,0.449554,0.0,9301.0,0877
1752501008154,XRP,B,Open Long,3.0275,229.0,0.311983,0.0,9631.0,0877
1752501008154,XRP,B,Open Long,3.0275,330.0,0.449583,0.0,9860.0,0877
1752501008154,XRP,B,Open Long,3.0275,22836.0,31.111195,0.0,10190.0,0877
1752501120723,ADA,A,Close Long,0.75792,1341.0,0.152455,-3.143304,32864.0,0878
1752501120774,ADA,A,Close Long,0.75792,3959.0,0.45009,-9.279896,31523.0,0878
1752501120995,ADA,A,Close Long,0.75792,3944.0,0.448385,-9.244736,27564.0,0878
1752501121666,ADA,A,Close Long,0.75792,3435.0,0.390518,-8.05164,23620.0,0878
1752501123557,ADA,A,Close Long,0.75792,1136.0,0.129149,-2.662784,20185.0,0878
1752501123557,ADA,A,Close Long,0.75792,2608.0,0.296498,-6.113152,19049.0,0878
1752501216175,ADA,A,Close Long,0.75877,2400.0,0.273157,-3.5856,16441.0,0879
1752501216175,ADA,A,Close Long,0.75877,6880.0,0.78305,-10.27872,14041.0,0879
1752501217533,ADA,A,Close Long,0.75877,7161.0,0.815032,-10.698534,7161.0,0879
1752501373018,XRP,A,Close Long,3.0212,11446.0,5.187098,-69.179624,33026.0,0880
1752501400743,XRP,B,Open Long,3.0136,1343.0,1.821269,0.0,21580.0,0881
1752501411625,XRP,A,Close Long,3.0137,2934.0,3.978988,-37.390896,22923.0,0894
1752501411625,XRP,A,Close Long,3.0137,332.0,0.450246,-4.231008,19989.0,0894
1752501411625,XRP,A,Close Long,3.0136,2100.0,2.847852,-26.9724,19657.0,0894
1752501411625,XRP,A,Close Long,3.0135,678.0,0.919418,-8.776032,17557.0,0894
1752501411625,XRP,A,Close Long,3.0135,12992.0,17.618126,-168.168448,16879.0,0894
1752501411625,XRP,A,Close Long,3.0135,332.0,0.450216,-4.297408,3887.0,0894
1752501411625,XRP,A,Close Long,3.0133,332.0,0.450187,-4.363808,3555.0,0894
1752501411625,XRP,A,Close Long,3.0133,150.0,0.203397,-1.9716,3223.0,0894
1752501411625,XRP,A,Close Long,3.0131,332.0,0.450157,-4.430208,3073.0,0894
1752501411625,XRP,A,Close Long,3.0131,2741.0,3.716508,-36.575904,2741.0,0894
1752501492147,XRP,B,Open Long,3.0113,664.0,0.299925,0.0,0.0,0882
1752501492147,XRP,B,Open Long,3.0113,714.0,0.32251,0.0,664.0,0882
1752501513354,XRP,B,Open Long,3.0076,130.0,0.058648,0.0,1378.0,0883
1752501513451,XRP,B,Open Long,3.0076,333.0,0.150229,0.0,1508.0,0883
1752501513928,XRP,B,Open Long,3.0076,35.0,0.015789,0.0,1841.0,0883
1752501513928,XRP,B,Open Long,3.0076,333.0,0.150229,0.0,1876.0,0883
1752501513928,XRP,B,Open Long,3.0076,583.0,0.263014,0.0,2209.0,0883
1752503151593,XRP,B,Open Long,3.0039,428.0,0.19285,0.0,2792.0,0884
1752503151593,XRP,B,Open Long,3.0039,1021.0,0.460047,0.0,3220.0,0884
1752503157923,XRP,B,Open Long,3.0003,1484.0,0.667866,0.0,4241.0,0885
1752503207455,XRP,B,Open Long,2.9966,125.0,0.056186,0.0,5725.0,0886
1752503207557,XRP,B,Open Long,2.9966,9.0,0.004045,0.0,5850.0,0886
1752503208570,XRP,B,Open Long,2.9966,354.0,0.159119,0.0,5859.0,0886
1752503209683,XRP,B,Open Long,2.9966,10.0,0.004494,0.0,6213.0,0886
1752503209742,XRP,B,Open Long,2.9966,752.0,0.338016,0.0,6223.0,0886
1752503209742,XRP,B,Open Long,2.9966,270.0,0.121362,0.0,6975.0,0886
1752503217031,XRP,B,Open Long,2.9929,1555.0,0.698093,0.0,7245.0,0887
1752503221918,XRP,B,Open Long,2.9892,1590.0,0.712924,0.0,8800.0,0888
1752503233239,XRP,B,Open Long,2.9855,291.0,0.130317,0.0,10390.0,0889
1752503233344,XRP,B,Open Long,2.9855,1335.0,0.597846,0.0,10681.0,0889
1752503234916,XRP,B,Open Long,2.9818,1661.0,0.742915,0.0,12016.0,0890
1752503235228,XRP,B,Open Long,2.9782,1696.0,0.757654,0.0,13677.0,0891
1752503632064,XRP,B,Open Long,2.9745,1732.0,0.772775,0.0,15373.0,0892
1752507170828,XRP,A,Close Long,2.9942,17104.0,7.681919,36.705184,17105.0,0895
1752507214398,XRP,A,Close Long,2.9909,1.0,0.001345,-0.001154,1.0,0896
1752507913741,XRP,B,Open Long,2.9634,386.0,0.17158,0.0,0.0,0893
1752507914354,XRP,B,Open Long,2.9634,1452.0,0.645428,0.0,386.0,0893
1752508029714,XRP,B,Open Long,2.9649,337.0,0.449627,0.0,1838.0,0897
1752508029714,XRP,B,Open Long,2.9651,337.0,0.449657,0.0,2175.0,0897
1752508029714,XRP,B,Open Long,2.9651,1350.0,1.801298,0.0,2512.0,0897
1752508029714,XRP,B,Open Long,2.9651,1427.0,1.904038,0.0,3862.0,0897
1752508029714,XRP,B,Open Long,2.9651,4994.0,6.663469,0.0,5289.0,0897
1752508102958,XRP,A,Close Long,2.9511,219.0,0.29083,-2.997891,10283.0,0898
1752508102958,XRP,A,Close Long,2.951,278.0,0.36917,-3.833342,10064.0,0898
1752508102958,XRP,A,Close Long,2.951,40.0,0.053118,-0.55156,9786.0,0898
1752508102958,XRP,A,Close Long,2.9509,278.0,0.369157,-3.861142,9746.0,0898
1752508102958,XRP,A,Close Long,2.9508,278.0,0.369145,-3.888942,9468.0,0898
1752508102958,XRP,A,Close Long,2.9508,40.0,0.053114,-0.55956,9190.0,0898
1752508102958,XRP,A,Close Long,2.9507,278.0,0.369132,-3.916742,9150.0,0898
1752508102958,XRP,A,Close Long,2.9507,40.0,0.053112,-0.56356,8872.0,0898
1752508102958,XRP,A,Close Long,2.9506,278.0,0.36912,-3.944542,8832.0,0898
1752508102958,XRP,A,Close Long,2.9506,278.0,0.36912,-3.944542,8554.0,0898
1752508102958,XRP,A,Close Long,2.9506,278.0,0.36912,-3.944542,8276.0,0898
1752508102958,XRP,A,Close Long,2.9505,278.0,0.369107,-3.972342,7998.0,0898
1752508102958,XRP,A,Close Long,2.9505,40.0,0.053109,-0.57156,7720.0,0898
1752508102958,XRP,A,Close Long,2.9505,1239.0,1.645051,-17.704071,7680.0,0898
1752508102958,XRP,A,Close Long,2.9505,278.0,0.369107,-3.972342,6441.0,0898
1752508102958,XRP,A,Close Long,2.9505,278.0,0.369107,-3.972342,6163.0,0898
1752508102958,XRP,A,Close Long,2.9504,278.0,0.369095,-4.000142,5885.0,0898
1752508102958,XRP,A,Close Long,2.9504,278.0,0.369095,-4.000142,5607.0,0898
1752508102958,XRP,A,Close Long,2.9504,278.0,0.369095,-4.000142,5329.0,0898
1752508102958,XRP,A,Close Long,2.9504,40.0,0.053107,-0.57556,5051.0,0898
1752508102958,XRP,A,Close Long,2.9504,5011.0,6.653004,-72.103279,5011.0,0898
1752508152966,XRP,B,Open Long,2.9334,79.0,0.104282,0.0,0.0,0899
1752508152966,XRP,B,Open Long,2.9334,150.0,0.198004,0.0,79.0,0899
1752508152966,XRP,B,Open Long,2.9334,150.0,0.198004,0.0,229.0,0899
1752508152966,XRP,B,Open Long,2.9335,150.0,0.198011,0.0,379.0,0899
1752508152966,XRP,B,Open Long,2.9335,136.0,0.17953,0.0,529.0,0899
1752508241420,XRP,B,Open Long,2.942,4.0,0.005295,0.0,665.0,0900
1752508241420,XRP,B,Open Long,2.9424,336.0,0.44489,0.0,669.0,0900
1752508241420,XRP,B,Open Long,2.9425,7315.0,9.685974,0.0,1005.0,0900
1752508322959,XRP,B,Open Long,2.93,288.0,0.126575,0.0,8320.0,0901
1752508324077,XRP,B,Open Long,2.9258,79.0,0.03467,0.0,8608.0,0902
1752508324077,XRP,B,Open Long,2.9258,225.0,0.098745,0.0,8687.0,0902
1752508334178,XRP,B,Open Long,2.9216,268.0,0.117448,0.0,8912.0,0903
1752508334178,XRP,B,Open Long,2.9216,51.0,0.02235,0.0,9180.0,0903
1752508341934,XRP,B,Open Long,2.9174,334.0,0.146161,0.0,9231.0,0904
1752508343284,XRP,B,Open Long,2.9132,349.0,0.152506,0.0,9565.0,0905
1752509123603,XRP,B,Open Long,2.935,67.0,0.029496,0.0,9914.0,0906
1752509123944,XRP,B,Open Long,2.935,161.0,0.07088,0.0,9981.0,0906
1752509130864,XRP,B,Open Long,2.9325,135.0,0.059383,0.0,10142.0,0907
1752509131403,XRP,B,Open Long,2.9325,118.0,0.051905,0.0,10277.0,0907
1752509135056,XRP,B,Open Long,2.93,6.0,0.002636,0.0,10395.0,0908
1752509135056,XRP,B,Open Long,2.93,133.0,0.058453,0.0,10401.0,0908
1752509135374,XRP,B,Open Long,2.93,139.0,0.06109,0.0,10534.0,0908
1752509319807,XRP,B,Open Long,2.9275,304.0,0.133494,0.0,10673.0,0909
1752509474381,XRP,B,Open Long,2.925,329.0,0.144348,0.0,10977.0,0910
1752509527021,XRP,B,Open Long,2.9225,310.0,0.135896,0.0,11306.0,0911
1752509531640,XRP,B,Open Long,2.9225,44.0,0.019288,0.0,11616.0,0911
1752510386486,ADA,B,Open Long,0.74052,2027.0,0.675465,0.0,0.0,0912
1752510386486,ADA,B,Open Long,0.74053,25556.0,8.516243,0.0,2027.0,0912
1752510386486,ADA,B,Open Long,0.74054,643.0,0.214275,0.0,27583.0,0912
1752510386486,ADA,B,Open Long,0.74054,719.0,0.239601,0.0,28226.0,0912
1752510386486,ADA,B,Open Long,0.74056,658.0,0.219279,0.0,28945.0,0912
1752510386486,ADA,B,Open Long,0.74059,2635.0,0.878154,0.0,29603.0,0912
1752510386486,ADA,B,Open Long,0.7406,1540.0,0.513235,0.0,32238.0,0912
1752510561411,ADA,A,Close Long,0.74049,67.0,0.007441,-0.003216,33778.0,0914
1752510563505,ADA,A,Close Long,0.74049,766.0,0.085082,-0.036768,33711.0,0914
1752510563505,ADA,A,Close Long,0.74049,1054.0,0.117071,-0.050592,32945.0,0914
1752510563505,ADA,A,Close Long,0.74049,997.0,0.11074,-0.047856,31891.0,0914
1752510563505,ADA,A,Close Long,0.74049,1208.0,0.134176,-0.057984,30894.0,0914
1752510563505,ADA,A,Close Long,0.74049,1160.0,0.128845,-0.05568,29686.0,0914
1752510563505,ADA,A,Close Long,0.74049,2006.0,0.222813,-0.096288,28526.0,0914
1752510565929,ADA,A,Close Long,0.74049,3460.0,0.384314,-0.16608,26520.0,0914
1752510565929,ADA,A,Close Long,0.74049,2811.0,0.312227,-0.134928,23060.0,0914
1752510565929,ADA,A,Close Long,0.74049,6838.0,0.75952,-0.328224,20249.0,0914
1752510565929,ADA,A,Close Long,0.74049,1231.0,0.136731,-0.059088,13411.0,0914
1752510566056,ADA,A,Close Long,0.74049,1523.0,0.169164,-0.073104,12180.0,0914
1752510566056,ADA,A,Close Long,0.74049,1166.0,0.129511,-0.055968,10657.0,0914
1752510566056,ADA,A,Close Long,0.74049,2966.0,0.329444,-0.142368,9491.0,0914
1752510566127,ADA,A,Close Long,0.74049,829.0,0.092079,-0.039792,6525.0,0914
1752510566127,ADA,A,Close Long,0.74049,1428.0,0.158612,-0.068544,5696.0,0914
1752510566127,ADA,A,Close Long,0.74049,803.0,0.089192,-0.038544,4268.0,0914
1752510566127,ADA,A,Close Long,0.74049,3345.0,0.37154,-0.16056,3465.0,0914
1752510566127,ADA,A,Close Long,0.74049,119.0,0.013217,-0.005712,120.0,0914
1752511966775,kPEPE,B,Open Long,0.012374,29934.0,0.166681,0.0,0.0,0924
1752511966775,kPEPE,B,Open Long,0.012374,1368783.0,7.621794,0.0,29934.0,0924
1752511966775,kPEPE,B,Open Long,0.012374,72828.0,0.405528,0.0,1398717.0,0924
1752511966775,kPEPE,B,Open Long,0.012375,502734.0,2.799599,0.0,1471545.0,0924
1752512505213,XRP,B,Open Long,2.985,242.0,0.108355,0.0,11660.0,0926
1752512528867,XRP,B,Open Long,2.9818,261.0,0.116737,0.0,11902.0,0927
1752512675015,XRP,B,Open Long,2.9787,6.0,0.00268,0.0,12163.0,0928
1752512676734,XRP,B,Open Long,2.9787,173.0,0.077297,0.0,12169.0,0928
1752512676734,XRP,B,Open Long,2.9787,101.0,0.045127,0.0,12342.0,0928
1752512687173,XRP,B,Open Long,2.9755,299.0,0.133451,0.0,12443.0,0929
1752513018194,XRP,B,Open Long,2.9724,318.0,0.141783,0.0,12742.0,0930
1752513326298,XRP,B,Open Long,2.9692,50.0,0.022268,0.0,13060.0,0931
1752513326298,XRP,B,Open Long,2.9692,287.0,0.127824,0.0,13110.0,0931
1752513597597,XRP,B,Open Long,2.9661,356.0,0.158389,0.0,13397.0,0932
1752513638024,XRP,B,Open Long,2.9629,375.0,0.166663,0.0,13753.0,0933
1752513643965,XRP,B,Open Long,2.9597,395.0,0.175362,0.0,14128.0,0934
1752513746166,XRP,B,Open Long,2.9566,414.0,0.183604,0.0,14523.0,0935
1752513748208,XRP,B,Open Long,2.9534,433.0,0.191823,0.0,14937.0,0936
1752514010082,ADA,A,Close Long,0.73746,1.0,0.000331,-0.003078,1.0,0913
1752514022468,kPEPE,A,Close Long,0.012314,76904.0,0.426148,-4.61424,1974279.0,0925
1752514022468,kPEPE,A,Close Long,0.01231,162452.0,0.899902,-10.396928,1897375.0,0925
1752514022468,kPEPE,A,Close Long,0.012308,289843.0,1.605324,-19.129638,1734923.0,0925
1752514022468,kPEPE,A,Close Long,0.012307,458933.0,2.541639,-30.748511,1445080.0,0925
1752514022468,kPEPE,A,Close Long,0.012306,894.0,0.00495,-0.060792,986147.0,0925
1752514022468,kPEPE,A,Close Long,0.012306,458933.0,2.541433,-31.207444,985253.0,0925
1752514022468,kPEPE,A,Close Long,0.012306,275076.0,1.523288,-18.705168,526320.0,0925
1752514022468,kPEPE,A,Close Long,0.012306,251244.0,1.391313,-17.084592,251244.0,0925
1752514045142,ADA,B,Open Long,0.7367,710.0,0.078458,0.0,0.0,0915
1752514045142,ADA,B,Open Long,0.7367,1561.0,0.172498,0.0,710.0,0915
1752514629565,XRP,B,Open Long,2.9503,452.0,0.20003,0.0,15370.0,0937
1752514746753,XRP,B,Open Long,2.9471,471.0,0.208212,0.0,15822.0,0938
1752514752655,XRP,B,Open Long,2.9439,490.0,0.216376,0.0,16293.0,0939
1752514788149,XRP,B,Open Long,2.9408,509.0,0.22453,0.0,16783.0,0940
1752514973937,ADA,B,Open Long,0.73612,1349.0,0.148953,0.0,2271.0,0916
1752515197803,ADA,B,Open Long,0.73612,881.0,0.097278,0.0,3620.0,0916
1752515197803,ADA,B,Open Long,0.73612,293.0,0.032352,0.0,4501.0,0916
1752516538702,ADA,B,Open Long,0.73554,68.0,0.007502,0.0,4794.0,0917
1752516541543,ADA,B,Open Long,0.73554,1018.0,0.112316,0.0,4862.0,0917
1752516542187,ADA,B,Open Long,0.73554,1690.0,0.186459,0.0,5880.0,0917
1752516577437,ADA,B,Open Long,0.73497,3028.0,0.333823,0.0,7570.0,0918
1752518171333,XRP,B,Open Long,2.9376,528.0,0.232657,0.0,17292.0,0941
1752518174420,XRP,B,Open Long,2.9345,547.0,0.240775,0.0,17820.0,0942
1752518183612,XRP,B,Open Long,2.9313,67.0,0.029459,0.0,18367.0,0943
1752518184026,XRP,B,Open Long,2.9313,24.0,0.010552,0.0,18434.0,0943
1752518187377,XRP,B,Open Long,2.9313,289.0,0.127071,0.0,18458.0,0943
1752518188767,XRP,B,Open Long,2.9313,187.0,0.082222,0.0,18747.0,0943
1752518199540,ADA,B,Open Long,0.73439,3280.0,0.361319,0.0,10598.0,0919
1752518202677,ADA,B,Open Long,0.73381,3533.0,0.388882,0.0,13878.0,0920
1752518208064,XRP,B,Open Long,2.9282,586.0,0.257388,0.0,18934.0,0944
1752518222170,ADA,B,Open Long,0.73323,3076.0,0.338312,0.0,17411.0,0921
1752518222321,ADA,B,Open Long,0.73323,709.0,0.077979,0.0,20487.0,0921
1752518228172,ADA,B,Open Long,0.73266,4038.0,0.443772,0.0,21196.0,0922
1752519119335,XRP,B,Open Long,2.925,605.0,0.265443,0.0,19520.0,0945
1752519138321,ADA,A,Close Long,0.73195,6543.0,2.155116,-16.252812,25234.0,0946
1752519138321,ADA,A,Close Long,0.73195,655.0,0.215742,-1.62702,18691.0,0946
1752519138321,ADA,A,Close Long,0.73189,5225.0,1.720856,-13.2924,18036.0,0946
1752519138321,ADA,A,Close Long,0.73189,12143.0,3.999303,-30.891792,12811.0,0946
1752519138321,ADA,A,Close Long,0.73188,667.0,0.219673,-1.703518,668.0,0946
1752519304892,ADA,A,Close Long,0.73156,1.0,0.000329,-0.002874,1.0,0947
1752523467193,XRP,A,Close Long,2.9152,57.0,0.074774,-1.557639,20125.0,0949
1752523467193,XRP,A,Close Long,2.9152,147.0,0.19284,-4.017069,20068.0,0949
1752523467193,XRP,A,Close Long,2.9152,343.0,0.449961,-9.373161,19921.0,0949
1752523467193,XRP,A,Close Long,2.9152,5145.0,6.749416,-140.597415,19578.0,0949
1752523467193,XRP,A,Close Long,2.9152,343.0,0.449961,-9.373161,14433.0,0949
1752523467193,XRP,A,Close Long,2.9152,343.0,0.449961,-9.373161,14090.0,0949
1752523467193,XRP,A,Close Long,2.9152,343.0,0.449961,-9.373161,13747.0,0949
1752523467193,XRP,A,Close Long,2.9152,262.0,0.343702,-7.159674,13404.0,0949
1752523467193,XRP,A,Close Long,2.9152,343.0,0.449961,-9.373161,13142.0,0949
1752523467193,XRP,A,Close Long,2.9152,253.0,0.331895,-6.913731,12799.0,0949
1752523467193,XRP,A,Close Long,2.9152,150.0,0.196776,-4.09905,12546.0,0949
1752523467193,XRP,A,Close Long,2.9152,150.0,0.196776,-4.09905,12396.0,0949
1752523467193,XRP,A,Close Long,2.9152,4500.0,5.90328,-122.9715,12246.0,0949
1752523467193,XRP,A,Close Long,2.9152,852.0,1.117687,-23.282604,7746.0,0949
1752523467193,XRP,A,Close Long,2.9152,3430.0,4.499611,-93.73161,6894.0,0949
1752523467193,XRP,A,Close Long,2.9152,784.0,1.028482,-21.424368,3464.0,0949
1752523467193,XRP,A,Close Long,2.9152,2265.0,2.971317,-61.895655,2680.0,0949
1752523467193,XRP,A,Close Long,2.9152,414.0,0.543101,-11.313378,415.0,0949
1752523531301,XRP,A,Close Long,2.9139,1.0,0.001311,-0.028627,1.0,0948
1752524138739,kPEPE,B,Open Long,0.0121,63935.0,0.116042,0.0,0.0,0923
1752525075417,XRP,B,Open Long,2.9087,3611.0,4.726492,0.0,0.0,0950
1752525075417,XRP,B,Open Long,2.9087,344.0,0.450266,0.0,3611.0,0950
1752525075417,XRP,B,Open Long,2.9087,307.0,0.401836,0.0,3955.0,0950
1752525075417,XRP,B,Open Long,2.9088,4.0,0.005235,0.0,4262.0,0950
1752525075417,XRP,B,Open Long,2.9091,336.0,0.439855,0.0,4266.0,0950
1752525075417,XRP,B,Open Long,2.9092,4.0,0.005236,0.0,4602.0,0950
1752525075417,XRP,B,Open Long,2.9092,12586.0,16.476836,0.0,4606.0,0950
1752538024063,XRP,A,Close Long,2.9521,9.0,0.003985,0.387243,17192.0,0951
1752538131383,kPEPE,A,Close Long,0.012176,45287.0,0.248136,3.441812,63935.0,0952
1752538132794,XRP,A,Close Long,2.9483,2000.0,2.65347,78.454,17183.0,0953
1752538132794,XRP,A,Close Long,2.9483,5087.0,6.7491,199.547749,15183.0,0953
1752538132794,XRP,A,Close Long,2.9483,102.0,0.135326,4.001154,10096.0,0953
1752538132794,XRP,A,Close Long,2.9483,339.0,0.449763,13.297953,9994.0,0953
1752538132794,XRP,A,Close Long,2.9483,68.0,0.090217,2.667436,9655.0,0953
1752538132794,XRP,A,Close Long,2.9483,2391.0,3.172223,93.791757,9587.0,0953
1752538132794,XRP,A,Close Long,2.9483,286.0,0.379446,11.218922,7196.0,0953
1752538132794,XRP,A,Close Long,2.9483,4500.0,5.970307,176.5215,6910.0,0953
1752538132794,XRP,A,Close Long,2.9483,1275.0,1.691587,50.014425,2410.0,0953
1752538132794,XRP,A,Close Long,2.9483,339.0,0.449763,13.297953,1135.0,0953
1752538132794,XRP,A,Close Long,2.9483,796.0,1.056081,31.224692,796.0,0953
1752538133801,kPEPE,A,Close Long,0.012176,18648.0,0.034058,1.417248,18648.0,0952
1752591974349,FARTCOIN,B,Open Long,1.2015,3867.2,2.090898,0.0,0.0,0954
1752591974349,FARTCOIN,B,Open Long,1.2015,5823.8,3.148783,0.0,3867.2,0954
1752591974349,FARTCOIN,B,Open Long,1.2015,208.1,0.112514,0.0,9691.0,0954
1752591974349,FARTCOIN,B,Open Long,1.2015,1708.7,0.923851,0.0,9899.1,0954
1752591974349,FARTCOIN,B,Open Long,1.2015,56.7,0.030656,0.0,11607.8,0954
1752591974349,FARTCOIN,B,Open Long,1.2015,828.2,0.447787,0.0,11664.5,0954
1752591974349,FARTCOIN,B,Open Long,1.2015,117.4,0.063475,0.0,12492.7,0954
1752591974349,FARTCOIN,B,Open Long,1.2015,653.4,0.353277,0.0,12610.1,0954
1752591974349,FARTCOIN,B,Open Long,1.2015,831.4,0.449517,0.0,13263.5,0954
1752591974349,FARTCOIN,B,Open Long,1.2016,2622.0,1.417767,0.0,14094.9,0954
1752591974349,FARTCOIN,B,Open Long,1.2017,1477.6,0.799034,0.0,16716.9,0954
1752591974349,FARTCOIN,B,Open Long,1.2017,12.4,0.006705,0.0,18194.5,0954
1752591974349,FARTCOIN,B,Open Long,1.2017,2080.8,1.125223,0.0,18206.9,0954
1752591974349,FARTCOIN,B,Open Long,1.2018,16.6,0.008977,0.0,20287.7,0954
1752591974349,FARTCOIN,B,Open Long,1.2019,53.2,0.028773,0.0,20304.3,0954
1752591974349,FARTCOIN,B,Open Long,1.2019,20.8,0.011249,0.0,20357.5,0954
1752591974349,FARTCOIN,B,Open Long,1.2019,429.0,0.232026,0.0,20378.3,0954
1752592053812,XRP,B,Open Long,2.8701,146.0,0.188565,0.0,0.0,0955
1752592053812,XRP,B,Open Long,2.8701,150.0,0.193731,0.0,146.0,0955
1752592053812,XRP,B,Open Long,2.8701,150.0,0.193731,0.0,296.0,0955
1752592053812,XRP,B,Open Long,2.8701,150.0,0.193731,0.0,446.0,0955
1752592053812,XRP,B,Open Long,2.8701,150.0,0.193731,0.0,596.0,0955
1752592053812,XRP,B,Open Long,2.8701,150.0,0.193731,0.0,746.0,0955
1752592053812,XRP,B,Open Long,2.8701,150.0,0.193731,0.0,896.0,0955
1752592053812,XRP,B,Open Long,2.8701,4000.0,5.16618,0.0,1046.0,0955
1752592053812,XRP,B,Open Long,2.8701,4.0,0.005166,0.0,5046.0,0955
1752592053812,XRP,B,Open Long,2.8702,150.0,0.193738,0.0,5050.0,0955
1752592053812,XRP,B,Open Long,2.8702,150.0,0.193738,0.0,5200.0,0955
1752592053812,XRP,B,Open Long,2.8702,150.0,0.193738,0.0,5350.0,0955
1752592053812,XRP,B,Open Long,2.8702,349.0,0.450764,0.0,5500.0,0955
1752592053812,XRP,B,Open Long,2.8702,348.0,0.449473,0.0,5849.0,0955
1752592053812,XRP,B,Open Long,2.8702,150.0,0.193738,0.0,6197.0,0955
1752592053812,XRP,B,Open Long,2.8702,501.0,0.647086,0.0,6347.0,0955
1752592053812,XRP,B,Open Long,2.8702,924.0,1.193429,0.0,6848.0,0955
1752592053812,XRP,B,Open Long,2.8702,696.0,0.898946,0.0,7772.0,0955
1752592053812,XRP,B,Open Long,2.8703,150.0,0.193745,0.0,8468.0,0955
1752592053812,XRP,B,Open Long,2.8703,150.0,0.193745,0.0,8618.0,0955
1752592053812,XRP,B,Open Long,2.8703,150.0,0.193745,0.0,8768.0,0955
1752592053812,XRP,B,Open Long,2.8703,150.0,0.193745,0.0,8918.0,0955
1752592053812,XRP,B,Open Long,2.8703,4000.0,5.16654,0.0,9068.0,0955
1752592053812,XRP,B,Open Long,2.8703,924.0,1.19347,0.0,13068.0,0955
1752592053812,XRP,B,Open Long,2.8704,924.0,1.193512,0.0,13992.0,0955
1752592053812,XRP,B,Open Long,2.8704,349.0,0.450796,0.0,14916.0,0955
1752592053812,XRP,B,Open Long,2.8705,1057.0,1.365353,0.0,15265.0,0955
1752592053812,XRP,B,Open Long,2.8705,8.0,0.010333,0.0,16322.0,0955
1752592053812,XRP,B,Open Long,2.8705,1089.0,1.406688,0.0,16330.0,0955
1752593043671,XRP,A,Close Long,2.8709,150.0,0.193785,0.0969,17419.0,0956
1752593043671,XRP,A,Close Long,2.8709,150.0,0.193785,0.0969,17269.0,0956
1752593043671,XRP,A,Close Long,2.8709,150.0,0.193785,0.0969,17119.0,0956
1752593043671,XRP,A,Close Long,2.8709,150.0,0.193785,0.0969,16969.0,0956
1752593043671,XRP,A,Close Long,2.8708,73.0,0.094305,0.039858,16819.0,0956
1752593043671,XRP,A,Close Long,2.8708,150.0,0.193779,0.0819,16746.0,0956
1752593043671,XRP,A,Close Long,2.8708,150.0,0.193779,0.0819,16596.0,0956
1752593043671,XRP,A,Close Long,2.8708,150.0,0.193779,0.0819,16446.0,0956
1752593043671,XRP,A,Close Long,2.8708,150.0,0.193779,0.0819,16296.0,0956
1752593043671,XRP,A,Close Long,2.8707,150.0,0.193772,0.0669,16146.0,0956
1752593043671,XRP,A,Close Long,2.8707,150.0,0.193772,0.0669,15996.0,0956
1752593043671,XRP,A,Close Long,2.8707,150.0,0.193772,0.0669,15846.0,0956
1752593043671,XRP,A,Close Long,2.8707,150.0,0.193772,0.0669,15696.0,0956
1752593043671,XRP,A,Close Long,2.8706,73.0,0.094299,0.025258,15546.0,0956
1752593043671,XRP,A,Close Long,2.8706,150.0,0.193765,0.0519,15473.0,0956
1752593043671,XRP,A,Close Long,2.8706,150.0,0.193765,0.0519,15323.0,0956
1752593043671,XRP,A,Close Long,2.8706,150.0,0.193765,0.0519,15173.0,0956
1752593043671,XRP,A,Close Long,2.8706,150.0,0.193765,0.0519,15023.0,0956
1752593043671,XRP,A,Close Long,2.8705,73.0,0.094295,0.017958,14873.0,0956
1752593043671,XRP,A,Close Long,2.8705,150.0,0.193758,0.0369,14800.0,0956
1752593043671,XRP,A,Close Long,2.8705,150.0,0.193758,0.0369,14650.0,0956
1752593043671,XRP,A,Close Long,2.8705,150.0,0.193758,0.0369,14500.0,0956
1752593043671,XRP,A,Close Long,2.8705,150.0,0.193758,0.0369,14350.0,0956
1752593043671,XRP,A,Close Long,2.8705,4228.0,5.461413,1.040088,14200.0,0956
1752593043671,XRP,A,Close Long,2.8705,1923.0,2.483987,0.473058,9972.0,0956
1752593043671,XRP,A,Close Long,2.8704,150.0,0.193752,0.0219,8049.0,0956
1752593043671,XRP,A,Close Long,2.8704,150.0,0.193752,0.0219,7899.0,0956
1752593043671,XRP,A,Close Long,2.8704,150.0,0.193752,0.0219,7749.0,0956
1752593043671,XRP,A,Close Long,2.8704,150.0,0.193752,0.0219,7599.0,0956
1752593043671,XRP,A,Close Long,2.8704,7449.0,9.621724,1.087554,7449.0,0956
1752593064176,FARTCOIN,A,Close Long,1.2009,427.2,0.076953,-0.27768,20807.3,0957
1752593064176,FARTCOIN,A,Close Long,1.2009,212.1,0.038206,-0.137865,20380.1,0957
1752593064176,FARTCOIN,A,Close Long,1.2009,347.4,0.062578,-0.22581,20168.0,0957
1752593064262,FARTCOIN,A,Close Long,1.2009,847.3,0.152628,-0.550745,19820.6,0957
1752593064369,FARTCOIN,A,Close Long,1.2009,3271.8,0.589365,-2.12667,18973.3,0957
1752593064530,FARTCOIN,A,Close Long,1.2009,1189.8,0.214324,-0.77337,15701.5,0957
1752593064586,FARTCOIN,A,Close Long,1.2009,4233.2,0.762547,-2.75158,14511.7,0957
1752593064586,FARTCOIN,A,Close Long,1.2009,7827.3,1.40997,-5.087745,10278.5,0957
1752593064739,FARTCOIN,A,Close Long,1.2009,38.2,0.006881,-0.02483,2451.2,0957
1752593064829,FARTCOIN,A,Close Long,1.2009,410.2,0.073891,-0.26663,2413.0,0957
1752593065059,FARTCOIN,A,Close Long,1.2009,84.4,0.015203,-0.05486,2002.8,0957
1752593065059,FARTCOIN,A,Close Long,1.2009,517.6,0.093237,-0.33644,1918.4,0957
1752593065059,FARTCOIN,A,Close Long,1.2009,1400.7,0.252315,-0.910455,1400.8,0957
1752593070526,FARTCOIN,A,Close Long,1.2016,0.1,0.000054,0.000005,0.1,0958
1752593237099,FARTCOIN,B,Open Long,1.2078,43.3,0.023533,0.0,0.0,0959
1752593237099,FARTCOIN,B,Open Long,1.2079,254.8,0.138497,0.0,43.3,0959
1752593237099,FARTCOIN,B,Open Long,1.2079,827.9,0.450009,0.0,298.1,0959
1752593237099,FARTCOIN,B,Open Long,1.2079,827.9,0.450009,0.0,1126.0,0959
1752593237099,FARTCOIN,B,Open Long,1.2079,3050.5,1.658114,0.0,1953.9,0959
1752593237099,FARTCOIN,B,Open Long,1.208,12.4,0.00674,0.0,5004.4,0959
1752593237099,FARTCOIN,B,Open Long,1.2083,1619.8,0.880741,0.0,5016.8,0959
1752593237099,FARTCOIN,B,Open Long,1.2083,1655.8,0.900316,0.0,6636.6,0959
1752593237099,FARTCOIN,B,Open Long,1.2083,827.7,0.450049,0.0,8292.4,0959
1752593237099,FARTCOIN,B,Open Long,1.2083,124.1,0.067477,0.0,9120.1,0959
1752593237099,FARTCOIN,B,Open Long,1.2084,4135.8,2.248965,0.0,9244.2,0959
1752593237099,FARTCOIN,B,Open Long,1.2084,2607.0,1.417634,0.0,13380.0,0959
1752593237099,FARTCOIN,B,Open Long,1.2085,249.0,0.135412,0.0,15987.0,0959
1752593237099,FARTCOIN,B,Open Long,1.2085,497.9,0.27077,0.0,16236.0,0959
1752593237099,FARTCOIN,B,Open Long,1.2085,455.0,0.24744,0.0,16733.9,0959
1752593237099,FARTCOIN,B,Open Long,1.2086,1465.4,0.796987,0.0,17188.9,0959
1752593237099,FARTCOIN,B,Open Long,1.2086,464.1,0.25241,0.0,18654.3,0959
1752593237099,FARTCOIN,B,Open Long,1.2086,2068.9,1.125212,0.0,19118.4,0959
1752593237099,FARTCOIN,B,Open Long,1.2087,7798.4,4.241666,0.0,21187.3,0959
1752593237099,FARTCOIN,B,Open Long,1.2088,5672.8,3.085776,0.0,28985.7,0959
1752593237099,FARTCOIN,B,Open Long,1.2088,306.5,0.166723,0.0,34658.5,0959
1752593237099,FARTCOIN,B,Open Long,1.2088,154.0,0.083769,0.0,34965.0,0959
1752593237099,FARTCOIN,B,Open Long,1.2088,154.0,0.083769,0.0,35119.0,0959
1752593237099,FARTCOIN,B,Open Long,1.2088,1900.0,1.033524,0.0,35273.0,0959
1752593237099,FARTCOIN,B,Open Long,1.2089,2033.3,1.106125,0.0,37173.0,0959
1752593237099,FARTCOIN,B,Open Long,1.2089,2259.9,1.229396,0.0,39206.3,0959
1752593418550,XRP,B,Open Long,2.8828,30.0,0.038917,0.0,0.0,0960
1752593418550,XRP,B,Open Long,2.8828,42.0,0.054484,0.0,30.0,0960
1752593418550,XRP,B,Open Long,2.8829,18.0,0.023351,0.0,72.0,0960
1752593418550,XRP,B,Open Long,2.8829,3468.0,4.499053,0.0,90.0,0960
1752593418550,XRP,B,Open Long,2.8829,1917.0,2.486933,0.0,3558.0,0960
1752593418550,XRP,B,Open Long,2.8829,392.0,0.508543,0.0,5475.0,0960
1752593418550,XRP,B,Open Long,2.8829,11485.0,14.899547,0.0,5867.0,0960
1752593445297,FARTCOIN,A,Close Long,1.2172,466.7,0.25563,4.046289,41466.2,0962
1752593445297,FARTCOIN,A,Close Long,1.217,809.9,0.443541,6.859853,40999.5,0962
1752593445297,FARTCOIN,A,Close Long,1.2169,2033.3,1.113445,17.018721,40189.6,0962
1752593445297,FARTCOIN,A,Close Long,1.2169,2588.7,1.417585,21.667419,38156.3,0962
1752593446607,FARTCOIN,A,Close Long,1.2169,486.7,0.088839,4.073679,35567.6,0962
1752593446715,FARTCOIN,A,Close Long,1.2169,338.1,0.061715,2.829897,35080.9,0962
1752593450332,FARTCOIN,A,Close Long,1.2169,285.2,0.052058,2.387124,34742.8,0962
1752593450528,FARTCOIN,A,Close Long,1.2169,230.5,0.042074,1.929285,34457.6,0962
1752593450528,XRP,A,Close Long,2.8807,1473.0,0.63649,-3.239127,17352.0,0961
1752593450528,XRP,A,Close Long,2.8807,3766.0,1.627307,-8.281434,15879.0,0961
1752593450528,XRP,A,Close Long,2.8807,2833.0,1.224153,-6.229767,12113.0,0961
1752593450581,XRP,A,Close Long,2.8807,5604.0,2.421516,-12.323196,9280.0,0961
1752593450672,XRP,A,Close Long,2.8807,1138.0,0.491735,-2.502462,3676.0,0961
1752593450672,XRP,A,Close Long,2.8807,2037.0,0.880197,-4.479363,2538.0,0961
1752593450753,XRP,A,Close Long,2.8807,501.0,0.216484,-1.101699,501.0,0961
1752593450811,FARTCOIN,A,Close Long,1.2169,386.2,0.070495,3.232494,34227.1,0962
1752593451075,FARTCOIN,A,Close Long,1.2169,434.8,0.079366,3.639276,33840.9,0962
1752593455005,FARTCOIN,A,Close Long,1.2169,84.3,0.015387,0.705591,33406.1,0963
1752593457023,FARTCOIN,A,Close Long,1.2169,415.0,0.075752,3.47355,33321.8,0963
1752593460159,FARTCOIN,A,Close Long,1.2169,828.9,0.151303,6.937893,32906.8,0963
1752593460159,FARTCOIN,A,Close Long,1.2169,2866.8,0.523291,23.995116,32077.9,0963
1752593475402,FARTCOIN,A,Close Long,1.2158,484.8,0.088412,3.524496,29211.1,0964
1752593483196,FARTCOIN,A,Close Long,1.2158,433.4,0.079039,3.150818,28726.3,0964
1752593483332,FARTCOIN,A,Close Long,1.2158,3815.3,0.695796,27.737231,28292.9,0964
1752593485036,FARTCOIN,A,Close Long,1.2158,84.4,0.015392,0.613588,24477.6,0964
1752593486073,FARTCOIN,A,Close Long,1.2158,414.9,0.075665,3.016323,24393.2,0964
1752593486129,FARTCOIN,A,Close Long,1.2158,2437.5,0.444526,17.720625,23978.3,0964
1752593490549,FARTCOIN,A,Close Long,1.2158,500.0,0.091184,3.635,21540.8,0964
1752593493628,FARTCOIN,A,Close Long,1.2158,2467.3,0.449961,17.937271,21040.8,0964
1752593495106,FARTCOIN,A,Close Long,1.2158,1035.9,0.188917,7.530993,18573.5,0964
1752593495366,FARTCOIN,A,Close Long,1.2158,1624.8,0.296314,11.812296,17537.6,0964
1752593495366,FARTCOIN,A,Close Long,1.2158,4736.0,0.863704,34.43072,15912.8,0964
1752593495366,FARTCOIN,A,Close Long,1.2158,914.7,0.166813,6.649869,11176.8,0964
1752593495366,FARTCOIN,A,Close Long,1.2158,445.4,0.081227,3.238058,10262.1,0964
1752593495410,FARTCOIN,A,Close Long,1.2158,474.5,0.086534,3.449615,9816.7,0964
1752593495518,FARTCOIN,A,Close Long,1.2158,6792.3,1.238711,49.380021,9342.2,0964
1752593495518,FARTCOIN,A,Close Long,1.2158,448.5,0.081792,3.260595,2549.9,0964
1752593495666,FARTCOIN,A,Close Long,1.2158,687.3,0.125342,4.996671,2101.4,0964
1752593495666,FARTCOIN,A,Close Long,1.2158,605.6,0.110443,4.402712,1414.1,0964
1752593495666,FARTCOIN,A,Close Long,1.2158,67.5,0.012309,0.490725,808.5,0964
1752593495666,FARTCOIN,A,Close Long,1.2158,741.0,0.135136,5.38707,741.0,0964
1752593693079,FARTCOIN,B,Open Long,1.2141,247.1,0.135001,0.0,0.0,0965
1752593693079,FARTCOIN,B,Open Long,1.2141,407.2,0.222471,0.0,247.1,0965
1752593693079,FARTCOIN,B,Open Long,1.2141,402.1,0.219685,0.0,654.3,0965
1752593693079,FARTCOIN,B,Open Long,1.2143,412.3,0.225295,0.0,1056.4,0965
1752593693079,FARTCOIN,B,Open Long,1.2144,52.8,0.028854,0.0,1468.7,0965
1752593693079,FARTCOIN,B,Open Long,1.2144,809.9,0.442594,0.0,1521.5,0965
1752593693079,FARTCOIN,B,Open Long,1.2144,823.7,0.450135,0.0,2331.4,0965
1752593693079,FARTCOIN,B,Open Long,1.2146,1649.4,0.901512,0.0,3155.1,0965
1752593693079,FARTCOIN,B,Open Long,1.2146,3325.3,1.817509,0.0,4804.5,0965
1752593693079,FARTCOIN,B,Open Long,1.2146,1655.9,0.905065,0.0,8129.8,0965
1752593693079,FARTCOIN,B,Open Long,1.2147,153.0,0.083632,0.0,9785.7,0965
1752593693079,FARTCOIN,B,Open Long,1.2147,153.0,0.083632,0.0,9938.7,0965
1752593693079,FARTCOIN,B,Open Long,1.2147,153.0,0.083632,0.0,10091.7,0965
1752593693079,FARTCOIN,B,Open Long,1.2147,153.0,0.083632,0.0,10244.7,0965
1752593693079,FARTCOIN,B,Open Long,1.2147,52.8,0.028861,0.0,10397.7,0965
1752593693079,FARTCOIN,B,Open Long,1.2147,305.0,0.166717,0.0,10450.5,0965
1752593693079,FARTCOIN,B,Open Long,1.2147,1263.2,0.690484,0.0,10755.5,0965
1752593693079,FARTCOIN,B,Open Long,1.2147,2593.8,1.417809,0.0,12018.7,0965
1752593693079,FARTCOIN,B,Open Long,1.2148,100.0,0.054666,0.0,14612.5,0965
1752593693079,FARTCOIN,B,Open Long,1.2148,247.0,0.135025,0.0,14712.5,0965
1752593693079,FARTCOIN,B,Open Long,1.2148,247.0,0.135025,0.0,14959.5,0965
1752593693079,FARTCOIN,B,Open Long,1.2148,320.2,0.17504,0.0,15206.5,0965
1752593693079,FARTCOIN,B,Open Long,1.2148,274.5,0.150058,0.0,15526.7,0965
1752593693079,FARTCOIN,B,Open Long,1.2148,304.9,0.166676,0.0,15801.2,0965
1752593693079,FARTCOIN,B,Open Long,1.2148,455.0,0.24873,0.0,16106.1,0965
1752593693079,FARTCOIN,B,Open Long,1.2148,4117.0,2.250599,0.0,16561.1,0965
1752593693079,FARTCOIN,B,Open Long,1.2149,809.9,0.442776,0.0,20678.1,0965
1752593693079,FARTCOIN,B,Open Long,1.2149,5672.8,3.101348,0.0,21488.0,0965
1752593693079,FARTCOIN,B,Open Long,1.2149,247.0,0.135036,0.0,27160.8,0965
1752593693079,FARTCOIN,B,Open Long,1.2149,274.4,0.150015,0.0,27407.8,0965
1752593693079,FARTCOIN,B,Open Long,1.2149,3200.2,1.749565,0.0,27682.2,0965
1752593693079,FARTCOIN,B,Open Long,1.2149,1900.0,1.038739,0.0,30882.4,0965
1752593693079,FARTCOIN,B,Open Long,1.215,5684.4,3.107945,0.0,32782.4,0965
1752593693079,FARTCOIN,B,Open Long,1.215,320.1,0.175014,0.0,38466.8,0965
1752593693079,FARTCOIN,B,Open Long,1.215,412.0,0.225261,0.0,38786.9,0965
1752593693079,FARTCOIN,B,Open Long,1.215,320.1,0.175014,0.0,39198.9,0965
1752593693079,FARTCOIN,B,Open Long,1.215,320.1,0.175014,0.0,39519.0,0965
1752593693079,FARTCOIN,B,Open Long,1.215,274.4,0.150028,0.0,39839.1,0965
1752593693079,FARTCOIN,B,Open Long,1.215,52.8,0.028868,0.0,40113.5,0965
1752593693079,FARTCOIN,B,Open Long,1.215,334.0,0.182614,0.0,40166.3,0965
1752593693079,FARTCOIN,B,Open Long,1.215,304.9,0.166704,0.0,40500.3,0965
1752593693079,FARTCOIN,B,Open Long,1.215,391.1,0.213833,0.0,40805.2,0965
1752594590383,FARTCOIN,A,Close Long,1.2342,3817.6,2.120256,74.137792,41196.3,0966
1752594590383,FARTCOIN,A,Close Long,1.2342,477.4,0.265143,9.271108,37378.7,0966
1752594590383,FARTCOIN,A,Close Long,1.2341,809.9,0.449773,15.647268,36901.3,0966
1752594590383,FARTCOIN,A,Close Long,1.234,51.9,0.02882,0.997518,36091.4,0966
1752594590383,FARTCOIN,A,Close Long,1.234,450.3,0.250051,8.654766,36039.5,0966
1752594595046,FARTCOIN,A,Close Long,1.234,84.4,0.015622,1.622168,35589.2,0966
1752594596059,FARTCOIN,A,Close Long,1.234,415.0,0.076816,7.9763,35504.8,0966
1752594596261,FARTCOIN,A,Close Long,1.234,359.9,0.066617,6.917278,35089.8,0966
1752594597202,FARTCOIN,A,Close Long,1.234,429.5,0.0795,8.25499,34729.9,0966
1752594597295,FARTCOIN,A,Close Long,1.234,203.0,0.037575,3.90166,34300.4,0966
1752594597675,FARTCOIN,A,Close Long,1.234,250.5,0.046367,4.81461,34097.4,0966
1752594598080,FARTCOIN,A,Close Long,1.234,9.4,0.001739,0.180668,33846.9,0966
1752594598080,FARTCOIN,A,Close Long,1.234,250.9,0.046441,4.822298,33837.5,0966
1752594598605,FARTCOIN,A,Close Long,1.234,343.2,0.063526,6.596304,33586.6,0966
1752594599012,FARTCOIN,A,Close Long,1.234,522.4,0.096696,10.040528,33243.4,0966
1752594599321,FARTCOIN,A,Close Long,1.234,535.3,0.099084,10.288466,32721.0,0966
1752594603179,FARTCOIN,A,Close Long,1.234,378.1,0.069986,7.267082,32185.7,0966
1752594603179,FARTCOIN,A,Close Long,1.234,958.5,0.177418,18.42237,31807.6,0966
1752594603179,FARTCOIN,A,Close Long,1.234,516.5,0.095604,9.92713,30849.1,0966
1752594603766,FARTCOIN,A,Close Long,1.234,331.4,0.061342,6.369508,30332.6,0966
1752594603766,FARTCOIN,A,Close Long,1.234,227.8,0.042165,4.378316,30001.2,0966
1752594603766,FARTCOIN,A,Close Long,1.234,5591.0,1.034894,107.45902,29773.4,0966
1752594603766,FARTCOIN,A,Close Long,1.234,80.8,0.014956,1.552976,24182.4,0966
1752594603766,FARTCOIN,A,Close Long,1.234,174.7,0.032336,3.357734,24101.6,0966
1752594603962,FARTCOIN,A,Close Long,1.234,411.4,0.07615,7.907108,23926.9,0966
1752594603962,FARTCOIN,A,Close Long,1.234,418.0,0.077371,8.03396,23515.5,0966
1752594603962,FARTCOIN,A,Close Long,1.234,1035.5,0.191671,19.90231,23097.5,0966
1752594603962,FARTCOIN,A,Close Long,1.234,1324.1,0.24509,25.449202,22062.0,0966
1752594603962,FARTCOIN,A,Close Long,1.234,1197.3,0.22162,23.012106,20737.9,0966
1752594603962,FARTCOIN,A,Close Long,1.234,2248.0,0.416104,43.20656,19540.6,0966
1752594603962,FARTCOIN,A,Close Long,1.234,805.2,0.149042,15.475944,17292.6,0966
1752594603962,FARTCOIN,A,Close Long,1.234,7861.2,1.455108,151.092264,16487.4,0966
1752594603962,FARTCOIN,A,Close Long,1.234,8599.4,1.591748,165.280468,8626.2,0966
1752594613271,FARTCOIN,A,Close Long,1.2352,26.8,0.014896,0.547256,26.8,0967
1752595155601,FARTCOIN,B,Open Long,1.23,2034.7,0.375402,0.0,0.0,0968
1752595156808,FARTCOIN,B,Open Long,1.23,21.2,0.003911,0.0,2034.7,0968
1752595280931,FARTCOIN,B,Open Long,1.2287,2164.1,0.398854,0.0,2055.9,0969
1752595356247,FARTCOIN,B,Open Long,1.2274,64.0,0.011783,0.0,4220.0,0970
1752595650464,FARTCOIN,B,Open Long,1.239,64.9,0.036184,0.0,4284.0,0971
1752595650464,FARTCOIN,B,Open Long,1.239,806.9,0.449887,0.0,4348.9,0971
1752595650464,FARTCOIN,B,Open Long,1.239,806.9,0.449887,0.0,5155.8,0971
1752595650464,FARTCOIN,B,Open Long,1.239,806.9,0.449887,0.0,5962.7,0971
1752595650464,FARTCOIN,B,Open Long,1.2391,94.7,0.052804,0.0,6769.6,0971
1752595650464,FARTCOIN,B,Open Long,1.2391,94.7,0.052804,0.0,6864.3,0971
1752595650464,FARTCOIN,B,Open Long,1.2391,806.9,0.449923,0.0,6959.0,0971
1752595650464,FARTCOIN,B,Open Long,1.2391,806.9,0.449923,0.0,7765.9,0971
1752595650464,FARTCOIN,B,Open Long,1.2391,806.9,0.449923,0.0,8572.8,0971
1752595650464,FARTCOIN,B,Open Long,1.2392,94.7,0.052808,0.0,9379.7,0971
1752595650464,FARTCOIN,B,Open Long,1.2392,94.7,0.052808,0.0,9474.4,0971
1752595650464,FARTCOIN,B,Open Long,1.2392,806.9,0.449959,0.0,9569.1,0971
1752595650464,FARTCOIN,B,Open Long,1.2392,806.9,0.449959,0.0,10376.0,0971
1752595650464,FARTCOIN,B,Open Long,1.2392,806.9,0.449959,0.0,11182.9,0971
1752595650464,FARTCOIN,B,Open Long,1.2393,806.7,0.449884,0.0,11989.8,0971
1752595650464,FARTCOIN,B,Open Long,1.2393,806.8,0.44994,0.0,12796.5,0971
1752595650464,FARTCOIN,B,Open Long,1.2393,94.7,0.052812,0.0,13603.3,0971
1752595650464,FARTCOIN,B,Open Long,1.2393,806.9,0.449996,0.0,13698.0,0971
1752595650464,FARTCOIN,B,Open Long,1.2393,94.7,0.052812,0.0,14504.9,0971
1752595650464,FARTCOIN,B,Open Long,1.2393,94.7,0.052812,0.0,14599.6,0971
1752595650464,FARTCOIN,B,Open Long,1.2393,1616.3,0.901386,0.0,14694.3,0971
1752595650464,FARTCOIN,B,Open Long,1.2393,806.9,0.449996,0.0,16310.6,0971
1752595650464,FARTCOIN,B,Open Long,1.2393,1616.3,0.901386,0.0,17117.5,0971
1752595650464,FARTCOIN,B,Open Long,1.2394,1210.7,0.675243,0.0,18733.8,0971
1752595650464,FARTCOIN,B,Open Long,1.2395,3990.3,2.225689,0.0,19944.5,0971
1752595650464,FARTCOIN,B,Open Long,1.2395,546.9,0.305047,0.0,23934.8,0971
1752595650464,FARTCOIN,B,Open Long,1.2395,776.5,0.433112,0.0,24481.7,0971
1752595650464,FARTCOIN,B,Open Long,1.2395,3237.9,1.806019,0.0,25258.2,0971
1752595734431,FARTCOIN,B,Open Long,1.235,650.6,0.36157,0.0,28496.1,0972
1752595736110,FARTCOIN,B,Open Long,1.2343,198.5,0.036751,0.0,29146.7,0973
1752595736283,FARTCOIN,B,Open Long,1.2343,175.0,0.0324,0.0,29345.2,0973
1752595736878,FARTCOIN,B,Open Long,1.2343,300.3,0.055599,0.0,29520.2,0973
1752595742324,FARTCOIN,B,Open Long,1.2336,697.0,0.128972,0.0,29820.5,0974
1752596076405,BERA,B,Open Long,2.1165,631.6,0.200517,0.0,0.0,0985
1752596076801,BERA,B,Open Long,2.1165,602.2,0.191183,0.0,631.6,0985
1752596077254,BERA,B,Open Long,2.1165,1439.6,0.457037,0.0,1233.8,0985
1752596077312,BERA,B,Open Long,2.1165,1199.0,0.380652,0.0,2673.4,0985
1752596077433,BERA,B,Open Long,2.1165,369.1,0.11718,0.0,3872.4,0985
1752596077661,BERA,B,Open Long,2.1165,363.0,0.115243,0.0,4241.5,0985
1752596077724,BERA,B,Open Long,2.1165,68.9,0.021874,0.0,4604.5,0985
1752596077850,BERA,B,Open Long,2.1165,821.3,0.260742,0.0,4673.4,0985
1752596078071,BERA,B,Open Long,2.1165,200.0,0.063494,0.0,5494.7,0985
1752596078071,BERA,B,Open Long,2.1165,800.0,0.253979,0.0,5694.7,0985
1752596078071,BERA,B,Open Long,2.1165,94.7,0.030064,0.0,6494.7,0985
1752596078152,BERA,B,Open Long,2.1165,34.5,0.010952,0.0,6589.4,0985
1752596078987,BERA,B,Open Long,2.1165,845.8,0.26852,0.0,6623.9,0985
1752596079838,BERA,B,Open Long,2.1165,44.1,0.014,0.0,7469.7,0985
1752596081116,BERA,B,Open Long,2.1165,384.2,0.121973,0.0,7513.8,0985
1752596081116,BERA,B,Open Long,2.1165,302.5,0.096036,0.0,7898.0,0985
1752596082085,BERA,B,Open Long,2.1165,877.3,0.27852,0.0,8200.5,0985
1752596082085,BERA,B,Open Long,2.1165,371.7,0.118005,0.0,9077.8,0985
1752596104819,FARTCOIN,B,Open Long,1.2329,495.6,0.091653,0.0,30517.5,0975
1752596105968,FARTCOIN,B,Open Long,1.2329,224.7,0.041554,0.0,31013.1,0975
1752596108116,FARTCOIN,B,Open Long,1.2321,743.5,0.137409,0.0,31237.8,0976
1752596108649,FARTCOIN,B,Open Long,1.2314,199.8,0.036905,0.0,31981.3,0977
1752596108649,FARTCOIN,B,Open Long,1.2314,56.9,0.010509,0.0,32181.1,0977
1752596108649,FARTCOIN,B,Open Long,1.2314,20.0,0.003694,0.0,32238.0,0977
1752596109700,FARTCOIN,B,Open Long,1.2314,490.0,0.090507,0.0,32258.0,0977
1752596111703,FARTCOIN,B,Open Long,1.2307,790.0,0.145837,0.0,32748.0,0978
1752596339750,FARTCOIN,B,Open Long,1.23,813.2,0.150035,0.0,33538.0,0979
1752596798169,FARTCOIN,B,Open Long,1.2293,34.2,0.006306,0.0,34351.2,0980
1752596806544,FARTCOIN,B,Open Long,1.2293,802.3,0.14794,0.0,34385.4,0980
1752596812849,FARTCOIN,B,Open Long,1.2286,719.4,0.132578,0.0,35187.7,0981
1752596816488,FARTCOIN,B,Open Long,1.2286,140.3,0.025855,0.0,35907.1,0981
1752596944904,FARTCOIN,B,Open Long,1.2279,759.8,0.139943,0.0,36047.4,0982
1752596947486,FARTCOIN,B,Open Long,1.2279,123.1,0.022673,0.0,36807.2,0982
1752596968063,FARTCOIN,B,Open Long,1.2271,906.2,0.166799,0.0,36930.3,0983
1752599356653,FARTCOIN,B,Open Long,1.2264,929.4,0.170972,0.0,37836.5,0984
1752602977289,FARTCOIN,A,Close Long,1.24,772.5,0.431055,3.205875,38765.9,0986
1752602977289,FARTCOIN,A,Close Long,1.24,806.4,0.449971,3.34656,37993.4,0986
1752602977289,FARTCOIN,A,Close Long,1.24,245.0,0.13671,1.01675,37187.0,0986
1752602977289,FARTCOIN,A,Close Long,1.24,806.4,0.449971,3.34656,36942.0,0986
1752602977289,FARTCOIN,A,Close Long,1.24,1180.3,0.658607,4.898245,36135.6,0986
1752602977289,FARTCOIN,A,Close Long,1.24,1610.4,0.898603,6.68316,34955.3,0986
1752602977289,FARTCOIN,A,Close Long,1.24,806.4,0.449971,3.34656,33344.9,0986
1752602977289,FARTCOIN,A,Close Long,1.24,187.0,0.104346,0.77605,32538.5,0986
1752602977289,FARTCOIN,A,Close Long,1.24,120.9,0.067462,0.501735,32351.5,0986
1752602977289,FARTCOIN,A,Close Long,1.24,2033.3,1.134581,8.438195,32230.6,0986
1752602977289,FARTCOIN,A,Close Long,1.24,1190.0,0.66402,4.9385,30197.3,0986
1752602977289,FARTCOIN,A,Close Long,1.2399,978.6,0.546014,3.96333,29007.3,0986
1752602977289,FARTCOIN,A,Close Long,1.2399,806.5,0.44999,3.266325,28028.7,0986
1752602977289,FARTCOIN,A,Close Long,1.2399,2539.9,1.417149,10.286595,27222.2,0986
1752602977289,FARTCOIN,A,Close Long,1.2398,3052.9,1.703243,12.058955,24682.3,0986
1752602977289,FARTCOIN,A,Close Long,1.2398,2016.4,1.124969,7.96478,21629.4,0986
1752602977289,FARTCOIN,A,Close Long,1.2398,484.0,0.270028,1.9118,19613.0,0986
1752602977289,FARTCOIN,A,Close Long,1.2398,419.5,0.234043,1.657025,19129.0,0986
1752602977289,FARTCOIN,A,Close Long,1.2397,13922.7,7.766987,53.602395,18709.5,0986
1752602977289,FARTCOIN,A,Close Long,1.2397,809.9,0.451814,3.118115,4786.8,0986
1752602977289,FARTCOIN,A,Close Long,1.2397,985.6,0.549831,3.79456,3976.9,0986
1752602977289,FARTCOIN,A,Close Long,1.2397,414.5,0.231235,1.595825,2991.3,0986
1752602977289,FARTCOIN,A,Close Long,1.2397,436.4,0.243452,1.68014,2576.8,0986
1752602977289,FARTCOIN,A,Close Long,1.2396,2140.4,1.193957,8.0265,2140.4,0986
1752603203434,FARTCOIN,B,Open Long,1.24,1094.2,0.203521,0.0,0.0,0987
1752604005776,FARTCOIN,B,Open Long,1.2371,1133.3,0.2103,0.0,1094.2,0988
1752604025569,FARTCOIN,B,Open Long,1.2343,56.7,0.010497,0.0,2227.5,0989
1752604030057,FARTCOIN,B,Open Long,1.2343,1115.7,0.206566,0.0,2284.2,0989
1752604071697,FARTCOIN,B,Open Long,1.2314,1211.4,0.223757,0.0,3399.9,0990
1752604294430,FARTCOIN,B,Open Long,1.2286,688.4,0.126865,0.0,4611.3,0991
1752604294430,FARTCOIN,B,Open Long,1.2286,115.4,0.021267,0.0,5299.7,0991
1752604296847,FARTCOIN,B,Open Long,1.2286,210.0,0.0387,0.0,5415.1,0991
1752604296847,FARTCOIN,B,Open Long,1.2286,236.7,0.043621,0.0,5625.1,0991
1752604394824,FARTCOIN,B,Open Long,1.2257,167.7,0.030832,0.0,5861.8,0992
1752604395231,FARTCOIN,B,Open Long,1.2257,1121.9,0.206266,0.0,6029.5,0992
1752604431961,FARTCOIN,A,Close Long,1.2217,444.5,0.081456,-4.831715,7151.4,0993
1752604434067,FARTCOIN,A,Close Long,1.2217,12.5,0.00229,-0.135875,6706.9,0993
1752604435010,FARTCOIN,A,Close Long,1.2217,84.3,0.015448,-0.916341,6694.4,0993
1752604436628,FARTCOIN,A,Close Long,1.2217,1993.4,0.3653,-21.668258,6610.1,0993
1752604436731,FARTCOIN,A,Close Long,1.2217,185.5,0.033993,-2.016385,4616.7,0993
1752604436731,FARTCOIN,A,Close Long,1.2217,1344.5,0.246386,-14.614715,4431.2,0993
1752604436731,FARTCOIN,A,Close Long,1.2217,1353.1,0.247962,-14.708197,3086.7,0993
1752604436731,FARTCOIN,A,Close Long,1.2217,1733.5,0.317672,-18.843145,1733.6,0993
1752604522240,BERA,A,Close Long,2.2787,218.2,0.223745,35.39204,9449.5,0994
1752604524825,BERA,A,Close Long,2.2787,637.3,0.217832,103.37006,9231.3,0994
1752604524825,BERA,A,Close Long,2.2787,8593.9,2.937437,1393.93058,8594.0,0994
1752605595490,BERA,B,Open Long,2.2672,84.2,0.085904,0.0,0.1,0995
1752605595490,BERA,B,Open Long,2.2684,52.0,0.05308,0.0,84.3,0995
1752605595490,BERA,B,Open Long,2.2687,4435.5,4.528268,0.0,136.3,0995
1752605595490,BERA,B,Open Long,2.2689,4258.7,4.348153,0.0,4571.8,0995
1752606968033,FARTCOIN,A,Close Long,1.2197,0.1,0.000018,-0.001287,0.1,0996
1752606986069,BERA,A,Close Long,2.2712,4547.8,1.549344,11.051154,8830.5,0997
1752606986069,BERA,A,Close Long,2.2712,582.2,0.198343,1.414746,4282.7,0997
1752606986069,BERA,A,Close Long,2.2712,554.6,0.188941,1.347678,3700.5,0997
1752606986069,BERA,A,Close Long,2.2712,3145.9,1.071745,7.644537,3145.9,0997
1752610615893,BERA,B,Open Long,2.245,390.2,0.131399,0.0,0.0,0998
1752610639495,BERA,B,Open Long,2.2347,256.8,0.08608,0.0,390.2,0999
1752610639551,BERA,B,Open Long,2.2347,153.9,0.051588,0.0,647.0,0999
1752610655579,BERA,B,Open Long,2.2245,6.5,0.002168,0.0,800.9,1000
1752610655579,BERA,B,Open Long,2.2245,50.0,0.016683,0.0,807.4,1000
1752610655579,BERA,B,Open Long,2.2245,16.8,0.005605,0.0,857.4,1000
1752610656872,BERA,B,Open Long,2.2245,358.0,0.119455,0.0,874.2,1000
1752610688240,BERA,B,Open Long,2.2142,30.6,0.010163,0.0,1232.2,1001
1752610688240,BERA,B,Open Long,2.2142,12.0,0.003985,0.0,1262.8,1001
1752610688240,BERA,B,Open Long,2.2142,18.5,0.006144,0.0,1274.8,1001
1752610688240,BERA,B,Open Long,2.2142,61.1,0.020293,0.0,1293.3,1001
1752610688574,BERA,B,Open Long,2.2142,61.1,0.020293,0.0,1354.4,1001
1752610688574,BERA,B,Open Long,2.2142,42.0,0.013949,0.0,1415.5,1001
1752610688994,BERA,B,Open Long,2.2142,70.0,0.023249,0.0,1457.5,1001
1752610688994,BERA,B,Open Long,2.2142,51.0,0.016938,0.0,1527.5,1001
1752610699948,BERA,B,Open Long,2.2142,30.6,0.010163,0.0,1578.5,1001
1752610709533,BERA,B,Open Long,2.2142,74.9,0.024876,0.0,1609.1,1001
1752610768619,BERA,B,Open Long,2.2039,192.1,0.063505,0.0,1684.0,1002
1752610768620,BERA,B,Open Long,2.2039,280.2,0.092629,0.0,1876.1,1002
1752610847062,BERA,B,Open Long,2.1937,492.9,0.162191,0.0,2156.3,1003
1752610851096,BERA,B,Open Long,2.1834,504.3,0.165163,0.0,2649.2,1004
1752610851263,BERA,B,Open Long,2.1834,8.6,0.002816,0.0,3153.5,1004
1752610851263,BERA,B,Open Long,2.1834,0.5,0.000163,0.0,3162.1,1004
1752611124927,BERA,B,Open Long,2.2052,183.0,0.181598,0.0,3162.6,1016
1752611124927,BERA,B,Open Long,2.2052,17.0,0.016869,0.0,3345.6,1016
1752611124927,BERA,B,Open Long,2.2061,52.0,0.051622,0.0,3362.6,1016
1752611124927,BERA,B,Open Long,2.2064,205.7,0.204235,0.0,3414.6,1016
1752611124927,BERA,B,Open Long,2.2066,2036.0,2.021686,0.0,3620.3,1016
1752611125129,BERA,B,Open Long,2.205,36.5,0.012072,0.0,5656.3,1006
1752611369638,BERA,B,Open Long,2.205,30.0,0.009922,0.0,5692.8,1006
1752611371056,BERA,B,Open Long,2.205,197.6,0.065356,0.0,5722.8,1006
1752611371164,BERA,B,Open Long,2.205,28.2,0.009327,0.0,5920.4,1006
1752611403644,BERA,B,Open Long,2.2017,308.6,0.101916,0.0,5948.6,1007
1752611998985,BERA,B,Open Long,2.1983,324.8,0.107101,0.0,6257.2,1008
1752612356977,BERA,B,Open Long,2.195,322.5,0.106183,0.0,6582.0,1009
1752612356977,BERA,B,Open Long,2.195,18.6,0.006124,0.0,6904.5,1009
1752612358268,BERA,B,Open Long,2.1917,100.8,0.033138,0.0,6923.1,1010
1752612370638,BERA,B,Open Long,2.1917,38.0,0.012492,0.0,7023.9,1010
1752612370858,BERA,B,Open Long,2.1917,38.0,0.012492,0.0,7061.9,1010
1752612383342,BERA,B,Open Long,2.1917,130.2,0.042803,0.0,7099.9,1010
1752612386271,BERA,B,Open Long,2.1917,31.0,0.010191,0.0,7230.1,1010
1752612591129,BERA,B,Open Long,2.1917,19.3,0.006344,0.0,7261.1,1010
1752612620318,BERA,B,Open Long,2.1883,373.6,0.122632,0.0,7280.4,1011
1752613242360,BERA,B,Open Long,2.185,52.0,0.017043,0.0,7654.0,1012
1752613242974,BERA,B,Open Long,2.185,53.0,0.01737,0.0,7706.0,1012
1752613243176,BERA,B,Open Long,2.185,284.8,0.093343,0.0,7759.0,1012
1752613245958,BERA,B,Open Long,2.1817,406.1,0.132898,0.0,8043.8,1013
1752613282516,BERA,B,Open Long,2.1783,10.0,0.003267,0.0,8449.9,1014
1752613327949,BERA,B,Open Long,2.1783,412.3,0.134716,0.0,8459.9,1014
1752613557528,BERA,B,Open Long,2.175,14.0,0.004567,0.0,8872.2,1015
1752613923164,BERA,B,Open Long,2.175,36.5,0.011908,0.0,8886.2,1015
1752613925391,BERA,B,Open Long,2.175,74.9,0.024436,0.0,8922.7,1015
1752614512298,BERA,B,Open Long,2.175,15.0,0.004893,0.0,8997.6,1015
1752614512916,BERA,B,Open Long,2.175,31.7,0.010342,0.0,9012.6,1015
1752614513107,BERA,B,Open Long,2.175,23.0,0.007503,0.0,9044.3,1015
1752614514130,BERA,B,Open Long,2.175,31.7,0.010342,0.0,9067.3,1015
1752614514130,BERA,B,Open Long,2.175,27.0,0.008808,0.0,9099.0,1015
1752614514196,BERA,B,Open Long,2.175,33.3,0.010864,0.0,9126.0,1015
1752614743696,BERA,B,Open Long,2.175,29.4,0.009591,0.0,9159.3,1015
1752614744575,BERA,B,Open Long,2.175,37.9,0.012364,0.0,9188.7,1015
1752614744824,BERA,B,Open Long,2.175,84.1,0.027437,0.0,9226.6,1015
1752614903946,BERA,B,Open Long,2.1732,26.0,0.008475,0.0,9310.7,1005
1752614945719,BERA,B,Open Long,2.1732,53.0,0.017276,0.0,9336.7,1005
1752614950335,BERA,B,Open Long,2.1732,454.9,0.148288,0.0,9389.7,1005
1752627534346,XRP,B,Open Long,2.9336,13.0,0.017161,0.0,0.0,1017
1752627534346,XRP,B,Open Long,2.9336,110.0,0.145213,0.0,13.0,1017
1752627534346,XRP,B,Open Long,2.9336,32.0,0.042243,0.0,123.0,1017
1752627534346,XRP,B,Open Long,2.9336,681.0,0.899001,0.0,155.0,1017
1752627534346,XRP,B,Open Long,2.9336,3408.0,4.498968,0.0,836.0,1017
1752627534346,XRP,B,Open Long,2.9338,197.0,0.260081,0.0,4244.0,1017
1752627534346,XRP,B,Open Long,2.9338,2044.0,2.698509,0.0,4441.0,1017
1752627534346,XRP,B,Open Long,2.9338,497.0,0.656144,0.0,6485.0,1017
1752627534346,XRP,B,Open Long,2.9338,150.0,0.198031,0.0,6982.0,1017
1752627534346,XRP,B,Open Long,2.9338,1101.0,1.453551,0.0,7132.0,1017
1752627534346,XRP,B,Open Long,2.9338,289.0,0.38154,0.0,8233.0,1017
1752628384131,XRP,B,Open Long,2.93,285.0,0.125257,0.0,8522.0,1018
1752629453755,XRP,B,Open Long,2.9289,300.0,0.1318,0.0,8807.0,1019
1752629467010,XRP,B,Open Long,2.9279,33.0,0.014493,0.0,9107.0,1020
1752629470893,XRP,B,Open Long,2.9279,282.0,0.12385,0.0,9140.0,1020
1752629477143,XRP,B,Open Long,2.9268,4.0,0.001756,0.0,9422.0,1021
1752629494137,XRP,B,Open Long,2.9268,326.0,0.14312,0.0,9426.0,1021
1752629500705,XRP,B,Open Long,2.9258,17.0,0.00746,0.0,9752.0,1022
1752629503001,XRP,B,Open Long,2.9258,16.0,0.007021,0.0,9769.0,1022
1752629506637,XRP,B,Open Long,2.9258,312.0,0.136927,0.0,9785.0,1022
1752629525503,XRP,B,Open Long,2.9247,4.0,0.001754,0.0,10097.0,1023
1752629527023,XRP,B,Open Long,2.9247,33.0,0.014477,0.0,10101.0,1023
1752629532490,XRP,B,Open Long,2.9247,323.0,0.141701,0.0,10134.0,1023
1752630083965,XRP,B,Open Long,2.9237,375.0,0.164458,0.0,10457.0,1024
1752630120051,XRP,B,Open Long,2.9226,390.0,0.170972,0.0,10832.0,1025
1752630940741,XRP,B,Open Long,2.9216,405.0,0.177487,0.0,11222.0,1026
1752630944311,XRP,B,Open Long,2.9205,117.0,0.051254,0.0,11627.0,1027
1752630950502,XRP,B,Open Long,2.9205,303.0,0.132736,0.0,11744.0,1027
1752630989693,XRP,B,Open Long,2.9195,435.0,0.190497,0.0,12047.0,1028
1752630989693,XRP,B,Open Long,2.9184,450.0,0.196991,0.0,12482.0,1029
1752631351505,XRP,B,Open Long,2.9174,10.0,0.004376,0.0,12932.0,1030
1752631384859,XRP,B,Open Long,2.9174,23.0,0.010065,0.0,12942.0,1030
1752631387008,XRP,B,Open Long,2.9174,33.0,0.014441,0.0,12965.0,1030
1752631413410,XRP,B,Open Long,2.9174,399.0,0.174606,0.0,12998.0,1030
1752631420091,XRP,B,Open Long,2.9163,480.0,0.209973,0.0,13397.0,1031
1752631427203,XRP,B,Open Long,2.9153,274.0,0.119818,0.0,13877.0,1032
1752631428377,XRP,B,Open Long,2.9153,221.0,0.096642,0.0,14151.0,1032
1752631439165,XRP,B,Open Long,2.9142,510.0,0.222936,0.0,14372.0,1033
1752631443304,XRP,B,Open Long,2.9132,525.0,0.229414,0.0,14882.0,1034
1752631500252,XRP,B,Open Long,2.9121,540.0,0.23588,0.0,15407.0,1035
1752631542485,XRP,B,Open Long,2.9111,17.0,0.007423,0.0,15947.0,1036
1752631542569,XRP,B,Open Long,2.9111,22.0,0.009606,0.0,15964.0,1036
1752631543034,XRP,B,Open Long,2.9111,26.0,0.011353,0.0,15986.0,1036
1752631566423,XRP,B,Open Long,2.9111,490.0,0.213965,0.0,16012.0,1036
1752631572462,XRP,B,Open Long,2.91,571.0,0.249241,0.0,16502.0,1037
1752632208268,XRP,A,Close Long,2.9074,730.0,0.95508,-13.74152,17073.0,1038
1752632208268,XRP,A,Close Long,2.9073,1050.0,1.373699,-19.8702,16343.0,1038
1752632208268,XRP,A,Close Long,2.9073,4.0,0.005233,-0.075696,15293.0,1038
1752632208268,XRP,A,Close Long,2.9073,1167.0,1.526768,-22.084308,15289.0,1038
1752632208268,XRP,A,Close Long,2.9073,344.0,0.45005,-6.509856,14122.0,1038
1752632208268,XRP,A,Close Long,2.9073,4000.0,5.23314,-75.696,13778.0,1038
1752632208268,XRP,A,Close Long,2.9072,428.0,0.559926,-8.142272,9778.0,1038
1752632208268,XRP,A,Close Long,2.9072,387.0,0.506288,-7.362288,9350.0,1038
1752632208268,XRP,A,Close Long,2.9072,365.0,0.477507,-6.94376,8963.0,1038
1752632208268,XRP,A,Close Long,2.9072,464.0,0.607023,-8.827136,8598.0,1038
1752632208268,XRP,A,Close Long,2.9072,8134.0,10.641224,-154.741216,8134.0,1038
1752632268049,BERA,A,Close Long,2.3397,9.2,0.003228,1.285516,9844.6,1039
1752632275025,BERA,A,Close Long,2.3397,824.8,0.289467,115.249304,9835.4,1039
1752632275025,BERA,A,Close Long,2.3397,1037.4,0.36408,144.955902,9010.6,1039
1752632276037,BERA,A,Close Long,2.3397,342.6,0.120237,47.871498,7973.2,1039
1752632276037,BERA,A,Close Long,2.3397,499.5,0.175302,69.795135,7630.6,1039
1752632276121,BERA,A,Close Long,2.3397,38.4,0.013476,5.365632,7131.1,1039
1752632276336,BERA,A,Close Long,2.3397,1599.8,0.561457,223.540054,7092.7,1039
1752632598046,BERA,A,Close Long,2.3253,359.0,0.125217,44.99347,5492.9,1048
1752632599455,BERA,A,Close Long,2.3253,80.2,0.027973,10.051466,5133.9,1048
1752632599542,BERA,A,Close Long,2.3253,1654.8,0.577185,207.396084,5053.7,1048
1752632599853,BERA,A,Close Long,2.3253,1163.2,0.405718,145.783856,3398.9,1048
1752632600667,BERA,A,Close Long,2.3253,454.1,0.158387,56.912353,2235.7,1048
1752632600770,BERA,A,Close Long,2.3253,345.2,0.120404,43.263916,1781.6,1048
1752632600770,BERA,A,Close Long,2.3253,306.2,0.106801,38.376046,1436.4,1048
1752632600770,BERA,A,Close Long,2.3253,248.3,0.086605,31.119439,1130.2,1048
1752632600770,BERA,A,Close Long,2.3253,881.8,0.307567,110.515994,881.9,1048
1752633201936,BERA,B,Open Long,2.315,211.0,0.073269,0.0,0.1,1040
1752633234655,BERA,B,Open Long,2.3079,233.6,0.080868,0.0,211.1,1041
1752633574561,BERA,B,Open Long,2.305,162.7,0.056253,0.0,444.7,1049
1752633594268,BERA,B,Open Long,2.3007,256.2,0.088415,0.0,607.4,1042
1752633598455,BERA,B,Open Long,2.295,8.7,0.002994,0.0,863.6,1050
1752633601575,BERA,B,Open Long,2.295,17.4,0.005989,0.0,872.3,1050
1752633615940,BERA,B,Open Long,2.295,149.4,0.05143,0.0,889.7,1050
1752633616235,BERA,B,Open Long,2.2936,278.8,0.095918,0.0,1039.1,1043
1752633650602,BERA,B,Open Long,2.2864,299.5,0.102716,0.0,1317.9,1044
1752633650602,BERA,B,Open Long,2.2864,1.9,0.000651,0.0,1617.4,1044
1752633651917,BERA,B,Open Long,2.285,188.3,0.064539,0.0,1619.3,1051
1752633661250,BERA,B,Open Long,2.2793,3.8,0.001299,0.0,1807.6,1045
1752633661250,BERA,B,Open Long,2.2793,23.6,0.008068,0.0,1811.4,1045
1752633662456,BERA,B,Open Long,2.2793,296.6,0.101406,0.0,1835.0,1045
1752633662456,BERA,B,Open Long,2.275,164.7,0.056203,0.0,2131.6,1052
1752633693329,BERA,B,Open Long,2.275,36.5,0.012455,0.0,2296.3,1052
1752633702507,BERA,B,Open Long,2.2721,214.0,0.072934,0.0,2332.8,1046
1752633703794,BERA,B,Open Long,2.2721,132.6,0.045192,0.0,2546.8,1046
1752633718083,BERA,B,Open Long,2.265,24.5,0.008323,0.0,2679.4,1047
1752633958335,XRP,B,Open Long,2.8947,115.0,0.1498,0.0,0.0,1053
1752633958335,XRP,B,Open Long,2.8948,793.0,1.033009,0.0,115.0,1053
1752633958335,XRP,B,Open Long,2.8949,150.0,0.195405,0.0,908.0,1053
1752633958335,XRP,B,Open Long,2.8949,520.0,0.677406,0.0,1058.0,1053
1752633958335,XRP,B,Open Long,2.895,240.0,0.31266,0.0,1578.0,1053
1752633958335,XRP,B,Open Long,2.895,273.0,0.35565,0.0,1818.0,1053
1752633958335,XRP,B,Open Long,2.895,2072.0,2.699298,0.0,2091.0,1053
1752633958335,XRP,B,Open Long,2.895,173.0,0.225375,0.0,4163.0,1053
1752633958335,XRP,B,Open Long,2.895,326.0,0.424696,0.0,4336.0,1053
1752633958335,XRP,B,Open Long,2.895,181.0,0.235797,0.0,4662.0,1053
1752633958335,XRP,B,Open Long,2.8952,354.0,0.461205,0.0,4843.0,1053
1752633958335,XRP,B,Open Long,2.8953,58.0,0.075567,0.0,5197.0,1053
1752633958335,XRP,B,Open Long,2.8954,240.0,0.312703,0.0,5255.0,1053
1752633958335,XRP,B,Open Long,2.8954,452.0,0.588924,0.0,5495.0,1053
1752633958335,XRP,B,Open Long,2.8954,666.0,0.867751,0.0,5947.0,1053
1752633958335,XRP,B,Open Long,2.8955,4134.0,5.386498,0.0,6613.0,1053
1752633958335,XRP,B,Open Long,2.8955,4143.0,5.398225,0.0,10747.0,1053
1752633958335,XRP,B,Open Long,2.8956,465.0,0.605904,0.0,14890.0,1053
1752633958335,XRP,B,Open Long,2.8956,380.0,0.495147,0.0,15355.0,1053
1752633958335,XRP,B,Open Long,2.8956,653.0,0.850872,0.0,15735.0,1053
1752633958335,XRP,B,Open Long,2.8956,887.0,1.155778,0.0,16388.0,1053
1752640700698,BERA,B,Open Long,2.295,105.9,0.036456,0.0,2703.9,1054
1752640700964,BERA,B,Open Long,2.295,105.9,0.036456,0.0,2809.8,1054
1752640798961,BERA,B,Open Long,2.2903,234.1,0.080423,0.0,2915.7,1055
1752641048185,BERA,B,Open Long,2.2855,163.0,0.05588,0.0,3149.8,1056
1752641060639,BERA,B,Open Long,2.2855,93.5,0.032054,0.0,3312.8,1056
1752641077467,BERA,B,Open Long,2.2808,278.8,0.095383,0.0,3406.3,1057
1752641139411,BERA,B,Open Long,2.2761,75.3,0.025708,0.0,3685.1,1058
1752641141165,BERA,B,Open Long,2.2761,225.8,0.077091,0.0,3760.4,1058
1752645854061,BERA,B,Open Long,2.2713,323.4,0.11018,0.0,3986.2,1059
1752657926184,BERA,B,Open Long,2.38,284.1,0.101423,0.0,4309.6,1060
1752658236975,BERA,A,Close Long,2.4079,50.0,0.018059,5.7435,4593.7,1061
1752658264462,BERA,A,Close Long,2.4079,461.4,0.16665,53.001018,4543.7,1061
1752658264462,BERA,A,Close Long,2.4079,618.8,0.223501,71.081556,4082.3,1061
1752658264462,BERA,A,Close Long,2.4079,637.8,0.230363,73.264086,3463.5,1061
1752658264462,BERA,A,Close Long,2.4079,567.9,0.205116,65.234673,2825.7,1061
1752658264462,BERA,A,Close Long,2.4079,403.1,0.145593,46.304097,2257.8,1061
1752658264462,BERA,A,Close Long,2.4079,178.0,0.06429,20.44686,1854.7,1061
1752658264462,BERA,A,Close Long,2.4079,35.5,0.012822,4.077885,1676.7,1061
1752658264531,BERA,A,Close Long,2.4079,403.9,0.145882,46.395993,1641.2,1061
1752658264622,BERA,A,Close Long,2.4079,314.6,0.113628,36.138102,1237.3,1061
1752658264622,BERA,A,Close Long,2.4079,496.9,0.179472,57.078903,922.7,1061
1752658264622,BERA,A,Close Long,2.4079,425.0,0.153503,48.81975,425.8,1061
1752658571389,FARTCOIN,B,Open Long,1.2461,51.4,0.028822,0.0,0.0,1062
1752658578644,FARTCOIN,B,Open Long,1.2461,2141.5,0.400278,0.0,51.4,1062
1752658582958,FARTCOIN,B,Open Long,1.2461,2303.5,0.430558,0.0,2192.9,1062
1752658582958,FARTCOIN,B,Open Long,1.2461,2553.9,0.477362,0.0,4496.4,1062
1752658582958,FARTCOIN,B,Open Long,1.2461,1931.5,0.361026,0.0,7050.3,1062
1752658582958,FARTCOIN,B,Open Long,1.2461,347.0,0.064859,0.0,8981.8,1062
1752658582958,FARTCOIN,B,Open Long,1.2461,1326.2,0.247886,0.0,9328.8,1062
1752658583148,FARTCOIN,B,Open Long,1.2461,309.2,0.057794,0.0,10655.0,1062
1752658583148,FARTCOIN,B,Open Long,1.2461,2726.7,0.509661,0.0,10964.2,1062
1752658583148,FARTCOIN,B,Open Long,1.2461,1227.9,0.229512,0.0,13690.9,1062
1752658583148,FARTCOIN,B,Open Long,1.2461,1256.4,0.23484,0.0,14918.8,1062
1752658583262,FARTCOIN,B,Open Long,1.2461,800.4,0.149606,0.0,16175.2,1062
1752658583262,FARTCOIN,B,Open Long,1.2461,32.0,0.005981,0.0,16975.6,1062
1752658583746,FARTCOIN,B,Open Long,1.2461,1961.0,0.36654,0.0,17007.6,1062
1752658583955,FARTCOIN,B,Open Long,1.2461,239.8,0.044822,0.0,18968.6,1062
1752658584014,FARTCOIN,B,Open Long,1.2461,222.5,0.041588,0.0,19208.4,1062
1752658584165,FARTCOIN,B,Open Long,1.2461,631.6,0.118055,0.0,19430.9,1062
1752658730222,FARTCOIN,A,Close Long,1.2424,1697.3,0.316308,-6.28001,20062.5,1063
1752658730425,FARTCOIN,A,Close Long,1.2424,1572.3,0.293013,-5.81751,18365.2,1063
1752658730623,FARTCOIN,A,Close Long,1.2424,2129.1,0.396779,-7.87767,16792.9,1063
1752658730623,FARTCOIN,A,Close Long,1.2424,1618.9,0.301698,-5.98993,14663.8,1063
1752658730623,FARTCOIN,A,Close Long,1.2424,3013.6,0.561614,-11.15032,13044.9,1063
1752658871812,FARTCOIN,B,Open Long,1.24,192.2,0.035749,0.0,10031.3,1064
1752658871812,FARTCOIN,B,Open Long,1.24,427.4,0.079496,0.0,10223.5,1064
1752658959704,FARTCOIN,B,Open Long,1.2374,684.8,0.127105,0.0,10650.9,1065
1752658991141,FARTCOIN,B,Open Long,1.2347,750.0,0.138903,0.0,11335.7,1066
1752659073483,FARTCOIN,B,Open Long,1.2321,815.2,0.150661,0.0,12085.7,1067
1752659234613,FARTCOIN,B,Open Long,1.2295,47.1,0.008686,0.0,12900.9,1068
1752660192485,FARTCOIN,B,Open Long,1.2295,833.4,0.153699,0.0,12948.0,1068
1752662032999,FARTCOIN,B,Open Long,1.2268,57.7,0.010617,0.0,13781.4,1069
1752662041199,FARTCOIN,B,Open Long,1.2268,381.9,0.070277,0.0,13839.1,1069
1752662041783,FARTCOIN,B,Open Long,1.2268,288.0,0.052997,0.0,14221.0,1069
1752662042204,FARTCOIN,B,Open Long,1.2268,218.1,0.040134,0.0,14509.0,1069
1752662245885,FARTCOIN,B,Open Long,1.2242,1010.9,0.185631,0.0,14727.1,1070
1752662323226,FARTCOIN,B,Open Long,1.2216,291.5,0.053414,0.0,15738.0,1071
1752662324083,FARTCOIN,B,Open Long,1.2216,180.3,0.033038,0.0,16029.5,1071
1752662324083,FARTCOIN,B,Open Long,1.2216,604.3,0.110731,0.0,16209.8,1071
1752662337737,FARTCOIN,B,Open Long,1.2189,1141.4,0.208687,0.0,16814.1,1072
1752670676927,FARTCOIN,A,Close Long,1.257,300.0,0.169695,5.646,17955.5,1077
1752670676927,FARTCOIN,A,Close Long,1.257,795.9,0.4502,14.978838,17655.5,1077
1752670676927,FARTCOIN,A,Close Long,1.257,795.9,0.4502,14.978838,16859.6,1077
1752670676927,FARTCOIN,A,Close Long,1.257,795.9,0.4502,14.978838,16063.7,1077
1752670676927,FARTCOIN,A,Close Long,1.257,795.9,0.4502,14.978838,15267.8,1077
1752670676927,FARTCOIN,A,Close Long,1.257,159.3,0.090108,2.998026,14471.9,1077
1752670676927,FARTCOIN,A,Close Long,1.257,1055.1,0.596817,19.856982,14312.6,1077
1752670676927,FARTCOIN,A,Close Long,1.257,795.5,0.449974,14.97131,13257.5,1077
1752670676927,FARTCOIN,A,Close Long,1.2569,795.4,0.449882,14.889888,12462.0,1077
1752670676927,FARTCOIN,A,Close Long,1.2569,3197.5,1.808521,59.8572,11666.6,1077
1752670676927,FARTCOIN,A,Close Long,1.2569,3957.2,2.238212,74.078784,8469.1,1077
1752670676927,FARTCOIN,A,Close Long,1.2568,880.4,0.497919,16.393048,4511.9,1077
1752670676927,FARTCOIN,A,Close Long,1.2567,50.9,0.028784,0.942668,3631.5,1077
1752670676927,FARTCOIN,A,Close Long,1.2567,2505.6,1.416954,46.403712,3580.6,1077
1752670676927,FARTCOIN,A,Close Long,1.2567,895.4,0.506362,16.582808,1075.0,1077
1752670700055,XRP,A,Close Long,2.9681,5053.0,6.749014,367.641121,17275.0,1078
1752670700055,XRP,A,Close Long,2.9681,4500.0,6.010402,327.4065,12222.0,1078
1752670700055,XRP,A,Close Long,2.9681,2345.0,3.132087,170.615165,7722.0,1078
1752670700055,XRP,A,Close Long,2.9681,5367.0,7.168406,390.486819,5377.0,1078
1752670701664,FARTCOIN,A,Close Long,1.2582,179.6,0.033895,3.595592,179.6,1076
1752671785654,FARTCOIN,B,Open Long,1.2755,2358.9,1.353949,0.0,0.0,1088
1752671785654,FARTCOIN,B,Open Long,1.2755,1150.6,0.660415,0.0,2358.9,1088
1752671785654,FARTCOIN,B,Open Long,1.2758,982.2,0.56389,0.0,3509.5,1088
1752671785654,FARTCOIN,B,Open Long,1.2759,675.3,0.387726,0.0,4491.7,1088
1752671785654,FARTCOIN,B,Open Long,1.2759,50.3,0.028879,0.0,5167.0,1088
1752671785654,FARTCOIN,B,Open Long,1.2759,1900.0,1.090894,0.0,5217.3,1088
1752671785654,FARTCOIN,B,Open Long,1.2759,1595.7,0.916179,0.0,7117.3,1088
1752671785654,FARTCOIN,B,Open Long,1.276,219.2,0.125864,0.0,8713.0,1088
1752671785654,FARTCOIN,B,Open Long,1.276,10692.5,6.139633,0.0,8932.2,1088
1752672035729,FARTCOIN,B,Open Long,1.27,1267.9,0.241534,0.0,19624.7,1079
1752672037685,FARTCOIN,B,Open Long,1.2683,1338.3,0.254604,0.0,20892.6,1080
1752672042428,FARTCOIN,B,Open Long,1.2667,1408.8,0.267679,0.0,22230.9,1081
1752672363358,FARTCOIN,B,Open Long,1.265,1479.2,0.280678,0.0,23639.7,1082
1752672389920,FARTCOIN,B,Open Long,1.2633,50.0,0.009474,0.0,25118.9,1083
1752672391177,FARTCOIN,B,Open Long,1.2633,265.5,0.05031,0.0,25168.9,1083
1752672391177,FARTCOIN,B,Open Long,1.2633,454.5,0.086125,0.0,25434.4,1083
1752672391177,FARTCOIN,B,Open Long,1.2633,533.1,0.101019,0.0,25888.9,1083
1752672391943,FARTCOIN,B,Open Long,1.2633,246.5,0.04671,0.0,26422.0,1083
1752672629363,FARTCOIN,B,Open Long,1.2617,717.5,0.13579,0.0,26668.5,1084
1752672641397,FARTCOIN,B,Open Long,1.2617,113.7,0.021518,0.0,27386.0,1084
1752672641534,FARTCOIN,B,Open Long,1.2617,50.0,0.009462,0.0,27499.7,1084
1752672644054,FARTCOIN,B,Open Long,1.2617,50.0,0.009462,0.0,27549.7,1084
1752672645124,FARTCOIN,B,Open Long,1.2617,52.8,0.009992,0.0,27599.7,1084
1752672646539,FARTCOIN,B,Open Long,1.2617,50.0,0.009462,0.0,27652.5,1084
1752672649074,FARTCOIN,B,Open Long,1.2617,50.0,0.009462,0.0,27702.5,1084
1752672649754,FARTCOIN,B,Open Long,1.2617,191.0,0.036147,0.0,27752.5,1084
1752672649754,FARTCOIN,B,Open Long,1.2617,176.6,0.033422,0.0,27943.5,1084
1752672649754,FARTCOIN,B,Open Long,1.2617,168.5,0.031889,0.0,28120.1,1084
1752672656917,FARTCOIN,B,Open Long,1.26,2.5,0.000472,0.0,28288.6,1085
1752672657095,FARTCOIN,B,Open Long,1.26,1044.0,0.197315,0.0,28291.1,1085
1752672657555,FARTCOIN,B,Open Long,1.26,40.0,0.007559,0.0,29335.1,1085
1752672657605,FARTCOIN,B,Open Long,1.26,41.2,0.007786,0.0,29375.1,1085
1752672658017,FARTCOIN,B,Open Long,1.26,132.9,0.025118,0.0,29416.3,1085
1752672658219,FARTCOIN,B,Open Long,1.26,40.8,0.007711,0.0,29549.2,1085
1752672659592,FARTCOIN,B,Open Long,1.26,50.0,0.00945,0.0,29590.0,1085
1752672659987,FARTCOIN,B,Open Long,1.26,15.8,0.002986,0.0,29640.0,1085
1752672659987,FARTCOIN,B,Open Long,1.26,323.3,0.061103,0.0,29655.8,1085
1752672670313,FARTCOIN,B,Open Long,1.2583,1092.6,0.206222,0.0,29979.1,1086
1752672670447,FARTCOIN,B,Open Long,1.2583,20.0,0.003774,0.0,31071.7,1086
1752672670567,FARTCOIN,B,Open Long,1.2583,648.4,0.122382,0.0,31091.7,1086
1752672671687,FARTCOIN,B,Open Long,1.2567,93.5,0.017625,0.0,31740.1,1087
1752672671832,FARTCOIN,B,Open Long,1.2567,552.0,0.104054,0.0,31833.6,1087
1752672671832,FARTCOIN,B,Open Long,1.2567,528.7,0.099662,0.0,32385.6,1087
1752672671911,FARTCOIN,B,Open Long,1.2567,530.1,0.099926,0.0,32914.3,1087
1752672671911,FARTCOIN,B,Open Long,1.2567,127.1,0.023958,0.0,33444.4,1087
1752674873618,FARTCOIN,A,Close Long,1.2594,2033.3,1.152332,-22.467965,33571.5,1090
1752674875039,FARTCOIN,A,Close Long,1.2594,20.6,0.003891,-0.22763,31538.2,1090
1752674886274,FARTCOIN,A,Close Long,1.2594,4193.7,0.792231,-46.340385,31517.6,1090
1752674886274,FARTCOIN,A,Close Long,1.2594,2895.3,0.546951,-31.993065,27323.9,1090
1752674886478,FARTCOIN,A,Close Long,1.2594,1200.6,0.226805,-13.26663,24428.6,1090
1752674886478,FARTCOIN,A,Close Long,1.2594,2218.6,0.419115,-24.51553,23228.0,1090
1752674886478,FARTCOIN,A,Close Long,1.2594,1722.4,0.325378,-19.03252,21009.4,1090
1752674886478,FARTCOIN,A,Close Long,1.2594,933.2,0.17629,-10.31186,19287.0,1090
1752674887257,FARTCOIN,A,Close Long,1.2594,220.7,0.041692,-2.438735,18353.8,1090
1752674887360,FARTCOIN,A,Close Long,1.2594,358.3,0.067686,-3.959215,18133.1,1090
1752674887360,FARTCOIN,A,Close Long,1.2594,309.3,0.058429,-3.417765,17774.8,1090
1752674887360,FARTCOIN,A,Close Long,1.2594,228.1,0.04309,-2.520505,17465.5,1090
1752674887360,FARTCOIN,A,Close Long,1.2594,17237.3,3.256298,-190.472165,17237.4,1090
1752674888102,FARTCOIN,A,Close Long,1.2607,0.1,0.000018,-0.000975,0.1,1089
1752680293393,FARTCOIN,B,Open Long,1.2163,1206.6,0.220138,0.0,0.0,1073
1752680296330,FARTCOIN,B,Open Long,1.2137,1271.8,0.231537,0.0,1206.6,1074
1752680296330,FARTCOIN,B,Open Long,1.2111,1337.0,0.242886,0.0,2478.4,1075
1752681402851,FARTCOIN,B,Open Long,1.2437,1445.4,0.269646,0.0,3815.4,1091
1752681402950,FARTCOIN,B,Open Long,1.2437,232.8,0.04343,0.0,5260.8,1091
1752681402950,FARTCOIN,B,Open Long,1.2437,236.5,0.04412,0.0,5493.6,1091
1752681403037,FARTCOIN,B,Open Long,1.2437,358.3,0.066842,0.0,5730.1,1091
1752681403676,FARTCOIN,B,Open Long,1.2437,1288.3,0.240338,0.0,6088.4,1091
1752681403828,FARTCOIN,B,Open Long,1.2437,294.6,0.054959,0.0,7376.7,1091
1752681412189,FARTCOIN,B,Open Long,1.2437,270.3,0.050425,0.0,7671.3,1091
1752681412494,FARTCOIN,B,Open Long,1.2437,2483.3,0.463272,0.0,7941.6,1091
1752681412751,FARTCOIN,B,Open Long,1.2437,507.3,0.094639,0.0,10424.9,1091
1752681412751,FARTCOIN,B,Open Long,1.2437,343.7,0.064118,0.0,10932.2,1091
1752681412751,FARTCOIN,B,Open Long,1.2437,2131.0,0.397548,0.0,11275.9,1091
1752681412751,FARTCOIN,B,Open Long,1.2437,320.0,0.059697,0.0,13406.9,1091
1752681412751,FARTCOIN,B,Open Long,1.2437,1605.3,0.299476,0.0,13726.9,1091
1752681412751,FARTCOIN,B,Open Long,1.2437,2674.3,0.498904,0.0,15332.2,1091
1752681412751,FARTCOIN,B,Open Long,1.2437,1889.9,0.35257,0.0,18006.5,1091
1752684064043,FARTCOIN,A,Close Long,1.3066,8.9,0.001744,0.611163,19896.4,1092
1752684066011,FARTCOIN,A,Close Long,1.3066,9946.1,1.949336,682.998687,19887.5,1092
1752684321654,FARTCOIN,B,Open Long,1.3,46.9,0.009145,0.0,9941.4,1093
1752684321654,FARTCOIN,B,Open Long,1.3,782.5,0.152587,0.0,9988.3,1093
1752684321654,FARTCOIN,B,Open Long,1.3,481.2,0.093833,0.0,10770.8,1093
1752684503337,FARTCOIN,B,Open Long,1.2944,1456.3,0.282755,0.0,11252.0,1094
1752690943761,BERA,B,Open Long,2.4125,252.7,0.091445,0.0,0.8,1095
1752690982921,BERA,B,Open Long,2.4,288.8,0.103967,0.0,253.5,1096
1752691681897,BERA,B,Open Long,2.3875,324.8,0.116318,0.0,542.3,1097
1752691682689,BERA,B,Open Long,2.3875,0.1,0.000035,0.0,867.1,1097
1752692222872,BERA,B,Open Long,2.375,361.0,0.128606,0.0,867.2,1098
1752692359652,XRP,A,Close Long,3.0562,10.0,0.013752,1.60857,10.0,1101
1752694212747,BERA,B,Open Long,2.3625,87.3,0.030936,0.0,1228.2,1099
1752694213209,BERA,B,Open Long,2.3625,309.8,0.109785,0.0,1315.5,1099
1752706001340,BERA,B,Open Long,2.35,433.2,0.152703,0.0,5174.9,1100
1752706241001,FARTCOIN,A,Close Long,1.3829,276.3,0.171942,36.49923,12708.3,1102
1752706241001,FARTCOIN,A,Close Long,1.3829,1900.0,1.182379,250.99,12432.0,1102
1752706241001,FARTCOIN,A,Close Long,1.3828,276.3,0.17193,36.4716,10532.0,1102
1752706241001,FARTCOIN,A,Close Long,1.3827,4044.0,2.516237,533.4036,10255.7,1102
1752706241001,FARTCOIN,A,Close Long,1.3827,276.3,0.171918,36.44397,6211.7,1102
1752706241001,FARTCOIN,A,Close Long,1.3827,1900.0,1.182208,250.61,5935.4,1102
1752706241001,FARTCOIN,A,Close Long,1.3827,1843.5,1.147053,243.15765,4035.4,1102
1752706241001,FARTCOIN,A,Close Long,1.3827,180.9,0.112558,23.86071,2191.9,1102
1752706241001,FARTCOIN,A,Close Long,1.3826,1455.0,0.905257,191.769,2011.0,1102
1752706241001,FARTCOIN,A,Close Long,1.3825,417.4,0.259674,54.97158,556.0,1102
1752706241001,FARTCOIN,A,Close Long,1.3825,121.0,0.075277,15.9357,138.6,1102
1752707387431,BERA,B,Open Long,2.33,136.3,0.047636,0.0,5608.1,1103
1752714001989,FARTCOIN,B,Open Long,1.4523,171.7,0.112211,0.0,17.6,1112
1752714001989,FARTCOIN,B,Open Long,1.4523,9.9,0.006469,0.0,189.3,1112
1752714001989,FARTCOIN,B,Open Long,1.4523,13.2,0.008626,0.0,199.2,1112
1752714001989,FARTCOIN,B,Open Long,1.4523,16.5,0.010783,0.0,212.4,1112
1752714001989,FARTCOIN,B,Open Long,1.4524,3230.8,2.111586,0.0,228.9,1112
1752714952283,BERA,A,Close Long,2.3238,5744.1,2.00222,-308.573052,5744.4,1113
1752714997266,FARTCOIN,B,Open Long,1.424,601.5,0.12848,0.0,3459.7,1111
1752714999327,BERA,A,Close Long,2.3214,0.3,0.000313,-0.016836,0.3,1114
1752715137837,BERA,B,Open Long,2.3184,150.7,0.052407,0.0,0.0,1104
1752715326107,BERA,B,Open Long,2.3068,82.5,0.028546,0.0,150.7,1105
1752715326107,BERA,B,Open Long,2.3068,82.5,0.028546,0.0,233.2,1105
1752715328144,FARTCOIN,A,Close Long,1.415,1064.6,0.677884,-34.397226,4061.2,1115
1752715328144,FARTCOIN,A,Close Long,1.415,80.7,0.051385,-2.607417,2996.6,1115
1752715328144,FARTCOIN,A,Close Long,1.415,1000.0,0.63675,-32.31,2915.9,1115
1752715328144,FARTCOIN,A,Close Long,1.415,1258.2,0.801158,-40.652442,1915.9,1115
1752715328144,FARTCOIN,A,Close Long,1.415,657.7,0.41879,-21.250287,657.7,1115
1752716811072,BERA,B,Open Long,2.2953,179.4,0.061766,0.0,315.7,1106
1752716892296,BERA,B,Open Long,2.2837,193.8,0.066387,0.0,495.1,1107
1752722077063,BERA,B,Open Long,2.2721,52.0,0.017722,0.0,1209.4,1108
1752722078738,BERA,B,Open Long,2.2721,39.0,0.013291,0.0,1261.4,1108
1752722078738,BERA,B,Open Long,2.2721,117.1,0.039909,0.0,1300.4,1108
1752722743626,BERA,B,Open Long,2.2605,76.1,0.025803,0.0,1537.4,1109
1752722743626,BERA,B,Open Long,2.2605,146.4,0.04964,0.0,1613.5,1109
1752722946358,BERA,B,Open Long,2.2489,236.8,0.07988,0.0,1797.8,1110
1752750964109,XLM,B,Open Long,0.47529,779.0,0.166612,0.0,0.0,1116
1752750967481,XLM,B,Open Long,0.47538,3408.0,0.243014,0.0,779.0,1116
1752751013822,XLM,B,Open Long,0.47538,3408.0,0.243014,0.0,4187.0,1116
1752751013963,XLM,B,Open Long,0.47538,2306.0,0.164433,0.0,7595.0,1116
1752751013963,XLM,B,Open Long,0.47538,5.0,0.000356,0.0,9901.0,1116
1752751014259,XLM,B,Open Long,0.47538,1343.0,0.095765,0.0,9906.0,1116
1752751014661,XLM,B,Open Long,0.47538,2950.0,0.210355,0.0,11249.0,1116
1752751014758,XLM,B,Open Long,0.47538,2950.0,0.210355,0.0,14199.0,1116
1752751015639,XLM,B,Open Long,0.47538,246.0,0.017541,0.0,17149.0,1116
1752751015766,XLM,B,Open Long,0.47538,3408.0,0.243014,0.0,17395.0,1116
1752751015842,XLM,B,Open Long,0.47538,722.0,0.051483,0.0,20803.0,1116
1752751015842,XLM,B,Open Long,0.47538,1.0,0.000071,0.0,21525.0,1116
1752751015842,XLM,B,Open Long,0.47538,3033.0,0.216274,0.0,21526.0,1116
1752751015842,XLM,B,Open Long,0.47538,5259.0,0.375003,0.0,24559.0,1116
1752751015842,XLM,B,Open Long,0.47538,892.0,0.063605,0.0,29818.0,1116
1752751015842,XLM,B,Open Long,0.47538,439.0,0.031303,0.0,30710.0,1116
1752751015842,XLM,B,Open Long,0.47538,6311.0,0.450018,0.0,31149.0,1116
1752751016036,XLM,B,Open Long,0.47538,3973.0,0.283302,0.0,37460.0,1116
1752751016627,XLM,B,Open Long,0.47538,4085.0,0.291289,0.0,41433.0,1116
1752751017133,XLM,B,Open Long,0.47538,4374.0,0.311896,0.0,45518.0,1116
1752751017176,XLM,B,Open Long,0.47538,5874.0,0.418857,0.0,49892.0,1116
1752751017176,XLM,B,Open Long,0.47538,6311.0,0.450018,0.0,55766.0,1116
1752751017176,XLM,B,Open Long,0.47538,3280.0,0.233886,0.0,62077.0,1116
1752751017296,XLM,B,Open Long,0.47538,630.0,0.044923,0.0,65357.0,1116
1752751017767,XLM,B,Open Long,0.47538,900.0,0.064176,0.0,65987.0,1116
1752751017958,XLM,B,Open Long,0.47538,2915.0,0.207859,0.0,66887.0,1116
1752751018327,XLM,B,Open Long,0.47538,527.0,0.037578,0.0,69802.0,1116
1752751018631,XLM,B,Open Long,0.47538,3280.0,0.233886,0.0,70329.0,1116
1752751018631,XLM,B,Open Long,0.47538,2951.0,0.210426,0.0,73609.0,1116
1752751018724,XLM,B,Open Long,0.47538,2951.0,0.210426,0.0,76560.0,1116
1752751018807,XLM,B,Open Long,0.47538,1431.0,0.10204,0.0,79511.0,1116
1752751018807,XLM,B,Open Long,0.47538,1346.0,0.095979,0.0,80942.0,1116
1752751019004,XLM,B,Open Long,0.47538,1656.0,0.118084,0.0,82288.0,1116
1752751019407,XLM,B,Open Long,0.47538,1412.0,0.100685,0.0,83944.0,1116
1752751021277,XLM,B,Open Long,0.47538,6311.0,0.450018,0.0,85356.0,1116
1752751022135,XLM,B,Open Long,0.47538,2605.0,0.185754,0.0,91667.0,1116
1752751022261,XLM,B,Open Long,0.47538,2291.0,0.163364,0.0,94272.0,1116
1752751023841,XLM,B,Open Long,0.47538,1288.0,0.091843,0.0,96563.0,1116
1752751023841,XLM,B,Open Long,0.47538,7328.0,0.522537,0.0,97851.0,1116
1752753928556,BERA,A,Close Long,2.3808,1173.9,0.419223,119.902146,3965.5,1117
1752753928556,BERA,A,Close Long,2.3808,1177.4,0.420473,120.259636,2791.6,1117
1752753929982,BERA,A,Close Long,2.3808,1614.0,0.576391,164.85396,1614.2,1117
1752753931583,BERA,A,Close Long,2.3808,0.1,0.000035,0.010214,0.2,1117
1752753941441,XLM,A,Close Long,0.4699,6133.0,1.296853,-33.602707,105179.0,1118
1752753941441,XLM,A,Close Long,0.4699,198.0,0.041868,-1.084842,99046.0,1118
1752753941441,XLM,A,Close Long,0.46985,1428.0,0.301925,-7.895412,98848.0,1118
1752753941441,XLM,A,Close Long,0.46985,1628.0,0.344212,-9.001212,97420.0,1118
1752753941441,XLM,A,Close Long,0.46977,3013.0,0.636937,-16.899917,95792.0,1118
1752753941441,XLM,A,Close Long,0.46977,2968.0,0.627424,-16.647512,92779.0,1118
1752753941441,XLM,A,Close Long,0.46976,1931.0,0.408197,-10.850289,89811.0,1118
1752753943443,XLM,A,Close Long,0.46971,1829.0,0.128864,-10.368601,87880.0,1118
1752753943553,XLM,A,Close Long,0.46971,1828.0,0.128794,-10.362932,86051.0,1118
1752753943838,XLM,A,Close Long,0.46971,6387.0,0.450005,-36.207903,84223.0,1118
1752753943838,XLM,A,Close Long,0.46971,5322.0,0.374969,-30.170418,77836.0,1118
1752753943962,XLM,A,Close Long,0.46971,5322.0,0.374969,-30.170418,72514.0,1118
1752753966523,XLM,A,Close Long,0.46937,6133.0,1.29539,-36.853197,67192.0,1119
1752753966523,XLM,A,Close Long,0.46937,8027.0,1.695434,-48.234243,61059.0,1119
1752753966523,XLM,A,Close Long,0.46937,208.0,0.043933,-1.249872,53032.0,1119
1752753966523,XLM,A,Close Long,0.46937,118.0,0.024923,-0.709062,52824.0,1119
1752753966523,XLM,A,Close Long,0.46937,172.0,0.036329,-1.033548,52706.0,1119
1752753966523,XLM,A,Close Long,0.46937,107.0,0.0226,-0.642963,52534.0,1119
1752753966523,XLM,A,Close Long,0.46937,107.0,0.0226,-0.642963,52427.0,1119
1752753966523,XLM,A,Close Long,0.46937,107.0,0.0226,-0.642963,52320.0,1119
1752753966523,XLM,A,Close Long,0.46937,527.0,0.111311,-3.166743,52213.0,1119
1752753966523,XLM,A,Close Long,0.46932,4326.0,0.913625,-26.211234,51686.0,1119
1752753966523,XLM,A,Close Long,0.46927,14070.0,2.971183,-85.95363,47360.0,1119
1752753966523,XLM,A,Close Long,0.46924,924.0,0.195109,-5.672436,33290.0,1119
1752753966523,XLM,A,Close Long,0.46922,9246.0,1.952283,-56.946114,32366.0,1119
1752753966523,XLM,A,Close Long,0.46919,7940.0,1.676415,-49.14066,23120.0,1119
1752753966523,XLM,A,Close Long,0.46919,15180.0,3.205036,-93.94902,15180.0,1119
1752754654371,BERA,B,Open Long,2.3715,2109.1,2.250778,0.0,0.1,1120
1752754729514,BERA,B,Open Long,2.365,141.6,0.050232,0.0,2109.2,1121
1752754732464,BERA,B,Open Long,2.3628,39.4,0.013964,0.0,2250.8,1122
1752754732541,BERA,B,Open Long,2.3628,78.7,0.027892,0.0,2290.2,1122
1752754732541,BERA,B,Open Long,2.3628,0.5,0.000177,0.0,2368.9,1122
1752754732541,BERA,B,Open Long,2.3628,38.7,0.013716,0.0,2369.4,1122
1752754781019,BERA,B,Open Long,2.3606,142.4,0.050422,0.0,2408.1,1123
1752754781083,BERA,B,Open Long,2.3606,30.6,0.010835,0.0,2550.5,1123
1752754783874,BERA,B,Open Long,2.3583,188.8,0.066787,0.0,2581.1,1124
1752754878301,BERA,B,Open Long,2.3561,3.3,0.001166,0.0,2769.9,1125
1752754881216,BERA,B,Open Long,2.3561,176.1,0.062236,0.0,2773.2,1125
1752754881270,BERA,B,Open Long,2.3561,25.1,0.00887,0.0,2949.3,1125
1752754887919,BERA,B,Open Long,2.3539,82.7,0.0292,0.0,2974.4,1126
1752754890036,BERA,B,Open Long,2.3539,137.6,0.048584,0.0,3057.1,1126
1752755563711,BERA,B,Open Long,2.3517,236.0,0.08325,0.0,3194.7,1127
1752755570337,BERA,B,Open Long,2.3494,251.7,0.088701,0.0,3430.7,1128
1752759159010,BERA,B,Open Long,2.3472,267.5,0.094181,0.0,3682.4,1129
1752759181148,BERA,B,Open Long,2.345,283.2,0.099615,0.0,3949.9,1130
1752759983388,BERA,A,Close Long,2.311,167.0,0.05789,-8.60551,4233.1,1132
1752759983537,BERA,A,Close Long,2.311,166.0,0.057543,-8.55398,4066.1,1132
1752759983537,BERA,A,Close Long,2.311,165.5,0.05737,-8.528215,3900.1,1132
1752759983537,BERA,A,Close Long,2.311,166.0,0.057543,-8.55398,3734.6,1132
1752759984727,BERA,A,Close Long,2.311,166.0,0.057543,-8.55398,3568.6,1132
1752759986829,BERA,A,Close Long,2.311,103.5,0.035878,-5.333355,3402.6,1132
1752759991422,BERA,A,Close Long,2.311,714.7,0.24775,-36.828491,3299.1,1132
1752759991422,BERA,A,Close Long,2.311,433.5,0.150272,-22.338255,2584.4,1132
1752759991422,BERA,A,Close Long,2.311,154.6,0.053592,-7.966538,2150.9,1132
1752759991626,BERA,A,Close Long,2.311,270.0,0.093595,-13.9131,1996.3,1132
1752759992100,BERA,A,Close Long,2.311,30.1,0.010434,-1.551053,1726.3,1132
1752759999632,BERA,A,Close Long,2.311,195.9,0.067908,-10.094727,1696.2,1132
1752759999632,BERA,A,Close Long,2.311,246.0,0.085275,-12.67638,1500.3,1132
1752760000306,BERA,A,Close Long,2.311,132.5,0.045931,-6.827725,1254.3,1132
1752760000306,BERA,A,Close Long,2.311,424.0,0.146979,-21.84872,1121.8,1132
1752760000306,BERA,A,Close Long,2.311,26.5,0.009186,-1.365545,697.8,1132
1752760000811,BERA,A,Close Long,2.311,671.2,0.232671,-34.586936,671.3,1132
1752760061673,BERA,A,Close Long,2.3207,0.1,0.000034,-0.004183,0.1,1131
1752761580091,BERA,B,Open Long,2.35,249.9,0.088089,0.0,0.0,1133
1752763332957,XLM,B,Open Long,0.46842,519.0,0.036466,0.0,0.0,1146
1752763355850,XLM,B,Open Long,0.46842,3408.0,0.239456,0.0,519.0,1146
1752763355984,XLM,B,Open Long,0.46842,2727.0,0.191607,0.0,3927.0,1146
1752763357340,XLM,B,Open Long,0.46842,991.0,0.06963,0.0,6654.0,1146
1752763359068,XLM,B,Open Long,0.46842,2745.0,0.192871,0.0,7645.0,1146
1752763359068,XLM,B,Open Long,0.46842,2294.0,0.161183,0.0,10390.0,1146
1752763359718,XLM,B,Open Long,0.46842,2592.0,0.182121,0.0,12684.0,1146
1752763360399,XLM,B,Open Long,0.46842,2597.0,0.182473,0.0,15276.0,1146
1752763361453,XLM,B,Open Long,0.46842,577.0,0.040541,0.0,17873.0,1146
1752763361453,XLM,B,Open Long,0.46842,2369.0,0.166453,0.0,18450.0,1146
1752763361655,XLM,B,Open Long,0.46842,446.0,0.031337,0.0,20819.0,1146
1752763361856,XLM,B,Open Long,0.46842,292.0,0.020516,0.0,21265.0,1146
1752763362248,XLM,B,Open Long,0.46842,1278.0,0.089796,0.0,21557.0,1146
1752763362248,XLM,B,Open Long,0.46842,4.0,0.000281,0.0,22835.0,1146
1752763362248,XLM,B,Open Long,0.46842,6405.0,0.450034,0.0,22839.0,1146
1752763362248,XLM,B,Open Long,0.46842,6405.0,0.450034,0.0,29244.0,1146
1752763362349,XLM,B,Open Long,0.46842,1118.0,0.078554,0.0,35649.0,1146
1752763362349,XLM,B,Open Long,0.46842,6405.0,0.450034,0.0,36767.0,1146
1752763362349,XLM,B,Open Long,0.46842,6405.0,0.450034,0.0,43172.0,1146
1752763362349,XLM,B,Open Long,0.46842,3793.0,0.266507,0.0,49577.0,1146
1752764683735,XLM,A,Close Long,0.46248,8917.0,1.85577,-52.96698,53370.0,1147
1752764683735,XLM,A,Close Long,0.46244,6133.0,1.276265,-36.67534,44453.0,1147
1752764683735,XLM,A,Close Long,0.46233,4327.0,0.900225,-26.35143,38320.0,1147
1752764683735,XLM,A,Close Long,0.46229,4327.0,0.900147,-26.52451,33993.0,1147
1752764683735,XLM,A,Close Long,0.46224,6540.0,1.360372,-40.4172,29666.0,1147
1752764683735,XLM,A,Close Long,0.46222,1600.0,0.332798,-9.92,23126.0,1147
1752764683735,XLM,A,Close Long,0.46222,4018.0,0.835739,-24.9116,21526.0,1147
1752764683735,XLM,A,Close Long,0.46221,2352.0,0.489203,-14.60592,17508.0,1147
1752764683735,XLM,A,Close Long,0.46216,4018.0,0.835631,-25.15268,15156.0,1147
1752764683735,XLM,A,Close Long,0.46214,2733.0,0.568362,-17.16324,11138.0,1147
1752764683735,XLM,A,Close Long,0.46214,1424.0,0.296139,-8.94272,8405.0,1147
1752764683735,XLM,A,Close Long,0.46213,3135.0,0.651949,-19.71915,6981.0,1147
1752764683735,XLM,A,Close Long,0.46213,1535.0,0.319216,-9.65515,3846.0,1147
1752764683735,XLM,A,Close Long,0.46211,2311.0,0.480571,-14.58241,2311.0,1147
1752764748301,XLM,B,Open Long,0.46192,3280.0,0.681793,0.0,0.0,1148
1752764748301,XLM,B,Open Long,0.46194,3280.0,0.681823,0.0,3280.0,1148
1752764748301,XLM,B,Open Long,0.46194,1160.0,0.241132,0.0,6560.0,1148
1752764748301,XLM,B,Open Long,0.46199,1176.0,0.244485,0.0,7720.0,1148
1752764748301,XLM,B,Open Long,0.46202,1161.0,0.241382,0.0,8896.0,1148
1752764748301,XLM,B,Open Long,0.46204,2195.0,0.45638,0.0,10057.0,1148
1752764748301,XLM,B,Open Long,0.46213,2102.0,0.437128,0.0,12252.0,1148
1752764748301,XLM,B,Open Long,0.46215,4357.0,0.906114,0.0,14354.0,1148
1752764748301,XLM,B,Open Long,0.46221,9147.0,1.902525,0.0,18711.0,1148
1752764748301,XLM,B,Open Long,0.46224,8882.0,1.847527,0.0,27858.0,1148
1752764748301,XLM,B,Open Long,0.46228,3978.0,0.827527,0.0,36740.0,1148
1752764748301,XLM,B,Open Long,0.46232,6496.0,1.351453,0.0,40718.0,1148
1752764748301,XLM,B,Open Long,0.46234,6617.0,1.376686,0.0,47214.0,1148
1752764993459,XLM,A,Close Long,0.45884,1280.0,0.088097,-4.2816,53831.0,1149
1752764993523,XLM,A,Close Long,0.45884,1280.0,0.088097,-4.2816,52551.0,1149
1752764993999,XLM,A,Close Long,0.45884,3408.0,0.234559,-11.39976,51271.0,1149
1752764993999,XLM,A,Close Long,0.45884,1749.0,0.120376,-5.850405,47863.0,1149
1752764994407,XLM,A,Close Long,0.45884,12803.0,0.881179,-42.826035,46114.0,1149
1752764994407,XLM,A,Close Long,0.45884,28071.0,1.932014,-93.897495,33311.0,1149
1752764994480,XLM,A,Close Long,0.45884,1000.0,0.068826,-3.345,5240.0,1149
1752764994480,XLM,A,Close Long,0.45884,4239.0,0.291753,-14.179455,4240.0,1149
1752765010475,XLM,A,Close Long,0.45962,1.0,0.000206,-0.002565,1.0,1150
1752765074359,BERA,B,Open Long,2.3421,172.9,0.060742,0.0,249.9,1134
1752765074359,BERA,B,Open Long,2.3421,103.8,0.036466,0.0,422.8,1134
1752765300480,BERA,B,Open Long,2.3343,303.5,0.106269,0.0,526.6,1135
1752765330119,BERA,B,Open Long,2.3264,157.1,0.054821,0.0,830.1,1136
1752765332614,BERA,B,Open Long,2.3264,142.0,0.049552,0.0,987.2,1136
1752767184699,BERA,B,Open Long,2.3264,31.2,0.010887,0.0,1129.2,1136
1752768432852,BERA,B,Open Long,2.3186,91.4,0.031788,0.0,1160.4,1137
1752768432852,BERA,B,Open Long,2.3186,105.5,0.036691,0.0,1251.8,1137
1752768443277,BERA,B,Open Long,2.3186,160.1,0.055681,0.0,1357.3,1137
1752768488376,BERA,B,Open Long,2.3107,32.2,0.01116,0.0,1517.4,1138
1752768488479,BERA,B,Open Long,2.3107,46.9,0.016255,0.0,1549.6,1138
1752768651840,BERA,B,Open Long,2.3107,6.9,0.002391,0.0,1596.5,1138
1752768659325,BERA,B,Open Long,2.3107,111.7,0.038715,0.0,1603.4,1138
1752768659325,BERA,B,Open Long,2.3107,186.1,0.064503,0.0,1715.1,1138
1752768686155,BERA,B,Open Long,2.3029,410.6,0.141835,0.0,1901.2,1139
1752768987821,BERA,B,Open Long,2.295,410.0,0.141142,0.0,2311.8,1140
1752768987934,BERA,B,Open Long,2.295,27.4,0.009432,0.0,2721.8,1140
1752769515113,BERA,B,Open Long,2.2871,464.2,0.15925,0.0,2749.2,1141
1752769558944,BERA,B,Open Long,2.2793,491.0,0.16787,0.0,3213.4,1142
1752769751451,BERA,B,Open Long,2.2714,296.6,0.101054,0.0,3704.4,1143
1752769751451,BERA,B,Open Long,2.2714,74.1,0.025246,0.0,4001.0,1143
1752769751451,BERA,B,Open Long,2.2714,147.0,0.050084,0.0,4075.1,1143
1752769872959,BERA,B,Open Long,2.2636,42.4,0.014396,0.0,4222.1,1144
1752769875113,BERA,B,Open Long,2.2636,94.2,0.031984,0.0,4264.5,1144
1752769875177,BERA,B,Open Long,2.2636,125.6,0.042646,0.0,4358.7,1144
1752769878421,BERA,B,Open Long,2.2636,33.7,0.011442,0.0,4484.3,1144
1752769886077,BERA,B,Open Long,2.2636,217.5,0.073849,0.0,4518.0,1144
1752769886077,BERA,B,Open Long,2.2636,31.1,0.010559,0.0,4735.5,1144
1752769990811,BERA,B,Open Long,2.2557,571.3,0.193302,0.0,4766.6,1145
1752772150349,XLM,B,Open Long,0.47037,6133.0,1.29815,0.0,0.0,1151
1752772150349,XLM,B,Open Long,0.47042,960.0,0.203221,0.0,6133.0,1151
1752772150349,XLM,B,Open Long,0.47046,708.0,0.149888,0.0,7093.0,1151
1752772150349,XLM,B,Open Long,0.47048,6133.0,1.298454,0.0,7801.0,1151
1752772150349,XLM,B,Open Long,0.4705,4262.0,0.902371,0.0,13934.0,1151
1752772150349,XLM,B,Open Long,0.47054,1530.0,0.323966,0.0,18196.0,1151
1752772150349,XLM,B,Open Long,0.47054,1462.0,0.309568,0.0,19726.0,1151
1752772150349,XLM,B,Open Long,0.47059,6133.0,1.298757,0.0,21188.0,1151
1752772150349,XLM,B,Open Long,0.4706,3537.0,0.74903,0.0,27321.0,1151
1752772150349,XLM,B,Open Long,0.47081,8447.0,1.789619,0.0,30858.0,1151
1752772150349,XLM,B,Open Long,0.47092,1370.0,0.290322,0.0,39305.0,1151
1752772150349,XLM,B,Open Long,0.47092,1648.0,0.349234,0.0,40675.0,1151
1752772150349,XLM,B,Open Long,0.47096,10666.0,2.260466,0.0,42323.0,1151
1752783020746,XLM,A,Close Long,0.46736,1633.0,0.343439,-5.397065,52989.0,1153
1752783020746,XLM,A,Close Long,0.46733,1491.0,0.313555,-4.972485,51356.0,1153
1752783020746,XLM,A,Close Long,0.4673,1408.0,0.296081,-4.73792,49865.0,1153
1752783020746,XLM,A,Close Long,0.46727,3073.0,0.646164,-10.432835,48457.0,1153
1752783020746,XLM,A,Close Long,0.46727,3060.0,0.64343,-10.3887,45384.0,1153
1752783020746,XLM,A,Close Long,0.46725,3903.0,0.820654,-13.328745,42324.0,1153
1752783020746,XLM,A,Close Long,0.46724,2727.0,0.573373,-9.339975,38421.0,1153
1752783020746,XLM,A,Close Long,0.46722,3069.0,0.645254,-10.572705,35694.0,1153
1752783020746,XLM,A,Close Long,0.4672,9428.0,1.982142,-32.66802,32625.0,1153
1752783020746,XLM,A,Close Long,0.4672,7264.0,1.527183,-25.16976,23197.0,1153
1752783020746,XLM,A,Close Long,0.46719,8215.0,1.727084,-28.547125,15933.0,1153
1752783020746,XLM,A,Close Long,0.46719,3903.0,0.820549,-13.562925,7718.0,1153
1752783020746,XLM,A,Close Long,0.46715,3815.0,0.801979,-13.409725,3815.0,1153
1752783159044,XLM,B,Open Long,0.46926,807.0,0.170411,0.0,0.0,1154
1752783159044,XLM,B,Open Long,0.46928,933.0,0.197027,0.0,807.0,1154
1752783159044,XLM,B,Open Long,0.46932,813.0,0.1717,0.0,1740.0,1154
1752783159044,XLM,B,Open Long,0.46932,867.0,0.183105,0.0,2553.0,1154
1752783159044,XLM,B,Open Long,0.46937,1650.0,0.348507,0.0,3420.0,1154
1752783159044,XLM,B,Open Long,0.46937,3280.0,0.69279,0.0,5070.0,1154
1752783159044,XLM,B,Open Long,0.46937,3280.0,0.69279,0.0,8350.0,1154
1752783159044,XLM,B,Open Long,0.46939,1715.0,0.362251,0.0,11630.0,1154
1752783159044,XLM,B,Open Long,0.46941,4341.0,0.916968,0.0,13345.0,1154
1752783159044,XLM,B,Open Long,0.46944,1768.0,0.373486,0.0,17686.0,1154
1752783159044,XLM,B,Open Long,0.46944,1580.0,0.333771,0.0,19454.0,1154
1752783159044,XLM,B,Open Long,0.46952,3966.0,0.837952,0.0,21034.0,1154
1752783640944,XLM,A,Close Long,0.46467,1881.0,0.393319,-8.899011,25000.0,1155
1752783640944,XLM,A,Close Long,0.46452,1381.0,0.288675,-6.740661,23119.0,1155
1752783640944,XLM,A,Close Long,0.46451,1332.0,0.278427,-6.514812,21738.0,1155
1752783640944,XLM,A,Close Long,0.46448,1366.0,0.285515,-6.722086,20406.0,1155
1752783640944,XLM,A,Close Long,0.46447,6133.0,1.281867,-30.241823,19040.0,1155
1752783640944,XLM,A,Close Long,0.46439,6427.0,1.343085,-32.205697,12907.0,1155
1752783640944,XLM,A,Close Long,0.46435,2870.0,0.599708,-14.49637,6480.0,1155
1752783640944,XLM,A,Close Long,0.46433,2699.0,0.563952,-13.686629,3610.0,1155
1752783640944,XLM,A,Close Long,0.46433,911.0,0.190352,-4.619681,911.0,1155
1752786953102,XLM,B,Open Long,0.47722,3280.0,0.704376,0.0,0.0,1156
1752786953102,XLM,B,Open Long,0.47724,730.0,0.156773,0.0,3280.0,1156
1752786953102,XLM,B,Open Long,0.47725,745.0,0.159998,0.0,4010.0,1156
1752786953102,XLM,B,Open Long,0.47734,3280.0,0.704553,0.0,4755.0,1156
1752786953345,XLM,B,Open Long,0.47735,126.0,0.009021,0.0,8035.0,1156
1752786954522,XLM,B,Open Long,0.47735,3973.0,0.284476,0.0,8161.0,1156
1752786954852,XLM,B,Open Long,0.47735,719.0,0.051482,0.0,12134.0,1156
1752786955948,XLM,B,Open Long,0.47735,2858.0,0.204639,0.0,12853.0,1156
1752787515111,POPCAT,B,Open Long,0.41126,1327.0,0.245583,0.0,0.0,1158
1752787515111,POPCAT,B,Open Long,0.41136,10442.0,1.932939,0.0,1327.0,1158
1752787515111,POPCAT,B,Open Long,0.41159,248.0,0.045933,0.0,11769.0,1158
1752787515111,POPCAT,B,Open Long,0.41165,105.0,0.01945,0.0,12017.0,1158
1752848829473,POPCAT,A,Close Long,0.38133,314.0,0.053881,-9.428164,12122.0,1159
1752848829473,POPCAT,A,Close Long,0.38133,972.0,0.166793,-29.185272,11808.0,1159
1752848829473,POPCAT,A,Close Long,0.38131,1020.0,0.175021,-30.64692,10836.0,1159
1752848829473,POPCAT,A,Close Long,0.3813,249.0,0.042724,-7.483944,9816.0,1159
1752848829473,POPCAT,A,Close Long,0.38127,1700.0,0.291671,-51.1462,9567.0,1159
1752848829473,POPCAT,A,Close Long,0.38126,2620.0,0.449505,-78.85152,7867.0,1159
1752848829473,POPCAT,A,Close Long,0.38126,5150.0,0.88357,-154.9944,5247.0,1159
1752848829473,POPCAT,A,Close Long,0.38117,97.0,0.016638,-2.928042,97.0,1159
1752870484595,XLM,A,Close Long,0.45585,3200.0,0.656424,-68.672,15711.0,1157
1752870484595,XLM,A,Close Long,0.4556,822.0,0.168526,-17.84562,12511.0,1157
1752870484595,XLM,A,Close Long,0.45545,4377.0,0.897077,-95.68122,11689.0,1157
1752870484595,XLM,A,Close Long,0.4554,4389.0,0.899437,-96.16299,7312.0,1157
1752870484595,XLM,A,Close Long,0.45534,1521.0,0.311657,-33.41637,2923.0,1157
1752870484595,XLM,A,Close Long,0.4553,932.0,0.190952,-20.51332,1402.0,1157
1752870484595,XLM,A,Close Long,0.45528,470.0,0.096291,-10.3541,470.0,1157
1752886351757,BERA,A,Close Long,2.2232,995.0,0.995437,-72.10765,5337.9,1152
1752886351757,BERA,A,Close Long,2.223,46.0,0.046016,-3.34282,4342.9,1152
1752886351757,BERA,A,Close Long,2.222,60.1,0.060093,-4.427567,4296.9,1152
1752886351757,BERA,A,Close Long,2.2216,46.0,0.045987,-3.40722,4236.8,1152
1752886351757,BERA,A,Close Long,2.2212,229.2,0.229094,-17.068524,4190.8,1152
1752886351757,BERA,A,Close Long,2.2212,224.1,0.223996,-16.688727,3961.6,1152
1752886351757,BERA,A,Close Long,2.221,846.6,0.846134,-63.215622,3737.5,1152
1752886351757,BERA,A,Close Long,2.2205,118.3,0.118208,-8.892611,2890.9,1152
1752886351757,BERA,A,Close Long,2.2204,119.4,0.119302,-8.987238,2772.6,1152
1752886351757,BERA,A,Close Long,2.2203,119.4,0.119296,-8.999178,2653.2,1152
1752886351757,BERA,A,Close Long,2.2203,221.3,0.221108,-16.679381,2533.8,1152
1752886351757,BERA,A,Close Long,2.2202,445.8,0.445394,-33.644526,2312.5,1152
1752886351757,BERA,A,Close Long,2.2201,46.0,0.045956,-3.47622,1866.7,1152
1752886351757,BERA,A,Close Long,2.22,75.0,0.074925,-5.67525,1820.7,1152
1752886351757,BERA,A,Close Long,2.22,50.2,0.050149,-3.798634,1745.7,1152
1752886351757,BERA,A,Close Long,2.2199,118.8,0.118675,-9.001476,1695.5,1152
1752886351757,BERA,A,Close Long,2.2199,1576.7,1.575052,-119.466559,1576.7,1152
1753410597362,SYRUP,A,Open Short,0.58957,111.0,0.029449,0.0,0.0,1160
1753410597362,SYRUP,A,Open Short,0.58957,111.0,0.029449,0.0,-111.0,1160
1753410597362,SYRUP,A,Open Short,0.58957,111.0,0.029449,0.0,-222.0,1160
1753410597362,SYRUP,A,Open Short,0.58905,25.0,0.006626,0.0,-333.0,1160
1753410597362,SYRUP,A,Open Short,0.58886,62.0,0.016429,0.0,-358.0,1160
1753410597362,SYRUP,A,Open Short,0.58874,62.0,0.016425,0.0,-420.0,1160
1753410597362,SYRUP,A,Open Short,0.58851,69.0,0.018273,0.0,-482.0,1160
1753410597362,SYRUP,A,Open Short,0.58845,954.0,0.252621,0.0,-551.0,1160
1753410597362,SYRUP,A,Open Short,0.58813,1702.0,0.450448,0.0,-1505.0,1160
1753410597362,SYRUP,A,Open Short,0.58794,58.0,0.015345,0.0,-3207.0,1160
1753410597362,SYRUP,A,Open Short,0.58748,25.0,0.002203,0.0,-3265.0,1160
1753410606338,SYRUP,A,Open Short,0.58748,1709.0,0.1506,0.0,-3290.0,1160
1753410606814,SYRUP,A,Open Short,0.58748,81.0,0.007137,0.0,-4999.0,1160
1753410608314,SYRUP,A,Open Short,0.58748,1709.0,0.1506,0.0,-5080.0,1160
1753410608516,SYRUP,A,Open Short,0.58748,1630.0,0.143638,0.0,-6789.0,1160
1753410608575,SYRUP,A,Open Short,0.58748,1000.0,0.088121,0.0,-8419.0,1160
1753410609200,SYRUP,A,Open Short,0.58748,656.0,0.057808,0.0,-9419.0,1160
1753410609986,SYRUP,A,Open Short,0.58748,11202.0,0.987142,0.0,-10075.0,1160
1753410640544,SYRUP,B,Close Short,0.59983,562.0,0.151697,-6.860896,-21277.0,1161
1753410640544,SYRUP,B,Close Short,0.59995,10087.0,2.723263,-124.352536,-20715.0,1161
1753410640544,SYRUP,B,Close Short,0.60001,642.0,0.173342,-7.953096,-10628.0,1161
1753410640544,SYRUP,B,Close Short,0.60001,9836.0,2.655764,-121.848368,-9986.0,1161
1753410640544,SYRUP,B,Close Short,0.60001,150.0,0.0405,-1.8582,-150.0,1161
1753410898267,SYRUP,B,Open Long,0.59912,2214.0,0.596903,0.0,0.0,1162
1753410898267,SYRUP,B,Open Long,0.59949,9500.0,2.562819,0.0,2214.0,1162
1753410898893,SYRUP,B,Open Long,0.59958,9133.0,0.821394,0.0,11714.0,1162
1753410910414,SYRUP,A,Close Long,0.60051,55.0,0.014862,0.0561,20847.0,1163
1753410910414,SYRUP,A,Close Long,0.60051,55.0,0.014862,0.0561,20792.0,1163
1753410910414,SYRUP,A,Close Long,0.60047,19015.0,5.138071,18.6347,20737.0,1163
1753410910414,SYRUP,A,Close Long,0.60044,1722.0,0.46528,1.6359,1722.0,1163
1753410931799,SYRUP,A,Open Short,0.59952,166.0,0.044784,0.0,0.0,1164
1753410931799,SYRUP,A,Open Short,0.59952,226.0,0.060971,0.0,-166.0,1164
1753410931799,SYRUP,A,Open Short,0.59947,60.0,0.016185,0.0,-392.0,1164
1753410931799,SYRUP,A,Open Short,0.59946,60.0,0.016185,0.0,-452.0,1164
1753410931799,SYRUP,A,Open Short,0.59934,20343.0,5.486568,0.0,-512.0,1164
1753411478519,SYRUP,B,Close Short,0.57776,2500.0,0.64998,53.96,-20855.0,1165
1753411515709,SYRUP,A,Open Short,0.58052,39.0,0.010188,0.0,-18355.0,1166
1753411515709,SYRUP,A,Open Short,0.58052,192.0,0.050156,0.0,-18394.0,1166
1753411515709,SYRUP,A,Open Short,0.58034,1683.0,0.43952,0.0,-18586.0,1166
1753411515709,SYRUP,A,Open Short,0.57998,2328.0,0.607587,0.0,-20269.0,1166
1753411515709,SYRUP,A,Open Short,0.57991,20.0,0.005219,0.0,-22597.0,1166
1753411515709,SYRUP,A,Open Short,0.57967,738.0,0.192508,0.0,-22617.0,1166
1753411538792,SYRUP,A,Open Short,0.5791,49.0,0.012769,0.0,-23355.0,1167
1753411538792,SYRUP,A,Open Short,0.57906,1729.0,0.450537,0.0,-23404.0,1167
1753411538792,SYRUP,A,Open Short,0.57902,1736.0,0.45233,0.0,-25133.0,1167
1753411538792,SYRUP,A,Open Short,0.57901,49.0,0.012767,0.0,-26869.0,1167
1753411538792,SYRUP,A,Open Short,0.57834,743.0,0.193367,0.0,-26918.0,1167
1753412268266,SYRUP,B,Close Short,0.565,1202.0,0.101869,33.273764,-27661.0,1168
1753412519280,SYRUP,A,Open Short,0.58,2494.0,0.650934,0.0,-26459.0,1169
1753412634119,SYRUP,A,Open Short,0.5861,1773.0,0.467619,0.0,-28953.0,1170
1753412634119,SYRUP,A,Open Short,0.5861,1773.0,0.467619,0.0,-30726.0,1170
1753412634119,SYRUP,A,Open Short,0.58574,714.0,0.188198,0.0,-32499.0,1170
1753412846947,SYRUP,B,Close Short,0.58963,13856.0,3.67646,17.292288,-33213.0,1171
1753412846947,SYRUP,B,Close Short,0.58963,1773.0,0.470436,2.212704,-19357.0,1171
1753412846947,SYRUP,B,Close Short,0.58963,17584.0,4.665624,21.944832,-17584.0,1171
1753412937677,SYRUP,A,Open Short,0.59501,19107.0,5.115985,0.0,0.0,1172
1753412937677,SYRUP,A,Open Short,0.59501,13718.0,3.673056,0.0,-19107.0,1172
1753412937677,SYRUP,A,Open Short,0.59501,87.0,0.023294,0.0,-32825.0,1172
1753412937677,SYRUP,A,Open Short,0.595,783.0,0.209648,0.0,-32912.0,1172
1753413137790,SYRUP,B,Close Short,0.5948,28285.0,7.570763,5.911565,-33695.0,1173
1753413137790,SYRUP,B,Close Short,0.59571,5410.0,1.450255,-3.79241,-5410.0,1173
1753413377205,SYRUP,A,Open Short,0.59367,86.0,0.022975,0.0,0.0,1174
1753413377205,SYRUP,A,Open Short,0.59332,19146.0,5.111867,0.0,-86.0,1174
1753413377205,SYRUP,A,Open Short,0.59321,6078.0,1.622488,0.0,-19232.0,1174
1753413871112,SYRUP,B,Close Short,0.60221,2403.0,0.651199,-21.425148,-25310.0,1181
1753413871112,SYRUP,B,Close Short,0.60311,1053.0,0.285783,-10.336248,-22907.0,1181
1753413871112,SYRUP,B,Close Short,0.60339,1687.0,0.458063,-17.031952,-21854.0,1181
1753413871112,SYRUP,B,Close Short,0.60351,1075.0,0.291947,-10.9822,-20167.0,1181
1753413871112,SYRUP,B,Close Short,0.60355,2206.0,0.599144,-22.624736,-19092.0,1181
1753413871112,SYRUP,B,Close Short,0.60356,1687.0,0.458192,-17.318742,-16886.0,1181
1753413871112,SYRUP,B,Close Short,0.60358,15199.0,4.128215,-156.336914,-15199.0,1181
1753413900965,SYRUP,A,Open Short,0.60444,807.0,0.073167,0.0,0.0,1175
1753413933137,SYRUP,A,Open Short,0.60556,316.0,0.028703,0.0,-807.0,1176
1753413933137,SYRUP,A,Open Short,0.60556,528.0,0.04796,0.0,-1123.0,1176
1753413934586,SYRUP,A,Open Short,0.60667,220.0,0.02002,0.0,-1651.0,1177
1753413934586,SYRUP,A,Open Short,0.60667,660.0,0.06006,0.0,-1871.0,1177
1753413938786,SYRUP,A,Open Short,0.60778,917.0,0.0836,0.0,-2531.0,1178
1753413939756,SYRUP,A,Open Short,0.60889,838.0,0.076537,0.0,-3448.0,1179
1753413958842,SYRUP,A,Open Short,0.60889,116.0,0.010594,0.0,-4286.0,1179
1753414068253,SYRUP,A,Open Short,0.61,990.0,0.090584,0.0,-4402.0,1180
1753414068253,SYRUP,A,Open Short,0.61,649.0,0.059383,0.0,-5392.0,1182
1753414069708,SYRUP,A,Open Short,0.61111,686.0,0.062883,0.0,-6041.0,1183
1753414072070,SYRUP,A,Open Short,0.61222,722.0,0.066303,0.0,-6727.0,1184
1753414122385,SYRUP,A,Open Short,0.61333,39.0,0.003587,0.0,-7449.0,1185
1753414123668,SYRUP,A,Open Short,0.61333,719.0,0.066147,0.0,-7488.0,1185
1753414123668,SYRUP,A,Open Short,0.61444,84.0,0.007741,0.0,-8207.0,1186
1753414125877,SYRUP,A,Open Short,0.61444,135.0,0.012442,0.0,-8291.0,1186
1753414126078,SYRUP,A,Open Short,0.61444,267.0,0.024608,0.0,-8426.0,1186
1753414126078,SYRUP,A,Open Short,0.61444,221.0,0.020368,0.0,-8693.0,1186
1753414126078,SYRUP,A,Open Short,0.61444,87.0,0.008018,0.0,-8914.0,1186
1753414138227,SYRUP,A,Open Short,0.61556,830.0,0.076637,0.0,-9001.0,1187
1753414138227,SYRUP,A,Open Short,0.61667,866.0,0.080105,0.0,-9831.0,1188
1753414138227,SYRUP,A,Open Short,0.61778,902.0,0.083585,0.0,-10697.0,1189
1753414329377,SYRUP,A,Open Short,0.601,806.0,0.07266,0.0,-11599.0,1190
1753414337689,SYRUP,A,Open Short,0.60211,100.0,0.009031,0.0,-12405.0,1191
1753414339187,SYRUP,A,Open Short,0.60211,728.0,0.06575,0.0,-12505.0,1191
1753414363988,SYRUP,A,Open Short,0.60322,851.0,0.077001,0.0,-13233.0,1192
1753418307247,SYRUP,A,Open Short,0.60433,873.0,0.079137,0.0,-14084.0,1193
1753418406603,SYRUP,A,Open Short,0.60544,896.0,0.081371,0.0,-14957.0,1194
1753418406603,SYRUP,A,Open Short,0.60656,918.0,0.083523,0.0,-15853.0,1195
1753418406603,SYRUP,A,Open Short,0.60767,940.0,0.085681,0.0,-16771.0,1196
1753423595392,SYRUP,A,Open Short,0.60878,963.0,0.087938,0.0,-17711.0,1197
1753423596104,SYRUP,A,Open Short,0.60989,387.0,0.035404,0.0,-18674.0,1198
1753423596224,SYRUP,A,Open Short,0.60989,598.0,0.054707,0.0,-19061.0,1198
1753423596995,SYRUP,A,Open Short,0.611,668.0,0.061222,0.0,-19659.0,1199
1753423597385,SYRUP,A,Open Short,0.611,340.0,0.03116,0.0,-20327.0,1199
1753423618926,SYRUP,B,Close Short,0.61845,20667.0,5.751677,-197.307849,-20667.0,1200
1753446382721,LINK,B,Open Long,18.302,31.1,0.256136,0.0,0.0,1201
1753446382721,LINK,B,Open Long,18.302,32.0,0.263548,0.0,31.1,1201
1753446382721,LINK,B,Open Long,18.304,232.7,1.916703,0.0,63.1,1201
1753446382721,LINK,B,Open Long,18.304,524.0,4.316083,0.0,295.8,1201
1753458183609,LINK,A,Close Long,17.416,175.4,1.374644,-155.727136,819.8,1202
1753458183609,LINK,A,Close Long,17.415,109.9,0.861258,-97.683516,644.4,1202
1753458183609,LINK,A,Close Long,17.415,112.1,0.878499,-99.638964,534.5,1202
1753458183609,LINK,A,Close Long,17.415,362.5,2.840821,-322.2045,422.4,1202
1753458183609,LINK,A,Close Long,17.412,47.8,0.374532,-42.629952,59.9,1202
1753458183609,LINK,A,Close Long,17.412,12.1,0.094808,-10.791264,12.1,1202
1753808159463,FARTCOIN,B,Open Long,1.114,535.8,0.268596,0.0,0.0,1203
1753808159463,FARTCOIN,B,Open Long,1.1145,122.3,0.061336,0.0,535.8,1203
1753808159463,FARTCOIN,B,Open Long,1.1145,1126.4,0.564917,0.0,658.1,1203
1753808159463,FARTCOIN,B,Open Long,1.1146,134.5,0.067461,0.0,1784.5,1203
1753808159463,FARTCOIN,B,Open Long,1.1147,4418.1,2.216185,0.0,1919.0,1203
1753808159463,FARTCOIN,B,Open Long,1.1147,1017.6,0.510443,0.0,6337.1,1203
1753808159463,FARTCOIN,B,Open Long,1.1147,897.2,0.450048,0.0,7354.7,1203
1753808159463,FARTCOIN,B,Open Long,1.1147,1247.0,0.625513,0.0,8251.9,1203
1753808159463,FARTCOIN,B,Open Long,1.1148,100.0,0.050166,0.0,9498.9,1203
1753808159463,FARTCOIN,B,Open Long,1.1148,269.2,0.135046,0.0,9598.9,1203
1753808159463,FARTCOIN,B,Open Long,1.1148,269.2,0.135046,0.0,9868.1,1203
1753808159463,FARTCOIN,B,Open Long,1.1148,269.2,0.135046,0.0,10137.3,1203
1753808159463,FARTCOIN,B,Open Long,1.1148,269.2,0.135046,0.0,10406.5,1203
1753808159463,FARTCOIN,B,Open Long,1.1148,2825.8,1.41759,0.0,10675.7,1203
1753808159463,FARTCOIN,B,Open Long,1.1148,582.0,0.291966,0.0,13501.5,1203
1753808159463,FARTCOIN,B,Open Long,1.1148,1247.0,0.62557,0.0,14083.5,1203
1753808159463,FARTCOIN,B,Open Long,1.1148,262.2,0.131535,0.0,15330.5,1203
1753808159463,FARTCOIN,B,Open Long,1.1148,1900.0,0.953154,0.0,15592.7,1203
1753808159463,FARTCOIN,B,Open Long,1.1148,2242.8,1.125123,0.0,17492.7,1203
1753808159463,FARTCOIN,B,Open Long,1.1148,1797.5,0.901733,0.0,19735.5,1203
1753808159463,FARTCOIN,B,Open Long,1.1149,2231.6,1.119604,0.0,21533.0,1203
1753808159463,FARTCOIN,B,Open Long,1.1149,1235.6,0.619906,0.0,23764.6,1203
1753808159463,FARTCOIN,B,Open Long,1.1149,150.0,0.075255,0.0,25000.2,1203
1753808159463,FARTCOIN,B,Open Long,1.1149,269.1,0.135008,0.0,25150.2,1203
1753808159463,FARTCOIN,B,Open Long,1.1149,269.1,0.135008,0.0,25419.3,1203
1753808159463,FARTCOIN,B,Open Long,1.1149,269.2,0.135058,0.0,25688.4,1203
1753808159463,FARTCOIN,B,Open Long,1.1149,269.2,0.135058,0.0,25957.6,1203
1753808159463,FARTCOIN,B,Open Long,1.1149,267.3,0.134105,0.0,26226.8,1203
1753808159463,FARTCOIN,B,Open Long,1.115,1659.3,0.832553,0.0,26494.1,1203
1753808159463,FARTCOIN,B,Open Long,1.115,338.6,0.169892,0.0,28153.4,1203
1753808159463,FARTCOIN,B,Open Long,1.115,1235.6,0.619962,0.0,28492.0,1203
1753808159463,FARTCOIN,B,Open Long,1.115,150.0,0.075262,0.0,29727.6,1203
1753808159463,FARTCOIN,B,Open Long,1.115,269.1,0.13502,0.0,29877.6,1203
1753808159463,FARTCOIN,B,Open Long,1.115,269.1,0.13502,0.0,30146.7,1203
1753808159463,FARTCOIN,B,Open Long,1.115,269.1,0.13502,0.0,30415.8,1203
1753808159463,FARTCOIN,B,Open Long,1.115,150.0,0.075262,0.0,30684.9,1203
1753808159463,FARTCOIN,B,Open Long,1.115,150.0,0.075262,0.0,30834.9,1203
1753808159463,FARTCOIN,B,Open Long,1.115,150.0,0.075262,0.0,30984.9,1203
1753808159463,FARTCOIN,B,Open Long,1.115,150.0,0.075262,0.0,31134.9,1203
1753808159463,FARTCOIN,B,Open Long,1.115,269.1,0.13502,0.0,31284.9,1203
1753808159463,FARTCOIN,B,Open Long,1.115,269.1,0.13502,0.0,31554.0,1203
1753808159463,FARTCOIN,B,Open Long,1.115,824.8,0.413843,0.0,31823.1,1203
1753808159463,FARTCOIN,B,Open Long,1.115,150.0,0.075262,0.0,32647.9,1203
1753808159463,FARTCOIN,B,Open Long,1.115,150.0,0.075262,0.0,32797.9,1203
1753808159463,FARTCOIN,B,Open Long,1.115,12130.2,6.086327,0.0,32947.9,1203
1753808159463,FARTCOIN,B,Open Long,1.1151,1235.6,0.620017,0.0,45078.1,1203
1753808159463,FARTCOIN,B,Open Long,1.1151,4516.1,2.266156,0.0,46313.7,1203
1753808159463,FARTCOIN,B,Open Long,1.1151,5324.7,2.671907,0.0,50829.8,1203
1753825058212,FARTCOIN,A,Close Long,1.0736,1634.6,0.789707,-67.50898,56154.5,1204
1753825058212,FARTCOIN,A,Close Long,1.0735,279.5,0.135019,-11.5713,54519.9,1204
1753825058212,FARTCOIN,A,Close Long,1.0735,156.0,0.075359,-6.4584,54240.4,1204
1753825058212,FARTCOIN,A,Close Long,1.0735,1862.7,0.899823,-77.11578,54084.4,1204
1753825058212,FARTCOIN,A,Close Long,1.0735,279.5,0.135019,-11.5713,52221.7,1204
1753825058212,FARTCOIN,A,Close Long,1.0734,1659.3,0.801491,-68.86095,51942.2,1204
1753825058212,FARTCOIN,A,Close Long,1.0734,156.0,0.075352,-6.474,50282.9,1204
1753825058212,FARTCOIN,A,Close Long,1.0734,279.5,0.135006,-11.59925,50126.9,1204
1753825058212,FARTCOIN,A,Close Long,1.0732,20.0,0.009658,-0.834,49847.4,1204
1753825058212,FARTCOIN,A,Close Long,1.0731,1659.3,0.801267,-69.35874,49827.4,1204
1753825058212,FARTCOIN,A,Close Long,1.0731,912.0,0.4404,-38.1216,48168.1,1204
1753825058212,FARTCOIN,A,Close Long,1.0731,1063.1,0.513365,-44.43758,47256.1,1204
1753825058212,FARTCOIN,A,Close Long,1.073,80.5,0.038869,-3.37295,46193.0,1204
1753825058212,FARTCOIN,A,Close Long,1.073,310.7,0.150021,-13.01833,46112.5,1204
1753825058212,FARTCOIN,A,Close Long,1.073,5232.2,2.526367,-219.22918,45801.8,1204
1753825058212,FARTCOIN,A,Close Long,1.0729,347.4,0.167726,-14.5908,40569.6,1204
1753825058212,FARTCOIN,A,Close Long,1.0729,279.7,0.13504,-11.7474,40222.2,1204
1753825058212,FARTCOIN,A,Close Long,1.0729,279.6,0.134992,-11.7432,39942.5,1204
1753825058212,FARTCOIN,A,Close Long,1.0728,1659.3,0.801043,-69.85653,39662.9,1204
1753825058212,FARTCOIN,A,Close Long,1.0727,20798.3,10.039651,-877.68826,38003.6,1204
1753825058212,FARTCOIN,A,Close Long,1.0727,191.0,0.092198,-8.0602,17205.3,1204
1753825058212,FARTCOIN,A,Close Long,1.0727,406.4,0.196175,-17.15008,17014.3,1204
1753825058212,FARTCOIN,A,Close Long,1.0726,1235.1,0.596145,-52.24473,16607.9,1204
1753825058212,FARTCOIN,A,Close Long,1.0725,10000.0,4.82625,-424.0,15372.8,1204
1753825058212,FARTCOIN,A,Close Long,1.0725,1659.3,0.800819,-70.35432,5372.8,1204
1753825058212,FARTCOIN,A,Close Long,1.0725,279.7,0.13499,-11.85928,3713.5,1204
1753825058212,FARTCOIN,A,Close Long,1.0724,896.8,0.432777,-38.114,3433.8,1204
1753825058212,FARTCOIN,A,Close Long,1.0723,347.4,0.167632,-14.79924,2537.0,1204
1753825058212,FARTCOIN,A,Close Long,1.0723,2189.6,1.056558,-93.27696,2189.6,1204
1753826107997,TRX,B,Open Long,0.33568,2108.0,0.318426,0.0,0.0,1205
1753826107997,TRX,B,Open Long,0.33568,2065.0,0.31193,0.0,2108.0,1205
1753826107997,TRX,B,Open Long,0.33568,2555.0,0.385948,0.0,4173.0,1205
1753826107997,TRX,B,Open Long,0.33568,1787.0,0.269937,0.0,6728.0,1205
1753826107997,TRX,B,Open Long,0.3357,104430.0,15.775717,0.0,8515.0,1205
1753826107997,TRX,B,Open Long,0.33575,6223.0,0.940217,0.0,112945.0,1205
1753826126791,APT,A,Open Short,4.5362,55.12,0.112515,0.0,0.0,1206
1753826126791,APT,A,Open Short,4.5355,110.26,0.225037,0.0,-55.12,1206
1753826126791,APT,A,Open Short,4.5355,122.57,0.250162,0.0,-165.38,1206
1753826126791,APT,A,Open Short,4.5353,126.56,0.258294,0.0,-287.95,1206
1753826126791,APT,A,Open Short,4.535,196.3,0.400599,0.0,-414.51,1206
1753826126791,APT,A,Open Short,4.5348,142.04,0.289855,0.0,-610.81,1206
1753826126791,APT,A,Open Short,4.5341,22.28,0.045458,0.0,-752.85,1206
1753826126791,APT,A,Open Short,4.534,3630.48,7.407268,0.0,-775.13,1206
1753826126791,APT,A,Open Short,4.5339,3.17,0.006467,0.0,-4405.61,1206
1753826153452,NEAR,A,Open Short,2.7134,136.5,0.16667,0.0,0.0,1207
1753826153452,NEAR,A,Open Short,2.7133,402.4,0.491324,0.0,-136.5,1207
1753826153452,NEAR,A,Open Short,2.7132,719.4,0.878344,0.0,-538.9,1207
1753826153452,NEAR,A,Open Short,2.713,595.4,0.726894,0.0,-1258.3,1207
1753826153452,NEAR,A,Open Short,2.7128,1952.0,2.382923,0.0,-1853.7,1207
1753826153452,NEAR,A,Open Short,2.7126,1111.0,1.356164,0.0,-3805.7,1207
1753826153452,NEAR,A,Open Short,2.7122,373.0,0.455242,0.0,-4916.7,1207
1753826153452,NEAR,A,Open Short,2.712,142.9,0.174395,0.0,-5289.7,1207
1753826153452,NEAR,A,Open Short,2.712,996.7,1.216372,0.0,-5432.6,1207
1753826153452,NEAR,A,Open Short,2.7119,362.1,0.44189,0.0,-6429.3,1207
1753826153452,NEAR,A,Open Short,2.7115,579.1,0.706603,0.0,-6791.4,1207
1753902106613,NEAR,B,Close Short,2.5813,356.0,0.413524,46.72856,-7370.5,1208
1753902106613,NEAR,B,Close Short,2.582,349.7,0.406316,45.656832,-7014.5,1208
1753902106613,NEAR,B,Close Short,2.583,370.2,0.430301,47.963112,-6664.8,1208
1753902106613,NEAR,B,Close Short,2.5841,340.4,0.395832,43.727784,-6294.6,1208
1753902106613,NEAR,B,Close Short,2.5845,2774.7,3.227045,355.328082,-5954.2,1208
1753902106613,NEAR,B,Close Short,2.5848,397.9,0.462821,50.835704,-3179.5,1208
1753902106613,NEAR,B,Close Short,2.5853,1151.2,1.339288,146.501712,-2781.6,1208
1753902106613,NEAR,B,Close Short,2.5857,337.5,0.392703,42.81525,-1630.4,1208
1753902106613,NEAR,B,Close Short,2.586,700.6,0.815288,88.667936,-1292.9,1208
1753902106613,NEAR,B,Close Short,2.5861,221.7,0.258002,28.036182,-592.3,1208
1753902106613,NEAR,B,Close Short,2.5862,331.9,0.386261,41.938884,-370.6,1208
1753902106613,NEAR,B,Close Short,2.5866,38.7,0.045045,4.874652,-38.7,1208
1753902164150,APT,B,Close Short,4.4043,338.0,0.669894,43.9062,-4408.78,1209
1753902164150,APT,B,Close Short,4.4044,154.06,0.305343,19.996988,-4070.78,1209
1753902164150,APT,B,Close Short,4.4044,294.39,0.583475,38.211822,-3916.72,1209
1753902164150,APT,B,Close Short,4.4064,283.68,0.562503,36.254304,-3622.33,1209
1753902164150,APT,B,Close Short,4.4064,154.06,0.305482,19.688868,-3338.65,1209
1753902164150,APT,B,Close Short,4.4071,156.0,0.309378,19.8276,-3184.59,1209
1753902164150,APT,B,Close Short,4.4071,156.0,0.309378,19.8276,-3028.59,1209
1753902164150,APT,B,Close Short,4.4078,986.68,1.957089,124.716352,-2872.59,1209
1753902164150,APT,B,Close Short,4.4087,283.53,0.562499,35.583015,-1885.91,1209
1753902164150,APT,B,Close Short,4.4092,163.3,0.32401,20.4125,-1602.38,1209
1753902164150,APT,B,Close Short,4.4096,1132.0,2.24625,141.0472,-1439.08,1209
1753902164150,APT,B,Close Short,4.4096,307.08,0.609344,38.262168,-307.08,1209
1753902214619,OMNI,A,Open Short,4.8149,9.67,0.020952,0.0,0.0,1210
1753902214619,OMNI,A,Open Short,4.8127,829.01,1.795399,0.0,-9.67,1210
1753902214619,OMNI,A,Open Short,4.8112,8.71,0.018857,0.0,-838.68,1210
1753902214619,OMNI,A,Open Short,4.8065,307.6,0.665315,0.0,-847.39,1210
1753902214619,OMNI,A,Open Short,4.8047,146.35,0.316425,0.0,-1154.99,1210
1753902214619,OMNI,A,Open Short,4.8045,159.57,0.344994,0.0,-1301.34,1210
1753902214619,OMNI,A,Open Short,4.8026,408.07,0.881908,0.0,-1460.91,1210
1753902214619,OMNI,A,Open Short,4.8014,12.46,0.026921,0.0,-1868.98,1210
1753902214619,OMNI,A,Open Short,4.8006,410.01,0.885732,0.0,-1881.44,1210
1753902214619,OMNI,A,Open Short,4.7985,158.93,0.343181,0.0,-2291.45,1210
1753902214619,OMNI,A,Open Short,4.7982,1145.41,2.473157,0.0,-2450.38,1210
1753982447019,TRX,A,Close Long,0.32902,59.0,0.002911,-0.394179,119168.0,1211
1753982633751,TRX,A,Close Long,0.32901,4751.0,0.234468,-31.788941,119109.0,1212
1753982633751,TRX,A,Close Long,0.32901,9959.0,0.491491,-66.635669,114358.0,1212
1753982633751,TRX,A,Close Long,0.32901,26656.0,1.315513,-178.355296,104399.0,1212
1753982633751,TRX,A,Close Long,0.32901,38290.0,1.889668,-256.19839,77743.0,1212
1753982633990,TRX,A,Close Long,0.32901,4622.0,0.228102,-30.925802,39453.0,1212
1753982633990,TRX,A,Close Long,0.32901,4620.0,0.228003,-30.91242,34831.0,1212
1753982633990,TRX,A,Close Long,0.32901,4951.0,0.244339,-33.127141,30211.0,1212
1753982634111,TRX,A,Close Long,0.32901,4841.0,0.23891,-32.391131,25260.0,1212
1753982634111,TRX,A,Close Long,0.32901,4730.0,0.233432,-31.64843,20419.0,1212
1753982634185,TRX,A,Close Long,0.32901,4803.0,0.237035,-32.136873,15689.0,1212
1753982634185,TRX,A,Close Long,0.32901,10886.0,0.53724,-72.838226,10886.0,1212
1754016075542,OMNI,B,Close Short,4.5265,111.95,0.228033,31.021345,-3595.79,1213
1754016075542,OMNI,B,Close Short,4.5265,114.47,0.233166,31.719637,-3483.84,1213
1754016075542,OMNI,B,Close Short,4.5267,170.07,0.346435,47.092383,-3369.37,1213
1754016075542,OMNI,B,Close Short,4.5275,84.04,0.17122,23.203444,-3199.3,1213
1754016076561,OMNI,B,Close Short,4.5275,121.7,0.082649,33.60137,-3115.26,1213
1754016076923,OMNI,B,Close Short,4.5275,193.18,0.131193,53.336998,-2993.56,1213
1754016077237,OMNI,B,Close Short,4.5275,190.39,0.129298,52.566679,-2800.38,1213
1754016080954,OMNI,B,Close Short,4.5275,1227.02,0.833299,338.780222,-2609.99,1213
1754016081176,OMNI,B,Close Short,4.5275,1382.97,0.939209,381.838017,-1382.97,1213
1754056971680,BTC,B,Open Long,114139.0,0.04599,2.362163,0.0,0.0,1214
1754056971680,BTC,B,Open Long,114140.0,0.00139,0.071394,0.0,0.04599,1214
1754056971680,BTC,B,Open Long,114140.0,0.00011,0.005649,0.0,0.04738,1214
1754056971680,BTC,B,Open Long,114140.0,0.01145,0.588106,0.0,0.04749,1214
1754056997591,BTC,B,Open Long,114045.0,0.05971,1.021444,0.0,0.05894,1215
1754057001973,BTC,B,Open Long,113939.0,0.06049,1.033825,0.0,0.11865,1216
1754057098665,BTC,B,Open Long,114280.0,0.01633,0.839786,0.0,0.17914,1217
1754057098665,BTC,B,Open Long,114281.0,0.35001,17.999771,0.0,0.19547,1217
1754057098665,BTC,B,Open Long,114281.0,0.0525,2.699888,0.0,0.54548,1217
1754057098665,BTC,B,Open Long,114281.0,0.47247,24.297454,0.0,0.59798,1217
1754057098665,BTC,B,Open Long,114281.0,0.02725,1.40137,0.0,1.07045,1217
1754057363554,ETH,B,Open Long,3607.0,20.8015,33.763954,0.0,0.0,1218
1754057413790,FARTCOIN,B,Open Long,0.9696,1353.3,0.590471,0.0,0.0,1219
1754057413790,FARTCOIN,B,Open Long,0.96964,1412.2,0.616196,0.0,1353.3,1219
1754057413790,FARTCOIN,B,Open Long,0.96966,1038.5,0.453146,0.0,2765.5,1219
1754057413790,FARTCOIN,B,Open Long,0.96968,1419.7,0.619494,0.0,3804.0,1219
1754057413790,FARTCOIN,B,Open Long,0.96972,1427.2,0.622792,0.0,5223.7,1219
1754057413790,FARTCOIN,B,Open Long,0.96976,1434.6,0.626047,0.0,6650.9,1219
1754057413790,FARTCOIN,B,Open Long,0.9698,1442.1,0.629346,0.0,8085.5,1219
1754057413790,FARTCOIN,B,Open Long,0.96988,1457.1,0.635945,0.0,9527.6,1219
1754057413790,FARTCOIN,B,Open Long,0.96996,1472.0,0.642501,0.0,10984.7,1219
1754057413790,FARTCOIN,B,Open Long,0.96996,2592.6,1.131623,0.0,12456.7,1219
1754057413790,FARTCOIN,B,Open Long,0.97,5253.4,2.293109,0.0,15049.3,1219
1754057413790,FARTCOIN,B,Open Long,0.97007,4895.3,2.136952,0.0,20302.7,1219
1754057413790,FARTCOIN,B,Open Long,0.97024,628.1,0.274233,0.0,25198.0,1219
1754059263691,FARTCOIN,A,Close Long,1.0105,23.8,0.003607,0.966518,25826.1,1220
1754059264612,FARTCOIN,A,Close Long,1.0105,987.8,0.149725,40.114558,25802.3,1220
1754059265012,FARTCOIN,A,Close Long,1.0105,73.9,0.011201,3.001079,24814.5,1220
1754059267524,FARTCOIN,A,Close Long,1.0105,19.6,0.00297,0.795956,24740.6,1220
1754059272076,FARTCOIN,A,Close Long,1.0105,6635.2,1.00573,269.455472,24721.0,1220
1754059275332,FARTCOIN,A,Close Long,1.0105,18085.8,2.741355,734.464338,18085.8,1220
1754059593386,FARTCOIN,B,Open Long,1.0192,981.0,0.449925,0.0,0.0,1221
1754059593386,FARTCOIN,B,Open Long,1.0193,981.0,0.449969,0.0,981.0,1221
1754059593386,FARTCOIN,B,Open Long,1.0194,981.0,0.450014,0.0,1962.0,1221
1754059593386,FARTCOIN,B,Open Long,1.0194,2468.3,1.132283,0.0,2943.0,1221
1754059593386,FARTCOIN,B,Open Long,1.0197,11708.9,5.372804,0.0,5411.3,1221
1754059726000,FARTCOIN,B,Open Long,1.0277,237.4,0.109789,0.0,17120.2,1222
1754059734139,FARTCOIN,B,Open Long,1.0266,312.9,0.14455,0.0,17357.6,1223
1754061540303,BTC,B,Open Long,114712.0,0.01712,0.883741,0.0,1.0977,1224
1754061550071,BTC,B,Open Long,114694.0,0.01807,0.310878,0.0,1.11482,1225
1754063208327,SYRUP,B,Open Long,0.4355,1172.0,0.07656,0.0,0.0,1226
1754063208327,SYRUP,B,Open Long,0.4355,610.0,0.039848,0.0,1172.0,1226
1754063208327,SYRUP,B,Open Long,0.4355,1733.0,0.113208,0.0,1782.0,1226
1754063208327,SYRUP,B,Open Long,0.4355,358.0,0.023386,0.0,3515.0,1226
1754063208327,SYRUP,B,Open Long,0.4355,930.0,0.060752,0.0,3873.0,1226
1754063208327,SYRUP,B,Open Long,0.4355,397.0,0.025934,0.0,4803.0,1226
1754063208327,SYRUP,B,Open Long,0.4355,1408.0,0.091977,0.0,5200.0,1226
1754063208377,SYRUP,B,Open Long,0.4355,480.0,0.031355,0.0,6608.0,1226
1754063208377,SYRUP,B,Open Long,0.4355,660.0,0.043114,0.0,7088.0,1226
1754063208518,SYRUP,B,Open Long,0.4355,1873.0,0.122353,0.0,7748.0,1226
1754063208518,SYRUP,B,Open Long,0.4355,1733.0,0.113208,0.0,9621.0,1226
1754063208518,SYRUP,B,Open Long,0.4355,8908.0,0.581915,0.0,11354.0,1226
1754063208518,SYRUP,B,Open Long,0.4355,719.0,0.046968,0.0,20262.0,1226
1754063208518,SYRUP,B,Open Long,0.4355,813.0,0.053109,0.0,20981.0,1226
1754063208518,SYRUP,B,Open Long,0.4355,591.0,0.038607,0.0,21794.0,1226
1754063208518,SYRUP,B,Open Long,0.4355,1854.0,0.121112,0.0,22385.0,1226
1754063208518,SYRUP,B,Open Long,0.4355,3475.0,0.227004,0.0,24239.0,1226
1754066470731,FARTCOIN,A,Close Long,1.021,416.0,0.191131,0.49088,17670.5,1227
1754066470731,FARTCOIN,A,Close Long,1.021,428.0,0.196644,0.50504,17254.5,1227
1754066470731,FARTCOIN,A,Close Long,1.0209,480.6,0.22079,0.519048,16826.5,1227
1754066470731,FARTCOIN,A,Close Long,1.0208,486.4,0.223432,0.476672,16345.9,1227
1754066470731,FARTCOIN,A,Close Long,1.0208,424.0,0.194768,0.41552,15859.5,1227
1754066470731,FARTCOIN,A,Close Long,1.0206,11.8,0.005419,0.009204,15435.5,1227
1754066470731,FARTCOIN,A,Close Long,1.0205,1977.9,0.908301,1.344972,15423.7,1227
1754066470731,FARTCOIN,A,Close Long,1.0205,2468.3,1.133505,1.678444,13445.8,1227
1754066470731,FARTCOIN,A,Close Long,1.0203,989.0,0.454084,0.47472,10977.5,1227
1754066470731,FARTCOIN,A,Close Long,1.0203,4901.3,2.250358,2.352624,9988.5,1227
1754066470731,FARTCOIN,A,Close Long,1.0202,1306.0,0.599571,0.49628,5087.2,1227
1754066470731,FARTCOIN,A,Close Long,1.0202,1900.0,0.872271,0.722,3781.2,1227
1754066470731,FARTCOIN,A,Close Long,1.0201,367.4,0.168653,0.102872,1881.2,1227
1754066470731,FARTCOIN,A,Close Long,1.0201,294.1,0.135005,0.082348,1513.8,1227
1754066470731,FARTCOIN,A,Close Long,1.0201,294.1,0.135005,0.082348,1219.7,1227
1754066470731,FARTCOIN,A,Close Long,1.0201,294.1,0.135005,0.082348,925.6,1227
1754066470731,FARTCOIN,A,Close Long,1.0201,294.1,0.135005,0.082348,631.5,1227
1754066470731,FARTCOIN,A,Close Long,1.0201,294.1,0.135005,0.082348,337.4,1227
1754066470731,FARTCOIN,A,Close Long,1.0201,43.3,0.019876,0.012124,43.3,1227
1754066828765,ETH,B,Open Long,3608.5,0.4583,0.744198,0.0,20.8015,1230
1754067844173,FARTCOIN,B,Open Long,0.995,958.7,0.143085,0.0,0.0,1228
1754067848666,FARTCOIN,B,Open Long,0.99214,992.9,0.147764,0.0,958.7,1229
1754072252428,ETH,A,Close Long,3533.7,13.1828,20.962827,-966.694724,21.2598,1231
1754072252428,ETH,A,Close Long,3533.7,0.283,0.450016,-20.75239,8.077,1231
1754072252428,ETH,A,Close Long,3533.7,0.283,0.450016,-20.75239,7.794,1231
1754072252428,ETH,A,Close Long,3533.6,7.511,11.943391,-551.53273,7.511,1231
1754074219089,ETH,B,Open Long,3571.5,10.034,16.126393,0.0,0.0,1232
1754074684164,FARTCOIN,A,Close Long,0.99926,564.0,0.253612,3.22608,1951.6,1233
1754074684164,FARTCOIN,A,Close Long,0.99925,846.0,0.380414,4.83066,1387.6,1233
1754074684164,FARTCOIN,A,Close Long,0.99924,541.6,0.243534,3.08712,541.6,1233
1754074944512,SYRUP,A,Close Long,0.4274,1210.0,0.232719,-9.801,27714.0,1234
1754074944512,SYRUP,A,Close Long,0.42739,1034.0,0.198864,-8.38574,26504.0,1234
1754074945832,SYRUP,A,Close Long,0.42739,398.0,0.025515,-3.22778,25470.0,1234
1754074945832,SYRUP,A,Close Long,0.42739,1176.0,0.075391,-9.53736,25072.0,1234
1754074948401,SYRUP,A,Close Long,0.42739,1534.0,0.098342,-12.44074,23896.0,1234
1754074948648,SYRUP,A,Close Long,0.42739,2377.0,0.152385,-19.27747,22362.0,1234
1754074948648,SYRUP,A,Close Long,0.42739,494.0,0.031669,-4.00634,19985.0,1234
1754074948648,SYRUP,A,Close Long,0.42739,1077.0,0.069044,-8.733393,19491.0,1234
1754074948648,SYRUP,A,Close Long,0.42739,934.0,0.059877,-7.573806,18414.0,1234
1754074948648,SYRUP,A,Close Long,0.42739,855.0,0.054812,-6.933195,17480.0,1234
1754074948648,SYRUP,A,Close Long,0.42739,1445.0,0.092636,-11.717505,16625.0,1234
1754074948648,SYRUP,A,Close Long,0.42739,285.0,0.01827,-2.311065,15180.0,1234
1754074948648,SYRUP,A,Close Long,0.42739,368.0,0.023591,-2.984112,14895.0,1234
1754074948648,SYRUP,A,Close Long,0.42739,1889.0,0.1211,-15.317901,14527.0,1234
1754074948702,SYRUP,A,Close Long,0.42739,374.0,0.023976,-3.032766,12638.0,1234
1754074948702,SYRUP,A,Close Long,0.42739,895.0,0.057377,-7.257555,12264.0,1234
1754074948702,SYRUP,A,Close Long,0.42739,543.0,0.03481,-4.403187,11369.0,1234
1754074948702,SYRUP,A,Close Long,0.42739,2799.0,0.179439,-22.697091,10826.0,1234
1754074949540,SYRUP,A,Close Long,0.42739,122.0,0.007821,-0.989298,8027.0,1234
1754074950060,SYRUP,A,Close Long,0.42739,653.0,0.041862,-5.295177,7905.0,1234
1754074950060,SYRUP,A,Close Long,0.42739,429.0,0.027502,-3.478761,7252.0,1234
1754074951545,SYRUP,A,Close Long,0.42739,1918.0,0.12296,-15.553062,6823.0,1234
1754074951545,SYRUP,A,Close Long,0.42739,640.0,0.041029,-5.18976,4905.0,1234
1754074951545,SYRUP,A,Close Long,0.42739,2450.0,0.157065,-19.86705,4265.0,1234
1754074951545,SYRUP,A,Close Long,0.42739,580.0,0.037182,-4.70322,1815.0,1234
1754074951545,SYRUP,A,Close Long,0.42739,1230.0,0.078853,-9.97407,1235.0,1234
1754075030857,SYRUP,A,Close Long,0.42745,5.0,0.000961,-0.040245,5.0,1235
1754075295878,BTC,B,Open Long,113835.0,0.71125,36.434314,0.0,1.13289,1236
1754075295878,BTC,B,Open Long,113835.0,0.60648,31.067392,0.0,1.84414,1236
1754075375640,ETH,B,Open Long,3554.3,1.5108,2.416426,0.0,10.034,1237
1754075375640,ETH,B,Open Long,3554.5,0.2728,0.43635,0.0,11.5448,1237
1754075375640,ETH,B,Open Long,3554.5,1.1151,1.78363,0.0,11.8176,1237
1754075375640,ETH,B,Open Long,3554.5,0.0338,0.054063,0.0,12.9327,1237
1754075375640,ETH,B,Open Long,3554.5,0.4058,0.649087,0.0,12.9665,1237
1754075375640,ETH,B,Open Long,3554.5,4.22,6.749995,0.0,13.3723,1237
1754075375640,ETH,B,Open Long,3554.6,4.2198,6.749865,0.0,17.5923,1237
1754075375640,ETH,B,Open Long,3554.6,0.8795,1.406821,0.0,21.8121,1237
1754075733193,BTC,A,Close Long,113550.0,0.92375,47.201315,-443.0305,2.45062,1238
1754075733193,BTC,A,Close Long,113550.0,0.43959,22.46195,-210.827364,1.52687,1238
1754075733193,BTC,A,Close Long,113550.0,0.00149,0.076135,-0.714604,1.08728,1238
1754075733193,BTC,A,Close Long,113550.0,0.44046,22.506404,-211.244616,1.08579,1238
1754075733193,BTC,A,Close Long,113550.0,0.35226,17.999605,-168.943896,0.64533,1238
1754075733193,BTC,A,Close Long,113550.0,0.2,10.2195,-95.92,0.29307,1238
1754075733193,BTC,A,Close Long,113550.0,0.09307,4.755644,-44.636372,0.09307,1238
1754075734592,ETH,A,Close Long,3554.1,1.1706,1.872193,-9.271152,22.6916,1239
1754075734592,ETH,A,Close Long,3554.1,10.0,15.99345,-79.2,21.521,1239
1754075734592,ETH,A,Close Long,3554.1,0.9375,1.499385,-7.425,11.521,1239
1754075734592,ETH,A,Close Long,3554.1,0.9472,1.514899,-7.501824,10.5835,1239
1754075734592,ETH,A,Close Long,3554.1,0.628,1.004388,-4.97376,9.6363,1239
1754075734592,ETH,A,Close Long,3554.1,5.6251,8.996475,-44.550792,9.0083,1239
1754075734592,ETH,A,Close Long,3554.1,3.3832,5.410904,-26.794944,3.3832,1239
1754159256549,BTC,B,Open Long,112325.0,0.00804,0.135463,0.0,0.0,1240
1754159256549,BTC,B,Open Long,112325.0,0.01,0.168487,0.0,0.00804,1240
1754159256631,BTC,B,Open Long,112325.0,0.008,0.13479,0.0,0.01804,1240
1754159256631,BTC,B,Open Long,112325.0,0.03381,0.569656,0.0,0.02604,1240
1754159546650,BTC,B,Open Long,112267.0,0.06191,1.042567,0.0,0.05985,1241
1754159593891,BTC,B,Open Long,112208.0,0.06398,1.07686,0.0,0.12176,1242
1754160965035,BTC,B,Open Long,112150.0,0.06604,1.110957,0.0,0.18574,1243
1754161014641,BTC,B,Open Long,112092.0,0.06811,1.145187,0.0,0.25178,1244
1754161014641,BTC,B,Open Long,112034.0,0.07017,1.179213,0.0,0.31989,1245
1754161991195,BTC,B,Open Long,111975.0,0.07223,1.213193,0.0,0.39006,1246
1754181475578,BTC,B,Open Long,111917.0,0.0743,1.247314,0.0,0.46229,1247
1754181478985,BTC,B,Open Long,111859.0,0.07636,1.281232,0.0,0.53659,1248
1754231575536,BTC,A,Close Long,113614.0,0.55102,28.171613,845.209578,0.61295,1249
1754231575536,BTC,A,Close Long,113614.0,0.00011,0.005623,0.168729,0.06193,1249
1754231575536,BTC,A,Close Long,113613.0,0.00011,0.005623,0.168619,0.06182,1249
1754231575536,BTC,A,Close Long,113612.0,0.00011,0.005623,0.168509,0.06171,1249
1754231575536,BTC,A,Close Long,113611.0,0.00011,0.005623,0.168399,0.0616,1249
1754231575536,BTC,A,Close Long,113610.0,0.00011,0.005623,0.168289,0.06149,1249
1754231575536,BTC,A,Close Long,113609.0,0.00011,0.005623,0.168179,0.06138,1249
1754231575536,BTC,A,Close Long,113608.0,0.00176,0.089977,2.689104,0.06127,1249
1754231575536,BTC,A,Close Long,113608.0,0.00176,0.089977,2.689104,0.05951,1249
1754231575536,BTC,A,Close Long,113608.0,0.00011,0.005623,0.168069,0.05775,1249
1754231575536,BTC,A,Close Long,113607.0,0.00011,0.005623,0.167959,0.05764,1249
1754231575536,BTC,A,Close Long,113606.0,0.00011,0.005623,0.167849,0.05753,1249
1754231575536,BTC,A,Close Long,113605.0,0.00011,0.005623,0.167739,0.05742,1249
1754231575536,BTC,A,Close Long,113605.0,0.00088,0.044987,1.341912,0.05731,1249
1754231575536,BTC,A,Close Long,113605.0,0.00088,0.044987,1.341912,0.05643,1249
1754231575536,BTC,A,Close Long,113605.0,0.04401,2.24989,67.110849,0.05555,1249
1754231575536,BTC,A,Close Long,113604.0,0.00011,0.005623,0.167629,0.01154,1249
1754231575536,BTC,A,Close Long,113603.0,0.00011,0.005623,0.167519,0.01143,1249
1754231575536,BTC,A,Close Long,113602.0,0.00011,0.005623,0.167409,0.01132,1249
1754231575536,BTC,A,Close Long,113601.0,0.00011,0.005623,0.167299,0.01121,1249
1754231575536,BTC,A,Close Long,113601.0,0.0111,0.567436,16.88199,0.0111,1249
1754232373987,APT,A,Open Short,4.1982,162.14,0.306313,0.0,0.0,1250
1754232373987,APT,A,Open Short,4.1982,175.66,0.331855,0.0,-162.14,1250
1754232373987,APT,A,Open Short,4.1982,15.96,0.030151,0.0,-337.8,1250
1754232373987,APT,A,Open Short,4.1982,15.78,0.029811,0.0,-353.76,1250
1754232380905,APT,A,Open Short,4.1977,12.73,0.008015,0.0,-369.54,1250
1754232381048,APT,A,Open Short,4.1977,44.75,0.028177,0.0,-382.27,1250
1754232381613,APT,A,Open Short,4.1977,476.45,0.299999,0.0,-427.02,1250
1754232424140,ENA,B,Open Long,0.57294,3189.0,0.822197,0.0,0.0,1251
1754232424140,ENA,B,Open Long,0.57309,1937.0,0.499533,0.0,3189.0,1251
1754232424140,ENA,B,Open Long,0.5731,2651.0,0.683679,0.0,5126.0,1251
1754232424140,ENA,B,Open Long,0.5731,866.0,0.223337,0.0,7777.0,1251
1754232424140,ENA,B,Open Long,0.5731,1441.0,0.371626,0.0,8643.0,1251
1754232424140,ENA,B,Open Long,0.57312,3552.0,0.916075,0.0,10084.0,1251
1754232424140,ENA,B,Open Long,0.57312,2094.0,0.54005,0.0,13636.0,1251
1754232424140,ENA,B,Open Long,0.57313,3189.0,0.82247,0.0,15730.0,1251
1754232424140,ENA,B,Open Long,0.57313,5237.0,1.350666,0.0,18919.0,1251
1754232424140,ENA,B,Open Long,0.57315,1948.0,0.502423,0.0,24156.0,1251
1754232495026,APT,A,Open Short,4.1976,120.0,0.22667,0.0,-903.47,1252
1754232495026,APT,A,Open Short,4.1975,174.66,0.32991,0.0,-1023.47,1252
1754232495026,APT,A,Open Short,4.1975,145.83,0.275454,0.0,-1198.13,1252
1754232495026,APT,A,Open Short,4.197,15.0,0.028329,0.0,-1343.96,1252
1754232495026,APT,A,Open Short,4.197,38.87,0.073411,0.0,-1358.96,1252
1754232495026,APT,A,Open Short,4.1969,147.96,0.279437,0.0,-1397.83,1252
1754232495026,APT,A,Open Short,4.1969,144.91,0.273677,0.0,-1545.79,1252
1754232495026,APT,A,Open Short,4.1967,349.21,0.659488,0.0,-1690.7,1252
1754232495026,APT,A,Open Short,4.1967,315.81,0.596411,0.0,-2039.91,1252
1754232495026,APT,A,Open Short,4.196,305.61,0.577052,0.0,-2355.72,1252
1754232495026,APT,A,Open Short,4.196,335.82,0.634095,0.0,-2661.33,1252
1754232495026,APT,A,Open Short,4.1959,196.3,0.370644,0.0,-2997.15,1252
1754232495026,APT,A,Open Short,4.1955,164.27,0.310137,0.0,-3193.45,1252
1754232495026,APT,A,Open Short,4.1955,211.94,0.400137,0.0,-3357.72,1252
1754232495026,APT,A,Open Short,4.1953,193.13,0.364607,0.0,-3569.66,1252
1754232511827,ENA,B,Open Long,0.57367,1824.0,0.470868,0.0,26104.0,1253
1754232511827,ENA,B,Open Long,0.57369,646.0,0.166771,0.0,27928.0,1253
1754232511827,ENA,B,Open Long,0.57374,1755.0,0.453111,0.0,28574.0,1253
1754232511827,ENA,B,Open Long,0.57376,134.0,0.034597,0.0,30329.0,1253
1754232522773,APT,A,Open Short,4.1991,197.97,0.374083,0.0,-3762.79,1254
1754232522773,APT,A,Open Short,4.1991,35.65,0.067364,0.0,-3960.76,1254
1754232522773,APT,A,Open Short,4.1991,37.35,0.070576,0.0,-3996.41,1254
1754232522773,APT,A,Open Short,4.1988,205.34,0.387981,0.0,-4033.76,1254
1754232881702,ENA,B,Open Long,0.57527,1267.0,0.32799,0.0,30463.0,1255
1754232881702,ENA,B,Open Long,0.57527,1099.0,0.284499,0.0,31730.0,1255
1754232881702,ENA,B,Open Long,0.57532,304.0,0.078703,0.0,32829.0,1255
1754232886564,APT,A,Open Short,4.2046,332.46,0.629037,0.0,-4239.1,1256
1754271510709,ENA,A,Close Long,0.61508,1684.0,0.155369,70.269952,33133.0,1258
1754271513522,ENA,A,Close Long,0.61508,2212.0,0.204083,92.302336,31449.0,1258
1754271513782,ENA,A,Close Long,0.61508,1714.0,0.158137,71.521792,29237.0,1258
1754271513782,ENA,A,Close Long,0.61508,7539.0,0.695563,314.587392,27523.0,1258
1754271513782,ENA,A,Close Long,0.61508,2212.0,0.204083,92.302336,19984.0,1258
1754271513782,ENA,A,Close Long,0.61508,1829.0,0.168747,76.320512,17772.0,1258
1754271513942,ENA,A,Close Long,0.61508,1154.0,0.10647,48.154112,15943.0,1258
1754271513942,ENA,A,Close Long,0.61508,2374.0,0.219029,99.062272,14789.0,1258
1754271513942,ENA,A,Close Long,0.61508,12415.0,1.145432,518.05312,12415.0,1258
1754271521421,APT,B,Close Short,4.265,4.71,0.003013,-0.317925,-4571.56,1257
1754271541556,APT,B,Close Short,4.265,463.83,0.296735,-31.308525,-4566.85,1257
1754271547296,APT,B,Close Short,4.265,586.17,0.375002,-39.566475,-4103.02,1257
1754271547296,APT,B,Close Short,4.265,703.4,0.45,-47.4795,-3516.85,1257
1754271547296,APT,B,Close Short,4.265,703.4,0.45,-47.4795,-2813.45,1257
1754271547296,APT,B,Close Short,4.265,703.4,0.45,-47.4795,-2110.05,1257
1754271548594,APT,B,Close Short,4.265,769.27,0.49214,-51.925725,-1406.65,1257
1754271548594,APT,B,Close Short,4.265,637.38,0.407763,-43.02315,-637.38,1257
1754496095441,BTC,A,Open Short,115388.0,0.04246,2.204718,0.0,0.0,1259
1754496095441,BTC,A,Open Short,115388.0,0.1539,7.991195,0.0,-0.04246,1259
1754496095441,BTC,A,Open Short,115388.0,0.05,2.59623,0.0,-0.19636,1259
1754496095441,BTC,A,Open Short,115388.0,0.43332,22.499967,0.0,-0.24636,1259
1754496095441,BTC,A,Open Short,115388.0,0.43332,22.499967,0.0,-0.67968,1259
1754496095441,BTC,A,Open Short,115388.0,0.13442,6.979704,0.0,-1.113,1259
1754496095441,BTC,A,Open Short,115388.0,0.43332,22.499967,0.0,-1.24742,1259
1754496095441,BTC,A,Open Short,115388.0,0.34665,17.999662,0.0,-1.68074,1259
1754496095441,BTC,A,Open Short,115388.0,0.052,2.700079,0.0,-2.02739,1259
1754496095441,BTC,A,Open Short,115388.0,0.0876,4.548594,0.0,-2.07939,1259
1754500256225,BTC,B,Close Short,115105.0,0.00436,0.225836,1.23388,-2.16699,1260
1754500256225,BTC,B,Close Short,115105.0,0.00011,0.005697,0.03113,-2.16263,1260
1754500256225,BTC,B,Close Short,115106.0,0.00011,0.005697,0.03102,-2.16252,1260
1754500256225,BTC,B,Close Short,115107.0,0.00011,0.005697,0.03091,-2.16241,1260
1754500256225,BTC,B,Close Short,115108.0,0.00011,0.005697,0.0308,-2.1623,1260
1754500256225,BTC,B,Close Short,115109.0,0.00039,0.020201,0.10881,-2.16219,1260
1754500256225,BTC,B,Close Short,115109.0,0.00026,0.013467,0.07254,-2.1618,1260
1754500256225,BTC,B,Close Short,115109.0,0.00039,0.020201,0.10881,-2.16154,1260
1754500256225,BTC,B,Close Short,115109.0,0.00026,0.013467,0.07254,-2.16115,1260
1754500256225,BTC,B,Close Short,115109.0,0.00039,0.020201,0.10881,-2.16089,1260
1754500256225,BTC,B,Close Short,115109.0,0.00011,0.005697,0.03069,-2.1605,1260
1754500256225,BTC,B,Close Short,115110.0,0.02171,1.124567,6.03538,-2.16039,1260
1754500256225,BTC,B,Close Short,115110.0,0.00011,0.005697,0.03058,-2.13868,1260
1754500256225,BTC,B,Close Short,115111.0,0.00011,0.005697,0.03047,-2.13857,1260
1754500256225,BTC,B,Close Short,115111.0,0.01863,0.965033,5.16051,-2.13846,1260
1754500256225,BTC,B,Close Short,115111.0,0.00214,0.110851,0.59278,-2.11983,1260
1754500256225,BTC,B,Close Short,115112.0,0.04,2.072016,11.04,-2.11769,1260
1754500256225,BTC,B,Close Short,115112.0,0.04,2.072016,11.04,-2.07769,1260
1754500256225,BTC,B,Close Short,115112.0,0.04,2.072016,11.04,-2.03769,1260
1754500256225,BTC,B,Close Short,115112.0,0.04,2.072016,11.04,-1.99769,1260
1754500256225,BTC,B,Close Short,115112.0,0.00011,0.005698,0.03036,-1.95769,1260
1754500256225,BTC,B,Close Short,115112.0,0.33782,17.499211,93.23832,-1.95758,1260
1754500256225,BTC,B,Close Short,115113.0,0.04,2.072034,11.0,-1.61976,1260
1754500256225,BTC,B,Close Short,115113.0,0.00011,0.005698,0.03025,-1.57976,1260
1754500256225,BTC,B,Close Short,115113.0,0.03502,1.814065,9.6305,-1.57965,1260
1754500256225,BTC,B,Close Short,115114.0,0.00011,0.005698,0.03014,-1.54463,1260
1754500256225,BTC,B,Close Short,115115.0,0.00059,0.030563,0.16107,-1.54452,1260
1754500256225,BTC,B,Close Short,115115.0,0.00059,0.030563,0.16107,-1.54393,1260
1754500256225,BTC,B,Close Short,115115.0,0.00039,0.020202,0.10647,-1.54334,1260
1754500256225,BTC,B,Close Short,115115.0,0.00059,0.030563,0.16107,-1.54295,1260
1754500256225,BTC,B,Close Short,115115.0,0.00039,0.020202,0.10647,-1.54236,1260
1754500256225,BTC,B,Close Short,115115.0,0.00011,0.005698,0.03003,-1.54197,1260
1754500256225,BTC,B,Close Short,115116.0,0.00078,0.040405,0.21216,-1.54186,1260
1754500256225,BTC,B,Close Short,115116.0,0.04,2.072088,10.88,-1.54108,1260
1754500256225,BTC,B,Close Short,115116.0,0.04,2.072088,10.88,-1.50108,1260
1754500256225,BTC,B,Close Short,115116.0,0.04,2.072088,10.88,-1.46108,1260
1754500256225,BTC,B,Close Short,115116.0,0.00011,0.005698,0.02992,-1.42108,1260
1754500256225,BTC,B,Close Short,115117.0,0.04,2.072106,10.84,-1.42097,1260
1754500256225,BTC,B,Close Short,115117.0,0.04,2.072106,10.84,-1.38097,1260
1754500256225,BTC,B,Close Short,115117.0,0.00011,0.005698,0.02981,-1.34097,1260
1754500256225,BTC,B,Close Short,115117.0,0.02008,1.040197,5.44168,-1.34086,1260
1754500256225,BTC,B,Close Short,115118.0,0.00011,0.005698,0.0297,-1.32078,1260
1754500256225,BTC,B,Close Short,115118.0,0.00011,0.005698,0.0297,-1.32067,1260
1754500256225,BTC,B,Close Short,115118.0,0.00437,0.226379,1.1799,-1.32056,1260
1754500256225,BTC,B,Close Short,115118.0,0.01,0.518031,2.7,-1.31619,1260
1754500256225,BTC,B,Close Short,115118.0,0.01994,1.032953,5.3838,-1.30619,1260
1754500256225,BTC,B,Close Short,115119.0,0.04,2.072142,10.76,-1.28625,1260
1754500256225,BTC,B,Close Short,115119.0,0.00011,0.005698,0.02959,-1.24625,1260
1754500256225,BTC,B,Close Short,115119.0,0.00011,0.005698,0.02959,-1.24614,1260
1754500256225,BTC,B,Close Short,115120.0,0.02171,1.124664,5.81828,-1.24603,1260
1754500256225,BTC,B,Close Short,115120.0,0.04,2.07216,10.72,-1.22432,1260
1754500256225,BTC,B,Close Short,115120.0,0.0108,0.559483,2.8944,-1.18432,1260
1754500256225,BTC,B,Close Short,115120.0,0.00011,0.005698,0.02948,-1.17352,1260
1754500256225,BTC,B,Close Short,115120.0,0.00011,0.005698,0.02948,-1.17341,1260
1754500256225,BTC,B,Close Short,115120.0,0.52112,26.9961,139.66016,-1.1733,1260
1754500256225,BTC,B,Close Short,115120.0,0.00174,0.090138,0.46632,-0.65218,1260
1754500256225,BTC,B,Close Short,115121.0,0.04,2.072178,10.68,-0.65044,1260
1754500256225,BTC,B,Close Short,115121.0,0.00039,0.020203,0.10413,-0.61044,1260
1754500256225,BTC,B,Close Short,115121.0,0.00059,0.030564,0.15753,-0.61005,1260
1754500256225,BTC,B,Close Short,115121.0,0.00059,0.030564,0.15753,-0.60946,1260
1754500256225,BTC,B,Close Short,115121.0,0.00059,0.030564,0.15753,-0.60887,1260
1754500256225,BTC,B,Close Short,115121.0,0.00039,0.020203,0.10413,-0.60828,1260
1754500256225,BTC,B,Close Short,115121.0,0.01737,0.899843,4.63779,-0.60789,1260
1754500256225,BTC,B,Close Short,115122.0,0.00043,0.022276,0.11438,-0.59052,1260
1754500256225,BTC,B,Close Short,115123.0,0.04,2.072214,10.6,-0.59009,1260
1754500256225,BTC,B,Close Short,115123.0,0.04,2.072214,10.6,-0.55009,1260
1754500256225,BTC,B,Close Short,115123.0,0.04,2.072214,10.6,-0.51009,1260
1754500256225,BTC,B,Close Short,115123.0,0.04,2.072214,10.6,-0.47009,1260
1754500256225,BTC,B,Close Short,115123.0,0.04,2.072214,10.6,-0.43009,1260
1754500256225,BTC,B,Close Short,115123.0,0.04,2.072214,10.6,-0.39009,1260
1754500256225,BTC,B,Close Short,115123.0,0.00145,0.075117,0.38425,-0.35009,1260
1754500256225,BTC,B,Close Short,115123.0,0.11147,5.774742,29.53955,-0.34864,1260
1754500256225,BTC,B,Close Short,115124.0,0.04,2.072232,10.56,-0.23717,1260
1754500256225,BTC,B,Close Short,115124.0,0.04,2.072232,10.56,-0.19717,1260
1754500256225,BTC,B,Close Short,115124.0,0.08686,4.499851,22.93104,-0.15717,1260
1754500256225,BTC,B,Close Short,115125.0,0.04,2.07225,10.516,-0.07031,1260
1754500256225,BTC,B,Close Short,115125.0,0.03031,1.570247,7.968499,-0.03031,1260
1754580364534,BTC,A,Open Short,116527.0,0.5,26.218575,0.0,0.0,1261
1754580364534,BTC,A,Open Short,116527.0,0.624,32.720781,0.0,-0.5,1261
1754580364534,BTC,A,Open Short,116527.0,0.05756,3.018282,0.0,-1.124,1261
1754580364534,BTC,A,Open Short,116527.0,0.4432,23.240144,0.0,-1.18156,1261
1754580364534,BTC,A,Open Short,116527.0,0.09163,4.804816,0.0,-1.62476,1261
1754580655885,BTC,B,Close Short,116604.0,0.04158,2.181777,-3.20166,-1.71639,1262
1754580655885,BTC,B,Close Short,116604.0,0.00103,0.054045,-0.07931,-1.67481,1262
1754580655885,BTC,B,Close Short,116604.0,0.00011,0.005771,-0.00847,-1.67378,1262
1754580655885,BTC,B,Close Short,116605.0,0.0003,0.015741,-0.0234,-1.67367,1262
1754580655885,BTC,B,Close Short,116605.0,0.00011,0.005771,-0.00858,-1.67337,1262
1754580656035,BTC,B,Close Short,116605.0,0.00207,0.036205,-0.16146,-1.67326,1262
1754580683499,BTC,B,Close Short,116605.0,0.00119,0.020813,-0.09282,-1.67119,1262
1754580683998,BTC,B,Close Short,116605.0,0.04461,0.780262,-3.47958,-1.67,1262
1754580683998,BTC,B,Close Short,116605.0,0.04117,0.720094,-3.21126,-1.62539,1262
1754580684145,BTC,B,Close Short,116605.0,0.00019,0.003323,-0.01482,-1.58422,1262
1754580684419,BTC,B,Close Short,116605.0,0.00547,0.095674,-0.42666,-1.58403,1262
1754580686028,BTC,B,Close Short,116605.0,0.00208,0.03638,-0.16224,-1.57856,1262
1754580689050,BTC,B,Close Short,116605.0,0.00071,0.012418,-0.05538,-1.57648,1262
1754580690623,BTC,B,Close Short,116605.0,0.04876,0.852848,-3.80328,-1.57577,1262
1754580690760,BTC,B,Close Short,116605.0,0.00012,0.002098,-0.00936,-1.52701,1262
1754580692472,BTC,B,Close Short,116605.0,1.52689,26.706451,-119.09742,-1.52689,1262
1754582718501,BTC,A,Open Short,116655.0,0.07616,1.332666,0.0,0.0,1263
1754582718556,BTC,A,Open Short,116662.0,0.0816,1.427942,0.0,-0.07616,1264
1754582718556,BTC,A,Open Short,116669.0,0.08704,1.52323,0.0,-0.15776,1265
1754582725007,BTC,A,Open Short,116676.0,0.00552,0.096607,0.0,-0.2448,1266
1754582725593,BTC,A,Open Short,116676.0,0.00708,0.123909,0.0,-0.25032,1266
1754582725593,BTC,A,Open Short,116676.0,0.00708,0.123909,0.0,-0.2574,1266
1754582729214,BTC,A,Open Short,116676.0,0.00018,0.00315,0.0,-0.26448,1266
1754582729681,BTC,A,Open Short,116676.0,0.00601,0.105183,0.0,-0.26466,1266
1754582729754,BTC,A,Open Short,116676.0,0.00601,0.105183,0.0,-0.27067,1266
1754582730084,BTC,A,Open Short,116676.0,0.0047,0.082256,0.0,-0.27668,1266
1754582731070,BTC,A,Open Short,116676.0,0.00036,0.0063,0.0,-0.28138,1266
1754582733757,BTC,A,Open Short,116676.0,0.00125,0.021876,0.0,-0.28174,1266
1754582733883,BTC,A,Open Short,116676.0,0.00125,0.021876,0.0,-0.28299,1266
1754582734001,BTC,A,Open Short,116676.0,0.00009,0.001575,0.0,-0.28424,1266
1754582734001,BTC,A,Open Short,116676.0,0.00262,0.045853,0.0,-0.28433,1266
1754582736332,BTC,A,Open Short,116676.0,0.05033,0.880845,0.0,-0.28695,1266
1754582736332,BTC,A,Open Short,116684.0,0.09792,1.713854,0.0,-0.33728,1267
1754582736332,BTC,A,Open Short,116691.0,0.10336,1.809177,0.0,-0.4352,1268
1754582736332,BTC,A,Open Short,116698.0,0.1088,1.904511,0.0,-0.53856,1269
1754582791497,BTC,A,Open Short,116705.0,0.11424,1.999856,0.0,-0.64736,1270
1754582791497,BTC,A,Open Short,116712.0,0.11968,2.095213,0.0,-0.7616,1271
1754582791497,BTC,A,Open Short,116719.0,0.12512,2.190582,0.0,-0.88128,1272
1754582791497,BTC,A,Open Short,116726.0,0.13056,2.285961,0.0,-1.0064,1273
1754583918293,BTC,A,Open Short,116734.0,0.136,2.381373,0.0,-1.13696,1274
1754583918293,BTC,A,Open Short,116741.0,0.04131,0.723385,0.0,-1.27296,1275
1754583918516,BTC,A,Open Short,116741.0,0.00012,0.002101,0.0,-1.31427,1275
1754583920492,BTC,A,Open Short,116741.0,0.00009,0.001576,0.0,-1.31439,1275
1754583920887,BTC,A,Open Short,116741.0,0.00068,0.011907,0.0,-1.31448,1275
1754583923306,BTC,A,Open Short,116741.0,0.001,0.017511,0.0,-1.31516,1275
1754583923943,BTC,A,Open Short,116741.0,0.09824,1.720295,0.0,-1.31616,1275
1754583923943,BTC,A,Open Short,116748.0,0.14688,2.572191,0.0,-1.4144,1276
1754583923943,BTC,A,Open Short,116755.0,0.15232,2.667618,0.0,-1.56128,1277
1754585854909,BTC,B,Close Short,116282.0,0.1913,10.010135,82.12509,-1.7136,1278
1754585854909,BTC,B,Close Short,116282.0,0.07162,3.747652,30.746466,-1.5223,1278
1754585854909,BTC,B,Close Short,116282.0,0.10719,5.60892,46.016667,-1.45068,1278
1754585854909,BTC,B,Close Short,116282.0,0.12177,6.371846,52.275861,-1.34349,1278
1754585854909,BTC,B,Close Short,116282.0,0.42998,22.49952,184.590414,-1.22172,1278
1754585854909,BTC,B,Close Short,116282.0,0.42998,22.49952,184.590414,-0.79174,1278
1754585854909,BTC,B,Close Short,116282.0,0.12617,6.602084,54.164781,-0.36176,1278
1754585854909,BTC,B,Close Short,116282.0,0.23545,12.320368,101.078685,-0.23559,1278
1754586743789,BTC,A,Open Short,116350.0,0.0429,0.748712,0.0,-0.00014,1279
1754586751029,BTC,A,Open Short,116368.0,0.04515,0.788102,0.0,-0.04304,1280
1754586809250,BTC,A,Open Short,116387.0,0.04741,0.827686,0.0,-0.08819,1281
1754586811061,BTC,A,Open Short,116405.0,0.04967,0.867275,0.0,-0.1356,1282
1754586821016,BTC,A,Open Short,116424.0,0.05193,0.906884,0.0,-0.18527,1283
1754586841037,BTC,A,Open Short,116442.0,0.05419,0.946498,0.0,-0.2372,1284
1754586844857,BTC,A,Open Short,116461.0,0.05644,0.985958,0.0,-0.29139,1285
1754587062073,BTC,A,Open Short,116479.0,0.0587,1.025597,0.0,-0.34783,1286
1754587313714,BTC,A,Open Short,116497.0,0.06096,1.065248,0.0,-0.40653,1287
1754587313714,BTC,A,Open Short,116516.0,0.06322,1.104921,0.0,-0.46749,1288
1754587522060,BTC,A,Open Short,116534.0,0.01284,0.224444,0.0,-0.53071,1289
1754587522060,BTC,A,Open Short,116534.0,0.0441,0.770872,0.0,-0.54355,1289
1754587522303,BTC,A,Open Short,116534.0,0.00854,0.14928,0.0,-0.58765,1289
1754587525771,BTC,A,Open Short,116553.0,0.00042,0.007342,0.0,-0.59619,1290
1754587526179,BTC,A,Open Short,116553.0,0.06731,1.176777,0.0,-0.59661,1290
1754593026765,BTC,A,Open Short,116571.0,0.06999,1.22382,0.0,-0.66392,1291
1754593226598,BTC,A,Open Short,116589.0,0.07225,1.263533,0.0,-0.73391,1292
1754593235917,BTC,A,Open Short,116608.0,0.0418,0.731132,0.0,-0.80616,1293
1754593236041,BTC,A,Open Short,116608.0,0.03271,0.572137,0.0,-0.84796,1293
1754593238785,BTC,A,Open Short,116626.0,0.03355,0.58692,0.0,-0.88067,1294
1754593238785,BTC,A,Open Short,116626.0,0.04322,0.756086,0.0,-0.91422,1294
1754594898824,BTC,A,Open Short,116645.0,0.00214,0.037443,0.0,-0.95744,1295
1754594898824,BTC,A,Open Short,116645.0,0.07688,1.34515,0.0,-0.95958,1295
1754594898824,BTC,A,Open Short,116663.0,0.02823,0.494009,0.0,-1.03646,1296
1754594898824,BTC,A,Open Short,116663.0,0.039,0.682478,0.0,-1.06469,1296
1754594898824,BTC,A,Open Short,116663.0,0.01405,0.245867,0.0,-1.10369,1296
1754594915216,BTC,A,Open Short,116682.0,0.009,0.15752,0.0,-1.11774,1297
1754594915376,BTC,A,Open Short,116682.0,0.008,0.140018,0.0,-1.12674,1297
1754594915376,BTC,A,Open Short,116682.0,0.008,0.140018,0.0,-1.13474,1297
1754594915376,BTC,A,Open Short,116682.0,0.008,0.140018,0.0,-1.14274,1297
1754594915647,BTC,A,Open Short,116682.0,0.008,0.140018,0.0,-1.15074,1297
1754594915647,BTC,A,Open Short,116682.0,0.008,0.140018,0.0,-1.15874,1297
1754594915998,BTC,A,Open Short,116682.0,0.03454,0.604529,0.0,-1.16674,1297
1754594917241,BTC,A,Open Short,116700.0,0.03129,0.547731,0.0,-1.20128,1298
1754594918370,BTC,A,Open Short,116700.0,0.05451,0.954197,0.0,-1.23257,1298
1754595504361,BTC,B,Close Short,116886.0,0.49958,26.277258,-169.60741,-1.28708,1299
1754595504361,BTC,B,Close Short,116886.0,0.07203,3.788684,-24.454185,-0.7875,1299
1754595504361,BTC,B,Close Short,116886.0,0.5,26.29935,-169.75,-0.71547,1299
1754595504361,BTC,B,Close Short,116886.0,0.21547,11.333441,-73.152065,-0.21547,1299
1754599406296,FARTCOIN,B,Open Long,1.0007,870.8,0.130711,0.0,0.0,1300
1754599406296,FARTCOIN,B,Open Long,1.0007,916.6,0.137586,0.0,870.8,1300
1754599406296,FARTCOIN,B,Open Long,1.0007,635.9,0.095451,0.0,1787.4,1300
1754599410670,FARTCOIN,B,Open Long,1.0007,2243.8,0.336805,0.0,2423.3,1300
1754599410670,FARTCOIN,B,Open Long,1.0007,4426.2,0.664394,0.0,4667.1,1300
1754599410670,FARTCOIN,B,Open Long,1.0007,279.8,0.041999,0.0,9093.3,1300
1754599410856,FARTCOIN,B,Open Long,1.0007,414.0,0.062143,0.0,9373.1,1300
1754599513305,FARTCOIN,B,Open Long,1.0007,1614.7,0.242374,0.0,9787.1,1300
1754599513305,FARTCOIN,B,Open Long,1.0007,2018.9,0.303046,0.0,11401.8,1300
1754599513305,FARTCOIN,B,Open Long,1.0007,4340.6,0.651545,0.0,13420.7,1300
1754599513535,FARTCOIN,B,Open Long,1.0007,1068.0,0.160312,0.0,17761.3,1300
1754599513535,FARTCOIN,B,Open Long,1.0007,2984.9,0.448048,0.0,18829.3,1300
1754599513535,FARTCOIN,B,Open Long,1.0007,575.3,0.086355,0.0,21814.2,1300
1754599513535,FARTCOIN,B,Open Long,1.0007,1919.1,0.288066,0.0,22389.5,1300
1754599513535,FARTCOIN,B,Open Long,1.0007,6177.8,0.927318,0.0,24308.6,1300
1754599513741,FARTCOIN,B,Open Long,1.0007,552.8,0.082978,0.0,30486.4,1300
1754599513741,FARTCOIN,B,Open Long,1.0007,1956.8,0.293725,0.0,31039.2,1300
1754599513741,FARTCOIN,B,Open Long,1.0007,3287.0,0.493395,0.0,32996.0,1300
1754599513741,FARTCOIN,B,Open Long,1.0007,3287.0,0.493395,0.0,36283.0,1300
1754599513741,FARTCOIN,B,Open Long,1.0007,1916.3,0.287646,0.0,39570.0,1300
1754599513946,FARTCOIN,B,Open Long,1.0007,1767.5,0.26531,0.0,41486.3,1300
1754599514146,FARTCOIN,B,Open Long,1.0007,466.1,0.069963,0.0,43253.8,1300
1754599514146,FARTCOIN,B,Open Long,1.0007,388.7,0.058345,0.0,43719.9,1300
1754599514581,FARTCOIN,B,Open Long,1.0007,7151.1,1.073415,0.0,44108.6,1300
1754599514943,FARTCOIN,B,Open Long,1.0007,2693.9,0.404367,0.0,51259.7,1300
1754599514943,FARTCOIN,B,Open Long,1.0007,1894.2,0.284328,0.0,53953.6,1300
1754599514943,FARTCOIN,B,Open Long,1.0007,3084.2,0.462953,0.0,55847.8,1300
1754599514943,FARTCOIN,B,Open Long,1.0007,5930.3,0.890167,0.0,58932.0,1300
1754599514943,FARTCOIN,B,Open Long,1.0007,266.5,0.040002,0.0,64862.3,1300
1754599514999,FARTCOIN,B,Open Long,1.0007,768.7,0.115385,0.0,65128.8,1300
1754599514999,FARTCOIN,B,Open Long,1.0007,13452.4,2.019272,0.0,65897.5,1300
1754599514999,FARTCOIN,B,Open Long,1.0007,7007.4,1.051845,0.0,79349.9,1300
1754601229110,FARTCOIN,A,Close Long,1.008,496.0,0.224985,3.6208,86357.3,1301
1754601229110,FARTCOIN,A,Close Long,1.008,1051.1,0.476778,7.67303,85861.3,1301
1754601229110,FARTCOIN,A,Close Long,1.008,1103.5,0.500547,8.05555,84810.2,1301
1754601229110,FARTCOIN,A,Close Long,1.0079,2551.2,1.157109,18.36864,83706.7,1301
1754601229110,FARTCOIN,A,Close Long,1.0079,1051.2,0.476777,7.56864,81155.5,1301
1754601229110,FARTCOIN,A,Close Long,1.0078,2914.1,1.321573,20.69011,80104.3,1301
1754601229110,FARTCOIN,A,Close Long,1.0078,1151.6,0.522262,8.17636,77190.2,1301
1754601229110,FARTCOIN,A,Close Long,1.0078,1967.6,0.892326,13.96996,76038.6,1301
1754601229110,FARTCOIN,A,Close Long,1.0078,2041.4,0.925795,14.49394,74071.0,1301
1754601229110,FARTCOIN,A,Close Long,1.0078,3123.1,1.416357,22.17401,72029.6,1301
1754601229110,FARTCOIN,A,Close Long,1.0077,1091.9,0.495138,7.6433,68906.5,1301
1754601229110,FARTCOIN,A,Close Long,1.0077,4428.8,2.008305,31.0016,67814.6,1301
1754601229110,FARTCOIN,A,Close Long,1.0077,992.0,0.449837,6.944,63385.8,1301
1754601229110,FARTCOIN,A,Close Long,1.0077,3858.2,1.749558,27.0074,62393.8,1301
1754601229110,FARTCOIN,A,Close Long,1.0076,14.8,0.00671,0.10212,58535.6,1301
1754601229110,FARTCOIN,A,Close Long,1.0076,1900.0,0.861498,13.11,58520.8,1301
1754601229110,FARTCOIN,A,Close Long,1.0075,2551.2,1.15665,17.34816,56620.8,1301
1754601229110,FARTCOIN,A,Close Long,1.0075,1837.3,0.832985,12.49364,54069.6,1301
1754601229110,FARTCOIN,A,Close Long,1.0075,1167.4,0.529269,7.93832,52232.3,1301
1754601229110,FARTCOIN,A,Close Long,1.0075,14.8,0.006709,0.10064,51064.9,1301
1754601229110,FARTCOIN,A,Close Long,1.0075,19.8,0.008976,0.13464,51050.1,1301
1754601229110,FARTCOIN,A,Close Long,1.0074,2480.8,1.124621,16.62136,51030.3,1301
1754601229110,FARTCOIN,A,Close Long,1.0073,1165.5,0.528303,7.6923,48549.5,1301
1754601229110,FARTCOIN,A,Close Long,1.0073,372.1,0.168667,2.45586,47384.0,1301
1754601229110,FARTCOIN,A,Close Long,1.0073,24.8,0.011241,0.16368,47011.9,1301
1754601229110,FARTCOIN,A,Close Long,1.0073,3900.0,1.767811,25.74,46987.1,1301
1754601229110,FARTCOIN,A,Close Long,1.0073,16143.5,7.317606,106.5471,43087.1,1301
1754601229110,FARTCOIN,A,Close Long,1.0072,14.8,0.006707,0.0962,26943.6,1301
1754601229110,FARTCOIN,A,Close Long,1.0072,1323.0,0.599636,8.5995,26928.8,1301
1754601229110,FARTCOIN,A,Close Long,1.0072,25605.8,11.605572,166.4377,25605.8,1301
1754608444952,CRV,B,Open Long,0.93549,675.2,0.094746,0.0,0.0,1302
1754608445088,CRV,B,Open Long,0.93549,88.2,0.012376,0.0,675.2,1302
1754608445682,CRV,B,Open Long,0.93549,2672.4,0.375,0.0,763.4,1302
1754608445682,CRV,B,Open Long,0.93549,8142.5,1.142584,0.0,3435.8,1302
1754608445682,CRV,B,Open Long,0.93549,2212.1,0.310409,0.0,11578.3,1302
1754608445682,CRV,B,Open Long,0.93549,1299.0,0.18228,0.0,13790.4,1302
1754608445682,CRV,B,Open Long,0.93549,1069.0,0.150005,0.0,15089.4,1302
1754608445761,CRV,B,Open Long,0.93549,583.7,0.081906,0.0,16158.4,1302
1754608445761,CRV,B,Open Long,0.93549,36705.8,5.150686,0.0,16742.1,1302
1754613347585,CRV,A,Close Long,0.95545,1664.8,0.715784,33.229408,53447.9,1303
1754613347585,CRV,A,Close Long,0.95545,6452.6,2.774311,128.793896,51783.1,1303
1754613349565,CRV,A,Close Long,0.95545,1923.9,0.275728,38.401044,45330.5,1303
1754613349565,CRV,A,Close Long,0.95545,2743.1,0.393134,54.752276,43406.6,1303
1754613349565,CRV,A,Close Long,0.95545,2078.2,0.297842,41.480872,40663.5,1303
1754613349565,CRV,A,Close Long,0.95545,38559.0,5.526179,769.63764,38585.3,1303
1754613446844,CRV,A,Close Long,0.9616,26.3,0.01138,0.686693,26.3,1304
1754740323405,SYRUP,B,Open Long,0.50662,3946.0,0.299868,0.0,0.0,1305
1754740324907,SYRUP,B,Open Long,0.50662,1007.0,0.076524,0.0,3946.0,1305
1754740326989,SYRUP,B,Open Long,0.50662,1007.0,0.076524,0.0,4953.0,1305
1754740327700,SYRUP,B,Open Long,0.50662,810.0,0.061554,0.0,5960.0,1305
1754740327700,SYRUP,B,Open Long,0.50662,1450.0,0.110189,0.0,6770.0,1305
1754740327700,SYRUP,B,Open Long,0.50662,505.0,0.038376,0.0,8220.0,1305
1754740327700,SYRUP,B,Open Long,0.50662,335.0,0.025457,0.0,8725.0,1305
1754740327700,SYRUP,B,Open Long,0.50662,1861.0,0.141422,0.0,9060.0,1305
1754740327700,SYRUP,B,Open Long,0.50662,11541.0,0.877035,0.0,10921.0,1305
1754740327700,SYRUP,B,Open Long,0.50662,228.0,0.017326,0.0,22462.0,1305
1754740327700,SYRUP,B,Open Long,0.50662,819.0,0.062238,0.0,22690.0,1305
1754740327700,SYRUP,B,Open Long,0.50662,331.0,0.025153,0.0,23509.0,1305
1754740327700,SYRUP,B,Open Long,0.50662,1917.0,0.145678,0.0,23840.0,1305
1754740327826,SYRUP,B,Open Long,0.50662,1263.0,0.095979,0.0,25757.0,1305
1754740327826,SYRUP,B,Open Long,0.50662,904.0,0.068697,0.0,27020.0,1305
1754740327826,SYRUP,B,Open Long,0.50662,387.0,0.029409,0.0,27924.0,1305
1754740327826,SYRUP,B,Open Long,0.50662,381.0,0.028953,0.0,28311.0,1305
1754740327826,SYRUP,B,Open Long,0.50662,3950.0,0.300172,0.0,28692.0,1305
1754740327826,SYRUP,B,Open Long,0.50662,799.0,0.060718,0.0,32642.0,1305
1754740328103,SYRUP,B,Open Long,0.50662,74.0,0.005623,0.0,33441.0,1305
1754740328262,SYRUP,B,Open Long,0.50662,884.0,0.067177,0.0,33515.0,1305
1754740328983,SYRUP,B,Open Long,0.50662,1007.0,0.076524,0.0,34399.0,1305
1754740329535,SYRUP,B,Open Long,0.50662,514.0,0.03906,0.0,35406.0,1305
1754740330544,SYRUP,B,Open Long,0.50662,515.0,0.039136,0.0,35920.0,1305
1754740353224,SYRUP,B,Open Long,0.50662,3042.0,0.23117,0.0,36435.0,1305
1754743460166,SYRUP,A,Close Long,0.50088,529.0,0.119234,-3.03646,39477.0,1306
1754743460166,SYRUP,A,Close Long,0.50084,8106.0,1.826914,-46.85268,38948.0,1306
1754743460166,SYRUP,A,Close Long,0.5007,1103.0,0.248522,-6.52976,30842.0,1306
1754743460166,SYRUP,A,Close Long,0.5007,1036.0,0.233426,-6.13312,29739.0,1306
1754743460166,SYRUP,A,Close Long,0.50064,2175.0,0.490001,-13.0065,28703.0,1306
1754743460166,SYRUP,A,Close Long,0.50062,1986.0,0.447404,-11.916,26528.0,1306
1754743460166,SYRUP,A,Close Long,0.50062,2287.0,0.515213,-13.722,24542.0,1306
1754743460166,SYRUP,A,Close Long,0.50061,9699.0,2.184937,-58.29099,22255.0,1306
1754743460166,SYRUP,A,Close Long,0.50059,2115.0,0.476436,-12.75345,12556.0,1306
1754743460166,SYRUP,A,Close Long,0.50048,2410.0,0.54277,-14.7974,10441.0,1306
1754743460166,SYRUP,A,Close Long,0.50044,2340.0,0.526963,-14.45886,8031.0,1306
1754743460166,SYRUP,A,Close Long,0.50037,2074.0,0.466995,-12.960426,5691.0,1306
1754743460166,SYRUP,A,Close Long,0.50032,1986.0,0.447135,-12.509814,3617.0,1306
1754743460166,SYRUP,A,Close Long,0.50012,1631.0,0.367063,-10.599869,1631.0,1306
1754744009795,kPEPE,B,Open Long,0.012583,148979.0,0.28119,0.0,0.0,1307
1754744009795,kPEPE,B,Open Long,0.012583,79472.0,0.149999,0.0,148979.0,1307
1754744009860,kPEPE,B,Open Long,0.012583,1758356.0,3.318809,0.0,228451.0,1307
1754744411002,POPCAT,B,Open Long,0.34365,840.0,0.043299,0.0,0.0,1308
1754744411002,POPCAT,B,Open Long,0.34365,6913.0,0.356347,0.0,840.0,1308
1754744411002,POPCAT,B,Open Long,0.34365,1137.0,0.058609,0.0,7753.0,1308
1754744412009,POPCAT,B,Open Long,0.34365,2398.0,0.12361,0.0,8890.0,1308
1754744413877,POPCAT,B,Open Long,0.34365,1441.0,0.074279,0.0,11288.0,1308
1754744414121,POPCAT,B,Open Long,0.34365,938.0,0.048351,0.0,12729.0,1308
1754744414577,POPCAT,B,Open Long,0.34365,693.0,0.035722,0.0,13667.0,1308
1754744414994,POPCAT,B,Open Long,0.34365,3338.0,0.172065,0.0,14360.0,1308
1754744415475,POPCAT,B,Open Long,0.34365,1269.0,0.065413,0.0,17698.0,1308
1754744415951,POPCAT,B,Open Long,0.34365,623.0,0.032114,0.0,18967.0,1308
1754744417992,POPCAT,B,Open Long,0.34365,1039.0,0.053557,0.0,19590.0,1308
1754744417992,POPCAT,B,Open Long,0.34365,1604.0,0.082682,0.0,20629.0,1308
1754744417992,POPCAT,B,Open Long,0.34365,815.0,0.042011,0.0,22233.0,1308
1754744418614,POPCAT,B,Open Long,0.34365,1027.0,0.052939,0.0,23048.0,1308
1754744418614,POPCAT,B,Open Long,0.34365,805.0,0.041495,0.0,24075.0,1308
1754744418672,POPCAT,B,Open Long,0.34365,624.0,0.032165,0.0,24880.0,1308
1754744418904,POPCAT,B,Open Long,0.34365,47244.0,2.43531,0.0,25504.0,1308
1754745235326,kPEPE,A,Close Long,0.012473,326864.0,1.834638,-35.95504,1986807.0,1309
1754745235326,kPEPE,A,Close Long,0.012473,1277856.0,7.172414,-140.56416,1659943.0,1309
1754745235326,kPEPE,A,Close Long,0.012473,268977.0,1.509727,-29.58747,382087.0,1309
1754745235326,kPEPE,A,Close Long,0.012473,113110.0,0.634869,-12.32899,113110.0,1309
1754745316707,POPCAT,A,Close Long,0.34076,90.0,0.0046,-0.2601,72748.0,1311
1754745317712,POPCAT,A,Close Long,0.34076,2299.0,0.117511,-6.64411,72658.0,1311
1754745317712,POPCAT,A,Close Long,0.34076,596.0,0.030463,-1.72244,70359.0,1311
1754745317712,POPCAT,A,Close Long,0.34076,5609.0,0.286698,-16.21001,69763.0,1311
1754745318282,POPCAT,A,Close Long,0.34076,568.0,0.029032,-1.64152,64154.0,1311
1754745318520,POPCAT,A,Close Long,0.34076,846.0,0.043242,-2.44494,63586.0,1311
1754745319203,POPCAT,A,Close Long,0.34076,1715.0,0.08766,-4.95635,62740.0,1311
1754745319203,POPCAT,A,Close Long,0.34076,1224.0,0.062563,-3.53736,61025.0,1311
1754745319203,POPCAT,A,Close Long,0.34076,1504.0,0.076875,-4.34656,59801.0,1311
1754745319203,POPCAT,A,Close Long,0.34076,2159.0,0.110355,-6.23951,58297.0,1311
1754745319203,POPCAT,A,Close Long,0.34076,753.0,0.038488,-2.17617,56138.0,1311
1754745319262,POPCAT,A,Close Long,0.34076,1239.0,0.06333,-3.58071,55385.0,1311
1754745319262,POPCAT,A,Close Long,0.34076,971.0,0.049631,-2.80619,54146.0,1311
1754745319502,POPCAT,A,Close Long,0.34076,24487.0,1.251628,-70.76743,53175.0,1311
1754745320295,POPCAT,A,Close Long,0.34076,28668.0,1.465336,-82.85052,28688.0,1311
1754745349460,POPCAT,A,Close Long,0.34087,20.0,0.001022,-0.0556,20.0,1310
1754748775641,kPEPE,B,Open Long,0.012286,407331.0,2.25201,0.0,0.0,1312
1754748776734,kPEPE,B,Open Long,0.012286,1627505.0,2.999328,0.0,407331.0,1312
1754748884448,SYRUP,B,Open Long,0.5018,31.0,0.002333,0.0,0.0,1314
1754748885481,SYRUP,B,Open Long,0.5018,36.0,0.002709,0.0,31.0,1314
1754749105749,SYRUP,B,Open Long,0.5018,305.0,0.022957,0.0,67.0,1314
1754749105870,SYRUP,B,Open Long,0.5018,1567.0,0.117948,0.0,372.0,1314
1754749105976,SYRUP,B,Open Long,0.5018,976.0,0.073463,0.0,1939.0,1314
1754749106186,SYRUP,B,Open Long,0.5018,750.0,0.056452,0.0,2915.0,1314
1754749106392,SYRUP,B,Open Long,0.5018,2235.0,0.168228,0.0,3665.0,1314
1754749106731,SYRUP,B,Open Long,0.5018,358.0,0.026946,0.0,5900.0,1314
1754749106731,SYRUP,B,Open Long,0.5018,364.0,0.027398,0.0,6258.0,1314
1754749106782,SYRUP,B,Open Long,0.5018,2252.0,0.169508,0.0,6622.0,1314
1754749106782,SYRUP,B,Open Long,0.5018,779.0,0.058635,0.0,8874.0,1314
1754749106782,SYRUP,B,Open Long,0.5018,299.0,0.022505,0.0,9653.0,1314
1754749106860,SYRUP,B,Open Long,0.5018,2235.0,0.168228,0.0,9952.0,1314
1754749106860,SYRUP,B,Open Long,0.5018,352.0,0.026495,0.0,12187.0,1314
1754749106995,SYRUP,B,Open Long,0.5018,266.0,0.020021,0.0,12539.0,1314
1754749106995,SYRUP,B,Open Long,0.5018,223.0,0.016785,0.0,12805.0,1314
1754749106995,SYRUP,B,Open Long,0.5018,391.0,0.02943,0.0,13028.0,1314
1754749106995,SYRUP,B,Open Long,0.5018,865.0,0.065108,0.0,13419.0,1314
1754749107067,SYRUP,B,Open Long,0.5018,392.0,0.029505,0.0,14284.0,1314
1754749107067,SYRUP,B,Open Long,0.5018,510.0,0.038387,0.0,14676.0,1314
1754749107268,SYRUP,B,Open Long,0.5018,467.0,0.035151,0.0,15186.0,1314
1754749107268,SYRUP,B,Open Long,0.5018,226.0,0.017011,0.0,15653.0,1314
1754749107268,SYRUP,B,Open Long,0.5018,329.0,0.024763,0.0,15879.0,1314
1754749107268,SYRUP,B,Open Long,0.5018,916.0,0.068947,0.0,16208.0,1314
1754749107268,SYRUP,B,Open Long,0.5018,276.0,0.020774,0.0,17124.0,1314
1754749108192,SYRUP,B,Open Long,0.5018,258.0,0.019419,0.0,17400.0,1314
1754749110548,SYRUP,B,Open Long,0.5018,1651.0,0.12427,0.0,17658.0,1314
1754749180601,SYRUP,B,Open Long,0.5018,84.0,0.006322,0.0,19309.0,1314
1754749194929,SYRUP,B,Open Long,0.5018,1420.0,0.106883,0.0,19393.0,1314
1754749194929,SYRUP,B,Open Long,0.5018,810.0,0.060968,0.0,20813.0,1314
1754749194929,SYRUP,B,Open Long,0.5018,2179.0,0.164013,0.0,21623.0,1314
1754749194929,SYRUP,B,Open Long,0.5018,2506.0,0.188626,0.0,23802.0,1314
1754749194929,SYRUP,B,Open Long,0.5018,353.0,0.02657,0.0,26308.0,1314
1754749194929,SYRUP,B,Open Long,0.5018,242.0,0.018215,0.0,26661.0,1314
1754764642579,SYRUP,B,Open Long,0.50682,837.0,0.190893,0.0,26903.0,1316
1754764642579,SYRUP,B,Open Long,0.50694,1629.0,0.371612,0.0,27740.0,1316
1754764642579,SYRUP,B,Open Long,0.50694,1724.0,0.393284,0.0,29369.0,1316
1754764642579,SYRUP,B,Open Long,0.50698,1542.0,0.351793,0.0,31093.0,1316
1754764642579,SYRUP,B,Open Long,0.50716,1634.0,0.372914,0.0,32635.0,1316
1754764642579,SYRUP,B,Open Long,0.50716,1674.0,0.382043,0.0,34269.0,1316
1754764642579,SYRUP,B,Open Long,0.50722,1986.0,0.453302,0.0,35943.0,1316
1754764642579,SYRUP,B,Open Long,0.50726,4295.0,0.980406,0.0,37929.0,1316
1754806686046,kPEPE,A,Close Long,0.012199,160539.0,0.881286,-13.966893,2034836.0,1313
1754806686046,kPEPE,A,Close Long,0.012198,163995.0,0.900184,-14.43156,1874297.0,1313
1754806686046,kPEPE,A,Close Long,0.012197,155570.0,0.853869,-13.84573,1710302.0,1313
1754806686046,kPEPE,A,Close Long,0.012197,163995.0,0.900111,-14.595555,1554732.0,1313
1754806686046,kPEPE,A,Close Long,0.012197,163975.0,0.900001,-14.593775,1390737.0,1313
1754806686046,kPEPE,A,Close Long,0.012196,164062.0,0.900405,-14.76558,1226762.0,1313
1754806686046,kPEPE,A,Close Long,0.012196,573982.0,3.150128,-51.65838,1062700.0,1313
1754806686046,kPEPE,A,Close Long,0.012196,155570.0,0.853799,-14.0013,488718.0,1313
1754806686046,kPEPE,A,Close Long,0.012196,170991.0,0.938432,-15.38919,333148.0,1313
1754806686046,kPEPE,A,Close Long,0.012195,26000.0,0.142681,-2.366,162157.0,1313
1754806686046,kPEPE,A,Close Long,0.012195,59942.0,0.328946,-5.454722,136157.0,1313
1754806686046,kPEPE,A,Close Long,0.012194,76215.0,0.418214,-7.01178,76215.0,1313
1754811855403,SYRUP,A,Close Long,0.49413,922.0,0.205014,-8.848434,42224.0,1315
1754811855403,SYRUP,A,Close Long,0.49409,2225.0,0.494707,-21.442325,41302.0,1315
1754811855403,SYRUP,A,Close Long,0.49403,1045.0,0.232317,-10.133365,39077.0,1315
1754811855403,SYRUP,A,Close Long,0.49402,2323.0,0.516423,-22.549361,38032.0,1315
1754811855403,SYRUP,A,Close Long,0.49391,1986.0,0.441407,-19.496562,35709.0,1315
1754811855403,SYRUP,A,Close Long,0.49385,8288.0,1.841862,-81.860576,33723.0,1315
1754811855403,SYRUP,A,Close Long,0.49383,2261.0,0.502447,-22.377117,25435.0,1315
1754811855403,SYRUP,A,Close Long,0.49381,7853.0,1.74505,-77.878201,23174.0,1315
1754858093785,BTC,B,Open Long,118421.0,0.61869,32.969649,0.0,0.0,1317
1754858093785,BTC,B,Open Long,118421.0,0.41504,22.117253,0.0,0.61869,1317
1754858093785,BTC,B,Open Long,118421.0,0.07816,4.165103,0.0,1.03373,1317
1754858093785,BTC,B,Open Long,118421.0,0.48121,25.643416,0.0,1.11189,1317
1754858093785,BTC,B,Open Long,118421.0,0.02062,1.098828,0.0,1.5931,1317
1754858093785,BTC,B,Open Long,118421.0,0.41832,22.292042,0.0,1.61372,1317
1754858093785,BTC,B,Open Long,118421.0,0.03552,1.892841,0.0,2.03204,1317
1754858093785,BTC,B,Open Long,118421.0,0.12797,6.81945,0.0,2.06756,1317
1754859822965,BTC,A,Close Long,118199.0,0.00042,0.022339,-0.09324,2.19553,1318
1754859822965,BTC,A,Close Long,118199.0,0.00094,0.049998,-0.20868,2.19511,1318
1754859822965,BTC,A,Close Long,118197.0,0.00094,0.049997,-0.21056,2.19417,1318
1754859822965,BTC,A,Close Long,118196.0,0.02078,1.10525,-4.6755,2.19323,1318
1754859822965,BTC,A,Close Long,118196.0,0.02078,1.10525,-4.6755,2.17245,1318
1754859822965,BTC,A,Close Long,118196.0,0.02078,1.10525,-4.6755,2.15167,1318
1754859822965,BTC,A,Close Long,118196.0,0.02078,1.10525,-4.6755,2.13089,1318
1754859822965,BTC,A,Close Long,118196.0,0.01018,0.541455,-2.2905,2.11011,1318
1754859822965,BTC,A,Close Long,118196.0,0.02078,1.10525,-4.6755,2.09993,1318
1754859822965,BTC,A,Close Long,118196.0,0.02078,1.10525,-4.6755,2.07915,1318
1754859822965,BTC,A,Close Long,118196.0,0.02078,1.10525,-4.6755,2.05837,1318
1754859822965,BTC,A,Close Long,118194.0,0.33842,17.999646,-76.82134,2.03759,1318
1754859822965,BTC,A,Close Long,118194.0,0.0816,4.340083,-18.5232,1.69917,1318
1754859822965,BTC,A,Close Long,118194.0,0.0816,4.340083,-18.5232,1.61757,1318
1754859822965,BTC,A,Close Long,118194.0,0.0816,4.340083,-18.5232,1.53597,1318
1754859822965,BTC,A,Close Long,118194.0,0.0816,4.340083,-18.5232,1.45437,1318
1754859822965,BTC,A,Close Long,118194.0,0.33842,17.999646,-76.82134,1.37277,1318
1754859822965,BTC,A,Close Long,118193.0,0.33842,17.999493,-77.15976,1.03435,1318
1754859822965,BTC,A,Close Long,118193.0,0.0816,4.340046,-18.6048,0.69593,1318
1754859822965,BTC,A,Close Long,118193.0,0.00042,0.022338,-0.09576,0.61433,1318
1754859822965,BTC,A,Close Long,118193.0,0.0816,4.340046,-18.6048,0.61391,1318
1754859822965,BTC,A,Close Long,118193.0,0.0816,4.340046,-18.6048,0.53231,1318
1754859822965,BTC,A,Close Long,118193.0,0.0816,4.340046,-18.6048,0.45071,1318
1754859822965,BTC,A,Close Long,118192.0,0.33843,17.999873,-77.50047,0.36911,1318
1754859822965,BTC,A,Close Long,118192.0,0.03068,1.631758,-7.02572,0.03068,1318
1754928404163,SYRUP,B,Open Long,0.50564,1000.0,0.227538,0.0,15321.0,1319
1754928404163,SYRUP,B,Open Long,0.50564,1082.0,0.246196,0.0,16321.0,1319
1754928404163,SYRUP,B,Open Long,0.50573,593.0,0.134954,0.0,17403.0,1319
1754928404163,SYRUP,B,Open Long,0.50573,2189.0,0.498169,0.0,17996.0,1319
1754928404163,SYRUP,B,Open Long,0.50573,2379.0,0.541409,0.0,20185.0,1319
1754928404163,SYRUP,B,Open Long,0.50573,884.0,0.201179,0.0,22564.0,1319
1754928404163,SYRUP,B,Open Long,0.50574,1109.0,0.252389,0.0,23448.0,1319
1754928404163,SYRUP,B,Open Long,0.50574,1057.0,0.240555,0.0,24557.0,1319
1754928404163,SYRUP,B,Open Long,0.5058,1032.0,0.234893,0.0,25614.0,1319
1754928404163,SYRUP,B,Open Long,0.50581,1991.0,0.45318,0.0,26646.0,1319
1754928404163,SYRUP,B,Open Long,0.50582,8940.0,2.034913,0.0,28637.0,1319
1754928404163,SYRUP,B,Open Long,0.50587,2290.0,0.521299,0.0,37577.0,1319
1754928404163,SYRUP,B,Open Long,0.50587,2122.0,0.483055,0.0,39867.0,1319
1754928404163,SYRUP,B,Open Long,0.5059,2109.0,0.480124,0.0,41989.0,1319
1754928404163,SYRUP,B,Open Long,0.5059,2198.0,0.500385,0.0,44098.0,1319
1754928404163,SYRUP,B,Open Long,0.50597,2203.0,0.501593,0.0,46296.0,1319
1754928404163,SYRUP,B,Open Long,0.50607,1262.0,0.287397,0.0,48499.0,1319
1754935507427,SYRUP,A,Close Long,0.49489,1025.0,0.228268,-10.544175,49761.0,1320
1754935507427,SYRUP,A,Close Long,0.49489,2225.0,0.495508,-22.888575,48736.0,1320
1754935507427,SYRUP,A,Close Long,0.49487,1991.0,0.443378,-20.521237,46511.0,1320
1754935507427,SYRUP,A,Close Long,0.49478,998.0,0.222205,-10.376206,44520.0,1320
1754935507427,SYRUP,A,Close Long,0.49476,887.0,0.197483,-9.239879,43522.0,1320
1754935507427,SYRUP,A,Close Long,0.49463,1991.0,0.443163,-20.999077,42635.0,1320
1754935507427,SYRUP,A,Close Long,0.49452,5504.0,1.224827,-58.656128,40644.0,1320
1754935507427,SYRUP,A,Close Long,0.49446,7623.0,1.69617,-81.695691,35140.0,1320
1754935507427,SYRUP,A,Close Long,0.49444,1991.0,0.442993,-21.377367,27517.0,1320
1754935507427,SYRUP,A,Close Long,0.49443,1991.0,0.442984,-21.397277,25526.0,1320
1754935507427,SYRUP,A,Close Long,0.49425,8276.0,1.840685,-90.431852,23535.0,1320
1754935507427,SYRUP,A,Close Long,0.49423,1991.0,0.442805,-21.795477,15259.0,1320
1754935507427,SYRUP,A,Close Long,0.49419,5843.0,1.299398,-64.197041,13268.0,1320
1754935507427,SYRUP,A,Close Long,0.49415,1770.0,0.39359,-19.51779,7425.0,1320
1754935507427,SYRUP,A,Close Long,0.49403,2097.0,0.466191,-23.375259,5655.0,1320
1754935507427,SYRUP,A,Close Long,0.49401,1991.0,0.442608,-22.233497,3558.0,1320
1754935507427,SYRUP,A,Close Long,0.49399,1567.0,0.348337,-17.530029,1567.0,1320
1754953723647,FARTCOIN,B,Open Long,0.86974,456.3,0.178588,0.0,0.0,1321
1754953723647,FARTCOIN,B,Open Long,0.86975,450.7,0.176398,0.0,456.3,1321
1754953723647,FARTCOIN,B,Open Long,0.8698,1166.3,0.456501,0.0,907.0,1321
1754953723647,FARTCOIN,B,Open Long,0.86984,13.7,0.005362,0.0,2073.3,1321
1754953723647,FARTCOIN,B,Open Long,0.86984,3620.6,1.417204,0.0,2087.0,1321
1754953723647,FARTCOIN,B,Open Long,0.86986,1159.8,0.453988,0.0,5707.6,1321
1754953723647,FARTCOIN,B,Open Long,0.86987,1047.8,0.410152,0.0,6867.4,1321
1754953723647,FARTCOIN,B,Open Long,0.86987,1045.6,0.409291,0.0,7915.2,1321
1754953723647,FARTCOIN,B,Open Long,0.86992,16036.0,6.277516,0.0,8960.8,1321
1754953723647,FARTCOIN,B,Open Long,0.86993,2701.0,1.057356,0.0,24996.8,1321
1754953723647,FARTCOIN,B,Open Long,0.86997,986.6,0.38624,0.0,27697.8,1321
1754953723647,FARTCOIN,B,Open Long,0.87005,53.2,0.020828,0.0,28684.4,1321
1754954017762,FARTCOIN,A,Close Long,0.86324,1484.5,0.576665,-9.871925,28737.6,1322
1754954017762,FARTCOIN,A,Close Long,0.86323,1380.0,0.536065,-9.1908,27253.1,1322
1754954017762,FARTCOIN,A,Close Long,0.86322,13.9,0.005399,-0.092713,25873.1,1322
1754954017762,FARTCOIN,A,Close Long,0.86322,3453.1,1.341353,-23.032177,25859.2,1322
1754954017762,FARTCOIN,A,Close Long,0.86317,13.9,0.005399,-0.093408,22406.1,1322
1754954017762,FARTCOIN,A,Close Long,0.86317,1091.3,0.423889,-7.333536,22392.2,1322
1754954017762,FARTCOIN,A,Close Long,0.86302,4505.1,1.749596,-30.950037,21300.9,1322
1754954017762,FARTCOIN,A,Close Long,0.86296,2864.5,1.112377,-19.850985,16795.8,1322
1754954017762,FARTCOIN,A,Close Long,0.86291,3649.7,1.417213,-25.474906,13931.3,1322
1754954017762,FARTCOIN,A,Close Long,0.86288,580.5,0.225405,-4.069305,10281.6,1322
1754954017762,FARTCOIN,A,Close Long,0.8628,200.0,0.077652,-1.418,9701.1,1322
1754954017762,FARTCOIN,A,Close Long,0.86279,671.6,0.260752,-4.76836,9501.1,1322
1754954017762,FARTCOIN,A,Close Long,0.86278,2701.0,1.048665,-19.20411,8829.5,1322
1754954017762,FARTCOIN,A,Close Long,0.86277,6128.5,2.379368,-43.63492,6128.5,1322
1755005324411,@107,B,Buy,43.938,18.31,0.01281699,0.0,0.25106001,1323
1755005324411,@107,B,Buy,43.942,22.42,0.01569399,0.0,18.54824302,1323
1755005324411,@107,B,Buy,43.947,22.42,0.01569399,0.0,40.95254903,1323
1755005324411,@107,B,Buy,43.95,50.62,0.035434,0.0,63.35685504,1323
1755027555016,OP,B,Open Long,0.78797,902.4,0.319978,0.0,0.0,1324
1755027555016,OP,B,Open Long,0.78799,1173.4,0.416082,0.0,902.4,1324
1755027555016,OP,B,Open Long,0.78799,772.6,0.27396,0.0,2075.8,1324
1755027555016,OP,B,Open Long,0.78799,889.9,0.315554,0.0,2848.4,1324
1755027568871,OP,B,Open Long,0.78803,14357.9,1.697168,0.0,3738.3,1324
1755027573690,OP,B,Open Long,0.78803,71.8,0.008487,0.0,18096.2,1324
1755027601303,OP,B,Open Long,0.78803,26.7,0.003156,0.0,18168.0,1324
1755027601805,OP,B,Open Long,0.78803,382.0,0.045154,0.0,18194.7,1324
1755027602423,OP,B,Open Long,0.78803,2028.9,0.239825,0.0,18576.7,1324
1755027607104,OP,B,Open Long,0.78803,3172.5,0.375003,0.0,20605.6,1324
1755027607165,OP,B,Open Long,0.78803,192.6,0.022766,0.0,23778.1,1324
1755027607428,OP,B,Open Long,0.78803,3172.5,0.375003,0.0,23970.7,1324
1755027609398,OP,B,Open Long,0.78803,4581.3,0.54153,0.0,27143.2,1324
1755027609602,OP,B,Open Long,0.78803,0.1,0.000011,0.0,31724.5,1324
1755027671358,ARB,B,Open Long,0.46979,675.0,0.142698,0.0,0.0,1325
1755027671358,ARB,B,Open Long,0.46979,17144.7,3.624483,0.0,675.0,1325
1755027671358,ARB,B,Open Long,0.46982,2670.2,0.564531,0.0,17819.7,1325
1755027671358,ARB,B,Open Long,0.46983,456.3,0.096472,0.0,20489.9,1325
1755027671358,ARB,B,Open Long,0.46983,4163.1,0.880177,0.0,20946.2,1325
1755027721233,ARB,B,Open Long,0.46978,456.5,0.096504,0.0,25109.3,1326
1755027721233,ARB,B,Open Long,0.46979,2670.2,0.564494,0.0,25565.8,1326
1755027721233,ARB,B,Open Long,0.46979,690.8,0.146038,0.0,28236.0,1326
1755027721233,ARB,B,Open Long,0.46979,17231.2,3.64277,0.0,28926.8,1326
1755027721233,ARB,B,Open Long,0.4698,772.1,0.163229,0.0,46158.0,1326
1755027721233,ARB,B,Open Long,0.4698,749.9,0.158536,0.0,46930.1,1326
1755027721233,ARB,B,Open Long,0.46986,5513.8,1.165821,0.0,47680.0,1326
1755034039797,XRP,B,Open Long,3.2934,433.0,0.641718,0.0,0.0,1327
1755034039797,XRP,B,Open Long,3.2934,69.0,0.10226,0.0,433.0,1327
1755034039797,XRP,B,Open Long,3.2934,69.0,0.10226,0.0,502.0,1327
1755034039797,XRP,B,Open Long,3.2934,994.0,1.473137,0.0,571.0,1327
1755034039797,XRP,B,Open Long,3.2934,433.0,0.641718,0.0,1565.0,1327
1755034039797,XRP,B,Open Long,3.2934,86.0,0.127454,0.0,1998.0,1327
1755034039797,XRP,B,Open Long,3.2934,88.0,0.130418,0.0,2084.0,1327
1755034039797,XRP,B,Open Long,3.2934,88.0,0.130418,0.0,2172.0,1327
1755034039797,XRP,B,Open Long,3.2935,79.0,0.117083,0.0,2260.0,1327
1755034039797,XRP,B,Open Long,3.2935,79.0,0.117083,0.0,2339.0,1327
1755034039797,XRP,B,Open Long,3.2935,620.0,0.918886,0.0,2418.0,1327
1755034039797,XRP,B,Open Long,3.2935,578.0,0.856639,0.0,3038.0,1327
1755034039797,XRP,B,Open Long,3.2935,98.0,0.145243,0.0,3616.0,1327
1755034039797,XRP,B,Open Long,3.2936,607.0,0.899646,0.0,3714.0,1327
1755034039797,XRP,B,Open Long,3.2938,60.0,0.088932,0.0,4321.0,1327
1755034039797,XRP,B,Open Long,3.2939,1078.0,1.59787,0.0,4381.0,1327
1755034039797,XRP,B,Open Long,3.294,304.0,0.450619,0.0,5459.0,1327
1755034039797,XRP,B,Open Long,3.294,603.0,0.893826,0.0,5763.0,1327
1755034039797,XRP,B,Open Long,3.294,603.0,0.893826,0.0,6366.0,1327
1755034039797,XRP,B,Open Long,3.294,604.0,0.895309,0.0,6969.0,1327
1755034039797,XRP,B,Open Long,3.294,304.0,0.450619,0.0,7573.0,1327
1755034039797,XRP,B,Open Long,3.294,597.0,0.884933,0.0,7877.0,1327
1755034039797,XRP,B,Open Long,3.294,639.0,0.947189,0.0,8474.0,1327
1755043517788,XRP,A,Close Long,3.2594,9113.0,12.697994,-312.858403,9113.0,1328
1755174643560,SOL,B,Open Long,201.0,10.4,0.297882,0.0,0.0,1329
1755174666972,SOL,B,Open Long,200.16,4.53,0.129208,0.0,10.4,1330
1755174666972,SOL,B,Open Long,200.16,6.28,0.179123,0.0,14.93,1330
1755174734463,SOL,B,Open Long,199.32,11.22,0.318682,0.0,21.21,1331
1755174867263,SOL,A,Close Long,192.01,32.43,2.661993,-263.613741,32.43,1332
1755176742132,OP,A,Close Long,0.7611,12151.6,1.317923,-327.121072,31724.6,1333
1755176743422,OP,A,Close Long,0.7611,1809.4,0.196241,-48.709048,19573.0,1333
1755176743914,OP,A,Close Long,0.7611,1991.0,0.215937,-53.59772,17763.6,1333
1755176743914,OP,A,Close Long,0.7611,3849.9,0.417547,-103.639308,15772.6,1333
1755176744042,OP,A,Close Long,0.7611,2610.4,0.283115,-70.271968,11922.7,1333
1755176746200,OP,A,Close Long,0.7611,9296.8,1.0083,-250.269856,9312.3,1333
1755176758430,OP,A,Close Long,0.76257,15.5,0.005052,-0.394475,15.5,1334
1755177513757,BTC,B,Open Long,118913.0,0.03599,0.609854,0.0,0.0,1335
1755177514298,BTC,B,Open Long,118913.0,0.65998,11.183428,0.0,0.03599,1335
1755177514298,BTC,B,Open Long,118913.0,0.038,0.643913,0.0,0.69597,1335
1755177514373,BTC,B,Open Long,118913.0,0.018,0.305011,0.0,0.73397,1335
1755177514532,BTC,B,Open Long,118913.0,0.0004,0.006778,0.0,0.75197,1335
1755177514532,BTC,B,Open Long,118913.0,0.0004,0.006778,0.0,0.75237,1335
1755177514532,BTC,B,Open Long,118913.0,0.50865,8.619126,0.0,0.75277,1335
1755177820258,BTC,A,Close Long,118488.0,1.26141,21.298327,-536.09925,1.26142,1336
1755178743414,BTC,A,Close Long,118350.0,0.00001,0.000505,-0.00563,0.00001,1337
1755179061122,ARB,B,Open Long,0.5165,3342.8,0.738102,0.0,53193.8,1338
1755179061122,ARB,B,Open Long,0.51659,3401.0,0.751084,0.0,56536.6,1338
1755179061122,ARB,B,Open Long,0.5167,722.4,0.15957,0.0,59937.6,1338
1755179061122,ARB,B,Open Long,0.5167,778.2,0.171896,0.0,60660.0,1338
1755179061122,ARB,B,Open Long,0.51673,1438.5,0.317767,0.0,61438.2,1338
1755179925369,ARB,B,Open Long,0.52442,7827.7,1.754888,0.0,62876.7,1339
1755179925369,ARB,B,Open Long,0.52447,1713.3,0.38414,0.0,70704.4,1339
1755180903039,ARB,A,Close Long,0.52223,3220.6,0.239669,125.538988,72417.7,1340
1755180903039,ARB,A,Close Long,0.52223,8678.0,0.645797,338.26844,69197.1,1340
1755180903988,ARB,A,Close Long,0.52223,3731.2,0.277667,145.442176,60519.1,1340
1755180903988,ARB,A,Close Long,0.52223,3512.6,0.261399,136.921148,56787.9,1340
1755180903988,ARB,A,Close Long,0.52223,4960.1,0.369119,193.344698,53275.3,1340
1755180904148,ARB,A,Close Long,0.52223,3619.4,0.269347,141.084212,48315.2,1340
1755180904148,ARB,A,Close Long,0.52223,3551.7,0.264309,138.445266,44695.8,1340
1755180904148,ARB,A,Close Long,0.52223,3540.9,0.263505,138.024282,41144.1,1340
1755180904148,ARB,A,Close Long,0.52223,332.5,0.024743,12.96085,37603.2,1340
1755180904148,ARB,A,Close Long,0.52223,1334.7,0.099325,52.026606,37270.7,1340
1755180904148,ARB,A,Close Long,0.52223,3760.0,0.27981,146.5648,35936.0,1340
1755180904148,ARB,A,Close Long,0.52223,3164.6,0.235502,123.356108,32176.0,1340
1755180904312,ARB,A,Close Long,0.52223,312.0,0.023218,12.16176,29011.4,1340
1755180904417,ARB,A,Close Long,0.52223,28638.3,2.131198,1116.320934,28699.4,1340
1755181437819,ARB,B,Open Long,0.52562,2288.2,0.514164,0.0,61.1,1341
1755181437819,ARB,B,Open Long,0.52584,8408.3,1.890157,0.0,2349.3,1341
1755181437819,ARB,B,Open Long,0.52585,966.2,0.217202,0.0,10757.6,1341
1755181437819,ARB,B,Open Long,0.5259,20026.7,4.502447,0.0,11723.8,1341
1755181437819,ARB,B,Open Long,0.526,767.5,0.172583,0.0,31750.5,1341
1755181437819,ARB,B,Open Long,0.52602,16712.8,3.758266,0.0,32518.0,1341
1755181437819,ARB,B,Open Long,0.52605,950.9,0.213844,0.0,49230.8,1341
1755181437819,ARB,B,Open Long,0.52605,4919.5,1.106328,0.0,50181.7,1341
1755181437819,ARB,B,Open Long,0.52606,5883.5,1.323144,0.0,55101.2,1341
1755181437819,ARB,B,Open Long,0.52611,909.3,0.204512,0.0,60984.7,1341
1755181721665,ARB,B,Open Long,0.52994,10580.7,2.39705,0.0,61894.0,1342
1755181721665,ARB,B,Open Long,0.52994,23895.3,5.413464,0.0,72474.7,1342
1755181721665,ARB,B,Open Long,0.53,94.3,0.021366,0.0,96370.0,1342
1755181721665,ARB,B,Open Long,0.53,666.6,0.151034,0.0,96464.3,1342
1755181721665,ARB,B,Open Long,0.53005,943.8,0.213861,0.0,97130.9,1342
1755181721665,ARB,B,Open Long,0.53005,1111.5,0.251861,0.0,98074.7,1342
1755181721665,ARB,B,Open Long,0.5301,800.0,0.181294,0.0,99186.2,1342
1755181721665,ARB,B,Open Long,0.53014,978.5,0.221762,0.0,99986.2,1342
1755181721665,ARB,B,Open Long,0.53014,1139.9,0.258341,0.0,100964.7,1342
1755181721665,ARB,B,Open Long,0.53017,5883.5,1.333481,0.0,102104.6,1342
1755181721665,ARB,B,Open Long,0.53017,191.1,0.043312,0.0,107988.1,1342
1755181721665,ARB,B,Open Long,0.53018,905.0,0.20512,0.0,108179.2,1342
1755182544546,ARB,A,Close Long,0.52612,7415.7,1.667911,-11.494335,109084.2,1343
1755182545334,ARB,A,Close Long,0.5261,221.6,0.016613,-0.347912,101668.5,1343
1755182545580,ARB,A,Close Long,0.5261,221.6,0.016613,-0.347912,101446.9,1343
1755182545580,ARB,A,Close Long,0.5261,938.5,0.070358,-1.473445,101225.3,1343
1755182546706,ARB,A,Close Long,0.5261,254.2,0.019057,-0.399094,100286.8,1343
1755182546706,ARB,A,Close Long,0.5261,32.6,0.002443,-0.051182,100032.6,1343
1755183515154,ARB,A,Close Long,0.52529,109.0,0.008159,-0.25942,100000.0,1344
1755183515154,ARB,A,Close Long,0.52529,108.8,0.008144,-0.258944,99891.0,1344
1755183515738,ARB,A,Close Long,0.52529,946.3,0.070834,-2.252194,99782.2,1344
1755183519624,ARB,A,Close Long,0.52529,431.8,0.032321,-1.027684,98835.9,1344
1755183519624,ARB,A,Close Long,0.52529,325.8,0.024387,-0.775404,98404.1,1344
1755183519624,ARB,A,Close Long,0.52529,214.2,0.016033,-0.509796,98078.3,1344
1755183519860,ARB,A,Close Long,0.52529,104.0,0.007784,-0.24752,97864.1,1344
1755183519860,ARB,A,Close Long,0.52529,214.1,0.016026,-0.509558,97760.1,1344
1755183519860,ARB,A,Close Long,0.52529,6853.0,0.512973,-16.31014,97546.0,1344
1755183519860,ARB,A,Close Long,0.52529,426.5,0.031925,-1.01507,90693.0,1344
1755183519860,ARB,A,Close Long,0.52529,105.0,0.007859,-0.2499,90266.5,1344
1755183519860,ARB,A,Close Long,0.52529,209.6,0.015689,-0.498848,90161.5,1344
1755183519860,ARB,A,Close Long,0.52529,2874.4,0.215159,-6.841072,89951.9,1344
1755183519860,ARB,A,Close Long,0.52529,423.2,0.031678,-1.007216,87077.5,1344
1755183519860,ARB,A,Close Long,0.52529,3064.6,0.229397,-7.293748,86654.3,1344
1755183519860,ARB,A,Close Long,0.52529,208.8,0.015629,-0.496944,83589.7,1344
1755183519860,ARB,A,Close Long,0.52529,311.3,0.023301,-0.740894,83380.9,1344
1755183520174,ARB,A,Close Long,0.52529,336.0,0.02515,-0.79968,83069.6,1344
1755183520228,ARB,A,Close Long,0.52529,3654.9,0.273583,-8.698662,82733.6,1344
1755183520228,ARB,A,Close Long,0.52529,3504.9,0.262355,-8.341662,79078.7,1344
1755183520228,ARB,A,Close Long,0.52529,103.2,0.007724,-0.245616,75573.8,1344
1755183520228,ARB,A,Close Long,0.52529,3521.3,0.263582,-8.380694,75470.6,1344
1755183520228,ARB,A,Close Long,0.52529,2910.4,0.217854,-6.926752,71949.3,1344
1755183520228,ARB,A,Close Long,0.52529,102.7,0.007687,-0.244426,69038.9,1344
1755183520228,ARB,A,Close Long,0.52529,103.0,0.007709,-0.24514,68936.2,1344
1755183529716,ARB,A,Close Long,0.52529,438.2,0.0328,-1.042916,68833.2,1344
1755183529716,ARB,A,Close Long,0.52529,325.4,0.024357,-0.774452,68395.0,1344
1755183529716,ARB,A,Close Long,0.52529,107.8,0.008069,-0.256564,68069.6,1344
1755183529716,ARB,A,Close Long,0.52529,107.7,0.008061,-0.256326,67961.8,1344
1755183529964,ARB,A,Close Long,0.52529,322.3,0.024125,-0.767074,67854.1,1344
1755183690412,ARB,A,Close Long,0.52536,5000.0,1.122957,-11.55,67531.8,1345
1755183694157,ARB,A,Close Long,0.52522,994.7,0.074447,-2.437015,62531.8,1345
1755183694157,ARB,A,Close Long,0.52522,994.8,0.074454,-2.43726,61537.1,1345
1755183694714,ARB,A,Close Long,0.52522,109.3,0.00818,-0.267785,60542.3,1345
1755183694714,ARB,A,Close Long,0.52522,108.8,0.008143,-0.26656,60433.0,1345
1755183694833,ARB,A,Close Long,0.52522,109.5,0.008195,-0.268275,60324.2,1345
1755183694833,ARB,A,Close Long,0.52522,109.1,0.008165,-0.267295,60214.7,1345
1755183694833,ARB,A,Close Long,0.52522,108.4,0.008113,-0.26558,60105.6,1345
1755183694833,ARB,A,Close Long,0.52522,108.7,0.008135,-0.266315,59997.2,1345
1755183694833,ARB,A,Close Long,0.52522,108.2,0.008098,-0.26509,59888.5,1345
1755183694833,ARB,A,Close Long,0.52522,108.0,0.008083,-0.2646,59780.3,1345
1755183694988,ARB,A,Close Long,0.52522,107.8,0.008068,-0.26411,59672.3,1345
1755183695070,ARB,A,Close Long,0.52522,107.6,0.008053,-0.26362,59564.5,1345
1755183695070,ARB,A,Close Long,0.52522,107.4,0.008038,-0.26313,59456.9,1345
1755183695385,ARB,A,Close Long,0.52522,214.3,0.016039,-0.525035,59349.5,1345
1755183695385,ARB,A,Close Long,0.52522,213.5,0.015979,-0.523075,59135.2,1345
1755183695385,ARB,A,Close Long,0.52522,106.3,0.007955,-0.260435,58921.7,1345
1755183695546,ARB,A,Close Long,0.52522,946.9,0.070869,-2.319905,58815.4,1345
1755183695912,ARB,A,Close Long,0.52522,4020.4,0.300902,-9.84998,57868.5,1345
1755183695912,ARB,A,Close Long,0.52522,105.3,0.007881,-0.257985,53848.1,1345
1755183695912,ARB,A,Close Long,0.52522,211.4,0.015821,-0.51793,53742.8,1345
1755183695912,ARB,A,Close Long,0.52522,3643.1,0.272663,-8.925595,53531.4,1345
1755183695912,ARB,A,Close Long,0.52522,210.2,0.015732,-0.51499,49888.3,1345
1755183695912,ARB,A,Close Long,0.52522,104.5,0.007821,-0.256025,49678.1,1345
1755183695912,ARB,A,Close Long,0.52522,104.7,0.007836,-0.256515,49573.6,1345
1755183695912,ARB,A,Close Long,0.52522,3408.2,0.255082,-8.35009,49468.9,1345
1755183695912,ARB,A,Close Long,0.52522,26655.8,1.995022,-65.30671,46060.7,1345
1755183695912,ARB,A,Close Long,0.52522,4058.1,0.303723,-9.942345,19404.9,1345
1755183695912,ARB,A,Close Long,0.52522,4434.9,0.331924,-10.865505,15346.8,1345
1755183695912,ARB,A,Close Long,0.52522,7345.4,0.549758,-17.99623,10911.9,1345
1755183695912,ARB,A,Close Long,0.52522,3566.5,0.26693,-8.737925,3566.5,1345
1755195767627,BTC,B,Open Long,117200.0,0.0713,1.190781,0.0,0.0,1346
1755196657629,BTC,B,Open Long,118000.0,0.44921,22.660398,0.0,0.0713,1349
1755197825000,BTC,A,Close Long,118215.0,0.00415,0.069909,1.34709,0.52051,1350
1755197825940,BTC,A,Close Long,118215.0,0.51635,8.698244,167.60721,0.51636,1350
1755197903782,BTC,A,Close Long,118264.0,0.00001,0.000505,0.003736,0.00001,1351
1755197951494,ARB,B,Open Long,0.52554,2576.0,0.578745,0.0,0.0,1352
1755197951494,ARB,B,Open Long,0.52554,2668.0,0.599415,0.0,2576.0,1353
1755197978604,ARB,B,Open Long,0.52521,1454.0,0.10882,0.0,5244.0,1354
1755198346082,ARB,B,Open Long,0.52521,326.5,0.024436,0.0,6698.0,1354
1755198346082,ARB,B,Open Long,0.52521,122.5,0.009168,0.0,7024.5,1354
1755198346195,ARB,B,Open Long,0.52521,214.3,0.016038,0.0,7147.0,1354
1755198346268,ARB,B,Open Long,0.52521,321.4,0.024054,0.0,7361.3,1354
1755198347284,ARB,B,Open Long,0.52521,99.4,0.007439,0.0,7682.7,1354
1755198351139,ARB,B,Open Long,0.52521,111.0,0.008307,0.0,7782.1,1354
1755198351139,ARB,B,Open Long,0.52521,110.9,0.0083,0.0,7893.1,1354
1755198667472,ARB,B,Open Long,0.52457,356.5,0.026648,0.0,8004.0,1355
1755198668209,ARB,B,Open Long,0.52457,292.4,0.021857,0.0,8360.5,1355
1755198668209,ARB,B,Open Long,0.52457,255.9,0.019128,0.0,8652.9,1355
1755198668209,ARB,B,Open Long,0.52457,155.9,0.011653,0.0,8908.8,1355
1755198668396,ARB,B,Open Long,0.52457,1791.3,0.133901,0.0,9064.7,1355
1755198702146,ARB,B,Open Long,0.52393,2944.0,0.219799,0.0,10856.0,1356
1755198736163,ARB,B,Open Long,0.52329,3036.0,0.22639,0.0,13800.0,1357
1755198736660,ARB,B,Open Long,0.52264,756.1,0.056311,0.0,16836.0,1358
1755198736660,ARB,B,Open Long,0.52264,57.4,0.004274,0.0,17592.1,1358
1755198738103,ARB,B,Open Long,0.52264,144.7,0.010776,0.0,17649.5,1358
1755198738103,ARB,B,Open Long,0.52264,135.7,0.010106,0.0,17794.2,1358
1755198738103,ARB,B,Open Long,0.52264,127.2,0.009473,0.0,17929.9,1358
1755198738423,ARB,B,Open Long,0.52264,1787.8,0.133148,0.0,18057.1,1358
1755198738423,ARB,B,Open Long,0.52264,119.1,0.00887,0.0,19844.9,1358
1755198747868,ARB,B,Open Long,0.522,201.3,0.014973,0.0,19964.0,1359
1755198747868,ARB,B,Open Long,0.522,377.3,0.028065,0.0,20165.3,1359
1755198748090,ARB,B,Open Long,0.522,165.1,0.01228,0.0,20542.6,1359
1755198748652,ARB,B,Open Long,0.522,154.8,0.011514,0.0,20707.7,1359
1755198748900,ARB,B,Open Long,0.522,145.1,0.010793,0.0,20862.5,1359
1755198749678,ARB,B,Open Long,0.522,408.1,0.030356,0.0,21007.6,1359
1755198749678,ARB,B,Open Long,0.522,96.7,0.007193,0.0,21415.7,1359
1755198749678,ARB,B,Open Long,0.522,221.1,0.016446,0.0,21512.4,1359
1755198758401,ARB,B,Open Long,0.522,85.8,0.006382,0.0,21733.5,1359
1755198770060,ARB,B,Open Long,0.522,1364.7,0.101513,0.0,21819.3,1359
1755199022010,ARB,B,Open Long,0.52136,571.7,0.042473,0.0,23184.0,1360
1755199022010,ARB,B,Open Long,0.52136,119.1,0.008848,0.0,23755.7,1360
1755199022010,ARB,B,Open Long,0.52136,400.2,0.029732,0.0,23874.8,1360
1755199022010,ARB,B,Open Long,0.52136,142.3,0.010572,0.0,24275.0,1360
1755199022010,ARB,B,Open Long,0.52136,1035.0,0.076894,0.0,24417.3,1360
1755199022010,ARB,B,Open Long,0.52136,108.4,0.008053,0.0,25452.3,1360
1755199022214,ARB,B,Open Long,0.52136,935.3,0.069486,0.0,25560.7,1360
1755199034729,ARB,B,Open Long,0.52071,3404.0,0.25258,0.0,26496.0,1361
1755199486059,ARB,B,Open Long,0.5229,645.8,0.144361,0.0,29900.0,1362
1755199486059,ARB,B,Open Long,0.5229,652.8,0.145926,0.0,30545.8,1362
1755199486059,ARB,B,Open Long,0.52304,7721.6,1.726546,0.0,31198.6,1362
1755199486059,ARB,B,Open Long,0.52304,3759.5,0.840622,0.0,38920.2,1362
1755199486059,ARB,B,Open Long,0.52305,4686.3,1.047874,0.0,42679.7,1362
1755199507224,ARB,B,Open Long,0.52311,378.7,0.084688,0.0,47366.0,1363
1755201450492,ARB,A,Close Long,0.52005,3543.4,0.262591,-11.232578,47744.7,1364
1755201450492,ARB,A,Close Long,0.52005,4489.1,0.332674,-14.230447,44201.3,1364
1755201450492,ARB,A,Close Long,0.52005,9307.3,0.689737,-29.504141,39712.2,1364
1755201453194,ARB,A,Close Long,0.52005,778.0,0.057655,-2.46626,30404.9,1364
1755201453247,ARB,A,Close Long,0.52005,778.1,0.057662,-2.466577,29626.9,1364
1755201619481,ARB,A,Close Long,0.51859,618.9,0.137208,-2.865507,28848.8,1365
1755201619481,ARB,A,Close Long,0.51856,256.7,0.056906,-1.196222,28229.9,1365
1755201619481,ARB,A,Close Long,0.51854,191.1,0.042362,-0.894348,27973.2,1365
1755201619481,ARB,A,Close Long,0.51853,3923.6,0.86975,-18.401684,27782.1,1365
1755201619481,ARB,A,Close Long,0.51852,5883.5,1.304179,-27.65245,23858.5,1365
1755201619481,ARB,A,Close Long,0.51851,7782.9,1.725181,-36.657459,17975.0,1365
1755201619481,ARB,A,Close Long,0.5185,1284.7,0.284764,-6.063784,10192.1,1365
1755201619481,ARB,A,Close Long,0.51849,1472.2,0.326319,-6.963506,8907.4,1365
1755201619481,ARB,A,Close Long,0.51846,963.9,0.21364,-4.588164,7435.2,1365
1755201619481,ARB,A,Close Long,0.51841,405.1,0.089778,-1.948531,6471.3,1365
1755201619481,ARB,A,Close Long,0.51838,6066.2,1.344315,-29.360408,6066.2,1365
1755207404128,BTC,B,Open Long,117421.0,0.06653,1.113212,0.0,0.0,1347
1755207481111,BTC,B,Open Long,117358.0,0.07193,1.202922,0.0,0.06653,1348
1755211763157,ARB,B,Open Long,0.51301,7633.8,1.674182,0.0,0.0,1366
1755211763157,ARB,B,Open Long,0.51307,5670.5,1.243752,0.0,7633.8,1366
1755211763157,ARB,B,Open Long,0.51309,7388.4,1.620615,0.0,13304.3,1366
1755211763157,ARB,B,Open Long,0.51315,280.8,0.061599,0.0,20692.7,1366
1755211763157,ARB,B,Open Long,0.51317,1040.0,0.228155,0.0,20973.5,1366
1755211763157,ARB,B,Open Long,0.51318,971.4,0.21311,0.0,22013.5,1366
1755211763157,ARB,B,Open Long,0.51318,1038.6,0.227852,0.0,22984.9,1366
1755211763157,ARB,B,Open Long,0.51324,1956.6,0.429297,0.0,24023.5,1366
1755211763157,ARB,B,Open Long,0.51324,2027.6,0.444875,0.0,25980.1,1366
1755211763157,ARB,B,Open Long,0.51331,443.3,0.097277,0.0,28007.7,1366
1755211763157,ARB,B,Open Long,0.51334,2195.6,0.48183,0.0,28451.0,1366
1755211763157,ARB,B,Open Long,0.51334,2193.1,0.481282,0.0,30646.6,1366
1755211763157,ARB,B,Open Long,0.51337,1647.5,0.361569,0.0,32839.7,1366
1755211763157,ARB,B,Open Long,0.51339,9261.3,2.032616,0.0,34487.2,1366
1755215303048,BTC,A,Close Long,118550.0,0.00014,0.002365,0.162652,0.13846,1367
1755215306680,BTC,A,Close Long,118550.0,0.00423,0.071458,4.914414,0.13832,1367
1755215307082,BTC,A,Close Long,118550.0,0.00012,0.002027,0.139416,0.13409,1367
1755215308555,BTC,A,Close Long,118550.0,0.00328,0.05541,3.810704,0.13397,1367
1755215313001,BTC,A,Close Long,118550.0,0.00089,0.015035,1.034002,0.13069,1367
1755215313845,BTC,A,Close Long,118550.0,0.01531,0.258637,17.787158,0.1298,1367
1755215319083,BTC,A,Close Long,118550.0,0.00354,0.059802,4.112772,0.11449,1367
1755215406340,BTC,A,Close Long,118504.0,0.11095,5.620778,123.79801,0.11095,1368
1755218276201,ARB,B,Open Long,0.52222,837.1,0.186881,0.0,43748.5,1369
1755218276201,ARB,B,Open Long,0.52222,913.9,0.204027,0.0,44585.6,1369
1755218276201,ARB,B,Open Long,0.52228,8028.0,1.792449,0.0,45499.5,1369
1755218276201,ARB,B,Open Long,0.52229,272.1,0.060754,0.0,53527.5,1369
1755218276201,ARB,B,Open Long,0.5223,3848.6,0.859327,0.0,53799.6,1369
1755218276201,ARB,B,Open Long,0.52232,6736.9,1.504294,0.0,57648.2,1369
1755218276201,ARB,B,Open Long,0.52236,1040.0,0.232241,0.0,64385.1,1369
1755218276201,ARB,B,Open Long,0.52237,1806.0,0.403303,0.0,65425.1,1369
1755218276201,ARB,B,Open Long,0.52237,1950.3,0.435527,0.0,67231.1,1369
1755218276201,ARB,B,Open Long,0.52241,1234.6,0.275723,0.0,69181.4,1369
1755218276201,ARB,B,Open Long,0.52241,616.1,0.137593,0.0,70416.0,1369
1755218276201,ARB,B,Open Long,0.52242,959.0,0.214177,0.0,71032.1,1369
1755218276201,ARB,B,Open Long,0.52245,1218.6,0.272171,0.0,71991.1,1369
1755218276201,ARB,B,Open Long,0.52246,2173.7,0.485499,0.0,73209.7,1369
1755226793346,ARB,A,Close Long,0.52153,9038.2,0.671701,40.762282,75383.4,1370
1755226793636,ARB,A,Close Long,0.52153,8968.9,0.66655,40.449739,66345.2,1370
1755226797374,ARB,A,Close Long,0.52153,8357.4,0.621105,37.691874,57376.3,1370
1755226797643,ARB,A,Close Long,0.52153,8288.4,0.615977,37.380684,49018.9,1370
1755226802586,ARB,A,Close Long,0.52153,4086.6,0.303708,18.430566,40730.5,1370
1755226802586,ARB,A,Close Long,0.52153,4293.6,0.319091,19.364136,36643.9,1370
1755226802586,ARB,A,Close Long,0.52153,9388.7,0.697749,42.343037,32350.3,1370
1755226802586,ARB,A,Close Long,0.52153,5067.8,0.376628,22.855778,22961.6,1370
1755226802586,ARB,A,Close Long,0.52153,17873.5,1.328323,80.609485,17893.8,1370
1755226844502,ARB,A,Close Long,0.52104,20.3,0.004521,0.081606,20.3,1371
1755226908116,ARB,B,Open Long,0.52,1009.2,0.224345,0.0,0.0,1372
1755226908116,ARB,B,Open Long,0.52,1002.7,0.2229,0.0,1009.2,1372
1755226914027,ARB,B,Open Long,0.52,488.1,0.036168,0.0,2011.9,1372
1755226914027,ARB,B,Open Long,0.51926,2631.5,0.194716,0.0,2500.0,1373
1755227028535,ARB,B,Open Long,0.52171,30602.5,6.825306,0.0,5131.5,1388
1755227028535,ARB,B,Open Long,0.52171,1149.2,0.256307,0.0,35734.0,1388
1755227028535,ARB,B,Open Long,0.52172,1095.3,0.24429,0.0,36883.2,1388
1755227028535,ARB,B,Open Long,0.52181,2319.6,0.517441,0.0,37978.5,1388
1755227028535,ARB,B,Open Long,0.52181,2481.3,0.553512,0.0,40298.1,1388
1755227028535,ARB,B,Open Long,0.52188,1475.5,0.329189,0.0,42779.4,1388
1755227028535,ARB,B,Open Long,0.5219,5084.1,1.134324,0.0,44254.9,1388
1755227028535,ARB,B,Open Long,0.52192,1476.2,0.32937,0.0,49339.0,1388
1755227028535,ARB,B,Open Long,0.52193,2147.7,0.479205,0.0,50815.2,1388
1755227028535,ARB,B,Open Long,0.52193,2256.1,0.503392,0.0,52962.9,1388
1755227028535,ARB,B,Open Long,0.52195,1475.9,0.329322,0.0,55219.0,1388
1755227028535,ARB,B,Open Long,0.52199,1040.0,0.232076,0.0,56694.9,1388
1755227028535,ARB,B,Open Long,0.522,967.6,0.215924,0.0,57734.9,1388
1755231268526,ARB,B,Open Long,0.52,117.2,0.008684,0.0,58702.5,1374
1755231268526,ARB,B,Open Long,0.52,109.9,0.008143,0.0,58819.7,1374
1755231268526,ARB,B,Open Long,0.52,667.5,0.049461,0.0,58929.6,1374
1755231268526,ARB,B,Open Long,0.52,206.0,0.015264,0.0,59597.1,1374
1755231268526,ARB,B,Open Long,0.52,774.4,0.057383,0.0,59803.1,1374
1755231281329,ARB,B,Open Long,0.51921,259.1,0.01917,0.0,60577.5,1375
1755231281329,ARB,B,Open Long,0.51921,226.7,0.016772,0.0,60836.6,1375
1755231281329,ARB,B,Open Long,0.51921,388.6,0.028751,0.0,61063.3,1375
1755231281329,ARB,B,Open Long,0.51921,1197.9,0.088629,0.0,61451.9,1375
1755231282193,ARB,B,Open Long,0.51842,648.5,0.047907,0.0,62649.8,1376
1755231284014,ARB,B,Open Long,0.51842,426.8,0.031529,0.0,63298.3,1376
1755231284014,ARB,B,Open Long,0.51842,1194.4,0.088236,0.0,63725.1,1376
1755231284014,ARB,A,Close Long,0.518,11911.2,2.637675,-40.021632,64919.5,1389
1755231284014,ARB,A,Close Long,0.518,4952.5,1.096706,-16.6404,53008.3,1389
1755231284014,ARB,A,Close Long,0.518,14652.2,3.244656,-49.231392,48055.8,1389
1755231284014,ARB,A,Close Long,0.51797,1339.9,0.296696,-4.542261,33403.6,1389
1755231284014,ARB,A,Close Long,0.51794,1339.9,0.296679,-4.582458,32063.7,1389
1755231284014,ARB,A,Close Long,0.51794,14037.2,3.108107,-48.007224,30723.8,1389
1755231284014,ARB,A,Close Long,0.51792,1340.7,0.296845,-4.612008,16686.6,1389
1755231284014,ARB,A,Close Long,0.51791,191.1,0.04231,-0.659295,15345.9,1389
1755231284014,ARB,A,Close Long,0.51788,1340.7,0.296822,-4.665636,15154.8,1389
1755231284014,ARB,A,Close Long,0.51786,3295.9,0.729663,-11.53565,13814.1,1389
1755231354295,ARB,B,Open Long,0.51763,2467.1,0.181978,0.0,10518.2,1377
1755231782116,ARB,B,Open Long,0.51684,2664.4,0.196232,0.0,12985.3,1378
1755231805765,ARB,B,Open Long,0.51605,2861.8,0.210448,0.0,15649.7,1379
1755231809133,ARB,B,Open Long,0.51526,3059.2,0.22462,0.0,18511.5,1380
1755231809594,ARB,B,Open Long,0.51447,1123.2,0.082344,0.0,21570.7,1381
1755231809594,ARB,B,Open Long,0.51447,2133.3,0.156396,0.0,22693.9,1381
1755231809594,ARB,B,Open Long,0.51368,3453.9,0.252823,0.0,24827.2,1382
1755251765861,ARB,B,Open Long,0.51289,2798.9,0.204562,0.0,28281.1,1383
1755251767449,ARB,B,Open Long,0.51289,852.4,0.062299,0.0,31080.0,1383
1755251779563,ARB,B,Open Long,0.51211,3223.6,0.235244,0.0,31932.4,1384
1755251779612,ARB,B,Open Long,0.51211,120.3,0.008778,0.0,35156.0,1384
1755251779612,ARB,B,Open Long,0.51211,116.5,0.008501,0.0,35276.3,1384
1755251779844,ARB,B,Open Long,0.51211,96.1,0.007012,0.0,35392.8,1384
1755251779989,ARB,B,Open Long,0.51211,112.9,0.008238,0.0,35488.9,1384
1755251779989,ARB,B,Open Long,0.51211,109.3,0.007976,0.0,35601.8,1384
1755251779989,ARB,B,Open Long,0.51211,69.9,0.0051,0.0,35711.1,1384
1755251792253,ARB,B,Open Long,0.51132,655.0,0.047725,0.0,35781.0,1385
1755256592989,ARB,B,Open Long,0.51132,3391.0,0.247078,0.0,36436.0,1385
1755256628124,ARB,B,Open Long,0.51053,1408.9,0.102498,0.0,39827.0,1386
1755256628124,ARB,B,Open Long,0.51053,1989.1,0.144708,0.0,41235.9,1386
1755256628659,ARB,B,Open Long,0.51053,132.6,0.009646,0.0,43225.0,1386
1755256628712,ARB,B,Open Long,0.51053,385.4,0.028038,0.0,43357.6,1386
1755256628712,ARB,B,Open Long,0.51053,327.4,0.023818,0.0,43743.0,1386
1755256630200,ARB,B,Open Long,0.50974,2816.4,0.204577,0.0,44070.4,1387
1755256632253,ARB,B,Open Long,0.50974,1624.3,0.117985,0.0,46886.8,1387
1755260251920,ARB,B,Open Long,0.51402,800.0,0.175794,0.0,48511.1,1390
1755260251920,ARB,B,Open Long,0.51412,6736.9,1.480678,0.0,49311.1,1390
1755260251920,ARB,B,Open Long,0.51414,835.1,0.18355,0.0,56048.0,1390
1755260251920,ARB,B,Open Long,0.51414,707.4,0.155482,0.0,56883.1,1390
1755260251920,ARB,B,Open Long,0.51414,289.4,0.063608,0.0,57590.5,1390
1755260251920,ARB,B,Open Long,0.51419,1484.0,0.326207,0.0,57879.9,1390
1755260251920,ARB,B,Open Long,0.51423,1483.0,0.326012,0.0,59363.9,1390
1755260251920,ARB,B,Open Long,0.51426,1482.6,0.325943,0.0,60846.9,1390
1755260251920,ARB,B,Open Long,0.51428,11157.5,2.453028,0.0,62329.5,1390
1755260251920,ARB,B,Open Long,0.51428,1524.1,0.33508,0.0,73487.0,1390
1755266434654,ARB,A,Close Long,0.50287,1338.7,0.095929,-15.850208,75011.1,1391
1755266434654,ARB,A,Close Long,0.50287,1338.7,0.095929,-15.850208,73672.4,1391
1755266434844,ARB,A,Close Long,0.50287,16259.7,1.165153,-192.514848,72333.7,1391
1755266434844,ARB,A,Close Long,0.50287,3609.3,0.258638,-42.734112,56074.0,1391
1755266434844,ARB,A,Close Long,0.50287,1810.8,0.12976,-21.439872,52464.7,1391
1755266434844,ARB,A,Close Long,0.50287,1570.0,0.112504,-18.5888,50653.9,1391
1755266434844,ARB,A,Close Long,0.50287,1441.7,0.10331,-17.069728,49083.9,1391
1755266434844,ARB,A,Close Long,0.50287,1308.8,0.093787,-15.496192,47642.2,1391
1755266434844,ARB,A,Close Long,0.50287,191.4,0.013715,-2.266176,46333.4,1391
1755266434844,ARB,A,Close Long,0.50287,192.2,0.013772,-2.275648,46142.0,1391
1755266435632,ARB,A,Close Long,0.50287,189.9,0.013608,-2.248416,45949.8,1391
1755266435632,ARB,A,Close Long,0.50287,4425.0,0.31709,-52.392,45759.9,1391
1755266435632,ARB,A,Close Long,0.50287,187.7,0.01345,-2.222368,41334.9,1391
1755266435632,ARB,A,Close Long,0.50287,378.3,0.027108,-4.479072,41147.2,1391
1755266435763,ARB,A,Close Long,0.50287,4807.6,0.344507,-56.921984,40768.9,1391
1755266435763,ARB,A,Close Long,0.50287,2904.7,0.208147,-34.391648,35961.3,1391
1755266435763,ARB,A,Close Long,0.50287,1223.3,0.08766,-14.483872,33056.6,1391
1755266435763,ARB,A,Close Long,0.50287,190.7,0.013665,-2.257888,31833.3,1391
1755266435763,ARB,A,Close Long,0.50287,2073.8,0.148606,-24.553792,31642.6,1391
1755266435763,ARB,A,Close Long,0.50287,1915.6,0.137269,-22.680704,29568.8,1391
1755266435763,ARB,A,Close Long,0.50287,5611.9,0.402143,-66.444896,27653.2,1391
1755266435763,ARB,A,Close Long,0.50287,186.9,0.013393,-2.212896,22041.3,1391
1755266435763,ARB,A,Close Long,0.50287,186.2,0.013342,-2.204608,21854.4,1391
1755266435763,ARB,A,Close Long,0.50287,1083.8,0.077663,-12.832192,21668.2,1391
1755266435763,ARB,A,Close Long,0.50287,185.5,0.013292,-2.19632,20584.4,1391
1755266435763,ARB,A,Close Long,0.50287,2043.3,0.14642,-24.192672,20398.9,1391
1755266435763,ARB,A,Close Long,0.50287,1054.6,0.075571,-12.486464,18355.6,1391
1755266435763,ARB,A,Close Long,0.50287,2100.3,0.150505,-24.867552,17301.0,1391
1755266435763,ARB,A,Close Long,0.50287,15200.7,1.089266,-179.976288,15200.7,1391
1755266700478,ARB,B,Open Long,0.50802,1142.1,0.248039,0.0,0.0,1392
1755266700478,ARB,B,Open Long,0.50807,295.7,0.064226,0.0,1142.1,1392
1755266700478,ARB,B,Open Long,0.50809,1242.1,0.269794,0.0,1437.8,1392
1755266700478,ARB,B,Open Long,0.5081,2670.2,0.580001,0.0,2679.9,1392
1755266700478,ARB,B,Open Long,0.50811,1968.1,0.427504,0.0,5350.1,1392
1755266700478,ARB,B,Open Long,0.50818,6736.9,1.46357,0.0,7318.2,1392
1755266700478,ARB,B,Open Long,0.5082,15415.3,3.349058,0.0,14055.1,1392
1755266700478,ARB,B,Open Long,0.50823,5712.0,1.241036,0.0,29470.4,1392
1755266700478,ARB,B,Open Long,0.50828,191.1,0.041524,0.0,35182.4,1392
1755266700478,ARB,B,Open Long,0.50829,1443.4,0.313642,0.0,35373.5,1392
1755266700478,ARB,B,Open Long,0.50831,6736.9,1.463945,0.0,36816.9,1392
1755266700478,ARB,B,Open Long,0.50833,15415.3,3.349915,0.0,43553.8,1392
1755266700478,ARB,B,Open Long,0.50836,1441.6,0.313294,0.0,58969.1,1392
1755266700478,ARB,B,Open Long,0.50839,1441.6,0.313312,0.0,60410.7,1392
1755266700478,ARB,B,Open Long,0.50843,1429.6,0.310729,0.0,61852.3,1392
1755266700478,ARB,B,Open Long,0.50844,3740.8,0.813093,0.0,63281.9,1392
1755267713127,ARB,A,Close Long,0.5025,27862.4,5.985365,-160.2088,67022.7,1393
1755267713127,ARB,A,Close Long,0.50249,2139.6,0.459617,-12.324096,39160.3,1393
1755267713127,ARB,A,Close Long,0.50249,477.5,0.102573,-2.7504,37020.7,1393
1755267713127,ARB,A,Close Long,0.50244,27864.0,5.984994,-161.88984,36543.2,1393
1755267713127,ARB,A,Close Long,0.50243,8679.2,1.864195,-50.512944,8679.2,1393
1755269266923,BTC,B,Open Long,117350.0,0.04621,0.77274,0.0,0.0,1394
1755269664185,BTC,B,Open Long,117297.0,0.05108,0.853793,0.0,0.04621,1395
1755270401133,BTC,B,Open Long,117200.0,0.0503,0.84006,0.0,0.09729,1396
1755270503677,BTC,B,Open Long,117103.0,0.05427,0.905613,0.0,0.14759,1397
1755270581822,BTC,B,Open Long,117005.0,0.05825,0.971214,0.0,0.20186,1398
1755272651636,BTC,B,Open Long,116908.0,0.06222,1.036547,0.0,0.26011,1399
1755272675435,BTC,B,Open Long,116811.0,0.06619,1.10177,0.0,0.32233,1400
1755279930038,BTC,A,Close Long,117719.0,0.26286,13.228395,169.360698,0.38852,1401
1755279930038,BTC,A,Close Long,117719.0,0.12566,6.323823,80.962738,0.12566,1401
1755284656453,BTC,B,Open Long,117000.0,0.03181,0.530352,0.0,0.0,1402
1755287376002,BTC,B,Open Long,116948.0,0.0068,0.113322,0.0,0.03181,1403
1755287378340,BTC,B,Open Long,116948.0,0.02721,0.453457,0.0,0.03861,1403
1755287423909,BTC,B,Open Long,116897.0,0.0362,0.603013,0.0,0.06582,1404
1755287626852,BTC,B,Open Long,116845.0,0.0384,0.639375,0.0,0.10202,1405
1755437128378,BTC,A,Close Long,118098.0,0.13503,6.817245,159.281388,0.14042,1406
1755437128378,BTC,A,Close Long,118098.0,0.00011,0.005553,0.129756,0.00539,1406
1755437128378,BTC,A,Close Long,118098.0,0.001,0.050486,1.1796,0.00528,1406
1755437128378,BTC,A,Close Long,118098.0,0.00428,0.216083,5.048688,0.00428,1406
1755443134418,ETH,B,Open Long,4556.1,0.005,0.009738,0.0,0.0,1407
1755443136628,ETH,A,Close Long,4556.0,0.005,0.009738,-0.0005,0.005,1408
1755485469321,BTC,B,Open Long,115317.0,0.03018,1.487814,0.0,0.00232,1409
1755485469321,BTC,B,Open Long,115320.0,0.40309,19.872054,0.0,0.0325,1409
1755485506103,BTC,B,Open Long,115458.0,0.433,21.372141,0.0,0.43775,1410
1755534446111,BTC,A,Close Long,115975.0,1.73143,85.843109,1025.699132,1.73143,1411
1755538720567,BTC,B,Open Long,116600.0,0.00016,0.002658,0.0,0.0,1412
1755538721914,BTC,B,Open Long,116600.0,0.00632,0.105009,0.0,0.00016,1412
1755538723498,BTC,B,Open Long,116600.0,0.07685,1.276901,0.0,0.00648,1412
1755538742072,BTC,B,Open Long,116569.0,0.0001,0.001661,0.0,0.08333,1413
1755538743181,BTC,B,Open Long,116569.0,0.01724,0.286375,0.0,0.08343,1413
1755538743181,BTC,B,Open Long,116569.0,0.01733,0.28787,0.0,0.10067,1413
1755538744897,BTC,B,Open Long,116569.0,0.00137,0.022757,0.0,0.118,1413
1755538747052,BTC,B,Open Long,116569.0,0.00153,0.025414,0.0,0.11937,1413
1755538748615,BTC,B,Open Long,116569.0,0.05023,0.834374,0.0,0.1209,1413
1755538753923,BTC,B,Open Long,116538.0,0.09226,1.53213,0.0,0.17113,1414
1755538944530,BTC,B,Open Long,116507.0,0.09672,1.605769,0.0,0.26339,1415
1755539059465,BTC,B,Open Long,116476.0,0.10119,1.679534,0.0,0.36011,1416
1755539255710,BTC,B,Open Long,116445.0,0.00199,0.03302,0.0,0.4613,1417
1755539255710,BTC,B,Open Long,116445.0,0.10366,1.720073,0.0,0.46329,1417
1755539385139,BTC,B,Open Long,116414.0,0.11012,1.82678,0.0,0.56695,1418
1755539390683,BTC,B,Open Long,116383.0,0.11458,1.90026,0.0,0.67707,1419
1755540004446,BTC,B,Open Long,116351.0,0.00096,0.015916,0.0,0.79165,1420
1755540005969,BTC,B,Open Long,116351.0,0.00057,0.00945,0.0,0.79261,1420
1755540006856,BTC,B,Open Long,116351.0,0.0001,0.001658,0.0,0.79318,1420
1755540019832,BTC,B,Open Long,116351.0,0.04297,0.712443,0.0,0.79328,1420
1755540020686,BTC,B,Open Long,116351.0,0.00017,0.002818,0.0,0.83625,1420
1755540024251,BTC,B,Open Long,116351.0,0.008,0.13264,0.0,0.83642,1420
1755540024480,BTC,B,Open Long,116351.0,0.005,0.0829,0.0,0.84442,1420
1755540024809,BTC,B,Open Long,116351.0,0.06128,1.016023,0.0,0.84942,1420
1755540036881,BTC,B,Open Long,116320.0,0.12351,2.047252,0.0,0.9107,1421
1755540708451,BTC,B,Open Long,116289.0,0.12797,2.120614,0.0,1.03421,1422
1755540734458,BTC,B,Open Long,116258.0,0.13244,2.194102,0.0,1.16218,1423
1755541020699,BTC,B,Open Long,116227.0,0.09198,1.523404,0.0,1.29462,1424
1755541022059,BTC,B,Open Long,116227.0,0.0001,0.001656,0.0,1.3866,1424
1755541022393,BTC,B,Open Long,116227.0,0.04482,0.742324,0.0,1.3867,1424
1755541217696,BTC,B,Open Long,116196.0,0.14137,2.340794,0.0,1.43152,1425
1755541243134,BTC,B,Open Long,116165.0,0.14583,2.413998,0.0,1.57289,1426
1755560653148,BTC,A,Close Long,116150.0,0.6875,34.13721,-144.30625,1.71872,1427
1755560653148,BTC,A,Close Long,116150.0,0.67879,33.704723,-142.478021,1.03122,1427
1755560653148,BTC,A,Close Long,116150.0,0.35243,17.499603,-73.975057,0.35243,1427
1755561193010,BTC,B,Open Long,116169.0,0.00045,0.007449,0.0,0.0,1428
1755561193657,BTC,B,Open Long,116169.0,0.00015,0.002483,0.0,0.00045,1428
1755561198081,BTC,B,Open Long,116169.0,0.01175,0.19451,0.0,0.0006,1428
1755561199424,BTC,B,Open Long,116169.0,0.00121,0.02003,0.0,0.01235,1428
1755561199517,BTC,B,Open Long,116169.0,0.19855,3.286813,0.0,0.01356,1428
1755561199517,BTC,B,Open Long,116169.0,0.19231,3.183515,0.0,0.21211,1428
1755561199635,BTC,B,Open Long,116169.0,0.00121,0.02003,0.0,0.40442,1428
1755561199718,BTC,B,Open Long,116169.0,0.18317,3.032211,0.0,0.40563,1428
1755561199718,BTC,B,Open Long,116169.0,0.18946,3.136336,0.0,0.5888,1428
1755561199718,BTC,B,Open Long,116169.0,0.22242,3.681959,0.0,0.77826,1428
1755561199775,BTC,B,Open Long,116169.0,0.26201,4.337335,0.0,1.00068,1428
1755561199829,BTC,B,Open Long,116169.0,0.44288,7.331472,0.0,1.26269,1428
1755561200989,BTC,B,Open Long,116169.0,0.00012,0.001986,0.0,1.70557,1428
1755561203509,BTC,B,Open Long,116169.0,0.00042,0.006952,0.0,1.70569,1428
1755561203584,BTC,B,Open Long,116169.0,0.00122,0.020195,0.0,1.70611,1428
1755561207568,BTC,B,Open Long,116169.0,0.00043,0.007118,0.0,1.70733,1428
1755561209798,BTC,B,Open Long,116169.0,0.12775,2.114784,0.0,1.70776,1428
1755562970269,BTC,A,Close Long,115972.0,1.83551,80.88975,-361.59547,1.83551,1429
1755569072528,BTC,B,Open Long,115650.0,0.06745,0.889267,0.0,0.0,1430
1755569914768,BTC,B,Open Long,115614.0,0.0005,0.006589,0.0,0.06745,1431
1755569915824,BTC,B,Open Long,115614.0,0.06283,0.828099,0.0,0.06795,1431
1755569915910,BTC,B,Open Long,115614.0,0.0059,0.077761,0.0,0.13078,1431
1755569940181,BTC,B,Open Long,115579.0,0.071,0.935496,0.0,0.13668,1432
1755572741049,BTC,B,Open Long,115543.0,0.07278,0.958651,0.0,0.20768,1433
1755572754870,BTC,B,Open Long,115508.0,0.07455,0.981667,0.0,0.28046,1434
1755572794517,BTC,B,Open Long,115472.0,0.07633,1.004793,0.0,0.35501,1435
1755572796162,BTC,B,Open Long,115437.0,0.0781,1.027781,0.0,0.43134,1436
1755572796325,BTC,B,Open Long,115401.0,0.07988,1.050878,0.0,0.50944,1437
1755573760599,BTC,B,Open Long,115366.0,0.08165,1.073838,0.0,0.58932,1438
1755573776355,BTC,B,Open Long,115330.0,0.08343,1.096905,0.0,0.67097,1439
1755573780811,BTC,B,Open Long,115295.0,0.0852,1.119837,0.0,0.7544,1440
1755573791990,BTC,B,Open Long,115259.0,0.08698,1.142875,0.0,0.8396,1441
1755573798451,BTC,B,Open Long,115224.0,0.01502,0.197295,0.0,0.92658,1442
1755573798451,BTC,B,Open Long,115224.0,0.022,0.288981,0.0,0.9416,1442
1755573798451,BTC,B,Open Long,115224.0,0.007,0.091948,0.0,0.9636,1442
1755573798451,BTC,B,Open Long,115224.0,0.018,0.236439,0.0,0.9706,1442
1755573798451,BTC,B,Open Long,115224.0,0.008,0.105084,0.0,0.9886,1442
1755573798451,BTC,B,Open Long,115224.0,0.018,0.236439,0.0,0.9966,1442
1755573798451,BTC,B,Open Long,115224.0,0.00073,0.009588,0.0,1.0146,1442
1755574399059,BTC,B,Open Long,115188.0,0.09053,1.188788,0.0,1.01533,1443
1755574457577,BTC,B,Open Long,115153.0,0.0923,1.211662,0.0,1.10586,1444
1755574608978,BTC,B,Open Long,115117.0,0.03067,0.402492,0.0,1.19816,1445
1755574609042,BTC,B,Open Long,115117.0,0.03115,0.408791,0.0,1.22883,1445
1755574609042,BTC,B,Open Long,115117.0,0.0002,0.002624,0.0,1.25998,1445
1755574610522,BTC,B,Open Long,115117.0,0.03206,0.420734,0.0,1.26018,1445
1755574623429,BTC,B,Open Long,115082.0,0.09586,1.25762,0.0,1.29224,1446
1755574750168,BTC,B,Open Long,115046.0,0.0064,0.083937,0.0,1.3881,1447
1755574751115,BTC,B,Open Long,115046.0,0.00372,0.048788,0.0,1.3945,1447
1755574751523,BTC,B,Open Long,115046.0,0.02466,0.323421,0.0,1.39822,1447
1755574751523,BTC,B,Open Long,115046.0,0.06285,0.824293,0.0,1.42288,1447
1755574765337,BTC,B,Open Long,115011.0,0.09941,1.303389,0.0,1.48573,1448
1755574968950,BTC,B,Open Long,114975.0,0.02248,0.294648,0.0,1.58514,1449
1755574968950,BTC,B,Open Long,114975.0,0.0787,1.031532,0.0,1.60762,1449
1755575595260,BTC,A,Close Long,114792.0,0.28133,12.271884,-139.427148,1.68632,1450
1755575595260,BTC,A,Close Long,114792.0,0.6189,26.997012,-306.72684,1.40499,1450
1755575595260,BTC,A,Close Long,114792.0,0.6189,26.997012,-306.72684,0.78609,1450
1755575595260,BTC,A,Close Long,114792.0,0.16719,7.292988,-82.859364,0.16719,1450
1755576761554,BTC,B,Open Long,114819.0,0.41264,18.003986,0.0,0.0,1451
1755576761554,BTC,B,Open Long,114819.0,0.00011,0.004799,0.0,0.41264,1451
1755576761554,BTC,B,Open Long,114820.0,0.00011,0.004799,0.0,0.41275,1451
1755576761554,BTC,B,Open Long,114821.0,0.00011,0.004799,0.0,0.41286,1451
1755576761554,BTC,B,Open Long,114822.0,0.00011,0.004799,0.0,0.41297,1451
1755576761554,BTC,B,Open Long,114823.0,0.00011,0.004799,0.0,0.41308,1451
1755576761554,BTC,B,Open Long,114824.0,0.00011,0.004799,0.0,0.41319,1451
1755576761554,BTC,B,Open Long,114825.0,0.00011,0.004799,0.0,0.4133,1451
1755576761554,BTC,B,Open Long,114826.0,0.00011,0.004799,0.0,0.41341,1451
1755576761554,BTC,B,Open Long,114827.0,0.00011,0.004799,0.0,0.41352,1451
1755576761554,BTC,B,Open Long,114828.0,0.00011,0.004799,0.0,0.41363,1451
1755576761554,BTC,B,Open Long,114829.0,0.00011,0.004799,0.0,0.41374,1451
1755576761554,BTC,B,Open Long,114830.0,0.00011,0.004799,0.0,0.41385,1451
1755576761554,BTC,B,Open Long,114831.0,0.00011,0.004799,0.0,0.41396,1451
1755576761554,BTC,B,Open Long,114832.0,0.00011,0.004799,0.0,0.41407,1451
1755576761554,BTC,B,Open Long,114833.0,0.00011,0.0048,0.0,0.41418,1451
1755576761554,BTC,B,Open Long,114834.0,0.00426,0.185893,0.0,0.41429,1451
1755576761554,BTC,B,Open Long,114835.0,0.0001,0.004363,0.0,0.41855,1451
1755576761554,BTC,B,Open Long,114835.0,0.00011,0.0048,0.0,0.41865,1451
1755576761554,BTC,B,Open Long,114836.0,0.00011,0.0048,0.0,0.41876,1451
1755576761554,BTC,B,Open Long,114837.0,0.00011,0.0048,0.0,0.41887,1451
1755576761554,BTC,B,Open Long,114838.0,0.00011,0.0048,0.0,0.41898,1451
1755576761554,BTC,B,Open Long,114838.0,0.3005,13.113351,0.0,0.41909,1451
1755614578554,BTC,A,Close Long,113887.0,0.02899,1.254601,-27.2506,0.71959,1452
1755614578554,BTC,A,Close Long,113887.0,0.01579,0.683344,-14.8426,0.6906,1452
1755614578554,BTC,A,Close Long,113887.0,0.67481,29.203792,-634.3214,0.67481,1452
1755617508634,BTC,B,Open Long,113994.0,0.01101,0.476928,0.0,0.0,1453
1755617508634,BTC,B,Open Long,113995.0,0.0105,0.45484,0.0,0.01101,1453
1755617508634,BTC,B,Open Long,113995.0,0.00011,0.004764,0.0,0.02151,1453
1755617508634,BTC,B,Open Long,113996.0,0.00011,0.004765,0.0,0.02162,1453
1755617508634,BTC,B,Open Long,113997.0,0.00011,0.004765,0.0,0.02173,1453
1755617508634,BTC,B,Open Long,113998.0,0.00011,0.004765,0.0,0.02184,1453
1755617508634,BTC,B,Open Long,113998.0,0.00011,0.004765,0.0,0.02195,1453
1755617508634,BTC,B,Open Long,113999.0,0.00011,0.004765,0.0,0.02206,1453
1755617508634,BTC,B,Open Long,113999.0,0.00011,0.004765,0.0,0.02217,1453
1755617508634,BTC,B,Open Long,114000.0,0.00011,0.004765,0.0,0.02228,1453
1755617508634,BTC,B,Open Long,114000.0,0.00011,0.004765,0.0,0.02239,1453
1755617508634,BTC,B,Open Long,114000.0,0.01578,0.683589,0.0,0.0225,1453
1755617508634,BTC,B,Open Long,114000.0,0.2613,11.319516,0.0,0.03828,1453
1755617508634,BTC,B,Open Long,114001.0,0.00011,0.004765,0.0,0.29958,1453
1755617508634,BTC,B,Open Long,114001.0,0.00011,0.004765,0.0,0.29969,1453
1755617508634,BTC,B,Open Long,114002.0,0.00011,0.004765,0.0,0.2998,1453
1755617508634,BTC,B,Open Long,114002.0,0.00011,0.004765,0.0,0.29991,1453
1755617508634,BTC,B,Open Long,114003.0,0.00426,0.184548,0.0,0.30002,1453
1755617508634,BTC,B,Open Long,114003.0,0.00011,0.004765,0.0,0.30428,1453
1755617508634,BTC,B,Open Long,114003.0,0.00011,0.004765,0.0,0.30439,1453
1755617508634,BTC,B,Open Long,114003.0,0.14479,6.272467,0.0,0.3045,1453
1755617508634,BTC,B,Open Long,114004.0,0.00011,0.004765,0.0,0.44929,1453
1755617508634,BTC,B,Open Long,114004.0,0.00011,0.004765,0.0,0.4494,1453
1755617508634,BTC,B,Open Long,114004.0,0.01424,0.616898,0.0,0.44951,1453
1755623710428,BTC,B,Open Long,113297.0,0.00001,0.00043,0.0,0.46375,1454
1755623710428,BTC,B,Open Long,113304.0,0.00441,0.189874,0.0,0.46376,1454
1755623710428,BTC,B,Open Long,113305.0,0.00341,0.14682,0.0,0.46817,1454
1755623710428,BTC,B,Open Long,113309.0,0.00017,0.007319,0.0,0.47158,1454
1755623710428,BTC,B,Open Long,113310.0,0.3451,14.859246,0.0,0.47175,1454
1755718623688,BTC,A,Close Long,113976.0,0.34359,15.664405,94.109301,0.81685,1455
1755718623688,BTC,A,Close Long,113976.0,0.47326,21.576112,129.625914,0.47326,1455
1755718642758,BTC,B,Open Long,113957.0,0.07024,3.201735,0.0,0.0,1456
1755718642758,BTC,B,Open Long,113957.0,0.0702,3.199912,0.0,0.07024,1456
1755718642758,BTC,B,Open Long,113957.0,0.01133,0.516453,0.0,0.14044,1456
1755718642758,BTC,B,Open Long,113957.0,0.01098,0.500499,0.0,0.15177,1456
1755718642758,BTC,B,Open Long,113958.0,0.04,1.823328,0.0,0.16275,1456
1755718642758,BTC,B,Open Long,113958.0,0.00011,0.005014,0.0,0.20275,1456
1755718642758,BTC,B,Open Long,113959.0,0.01578,0.719309,0.0,0.20286,1456
1755718642758,BTC,B,Open Long,113959.0,0.00011,0.005014,0.0,0.21864,1456
1755718642758,BTC,B,Open Long,113959.0,0.01578,0.719309,0.0,0.21875,1456
1755718642758,BTC,B,Open Long,113959.0,0.01769,0.806373,0.0,0.23453,1456
1755718642758,BTC,B,Open Long,113960.0,0.00011,0.005014,0.0,0.25222,1456
1755718642758,BTC,B,Open Long,113960.0,0.60298,27.48624,0.0,0.25233,1456
1755794246304,BTC,A,Close Long,112581.0,0.01246,0.561103,-17.172372,0.85531,1457
1755794246304,BTC,A,Close Long,112581.0,0.53297,24.000918,-734.539254,0.84285,1457
1755794246304,BTC,A,Close Long,112581.0,0.30988,13.95464,-427.076616,0.30988,1457
1755799849965,FARTCOIN,B,Open Long,0.87438,2228.2,0.779317,0.0,0.0,1458
1755799849965,FARTCOIN,B,Open Long,0.87438,2636.6,0.922156,0.0,2228.2,1458
1755799849965,FARTCOIN,B,Open Long,0.87438,974.8,0.340938,0.0,4864.8,1458
1755799849965,FARTCOIN,B,Open Long,0.87438,571.8,0.199988,0.0,5839.6,1458
1755799849965,FARTCOIN,B,Open Long,0.87438,3510.7,1.227874,0.0,6411.4,1458
1755799849965,FARTCOIN,B,Open Long,0.87439,85.7,0.029974,0.0,9922.1,1458
1755799849965,FARTCOIN,B,Open Long,0.8744,665.2,0.23266,0.0,10007.8,1458
1755799849965,FARTCOIN,B,Open Long,0.87445,439.4,0.153693,0.0,10673.0,1458
1755799849965,FARTCOIN,B,Open Long,0.87445,415.2,0.145228,0.0,11112.4,1458
1755799849965,FARTCOIN,B,Open Long,0.87449,1952.4,0.682941,0.0,11527.6,1458
1755806302050,@107,A,Sell,40.818,0.25,0.0061227,-0.57106522,0.50142104,1459
1755806335737,@153,B,Buy,0.993,10.54,0.00632399,0.0,0.0,1460
1755864968852,FARTCOIN,A,Close Long,0.82375,4013.8,1.487865,-203.29897,13480.0,1461
1755864968852,FARTCOIN,A,Close Long,0.8237,100.0,0.037066,-5.07,9466.2,1461
1755864968852,FARTCOIN,A,Close Long,0.8237,303.0,0.112311,-15.3621,9366.2,1461
1755864968852,FARTCOIN,A,Close Long,0.82365,95.2,0.035285,-4.8314,9063.2,1461
1755864968852,FARTCOIN,A,Close Long,0.82363,768.2,0.28472,-39.001514,8968.0,1461
1755864968852,FARTCOIN,A,Close Long,0.82361,2109.4,0.781795,-107.136426,8199.8,1461
1755864968852,FARTCOIN,A,Close Long,0.82352,20.0,0.007411,-1.0176,6090.4,1461
1755864968852,FARTCOIN,A,Close Long,0.8235,200.0,0.074115,-10.18,6070.4,1461
1755864968852,FARTCOIN,A,Close Long,0.82349,5870.4,2.175397,-298.862064,5870.4,1461
1755868731900,@107,A,Sell,41.395,2.75,0.07968537,1.41476899,3.0,1462
1759239830720,HYPE,B,Open Long,44.907,0.15,0.003031,0.0,0.0,1463
1759239830720,HYPE,B,Open Long,44.907,0.4,0.008083,0.0,0.15,1463
1759239830720,HYPE,B,Open Long,44.907,0.4,0.008083,0.0,0.55,1463
1759239830720,HYPE,B,Open Long,44.907,0.5,0.010104,0.0,0.95,1463
1759239830720,HYPE,B,Open Long,44.907,0.4,0.008083,0.0,1.45,1463
1759239830720,HYPE,B,Open Long,44.907,0.4,0.008083,0.0,1.85,1463
1759239830720,HYPE,B,Open Long,44.907,0.4,0.008083,0.0,2.25,1463
1759239830720,HYPE,B,Open Long,44.907,22.49,0.454481,0.0,2.65,1463
1759239830720,HYPE,B,Open Long,44.907,33.4,0.674952,0.0,25.14,1463
1759239830720,HYPE,B,Open Long,44.907,11.13,0.224916,0.0,58.54,1463
1759239830720,HYPE,B,Open Long,44.907,16.11,0.325553,0.0,69.67,1463
1759239830720,HYPE,B,Open Long,44.908,125.0,2.526075,0.0,85.78,1463
1759239830720,HYPE,B,Open Long,44.908,0.4,0.008083,0.0,210.78,1463
1759239830720,HYPE,B,Open Long,44.908,0.4,0.008083,0.0,211.18,1463
1759239830720,HYPE,B,Open Long,44.908,0.4,0.008083,0.0,211.58,1463
1759239830720,HYPE,B,Open Long,44.908,0.4,0.008083,0.0,211.98,1463
1759239830720,HYPE,B,Open Long,44.908,0.5,0.010104,0.0,212.38,1463
1759239830720,HYPE,B,Open Long,44.908,0.4,0.008083,0.0,212.88,1463
1759239830720,HYPE,B,Open Long,44.908,0.4,0.008083,0.0,213.28,1463
1759239830720,HYPE,B,Open Long,44.908,0.4,0.008083,0.0,213.68,1463
1759239830720,HYPE,B,Open Long,44.909,78.75,1.591462,0.0,214.08,1463
1759239830720,HYPE,B,Open Long,44.909,0.4,0.008083,0.0,292.83,1463
1759239830720,HYPE,B,Open Long,44.909,0.4,0.008083,0.0,293.23,1463
1759239830720,HYPE,B,Open Long,44.909,0.4,0.008083,0.0,293.63,1463
1759239830720,HYPE,B,Open Long,44.909,0.4,0.008083,0.0,294.03,1463
1759239830720,HYPE,B,Open Long,44.909,0.4,0.008083,0.0,294.43,1463
1759239830720,HYPE,B,Open Long,44.909,0.4,0.008083,0.0,294.83,1463
1759239830720,HYPE,B,Open Long,44.909,0.4,0.008083,0.0,295.23,1463
1759239830720,HYPE,B,Open Long,44.909,0.4,0.008083,0.0,295.63,1463
1759239830720,HYPE,B,Open Long,44.909,3.34,0.067498,0.0,296.03,1463
1759239830720,HYPE,B,Open Long,44.91,0.4,0.008083,0.0,299.37,1463
1759239830720,HYPE,B,Open Long,44.91,0.4,0.008083,0.0,299.77,1463
1759239830720,HYPE,B,Open Long,44.91,0.4,0.008083,0.0,300.17,1463
1759239830720,HYPE,B,Open Long,44.91,0.5,0.010104,0.0,300.57,1463
1759239830720,HYPE,B,Open Long,44.91,0.5,0.010104,0.0,301.07,1463
1759239830720,HYPE,B,Open Long,44.91,0.4,0.008083,0.0,301.57,1463
1759239830720,HYPE,B,Open Long,44.91,0.4,0.008083,0.0,301.97,1463
1759239830720,HYPE,B,Open Long,44.91,0.4,0.008083,0.0,302.37,1463
1759239830720,HYPE,B,Open Long,44.911,0.4,0.008083,0.0,302.77,1463
1759239830720,HYPE,B,Open Long,44.911,0.4,0.008083,0.0,303.17,1463
1759239830720,HYPE,B,Open Long,44.911,0.5,0.010104,0.0,303.57,1463
1759239830720,HYPE,B,Open Long,44.911,0.5,0.010104,0.0,304.07,1463
1759239830720,HYPE,B,Open Long,44.911,0.4,0.008083,0.0,304.57,1463
1759239830720,HYPE,B,Open Long,44.911,0.4,0.008083,0.0,304.97,1463
1759239830720,HYPE,B,Open Long,44.911,0.4,0.008083,0.0,305.37,1463
1759239830720,HYPE,B,Open Long,44.911,0.4,0.008083,0.0,305.77,1463
1759239830720,HYPE,B,Open Long,44.911,26.5,0.535563,0.0,306.17,1463
1759239830720,HYPE,B,Open Long,44.912,0.4,0.008084,0.0,332.67,1463
1759239830720,HYPE,B,Open Long,44.912,0.4,0.008084,0.0,333.07,1463
1759239830720,HYPE,B,Open Long,44.912,0.4,0.008084,0.0,333.47,1463
1759239830720,HYPE,B,Open Long,44.912,0.4,0.008084,0.0,333.87,1463
1759239830720,HYPE,B,Open Long,44.912,0.4,0.008084,0.0,334.27,1463
1759239830720,HYPE,B,Open Long,44.912,0.4,0.008084,0.0,334.67,1463
1759239830720,HYPE,B,Open Long,44.912,0.5,0.010105,0.0,335.07,1463
1759239830720,HYPE,B,Open Long,44.912,0.4,0.008084,0.0,335.57,1463
1759239830720,HYPE,B,Open Long,44.912,22.24,0.449479,0.0,335.97,1463
1759239830720,HYPE,B,Open Long,44.912,221.66,4.479837,0.0,358.21,1463
1759239830720,HYPE,B,Open Long,44.912,44.96,0.908659,0.0,579.87,1463
1759239830720,HYPE,B,Open Long,44.913,0.4,0.008084,0.0,624.83,1463
1759239830720,HYPE,B,Open Long,44.913,0.4,0.008084,0.0,625.23,1463
1759239830720,HYPE,B,Open Long,44.913,0.4,0.008084,0.0,625.63,1463
1759239830720,HYPE,B,Open Long,44.913,0.4,0.008084,0.0,626.03,1463
1759239830720,HYPE,B,Open Long,44.913,0.4,0.008084,0.0,626.43,1463
1759239830720,HYPE,B,Open Long,44.913,0.4,0.008084,0.0,626.83,1463
1759239830720,HYPE,B,Open Long,44.913,0.3,0.006063,0.0,627.23,1463
1759239830720,HYPE,B,Open Long,44.913,0.4,0.008084,0.0,627.53,1463
1759239830720,HYPE,B,Open Long,44.913,22.16,0.447872,0.0,627.93,1463
1759239830720,HYPE,B,Open Long,44.914,0.4,0.008084,0.0,650.09,1463
1759239830720,HYPE,B,Open Long,44.914,0.4,0.008084,0.0,650.49,1463
1759239830720,HYPE,B,Open Long,44.914,0.4,0.008084,0.0,650.89,1463
1759239830720,HYPE,B,Open Long,44.914,0.3,0.006063,0.0,651.29,1463
1759239830720,HYPE,B,Open Long,44.914,0.4,0.008084,0.0,651.59,1463
1759239830720,HYPE,B,Open Long,44.914,0.4,0.008084,0.0,651.99,1463
1759239830720,HYPE,B,Open Long,44.914,0.3,0.006063,0.0,652.39,1463
1759239830720,HYPE,B,Open Long,44.914,0.4,0.008084,0.0,652.69,1463
1759239830720,HYPE,B,Open Long,44.914,0.4,0.008084,0.0,653.09,1463
1759239830720,HYPE,B,Open Long,44.914,21.33,0.431107,0.0,653.49,1463
1759239830720,HYPE,B,Open Long,44.914,259.88,5.252512,0.0,674.82,1463
1759336468041,HYPE,A,Close Long,47.608,0.24,0.001713,0.647208,934.7,1464
1759336468041,HYPE,A,Close Long,47.608,14.6,0.104261,39.37182,934.46,1464
1759336468041,HYPE,A,Close Long,47.608,78.32,0.559298,211.205544,919.86,1464
1759336539122,XPL,B,Open Long,0.95985,1408.0,0.60816,0.0,0.0,1465
1759336549644,XPL,B,Open Long,0.95867,1448.0,0.208223,0.0,1408.0,1466
1759336697270,XPL,B,Open Long,0.9742,1162.0,0.509409,0.0,2856.0,1467
1759336697270,XPL,B,Open Long,0.9743,2037.0,0.893092,0.0,4018.0,1467
1759336697270,XPL,B,Open Long,0.9743,1162.0,0.509461,0.0,6055.0,1467
1759336697270,XPL,B,Open Long,0.97436,1476.0,0.647169,0.0,7217.0,1467
1759336697270,XPL,B,Open Long,0.9744,2231.0,0.978248,0.0,8693.0,1467
1759336697270,XPL,B,Open Long,0.9744,1162.0,0.509513,0.0,10924.0,1467
1759336697270,XPL,B,Open Long,0.9746,381.0,0.167095,0.0,12086.0,1467
1759336697270,XPL,B,Open Long,0.97466,308.0,0.135087,0.0,12467.0,1467
1759336697270,XPL,B,Open Long,0.97466,308.0,0.135087,0.0,12775.0,1467
1759336697270,XPL,B,Open Long,0.97467,342.0,0.150001,0.0,13083.0,1467
1759336697270,XPL,B,Open Long,0.97473,308.0,0.135097,0.0,13425.0,1467
1759336697270,XPL,B,Open Long,0.97473,308.0,0.135097,0.0,13733.0,1467
1759336697270,XPL,B,Open Long,0.97473,308.0,0.135097,0.0,14041.0,1467
1759336697270,XPL,B,Open Long,0.97475,308.0,0.1351,0.0,14349.0,1467
1759336697270,XPL,B,Open Long,0.97476,308.0,0.135101,0.0,14657.0,1467
1759336697270,XPL,B,Open Long,0.97476,308.0,0.135101,0.0,14965.0,1467
1759336697270,XPL,B,Open Long,0.97477,308.0,0.135103,0.0,15273.0,1467
1759336697270,XPL,B,Open Long,0.97477,141.0,0.061849,0.0,15581.0,1467
1759336958167,XPL,A,Close Long,0.9581,305.0,0.131499,-4.142205,15722.0,1468
1759336958167,XPL,A,Close Long,0.9581,527.0,0.227213,-7.157187,15417.0,1468
1759336958167,XPL,A,Close Long,0.958,3000.0,1.2933,-41.043,14890.0,1468
1759336958167,XPL,A,Close Long,0.95799,11890.0,5.125725,-162.78599,11890.0,1468
1759337302188,XPL,B,Open Long,0.955,497.0,0.071195,0.0,0.0,1469
1759337304489,XPL,B,Open Long,0.95121,514.0,0.073338,0.0,497.0,1470
1759337729347,XPL,B,Open Long,0.94741,531.0,0.075461,0.0,1011.0,1471
1759337789011,XPL,B,Open Long,0.94362,548.0,0.077565,0.0,1542.0,1472
1759337803835,XPL,B,Open Long,0.93983,566.0,0.079791,0.0,2090.0,1473
1759337806034,XPL,B,Open Long,0.93603,583.0,0.081855,0.0,2656.0,1474
1759337809167,XPL,B,Open Long,0.93224,600.0,0.083901,0.0,3239.0,1475
1759337851070,XPL,B,Open Long,0.92845,617.0,0.085928,0.0,3839.0,1476
1759337851636,XPL,B,Open Long,0.92466,634.0,0.087935,0.0,4456.0,1477
1759337863671,XPL,B,Open Long,0.92086,651.0,0.089921,0.0,5090.0,1478
1759337872797,XPL,B,Open Long,0.91707,669.0,0.092027,0.0,5741.0,1479
1759337873153,XPL,B,Open Long,0.91328,686.0,0.093976,0.0,6410.0,1480
1759337873153,XPL,B,Open Long,0.90948,426.0,0.058115,0.0,7096.0,1481
1759337873153,XPL,B,Open Long,0.90948,277.0,0.037788,0.0,7522.0,1481
1759337873670,XPL,B,Open Long,0.90569,705.0,0.095776,0.0,7799.0,1482
1759337873670,XPL,B,Open Long,0.90569,15.0,0.002037,0.0,8504.0,1482
1759337875819,XPL,B,Open Long,0.9019,737.0,0.099705,0.0,8519.0,1483
1759341936869,XPL,B,Open Long,0.925,485.0,0.067293,0.0,9256.0,1484
1759348992003,XPL,B,Open Long,0.86227,220.0,0.085364,0.0,9741.0,1485
1759348992003,XPL,B,Open Long,0.86231,220.0,0.085368,0.0,9961.0,1485
1759348992003,XPL,B,Open Long,0.86279,200.0,0.077651,0.0,10181.0,1485
1759348992003,XPL,B,Open Long,0.86366,6190.0,2.405724,0.0,10381.0,1485
1759354137213,XPL,A,Close Long,0.93002,596.0,0.249431,17.596304,16571.0,1486
1759354137213,XPL,A,Close Long,0.93001,15975.0,6.685609,471.48615,15975.0,1486
1759354198075,HYPE,B,Open Long,46.508,49.75,1.041197,0.0,841.54,1487
1759354198075,HYPE,B,Open Long,46.508,3.22,0.06739,0.0,891.29,1487
1759354198075,HYPE,B,Open Long,46.515,58.18,1.217809,0.0,894.51,1487
1759426723883,HYPE,A,Close Long,49.895,102.69,2.305672,492.60393,952.69,1488
1759426749939,XPL,B,Open Long,0.95237,389.0,0.166712,0.0,0.0,1489
1759426749939,XPL,B,Open Long,0.95238,22111.0,9.476133,0.0,389.0,1489
1759437387352,XPL,A,Close Long,0.91999,1415.0,0.585803,-45.830435,22500.0,1490
1759437387352,XPL,A,Close Long,0.91999,2298.0,0.951361,-74.429922,21085.0,1490
1759437387352,XPL,A,Close Long,0.91999,3139.0,1.299531,-101.669071,18787.0,1490
1759437387352,XPL,A,Close Long,0.91999,5382.0,2.228123,-174.317598,15648.0,1490
1759437387352,XPL,A,Close Long,0.91999,10266.0,4.250077,-332.505474,10266.0,1490
1759437546198,HYPE,A,Close Long,50.248,10.52,0.237874,54.178,850.0,1491
1759437546198,HYPE,A,Close Long,50.245,14.15,0.319935,72.83005,839.48,1491
1759437546198,HYPE,A,Close Long,50.244,29.85,0.674902,153.6081,825.33,1491
1759437546198,HYPE,A,Close Long,50.243,3.96,0.089533,20.3742,795.48,1491
1759437546198,HYPE,A,Close Long,50.243,269.05,6.083045,1384.26225,791.52,1491
1759437546198,HYPE,A,Close Long,50.241,20.0,0.452169,102.86,522.47,1491
1759437546198,HYPE,A,Close Long,50.234,37.39,0.845212,192.03504,502.47,1491
1759437546198,HYPE,A,Close Long,50.234,20.0,0.452106,102.72,465.08,1491
1759437546198,HYPE,A,Close Long,50.231,39.84,0.900541,204.49872,445.08,1491
1759437546198,HYPE,A,Close Long,50.23,10.0,0.226035,51.32,405.24,1491
1759437546198,HYPE,A,Close Long,50.229,60.0,1.356183,307.86,395.24,1491
1759437546198,HYPE,A,Close Long,50.229,20.02,0.452513,102.72262,335.24,1491
1759437546198,HYPE,A,Close Long,50.228,30.0,0.678078,153.9,315.22,1491
1759437546198,HYPE,A,Close Long,50.228,20.21,0.456798,103.6773,285.22,1491
1759437546198,HYPE,A,Close Long,50.227,27.0,0.610258,138.483,265.01,1491
1759437546198,HYPE,A,Close Long,50.226,90.0,2.034153,461.52,238.01,1491
1759437546198,HYPE,A,Close Long,50.225,19.91,0.44999,102.07857,148.01,1491
1759437546198,HYPE,A,Close Long,50.225,107.0,2.418333,548.589,128.1,1491
1759437546198,HYPE,A,Close Long,50.224,21.1,0.476876,108.1586,21.1,1491
1759443383262,XPL,B,Open Long,0.905,916.0,0.124346,0.0,0.0,1492
1759443383262,XPL,B,Open Long,0.90184,940.0,0.127159,0.0,916.0,1493
1759443393539,XPL,B,Open Long,0.89868,964.0,0.129949,0.0,1856.0,1494
1759443393539,XPL,B,Open Long,0.89553,988.0,0.132717,0.0,2820.0,1495
1759443396371,XPL,B,Open Long,0.89237,657.0,0.087943,0.0,3808.0,1496
1759443396371,XPL,B,Open Long,0.89237,355.0,0.047518,0.0,4465.0,1496
1759443396371,XPL,B,Open Long,0.88921,117.0,0.015605,0.0,4820.0,1497
1759443396371,XPL,B,Open Long,0.88921,920.0,0.12271,0.0,4937.0,1497
1759443396371,XPL,B,Open Long,0.88605,1061.0,0.141014,0.0,5857.0,1498
1759443398324,XPL,B,Open Long,0.88289,1085.0,0.14369,0.0,6918.0,1499
1759443400517,XPL,B,Open Long,0.87974,1109.0,0.146344,0.0,8003.0,1500
1759443400517,XPL,B,Open Long,0.87658,1133.0,0.148974,0.0,9112.0,1501
1759443400517,XPL,B,Open Long,0.87342,1157.0,0.151582,0.0,10245.0,1502
1759443400517,XPL,B,Open Long,0.87026,1181.0,0.154166,0.0,11402.0,1503
1759443406041,XPL,B,Open Long,0.86711,1205.0,0.15673,0.0,12583.0,1504
1759443406041,XPL,B,Open Long,0.86395,1230.0,0.159398,0.0,13788.0,1505
1759443406041,XPL,B,Open Long,0.86079,1254.0,0.161914,0.0,15018.0,1506
1759443406041,XPL,B,Open Long,0.85763,1278.0,0.164407,0.0,16272.0,1507
1759443406041,XPL,B,Open Long,0.85447,1302.0,0.166877,0.0,17550.0,1508
1759452652577,XPL,A,Close Long,0.93402,18851.0,2.641081,1054.411834,18852.0,1509
1759452657476,XPL,A,Close Long,0.9339,1.0,0.00042,0.055814,1.0,1510
1759453922642,XPL,B,Open Long,0.925,664.0,0.092129,0.0,0.0,1511
1759453944494,XPL,B,Open Long,0.92289,325.0,0.04499,0.0,664.0,1512
1759453944494,XPL,B,Open Long,0.92289,325.0,0.04499,0.0,989.0,1512
1759453944725,XPL,B,Open Long,0.92289,31.0,0.004291,0.0,1314.0,1512
1759454513229,XPL,B,Open Long,0.92079,698.0,0.096406,0.0,1345.0,1513
1759454540612,XPL,B,Open Long,0.91868,716.0,0.098666,0.0,2043.0,1514
1759454540612,XPL,B,Open Long,0.91658,733.0,0.100777,0.0,2759.0,1515
1759454540612,XPL,B,Open Long,0.91447,751.0,0.103015,0.0,3492.0,1516
1759456120250,XPL,B,Open Long,0.91237,403.0,0.055152,0.0,4243.0,1517
1759456120250,XPL,B,Open Long,0.91237,365.0,0.049952,0.0,4646.0,1517
1759456583616,XPL,B,Open Long,0.91026,385.0,0.052567,0.0,5011.0,1518
1759456583616,XPL,B,Open Long,0.91026,385.0,0.052567,0.0,5396.0,1518
1759456602006,XPL,B,Open Long,0.91026,16.0,0.002184,0.0,5781.0,1518
1759456605695,XPL,B,Open Long,0.90816,803.0,0.109387,0.0,5797.0,1519
1759456642471,XPL,B,Open Long,0.90605,821.0,0.11158,0.0,6600.0,1520
1759456749042,XPL,B,Open Long,0.90395,838.0,0.113626,0.0,7421.0,1521
1759456867555,XPL,B,Open Long,0.90184,856.0,0.115796,0.0,8259.0,1522
1759456909309,XPL,B,Open Long,0.89974,873.0,0.11782,0.0,9115.0,1523
1759456909309,XPL,B,Open Long,0.89763,891.0,0.119968,0.0,9988.0,1524
1759456909309,XPL,B,Open Long,0.89553,908.0,0.121971,0.0,10879.0,1525
1759457240551,XPL,A,Close Long,0.89559,113.0,0.04554,-1.559174,11787.0,1526
1759457240551,XPL,A,Close Long,0.89513,1471.0,0.592531,-20.973518,11674.0,1526
1759457240551,XPL,A,Close Long,0.89512,336.0,0.135342,-4.794048,10203.0,1526
1759457240551,XPL,A,Close Long,0.895,605.0,0.243663,-8.70474,9867.0,1526
1759457240551,XPL,A,Close Long,0.89499,299.0,0.12042,-4.305002,9262.0,1526
1759457240551,XPL,A,Close Long,0.89493,336.0,0.135313,-4.857888,8963.0,1526
1759457240551,XPL,A,Close Long,0.89491,336.0,0.13531,-4.864608,8627.0,1526
1759457240551,XPL,A,Close Long,0.89489,336.0,0.135307,-4.871328,8291.0,1526
1759457240551,XPL,A,Close Long,0.89489,336.0,0.135307,-4.871328,7955.0,1526
1759457240551,XPL,A,Close Long,0.89483,2277.0,0.916887,-33.148566,7619.0,1526
1759457240551,XPL,A,Close Long,0.8948,111.0,0.044695,-1.619268,5342.0,1526
1759457240551,XPL,A,Close Long,0.8948,943.0,0.379708,-13.756484,5231.0,1526
1759457240551,XPL,A,Close Long,0.89476,336.0,0.135287,-4.915008,4288.0,1526
1759457240551,XPL,A,Close Long,0.8947,1117.0,0.44972,-16.406496,3952.0,1526
1759457240551,XPL,A,Close Long,0.89467,336.0,0.135274,-4.945248,2835.0,1526
1759457240551,XPL,A,Close Long,0.89464,336.0,0.135269,-4.955328,2499.0,1526
1759457240551,XPL,A,Close Long,0.89461,2162.0,0.870366,-31.950036,2163.0,1526
1759457784763,XPL,A,Close Long,0.91459,1.0,0.000411,0.005202,1.0,1530
1759505147633,XPL,B,Open Long,0.86,537.0,0.069273,0.0,0.0,1527
1759505161570,XPL,B,Open Long,0.85552,551.0,0.070708,0.0,537.0,1528
1759505164607,XPL,B,Open Long,0.85103,565.0,0.072124,0.0,1088.0,1529
1759507734364,HYPE,B,Open Long,50.288,250.54,5.669619,0.0,0.0,1531
1759507734364,HYPE,B,Open Long,50.29,16.78,0.379739,0.0,250.54,1531
1759507734364,HYPE,B,Open Long,50.29,205.03,4.639931,0.0,267.32,1531
1759507734364,HYPE,B,Open Long,50.291,30.62,0.692959,0.0,472.35,1531
1759507734364,HYPE,B,Open Long,50.291,3.05,0.069024,0.0,502.97,1531
1759507734364,HYPE,B,Open Long,50.291,0.22,0.004978,0.0,506.02,1531
1759507734364,HYPE,B,Open Long,50.291,85.1,1.925893,0.0,506.24,1531
1759507734364,HYPE,B,Open Long,50.292,55.4,1.253779,0.0,591.34,1531
1759511045392,XPL,A,Close Long,0.86259,1653.0,0.641637,11.81895,1653.0,1532
1759511184950,HYPE,A,Close Long,50.052,39.96,0.900035,-9.4905,646.74,1533
1759511184950,HYPE,A,Close Long,50.051,99.89,2.249817,-23.823765,606.78,1533
1759511184950,HYPE,A,Close Long,50.051,99.89,2.249817,-23.823765,506.89,1533
1759511184950,HYPE,A,Close Long,50.051,39.96,0.900017,-9.53046,407.0,1533
1759511184950,HYPE,A,Close Long,50.051,99.89,2.249817,-23.823765,367.04,1533
1759511184950,HYPE,A,Close Long,50.051,99.89,2.249817,-23.823765,267.15,1533
1759511184950,HYPE,A,Close Long,50.051,99.89,2.249817,-23.823765,167.26,1533
1759511184950,HYPE,A,Close Long,50.051,67.37,1.517371,-16.067745,67.37,1533
1759512264217,HYPE,B,Open Long,50.554,6.01,0.136723,0.0,0.0,1534
1759512264217,HYPE,B,Open Long,50.555,0.22,0.005004,0.0,6.01,1534
1759512264217,HYPE,B,Open Long,50.556,80.0,1.820016,0.0,6.23,1534
1759512264217,HYPE,B,Open Long,50.557,158.23,3.599835,0.0,86.23,1534
1759512264217,HYPE,B,Open Long,50.558,14.32,0.325795,0.0,244.46,1534
1759512264217,HYPE,B,Open Long,50.558,3.93,0.089411,0.0,258.78,1534
1759512264217,HYPE,B,Open Long,50.558,2.96,0.067343,0.0,262.71,1534
1759512264217,HYPE,B,Open Long,50.559,20.58,0.468226,0.0,265.67,1534
1759512264217,HYPE,B,Open Long,50.559,36.2,0.823606,0.0,286.25,1534
1759512264217,HYPE,B,Open Long,50.56,3.93,0.089415,0.0,322.45,1534
1759512264217,HYPE,B,Open Long,50.563,0.4,0.009101,0.0,326.38,1534
1759512264217,HYPE,B,Open Long,50.563,80.84,1.83938,0.0,326.78,1534
