time_ms,coin,side,dir,px,sz,fee,closedPnl,startPosition,oid
1759102271078,ETH,B,Open Long,4124.6,1.9363,3.593908,0.0,0.0,001
1759102271078,ETH,B,Open Long,4124.6,0.2588,0.48035,0.0,1.9363,001
1759102271078,ETH,B,Open Long,4124.6,1.0472,1.943676,0.0,2.1951,001
1759102271078,ETH,B,Open Long,4124.6,3.0537,5.66788,0.0,3.2423,001
1759102271078,ETH,B,Open Long,4124.6,0.2592,0.481093,0.0,6.296,001
1759102271078,ETH,B,Open Long,4124.6,0.3729,0.692128,0.0,6.5552,001
1759102271078,ETH,B,Open Long,4124.6,0.3669,0.680992,0.0,6.9281,001
1759102271078,ETH,B,Open Long,4124.6,0.7382,1.37015,0.0,7.295,001
1759102271078,ETH,B,Open Long,4124.6,0.2221,0.412233,0.0,8.0332,001
1759102271078,ETH,B,Open Long,4124.6,0.0824,0.15294,0.0,8.2553,001
1759102271078,ETH,B,Open Long,4124.6,27.6544,51.328502,0.0,8.3377,001
1759102301633,ETH,A,Close Long,4124.2,6.0587,11.24428,-2.42348,35.9921,002
1759102301633,ETH,A,Close Long,4124.2,0.8834,1.639493,-0.35336,29.9334,002
1759102301633,ETH,A,Close Long,4124.2,5.9098,10.967938,-2.36392,29.05,002
1759102301633,ETH,A,Close Long,4124.2,3.8505,7.146104,-1.5402,23.1402,002
1759102301633,ETH,A,Close Long,4124.2,5.5,10.207395,-2.2,19.2897,002
1759102301633,ETH,A,Close Long,4124.2,3.8,7.052382,-1.52,13.7897,002
1759102301633,ETH,A,Close Long,4124.2,9.9897,18.539784,-3.99588,9.9897,002
1759102964999,ETH,B,Open Long,4135.6,5.1278,9.542938,0.0,0.0,003
1759102964999,ETH,B,Open Long,4135.6,0.8083,1.504262,0.0,5.1278,003
1759102964999,ETH,B,Open Long,4135.6,3.2447,6.038451,0.0,5.9361,003
1759102964999,ETH,B,Open Long,4135.6,1.4331,2.667027,0.0,9.1808,003
1759102964999,ETH,B,Open Long,4135.6,0.8537,1.588752,0.0,10.6139,003
1759102964999,ETH,B,Open Long,4135.6,0.3804,0.707932,0.0,11.4676,003
1759117501258,ETH,B,Open Long,4105.8,12.1778,7.499941,0.0,11.848,004
1759137984279,ETH,A,Close Long,4129.0,23.9839,14.854428,204.102989,24.0258,005
1759138248345,ETH,A,Close Long,4130.9,0.0419,0.025962,0.436179,0.0419,006
1759266049685,ETH,B,Open Long,4196.9,12.3673,23.356944,0.0,0.0,007
1759266049685,ETH,B,Open Long,4196.9,0.1906,0.359968,0.0,12.3673,007
1759266049685,ETH,B,Open Long,4196.9,0.8839,1.669337,0.0,12.5579,007
1759266049685,ETH,B,Open Long,4196.9,5.9545,11.245698,0.0,13.4418,007
1759266049685,ETH,B,Open Long,4196.9,4.4308,8.368031,0.0,19.3963,007
1759271829521,ETH,A,Close Long,4141.7,3.9489,7.359821,-217.97928,23.8271,008
1759271829521,ETH,A,Close Long,4141.7,4.7899,8.927247,-264.40248,19.8782,008
1759271829521,ETH,A,Close Long,4141.7,4.829,9.000121,-266.51251,15.0883,008
1759271829521,ETH,A,Close Long,4141.7,8.1044,15.104697,-447.281836,10.2593,008
1759271829521,ETH,A,Close Long,4141.7,2.1549,4.016227,-118.928931,2.1549,008
1759307862066,ETH,B,Open Long,4211.8,0.4476,0.84834,0.0,0.0,009
1759307862066,ETH,B,Open Long,4211.8,1.9695,3.732813,0.0,0.4476,009
1759307862066,ETH,B,Open Long,4211.8,1.9695,3.732813,0.0,2.4171,009
1759307862066,ETH,B,Open Long,4211.8,0.4476,0.84834,0.0,4.3866,009
1759307862066,ETH,B,Open Long,4211.8,0.4476,0.84834,0.0,4.8342,009
1759307862066,ETH,B,Open Long,4211.8,6.0,11.37186,0.0,5.2818,009
1759307862066,ETH,B,Open Long,4211.8,0.4476,0.84834,0.0,11.2818,009
1759307862066,ETH,B,Open Long,4211.8,0.4476,0.84834,0.0,11.7294,009
1759307862066,ETH,B,Open Long,4211.8,1.9695,3.732813,0.0,12.177,009
1759307862066,ETH,B,Open Long,4211.8,0.9951,1.886022,0.0,14.1465,009
1759307862066,ETH,B,Open Long,4211.8,1.9695,3.732813,0.0,15.1416,009
1759307862066,ETH,B,Open Long,4211.8,5.9357,11.249991,0.0,17.1111,009
1759307862066,ETH,B,Open Long,4211.8,0.6875,1.303025,0.0,23.0468,009
1759368364802,ETH,B,Open Long,4355.5,0.8957,1.755549,0.0,23.7343,010
1759368364802,ETH,B,Open Long,4355.5,2.4263,4.755487,0.0,24.63,010
1759368364802,ETH,B,Open Long,4355.5,5.9918,11.743778,0.0,27.0563,010
1759368364802,ETH,B,Open Long,4355.5,6.0,11.75985,0.0,33.0481,010
1759368364802,ETH,B,Open Long,4355.5,6.0,11.75985,0.0,39.0481,010
1759368364802,ETH,B,Open Long,4355.5,1.6425,3.219258,0.0,45.0481,010
1759459338349,ETH,B,Open Long,4508.6,0.0206,0.041794,0.0,46.6906,011
1759459338349,ETH,B,Open Long,4508.7,0.0045,0.00913,0.0,46.7112,011
1759459338349,ETH,B,Open Long,4508.7,3.3269,6.749997,0.0,46.7157,011
1759459338349,ETH,B,Open Long,4508.8,1.0853,2.20203,0.0,50.0426,011
1759459378901,ETH,B,Open Long,4508.0,0.2066,0.419108,0.0,51.1279,012
1759459378901,ETH,B,Open Long,4508.0,0.4965,1.007199,0.0,51.3345,012
1759459378901,ETH,B,Open Long,4508.0,4.0051,8.124745,0.0,51.831,012
1759459378901,ETH,B,Open Long,4508.0,5.5,11.1573,0.0,55.8361,012
1759459378901,ETH,B,Open Long,4508.0,6.1,12.37446,0.0,61.3361,012
1759459378901,ETH,B,Open Long,4508.0,12.9862,26.343805,0.0,67.4361,012
1759459378901,ETH,B,Open Long,4508.0,10.6337,21.571523,0.0,80.4223,012
1759478457666,ETH,A,Close Long,4463.3,2.2848,4.588986,162.038016,91.056,013
1759478457666,ETH,A,Close Long,4463.3,0.8907,1.788957,63.168444,88.7712,013
1759478457666,ETH,A,Close Long,4463.3,3.4147,6.858373,242.170524,87.8805,013
1759478457666,ETH,A,Close Long,4463.3,0.4181,0.839747,29.651652,84.4658,013
1759478457666,ETH,A,Close Long,4463.3,0.2356,0.473199,16.708752,84.0477,013
1759478457666,ETH,A,Close Long,4463.3,0.3346,0.672039,23.729832,83.8121,013
1759478457666,ETH,A,Close Long,4463.3,0.4941,0.992392,35.041572,83.4775,013
1759478457666,ETH,A,Close Long,4463.3,32.1361,64.544874,2279.092212,82.9834,013
1759478457666,ETH,A,Close Long,4463.3,2.0747,4.167003,147.137724,50.8473,013
1759478457666,ETH,A,Close Long,4463.3,6.7173,13.491596,476.390916,48.7726,013
1759478457666,ETH,A,Close Long,4463.3,42.0553,84.467439,2982.561876,42.0553,013
1759483533735,ETH,B,Open Long,4477.0,2.9981,6.040122,0.0,0.0,014
1759483533735,ETH,B,Open Long,4477.0,4.4671,8.999643,0.0,2.9981,014
1759483533735,ETH,B,Open Long,4477.0,4.4537,8.972646,0.0,7.4652,014
1759483533735,ETH,B,Open Long,4477.0,5.5,11.080575,0.0,11.9189,014
1759483533735,ETH,B,Open Long,4477.0,2.448,4.931863,0.0,17.4189,014
1759483533735,ETH,B,Open Long,4477.0,3.9157,7.888765,0.0,19.8669,014
1759483533735,ETH,B,Open Long,4477.0,2.9714,5.986331,0.0,23.7826,014
1759483533735,ETH,B,Open Long,4477.0,3.3039,6.656202,0.0,26.754,014
1759483533735,ETH,B,Open Long,4477.0,4.027,8.112995,0.0,30.0579,014
1759483533735,ETH,B,Open Long,4477.0,0.8109,1.633679,0.0,34.0849,014
1759483533735,ETH,B,Open Long,4477.0,0.0501,0.100933,0.0,34.8958,014
1759483533735,ETH,B,Open Long,4477.0,4.7717,9.613305,0.0,34.9459,014
1759483533735,ETH,B,Open Long,4477.0,2.7482,5.536661,0.0,39.7176,014
1759483533735,ETH,B,Open Long,4477.0,1.9425,3.913457,0.0,42.4658,014
1759483533735,ETH,B,Open Long,4477.0,4.9716,10.016033,0.0,44.4083,014
1759483533735,ETH,B,Open Long,4477.0,15.9223,32.077861,0.0,49.3799,014
1759483533735,ETH,B,Open Long,4477.0,5.5,11.080575,0.0,65.3022,014
1759483533735,ETH,B,Open Long,4477.0,18.5473,37.366317,0.0,70.8022,014
1759500446976,ETH,A,Close Long,4465.5,0.7129,1.432554,-8.19835,89.3495,015
1759500446976,ETH,A,Close Long,4465.5,3.0332,6.095139,-34.8818,88.6366,015
1759500446976,ETH,A,Close Long,4465.5,0.0578,0.116147,-0.6647,85.6034,015
1759500446976,ETH,A,Close Long,4465.5,0.1749,0.351457,-2.01135,85.5456,015
1759500446976,ETH,A,Close Long,4465.5,3.8,7.636005,-43.7,85.3707,015
1759500446976,ETH,A,Close Long,4465.5,1.1195,2.249607,-12.87425,81.5707,015
1759500446976,ETH,A,Close Long,4465.5,10.5126,21.124806,-120.8949,80.4512,015
1759500446976,ETH,A,Close Long,4465.5,0.0589,0.118358,-0.67735,69.9386,015
1759500446976,ETH,A,Close Long,4465.5,0.112,0.225061,-1.288,69.8797,015
1759500446976,ETH,A,Close Long,4465.5,0.8146,1.636918,-9.3679,69.7677,015
1759500446976,ETH,A,Close Long,4465.5,50.3392,101.155363,-578.9008,68.9531,015
1759500446976,ETH,A,Close Long,4465.5,18.6139,37.404166,-214.05985,18.6139,015
1759631807884,ETH,B,Open Long,4537.7,4.4061,8.997101,0.0,0.0,016
1759634078991,ETH,B,Open Long,4549.0,20.6822,14.112499,0.0,4.4061,017
1759634123486,ETH,B,Open Long,4549.0,12.1103,8.263463,0.0,25.0883,017
1759634127983,ETH,B,Open Long,4549.0,0.0181,0.01235,0.0,37.1986,017
1759634129000,ETH,B,Open Long,4549.0,0.0284,0.019378,0.0,37.2167,017
1759634131059,ETH,B,Open Long,4549.0,11.1267,7.592303,0.0,37.2451,017
1759635997021,ETH,B,Open Long,4561.5,32.8839,22.499986,0.0,48.3718,018
1759640451212,ETH,B,Open Long,4579.3,49.1097,101.199622,0.0,81.2557,019
1759640451212,ETH,B,Open Long,4579.3,3.2756,6.749979,0.0,130.3654,019
1759640451212,ETH,B,Open Long,4579.3,11.2329,23.147468,0.0,133.641,019
1759640451212,ETH,B,Open Long,4579.4,0.0044,0.009067,0.0,144.8739,019
1759640451212,ETH,B,Open Long,4579.4,1.8881,3.890864,0.0,144.8783,019
1759660111126,ETH,B,Open Long,4538.6,0.221,0.150454,0.0,146.7664,020
1759660111126,ETH,B,Open Long,4538.6,0.221,0.150454,0.0,146.9874,020
1759660111126,ETH,B,Open Long,4538.6,0.221,0.150454,0.0,147.2084,020
1759660111126,ETH,B,Open Long,4538.6,0.221,0.150454,0.0,147.4294,020
1759660111126,ETH,B,Open Long,4538.6,0.221,0.150454,0.0,147.6504,020
1759660111239,ETH,B,Open Long,4538.6,0.221,0.150454,0.0,147.8714,020
1759660111239,ETH,B,Open Long,4538.6,0.221,0.150454,0.0,148.0924,020
1759660111305,ETH,B,Open Long,4538.6,0.23,0.156581,0.0,148.3134,020
1759660111354,ETH,B,Open Long,4538.6,0.0111,0.007556,0.0,148.5434,020
1759660111354,ETH,B,Open Long,4538.6,0.23,0.156581,0.0,148.5545,020
1759660111354,ETH,B,Open Long,4538.6,0.23,0.156581,0.0,148.7845,020
1759660111354,ETH,B,Open Long,4538.6,0.23,0.156581,0.0,149.0145,020
1759660111354,ETH,B,Open Long,4538.6,0.23,0.156581,0.0,149.2445,020
1759660111354,ETH,B,Open Long,4538.6,0.23,0.156581,0.0,149.4745,020
1759660111354,ETH,B,Open Long,4538.6,0.221,0.150454,0.0,149.7045,020
1759660111354,ETH,B,Open Long,4538.6,0.221,0.150454,0.0,149.9255,020
1759660111354,ETH,B,Open Long,4538.6,0.221,0.150454,0.0,150.1465,020
1759660111354,ETH,B,Open Long,4538.6,0.221,0.150454,0.0,150.3675,020
1759660111354,ETH,B,Open Long,4538.6,0.221,0.150454,0.0,150.5885,020
1759660111354,ETH,B,Open Long,4538.6,0.221,0.150454,0.0,150.8095,020
1759660111354,ETH,B,Open Long,4538.6,0.0111,0.007556,0.0,151.0305,020
1759660111354,ETH,B,Open Long,4538.6,0.23,0.156581,0.0,151.0416,020
1759660111354,ETH,B,Open Long,4538.6,0.23,0.156581,0.0,151.2716,020
1759660114060,ETH,B,Open Long,4538.6,0.0027,0.001838,0.0,151.5016,020
1759660118205,ETH,B,Open Long,4538.6,0.05,0.034039,0.0,151.5043,020
1759660118205,ETH,B,Open Long,4538.6,0.01,0.006807,0.0,151.5543,020
1759660128083,ETH,B,Open Long,4538.6,0.05,0.034039,0.0,151.5643,020
1759660128244,ETH,B,Open Long,4538.6,0.01,0.006807,0.0,151.6143,020
1759660131134,ETH,B,Open Long,4538.6,0.0217,0.014773,0.0,151.6243,020
1759660131782,ETH,B,Open Long,4538.6,0.0109,0.00742,0.0,151.646,020
1759660132996,ETH,B,Open Long,4538.6,0.05,0.034039,0.0,151.6569,020
1759660133913,ETH,B,Open Long,4538.6,0.0055,0.003744,0.0,151.7069,020
1759660135946,ETH,B,Open Long,4538.6,1.1934,0.812454,0.0,151.7124,020
1759660137957,ETH,B,Open Long,4538.6,0.2212,0.15059,0.0,152.9058,020
1759660144030,ETH,B,Open Long,4538.6,0.0027,0.001838,0.0,153.127,020
1759660145588,ETH,B,Open Long,4538.6,0.0101,0.006875,0.0,153.1297,020
1759660148442,ETH,B,Open Long,4538.6,0.2365,0.161006,0.0,153.1398,020
1759695489079,ETH,A,Close Long,4491.7,3.0651,6.195379,-221.146965,153.3763,021
1759695489079,ETH,A,Close Long,4491.7,5.0479,10.203143,-364.205985,150.3112,021
1759695489079,ETH,A,Close Long,4491.7,4.4528,9.000288,-321.26952,145.2633,021
1759695489079,ETH,A,Close Long,4491.7,0.0094,0.018999,-0.67821,140.8105,021
1759695489079,ETH,A,Close Long,4491.7,2.6069,5.269235,-188.087835,140.8011,021
1759695489079,ETH,A,Close Long,4491.7,5.5,11.116957,-396.825,138.1942,021
1759695489079,ETH,A,Close Long,4491.7,4.1,8.287186,-295.815,132.6942,021
1759695489079,ETH,A,Close Long,4491.7,4.1,8.287186,-295.815,128.5942,021
1759695489079,ETH,A,Close Long,4491.7,8.2,16.574373,-591.63,124.4942,021
1759695489079,ETH,A,Close Long,4491.7,4.1,8.287186,-295.815,116.2942,021
1759695489079,ETH,A,Close Long,4491.7,5.5,11.116957,-396.825,112.1942,021
1759695489079,ETH,A,Close Long,4491.7,4.1,8.287186,-295.815,106.6942,021
1759695489079,ETH,A,Close Long,4491.7,4.4528,9.000288,-321.26952,102.5942,021
1759695489079,ETH,A,Close Long,4491.7,3.9244,7.932252,-283.14546,98.1414,021
1759695489079,ETH,A,Close Long,4491.7,4.0375,8.160857,-291.305625,94.217,021
1759695489079,ETH,A,Close Long,4491.7,4.4528,9.000288,-321.26952,90.1795,021
1759695489079,ETH,A,Close Long,4491.7,18.0613,36.506673,-1303.122795,85.7267,021
1759695489079,ETH,A,Close Long,4491.7,26.7157,53.999509,-1927.537755,67.6654,021
1759695489079,ETH,A,Close Long,4491.7,4.0112,8.107698,-289.40808,40.9497,021
1759695489079,ETH,A,Close Long,4491.7,8.9042,17.997747,-642.43803,36.9385,021
1759695489079,ETH,A,Close Long,4491.7,1.3686,2.766303,-98.74449,28.0343,021
1759695489079,ETH,A,Close Long,4491.7,26.6657,53.898446,-1923.930255,26.6657,021
1759776739565,ETH,B,Open Long,4707.5,1.6449,3.484515,0.0,0.0,022
1759776739565,ETH,B,Open Long,4707.5,4.2486,9.000128,0.0,1.6449,022
1759776739565,ETH,B,Open Long,4707.5,36.5927,77.51706,0.0,5.8935,022
1759812388496,ETH,B,Open Long,4708.4,1.6327,3.459332,0.0,42.4862,023
1759812388496,ETH,B,Open Long,4708.4,1.6244,3.441746,0.0,44.1189,023
1759812388496,ETH,B,Open Long,4708.4,3.7707,7.989283,0.0,45.7433,023
1759812388496,ETH,B,Open Long,4708.4,2.25,4.767255,0.0,49.514,023
1759812388496,ETH,B,Open Long,4708.4,4.5,9.53451,0.0,51.764,023
1759812388496,ETH,B,Open Long,4708.4,5.3096,11.249874,0.0,56.264,023
1759812388496,ETH,B,Open Long,4708.4,4.2473,8.999094,0.0,61.5736,023
1759812388496,ETH,B,Open Long,4708.4,4.5,9.53451,0.0,65.8209,023
1759812388496,ETH,B,Open Long,4708.4,4.2471,8.99867,0.0,70.3209,023
1759812388496,ETH,B,Open Long,4708.4,1.1018,2.334471,0.0,74.568,023
1759812388496,ETH,B,Open Long,4708.4,4.2471,8.99867,0.0,75.6698,023
1759812388496,ETH,B,Open Long,4708.4,4.5,9.53451,0.0,79.9169,023
1759812388496,ETH,B,Open Long,4708.4,0.5483,1.161727,0.0,84.4169,023
1759816789818,ETH,A,Close Long,4713.5,0.0053,0.003747,0.029468,84.9652,024
1759816790556,ETH,A,Close Long,4713.5,0.0296,0.020927,0.164576,84.9599,024
1759816790826,ETH,A,Close Long,4713.5,0.0335,0.023685,0.18626,84.9303,024
1759816791162,ETH,A,Close Long,4713.5,35.7844,25.300465,198.961264,84.8968,024
1759816791342,ETH,A,Close Long,4713.5,0.8488,0.600122,4.719328,49.1124,024
1759816791535,ETH,A,Close Long,4713.5,5.7297,4.051041,31.857132,48.2636,024
1759832421306,ETH,B,Open Long,4692.8,4.2619,9.000109,0.0,42.5339,025
1759832421306,ETH,B,Open Long,4692.8,5.3273,11.249979,0.0,46.7958,025
1759832421306,ETH,B,Open Long,4692.8,4.2619,9.000109,0.0,52.1231,025
1759832421306,ETH,B,Open Long,4692.8,5.3237,11.242376,0.0,56.385,025
1759832421306,ETH,B,Open Long,4692.8,1.5699,3.315252,0.0,61.7087,025
1759832421306,ETH,B,Open Long,4692.8,4.5,9.50292,0.0,63.2786,025
1759832421306,ETH,B,Open Long,4692.8,5.3237,11.242376,0.0,67.7786,025
1759832421306,ETH,B,Open Long,4692.8,2.8925,6.108265,0.0,73.1023,025
1759832421306,ETH,B,Open Long,4692.8,3.114,6.57602,0.0,75.9948,025
1759832421306,ETH,B,Open Long,4692.8,5.3273,11.249979,0.0,79.1088,025
1759832421306,ETH,B,Open Long,4692.8,0.7071,1.493225,0.0,84.4361,025
1759841420175,ETH,B,Open Long,4719.8,1.6503,3.505088,0.0,85.1432,026
1759841420175,ETH,B,Open Long,4719.8,1.6503,3.505088,0.0,86.7935,026
1759841420175,ETH,B,Open Long,4719.8,1.6503,3.505088,0.0,88.4438,026
1759841420175,ETH,B,Open Long,4719.8,2.1871,4.645203,0.0,90.0941,026
1759841420175,ETH,B,Open Long,4719.8,2.1871,4.645203,0.0,92.2812,026
1759841420175,ETH,B,Open Long,4719.8,2.1871,4.645203,0.0,94.4683,026
1759841420175,ETH,B,Open Long,4719.8,1.2874,2.734321,0.0,96.6554,026
1759841420175,ETH,B,Open Long,4719.8,2.43,5.161101,0.0,97.9428,026
1759841420175,ETH,B,Open Long,4719.9,1.6502,3.50495,0.0,100.3728,026
1759841420175,ETH,B,Open Long,4719.9,1.6502,3.50495,0.0,102.023,026
1759841420175,ETH,B,Open Long,4719.9,1.6502,3.50495,0.0,103.6732,026
1759841420175,ETH,B,Open Long,4719.9,2.187,4.645089,0.0,105.3234,026
1759841420175,ETH,B,Open Long,4719.9,2.6912,5.715987,0.0,107.5104,026
1759841420175,ETH,B,Open Long,4719.9,2.187,4.645089,0.0,110.2016,026
1759841420175,ETH,B,Open Long,4719.9,2.187,4.645089,0.0,112.3886,026
1759841420175,ETH,B,Open Long,4719.9,1.2873,2.734167,0.0,114.5756,026
1759841420175,ETH,B,Open Long,4719.9,2.4298,5.160785,0.0,115.8629,026
1759841420175,ETH,B,Open Long,4720.0,5.7022,12.111472,0.0,118.2927,026
1759841420175,ETH,B,Open Long,4720.0,3.5166,7.469258,0.0,123.9949,026
1759997909324,ETH,A,Close Long,4390.0,0.1894,0.374159,-60.01139,127.5115,027
1759997909324,ETH,A,Close Long,4390.0,0.4627,0.914063,-146.606495,127.3221,027
1759997909324,ETH,A,Close Long,4390.0,0.7175,1.417421,-227.339875,126.8594,027
1759997909324,ETH,A,Close Long,4390.0,2.25,4.444875,-712.9125,126.1419,027
1759997909324,ETH,A,Close Long,4390.0,4.5567,9.00176,-1443.790395,123.8919,027
1759997909324,ETH,A,Close Long,4390.0,1.0341,2.042864,-327.654585,119.3352,027
1759997909324,ETH,A,Close Long,4390.0,1.3456,2.658232,-426.35336,118.3011,027
1759997909324,ETH,A,Close Long,4390.0,6.3,12.44565,-1996.155,116.9555,027
1759997909324,ETH,A,Close Long,4390.0,3.4482,6.811919,-1092.56217,110.6555,027
1759997909324,ETH,A,Close Long,4390.0,0.2126,0.419991,-67.36231,107.2073,027
1759997909324,ETH,A,Close Long,4390.0,4.5576,9.003538,-1444.07556,106.9947,027
1759997909324,ETH,A,Close Long,4390.0,4.5576,9.003538,-1444.07556,102.4371,027
1759997909324,ETH,A,Close Long,4390.0,6.3,12.44565,-1996.155,97.8795,027
1759997909324,ETH,A,Close Long,4390.0,0.7175,1.417421,-227.339875,91.5795,027
1759997909324,ETH,A,Close Long,4390.0,0.7175,1.417421,-227.339875,90.862,027
1759997909324,ETH,A,Close Long,4390.0,0.2115,0.417818,-67.013775,90.1445,027
1759997909324,ETH,A,Close Long,4390.0,89.933,177.662641,-28495.27105,89.933,027
1760008670074,BTC,B,Open Long,122284.0,0.00295,0.05411,0.0,0.0,028
1760008677785,BTC,B,Open Long,122284.0,0.00295,0.05411,0.0,0.00295,028
1760008678113,BTC,B,Open Long,122284.0,0.09836,1.804178,0.0,0.0059,028
1760008678803,BTC,B,Open Long,122284.0,0.01334,0.24469,0.0,0.10426,028
1760008684069,BTC,B,Open Long,122284.0,0.00209,0.038336,0.0,0.1176,028
1760008684069,BTC,B,Open Long,122284.0,0.0029,0.053193,0.0,0.11969,028
1760008687309,BTC,B,Open Long,122284.0,0.01383,0.253678,0.0,0.12259,028
1760008689897,BTC,B,Open Long,122284.0,0.50005,9.172217,0.0,0.13642,028
1760008691097,BTC,B,Open Long,122284.0,0.00089,0.016324,0.0,0.63647,028
1760008694068,BTC,B,Open Long,122284.0,0.00041,0.00752,0.0,0.63736,028
1760008700189,BTC,B,Open Long,122284.0,0.00207,0.037969,0.0,0.63777,028
1760008703976,BTC,B,Open Long,122284.0,0.00276,0.050625,0.0,0.63984,028
1760008706188,BTC,B,Open Long,122284.0,0.00409,0.075021,0.0,0.6426,028
1760008708025,BTC,B,Open Long,122284.0,0.09836,1.804178,0.0,0.64669,028
1760008714011,BTC,B,Open Long,122284.0,0.00208,0.038152,0.0,0.74505,028
1760008714011,BTC,B,Open Long,122284.0,0.0029,0.053193,0.0,0.74713,028
1760008716258,BTC,B,Open Long,122284.0,0.01764,0.323563,0.0,0.75003,028
1760008716856,BTC,B,Open Long,122284.0,0.04065,0.745626,0.0,0.76767,028
1760008720279,BTC,B,Open Long,122284.0,0.00278,0.050992,0.0,0.80832,028
1760008720738,BTC,B,Open Long,122284.0,0.00295,0.05411,0.0,0.8111,028
1760008721032,BTC,B,Open Long,122284.0,0.00089,0.016324,0.0,0.81405,028
1760008721464,BTC,B,Open Long,122284.0,0.00009,0.00165,0.0,0.81494,028
1760008724031,BTC,B,Open Long,122284.0,0.00042,0.007703,0.0,0.81503,028
1760008725873,BTC,B,Open Long,122284.0,0.00294,0.053927,0.0,0.81545,028
1760008730989,BTC,B,Open Long,122284.0,0.001,0.018342,0.0,0.81839,028
1760008731514,BTC,B,Open Long,122284.0,0.04128,0.757182,0.0,0.81939,028
1760008732028,BTC,B,Open Long,122284.0,0.00294,0.053927,0.0,0.86067,028
1760008733147,BTC,B,Open Long,122284.0,1.17141,21.486705,0.0,0.86361,028
1760008733147,BTC,B,Open Long,122284.0,2.05987,37.783371,0.0,2.03502,028
1760008733147,BTC,B,Open Long,122284.0,0.33392,6.12496,0.0,4.09489,028
1760008733226,BTC,B,Open Long,122284.0,0.4778,8.764094,0.0,4.42881,028
1760018188585,BTC,A,Close Long,122326.0,0.04834,2.660957,2.03028,4.90661,029
1760018188585,BTC,A,Close Long,122325.0,0.00011,0.006055,0.00451,4.85827,029
1760018188585,BTC,A,Close Long,122325.0,0.04834,2.660935,1.98194,4.85816,029
1760018188585,BTC,A,Close Long,122324.0,0.04834,2.660913,1.9336,4.80982,029
1760018188585,BTC,A,Close Long,122323.0,0.07251,3.991338,2.82789,4.76148,029
1760018188585,BTC,A,Close Long,122322.0,0.00011,0.006054,0.00418,4.68897,029
1760018188585,BTC,A,Close Long,122322.0,0.09668,5.32174,3.67384,4.68886,029
1760018188585,BTC,A,Close Long,122321.0,0.00011,0.006054,0.00407,4.59218,029
1760018188585,BTC,A,Close Long,122321.0,0.12085,6.652121,4.47145,4.59207,029
1760018188585,BTC,A,Close Long,122320.0,0.12085,6.652067,4.3506,4.47122,029
1760018188585,BTC,A,Close Long,122319.0,0.14502,7.982415,5.0757,4.35037,029
1760018188585,BTC,A,Close Long,122317.0,0.24058,13.24216,7.93914,4.20535,029
1760018188585,BTC,A,Close Long,122316.0,0.32596,17.941555,10.43072,3.96477,029
1760018188585,BTC,A,Close Long,122316.0,0.00011,0.006054,0.00352,3.63881,029
1760018188585,BTC,A,Close Long,122316.0,0.46216,25.438303,14.78912,3.6387,029
1760018188585,BTC,A,Close Long,122316.0,0.24058,13.242052,7.69856,3.17654,029
1760018188585,BTC,A,Close Long,122316.0,0.69629,38.325333,22.28128,2.93596,029
1760018188585,BTC,A,Close Long,122315.0,0.07768,4.275643,2.40808,2.23967,029
1760018188585,BTC,A,Close Long,122315.0,0.00011,0.006054,0.00341,2.16199,029
1760018188585,BTC,A,Close Long,122315.0,0.1,5.504175,3.1,2.16188,029
1760018188585,BTC,A,Close Long,122315.0,0.56609,31.158584,17.54879,2.06188,029
1760018188585,BTC,A,Close Long,122315.0,0.00114,0.062747,0.03534,1.49579,029
1760018188585,BTC,A,Close Long,122315.0,0.11586,6.377137,3.59166,1.49465,029
1760018188585,BTC,A,Close Long,122315.0,1.22562,67.460269,37.99422,1.37879,029
1760018188585,BTC,A,Close Long,122315.0,0.15317,8.430744,4.74827,0.15317,029
1760060135896,BTC,B,Open Long,121764.0,0.11855,1.732214,0.0,0.0,030
1760060136123,BTC,B,Open Long,121764.0,0.00336,0.049095,0.0,0.11855,030
1760060136572,BTC,B,Open Long,121764.0,0.0198,0.289311,0.0,0.12191,030
1760060138757,BTC,B,Open Long,121764.0,0.00047,0.006867,0.0,0.14171,030
1760060140072,BTC,B,Open Long,121764.0,0.00011,0.001607,0.0,0.14218,030
1760060141146,BTC,B,Open Long,121764.0,0.00336,0.049095,0.0,0.14229,030
1760060143015,BTC,B,Open Long,121764.0,0.00017,0.002483,0.0,0.14565,030
1760060145913,BTC,B,Open Long,121764.0,0.00336,0.049095,0.0,0.14582,030
1760060147990,BTC,B,Open Long,121764.0,0.32843,4.798914,0.0,0.14918,030
1760060148525,BTC,B,Open Long,121764.0,0.29292,4.280053,0.0,0.47761,030
1760060148525,BTC,B,Open Long,121764.0,0.52802,7.715259,0.0,0.77053,030
1760060148525,BTC,B,Open Long,121764.0,0.34397,5.025979,0.0,1.29855,030
1760064855879,BTC,B,Open Long,120802.0,1.6556,23.999974,0.0,1.64252,031
1760084652591,BTC,A,Close Long,121214.0,0.00434,0.063128,-0.29078,3.29812,032
1760084652591,BTC,A,Close Long,121214.0,0.00183,0.026618,-0.12261,3.29378,032
1760084653944,BTC,A,Close Long,121214.0,0.66913,9.73295,-44.83171,3.29195,032
1760084655019,BTC,A,Close Long,121214.0,0.00029,0.004218,-0.01943,2.62282,032
1760084655329,BTC,A,Close Long,121214.0,0.0001,0.001454,-0.0067,2.62253,032
1760084658081,BTC,A,Close Long,121214.0,0.00662,0.096292,-0.44354,2.62243,032
1760084658757,BTC,A,Close Long,121214.0,0.00174,0.025309,-0.11658,2.61581,032
1760084659982,BTC,A,Close Long,121214.0,0.33002,4.800365,-22.11134,2.61407,032
1760084660091,BTC,A,Close Long,121214.0,0.00107,0.015563,-0.07169,2.28405,032
1760084660091,BTC,A,Close Long,121214.0,0.33002,4.800365,-22.11134,2.28298,032
1760084660605,BTC,A,Close Long,121214.0,0.30481,4.433668,-20.42227,1.95296,032
1760086229765,BTC,A,Close Long,121398.0,0.01918,0.279409,2.24406,1.64815,033
1760086231808,BTC,A,Close Long,121398.0,0.00292,0.042537,0.34164,1.62897,033
1760086231808,BTC,A,Close Long,121398.0,0.01193,0.173793,1.39581,1.62605,033
1760086231960,BTC,A,Close Long,121398.0,0.21628,3.150715,25.30476,1.61412,033
1760086231960,BTC,A,Close Long,121398.0,0.18048,2.629189,21.11616,1.39784,033
1760086232061,BTC,A,Close Long,121398.0,0.00105,0.015296,0.12285,1.21736,033
1760086233072,BTC,A,Close Long,121398.0,0.0006,0.00874,0.0702,1.21631,033
1760086234016,BTC,A,Close Long,121398.0,0.00022,0.003204,0.02574,1.21571,033
1760086235024,BTC,A,Close Long,121398.0,0.00072,0.010488,0.08424,1.21549,033
1760086236078,BTC,A,Close Long,121398.0,0.00035,0.005098,0.04095,1.21477,033
1760086238068,BTC,A,Close Long,121398.0,0.00173,0.025202,0.20241,1.21442,033
1760086238068,BTC,A,Close Long,121398.0,0.0001,0.001456,0.0117,1.21269,033
1760086240000,BTC,A,Close Long,121398.0,0.00009,0.001311,0.01053,1.21259,033
1760086245038,BTC,A,Close Long,121398.0,0.00029,0.004224,0.03393,1.2125,033
1760086245971,BTC,A,Close Long,121398.0,0.05789,0.843327,6.77313,1.21221,033
1760086247051,BTC,A,Close Long,121398.0,0.00333,0.04851,0.38961,1.15432,033
1760086248068,BTC,A,Close Long,121398.0,0.00662,0.096438,0.77454,1.15099,033
1760086250058,BTC,A,Close Long,121398.0,0.00107,0.015587,0.12519,1.14437,033
1760086250584,BTC,A,Close Long,121398.0,0.11124,1.620517,13.01508,1.1433,033
1760086251065,BTC,A,Close Long,121398.0,0.00257,0.037439,0.30069,1.03206,033
1760086251916,BTC,A,Close Long,121398.0,0.00009,0.001311,0.01053,1.02949,033
1760086252931,BTC,A,Close Long,121398.0,0.03035,0.442131,3.55095,1.0294,033
1760086253851,BTC,A,Close Long,121398.0,0.00449,0.065409,0.52533,0.99905,033
1760086254052,BTC,A,Close Long,121398.0,0.00022,0.003204,0.02574,0.99456,033
1760086257028,BTC,A,Close Long,121398.0,0.00139,0.020249,0.16263,0.99434,033
1760086258006,BTC,A,Close Long,121398.0,0.00286,0.041663,0.33462,0.99295,033
1760086258006,BTC,A,Close Long,121398.0,0.00042,0.006118,0.04914,0.99009,033
1760086258577,BTC,A,Close Long,121398.0,0.00183,0.026659,0.21411,0.98967,033
1760086259084,BTC,A,Close Long,121398.0,0.00035,0.005098,0.04095,0.98784,033
1760086261306,BTC,A,Close Long,121398.0,0.03274,0.476948,3.83058,0.98749,033
1760086262098,BTC,A,Close Long,121398.0,0.00104,0.01515,0.12168,0.95475,033
1760086262098,BTC,A,Close Long,121398.0,0.09051,1.318527,10.58967,0.95371,033
1760086263108,BTC,A,Close Long,121398.0,0.00046,0.006701,0.05382,0.8632,033
1760086264005,BTC,A,Close Long,121398.0,0.00021,0.003059,0.02457,0.86274,033
1760086265084,BTC,A,Close Long,121398.0,0.00072,0.010488,0.08424,0.86253,033
1760086266020,BTC,A,Close Long,121398.0,0.00028,0.004078,0.03276,0.86181,033
1760086266380,BTC,A,Close Long,121398.0,0.16809,2.448694,19.66653,0.86153,033
1760086266465,BTC,A,Close Long,121398.0,0.19173,2.793076,22.43241,0.69344,033
1760086267270,BTC,A,Close Long,121398.0,0.34555,5.033889,40.42935,0.50171,033
1760086267270,BTC,A,Close Long,121398.0,0.15615,2.274755,18.26955,0.15616,033
1760087898555,BTC,A,Close Long,121518.0,0.00001,0.000486,0.00237,0.00001,034
1760160025338,@151,B,Buy,3801.1,0.1126,0.000033779,0.0,0.0,035
1760160025411,@151,B,Buy,3801.1,7.7798,0.002333939,0.0,0.112566221,035
1760163169591,@151,A,Sell,3812.0,7.89,9.02300399,77.00110394,7.890032282,036
1760166200670,@151,B,Buy,3778.0,0.1897,0.000056909,0.0,0.000032282,037
1760166220910,@151,B,Buy,3778.0,0.205,0.000061499,0.0,0.189675373,037
1760166220952,@151,B,Buy,3778.0,0.5341,0.000160229,0.0,0.394613874,037
1760166224024,@151,B,Buy,3778.0,0.3634,0.00010902,0.0,0.928553645,037
1760166224102,@151,B,Buy,3778.0,0.3072,0.00009216,0.0,1.291844625,037
1760166225377,@151,B,Buy,3778.0,0.0838,0.00002514,0.0,1.598952465,037
1760166225377,@151,B,Buy,3778.0,0.1836,0.00005508,0.0,1.682727325,037
1760166225879,@151,B,Buy,3778.0,1.6666,0.000499979,0.0,1.866272245,037
1760166225996,@151,B,Buy,3778.0,1.6666,0.000499979,0.0,3.532372266,037
1760166226116,@151,B,Buy,3778.0,1.6666,0.000499979,0.0,5.198472287,037
1760166226434,@151,B,Buy,3778.0,1.092,0.000327599,0.0,6.864572308,037
1760170591287,@151,A,Sell,3792.0,4.7904,5.44955904,61.63409813,7.956244709,038
1760170630010,@151,A,Sell,3792.0,0.0033,0.00375407,0.04245836,3.165844709,038
1760170634045,@151,A,Sell,3792.0,0.0035,0.00398159,0.0450316,3.162544709,038
1760170637649,@151,A,Sell,3792.0,0.3195,0.3634632,4.11074115,3.159044709,038
1760170637724,@151,A,Sell,3792.0,2.8395,3.2302152,36.53348817,2.839544709,038
1760227200048,@151,A,Spot Dust Conversion,3750.0,0.000044709,0.0,0.0,0.000044709,039
1760236878404,@151,B,Buy,3723.0,0.3993,0.000119789,0.0,0.0,040
1760236879812,@151,B,Buy,3723.0,0.749,0.0002247,0.0,0.399180211,040
1760236881501,@151,B,Buy,3723.0,0.2983,0.000089489,0.0,1.147955511,040
1760236900417,@151,B,Buy,3723.0,0.2483,0.000074489,0.0,1.446166022,040
1760236901503,@151,B,Buy,3723.0,0.2483,0.000074489,0.0,1.694391533,040
1760236902655,@151,B,Buy,3723.0,0.2483,0.000074489,0.0,1.942617044,040
1760236903764,@151,B,Buy,3723.0,0.2322,0.000069659,0.0,2.190842555,040
1760236906826,@151,B,Buy,3723.0,0.2495,0.000074849,0.0,2.422972896,040
1760236908100,@151,B,Buy,3723.0,0.3749,0.00011247,0.0,2.672398047,040
1760236908239,@151,B,Buy,3723.0,1.6666,0.000499979,0.0,3.047185577,040
1760236908391,@151,B,Buy,3723.0,1.6666,0.000499979,0.0,4.713285598,040
1760236908391,@151,B,Buy,3723.0,0.2892,0.000086759,0.0,6.379385619,040
1760236908422,@151,B,Buy,3723.0,2.8105,0.00084315,0.0,6.66849886,040
1760236908422,@151,B,Buy,3723.0,0.2777,0.000083309,0.0,9.47815571,040
1760236908422,@151,B,Buy,3723.0,17.1013,0.005130389,0.0,9.755772401,040
1760238049428,@151,A,Sell,3739.0,0.1562,0.17520954,2.32468813,26.851942012,041
1760238062027,@151,A,Sell,3739.0,0.0031,0.00347726,0.04613658,26.695742012,041
1760238233250,@151,A,Sell,3739.0,26.6926,29.94108941,397.25973293,26.692642012,041
1760255589895,ETH,B,Open Long,3830.4,0.0136,0.006251,0.0,0.0,042
1760255590897,ETH,B,Open Long,3830.4,13.0398,5.993717,0.0,0.0136,042
1760271775749,ETH,A,Close Long,3839.0,0.1947,0.089694,1.67442,13.0534,043
1760271775749,ETH,A,Close Long,3839.0,0.2618,0.120606,2.25148,12.8587,043
1760271775749,ETH,A,Close Long,3839.0,1.6711,0.769842,14.37146,12.5969,043
1760271775749,ETH,A,Close Long,3839.0,10.9257,5.033251,93.96102,10.9258,043
1760273326853,ETH,A,Close Long,3828.5,0.0001,0.000153,-0.00019,0.0001,044
1760281700311,ETH,B,Open Long,4026.4,4.8579,7.823939,0.0,0.0,045
1760281700311,ETH,B,Open Long,4026.4,11.2,18.038272,0.0,4.8579,045
1760281700311,ETH,B,Open Long,4026.4,1.0624,1.711058,0.0,16.0579,045
1760281700311,ETH,B,Open Long,4026.4,5.6,9.019136,0.0,17.1203,045
1760281700311,ETH,B,Open Long,4026.4,2.112,3.401502,0.0,22.7203,045
1760283964123,ETH,A,Close Long,4028.0,24.8322,12.002892,39.73152,24.8323,046
1760296529863,ETH,B,Open Long,4127.8,24.2259,11.99996,0.0,0.0001,047
1760313600022,@151,A,Spot Dust Conversion,4154.6281,0.000042012,0.0,0.0,0.000042012,048
1760320220078,ETH,B,Open Long,4166.7,5.0,8.3334,0.0,24.226,049
1760320220078,ETH,B,Open Long,4166.7,3.0,5.00004,0.0,29.226,049
1760320220078,ETH,B,Open Long,4166.7,2.8064,4.67737,0.0,32.226,049
1760320220078,ETH,B,Open Long,4166.7,1.1888,1.981349,0.0,35.0324,049
1760320586987,ETH,B,Open Long,4183.7,11.9488,19.996077,0.0,36.2212,050
1760320798897,ETH,B,Open Long,4197.9,4.4186,7.419536,0.0,48.17,051
1760320798897,ETH,B,Open Long,4197.9,5.5,9.23538,0.0,52.5886,051
1760320798897,ETH,B,Open Long,4197.9,37.7344,63.362095,0.0,58.0886,051
1760353541983,ETH,B,Open Long,4125.0,24.2424,11.999988,0.0,95.823,052
1760399583773,ETH,A,Close Long,4239.6,5.6612,9.600489,425.15612,120.0654,053
1760399583773,ETH,A,Close Long,4239.6,0.9756,1.654461,73.26756,114.4042,053
1760399583773,ETH,A,Close Long,4239.6,5.661,9.60015,425.1411,113.4286,053
1760399583773,ETH,A,Close Long,4239.6,2.9128,4.939642,218.75128,107.7676,053
1760399583773,ETH,A,Close Long,4239.6,5.8967,9.999859,442.84217,104.8548,053
1760399583773,ETH,A,Close Long,4239.6,5.8967,9.999859,442.84217,98.9581,053
1760399583773,ETH,A,Close Long,4239.6,0.8324,1.411617,62.51324,93.0614,053
1760399583773,ETH,A,Close Long,4239.6,11.7935,19.999889,885.69185,92.229,053
1760399583773,ETH,A,Close Long,4239.6,0.9809,1.663449,73.66559,80.4355,053
1760399583773,ETH,A,Close Long,4239.6,1.2087,2.049761,90.77337,79.4546,053
1760399583773,ETH,A,Close Long,4239.6,11.7935,19.999889,885.69185,78.2459,053
1760399583773,ETH,A,Close Long,4239.6,5.8967,9.999859,442.84217,66.4524,053
1760399583773,ETH,A,Close Long,4239.6,5.661,9.60015,425.1411,60.5557,053
1760399583773,ETH,A,Close Long,4239.6,5.8967,9.999859,442.84217,54.8947,053
1760399583773,ETH,A,Close Long,4239.6,1.7568,2.979251,131.93568,48.998,053
1760400120044,ETH,A,Close Long,4240.7,0.05,0.084814,3.81,47.2412,055
1760420650577,ETH,B,Open Long,4057.0,0.0329,0.016017,0.0,47.1912,054
1760420650577,ETH,B,Open Long,4057.0,24.6158,11.983956,0.0,47.2241,054
1760483879698,ETH,B,Open Long,4135.9,0.315,0.521123,0.0,71.8399,056
1760483879698,ETH,B,Open Long,4135.9,2.1,3.474156,0.0,72.1549,056
1760483879698,ETH,B,Open Long,4135.9,2.5719,4.254848,0.0,74.2549,056
1760483879698,ETH,B,Open Long,4135.9,0.4595,0.760178,0.0,76.8268,056
1760483879698,ETH,B,Open Long,4135.9,0.2596,0.429471,0.0,77.2863,056
1760483879698,ETH,B,Open Long,4135.9,0.3339,0.55239,0.0,77.5459,056
1760483879698,ETH,B,Open Long,4135.9,6.533,10.807933,0.0,77.8798,056
1760483879698,ETH,B,Open Long,4135.9,2.6,4.301336,0.0,84.4128,056
1760483879698,ETH,B,Open Long,4135.9,0.527,0.871847,0.0,87.0128,056
1760483879698,ETH,B,Open Long,4135.9,2.6,4.301336,0.0,87.5398,056
1760483879698,ETH,B,Open Long,4135.9,0.4835,0.799883,0.0,90.1398,056
1760483879698,ETH,B,Open Long,4135.9,5.3945,8.924445,0.0,90.6233,056
1760487031047,ETH,B,Open Long,4119.0,24.2777,11.999981,0.0,96.0178,057
1760490068324,ETH,B,Open Long,4108.0,24.3427,11.999977,0.0,120.2955,058
1760494881237,ETH,B,Open Long,4135.0,3.2969,5.453072,0.0,144.6382,059
1760494881237,ETH,B,Open Long,4135.0,3.2969,5.453072,0.0,147.9351,059
1760494881237,ETH,B,Open Long,4135.0,0.265,0.43831,0.0,151.232,059
1760494881237,ETH,B,Open Long,4135.0,0.6782,1.121742,0.0,151.497,059
1760494881237,ETH,B,Open Long,4135.0,0.2524,0.417469,0.0,152.1752,059
1760494881237,ETH,B,Open Long,4135.0,6.0459,9.999918,0.0,152.4276,059
1760494881237,ETH,B,Open Long,4135.0,6.0459,9.999918,0.0,158.4735,059
1760494881237,ETH,B,Open Long,4135.0,1.1941,1.975041,0.0,164.5194,059
1760494881237,ETH,B,Open Long,4135.0,0.5913,0.97801,0.0,165.7135,059
1760494881237,ETH,B,Open Long,4135.0,2.5131,4.156667,0.0,166.3048,059
1760525127609,ETH,A,Close Long,4121.1,0.8496,1.400514,-3.984624,168.8179,060
1760525127609,ETH,A,Close Long,4121.1,16.6922,27.51609,-78.286418,167.9683,060
1760525127609,ETH,A,Close Long,4120.9,0.0049,0.008076,-0.023961,151.2761,060
1760525127609,ETH,A,Close Long,4120.9,54.5491,89.916554,-266.745099,151.2712,060
1760525127609,ETH,A,Close Long,4120.8,0.9696,1.598211,-4.838304,96.7221,060
1760525127609,ETH,A,Close Long,4120.8,80.017,131.893621,-399.28483,95.7525,060
1760525127609,ETH,A,Close Long,4120.8,15.7355,25.937139,-78.520145,15.7355,060
1760587981667,ETH,B,Open Long,4023.3,1.429,2.299718,0.0,0.0,064
1760587981667,ETH,B,Open Long,4023.3,1.7,2.735844,0.0,1.429,064
1760587981667,ETH,B,Open Long,4023.3,2.9245,4.706456,0.0,3.129,064
1760587981667,ETH,B,Open Long,4023.3,0.9444,1.519841,0.0,6.0535,064
1760587981667,ETH,B,Open Long,4023.3,2.1,3.379572,0.0,6.9979,064
1760587981667,ETH,B,Open Long,4023.3,2.4855,3.999964,0.0,9.0979,064
1760587981667,ETH,B,Open Long,4023.3,10.0012,16.095131,0.0,11.5834,064
1760587981667,ETH,B,Open Long,4023.3,3.2681,5.259418,0.0,21.5846,064
1760593952428,ETH,B,Open Long,3981.0,25.1193,11.999991,0.0,24.8527,062
1760600374801,ETH,A,Close Long,4008.0,14.5992,7.021631,87.157224,49.972,065
1760600374887,ETH,A,Close Long,4008.0,0.0125,0.006012,0.074625,35.3728,065
1760600374928,ETH,A,Close Long,4008.0,0.005,0.002404,0.02985,35.3603,065
1760600376108,ETH,A,Close Long,4008.0,0.0051,0.002452,0.030447,35.3553,065
1760600376395,ETH,A,Close Long,4008.0,0.4994,0.240191,2.981418,35.3502,065
1760600376395,ETH,A,Close Long,4008.0,0.4994,0.240191,2.981418,34.8508,065
1760600376395,ETH,A,Close Long,4008.0,0.25,0.12024,1.4925,34.3514,065
1760600376395,ETH,A,Close Long,4008.0,0.25,0.12024,1.4925,34.1014,065
1760600376395,ETH,A,Close Long,4008.0,0.25,0.12024,1.4925,33.8514,065
1760600376395,ETH,A,Close Long,4008.0,0.4994,0.240191,2.981418,33.6014,065
1760600376532,ETH,A,Close Long,4008.0,0.4994,0.240191,2.981418,33.102,065
1760600376532,ETH,A,Close Long,4008.0,0.4994,0.240191,2.981418,32.6026,065
1760600376532,ETH,A,Close Long,4008.0,0.4994,0.240191,2.981418,32.1032,065
1760600376532,ETH,A,Close Long,4008.0,0.25,0.12024,1.4925,31.6038,065
1760600376532,ETH,A,Close Long,4008.0,0.25,0.12024,1.4925,31.3538,065
1760600376532,ETH,A,Close Long,4008.0,0.25,0.12024,1.4925,31.1038,065
1760600376532,ETH,A,Close Long,4008.0,0.25,0.12024,1.4925,30.8538,065
1760600376633,ETH,A,Close Long,4008.0,0.4994,0.240191,2.981418,30.6038,065
1760600376729,ETH,A,Close Long,4008.0,0.4994,0.240191,2.981418,30.1044,065
1760600377280,ETH,A,Close Long,4008.0,0.6418,0.30868,3.831546,29.605,065
1760600378058,ETH,A,Close Long,4008.0,0.1123,0.054011,0.670431,28.9632,065
1760600899946,ETH,A,Close Long,4008.0,0.2773,0.13337,1.655481,28.8509,065
1760600900971,ETH,A,Close Long,4008.0,3.5875,1.725444,21.417375,28.5736,065
1760602807288,ETH,B,Open Long,4002.5,19.9876,9.600044,0.0,24.9861,066
1760602807288,ETH,B,Open Long,4002.5,4.9967,2.399915,0.0,44.9737,066
1760607289265,ETH,B,Open Long,3956.0,25.278,11.999972,0.0,49.9704,061
1760607292704,ETH,B,Open Long,3945.0,25.3485,11.999979,0.0,75.2484,063
1760609384570,ETH,B,Open Long,4037.0,0.0086,0.004166,0.0,100.5969,067
1760609385497,ETH,B,Open Long,4037.0,0.5547,0.268718,0.0,100.6055,067
1760609385554,ETH,B,Open Long,4037.0,0.2405,0.116507,0.0,101.1602,067
1760609385775,ETH,B,Open Long,4037.0,0.0495,0.023979,0.0,101.4007,067
1760609385830,ETH,B,Open Long,4037.0,0.0495,0.023979,0.0,101.4502,067
1760609386018,ETH,B,Open Long,4037.0,23.868,11.562613,0.0,101.4997,067
1760623283028,ETH,A,Close Long,4017.3,0.7077,0.341165,20.579916,125.3677,068
1760623284733,ETH,A,Close Long,4017.3,0.5974,0.287992,17.372392,124.66,068
1760623284733,ETH,A,Close Long,4017.3,0.3255,0.156915,9.46554,124.0626,068
1760623285770,ETH,A,Close Long,4017.3,19.9024,9.594469,578.761792,123.7371,068
1760623286005,ETH,A,Close Long,4017.3,19.9024,9.594469,578.761792,103.8347,068
1760623357733,ETH,A,Close Long,4012.7,4.016,6.446001,98.31168,83.9323,069
1760623357733,ETH,A,Close Long,4012.7,2.341,3.757492,57.30768,79.9163,069
1760623357733,ETH,A,Close Long,4012.7,3.5,5.61778,85.68,77.5753,069
1760623357733,ETH,A,Close Long,4012.7,0.6354,1.019867,15.554592,74.0753,069
1760623357733,ETH,A,Close Long,4012.7,3.8112,6.11728,93.298176,73.4399,069
1760623357733,ETH,A,Close Long,4012.7,3.9,6.259812,95.472,69.6287,069
1760623357733,ETH,A,Close Long,4012.7,2.341,3.757492,57.30768,65.7287,069
1760623357733,ETH,A,Close Long,4012.7,3.8112,6.11728,93.298176,63.3877,069
1760623357733,ETH,A,Close Long,4012.7,3.9,6.259812,95.472,59.5765,069
1760623357733,ETH,A,Close Long,4012.7,3.5,5.61778,85.68,55.6765,069
1760623357733,ETH,A,Close Long,4012.7,0.6354,1.019867,15.554592,52.1765,069
1760623357733,ETH,A,Close Long,4012.7,1.1607,1.863016,28.413936,51.5411,069
1760623411366,ETH,A,Close Long,4010.3,50.3804,80.816207,1112.399232,50.3804,070
1760629239693,ETH,B,Open Long,3955.0,50.5689,23.999999,0.0,0.0,071
1760629283306,ETH,B,Open Long,3949.0,25.3228,11.999968,0.0,50.5689,072
1760644446041,ETH,A,Close Long,3883.5,3.5,5.4369,-243.215,75.8917,073
1760644446041,ETH,A,Close Long,3883.5,1.25,1.94175,-86.8625,72.3917,073
1760644446041,ETH,A,Close Long,3883.5,3.5,5.4369,-243.215,71.1417,073
1760644446041,ETH,A,Close Long,3883.5,6.4374,9.999857,-447.334926,67.6417,073
1760644446041,ETH,A,Close Long,3883.5,6.4374,9.999857,-447.334926,61.2043,073
1760644446041,ETH,A,Close Long,3883.5,4.1824,6.49694,-290.634976,54.7669,073
1760644446041,ETH,A,Close Long,3883.5,6.1805,9.600788,-429.482945,50.5845,073
1760644446041,ETH,A,Close Long,3883.5,3.5,5.4369,-243.215,44.404,073
1760644446041,ETH,A,Close Long,3883.5,3.5,5.4369,-243.215,40.904,073
1760644446041,ETH,A,Close Long,3883.5,1.25,1.94175,-86.8625,37.404,073
1760644446041,ETH,A,Close Long,3883.5,3.7744,5.863152,-262.283056,36.154,073
1760644446041,ETH,A,Close Long,3883.5,1.25,1.94175,-86.8625,32.3796,073
1760644446041,ETH,A,Close Long,3883.5,6.4374,9.999857,-447.334926,31.1296,073
1760644446041,ETH,A,Close Long,3883.5,1.25,1.94175,-86.8625,24.6922,073
1760644446041,ETH,A,Close Long,3883.5,5.1507,8.001097,-357.922143,23.4422,073
1760644446041,ETH,A,Close Long,3883.5,6.1809,9.60141,-429.510741,18.2915,073
1760644446041,ETH,A,Close Long,3883.5,3.5,5.4369,-243.215,12.1106,073
1760644446041,ETH,A,Close Long,3883.5,3.7744,5.863152,-262.283056,8.6106,073
1760644446041,ETH,A,Close Long,3883.5,4.8362,7.512553,-336.067538,4.8362,073
1760729394105,ETH,B,Open Long,3831.9,0.0209,0.00961,0.0,0.0,074
1760729395202,ETH,B,Open Long,3831.9,0.0032,0.001471,0.0,0.0209,074
1760729396055,ETH,B,Open Long,3831.9,0.4061,0.186736,0.0,0.0241,074
1760729397003,ETH,B,Open Long,3831.9,0.0032,0.001471,0.0,0.4302,074
1760729400824,ETH,B,Open Long,3831.9,2.0873,0.959798,0.0,0.4334,074
1760729400824,ETH,B,Open Long,3831.9,2.0873,0.959798,0.0,2.5207,074
1760729401023,ETH,B,Open Long,3831.9,2.0873,0.959798,0.0,4.608,074
1760729401491,ETH,B,Open Long,3831.9,0.17,0.07817,0.0,6.6953,074
1760729402103,ETH,B,Open Long,3831.9,0.0029,0.001333,0.0,6.8653,074
1760729402208,ETH,B,Open Long,3831.9,0.0202,0.009288,0.0,6.8682,074
1760729402924,ETH,B,Open Long,3831.9,6.1599,2.832494,0.0,6.8884,074
1760729684788,ETH,A,Close Long,3819.0,0.9672,1.477494,-12.47688,13.0483,075
1760729684788,ETH,A,Close Long,3819.0,2.6221,4.005519,-33.82509,12.0811,075
1760729684788,ETH,A,Close Long,3819.0,3.9277,5.999954,-50.66733,9.459,075
1760729684788,ETH,A,Close Long,3819.0,5.5313,8.449613,-71.35377,5.5313,075
1760734215015,ETH,B,Open Long,3858.7,0.0032,0.001481,0.0,0.0,076
1760734215015,ETH,B,Open Long,3858.7,25.9122,11.998488,0.0,0.0032,076
1760736371176,ETH,A,Close Long,3874.6,1.8151,2.813114,28.86009,25.9154,078
1760736371176,ETH,A,Close Long,3874.6,8.4068,13.029194,133.66812,24.1003,078
1760736371176,ETH,A,Close Long,3874.6,15.6935,24.322414,249.683585,15.6935,078
1760745983183,ETH,B,Open Long,3827.0,0.1726,0.079264,0.0,0.0,077
1760745984019,ETH,B,Open Long,3827.0,3.6816,1.690737,0.0,0.1726,077
1760745984019,ETH,B,Open Long,3827.0,5.1936,2.385108,0.0,3.8542,077
1760745985166,ETH,B,Open Long,3827.0,0.0105,0.004822,0.0,9.0478,077
1760745986730,ETH,B,Open Long,3827.0,0.025,0.011481,0.0,9.0583,077
1760745987038,ETH,B,Open Long,3827.0,0.0032,0.001469,0.0,9.0833,077
1760745988896,ETH,B,Open Long,3827.0,17.0436,7.827102,0.0,9.0865,077
1760752983300,ETH,B,Open Long,3869.8,15.0677,6.997078,0.0,26.1301,079
1760752983396,ETH,B,Open Long,3869.8,0.0167,0.007755,0.0,41.1978,079
1760752987816,ETH,B,Open Long,3869.8,10.7567,4.995153,0.0,41.2145,079
1760756799254,ETH,A,Close Long,3853.1,3.8929,5.999893,18.763778,51.9712,080
1760756799254,ETH,A,Close Long,3853.1,48.0783,74.100199,231.737406,48.0783,080
1760788235059,ETH,B,Open Long,3877.6,0.0083,0.003862,0.0,0.0,081
1760788250027,ETH,B,Open Long,3877.6,1.9378,0.901681,0.0,0.0083,081
1760788252018,ETH,B,Open Long,3877.6,1.9211,0.89391,0.0,1.9461,081
1760788256053,ETH,B,Open Long,3877.6,0.066,0.03071,0.0,3.8672,081
1760788261308,ETH,B,Open Long,3877.6,0.3249,0.151179,0.0,3.9332,081
1760788262426,ETH,B,Open Long,3877.6,1.2221,0.568657,0.0,4.2581,081
1760788262509,ETH,B,Open Long,3877.6,2.0,0.930624,0.0,5.4802,081
1760788265049,ETH,B,Open Long,3877.6,0.0083,0.003862,0.0,7.4802,081
1760788265791,ETH,B,Open Long,3877.6,1.547,0.719837,0.0,7.4885,081
1760788265791,ETH,B,Open Long,3877.6,6.8964,3.208977,0.0,9.0355,081
1760788265791,ETH,B,Open Long,3877.6,6.8964,3.208977,0.0,15.9319,081
1760788265791,ETH,B,Open Long,3877.6,28.7499,13.377673,0.0,22.8283,081
1760794024048,ETH,A,Close Long,3870.4,0.3667,0.56771,-2.64024,51.5782,082
1760794024048,ETH,A,Close Long,3870.4,0.1292,0.200022,-0.93024,51.2115,082
1760794024048,ETH,A,Close Long,3870.3,0.0039,0.006037,-0.02847,51.0823,082
1760794024048,ETH,A,Close Long,3870.3,1.0292,1.593325,-7.51316,51.0784,082
1760794024048,ETH,A,Close Long,3870.3,4.0,6.19248,-29.2,50.0492,082
1760794024048,ETH,A,Close Long,3870.3,2.5838,4.000032,-18.86174,46.0492,082
1760794024048,ETH,A,Close Long,3870.3,3.8756,5.999893,-28.29188,43.4654,082
1760794024048,ETH,A,Close Long,3870.2,0.9095,1.407978,-6.7303,39.5898,082
1760794024048,ETH,A,Close Long,3870.2,0.9211,1.425936,-6.81614,38.6803,082
1760794024048,ETH,A,Close Long,3870.2,11.7554,18.198299,-86.98996,37.7592,082
1760794024048,ETH,A,Close Long,3870.2,3.8757,5.999893,-28.68018,26.0038,082
1760794024048,ETH,A,Close Long,3870.2,2.5838,3.999929,-19.12012,22.1281,082
1760794024048,ETH,A,Close Long,3870.2,19.5443,30.256139,-144.62782,19.5443,082
1760800100027,ETH,B,Open Long,3874.3,1.4,2.169608,0.0,0.0,083
1760800100027,ETH,B,Open Long,3874.3,0.6326,0.980352,0.0,1.4,083
1760800100027,ETH,B,Open Long,3874.3,1.4,2.169608,0.0,2.0326,083
1760800100027,ETH,B,Open Long,3874.3,8.2472,12.78085,0.0,3.4326,083
1760800100027,ETH,B,Open Long,3874.3,2.5,3.8743,0.0,11.6798,083
1760800100027,ETH,B,Open Long,3874.3,1.4,2.169608,0.0,14.1798,083
1760800100027,ETH,B,Open Long,3874.3,1.25,1.93715,0.0,15.5798,083
1760800100027,ETH,B,Open Long,3874.3,1.5,2.32458,0.0,16.8298,083
1760800100027,ETH,B,Open Long,3874.3,6.2294,9.653825,0.0,18.3298,083
1760800100027,ETH,B,Open Long,3874.3,1.5,2.32458,0.0,24.5592,083
1760800100027,ETH,B,Open Long,3874.3,2.3392,3.625105,0.0,26.0592,083
1760800100027,ETH,B,Open Long,3874.3,6.4527,9.999878,0.0,28.3984,083
1760800100027,ETH,B,Open Long,3874.3,12.9055,19.999911,0.0,34.8511,083
1760800100027,ETH,B,Open Long,3874.3,3.8496,5.965802,0.0,47.7566,083
1760800762874,ETH,A,Close Long,3875.0,0.0048,0.002232,0.00336,51.6062,084
1760800763287,ETH,A,Close Long,3875.0,0.0517,0.02404,0.03619,51.6014,084
1760800763412,ETH,A,Close Long,3875.0,4.8507,2.255575,3.39549,51.5497,084
1760800764081,ETH,A,Close Long,3875.0,0.0526,0.024459,0.03682,46.699,084
1760800765188,ETH,A,Close Long,3875.0,0.259,0.120435,0.1813,46.6464,084
1760800765188,ETH,A,Close Long,3875.0,0.259,0.120435,0.1813,46.3874,084
1760800765388,ETH,A,Close Long,3875.0,0.259,0.120435,0.1813,46.1284,084
1760800765388,ETH,A,Close Long,3875.0,0.16,0.0744,0.112,45.8694,084
1760800765388,ETH,A,Close Long,3875.0,0.16,0.0744,0.112,45.7094,084
1760800765388,ETH,A,Close Long,3875.0,0.16,0.0744,0.112,45.5494,084
1760800765531,ETH,A,Close Long,3875.0,43.5329,20.242798,30.47303,45.3894,084
1760800765933,ETH,A,Close Long,3875.0,0.0824,0.038316,0.05768,1.8565,084
1760800766313,ETH,A,Close Long,3875.0,0.144,0.06696,0.1008,1.7741,084
1760800766313,ETH,A,Close Long,3875.0,0.16,0.0744,0.112,1.6301,084
1760800766313,ETH,A,Close Long,3875.0,0.16,0.0744,0.112,1.4701,084
1760800766398,ETH,A,Close Long,3875.0,0.16,0.0744,0.112,1.3101,084
1760800766398,ETH,A,Close Long,3875.0,0.16,0.0744,0.112,1.1501,084
1760800766398,ETH,A,Close Long,3875.0,0.16,0.0744,0.112,0.9901,084
1760800766398,ETH,A,Close Long,3875.0,0.16,0.0744,0.112,0.8301,084
1760800768444,ETH,A,Close Long,3875.0,0.259,0.120435,0.1813,0.6701,084
1760800768444,ETH,A,Close Long,3875.0,0.17,0.07905,0.119,0.4111,084
1760800768444,ETH,A,Close Long,3875.0,0.2038,0.094767,0.14266,0.2411,084
1760800867846,ETH,A,Close Long,3874.2,0.0373,0.057803,-0.00373,0.0373,085
1760869610110,ETH,B,Open Long,3931.2,38.1873,60.048765,0.0,0.0,086
1760871784159,ETH,B,Open Long,3935.3,0.0037,0.001747,0.0,38.1873,087
1760871785269,ETH,B,Open Long,3935.3,38.1128,17.998236,0.0,38.191,087
1760923037085,ETH,A,Close Long,3940.9,0.1252,0.19736,0.959032,76.3038,088
1760923037085,ETH,A,Close Long,3940.9,24.297,38.300818,186.11502,76.1786,088
1760923037085,ETH,A,Close Long,3940.9,51.8816,81.784078,397.413056,51.8816,088
1760932314784,ETH,B,Open Long,4013.0,1.5,2.4078,0.0,0.0,089
1760932314784,ETH,B,Open Long,4013.0,1.5,2.4078,0.0,1.5,089
1760932314784,ETH,B,Open Long,4013.0,0.5327,0.85509,0.0,3.0,089
1760932314784,ETH,B,Open Long,4013.0,3.0,4.8156,0.0,3.5327,089
1760932314784,ETH,B,Open Long,4013.0,1.5,2.4078,0.0,6.5327,089
1760932314784,ETH,B,Open Long,4013.0,3.0,4.8156,0.0,8.0327,089
1760932314784,ETH,B,Open Long,4013.0,1.5,2.4078,0.0,11.0327,089
1760932314784,ETH,B,Open Long,4013.0,1.17,1.878084,0.0,12.5327,089
1760932314784,ETH,B,Open Long,4013.0,0.5327,0.85509,0.0,13.7027,089
1760932314784,ETH,B,Open Long,4013.0,1.5,2.4078,0.0,14.2354,089
1760932314784,ETH,B,Open Long,4013.0,1.25,2.0065,0.0,15.7354,089
1760932314784,ETH,B,Open Long,4013.0,1.25,2.0065,0.0,16.9854,089
1760932314784,ETH,B,Open Long,4013.0,1.5,2.4078,0.0,18.2354,089
1760932314784,ETH,B,Open Long,4013.0,1.25,2.0065,0.0,19.7354,089
1760932314784,ETH,B,Open Long,4013.0,1.5,2.4078,0.0,20.9854,089
1760932314784,ETH,B,Open Long,4013.0,0.5327,0.85509,0.0,22.4854,089
1760932314784,ETH,B,Open Long,4013.0,1.25,2.0065,0.0,23.0181,089
1760932314784,ETH,B,Open Long,4013.0,1.5,2.4078,0.0,24.2681,089
1760932314784,ETH,B,Open Long,4013.0,0.5327,0.85509,0.0,25.7681,089
1760932314784,ETH,B,Open Long,4013.0,1.17,1.878084,0.0,26.3008,089
1760932314784,ETH,B,Open Long,4013.0,1.5,2.4078,0.0,27.4708,089
1760932314784,ETH,B,Open Long,4013.1,1.5,2.40786,0.0,28.9708,089
1760932314784,ETH,B,Open Long,4013.1,1.5,2.40786,0.0,30.4708,089
1760932314784,ETH,B,Open Long,4013.1,0.5327,0.855111,0.0,31.9708,089
1760932314784,ETH,B,Open Long,4013.1,3.0,4.81572,0.0,32.5035,089
1760932314784,ETH,B,Open Long,4013.1,1.5,2.40786,0.0,35.5035,089
1760932314784,ETH,B,Open Long,4013.1,3.0,4.81572,0.0,37.0035,089
1760932314784,ETH,B,Open Long,4013.1,1.5,2.40786,0.0,40.0035,089
1760932314784,ETH,B,Open Long,4013.1,1.17,1.87813,0.0,41.5035,089
1760932314784,ETH,B,Open Long,4013.1,0.5327,0.855111,0.0,42.6735,089
1760932314784,ETH,B,Open Long,4013.1,1.5,2.40786,0.0,43.2062,089
1760932314784,ETH,B,Open Long,4013.1,1.25,2.00655,0.0,44.7062,089
1760932314784,ETH,B,Open Long,4013.1,1.25,2.00655,0.0,45.9562,089
1760932314784,ETH,B,Open Long,4013.1,1.25,2.00655,0.0,47.2062,089
1760932314784,ETH,B,Open Long,4013.1,1.5,2.40786,0.0,48.4562,089
1760932314784,ETH,B,Open Long,4013.1,0.5327,0.855111,0.0,49.9562,089
1760932314784,ETH,B,Open Long,4013.1,1.25,2.00655,0.0,50.4889,089
1760932314784,ETH,B,Open Long,4013.1,1.5,2.40786,0.0,51.7389,089
1760932314784,ETH,B,Open Long,4013.1,0.5327,0.855111,0.0,53.2389,089
1760932314784,ETH,B,Open Long,4013.1,1.17,1.87813,0.0,53.7716,089
1760932314784,ETH,B,Open Long,4013.1,1.5,2.40786,0.0,54.9416,089
1760932314784,ETH,B,Open Long,4013.2,4.9848,8.001999,0.0,56.4416,089
1760932314784,ETH,B,Open Long,4013.2,4.9845,8.001518,0.0,61.4264,089
1760932314784,ETH,B,Open Long,4013.2,1.5,2.40792,0.0,66.4109,089
1760932314784,ETH,B,Open Long,4013.2,1.5,2.40792,0.0,67.9109,089
1760932314784,ETH,B,Open Long,4013.2,1.5,2.40792,0.0,69.4109,089
1760932314784,ETH,B,Open Long,4013.2,1.5,2.40792,0.0,70.9109,089
1760932314784,ETH,B,Open Long,4013.2,1.5,2.40792,0.0,72.4109,089
1760932314784,ETH,B,Open Long,4013.2,1.0598,1.701275,0.0,73.9109,089
1760932314784,ETH,B,Open Long,4013.2,0.5327,0.855132,0.0,74.9707,089
1760932314784,ETH,B,Open Long,4013.2,3.0,4.81584,0.0,75.5034,089
1760932314784,ETH,B,Open Long,4013.2,1.5,2.40792,0.0,78.5034,089
1760932314784,ETH,B,Open Long,4013.2,1.5,2.40792,0.0,80.0034,089
1760932314784,ETH,B,Open Long,4013.2,1.17,1.878177,0.0,81.5034,089
1760932314784,ETH,B,Open Long,4013.2,0.5327,0.855132,0.0,82.6734,089
1760932314784,ETH,B,Open Long,4013.2,1.5,2.40792,0.0,83.2061,089
1760932314784,ETH,B,Open Long,4013.2,1.25,2.0066,0.0,84.7061,089
1760932314784,ETH,B,Open Long,4013.2,1.25,2.0066,0.0,85.9561,089
1760932314784,ETH,B,Open Long,4013.2,1.25,2.0066,0.0,87.2061,089
1760932314784,ETH,B,Open Long,4013.2,1.5,2.40792,0.0,88.4561,089
1760932314784,ETH,B,Open Long,4013.2,0.5327,0.855132,0.0,89.9561,089
1760932314784,ETH,B,Open Long,4013.2,1.25,2.0066,0.0,90.4888,089
1760932314784,ETH,B,Open Long,4013.2,1.5,2.40792,0.0,91.7388,089
1760932314784,ETH,B,Open Long,4013.2,0.5327,0.855132,0.0,93.2388,089
1760932314784,ETH,B,Open Long,4013.2,1.5,2.40792,0.0,93.7715,089
1760932314784,ETH,B,Open Long,4013.3,4.9844,8.001557,0.0,95.2715,089
1760932314784,ETH,B,Open Long,4013.3,4.9841,8.001075,0.0,100.2559,089
1760932314784,ETH,B,Open Long,4013.3,1.5,2.40798,0.0,105.24,089
1760932314784,ETH,B,Open Long,4013.3,1.0598,1.701318,0.0,106.74,089
1760932314784,ETH,B,Open Long,4013.3,1.5,2.40798,0.0,107.7998,089
1760932314784,ETH,B,Open Long,4013.3,12.4585,19.999879,0.0,109.2998,089
1760932314784,ETH,B,Open Long,4013.3,1.17,1.878224,0.0,121.7583,089
1760932314784,ETH,B,Open Long,4013.3,1.4096,2.262859,0.0,122.9283,089
1760959011135,ETH,A,Close Long,4019.2,37.3204,59.99926,225.78842,124.3379,090
1760959011135,ETH,A,Close Long,4019.2,4.4784,7.199834,27.09432,87.0175,090
1760959011135,ETH,A,Close Long,4019.2,12.5077,20.108379,75.671585,82.5391,090
1760959011135,ETH,A,Close Long,4019.2,55.9598,89.965451,338.55679,70.0314,090
1760959011135,ETH,A,Close Long,4019.1,5.3205,8.553448,31.656975,14.0716,090
1760959011135,ETH,A,Close Long,4019.1,4.976,7.999616,29.6072,8.7511,090
1760959011135,ETH,A,Close Long,4019.0,3.7322,5.999884,21.83337,3.7751,090
1760959011135,ETH,A,Close Long,4019.0,0.0429,0.068966,0.250965,0.0429,090
1760963800658,ETH,B,Open Long,4034.2,0.6616,1.06761,0.0,0.0,091
1760963800658,ETH,B,Open Long,4034.2,0.3441,0.555267,0.0,0.6616,091
1760963800658,ETH,B,Open Long,4034.2,2.0523,3.311755,0.0,1.0057,091
1760963800658,ETH,B,Open Long,4034.2,0.191,0.308212,0.0,3.058,091
1760963800658,ETH,B,Open Long,4034.2,0.3803,0.613682,0.0,3.249,091
1760963800658,ETH,B,Open Long,4034.2,1.8937,3.055825,0.0,3.6293,091
1760963800658,ETH,B,Open Long,4034.2,0.6875,1.109405,0.0,5.523,091
1760963800658,ETH,B,Open Long,4034.2,0.6305,1.017425,0.0,6.2105,091
1760963800658,ETH,B,Open Long,4034.2,2.356,3.80183,0.0,6.841,091
1760963800658,ETH,B,Open Long,4034.2,3.3282,5.370649,0.0,9.197,091
1760963800658,ETH,B,Open Long,4034.2,4.3077,6.951249,0.0,12.5252,091
1760963800658,ETH,B,Open Long,4034.2,6.197,9.999974,0.0,16.8329,091
1760963800658,ETH,B,Open Long,4034.2,4.308,6.951733,0.0,23.0299,091
1760963800658,ETH,B,Open Long,4034.2,2.021,3.261247,0.0,27.3379,091
1760963800658,ETH,B,Open Long,4034.2,0.056,0.090366,0.0,29.3589,091
1760963800658,ETH,B,Open Long,4034.2,1.8937,3.055825,0.0,29.4149,091
1760963800658,ETH,B,Open Long,4034.2,2.0522,3.311594,0.0,31.3086,091
1760963800658,ETH,B,Open Long,4034.2,6.197,9.999974,0.0,33.3608,091
1760963800658,ETH,B,Open Long,4034.2,0.8856,1.429075,0.0,39.5578,091
1760963800658,ETH,B,Open Long,4034.2,2.3563,3.802314,0.0,40.4434,091
1760963800658,ETH,B,Open Long,4034.2,2.4788,3.999989,0.0,42.7997,091
1760963800658,ETH,B,Open Long,4034.2,2.4791,4.000474,0.0,45.2785,091
1760963800658,ETH,B,Open Long,4034.2,3.7182,5.999984,0.0,47.7576,091
1760963800658,ETH,B,Open Long,4034.2,12.3911,19.99527,0.0,51.4758,091
1760963800658,ETH,B,Open Long,4034.2,55.7498,89.962337,0.0,63.8669,091
1760963800658,ETH,B,Open Long,4034.2,2.0194,3.258665,0.0,119.6167,091
1760963800658,ETH,B,Open Long,4034.2,2.2857,3.688388,0.0,121.6361,091
1760963870799,ETH,A,Close Long,4030.1,1.02,1.64428,-4.182,123.9218,092
1760963870799,ETH,A,Close Long,4030.1,1.8,2.901672,-7.38,122.9018,092
1760963870799,ETH,A,Close Long,4030.1,1.8,2.901672,-7.38,121.1018,092
1760963870799,ETH,A,Close Long,4030.1,1.7,2.740468,-6.97,119.3018,092
1760963870799,ETH,A,Close Long,4030.1,1.25,2.01505,-5.125,117.6018,092
1760963870799,ETH,A,Close Long,4030.1,1.7,2.740468,-6.97,116.3518,092
1760963870799,ETH,A,Close Long,4030.1,3.0,4.83612,-12.3,114.6518,092
1760963870799,ETH,A,Close Long,4030.1,1.7,2.740468,-6.97,111.6518,092
1760963870799,ETH,A,Close Long,4030.1,2.3634,3.809895,-9.68994,109.9518,092
1760963870799,ETH,A,Close Long,4029.5,0.9888,1.593747,-4.64736,107.5884,092
1760963870799,ETH,A,Close Long,4029.5,55.8088,89.952623,-262.30136,106.5996,092
1760963870799,ETH,A,Close Long,4029.4,2.1113,3.402908,-10.13424,50.7908,092
1760963870799,ETH,A,Close Long,4029.3,1.4799,2.385184,-7.25151,48.6795,092
1760963870799,ETH,A,Close Long,4029.3,1.2393,1.997404,-6.07257,47.1996,092
1760963870799,ETH,A,Close Long,4029.2,1.0478,1.688718,-5.239,45.9603,092
1760963870799,ETH,A,Close Long,4029.2,1.0878,1.753185,-5.439,44.9125,092
1760963870799,ETH,A,Close Long,4029.2,0.0038,0.006124,-0.019,43.8247,092
1760963870799,ETH,A,Close Long,4029.2,10.4975,16.91861,-52.4875,43.8209,092
1760963870799,ETH,A,Close Long,4029.2,33.3234,53.706657,-166.617,33.3234,092
1760965277028,ETH,B,Open Long,4037.3,0.531,0.257256,0.0,0.0,093
1760965277434,ETH,B,Open Long,4037.3,0.9407,0.455746,0.0,0.531,093
1760965278466,ETH,B,Open Long,4037.3,0.0411,0.019911,0.0,1.4717,093
1760965279030,ETH,B,Open Long,4037.3,1.486,0.719931,0.0,1.5128,093
1760965279352,ETH,B,Open Long,4037.3,0.7405,0.358754,0.0,2.9988,093
1760965280263,ETH,B,Open Long,4037.3,0.0146,0.007073,0.0,3.7393,093
1760965280928,ETH,B,Open Long,4037.3,0.0158,0.007654,0.0,3.7539,093
1760965281625,ETH,B,Open Long,4037.3,0.0755,0.036577,0.0,3.7697,093
1760965281625,ETH,B,Open Long,4037.3,1.486,0.719931,0.0,3.8452,093
1760965281884,ETH,B,Open Long,4037.3,0.7457,0.361273,0.0,5.3312,093
1760965282790,ETH,B,Open Long,4037.3,0.1313,0.063611,0.0,6.0769,093
1760965282990,ETH,B,Open Long,4037.3,0.0756,0.036626,0.0,6.2082,093
1760965283498,ETH,B,Open Long,4037.3,1.0319,0.49993,0.0,6.2838,093
1760965284471,ETH,B,Open Long,4037.3,0.0369,0.017877,0.0,7.3157,093
1760965304850,ETH,B,Open Long,4037.3,0.1525,0.073882,0.0,7.3526,093
1760965304850,ETH,B,Open Long,4037.3,1.4858,0.719834,0.0,7.5051,093
1760965304931,ETH,B,Open Long,4037.3,0.667,0.323145,0.0,8.9909,093
1760965304931,ETH,B,Open Long,4037.3,0.17,0.08236,0.0,9.6579,093
1760965304931,ETH,B,Open Long,4037.3,0.253,0.122572,0.0,9.8279,093
1760965304931,ETH,B,Open Long,4037.3,0.1899,0.092001,0.0,10.0809,093
1760965304931,ETH,B,Open Long,4037.3,0.13,0.062981,0.0,10.2708,093
1760965304931,ETH,B,Open Long,4037.3,0.17,0.08236,0.0,10.4008,093
1760965305254,ETH,B,Open Long,4037.3,0.663,0.321207,0.0,10.5708,093
1760965305737,ETH,B,Open Long,4037.3,0.0535,0.025919,0.0,11.2338,093
1760965306252,ETH,B,Open Long,4037.3,1.233,0.597358,0.0,11.2873,093
1760965307060,ETH,B,Open Long,4037.3,0.9837,0.476579,0.0,12.5203,093
1760965307318,ETH,B,Open Long,4037.3,0.0525,0.025434,0.0,13.504,093
1760965308147,ETH,B,Open Long,4037.3,0.0034,0.001647,0.0,13.5565,093
1760965308701,ETH,B,Open Long,4037.3,0.0106,0.005135,0.0,13.5599,093
1760965309993,ETH,B,Open Long,4037.3,0.0105,0.005086,0.0,13.5705,093
1760965322460,ETH,B,Open Long,4037.3,0.426,0.206386,0.0,13.581,093
1760965323243,ETH,B,Open Long,4037.3,0.557,0.269853,0.0,14.007,093
1760965323471,ETH,B,Open Long,4037.3,0.0182,0.008817,0.0,14.564,093
1760965324932,ETH,B,Open Long,4037.3,0.0282,0.013662,0.0,14.5822,093
1760965326411,ETH,B,Open Long,4037.3,1.486,0.719931,0.0,14.6104,093
1760965326411,ETH,B,Open Long,4037.3,0.0232,0.011239,0.0,16.0964,093
1760965327768,ETH,B,Open Long,4037.3,0.0159,0.007703,0.0,16.1196,093
1760965328775,ETH,B,Open Long,4037.3,0.692,0.335257,0.0,16.1355,093
1760965329177,ETH,B,Open Long,4037.3,0.0077,0.00373,0.0,16.8275,093
1760965330634,ETH,B,Open Long,4037.3,0.023,0.011142,0.0,16.8352,093
1760965331701,ETH,B,Open Long,4037.3,0.2756,0.133521,0.0,16.8582,093
1760965331992,ETH,B,Open Long,4037.3,0.0305,0.014776,0.0,17.1338,093
1760965332307,ETH,B,Open Long,4037.3,1.486,0.719931,0.0,17.1643,093
1760965333472,ETH,B,Open Long,4037.3,0.0181,0.008769,0.0,18.6503,093
1760965333472,ETH,B,Open Long,4037.3,1.486,0.719931,0.0,18.6684,093
1760965334943,ETH,B,Open Long,4037.3,0.025,0.012111,0.0,20.1544,093
1760965335209,ETH,B,Open Long,4037.3,0.0352,0.017053,0.0,20.1794,093
1760965424110,ETH,B,Open Long,4037.3,0.86,0.416649,0.0,20.2146,093
1760965424928,ETH,B,Open Long,4037.3,0.14,0.067826,0.0,21.0746,093
1760965424998,ETH,B,Open Long,4037.3,0.9699,0.469893,0.0,21.2146,093
1760965424998,ETH,B,Open Long,4037.3,1.486,0.719931,0.0,22.1845,093
1760965425205,ETH,B,Open Long,4037.3,0.248,0.12015,0.0,23.6705,093
1760965425493,ETH,B,Open Long,4037.3,55.8037,27.035553,0.0,23.9185,093
1760965425951,ETH,B,Open Long,4037.3,0.247,0.119665,0.0,79.7222,093
1760965427026,ETH,B,Open Long,4037.3,1.3366,0.64755,0.0,79.9692,093
1760965427081,ETH,B,Open Long,4037.3,0.005,0.002422,0.0,81.3058,093
1760965429328,ETH,B,Open Long,4037.3,0.0198,0.009592,0.0,81.3108,093
1760965429922,ETH,B,Open Long,4037.3,1.486,0.719931,0.0,81.3306,093
1760965431114,ETH,B,Open Long,4037.3,0.0686,0.033235,0.0,82.8166,093
1760965435831,ETH,B,Open Long,4037.3,17.1182,8.293357,0.0,82.8852,093
1760965436033,ETH,B,Open Long,4037.3,0.003,0.001453,0.0,100.0034,093
1760965437531,ETH,B,Open Long,4037.3,0.0158,0.007654,0.0,100.0064,093
1760965439151,ETH,B,Open Long,4037.3,1.225,0.593483,0.0,100.0222,093
1760965441961,ETH,B,Open Long,4037.3,2.4769,1.199998,0.0,101.2472,093
1760965442035,ETH,B,Open Long,4037.3,1.486,0.719931,0.0,103.7241,093
1760965442119,ETH,B,Open Long,4037.3,0.7431,0.360014,0.0,105.2101,093
1760965442119,ETH,B,Open Long,4037.3,2.1305,1.032176,0.0,105.9532,093
1760965443103,ETH,B,Open Long,4037.3,2.477,1.200047,0.0,108.0837,093
1760965444254,ETH,B,Open Long,4037.3,2.477,1.200047,0.0,110.5607,093
1760965444750,ETH,B,Open Long,4037.3,0.0313,0.015164,0.0,113.0377,093
1760965444864,ETH,B,Open Long,4037.3,10.7761,5.220761,0.0,113.069,093
1760968328209,ETH,A,Close Long,4027.1,0.0049,0.007893,-0.04998,123.8451,094
1760968328209,ETH,A,Close Long,4027.0,24.6714,39.740691,-254.11542,123.8402,094
1760968328209,ETH,A,Close Long,4026.9,0.0038,0.00612,-0.03952,99.1688,094
1760968328209,ETH,A,Close Long,4026.9,0.0372,0.05992,-0.38688,99.165,094
1760968328209,ETH,A,Close Long,4026.8,0.9888,1.592679,-10.3824,99.1278,094
1760968328209,ETH,A,Close Long,4026.7,0.4211,0.678257,-4.46366,98.139,094
1760968328209,ETH,A,Close Long,4026.7,0.0033,0.005315,-0.03498,97.7179,094
1760968328209,ETH,A,Close Long,4026.7,55.8542,89.963242,-592.05452,97.7146,094
1760968328209,ETH,A,Close Long,4026.6,0.0038,0.00612,-0.04066,41.8604,094
1760968328209,ETH,A,Close Long,4026.5,0.0033,0.005314,-0.03564,41.8566,094
1760968328209,ETH,A,Close Long,4026.4,8.7031,14.016864,-94.86379,41.8533,094
1760968328209,ETH,A,Close Long,4026.4,5.4951,8.850188,-59.89659,33.1502,094
1760968328209,ETH,A,Close Long,4026.3,0.0038,0.006119,-0.0418,27.6551,094
1760968328209,ETH,A,Close Long,4026.2,0.3322,0.535001,-3.68742,27.6513,094
1760968328209,ETH,A,Close Long,4026.2,27.3191,43.996864,-303.24201,27.3191,094
1761039302114,ETH,B,Open Long,3868.7,0.3685,0.171073,0.0,0.0,095
1761039302981,ETH,B,Open Long,3868.7,0.0028,0.001299,0.0,0.3685,095
1761039304089,ETH,B,Open Long,3868.7,27.652,12.837275,0.0,0.3713,095
1761039304865,ETH,B,Open Long,3868.7,0.517,0.240014,0.0,28.0233,095
1761039306467,ETH,B,Open Long,3868.7,0.1475,0.068475,0.0,28.5403,095
1761039306467,ETH,B,Open Long,3868.7,0.1549,0.071911,0.0,28.6878,095
1761039306467,ETH,B,Open Long,3868.7,0.1624,0.075393,0.0,28.8427,095
1761039306467,ETH,B,Open Long,3868.7,0.1698,0.078828,0.0,29.0051,095
1761039306467,ETH,B,Open Long,3868.7,0.1773,0.08231,0.0,29.1749,095
1761039306467,ETH,B,Open Long,3868.7,0.1847,0.085745,0.0,29.3522,095
1761039306467,ETH,B,Open Long,3868.7,0.1922,0.089227,0.0,29.5369,095
1761039306467,ETH,B,Open Long,3868.7,0.1996,0.092663,0.0,29.7291,095
1761039306467,ETH,B,Open Long,3868.7,0.2071,0.096144,0.0,29.9287,095
1761039306467,ETH,B,Open Long,3868.7,0.2145,0.09958,0.0,30.1358,095
1761039306467,ETH,B,Open Long,3868.7,0.222,0.103062,0.0,30.3503,095
1761039306467,ETH,B,Open Long,3868.7,0.2294,0.106497,0.0,30.5723,095
1761039306467,ETH,B,Open Long,3868.7,0.2369,0.109979,0.0,30.8017,095
1761039306467,ETH,B,Open Long,3868.7,0.2443,0.113414,0.0,31.0386,095
1761039306467,ETH,B,Open Long,3868.7,0.2518,0.116896,0.0,31.2829,095
1761039306467,ETH,B,Open Long,3868.7,0.2592,0.120332,0.0,31.5347,095
1761039306467,ETH,B,Open Long,3868.7,0.2667,0.123813,0.0,31.7939,095
1761039306467,ETH,B,Open Long,3868.7,0.2741,0.127249,0.0,32.0606,095
1761039306467,ETH,B,Open Long,3868.7,0.2816,0.130731,0.0,32.3347,095
1761039306467,ETH,B,Open Long,3868.7,0.289,0.134166,0.0,32.6163,095
1761039306467,ETH,B,Open Long,3868.7,0.2965,0.137648,0.0,32.9053,095
1761039306467,ETH,B,Open Long,3868.7,0.3039,0.141083,0.0,33.2018,095
1761039306467,ETH,B,Open Long,3868.7,0.3114,0.144565,0.0,33.5057,095
1761039306467,ETH,B,Open Long,3868.7,0.3188,0.148,0.0,33.8171,095
1761039306467,ETH,B,Open Long,3868.7,0.3263,0.151482,0.0,34.1359,095
1761039306467,ETH,B,Open Long,3868.7,0.3337,0.154918,0.0,34.4622,095
1761039306467,ETH,B,Open Long,3868.7,0.3412,0.1584,0.0,34.7959,095
1761039306467,ETH,B,Open Long,3868.7,0.3486,0.161835,0.0,35.1371,095
1761039306467,ETH,B,Open Long,3868.7,0.3561,0.165317,0.0,35.4857,095
1761039306467,ETH,B,Open Long,3868.7,0.3635,0.168752,0.0,35.8418,095
1761039306467,ETH,B,Open Long,3868.7,0.371,0.172234,0.0,36.2053,095
1761039306467,ETH,B,Open Long,3868.7,0.3784,0.175669,0.0,36.5763,095
1761039306467,ETH,B,Open Long,3868.7,0.3859,0.179151,0.0,36.9547,095
1761039306467,ETH,B,Open Long,3868.7,0.3933,0.182587,0.0,37.3406,095
1761039306467,ETH,B,Open Long,3868.7,0.4008,0.186068,0.0,37.7339,095
1761039306467,ETH,B,Open Long,3868.7,0.4082,0.189504,0.0,38.1347,095
1761039306467,ETH,B,Open Long,3868.7,0.4157,0.192986,0.0,38.5429,095
1761039306467,ETH,B,Open Long,3868.7,0.4231,0.196421,0.0,38.9586,095
1761039306467,ETH,B,Open Long,3868.7,0.4306,0.199903,0.0,39.3817,095
1761039306467,ETH,B,Open Long,3868.7,0.438,0.203338,0.0,39.8123,095
1761039310172,ETH,B,Open Long,3868.7,0.3799,0.176366,0.0,40.2503,095
1761039316036,ETH,B,Open Long,3868.7,0.0065,0.003017,0.0,40.6302,095
1761039321600,ETH,B,Open Long,3868.7,0.517,0.240014,0.0,40.6367,095
1761039322777,ETH,B,Open Long,3868.7,0.4,0.185697,0.0,41.1537,095
1761039322777,ETH,B,Open Long,3868.7,0.1042,0.048374,0.0,41.5537,095
1761039323060,ETH,B,Open Long,3868.7,0.0031,0.001439,0.0,41.6579,095
1761039324183,ETH,B,Open Long,3868.7,0.0161,0.007474,0.0,41.661,095
1761039328024,ETH,B,Open Long,3868.7,0.0081,0.00376,0.0,41.6771,095
1761039331438,ETH,B,Open Long,3868.7,0.0065,0.003017,0.0,41.6852,095
1761039332025,ETH,B,Open Long,3868.7,0.2599,0.120657,0.0,41.6917,095
1761039334066,ETH,B,Open Long,3868.7,22.6695,10.524179,0.0,41.9516,095
1761044253887,ETH,B,Open Long,3885.0,8.0375,3.747082,0.0,64.6211,096
1761044258390,ETH,B,Open Long,3885.0,43.4759,20.268464,0.0,72.6586,096
1761044258593,ETH,B,Open Long,3885.0,12.8366,5.984422,0.0,116.1345,096
1761055570368,ETH,A,Close Long,3879.0,54.7216,25.47181,118.745872,128.9711,097
1761055570368,ETH,A,Close Long,3879.0,53.7918,25.039007,116.728206,74.2495,097
1761055570689,ETH,A,Close Long,3879.0,20.4576,9.522603,44.392992,20.4577,097
1761058667282,ETH,B,Open Long,4012.6,2.5,4.0126,0.0,0.0001,098
1761058667282,ETH,B,Open Long,4012.6,4.7582,7.637101,0.0,2.5001,098
1761058667282,ETH,B,Open Long,4012.6,3.3,5.296632,0.0,7.2583,098
1761058667282,ETH,B,Open Long,4012.6,1.5,2.40756,0.0,10.5583,098
1761058667282,ETH,B,Open Long,4012.6,1.25,2.0063,0.0,12.0583,098
1761058667282,ETH,B,Open Long,4012.6,1.25,2.0063,0.0,13.3083,098
1761058667282,ETH,B,Open Long,4012.6,4.2135,6.762836,0.0,14.5583,098
1761058667282,ETH,B,Open Long,4012.6,1.5,2.40756,0.0,18.7718,098
1761058667282,ETH,B,Open Long,4012.6,1.5,2.40756,0.0,20.2718,098
1761058667282,ETH,B,Open Long,4012.6,4.7582,7.637101,0.0,21.7718,098
1761058667282,ETH,B,Open Long,4012.6,1.5,2.40756,0.0,26.53,098
1761058667282,ETH,B,Open Long,4012.6,6.2303,9.99988,0.0,28.03,098
1761058667282,ETH,B,Open Long,4012.6,4.7582,7.637101,0.0,34.2603,098
1761058667282,ETH,B,Open Long,4012.6,4.2135,6.762836,0.0,39.0185,098
1761058667282,ETH,B,Open Long,4012.6,6.2303,9.99988,0.0,43.232,098
1761058667282,ETH,B,Open Long,4012.6,6.3902,10.256526,0.0,49.4623,098
1761058667282,ETH,B,Open Long,4012.6,6.2303,9.99988,0.0,55.8525,098
1761058667282,ETH,B,Open Long,4012.6,5.4934,8.817126,0.0,62.0828,098
1761058667282,ETH,B,Open Long,4012.6,3.3,5.296632,0.0,67.5762,098
1761058667282,ETH,B,Open Long,4012.6,1.25,2.0063,0.0,70.8762,098
1761058667282,ETH,B,Open Long,4012.6,1.98,3.177979,0.0,72.1262,098
1761058667282,ETH,B,Open Long,4012.6,1.25,2.0063,0.0,74.1062,098
1761058667282,ETH,B,Open Long,4012.6,1.98,3.177979,0.0,75.3562,098
1761058667282,ETH,B,Open Long,4012.6,3.3,5.296632,0.0,77.3362,098
1761058667282,ETH,B,Open Long,4012.6,4.2135,6.762836,0.0,80.6362,098
1761058667282,ETH,B,Open Long,4012.6,3.3,5.296632,0.0,84.8497,098
1761058667282,ETH,B,Open Long,4012.6,2.5,4.0126,0.0,88.1497,098
1761058667282,ETH,B,Open Long,4012.6,2.5,4.0126,0.0,90.6497,098
1761058667282,ETH,B,Open Long,4012.6,1.98,3.177979,0.0,93.1497,098
1761058667282,ETH,B,Open Long,4012.7,2.5,4.0127,0.0,95.1297,098
1761058667282,ETH,B,Open Long,4012.7,2.5,4.0127,0.0,97.6297,098
1761058667282,ETH,B,Open Long,4012.7,2.5,4.0127,0.0,100.1297,098
1761058667282,ETH,B,Open Long,4012.7,3.3,5.296764,0.0,102.6297,098
1761058667282,ETH,B,Open Long,4012.7,1.25,2.00635,0.0,105.9297,098
1761058667282,ETH,B,Open Long,4012.7,1.25,2.00635,0.0,107.1797,098
1761058667282,ETH,B,Open Long,4012.7,4.2134,6.762844,0.0,108.4297,098
1761058667282,ETH,B,Open Long,4012.7,1.5,2.40762,0.0,112.6431,098
1761058667282,ETH,B,Open Long,4012.7,1.5,2.40762,0.0,114.1431,098
1761058667282,ETH,B,Open Long,4012.7,4.7582,7.637291,0.0,115.6431,098
1761058667282,ETH,B,Open Long,4012.7,1.5,2.40762,0.0,120.4013,098
1761058667282,ETH,B,Open Long,4012.7,2.7746,4.453454,0.0,121.9013,098
1761081126158,ETH,A,Close Long,3961.7,7.1779,11.374674,-365.498668,124.6759,099
1761081126158,ETH,A,Close Long,3961.7,4.5434,7.199835,-231.349928,117.498,099
1761081126158,ETH,A,Close Long,3961.7,7.3365,11.626004,-373.57458,112.9546,099
1761081126158,ETH,A,Close Long,3961.7,7.3331,11.620616,-373.401452,105.6181,099
1761081126158,ETH,A,Close Long,3961.7,4.5434,7.199835,-231.349928,98.285,099
1761081126158,ETH,A,Close Long,3961.7,9.0859,14.398244,-462.654028,93.7416,099
1761081126158,ETH,A,Close Long,3961.7,12.6163,19.992798,-642.421996,84.6557,099
1761081126158,ETH,A,Close Long,3961.7,12.4574,19.740992,-634.330808,72.0394,099
1761081126158,ETH,A,Close Long,3961.6,0.0038,0.006021,-0.193876,59.582,099
1761081126158,ETH,A,Close Long,3961.6,1.2881,2.041174,-65.718862,59.5782,099
1761081126158,ETH,A,Close Long,3961.6,0.9805,1.553739,-50.02511,58.2901,099
1761081126158,ETH,A,Close Long,3961.6,12.6256,20.00703,-644.158112,57.3096,099
1761081126158,ETH,A,Close Long,3961.6,3.7863,5.999922,-193.177026,44.684,099
1761081126158,ETH,A,Close Long,3961.5,2.8071,4.44813,-143.498952,40.8977,099
1761081126158,ETH,A,Close Long,3961.5,3.7864,5.999929,-193.560768,38.0906,099
1761081126158,ETH,A,Close Long,3961.5,2.6713,4.232941,-136.556856,34.3042,099
1761081126158,ETH,A,Close Long,3961.4,3.7865,5.999936,-193.94453,31.6329,099
1761081126158,ETH,A,Close Long,3961.3,0.0038,0.006021,-0.195016,27.8464,099
1761081126158,ETH,A,Close Long,3961.3,12.6221,19.999969,-647.766172,27.8426,099
1761081126158,ETH,A,Close Long,3961.3,15.2205,24.117186,-781.11606,15.2205,099
1761095345924,ETH,A,Open Short,3856.0,0.1778,0.082271,0.0,0.0,100
1761095345924,ETH,A,Open Short,3856.0,0.221,0.102261,0.0,-0.1778,100
1761095345924,ETH,A,Open Short,3856.0,0.234,0.108276,0.0,-0.3988,100
1761095345924,ETH,A,Open Short,3856.0,0.211,0.097633,0.0,-0.6328,100
1761095345924,ETH,A,Open Short,3856.0,0.199,0.092081,0.0,-0.8438,100
1761095345924,ETH,A,Open Short,3856.0,0.189,0.087454,0.0,-1.0428,100
1761095345924,ETH,A,Open Short,3856.0,24.0519,11.129295,0.0,-1.2318,100
1761095345924,ETH,A,Open Short,3856.0,0.234,0.108276,0.0,-25.2837,100
1761095345924,ETH,A,Open Short,3856.0,0.189,0.087454,0.0,-25.5177,100
1761095345924,ETH,A,Open Short,3856.0,6.2188,2.877563,0.0,-25.7067,100
1761095345924,ETH,A,Open Short,3856.0,14.8452,6.86917,0.0,-31.9255,100
1761095345924,ETH,A,Open Short,3856.0,36.0525,16.682212,0.0,-46.7707,100
1761095345924,ETH,A,Open Short,3856.0,46.8448,21.676025,0.0,-82.8232,100
1761102709875,ETH,B,Close Short,3849.0,51.1242,23.613245,357.8694,-129.668,101
1761102709946,ETH,B,Close Short,3849.0,51.8315,23.939933,362.8205,-78.5438,101
1761102711468,ETH,B,Close Short,3849.0,0.0029,0.001339,0.0203,-26.7123,101
1761102712467,ETH,B,Close Short,3849.0,0.0649,0.029976,0.4543,-26.7094,101
1761102713468,ETH,B,Close Short,3849.0,0.0029,0.001339,0.0203,-26.6445,101
1761102713670,ETH,B,Close Short,3849.0,0.012,0.005542,0.084,-26.6416,101
1761102720185,ETH,B,Close Short,3849.0,26.6295,12.299633,186.4065,-26.6296,101
1761103773690,ETH,B,Close Short,3861.0,0.0001,0.000154,-0.0005,-0.0001,102
1761116587997,ETH,B,Open Long,3849.0,0.3265,0.150803,0.0,0.0,103
1761116588833,ETH,B,Open Long,3849.0,20.7709,9.593663,0.0,0.3265,103
1761116588939,ETH,B,Open Long,3849.0,47.7049,22.033939,0.0,21.0974,103
1761116589025,ETH,B,Open Long,3849.0,20.7709,9.593663,0.0,68.8023,103
1761116589232,ETH,B,Open Long,3849.0,40.3306,18.627897,0.0,89.5732,103
1761130833149,ETH,A,Close Long,3824.4,0.9853,1.507272,-24.23838,129.9038,104
1761130833149,ETH,A,Close Long,3824.2,0.0078,0.011931,-0.19344,128.9185,104
1761130833149,ETH,A,Close Long,3824.2,58.806,89.954362,-1458.3888,128.9107,104
1761130833149,ETH,A,Close Long,3824.0,0.884,1.352166,-22.1,70.1047,104
1761130833149,ETH,A,Close Long,3824.0,0.9805,1.499772,-24.5125,69.2207,104
1761130833149,ETH,A,Close Long,3823.9,1.3349,2.041809,-33.50599,68.2402,104
1761130833149,ETH,A,Close Long,3823.8,58.8102,89.951377,-1482.01704,66.9053,104
1761130833149,ETH,A,Close Long,3823.7,1.7222,2.63407,-43.57166,8.0951,104
1761130833149,ETH,A,Close Long,3823.7,0.0144,0.022024,-0.36432,6.3729,104
1761130833149,ETH,A,Close Long,3823.6,6.3585,9.724944,-161.5059,6.3585,104
1761131050865,ETH,A,Open Short,3787.5,132.4082,200.598423,0.0,0.0,105
1761131495303,ETH,B,Close Short,3805.5,0.004,0.006088,-0.072,-132.4082,106
1761131495303,ETH,B,Close Short,3805.5,0.06,0.091332,-1.08,-132.4042,106
1761131495303,ETH,B,Close Short,3805.7,0.24,0.365347,-4.368,-132.3442,106
1761131495303,ETH,B,Close Short,3805.7,0.0256,0.03897,-0.46592,-132.1042,106
1761131495303,ETH,B,Close Short,3805.7,86.6698,131.935703,-1577.39036,-132.0786,106
1761131495303,ETH,B,Close Short,3805.8,0.004,0.006089,-0.0732,-45.4088,106
1761131495303,ETH,B,Close Short,3805.8,0.2363,0.359724,-4.32429,-45.4048,106
1761131495303,ETH,B,Close Short,3805.8,0.7325,1.115099,-13.40475,-45.1685,106
1761131495303,ETH,B,Close Short,3806.0,0.0446,0.067899,-0.8251,-44.436,106
1761131495303,ETH,B,Close Short,3806.1,0.004,0.006089,-0.0744,-44.3914,106
1761131495303,ETH,B,Close Short,3806.1,0.6893,1.049417,-12.82098,-44.3874,106
1761131495303,ETH,B,Close Short,3806.1,4.8545,7.390684,-90.2937,-43.6981,106
1761131495303,ETH,B,Close Short,3806.2,0.004,0.006089,-0.0748,-38.8436,106
1761131495303,ETH,B,Close Short,3806.2,38.8396,59.132514,-726.30052,-38.8396,106
1761143022067,ETH,B,Open Long,3801.0,5.0351,2.296609,0.0,0.0,107
1761143025048,ETH,B,Open Long,3801.0,0.0675,0.030788,0.0,5.0351,107
1761143025468,ETH,B,Open Long,3801.0,0.0065,0.002964,0.0,5.1026,107
1761143027014,ETH,B,Open Long,3801.0,0.0675,0.030788,0.0,5.1091,107
1761143034763,ETH,B,Open Long,3801.0,0.1348,0.061484,0.0,5.1766,107
1761143034853,ETH,B,Open Long,3801.0,0.04,0.018244,0.0,5.3114,107
1761143035236,ETH,B,Open Long,3801.0,0.1006,0.045885,0.0,5.3514,107
1761143040504,ETH,B,Open Long,3801.0,0.14,0.063856,0.0,5.452,107
1761143040504,ETH,B,Open Long,3801.0,0.14,0.063856,0.0,5.592,107
1761143040504,ETH,B,Open Long,3801.0,0.14,0.063856,0.0,5.732,107
1761143040623,ETH,B,Open Long,3801.0,0.14,0.063856,0.0,5.872,107
1761143040623,ETH,B,Open Long,3801.0,3.4258,1.562575,0.0,6.012,107
1761143040948,ETH,B,Open Long,3801.0,0.0128,0.005838,0.0,9.4378,107
1761143040948,ETH,B,Open Long,3801.0,0.0128,0.005838,0.0,9.4506,107
1761143040948,ETH,B,Open Long,3801.0,0.0128,0.005838,0.0,9.4634,107
1761143040948,ETH,B,Open Long,3801.0,0.0128,0.005838,0.0,9.4762,107
1761143040948,ETH,B,Open Long,3801.0,0.0128,0.005838,0.0,9.489,107
1761143040948,ETH,B,Open Long,3801.0,0.0128,0.005838,0.0,9.5018,107
1761143040948,ETH,B,Open Long,3801.0,0.0128,0.005838,0.0,9.5146,107
1761143040948,ETH,B,Open Long,3801.0,23.8161,10.862999,0.0,9.5274,107
1761143040948,ETH,B,Open Long,3801.0,46.0953,21.024988,0.0,33.3435,107
1761143040948,ETH,B,Open Long,3801.0,27.9447,12.746136,0.0,79.4388,107
1761143040948,ETH,B,Open Long,3801.0,24.1608,11.020224,0.0,107.3835,107
1761143384034,ETH,A,Close Long,3808.6,0.1654,0.251976,1.25704,131.5443,108
1761143384034,ETH,A,Close Long,3808.6,4.261,6.491377,32.3836,131.3789,108
1761143384034,ETH,A,Close Long,3808.6,0.838,1.276642,6.3688,127.1179,108
1761143384034,ETH,A,Close Long,3808.6,5.7818,8.808225,43.94168,126.2799,108
1761143384034,ETH,A,Close Long,3808.6,6.4944,9.893828,49.35744,120.4981,108
1761143384034,ETH,A,Close Long,3808.5,5.782,8.808298,43.365,114.0037,108
1761143384034,ETH,A,Close Long,3808.4,0.3064,0.466757,2.26736,108.2217,108
1761143384034,ETH,A,Close Long,3808.3,1.582,2.409892,11.5486,107.9153,108
1761143384034,ETH,A,Close Long,3808.3,1.0547,1.606645,7.69931,106.3333,108
1761143384034,ETH,A,Close Long,3808.2,48.2833,73.548985,347.63976,105.2786,108
1761143384034,ETH,A,Close Long,3808.1,0.7633,1.162689,5.427063,56.9953,108
1761143384034,ETH,A,Close Long,3808.0,0.3985,0.606995,2.793485,56.232,108
1761143384034,ETH,A,Close Long,3808.0,3.939,5.999884,27.61239,55.8335,108
1761143384034,ETH,A,Close Long,3808.0,0.4915,0.748652,3.445415,51.8945,108
1761143384034,ETH,A,Close Long,3807.9,3.9391,5.999879,27.219181,51.403,108
1761143384034,ETH,A,Close Long,3807.8,47.4639,72.293215,323.229159,47.4639,108
1761183924555,ETH,B,Open Long,3821.7,0.6205,0.948545,0.0,0.0,109
1761183924555,ETH,B,Open Long,3821.7,1.8,2.751624,0.0,0.6205,109
1761183924555,ETH,B,Open Long,3821.7,1.7,2.598756,0.0,2.4205,109
1761183924555,ETH,B,Open Long,3821.7,1.7,2.598756,0.0,4.1205,109
1761183924555,ETH,B,Open Long,3821.7,5.1404,7.858026,0.0,5.8205,109
1761183924555,ETH,B,Open Long,3821.7,1.9811,3.028467,0.0,10.9609,109
1761183924555,ETH,B,Open Long,3821.7,0.5414,0.827627,0.0,12.942,109
1761183924555,ETH,B,Open Long,3821.7,0.5895,0.901156,0.0,13.4834,109
1761183924555,ETH,B,Open Long,3821.7,0.3894,0.595267,0.0,14.0729,109
1761183924555,ETH,B,Open Long,3821.7,1.1555,1.766389,0.0,14.4623,109
1761183924555,ETH,B,Open Long,3821.7,0.716,1.094534,0.0,15.6178,109
1761183924555,ETH,B,Open Long,3821.7,6.2814,9.60225,0.0,16.3338,109
1761183924555,ETH,B,Open Long,3821.7,1.3964,2.134648,0.0,22.6152,109
1761183924555,ETH,B,Open Long,3821.7,1.5578,2.381377,0.0,24.0116,109
1761183924555,ETH,B,Open Long,3821.7,4.2832,6.547642,0.0,25.5694,109
1761183924555,ETH,B,Open Long,3821.7,4.6145,7.054093,0.0,29.8526,109
1761183924555,ETH,B,Open Long,3821.7,2.8918,4.420636,0.0,34.4671,109
1761183924555,ETH,B,Open Long,3821.7,1.6161,2.470499,0.0,37.3589,109
1761183924555,ETH,B,Open Long,3821.7,3.3042,5.051064,0.0,38.975,109
1761183924555,ETH,B,Open Long,3821.7,2.7173,4.153882,0.0,42.2792,109
1761183924555,ETH,B,Open Long,3821.7,3.534,5.402355,0.0,44.9965,109
1761183924555,ETH,B,Open Long,3821.7,3.783,5.782996,0.0,48.5305,109
1761196820400,ETH,B,Open Long,3841.5,0.0196,0.009035,0.0,52.3135,110
1761196824864,ETH,B,Open Long,3841.5,3.1254,1.440746,0.0,52.3331,110
1761196824864,ETH,B,Open Long,3841.5,3.1254,1.440746,0.0,55.4585,110
1761196824963,ETH,B,Open Long,3841.5,3.1254,1.440746,0.0,58.5839,110
1761196825057,ETH,B,Open Long,3841.5,3.1254,1.440746,0.0,61.7093,110
1761196825258,ETH,B,Open Long,3841.5,3.1254,1.440746,0.0,64.8347,110
1761196825572,ETH,B,Open Long,3841.5,3.1254,1.440746,0.0,67.9601,110
1761196827551,ETH,B,Open Long,3841.5,3.1254,1.440746,0.0,71.0855,110
1761196827695,ETH,B,Open Long,3841.5,3.1254,1.440746,0.0,74.2109,110
1761196830345,ETH,B,Open Long,3841.5,3.1254,1.440746,0.0,77.3363,110
1761196830543,ETH,B,Open Long,3841.5,3.1254,1.440746,0.0,80.4617,110
1761196835833,ETH,B,Open Long,3841.5,3.1254,1.440746,0.0,83.5871,110
1761196836664,ETH,B,Open Long,3841.5,3.1254,1.440746,0.0,86.7125,110
1761196836664,ETH,B,Open Long,3841.5,3.1254,1.440746,0.0,89.8379,110
1761196836863,ETH,B,Open Long,3841.5,3.1254,1.440746,0.0,92.9633,110
1761196848176,ETH,B,Open Long,3841.5,0.7809,0.359979,0.0,96.0887,110
1761196849733,ETH,B,Open Long,3841.5,7.5068,3.460484,0.0,96.8696,110
1761220847412,ETH,A,Close Long,3862.6,0.0052,0.00241,0.161356,104.3764,111
1761220847483,ETH,A,Close Long,3862.6,0.5817,0.269624,18.050151,104.3712,111
1761220847681,ETH,A,Close Long,3862.6,0.5812,0.269393,18.034636,103.7895,111
1761220847836,ETH,A,Close Long,3862.6,0.5,0.231756,15.515,103.2083,111
1761220848029,ETH,A,Close Long,3862.6,0.3208,0.148694,9.954424,102.7083,111
1761220923710,ETH,A,Close Long,3857.9,1.3229,2.041446,34.831957,102.3875,112
1761220923710,ETH,A,Close Long,3857.9,0.1296,0.199993,3.412368,101.0646,112
1761220923710,ETH,A,Close Long,3857.7,0.6396,0.986953,16.712748,100.935,112
1761220923710,ETH,A,Close Long,3857.6,0.5157,0.795745,13.423671,100.2954,112
1761220923710,ETH,A,Close Long,3857.6,0.5148,0.794356,13.400244,99.7797,112
1761220923710,ETH,A,Close Long,3857.6,48.0764,74.183808,1251.428692,99.2649,112
1761221025576,ETH,A,Close Long,3845.0,1.68,2.58384,22.5624,51.1885,113
1761221025576,ETH,A,Close Long,3845.0,1.1347,1.745168,15.239021,49.5085,113
1761221025576,ETH,A,Close Long,3845.0,7.5785,11.655733,101.779255,48.3738,113
1761221025576,ETH,A,Close Long,3845.0,4.4629,6.86394,59.936747,40.7953,113
1761221025576,ETH,A,Close Long,3845.0,7.0186,10.794606,94.259798,36.3324,113
1761221025576,ETH,A,Close Long,3845.0,1.313,2.019394,17.63359,29.3138,113
1761221025576,ETH,A,Close Long,3845.0,4.1712,6.415305,56.019216,28.0008,113
1761221025576,ETH,A,Close Long,3845.0,1.68,2.58384,22.5624,23.8296,113
1761221025576,ETH,A,Close Long,3845.0,4.1712,6.415305,56.019216,22.1496,113
1761221025576,ETH,A,Close Long,3845.0,0.7458,1.14704,10.016094,17.9784,113
1761221025576,ETH,A,Close Long,3845.0,4.9957,7.683386,67.092251,17.2326,113
1761221025576,ETH,A,Close Long,3845.0,4.1712,6.415305,56.019216,12.2369,113
1761221025576,ETH,A,Close Long,3845.0,1.313,2.019394,17.63359,8.0657,113
1761221025576,ETH,A,Close Long,3845.0,2.8,4.3064,37.604,6.7527,113
1761221025576,ETH,A,Close Long,3845.0,1.1347,1.745168,15.239021,3.9527,113
1761221025576,ETH,A,Close Long,3845.0,2.2807,3.507716,30.629801,2.818,113
1761221025576,ETH,A,Close Long,3845.0,0.5373,0.826367,7.215939,0.5373,113
1761297002918,ETH,B,Open Long,3959.7,2.4055,3.810023,0.0,0.0,114
1761297002918,ETH,B,Open Long,3959.7,0.1263,0.200044,0.0,2.4055,114
1761297002918,ETH,B,Open Long,3959.8,2.5258,4.000665,0.0,2.5318,114
1761297002918,ETH,B,Open Long,3959.8,0.0144,0.022808,0.0,5.0576,114
1761297002918,ETH,B,Open Long,3959.9,2.25,3.56391,0.0,5.072,114
1761297002918,ETH,B,Open Long,3959.9,43.1868,68.406163,0.0,7.322,114
1761305489650,ETH,A,Close Long,3947.2,0.5177,0.817386,-6.564436,50.5088,115
1761305489650,ETH,A,Close Long,3947.2,0.239,0.377352,-3.03052,49.9911,115
1761305489650,ETH,A,Close Long,3947.2,0.5568,0.87912,-7.060224,49.7521,115
1761305489650,ETH,A,Close Long,3947.2,0.4445,0.701812,-5.63626,49.1953,115
1761305489650,ETH,A,Close Long,3947.2,12.6672,19.999988,-160.620096,48.7508,115
1761305489650,ETH,A,Close Long,3947.2,4.5604,7.200324,-57.825872,36.0836,115
1761305489650,ETH,A,Close Long,3947.2,0.0243,0.038366,-0.308124,31.5232,115
1761305489650,ETH,A,Close Long,3947.2,2.0,3.15776,-25.36,31.4989,115
1761305489650,ETH,A,Close Long,3947.2,2.8424,4.487808,-36.041632,29.4989,115
1761305489650,ETH,A,Close Long,3947.2,0.6618,1.044902,-8.391624,26.6565,115
1761305489650,ETH,A,Close Long,3947.2,13.1082,20.696274,-166.211976,25.9947,115
1761305489650,ETH,A,Close Long,3947.2,2.0757,3.277281,-26.319876,12.8865,115
1761305489650,ETH,A,Close Long,3947.2,10.8108,17.068955,-137.080944,10.8108,115
1761367298529,ETH,B,Open Long,3927.0,1.6197,0.763267,0.0,0.0,116
1761367298879,ETH,B,Open Long,3927.0,0.0802,0.037793,0.0,1.6197,116
1761367299141,ETH,B,Open Long,3927.0,0.0787,0.037086,0.0,1.6999,116
1761367302783,ETH,B,Open Long,3927.0,0.0782,0.03685,0.0,1.7786,116
1761367303109,ETH,B,Open Long,3927.0,0.1413,0.066586,0.0,1.8568,116
1761367307698,ETH,B,Open Long,3927.0,0.0806,0.037981,0.0,1.9981,116
1761367308411,ETH,B,Open Long,3927.0,3.0566,1.440392,0.0,2.0787,116
1761367308649,ETH,B,Open Long,3927.0,3.0566,1.440392,0.0,5.1353,116
1761367308649,ETH,B,Open Long,3927.0,3.0566,1.440392,0.0,8.1919,116
1761367308738,ETH,B,Open Long,3927.0,3.0566,1.440392,0.0,11.2485,116
1761367308738,ETH,B,Open Long,3927.0,3.0566,1.440392,0.0,14.3051,116
1761367308738,ETH,B,Open Long,3927.0,33.5677,15.818442,0.0,17.3617,116
1761371682570,BTC,B,Open Long,111374.0,0.89787,11.999924,0.0,0.0,117
1761377296514,BTC,B,Open Long,111722.0,0.21523,9.61837,0.0,0.89787,118
1761377296514,BTC,B,Open Long,111722.0,0.28729,12.838645,0.0,1.1131,118
1761377296514,BTC,B,Open Long,111722.0,0.03806,1.700855,0.0,1.40039,118
1761377296514,BTC,B,Open Long,111723.0,0.00089,0.039773,0.0,1.43845,118
1761377296514,BTC,B,Open Long,111724.0,0.00179,0.079994,0.0,1.43934,118
1761377296514,BTC,B,Open Long,111725.0,0.00268,0.119769,0.0,1.44113,118
1761377296514,BTC,B,Open Long,111726.0,0.03607,1.611982,0.0,1.44381,118
1761377296514,BTC,B,Open Long,111726.0,0.00358,0.159991,0.0,1.47988,118
1761377296514,BTC,B,Open Long,111726.0,0.30939,13.826762,0.0,1.48346,118
1761386777990,ETH,B,Open Long,3941.0,0.7099,0.335725,0.0,50.9294,119
1761386779080,ETH,B,Open Long,3941.0,0.1342,0.063465,0.0,51.6393,119
1761386780554,ETH,B,Open Long,3941.0,0.5,0.23646,0.0,51.7735,119
1761386781412,ETH,B,Open Long,3941.0,1.523,0.720257,0.0,52.2735,119
1761386785955,ETH,B,Open Long,3941.0,0.005,0.002364,0.0,53.7965,119
1761386786074,ETH,B,Open Long,3941.0,0.0118,0.00558,0.0,53.8015,119
1761386787000,ETH,B,Open Long,3941.0,0.005,0.002364,0.0,53.8133,119
1761386787780,ETH,B,Open Long,3941.0,0.04,0.018916,0.0,53.8183,119
1761386788178,ETH,B,Open Long,3941.0,0.005,0.002364,0.0,53.8583,119
1761386788654,ETH,B,Open Long,3941.0,0.0059,0.00279,0.0,53.8633,119
1761386788897,ETH,B,Open Long,3941.0,0.6106,0.288764,0.0,53.8692,119
1761386789903,ETH,B,Open Long,3941.0,3.043,1.439095,0.0,54.4798,119
1761386790316,ETH,B,Open Long,3941.0,0.04,0.018916,0.0,57.5228,119
1761386791598,ETH,B,Open Long,3941.0,0.3329,0.157435,0.0,57.5628,119
1761386793021,ETH,B,Open Long,3941.0,0.2261,0.106927,0.0,57.8957,119
1761386795387,ETH,B,Open Long,3941.0,6.095,2.882447,0.0,58.1218,119
1761386796794,ETH,B,Open Long,3941.0,0.0353,0.016694,0.0,64.2168,119
1761386797339,ETH,B,Open Long,3941.0,37.4258,17.699409,0.0,64.2521,119
1761399586310,ETH,A,Close Long,3945.0,0.0126,0.005964,0.138852,101.6779,120
1761399586310,ETH,A,Close Long,3945.0,0.0126,0.005964,0.138852,101.6653,120
1761399586310,ETH,A,Close Long,3945.0,0.0126,0.005964,0.138852,101.6527,120
1761399586310,ETH,A,Close Long,3945.0,0.0126,0.005964,0.138852,101.6401,120
1761399586310,ETH,A,Close Long,3945.0,0.254,0.120243,2.79908,101.6275,120
1761399586310,ETH,A,Close Long,3945.0,0.0126,0.005964,0.138852,101.3735,120
1761399586310,ETH,A,Close Long,3945.0,0.0126,0.005964,0.138852,101.3609,120
1761399593007,ETH,A,Close Long,3945.0,0.1483,0.070205,1.634266,101.3483,120
1761399593087,ETH,A,Close Long,3945.0,0.0126,0.005964,0.138852,101.2,120
1761399593087,ETH,A,Close Long,3945.0,0.0126,0.005964,0.138852,101.1874,120
1761399593087,ETH,A,Close Long,3945.0,0.0126,0.005964,0.138852,101.1748,120
1761399593087,ETH,A,Close Long,3945.0,0.0126,0.005964,0.138852,101.1622,120
1761399593151,ETH,A,Close Long,3945.0,0.0126,0.005964,0.138852,101.1496,120
1761399593151,ETH,A,Close Long,3945.0,0.0126,0.005964,0.138852,101.137,120
1761399593352,ETH,A,Close Long,3945.0,0.0223,0.010556,0.245746,101.1244,120
1761399594029,ETH,A,Close Long,3945.0,0.0045,0.00213,0.04959,101.1021,120
1761399594647,ETH,A,Close Long,3945.0,1.5282,0.723449,16.840764,101.0976,120
1761399595979,ETH,A,Close Long,3945.0,9.7593,4.620052,107.547486,99.5694,120
1761399595979,ETH,A,Close Long,3945.0,0.0239,0.011314,0.263378,89.8101,120
1761399596168,ETH,A,Close Long,3945.0,0.1471,0.069637,1.621042,89.7862,120
1761399596168,ETH,A,Close Long,3945.0,0.0126,0.005964,0.138852,89.6391,120
1761399596168,ETH,A,Close Long,3945.0,0.0126,0.005964,0.138852,89.6265,120
1761399596168,ETH,A,Close Long,3945.0,0.0126,0.005964,0.138852,89.6139,120
1761399596168,ETH,A,Close Long,3945.0,0.0126,0.005964,0.138852,89.6013,120
1761399596168,ETH,A,Close Long,3945.0,0.0126,0.005964,0.138852,89.5887,120
1761399596168,ETH,A,Close Long,3945.0,0.0126,0.005964,0.138852,89.5761,120
1761399596168,ETH,A,Close Long,3945.0,0.0126,0.005964,0.138852,89.5635,120
1761399596263,ETH,A,Close Long,3945.0,0.0126,0.005964,0.138852,89.5509,120
1761399596263,ETH,A,Close Long,3945.0,0.0126,0.005964,0.138852,89.5383,120
1761399596263,ETH,A,Close Long,3945.0,0.0126,0.005964,0.138852,89.5257,120
1761399596263,ETH,A,Close Long,3945.0,0.0056,0.002651,0.061712,89.5131,120
1761399596401,ETH,A,Close Long,3945.0,0.0151,0.007148,0.166402,89.5075,120
1761399597002,ETH,A,Close Long,3945.0,0.0029,0.001372,0.031958,89.4924,120
1761399597918,ETH,A,Close Long,3945.0,0.485,0.229599,5.3447,89.4895,120
1761401276977,ETH,A,Close Long,3944.9,0.6562,1.035457,7.165704,89.0045,121
1761401276977,ETH,A,Close Long,3944.9,1.2,1.893552,13.104,88.3483,121
1761401276977,ETH,A,Close Long,3944.9,1.25,1.97245,13.65,87.1483,121
1761401276977,ETH,A,Close Long,3944.9,2.2288,3.516957,24.338496,85.8983,121
1761401276977,ETH,A,Close Long,3944.9,1.1,1.735756,12.012,83.6695,121
1761401276977,ETH,A,Close Long,3944.9,2.0,3.15592,21.84,82.5695,121
1761401276977,ETH,A,Close Long,3944.9,1.2,1.893552,13.104,80.5695,121
1761401276977,ETH,A,Close Long,3944.9,1.1,1.735756,12.012,79.3695,121
1761401276977,ETH,A,Close Long,3944.9,1.1,1.735756,12.012,78.2695,121
1761401277035,ETH,A,Close Long,3944.9,0.0029,0.001372,0.031668,77.1695,121
1761401277520,ETH,A,Close Long,3944.9,0.1014,0.048001,1.107288,77.1666,121
1761401278981,ETH,A,Close Long,3944.9,0.1014,0.048001,1.107288,77.0652,121
1761401310593,ETH,A,Close Long,3944.9,0.1014,0.048001,1.107288,76.9638,121
1761401311925,ETH,A,Close Long,3944.9,0.1014,0.048001,1.107288,76.8624,121
1761401312106,ETH,A,Close Long,3944.9,0.0409,0.019361,0.446628,76.761,121
1761401313303,ETH,A,Close Long,3944.9,0.1014,0.048001,1.107288,76.7201,121
1761401314816,ETH,A,Close Long,3944.9,0.1014,0.048001,1.107288,76.6187,121
1761401316031,ETH,A,Close Long,3944.9,0.4671,0.221119,5.100732,76.5173,121
1761401316159,ETH,A,Close Long,3944.9,0.1014,0.048001,1.107288,76.0502,121
1761401317692,ETH,A,Close Long,3944.9,1.4847,0.702839,16.212924,75.9488,121
1761401320399,ETH,A,Close Long,3944.9,0.1014,0.048001,1.107288,74.4641,121
1761401321849,ETH,A,Close Long,3944.9,0.1014,0.048001,1.107288,74.3627,121
1761401530527,ETH,A,Close Long,3944.9,0.0976,0.046202,1.065792,74.2613,121
1761401531992,ETH,A,Close Long,3944.9,0.1014,0.048001,1.107288,74.1637,121
1761401533059,ETH,A,Close Long,3944.9,0.0067,0.003171,0.073164,74.0623,121
1761401533345,ETH,A,Close Long,3944.9,0.1014,0.048001,1.107288,74.0556,121
1761401534754,ETH,A,Close Long,3944.9,0.1014,0.048001,1.107288,73.9542,121
1761401536363,ETH,A,Close Long,3944.9,0.5533,0.261925,6.042036,73.8528,121
1761401536482,ETH,A,Close Long,3944.9,0.1014,0.048001,1.107288,73.2995,121
1761401537974,ETH,A,Close Long,3944.9,0.1014,0.048001,1.107288,73.1981,121
1761401539309,ETH,A,Close Long,3944.9,0.1014,0.048001,1.107288,73.0967,121
1761401540114,ETH,A,Close Long,3944.9,0.0029,0.001372,0.031668,72.9953,121
1761401540562,ETH,A,Close Long,3944.9,0.1014,0.048001,1.107288,72.9924,121
1761401541967,ETH,A,Close Long,3944.9,0.1014,0.048001,1.107288,72.891,121
1761401543464,ETH,A,Close Long,3944.9,0.1014,0.048001,1.107288,72.7896,121
1761401544789,ETH,A,Close Long,3944.9,0.1014,0.048001,1.107288,72.6882,121
1761401546205,ETH,A,Close Long,3944.9,0.1014,0.048001,1.107288,72.5868,121
1761401547052,ETH,A,Close Long,3944.9,0.0029,0.001372,0.031668,72.4854,121
1761401547652,ETH,A,Close Long,3944.9,0.1014,0.048001,1.107288,72.4825,121
1761401549075,ETH,A,Close Long,3944.9,0.1014,0.048001,1.107288,72.3811,121
1761401550339,ETH,A,Close Long,3944.9,0.1014,0.048001,1.107288,72.2797,121
1761401551094,ETH,A,Close Long,3944.9,0.63,0.298234,6.8796,72.1783,121
1761401551746,ETH,A,Close Long,3944.9,0.1014,0.048001,1.107288,71.5483,121
1761401552031,ETH,A,Close Long,3944.9,0.0409,0.019361,0.446628,71.4469,121
1761401552981,ETH,A,Close Long,3944.9,0.1014,0.048001,1.107288,71.406,121
1761401554326,ETH,A,Close Long,3944.9,0.1014,0.048001,1.107288,71.3046,121
1761401555264,ETH,A,Close Long,3944.9,0.0166,0.007858,0.181272,71.2032,121
1761401555735,ETH,A,Close Long,3944.9,0.1014,0.048001,1.107288,71.1866,121
1761401556065,ETH,A,Close Long,3944.9,0.4672,0.221166,5.101824,71.0852,121
1761401557077,ETH,A,Close Long,3944.9,0.1014,0.048001,1.107288,70.618,121
1761401558385,ETH,A,Close Long,3944.9,19.5358,9.248013,213.330936,70.5166,121
1761405387700,ETH,A,Close Long,3932.0,50.9807,24.054733,-100.941786,50.9808,122
1761405810854,ETH,A,Close Long,3930.9,0.0001,0.000157,-0.000308,0.0001,123
1761440249020,ETH,B,Open Long,3952.4,0.0196,0.009296,0.0,0.0,124
1761440254771,ETH,B,Open Long,3952.4,42.8036,20.301233,0.0,0.0196,124
1761440255952,ETH,B,Open Long,3952.4,7.7789,3.689438,0.0,42.8232,124
1761444416057,ETH,A,Close Long,3926.5,0.1482,0.232762,-3.83838,50.6021,125
1761444416057,ETH,A,Close Long,3926.5,0.1273,0.199937,-3.29707,50.4539,125
1761444416057,ETH,A,Close Long,3926.5,50.3266,79.042957,-1303.45894,50.3266,125
1761444421391,BTC,A,Close Long,111545.0,0.03705,1.653096,-0.129675,1.79285,126
1761444421391,BTC,A,Close Long,111545.0,0.03705,1.653096,-0.129675,1.7558,126
1761444421391,BTC,A,Close Long,111545.0,0.50031,22.322831,-1.751085,1.71875,126
1761444421391,BTC,A,Close Long,111545.0,0.03736,1.666928,-0.13076,1.21844,126
1761444421391,BTC,A,Close Long,111545.0,0.04584,2.045289,-0.16044,1.18108,126
1761444421391,BTC,A,Close Long,111545.0,0.13787,6.151483,-0.482545,1.13524,126
1761444421391,BTC,A,Close Long,111545.0,0.12163,5.426887,-0.425705,0.99737,126
1761444421391,BTC,A,Close Long,111545.0,0.03733,1.665589,-0.130655,0.87574,126
1761444421391,BTC,A,Close Long,111545.0,0.20304,9.059238,-0.71064,0.83841,126
1761444421391,BTC,A,Close Long,111545.0,0.035,1.56163,-0.1225,0.63537,126
1761444421391,BTC,A,Close Long,111545.0,0.04001,1.785166,-0.140035,0.60037,126
1761444421391,BTC,A,Close Long,111545.0,0.035,1.56163,-0.1225,0.56036,126
1761444421391,BTC,A,Close Long,111545.0,0.16,7.13888,-0.56,0.52536,126
1761444421391,BTC,A,Close Long,111545.0,0.36536,16.301632,-1.27876,0.36536,126
1761480342800,ETH,B,Open Long,4047.1,4.4475,7.19979,0.0,0.0,127
1761480342800,ETH,B,Open Long,4047.1,1.6742,2.710261,0.0,4.4475,127
1761480342800,ETH,B,Open Long,4047.1,43.2988,70.093829,0.0,6.1217,127
1761480455005,BTC,B,Open Long,113550.0,0.08795,3.994689,0.0,0.0,128
1761480455005,BTC,B,Open Long,113551.0,0.00011,0.004996,0.0,0.08795,128
1761480455005,BTC,B,Open Long,113552.0,0.00014,0.006358,0.0,0.08806,128
1761480455005,BTC,B,Open Long,113552.0,0.00011,0.004996,0.0,0.0882,128
1761480455005,BTC,B,Open Long,113553.0,0.00011,0.004996,0.0,0.08831,128
1761480455005,BTC,B,Open Long,113554.0,0.00011,0.004996,0.0,0.08842,128
1761480455005,BTC,B,Open Long,113555.0,0.01564,0.7104,0.0,0.08853,128
1761480455005,BTC,B,Open Long,113555.0,0.16666,7.57003,0.0,0.10417,128
1761480455005,BTC,B,Open Long,113555.0,0.47328,21.497324,0.0,0.27083,128
1761480455005,BTC,B,Open Long,113555.0,0.00011,0.004996,0.0,0.74411,128
1761480455005,BTC,B,Open Long,113556.0,0.1,4.54224,0.0,0.74422,128
1761480455005,BTC,B,Open Long,113556.0,0.00877,0.398354,0.0,0.84422,128
1761480455005,BTC,B,Open Long,113556.0,0.00014,0.006359,0.0,0.85299,128
1761480455005,BTC,B,Open Long,113556.0,0.00011,0.004996,0.0,0.85313,128
1761480455005,BTC,B,Open Long,113557.0,0.00011,0.004996,0.0,0.85324,128
1761480455005,BTC,B,Open Long,113558.0,0.00011,0.004996,0.0,0.85335,128
1761480455005,BTC,B,Open Long,113558.0,0.22402,10.175705,0.0,0.85346,128
1761480455005,BTC,B,Open Long,113558.0,0.00882,0.400632,0.0,1.07748,128
1761480455005,BTC,B,Open Long,113559.0,0.0001,0.004542,0.0,1.0863,128
1761480455005,BTC,B,Open Long,113559.0,0.00011,0.004996,0.0,1.0864,128
1761480455005,BTC,B,Open Long,113559.0,0.60624,27.537603,0.0,1.08651,128
1761480455005,BTC,B,Open Long,113560.0,0.0009,0.040881,0.0,1.69275,128
1761480455005,BTC,B,Open Long,113560.0,0.00014,0.006359,0.0,1.69365,128
1761480455005,BTC,B,Open Long,113560.0,0.00014,0.006359,0.0,1.69379,128
1761480455005,BTC,B,Open Long,113560.0,0.00018,0.008176,0.0,1.69393,128
1761480455005,BTC,B,Open Long,113560.0,0.00011,0.004996,0.0,1.69411,128
1761480455005,BTC,B,Open Long,113561.0,0.00011,0.004996,0.0,1.69422,128
1761480455005,BTC,B,Open Long,113562.0,0.00011,0.004996,0.0,1.69433,128
1761480455005,BTC,B,Open Long,113562.0,0.06711,3.048458,0.0,1.69444,128
1761480825022,BTC,B,Open Long,113725.0,0.00723,0.328892,0.0,1.76155,129
1761480825022,BTC,B,Open Long,113725.0,0.00257,0.116909,0.0,1.76878,129
1761480825022,BTC,B,Open Long,113725.0,0.0018,0.081882,0.0,1.77135,129
1761480825022,BTC,B,Open Long,113725.0,0.00879,0.399857,0.0,1.77315,129
1761480825022,BTC,B,Open Long,113725.0,0.03257,1.481609,0.0,1.78194,129
1761480825022,BTC,B,Open Long,113725.0,0.13188,5.999221,0.0,1.81451,129
1761480825022,BTC,B,Open Long,113725.0,0.87922,39.995717,0.0,1.94639,129
1761480825022,BTC,B,Open Long,113725.0,0.31074,14.135562,0.0,2.82561,129
1761480825022,BTC,B,Open Long,113727.0,0.0176,0.800638,0.0,3.13635,129
1761480825022,BTC,B,Open Long,113728.0,0.36624,16.660697,0.0,3.15395,129
1761609874795,ETH,B,Open Long,4112.0,4.2141,2.079405,0.0,49.4205,130
1761609874795,ETH,B,Open Long,4112.0,0.0121,0.00597,0.0,53.6346,130
1761609874795,ETH,B,Open Long,4112.0,6.9303,3.419687,0.0,53.6467,130
1761609874795,ETH,B,Open Long,4112.0,0.0121,0.00597,0.0,60.577,130
1761609874933,ETH,B,Open Long,4112.0,0.0121,0.00597,0.0,60.5891,130
1761609874933,ETH,B,Open Long,4112.0,0.0121,0.00597,0.0,60.6012,130
1761609875077,ETH,B,Open Long,4112.0,13.1262,6.476992,0.0,60.6133,130
1761618345510,BTC,A,Close Long,113952.0,0.08113,3.69797,25.223317,3.52019,131
1761618345510,BTC,A,Close Long,113952.0,0.11248,5.126928,34.970032,3.43906,131
1761618345510,BTC,A,Close Long,113952.0,0.05818,2.65189,18.088162,3.32658,131
1761618345510,BTC,A,Close Long,113952.0,0.1125,5.12784,34.97625,3.2684,131
1761618345510,BTC,A,Close Long,113952.0,0.03332,1.518752,10.359188,3.1559,131
1761618345510,BTC,A,Close Long,113952.0,0.01418,0.646335,4.408562,3.12258,131
1761618345510,BTC,A,Close Long,113952.0,0.01418,0.646335,4.408562,3.1084,131
1761618345510,BTC,A,Close Long,113952.0,0.01418,0.646335,4.408562,3.09422,131
1761618345510,BTC,A,Close Long,113952.0,0.01418,0.646335,4.408562,3.08004,131
1761618345510,BTC,A,Close Long,113952.0,0.01418,0.646335,4.408562,3.06586,131
1761618345510,BTC,A,Close Long,113952.0,0.01418,0.646335,4.408562,3.05168,131
1761618345510,BTC,A,Close Long,113952.0,0.01418,0.646335,4.408562,3.0375,131
1761618345510,BTC,A,Close Long,113952.0,0.01418,0.646335,4.408562,3.02332,131
1761618345510,BTC,A,Close Long,113952.0,0.1125,5.12784,34.97625,3.00914,131
1761618345510,BTC,A,Close Long,113952.0,0.1125,5.12784,34.97625,2.89664,131
1761618345510,BTC,A,Close Long,113952.0,0.65054,29.652133,202.252886,2.78414,131
1761618345510,BTC,A,Close Long,113952.0,0.1125,5.12784,34.97625,2.1336,131
1761618345510,BTC,A,Close Long,113952.0,0.1125,5.12784,34.97625,2.0211,131
1761618345510,BTC,A,Close Long,113952.0,0.01418,0.646335,4.408562,1.9086,131
1761618345510,BTC,A,Close Long,113952.0,1.31613,59.990258,409.184817,1.89442,131
1761618345510,BTC,A,Close Long,113952.0,0.04387,1.999629,13.639183,0.57829,131
1761618345510,BTC,A,Close Long,113952.0,0.53442,24.359291,166.151178,0.53442,131
1761618349328,ETH,A,Close Long,4112.1,1.3526,2.22481,58.97336,73.7395,132
1761618349328,ETH,A,Close Long,4112.1,1.207,1.985321,52.6252,72.3869,132
1761618349328,ETH,A,Close Long,4112.1,25.4571,41.872856,1109.92956,71.1799,132
1761618349328,ETH,A,Close Long,4112.1,45.7228,75.20669,1993.51408,45.7228,132
1761649159994,ETH,B,Open Long,4117.3,2.3921,1.181879,0.0,0.0,133
1761649164214,ETH,B,Open Long,4117.3,0.0971,0.047974,0.0,2.3921,133
1761649165294,ETH,B,Open Long,4117.3,0.25,0.123519,0.0,2.4892,133
1761649165553,ETH,B,Open Long,4117.3,0.0971,0.047974,0.0,2.7392,133
1761649166821,ETH,B,Open Long,4117.3,0.0971,0.047974,0.0,2.8363,133
1761649168320,ETH,B,Open Long,4117.3,0.0971,0.047974,0.0,2.9334,133
1761649169524,ETH,B,Open Long,4117.3,2.4287,1.199962,0.0,3.0305,133
1761649169726,ETH,B,Open Long,4117.3,0.0506,0.025,0.0,5.4592,133
1761649170729,ETH,B,Open Long,4117.3,2.4286,1.199912,0.0,5.5098,133
1761649171128,ETH,B,Open Long,4117.3,0.0405,0.02001,0.0,7.9384,133
1761649172155,ETH,B,Open Long,4117.3,2.4286,1.199912,0.0,7.9789,133
1761649172640,ETH,B,Open Long,4117.3,0.0197,0.009733,0.0,10.4075,133
1761649173974,ETH,B,Open Long,4117.3,0.0384,0.018972,0.0,10.4272,133
1761649175062,ETH,B,Open Long,4117.3,0.0088,0.004347,0.0,10.4656,133
1761649175360,ETH,B,Open Long,4117.3,0.0187,0.009239,0.0,10.4744,133
1761649176765,ETH,B,Open Long,4117.3,0.0184,0.00909,0.0,10.4931,133
1761649179438,ETH,B,Open Long,4117.3,0.0096,0.004743,0.0,10.5115,133
1761649180848,ETH,B,Open Long,4117.3,0.0172,0.008498,0.0,10.5211,133
1761649182074,ETH,B,Open Long,4117.3,2.4286,1.199912,0.0,10.5383,133
1761649182129,ETH,B,Open Long,4117.3,0.0168,0.0083,0.0,12.9669,133
1761649184024,ETH,B,Open Long,4117.3,0.0328,0.016205,0.0,12.9837,133
1761649185353,ETH,B,Open Long,4117.3,0.0316,0.015612,0.0,13.0165,133
1761649186763,ETH,B,Open Long,4117.3,0.0154,0.007608,0.0,13.0481,133
1761649192217,ETH,B,Open Long,4117.3,2.4286,1.199912,0.0,13.0635,133
1761649211685,ETH,B,Open Long,4117.3,2.4283,1.199764,0.0,15.4921,133
1761649212286,ETH,B,Open Long,4117.3,0.0971,0.047974,0.0,17.9204,133
1761649214105,ETH,B,Open Long,4117.3,0.0971,0.047974,0.0,18.0175,133
1761649215562,ETH,B,Open Long,4117.3,0.0971,0.047974,0.0,18.1146,133
1761649216937,ETH,B,Open Long,4117.3,0.0971,0.047974,0.0,18.2117,133
1761649220599,ETH,B,Open Long,4117.3,0.0006,0.000296,0.0,18.3088,133
1761649221181,ETH,B,Open Long,4117.3,0.0971,0.047974,0.0,18.3094,133
1761649221181,ETH,B,Open Long,4117.3,0.0194,0.009585,0.0,18.4065,133
1761649222558,ETH,B,Open Long,4117.3,0.0971,0.047974,0.0,18.4259,133
1761649224145,ETH,B,Open Long,4117.3,0.0971,0.047974,0.0,18.523,133
1761649225498,ETH,B,Open Long,4117.3,0.0971,0.047974,0.0,18.6201,133
1761649226813,ETH,B,Open Long,4117.3,0.0971,0.047974,0.0,18.7172,133
1761649228307,ETH,B,Open Long,4117.3,0.0971,0.047974,0.0,18.8143,133
1761649230037,ETH,B,Open Long,4117.3,0.0971,0.047974,0.0,18.9114,133
1761649230842,ETH,B,Open Long,4117.3,0.2779,0.137303,0.0,19.0085,133
1761649231327,ETH,B,Open Long,4117.3,0.0346,0.017095,0.0,19.2864,133
1761649232577,ETH,B,Open Long,4117.3,0.0212,0.010474,0.0,19.321,133
1761649233585,ETH,B,Open Long,4117.3,29.2333,14.443471,0.0,19.3422,133
1761657013643,ETH,B,Open Long,4132.8,0.0486,0.024102,0.0,48.5755,134
1761657013715,ETH,B,Open Long,4132.8,0.357,0.177049,0.0,48.6241,134
1761657014400,ETH,B,Open Long,4132.8,0.9732,0.482644,0.0,48.9811,134
1761657015576,ETH,B,Open Long,4132.8,0.0668,0.033128,0.0,49.9543,134
1761657016859,ETH,B,Open Long,4132.8,0.22,0.109105,0.0,50.0211,134
1761657016859,ETH,B,Open Long,4132.8,0.7722,0.382961,0.0,50.2411,134
1761657016966,ETH,B,Open Long,4132.8,0.22,0.109105,0.0,51.0133,134
1761657016966,ETH,B,Open Long,4132.8,0.6223,0.30862,0.0,51.2333,134
1761657017373,ETH,B,Open Long,4132.8,0.09,0.044634,0.0,51.8556,134
1761657019091,ETH,B,Open Long,4132.8,0.641,0.317894,0.0,51.9456,134
1761657019492,ETH,B,Open Long,4132.8,0.0399,0.019787,0.0,52.5866,134
1761657019693,ETH,B,Open Long,4132.8,0.004,0.001983,0.0,52.6265,134
1761657021103,ETH,B,Open Long,4132.8,0.901,0.446838,0.0,52.6305,134
1761657021208,ETH,B,Open Long,4132.8,0.1134,0.056239,0.0,53.5315,134
1761657021263,ETH,B,Open Long,4132.8,1.02,0.505854,0.0,53.6449,134
1761657022906,ETH,B,Open Long,4132.8,0.0968,0.048006,0.0,54.6649,134
1761657024552,ETH,B,Open Long,4132.8,0.0968,0.048006,0.0,54.7617,134
1761657025952,ETH,B,Open Long,4132.8,0.0968,0.048006,0.0,54.8585,134
1761657026243,ETH,B,Open Long,4132.8,0.0026,0.001289,0.0,54.9553,134
1761657027661,ETH,B,Open Long,4132.8,0.0968,0.048006,0.0,54.9579,134
1761657028646,ETH,B,Open Long,4132.8,0.7871,0.390351,0.0,55.0547,134
1761657029085,ETH,B,Open Long,4132.8,0.059,0.02926,0.0,55.8418,134
1761657029248,ETH,B,Open Long,4132.8,0.0968,0.048006,0.0,55.9008,134
1761657029483,ETH,B,Open Long,4132.8,0.2026,0.100476,0.0,55.9976,134
1761657029698,ETH,B,Open Long,4132.8,0.6753,0.334905,0.0,56.2002,134
1761657029756,ETH,B,Open Long,4132.8,0.2784,0.138068,0.0,56.8755,134
1761657029936,ETH,B,Open Long,4132.8,39.8149,19.745642,0.0,57.1539,134
1761676861649,ETH,A,Close Long,4112.2,0.2063,0.339338,-2.646829,96.9688,135
1761676861649,ETH,A,Close Long,4112.2,3.4046,5.600158,-43.681018,96.7625,135
1761676861649,ETH,A,Close Long,4112.2,0.1692,0.278313,-2.170836,93.3579,135
1761676861649,ETH,A,Close Long,4112.2,0.1692,0.278313,-2.170836,93.1887,135
1761676861649,ETH,A,Close Long,4112.2,0.1692,0.278313,-2.170836,93.0195,135
1761676861649,ETH,A,Close Long,4112.2,6.0794,9.999883,-77.998702,92.8503,135
1761676861649,ETH,A,Close Long,4112.2,0.1692,0.278313,-2.170836,86.7709,135
1761676861649,ETH,A,Close Long,4112.2,0.1692,0.278313,-2.170836,86.6017,135
1761676861649,ETH,A,Close Long,4112.2,3.9305,6.4652,-50.428315,86.4325,135
1761676861649,ETH,A,Close Long,4112.2,0.1692,0.278313,-2.170836,82.502,135
1761676861649,ETH,A,Close Long,4112.2,0.1692,0.278313,-2.170836,82.3328,135
1761676861649,ETH,A,Close Long,4112.2,1.494,2.45745,-19.16802,82.1636,135
1761676861649,ETH,A,Close Long,4112.1,8.6887,14.291521,-112.344891,80.6696,135
1761676861649,ETH,A,Close Long,4112.1,1.2268,2.017889,-15.862524,71.9809,135
1761676861649,ETH,A,Close Long,4112.1,8.6887,14.291521,-112.344891,70.7541,135
1761676861649,ETH,A,Close Long,4112.1,1.516,2.493577,-19.60188,62.0654,135
1761676861649,ETH,A,Close Long,4112.1,1.516,2.493577,-19.60188,60.5494,135
1761676861649,ETH,A,Close Long,4112.1,8.6887,14.291521,-112.344891,59.0334,135
1761676861649,ETH,A,Close Long,4112.1,1.516,2.493577,-19.60188,50.3447,135
1761676861649,ETH,A,Close Long,4112.1,8.6887,14.291521,-112.344891,48.8287,135
1761676861649,ETH,A,Close Long,4112.1,1.2268,2.017889,-15.862524,40.14,135
1761676861649,ETH,A,Close Long,4112.1,3.097,5.094069,-40.04421,38.9132,135
1761676861649,ETH,A,Close Long,4112.1,6.0796,9.999969,-78.609228,35.8162,135
1761676861649,ETH,A,Close Long,4112.1,3.097,5.094069,-40.04421,29.7366,135
1761676861649,ETH,A,Close Long,4112.1,8.6887,14.291521,-112.344891,26.6396,135
1761676861649,ETH,A,Close Long,4112.1,3.097,5.094069,-40.04421,17.9509,135
1761676861649,ETH,A,Close Long,4112.1,0.1692,0.278306,-2.187756,14.8539,135
1761676861649,ETH,A,Close Long,4112.1,0.1692,0.278306,-2.187756,14.6847,135
1761676861649,ETH,A,Close Long,4112.1,0.1692,0.278306,-2.187756,14.5155,135
1761676861649,ETH,A,Close Long,4112.1,0.1692,0.278306,-2.187756,14.3463,135
1761676861649,ETH,A,Close Long,4112.1,0.1692,0.278306,-2.187756,14.1771,135
1761676861649,ETH,A,Close Long,4112.1,1.516,2.493577,-19.60188,14.0079,135
1761676861649,ETH,A,Close Long,4112.1,0.1692,0.278306,-2.187756,12.4919,135
1761676861649,ETH,A,Close Long,4112.0,1.2268,2.01784,-15.985204,12.3227,135
1761676861649,ETH,A,Close Long,4112.0,1.2268,2.01784,-15.985204,11.0959,135
1761676861649,ETH,A,Close Long,4112.0,3.0969,5.093781,-40.352607,9.8691,135
1761676861649,ETH,A,Close Long,4112.0,6.0797,9.99989,-79.218491,6.7722,135
1761676861649,ETH,A,Close Long,4112.0,0.6925,1.139024,-9.023275,0.6925,135
1761720959141,ETH,B,Open Long,4026.1,2.7546,4.436118,0.0,0.0,136
1761720959141,ETH,B,Open Long,4026.1,2.1,3.381924,0.0,2.7546,136
1761720959141,ETH,B,Open Long,4026.1,2.1,3.381924,0.0,4.8546,136
1761720959141,ETH,B,Open Long,4026.1,1.8,2.898792,0.0,6.9546,136
1761720959141,ETH,B,Open Long,4026.1,4.4707,7.199794,0.0,8.7546,136
1761720959141,ETH,B,Open Long,4026.1,6.7537,10.876428,0.0,13.2253,136
1761720959141,ETH,B,Open Long,4026.1,4.4707,7.199794,0.0,19.979,136
1761720959141,ETH,B,Open Long,4026.1,4.4707,7.199794,0.0,24.4497,136
1761720959141,ETH,B,Open Long,4026.1,2.1,3.381924,0.0,28.9204,136
1761720959141,ETH,B,Open Long,4026.1,0.3666,0.590387,0.0,31.0204,136
1761720959141,ETH,B,Open Long,4026.1,0.3666,0.590387,0.0,31.387,136
1761720959141,ETH,B,Open Long,4026.1,2.4841,4.000494,0.0,31.7536,136
1761720959141,ETH,B,Open Long,4026.1,4.4707,7.199794,0.0,34.2377,136
1761720959141,ETH,B,Open Long,4026.1,0.9481,1.526858,0.0,38.7084,136
1761720959141,ETH,B,Open Long,4026.1,0.1242,0.200016,0.0,39.6565,136
1761720959141,ETH,B,Open Long,4026.1,0.6396,1.030037,0.0,39.7807,136
1761720959141,ETH,B,Open Long,4026.1,9.253,14.901401,0.0,40.4203,136
1761729178957,ETH,A,Close Long,3995.0,1.5502,2.477219,-48.21122,49.6733,137
1761729178957,ETH,A,Close Long,3995.0,0.0051,0.008149,-0.15861,48.1231,137
1761729178957,ETH,A,Close Long,3995.0,0.9026,1.442354,-28.07086,48.118,137
1761729178957,ETH,A,Close Long,3995.0,47.2154,75.450209,-1468.39894,47.2154,137
1761771629163,ETH,B,Open Long,3947.5,0.7511,0.355796,0.0,0.0,138
1761771629163,ETH,B,Open Long,3947.5,0.6331,0.299899,0.0,0.7511,138
1761771629163,ETH,B,Open Long,3947.5,0.0126,0.005968,0.0,1.3842,138
1761771629163,ETH,B,Open Long,3947.5,0.7599,0.359964,0.0,1.3968,138
1761771629163,ETH,B,Open Long,3947.5,0.7594,0.359727,0.0,2.1567,138
1761771629163,ETH,B,Open Long,3947.5,47.7488,22.618606,0.0,2.9161,138
1761771801522,ETH,A,Close Long,3938.5,3.0,4.7262,-27.0,50.6649,139
1761771801522,ETH,A,Close Long,3938.5,3.0,4.7262,-27.0,47.6649,139
1761771801522,ETH,A,Close Long,3938.5,2.2986,3.621214,-20.6874,44.6649,139
1761771801522,ETH,A,Close Long,3938.5,0.7402,1.166111,-6.6618,42.3663,139
1761771801522,ETH,A,Close Long,3938.5,1.0304,1.623292,-9.2736,41.6261,139
1761771801522,ETH,A,Close Long,3938.5,1.8,2.83572,-16.2,40.5957,139
1761771801522,ETH,A,Close Long,3938.5,1.8,2.83572,-16.2,38.7957,139
1761771801522,ETH,A,Close Long,3938.5,1.8,2.83572,-16.2,36.9957,139
1761771801522,ETH,A,Close Long,3938.5,7.005,11.035677,-63.045,35.1957,139
1761771801522,ETH,A,Close Long,3938.5,10.5136,16.563125,-94.6224,28.1907,139
1761771801522,ETH,A,Close Long,3938.5,4.5707,7.20068,-41.1363,17.6771,139
1761771801522,ETH,A,Close Long,3938.5,7.14,11.248356,-64.26,13.1064,139
1761771801522,ETH,A,Close Long,3938.5,1.608,2.533243,-14.472,5.9664,139
1761771801522,ETH,A,Close Long,3938.5,0.5022,0.791165,-4.5198,4.3584,139
1761771801522,ETH,A,Close Long,3938.5,3.8562,6.075057,-34.7058,3.8562,139
1761780905191,ETH,B,Open Long,3906.0,1.3048,0.611585,0.0,0.0,140
1761780905191,ETH,B,Open Long,3906.0,0.24,0.112492,0.0,1.3048,140
1761780905191,ETH,B,Open Long,3906.0,0.25,0.11718,0.0,1.5448,140
1761780905191,ETH,B,Open Long,3906.0,0.26,0.121867,0.0,1.7948,140
1761780905191,ETH,B,Open Long,3906.0,0.24,0.112492,0.0,2.0548,140
1761780905191,ETH,B,Open Long,3906.0,0.17,0.079682,0.0,2.2948,140
1761780905245,ETH,B,Open Long,3906.0,0.26,0.121867,0.0,2.4648,140
1761780905245,ETH,B,Open Long,3906.0,0.26,0.121867,0.0,2.7248,140
1761780905245,ETH,B,Open Long,3906.0,0.22,0.103118,0.0,2.9848,140
1761780905245,ETH,B,Open Long,3906.0,0.16,0.074995,0.0,3.2048,140
1761780905245,ETH,B,Open Long,3906.0,0.16,0.074995,0.0,3.3648,140
1761780905296,ETH,B,Open Long,3906.0,0.25,0.11718,0.0,3.5248,140
1761780905296,ETH,B,Open Long,3906.0,0.152,0.071245,0.0,3.7748,140
1761780905296,ETH,B,Open Long,3906.0,0.26,0.121867,0.0,3.9268,140
1761780905296,ETH,B,Open Long,3906.0,0.16,0.074995,0.0,4.1868,140
1761780905296,ETH,B,Open Long,3906.0,0.138,0.064683,0.0,4.3468,140
1761780905757,ETH,B,Open Long,3906.0,0.0253,0.011858,0.0,4.4848,140
1761780906293,ETH,B,Open Long,3906.0,0.0154,0.007218,0.0,4.5101,140
1761780907157,ETH,B,Open Long,3906.0,0.0059,0.002765,0.0,4.5255,140
1761780907897,ETH,B,Open Long,3906.0,10.7396,5.033865,0.0,4.5314,140
1761780908177,ETH,B,Open Long,3906.0,35.9322,16.84214,0.0,15.271,140
1761797462970,BTC,B,Open Long,110082.0,0.8814,11.643152,0.0,0.0,141
1761797464558,BTC,B,Open Long,110082.0,0.93542,12.356748,0.0,0.8814,141
1761816227379,BTC,A,Close Long,110240.0,1.81682,80.114494,287.05756,1.81682,142
1761816996976,ETH,A,Close Long,3891.3,6.7149,10.451876,-98.70903,51.2032,143
1761816996976,ETH,A,Close Long,3891.3,44.4883,69.246928,-653.97801,44.4883,143
1761822038023,BTC,B,Open Long,110180.0,0.002,0.026443,0.0,0.0,144
1761822040063,BTC,B,Open Long,110180.0,0.00046,0.006081,0.0,0.002,144
1761822041072,BTC,B,Open Long,110180.0,0.00221,0.029219,0.0,0.00246,144
1761822063672,BTC,B,Open Long,110180.0,1.81054,23.938235,0.0,0.00467,144
1761868906971,ETH,B,Open Long,3803.6,9.595,4.379465,0.0,0.0,145
1761868907072,ETH,B,Open Long,3803.6,27.0824,12.361273,0.0,9.595,145
1761868907072,ETH,B,Open Long,3803.6,15.9043,7.259231,0.0,36.6774,145
1761890020598,BTC,A,Close Long,109847.0,1.81521,79.758149,-604.46493,1.81521,146
1761890025651,ETH,A,Close Long,3844.9,8.9219,13.721525,368.47447,52.5817,147
1761890025651,ETH,A,Close Long,3844.9,4.6882,7.210264,193.62266,43.6598,147
1761890025651,ETH,A,Close Long,3844.9,0.0418,0.064286,1.72634,38.9716,147
1761890025651,ETH,A,Close Long,3844.9,38.9298,59.872475,1607.80074,38.9298,147
1761918999659,ETH,B,Open Long,3858.1,2.5171,3.884489,0.0,0.0,148
1761918999659,ETH,B,Open Long,3858.1,1.8,2.777832,0.0,2.5171,148
1761918999659,ETH,B,Open Long,3858.1,1.2,1.851888,0.0,4.3171,148
1761918999659,ETH,B,Open Long,3858.1,2.0,3.08648,0.0,5.5171,148
1761918999659,ETH,B,Open Long,3858.1,3.0,4.62972,0.0,7.5171,148
1761918999659,ETH,B,Open Long,3858.1,1.8878,2.913328,0.0,10.5171,148
1761918999659,ETH,B,Open Long,3858.1,1.2,1.851888,0.0,12.4049,148
1761918999659,ETH,B,Open Long,3858.1,1.25,1.92905,0.0,13.6049,148
1761918999659,ETH,B,Open Long,3858.1,3.0,4.62972,0.0,14.8549,148
1761918999659,ETH,B,Open Long,3858.1,7.4048,11.427383,0.0,17.8549,148
1761918999659,ETH,B,Open Long,3858.2,4.7961,7.401725,0.0,25.2597,148
1761918999659,ETH,B,Open Long,3858.5,1.881,2.903135,0.0,30.0558,148
1761918999659,ETH,B,Open Long,3858.5,0.7533,1.162643,0.0,31.9368,148
1761919001009,ETH,B,Open Long,3858.6,1.0364,0.479886,0.0,32.6901,148
1761919005496,ETH,B,Open Long,3858.6,0.0402,0.018613,0.0,33.7265,148
1761919008911,ETH,B,Open Long,3858.6,0.0519,0.024031,0.0,33.7667,148
1761919012289,ETH,B,Open Long,3858.6,3.8873,1.799944,0.0,33.8186,148
1761919014611,ETH,B,Open Long,3858.6,0.1185,0.054869,0.0,37.7059,148
1761919017287,ETH,B,Open Long,3858.6,0.005,0.002315,0.0,37.8244,148
1761919019725,ETH,B,Open Long,3858.6,0.0132,0.006112,0.0,37.8294,148
1761919019725,ETH,B,Open Long,3858.6,0.7469,0.345838,0.0,37.8426,148
1761919019725,ETH,B,Open Long,3858.6,0.0132,0.006112,0.0,38.5895,148
1761919019725,ETH,B,Open Long,3858.6,0.0132,0.006112,0.0,38.6027,148
1761919019776,ETH,B,Open Long,3858.6,0.0132,0.006112,0.0,38.6159,148
1761919019776,ETH,B,Open Long,3858.6,1.2633,0.584948,0.0,38.6291,148
1761919020637,ETH,B,Open Long,3858.6,11.9398,5.528509,0.0,39.8924,148
1761920489309,BTC,B,Open Long,109762.0,1.82212,23.999944,0.0,0.0,149
1761951702410,ETH,A,Close Long,3853.4,0.759,1.169892,-3.72669,51.8322,150
1761951702410,ETH,A,Close Long,3853.4,11.8678,18.292552,-58.270898,51.0732,150
1761951702410,ETH,A,Close Long,3853.4,0.9318,1.436239,-4.575138,39.2054,150
1761951702410,ETH,A,Close Long,3853.4,0.9122,1.406028,-4.478902,38.2736,150
1761951702410,ETH,A,Close Long,3853.4,24.1949,37.293051,-118.796959,37.3614,150
1761951702410,ETH,A,Close Long,3853.4,0.0473,0.072906,-0.232243,13.1665,150
1761951702410,ETH,A,Close Long,3853.4,1.2728,1.961843,-6.249448,13.1192,150
1761951702410,ETH,A,Close Long,3853.4,11.8464,18.259567,-58.165824,11.8464,150
1761951706084,BTC,A,Close Long,109571.0,0.12326,5.402288,-23.54266,1.82212,151
1761951706084,BTC,A,Close Long,109571.0,0.18248,7.997806,-34.85368,1.69886,151
1761951706084,BTC,A,Close Long,109571.0,0.18253,7.999997,-34.86323,1.51638,151
1761951706084,BTC,A,Close Long,109571.0,0.06311,2.76601,-12.05401,1.33385,151
1761951706084,BTC,A,Close Long,109571.0,0.18257,8.00175,-34.87087,1.27074,151
1761951706084,BTC,A,Close Long,109571.0,0.03581,1.569495,-6.83971,1.08817,151
1761951706084,BTC,A,Close Long,109571.0,0.005,0.219142,-0.955,1.05236,151
1761951706084,BTC,A,Close Long,109571.0,0.15894,6.966085,-30.35754,1.04736,151
1761951706084,BTC,A,Close Long,109571.0,0.00913,0.400153,-1.74383,0.88842,151
1761951706084,BTC,A,Close Long,109571.0,0.31211,13.679281,-59.61301,0.87929,151
1761951706084,BTC,A,Close Long,109571.0,0.03199,1.40207,-6.11009,0.56718,151
1761951706084,BTC,A,Close Long,109571.0,0.18246,7.996929,-34.84986,0.53519,151
1761951706084,BTC,A,Close Long,109571.0,0.00202,0.088533,-0.38582,0.35273,151
1761951706084,BTC,A,Close Long,109571.0,0.00011,0.004821,-0.02101,0.35071,151
1761951706084,BTC,A,Close Long,109571.0,0.00182,0.079767,-0.34762,0.3506,151
1761951706084,BTC,A,Close Long,109571.0,0.34878,15.286469,-66.61698,0.34878,151
1761969137003,ETH,B,Open Long,3858.4,0.0372,0.017223,0.0,0.0,153
1761969139952,ETH,B,Open Long,3858.4,45.5252,21.078531,0.0,0.0372,153
1761969140264,ETH,B,Open Long,3858.4,6.2725,2.904217,0.0,45.5624,153
1761969260534,BTC,B,Open Long,110123.0,0.01271,0.167959,0.0,0.0,152
1761969261013,BTC,B,Open Long,110123.0,0.00122,0.016122,0.0,0.01271,152
1761969261105,BTC,B,Open Long,110123.0,0.01974,0.260859,0.0,0.01393,152
1761969264064,BTC,B,Open Long,110123.0,0.00951,0.125672,0.0,0.03367,152
1761969267296,BTC,B,Open Long,110123.0,0.08058,1.064845,0.0,0.04318,152
1761969267812,BTC,B,Open Long,110123.0,0.4069,5.377085,0.0,0.12376,152
1761969267812,BTC,B,Open Long,110123.0,0.51899,6.858328,0.0,0.53066,152
1761969267812,BTC,B,Open Long,110123.0,0.7665,10.129113,0.0,1.04965,152
1762041601343,ETH,A,Close Long,3872.1,0.01,0.015488,0.137,51.8349,154
1762041601343,ETH,A,Close Long,3872.1,3.0245,4.684466,41.43565,51.8249,154
1762041601343,ETH,A,Close Long,3872.1,4.4042,6.821401,60.33754,48.8004,154
1762041601343,ETH,A,Close Long,3872.1,6.9103,10.702949,94.67111,44.3962,154
1762041601343,ETH,A,Close Long,3872.1,4.4779,6.93555,61.34723,37.4859,154
1762041601343,ETH,A,Close Long,3872.1,0.1291,0.199955,1.76867,33.008,154
1762041601343,ETH,A,Close Long,3872.1,4.6486,7.199937,63.68582,32.8789,154
1762041601343,ETH,A,Close Long,3872.1,28.2303,43.724217,386.75511,28.2303,154
1762042130156,BTC,A,Close Long,110066.0,0.00004,0.001761,-0.00228,1.81615,155
1762042130156,BTC,A,Close Long,110066.0,0.00498,0.219251,-0.28386,1.81611,155
1762042130156,BTC,A,Close Long,110065.0,0.00011,0.004842,-0.00638,1.81113,155
1762042130156,BTC,A,Close Long,110064.0,0.00011,0.004842,-0.00649,1.81102,155
1762042130156,BTC,A,Close Long,110064.0,0.00181,0.079686,-0.10679,1.81091,155
1762042130156,BTC,A,Close Long,110064.0,0.00181,0.079686,-0.10679,1.8091,155
1762042130156,BTC,A,Close Long,110063.0,0.00011,0.004842,-0.0066,1.80729,155
1762042130156,BTC,A,Close Long,110063.0,0.00454,0.199874,-0.2724,1.80718,155
1762042130156,BTC,A,Close Long,110063.0,0.00272,0.119748,-0.1632,1.80264,155
1762042130156,BTC,A,Close Long,110063.0,0.00272,0.119748,-0.1632,1.79992,155
1762042130156,BTC,A,Close Long,110062.0,0.00011,0.004842,-0.00671,1.7972,155
1762042130156,BTC,A,Close Long,110062.0,0.00363,0.15981,-0.22143,1.79709,155
1762042130156,BTC,A,Close Long,110062.0,0.00363,0.15981,-0.22143,1.79346,155
1762042130156,BTC,A,Close Long,110061.0,0.00014,0.006163,-0.00868,1.78983,155
1762042130156,BTC,A,Close Long,110061.0,0.00011,0.004842,-0.00682,1.78969,155
1762042130156,BTC,A,Close Long,110061.0,0.00454,0.19987,-0.28148,1.78958,155
1762042130156,BTC,A,Close Long,110061.0,0.0009,0.039621,-0.0558,1.78504,155
1762042130156,BTC,A,Close Long,110061.0,0.00454,0.19987,-0.28148,1.78414,155
1762042130156,BTC,A,Close Long,110060.0,0.00011,0.004842,-0.00693,1.7796,155
1762042130156,BTC,A,Close Long,110060.0,0.00545,0.23993,-0.34335,1.77949,155
1762042130156,BTC,A,Close Long,110060.0,0.00181,0.079683,-0.11403,1.77404,155
1762042130156,BTC,A,Close Long,110060.0,0.00545,0.23993,-0.34335,1.77223,155
1762042130156,BTC,A,Close Long,110060.0,0.01287,0.566588,-0.81081,1.76678,155
1762042130156,BTC,A,Close Long,110059.0,0.00018,0.007924,-0.01152,1.75391,155
1762042130156,BTC,A,Close Long,110059.0,0.00011,0.004842,-0.00704,1.75373,155
1762042130156,BTC,A,Close Long,110059.0,0.00636,0.27999,-0.40704,1.75362,155
1762042130156,BTC,A,Close Long,110059.0,0.00272,0.119744,-0.17408,1.74726,155
1762042130156,BTC,A,Close Long,110059.0,0.00636,0.27999,-0.40704,1.74454,155
1762042130156,BTC,A,Close Long,110059.0,0.90886,40.011289,-58.16704,1.73818,155
1762042130156,BTC,A,Close Long,110058.0,0.00011,0.004842,-0.00715,0.82932,155
1762042130156,BTC,A,Close Long,110058.0,0.29191,12.850812,-18.97415,0.82921,155
1762042130156,BTC,A,Close Long,110057.0,0.00014,0.006163,-0.009226,0.5373,155
1762042130156,BTC,A,Close Long,110057.0,0.00108,0.047544,-0.071172,0.53716,155
1762042130156,BTC,A,Close Long,110057.0,0.00011,0.004842,-0.007249,0.53608,155
1762042130156,BTC,A,Close Long,110057.0,0.00726,0.319605,-0.478434,0.53597,155
1762042130156,BTC,A,Close Long,110057.0,0.00363,0.159802,-0.239217,0.52871,155
1762042130156,BTC,A,Close Long,110057.0,0.00726,0.319605,-0.478434,0.52508,155
1762042130156,BTC,A,Close Long,110057.0,0.00032,0.014087,-0.021088,0.51782,155
1762042130156,BTC,A,Close Long,110057.0,0.00052,0.022891,-0.034268,0.5175,155
1762042130156,BTC,A,Close Long,110057.0,0.13633,6.001628,-8.984147,0.51698,155
1762042130156,BTC,A,Close Long,110056.0,0.00011,0.004842,-0.007359,0.38065,155
1762042130156,BTC,A,Close Long,110056.0,0.00015,0.006603,-0.010035,0.38054,155
1762042130156,BTC,A,Close Long,110056.0,0.00817,0.359663,-0.546573,0.38039,155
1762042130156,BTC,A,Close Long,110056.0,0.00454,0.199861,-0.303726,0.37222,155
1762042130156,BTC,A,Close Long,110056.0,0.00817,0.359663,-0.546573,0.36768,155
1762042130156,BTC,A,Close Long,110056.0,0.35951,15.826493,-24.051219,0.35951,155
1762069950631,BTC,B,Open Long,110930.0,0.00694,0.307941,0.0,0.0,156
1762069950631,BTC,B,Open Long,110930.0,0.00764,0.339002,0.0,0.00694,156
1762069950631,BTC,B,Open Long,110930.0,0.01528,0.678004,0.0,0.01458,156
1762069950631,BTC,B,Open Long,110930.0,0.0003,0.013311,0.0,0.02986,156
1762069950631,BTC,B,Open Long,110930.0,0.00011,0.00488,0.0,0.03016,156
1762069950631,BTC,B,Open Long,110931.0,0.00016,0.007099,0.0,0.03027,156
1762069950631,BTC,B,Open Long,110931.0,0.00014,0.006212,0.0,0.03043,156
1762069950631,BTC,B,Open Long,110931.0,0.00011,0.00488,0.0,0.03057,156
1762069950631,BTC,B,Open Long,110932.0,0.00011,0.004881,0.0,0.03068,156
1762069950631,BTC,B,Open Long,110933.0,0.00011,0.004881,0.0,0.03079,156
1762069950631,BTC,B,Open Long,110934.0,0.0125,0.55467,0.0,0.0309,156
1762069950631,BTC,B,Open Long,110934.0,0.00011,0.004881,0.0,0.0434,156
1762069950631,BTC,B,Open Long,110935.0,0.01287,0.571093,0.0,0.04351,156
1762069950631,BTC,B,Open Long,110935.0,0.04507,1.999936,0.0,0.05638,156
1762069950631,BTC,B,Open Long,110935.0,0.00011,0.004881,0.0,0.10145,156
1762069950631,BTC,B,Open Long,110936.0,0.02,0.887488,0.0,0.10156,156
1762069950631,BTC,B,Open Long,110936.0,0.00028,0.012424,0.0,0.12156,156
1762069950631,BTC,B,Open Long,110936.0,0.00011,0.004881,0.0,0.12184,156
1762069950631,BTC,B,Open Long,110937.0,0.00014,0.006212,0.0,0.12195,156
1762069950631,BTC,B,Open Long,110937.0,0.30138,13.373677,0.0,0.12209,156
1762069950631,BTC,B,Open Long,110937.0,0.00011,0.004881,0.0,0.42347,156
1762069950631,BTC,B,Open Long,110938.0,0.002,0.08875,0.0,0.42358,156
1762069950631,BTC,B,Open Long,110938.0,0.00011,0.004881,0.0,0.42558,156
1762069950631,BTC,B,Open Long,110938.0,0.00019,0.008431,0.0,0.42569,156
1762069950631,BTC,B,Open Long,110939.0,0.0014,0.062125,0.0,0.42588,156
1762069950631,BTC,B,Open Long,110939.0,0.00011,0.004881,0.0,0.42728,156
1762069950631,BTC,B,Open Long,110940.0,0.01,0.44376,0.0,0.42739,156
1762069950631,BTC,B,Open Long,110940.0,0.00805,0.357226,0.0,0.43739,156
1762069950631,BTC,B,Open Long,110940.0,0.00764,0.339032,0.0,0.44544,156
1762069950631,BTC,B,Open Long,110940.0,0.00937,0.415803,0.0,0.45308,156
1762069950631,BTC,B,Open Long,110940.0,0.00011,0.004881,0.0,0.46245,156
1762069950631,BTC,B,Open Long,110940.0,0.00018,0.007987,0.0,0.46256,156
1762069950631,BTC,B,Open Long,110940.0,0.03628,1.609961,0.0,0.46274,156
1762069950631,BTC,B,Open Long,110940.0,0.00019,0.008431,0.0,0.49902,156
1762069950631,BTC,B,Open Long,110941.0,0.00014,0.006212,0.0,0.49921,156
1762069950631,BTC,B,Open Long,110941.0,0.00011,0.004881,0.0,0.49935,156
1762069950631,BTC,B,Open Long,110941.0,0.09013,3.999644,0.0,0.49946,156
1762069950631,BTC,B,Open Long,110942.0,0.00044,0.019525,0.0,0.58959,156
1762069950631,BTC,B,Open Long,110942.0,0.00011,0.004881,0.0,0.59003,156
1762069950631,BTC,B,Open Long,110943.0,0.0001,0.004437,0.0,0.59014,156
1762069950631,BTC,B,Open Long,110943.0,0.00011,0.004881,0.0,0.59024,156
1762069950631,BTC,B,Open Long,110943.0,0.00052,0.023076,0.0,0.59035,156
1762069950631,BTC,B,Open Long,110944.0,0.00027,0.011981,0.0,0.59087,156
1762069950631,BTC,B,Open Long,110944.0,0.00011,0.004881,0.0,0.59114,156
1762069950631,BTC,B,Open Long,110945.0,0.00438,0.194375,0.0,0.59125,156
1762069950631,BTC,B,Open Long,110945.0,0.00011,0.004881,0.0,0.59563,156
1762069950631,BTC,B,Open Long,110945.0,0.01802,0.799691,0.0,0.59574,156
1762069950631,BTC,B,Open Long,110946.0,0.00163,0.072336,0.0,0.61376,156
1762069950631,BTC,B,Open Long,110946.0,0.00014,0.006212,0.0,0.61539,156
1762069950631,BTC,B,Open Long,110946.0,0.00011,0.004881,0.0,0.61553,156
1762069950631,BTC,B,Open Long,110946.0,0.09013,3.999825,0.0,0.61564,156
1762069950631,BTC,B,Open Long,110946.0,0.90149,40.006683,0.0,0.70577,156
1762069950631,BTC,B,Open Long,110947.0,0.00011,0.004881,0.0,1.60726,156
1762069950631,BTC,B,Open Long,110947.0,0.19643,8.717327,0.0,1.60737,156
1762069984955,ETH,B,Open Long,3908.5,0.9599,1.500707,0.0,0.0,157
1762069984955,ETH,B,Open Long,3908.5,0.4894,0.765127,0.0,0.9599,157
1762069984955,ETH,B,Open Long,3908.5,1.8,2.81412,0.0,1.4493,157
1762069984955,ETH,B,Open Long,3908.5,1.8,2.81412,0.0,3.2493,157
1762069984955,ETH,B,Open Long,3908.5,4.6053,7.199926,0.0,5.0493,157
1762069984955,ETH,B,Open Long,3908.5,1.766,2.760964,0.0,9.6546,157
1762069984955,ETH,B,Open Long,3908.5,1.0,1.5634,0.0,11.4206,157
1762069984955,ETH,B,Open Long,3908.5,1.0,1.5634,0.0,12.4206,157
1762069984955,ETH,B,Open Long,3908.5,2.4033,3.757319,0.0,13.4206,157
1762069984955,ETH,B,Open Long,3908.5,4.0501,6.331926,0.0,15.8239,157
1762069984955,ETH,B,Open Long,3908.5,0.6647,1.039191,0.0,19.874,157
1762069984955,ETH,B,Open Long,3908.5,30.6252,47.879437,0.0,20.5387,157
1762076025252,ETH,A,Close Long,3885.2,14.3072,22.234533,-333.35776,51.1639,158
1762076025252,ETH,A,Close Long,3885.2,4.4854,6.97067,-104.50982,36.8567,158
1762076025252,ETH,A,Close Long,3885.2,0.1287,0.20001,-2.99871,32.3713,158
1762076025252,ETH,A,Close Long,3885.2,0.1979,0.307552,-4.61107,32.2426,158
1762076025252,ETH,A,Close Long,3885.2,32.0447,49.800027,-746.64151,32.0447,158
1762076029120,BTC,A,Close Long,110802.0,0.25354,11.237095,-35.799848,1.8038,159
1762076029120,BTC,A,Close Long,110802.0,0.0018,0.079777,-0.25416,1.55026,159
1762076029120,BTC,A,Close Long,110802.0,0.0018,0.079777,-0.25416,1.54846,159
1762076029120,BTC,A,Close Long,110802.0,0.00011,0.004875,-0.015532,1.54666,159
1762076029120,BTC,A,Close Long,110802.0,0.00019,0.00842,-0.026828,1.54655,159
1762076029120,BTC,A,Close Long,110801.0,0.00011,0.004875,-0.015642,1.54636,159
1762076029120,BTC,A,Close Long,110801.0,0.04512,1.999736,-6.416064,1.54625,159
1762076029120,BTC,A,Close Long,110800.0,0.00011,0.004875,-0.015752,1.50113,159
1762076029120,BTC,A,Close Long,110800.0,1.30619,57.89034,-187.046408,1.50102,159
1762076029120,BTC,A,Close Long,110800.0,0.0027,0.119664,-0.38664,0.19483,159
1762076029120,BTC,A,Close Long,110800.0,0.0027,0.119664,-0.38664,0.19213,159
1762076029120,BTC,A,Close Long,110799.0,0.03628,1.607915,-5.231576,0.18943,159
1762076029120,BTC,A,Close Long,110799.0,0.00014,0.006204,-0.020188,0.15315,159
1762076029120,BTC,A,Close Long,110799.0,0.00011,0.004875,-0.015862,0.15301,159
1762076029120,BTC,A,Close Long,110799.0,0.00052,0.023046,-0.074984,0.1529,159
1762076029120,BTC,A,Close Long,110799.0,0.00052,0.023046,-0.074984,0.15238,159
1762076029120,BTC,A,Close Long,110799.0,0.15186,6.730374,-21.898212,0.15186,159
1762082262615,BTC,A,Open Short,110726.0,0.00179,0.023783,0.0,0.0,161
1762082262615,BTC,A,Open Short,110726.0,0.019,0.252455,0.0,-0.00179,161
1762082262615,BTC,A,Open Short,110726.0,0.019,0.252455,0.0,-0.02079,161
1762082262615,BTC,A,Open Short,110726.0,0.0181,0.240496,0.0,-0.03979,161
1762082263739,BTC,A,Open Short,110726.0,0.0181,0.240496,0.0,-0.05789,161
1762082263739,BTC,A,Open Short,110726.0,0.0089,0.118255,0.0,-0.07599,161
1762082263868,BTC,A,Open Short,110726.0,0.1083,1.438995,0.0,-0.08489,161
1762082263942,BTC,A,Open Short,110726.0,0.0092,0.122241,0.0,-0.19319,161
1762082264340,BTC,A,Open Short,110726.0,0.01141,0.151606,0.0,-0.20239,161
1762082264814,BTC,A,Open Short,110726.0,0.00196,0.026042,0.0,-0.2138,161
1762082264943,BTC,A,Open Short,110726.0,0.00904,0.120115,0.0,-0.21576,161
1762082264943,BTC,A,Open Short,110726.0,0.00968,0.128619,0.0,-0.2248,161
1762082266233,BTC,A,Open Short,110726.0,0.0149,0.197978,0.0,-0.23448,161
1762082267779,BTC,A,Open Short,110726.0,0.1083,1.438995,0.0,-0.24938,161
1762082267852,BTC,A,Open Short,110726.0,0.01199,0.159312,0.0,-0.35768,161
1762082268256,BTC,A,Open Short,110726.0,0.01616,0.214719,0.0,-0.36967,161
1762082270908,BTC,A,Open Short,110726.0,0.1083,1.438995,0.0,-0.38583,161
1762082272056,BTC,A,Open Short,110726.0,0.0001,0.001328,0.0,-0.49413,161
1762082274018,BTC,A,Open Short,110726.0,0.00011,0.001461,0.0,-0.49423,161
1762082275018,BTC,A,Open Short,110726.0,0.00034,0.004517,0.0,-0.49434,161
1762082275122,BTC,A,Open Short,110726.0,0.00029,0.003853,0.0,-0.49468,161
1762082275122,BTC,A,Open Short,110726.0,0.00013,0.001727,0.0,-0.49497,161
1762082276128,BTC,A,Open Short,110726.0,0.1083,1.438995,0.0,-0.4951,161
1762082276345,BTC,A,Open Short,110726.0,0.00853,0.113339,0.0,-0.6034,161
1762082280084,BTC,A,Open Short,110726.0,0.00246,0.032686,0.0,-0.61193,161
1762082280465,BTC,A,Open Short,110726.0,0.0034,0.045176,0.0,-0.61439,161
1762082281096,BTC,A,Open Short,110726.0,0.00035,0.00465,0.0,-0.61779,161
1762082282781,BTC,A,Open Short,110726.0,1.18812,15.786693,0.0,-0.61814,161
1762083005357,ETH,A,Open Short,3885.0,0.0793,0.036969,0.0,0.0,160
1762083005357,ETH,A,Open Short,3885.0,0.232,0.108158,0.0,-0.0793,160
1762083005357,ETH,A,Open Short,3885.0,0.144,0.067132,0.0,-0.3113,160
1762083005357,ETH,A,Open Short,3885.0,0.209,0.097435,0.0,-0.4553,160
1762083005357,ETH,A,Open Short,3885.0,0.258,0.120279,0.0,-0.6643,160
1762083005357,ETH,A,Open Short,3885.0,0.232,0.108158,0.0,-0.9223,160
1762083005357,ETH,A,Open Short,3885.0,0.129,0.060139,0.0,-1.1543,160
1762083005357,ETH,A,Open Short,3885.0,0.244,0.113752,0.0,-1.2833,160
1762083005357,ETH,A,Open Short,3885.0,0.209,0.097435,0.0,-1.5273,160
1762083005357,ETH,A,Open Short,3885.0,0.129,0.060139,0.0,-1.7363,160
1762083005357,ETH,A,Open Short,3885.0,0.129,0.060139,0.0,-1.8653,160
1762083005357,ETH,A,Open Short,3885.0,0.209,0.097435,0.0,-1.9943,160
1762083005357,ETH,A,Open Short,3885.0,0.142,0.0662,0.0,-2.2033,160
1762083005357,ETH,A,Open Short,3885.0,0.209,0.097435,0.0,-2.3453,160
1762083005357,ETH,A,Open Short,3885.0,0.162,0.075524,0.0,-2.5543,160
1762083005357,ETH,A,Open Short,3885.0,0.258,0.120279,0.0,-2.7163,160
1762083005357,ETH,A,Open Short,3885.0,0.232,0.108158,0.0,-2.9743,160
1762083005357,ETH,A,Open Short,3885.0,0.23,0.107226,0.0,-3.2063,160
1762083005357,ETH,A,Open Short,3885.0,0.244,0.113752,0.0,-3.4363,160
1762083005357,ETH,A,Open Short,3885.0,0.209,0.097435,0.0,-3.6803,160
1762083005357,ETH,A,Open Short,3885.0,0.129,0.060139,0.0,-3.8893,160
1762083005357,ETH,A,Open Short,3885.0,0.142,0.0662,0.0,-4.0183,160
1762083005357,ETH,A,Open Short,3885.0,0.244,0.113752,0.0,-4.1603,160
1762083005357,ETH,A,Open Short,3885.0,0.219,0.102097,0.0,-4.4043,160
1762083005357,ETH,A,Open Short,3885.0,0.258,0.120279,0.0,-4.6233,160
1762083005357,ETH,A,Open Short,3885.0,0.209,0.097435,0.0,-4.8813,160
1762083005357,ETH,A,Open Short,3885.0,0.219,0.102097,0.0,-5.0903,160
1762083005357,ETH,A,Open Short,3885.0,0.23,0.107226,0.0,-5.3093,160
1762083005357,ETH,A,Open Short,3885.0,0.207,0.096503,0.0,-5.5393,160
1762083005357,ETH,A,Open Short,3885.0,0.258,0.120279,0.0,-5.7463,160
1762083005357,ETH,A,Open Short,3885.0,0.258,0.120279,0.0,-6.0043,160
1762083005357,ETH,A,Open Short,3885.0,0.244,0.113752,0.0,-6.2623,160
1762083005357,ETH,A,Open Short,3885.0,0.244,0.113752,0.0,-6.5063,160
1762083005357,ETH,A,Open Short,3885.0,0.256,0.119347,0.0,-6.7503,160
1762083005357,ETH,A,Open Short,3885.0,0.219,0.102097,0.0,-7.0063,160
1762083005357,ETH,A,Open Short,3885.0,0.22,0.102564,0.0,-7.2253,160
1762083005357,ETH,A,Open Short,3885.0,0.258,0.120279,0.0,-7.4453,160
1762083005357,ETH,A,Open Short,3885.0,0.142,0.0662,0.0,-7.7033,160
1762083005357,ETH,A,Open Short,3885.0,0.157,0.073193,0.0,-7.8453,160
1762083005357,ETH,A,Open Short,3885.0,0.217,0.101165,0.0,-8.0023,160
1762083005357,ETH,A,Open Short,3885.0,0.129,0.060139,0.0,-8.2193,160
1762083005357,ETH,A,Open Short,3885.0,0.244,0.113752,0.0,-8.3483,160
1762083005357,ETH,A,Open Short,3885.0,0.142,0.0662,0.0,-8.5923,160
1762083005357,ETH,A,Open Short,3885.0,0.258,0.120279,0.0,-8.7343,160
1762083005357,ETH,A,Open Short,3885.0,0.144,0.067132,0.0,-8.9923,160
1762083005357,ETH,A,Open Short,3885.0,0.258,0.120279,0.0,-9.1363,160
1762083005357,ETH,A,Open Short,3885.0,0.26,0.121212,0.0,-9.3943,160
1762083005357,ETH,A,Open Short,3885.0,0.15,0.06993,0.0,-9.6543,160
1762083005357,ETH,A,Open Short,3885.0,0.26,0.121212,0.0,-9.8043,160
1762083005357,ETH,A,Open Short,3885.0,0.15,0.06993,0.0,-10.0643,160
1762083005357,ETH,A,Open Short,3885.0,0.26,0.121212,0.0,-10.2143,160
1762083005357,ETH,A,Open Short,3885.0,0.26,0.121212,0.0,-10.4743,160
1762083005357,ETH,A,Open Short,3885.0,0.26,0.121212,0.0,-10.7343,160
1762083005357,ETH,A,Open Short,3885.0,0.26,0.121212,0.0,-10.9943,160
1762083005357,ETH,A,Open Short,3885.0,0.1609,0.075011,0.0,-11.2543,160
1762083005357,ETH,A,Open Short,3885.0,0.26,0.121212,0.0,-11.4152,160
1762083005357,ETH,A,Open Short,3885.0,0.25,0.11655,0.0,-11.6752,160
1762083005357,ETH,A,Open Short,3885.0,0.25,0.11655,0.0,-11.9252,160
1762083005357,ETH,A,Open Short,3885.0,0.207,0.096503,0.0,-12.1752,160
1762083005357,ETH,A,Open Short,3885.0,0.136,0.063403,0.0,-12.3822,160
1762083005357,ETH,A,Open Short,3885.0,0.242,0.11282,0.0,-12.5182,160
1762083005357,ETH,A,Open Short,3885.0,0.142,0.0662,0.0,-12.7602,160
1762083005357,ETH,A,Open Short,3885.0,0.24,0.111888,0.0,-12.9022,160
1762083005357,ETH,A,Open Short,3885.0,0.14,0.065268,0.0,-13.1422,160
1762083005357,ETH,A,Open Short,3885.0,0.14,0.065268,0.0,-13.2822,160
1762083005357,ETH,A,Open Short,3885.0,0.13,0.060606,0.0,-13.4222,160
1762083005357,ETH,A,Open Short,3885.0,0.13,0.060606,0.0,-13.5522,160
1762083005357,ETH,A,Open Short,3885.0,0.13,0.060606,0.0,-13.6822,160
1762083005357,ETH,A,Open Short,3885.0,0.21,0.097902,0.0,-13.8122,160
1762083005357,ETH,A,Open Short,3885.0,0.13,0.060606,0.0,-14.0222,160
1762083005357,ETH,A,Open Short,3885.0,0.26,0.121212,0.0,-14.1522,160
1762083005490,ETH,A,Open Short,3885.0,0.13,0.060606,0.0,-14.4122,160
1762083005490,ETH,A,Open Short,3885.0,0.26,0.121212,0.0,-14.5422,160
1762083005490,ETH,A,Open Short,3885.0,0.24,0.111888,0.0,-14.8022,160
1762083005490,ETH,A,Open Short,3885.0,36.4378,16.987302,0.0,-15.0422,160
1762151283004,ETH,B,Close Short,3721.4,0.2311,0.103201,37.80796,-51.48,162
1762151285097,ETH,B,Close Short,3721.4,0.1282,0.05725,20.97352,-51.2489,162
1762151291054,ETH,B,Close Short,3721.4,0.0033,0.001473,0.53988,-51.1207,162
1762151447621,ETH,A,Open Short,3719.2,53.7619,79.980503,0.0,-51.1174,163
1762345454104,BTC,B,Close Short,102409.0,0.34315,14.056659,2853.97855,-1.80626,164
1762345454104,BTC,B,Close Short,102409.0,0.33214,13.60565,2762.40838,-1.46311,164
1762345454104,BTC,B,Close Short,102409.0,0.41404,16.960568,3443.529276,-1.13097,164
1762345454104,BTC,B,Close Short,102409.0,0.11106,4.549417,923.674914,-0.71693,164
1762345454104,BTC,B,Close Short,102409.0,0.34315,14.056659,2853.944235,-0.60587,164
1762345454104,BTC,B,Close Short,102409.0,0.26272,10.761956,2185.015968,-0.26272,164
1762345459237,ETH,B,Close Short,3333.0,67.4487,89.922606,31498.5429,-104.8793,165
1762345459237,ETH,B,Close Short,3333.2,0.0045,0.005999,2.1006,-37.4306,165
1762345459237,ETH,B,Close Short,3333.3,1.0909,1.454518,509.12303,-37.4261,165
1762345459237,ETH,B,Close Short,3333.3,1.0865,1.448652,507.06955,-36.3352,165
1762345459237,ETH,B,Close Short,3333.3,35.2487,46.997796,16450.56829,-35.2487,165
1762433116089,ETH,A,Open Short,3351.3,0.1709,0.068728,0.0,0.0,166
1762433116296,ETH,A,Open Short,3351.3,0.15,0.060323,0.0,-0.1709,166
1762433116650,ETH,A,Open Short,3351.3,0.11,0.044237,0.0,-0.3209,166
1762433116650,ETH,A,Open Short,3351.3,0.08,0.032172,0.0,-0.4309,166
1762433116650,ETH,A,Open Short,3351.3,0.15,0.060323,0.0,-0.5109,166
1762433116650,ETH,A,Open Short,3351.3,0.19,0.076409,0.0,-0.6609,166
1762433116650,ETH,A,Open Short,3351.3,0.19,0.076409,0.0,-0.8509,166
1762433116650,ETH,A,Open Short,3351.3,0.19,0.076409,0.0,-1.0409,166
1762433116706,ETH,A,Open Short,3351.3,0.19,0.076409,0.0,-1.2309,166
1762433116706,ETH,A,Open Short,3351.3,0.19,0.076409,0.0,-1.4209,166
1762433116706,ETH,A,Open Short,3351.3,0.15,0.060323,0.0,-1.6109,166
1762433116706,ETH,A,Open Short,3351.3,2.2456,0.903081,0.0,-1.7609,166
1762433116706,ETH,A,Open Short,3351.3,0.01,0.004021,0.0,-4.0065,166
1762433116781,ETH,A,Open Short,3351.3,0.19,0.076409,0.0,-4.0165,166
1762433116781,ETH,A,Open Short,3351.3,0.19,0.076409,0.0,-4.2065,166
1762433116781,ETH,A,Open Short,3351.3,0.0145,0.005831,0.0,-4.3965,166
1762433116781,ETH,A,Open Short,3351.3,0.0145,0.005831,0.0,-4.411,166
1762433116781,ETH,A,Open Short,3351.3,0.0145,0.005831,0.0,-4.4255,166
1762433116781,ETH,A,Open Short,3351.3,0.0145,0.005831,0.0,-4.44,166
1762433116781,ETH,A,Open Short,3351.3,2.25,0.904851,0.0,-4.4545,166
1762433116894,ETH,A,Open Short,3351.3,0.05,0.020107,0.0,-6.7045,166
1762433116894,ETH,A,Open Short,3351.3,0.0107,0.004303,0.0,-6.7545,166
1762433116894,ETH,A,Open Short,3351.3,0.0145,0.005831,0.0,-6.7652,166
1762433116894,ETH,A,Open Short,3351.3,0.15,0.060323,0.0,-6.7797,166
1762433116978,ETH,A,Open Short,3351.3,0.0044,0.001769,0.0,-6.9297,166
1762433116978,ETH,A,Open Short,3351.3,0.0145,0.005831,0.0,-6.9341,166
1762433117240,ETH,A,Open Short,3351.3,0.19,0.076409,0.0,-6.9486,166
1762433117308,ETH,A,Open Short,3351.3,0.19,0.076409,0.0,-7.1386,166
1762433117308,ETH,A,Open Short,3351.3,0.09,0.036194,0.0,-7.3286,166
1762433117526,ETH,A,Open Short,3351.3,1.017,0.408992,0.0,-7.4186,166
1762433117572,ETH,A,Open Short,3351.3,52.586,21.147775,0.0,-8.4356,166
1762433117708,ETH,A,Open Short,3351.3,55.0895,22.154572,0.0,-61.0216,166
1762433117708,ETH,A,Open Short,3351.3,0.0062,0.002493,0.0,-116.1111,166
1762433117896,ETH,A,Open Short,3351.3,3.2393,1.302703,0.0,-116.1173,166
1762435071902,ETH,B,Close Short,3381.8,1.38,1.866753,-42.09,-119.3566,167
1762435071902,ETH,B,Close Short,3381.8,2.3,3.111256,-70.15,-117.9766,167
1762435071902,ETH,B,Close Short,3381.8,0.3338,0.451537,-10.1809,-115.6766,167
1762435071902,ETH,B,Close Short,3381.8,1.38,1.866753,-42.09,-115.3428,167
1762435071902,ETH,B,Close Short,3381.8,3.5,4.73452,-106.75,-113.9628,167
1762435071902,ETH,B,Close Short,3381.8,5.6614,7.658289,-172.6727,-110.4628,167
1762435071902,ETH,B,Close Short,3381.8,0.4756,0.643353,-14.5058,-104.8014,167
1762435071902,ETH,B,Close Short,3381.8,2.3,3.111256,-70.15,-104.3258,167
1762435071902,ETH,B,Close Short,3381.8,5.9157,8.002285,-180.42885,-102.0258,167
1762435071902,ETH,B,Close Short,3381.8,1.143,1.546158,-34.8615,-96.1101,167
1762435071902,ETH,B,Close Short,3381.8,11.8635,16.047993,-361.83675,-94.9671,167
1762435071902,ETH,B,Close Short,3381.8,5.9154,8.001879,-180.4197,-83.1036,167
1762435071902,ETH,B,Close Short,3381.8,2.1,2.840712,-64.05,-77.1882,167
1762435071902,ETH,B,Close Short,3381.8,14.2296,19.248664,-434.0028,-75.0882,167
1762435071902,ETH,B,Close Short,3381.8,60.8586,82.324645,-1856.1873,-60.8586,167
1762447198026,ETH,B,Open Long,3271.0,10.7809,4.231718,0.0,0.0,169
1762447198026,ETH,B,Open Long,3271.0,0.5906,0.231822,0.0,10.7809,169
1762447198026,ETH,B,Open Long,3271.0,1.6939,0.664889,0.0,11.3715,169
1762447198026,ETH,B,Open Long,3271.0,0.3668,0.143976,0.0,13.0654,169
1762447198116,ETH,B,Open Long,3271.0,0.31,0.121681,0.0,13.4322,169
1762447198242,ETH,B,Open Long,3271.0,0.24,0.094204,0.0,13.7422,169
1762447198242,ETH,B,Open Long,3271.0,0.23,0.090279,0.0,13.9822,169
1762447198242,ETH,B,Open Long,3271.0,0.23,0.090279,0.0,14.2122,169
1762447198242,ETH,B,Open Long,3271.0,0.29,0.11383,0.0,14.4422,169
1762447198242,ETH,B,Open Long,3271.0,0.23,0.090279,0.0,14.7322,169
1762447198242,ETH,B,Open Long,3271.0,0.273,0.107157,0.0,14.9622,169
1762447198242,ETH,B,Open Long,3271.0,0.289,0.113438,0.0,15.2352,169
1762447198242,ETH,B,Open Long,3271.0,0.275,0.107943,0.0,15.5242,169
1762447198242,ETH,B,Open Long,3271.0,0.28,0.109905,0.0,15.7992,169
1762447198242,ETH,B,Open Long,3271.0,0.23,0.090279,0.0,16.0792,169
1762447198242,ETH,B,Open Long,3271.0,0.25,0.09813,0.0,16.3092,169
1762447198242,ETH,B,Open Long,3271.0,0.248,0.097344,0.0,16.5592,169
1762447198242,ETH,B,Open Long,3271.0,0.273,0.107157,0.0,16.8072,169
1762447198320,ETH,B,Open Long,3271.0,0.29,0.11383,0.0,17.0802,169
1762447198320,ETH,B,Open Long,3271.0,0.31,0.121681,0.0,17.3702,169
1762447198320,ETH,B,Open Long,3271.0,0.23,0.090279,0.0,17.6802,169
1762447198320,ETH,B,Open Long,3271.0,0.275,0.107943,0.0,17.9102,169
1762447198320,ETH,B,Open Long,3271.0,0.248,0.097344,0.0,18.1852,169
1762447198320,ETH,B,Open Long,3271.0,0.273,0.107157,0.0,18.4332,169
1762447198320,ETH,B,Open Long,3271.0,0.248,0.097344,0.0,18.7062,169
1762447198320,ETH,B,Open Long,3271.0,0.31,0.121681,0.0,18.9542,169
1762447198320,ETH,B,Open Long,3271.0,0.275,0.107943,0.0,19.2642,169
1762447198320,ETH,B,Open Long,3271.0,0.24,0.094204,0.0,19.5392,169
1762447198320,ETH,B,Open Long,3271.0,0.306,0.120111,0.0,19.7792,169
1762447198320,ETH,B,Open Long,3271.0,0.275,0.107943,0.0,20.0852,169
1762447198320,ETH,B,Open Long,3271.0,0.24,0.094204,0.0,20.3602,169
1762447198320,ETH,B,Open Long,3271.0,0.19,0.074578,0.0,20.6002,169
1762447198320,ETH,B,Open Long,3271.0,0.23,0.090279,0.0,20.7902,169
1762447198320,ETH,B,Open Long,3271.0,0.19,0.074578,0.0,21.0202,169
1762447198320,ETH,B,Open Long,3271.0,0.27,0.10598,0.0,21.2102,169
1762447198320,ETH,B,Open Long,3271.0,0.24,0.094204,0.0,21.4802,169
1762447198320,ETH,B,Open Long,3271.0,0.29,0.11383,0.0,21.7202,169
1762447198320,ETH,B,Open Long,3271.0,0.24,0.094204,0.0,22.0102,169
1762447198320,ETH,B,Open Long,3271.0,0.28,0.109905,0.0,22.2502,169
1762447198320,ETH,B,Open Long,3271.0,0.248,0.097344,0.0,22.5302,169
1762447198320,ETH,B,Open Long,3271.0,0.275,0.107943,0.0,22.7782,169
1762447198320,ETH,B,Open Long,3271.0,0.248,0.097344,0.0,23.0532,169
1762447198320,ETH,B,Open Long,3271.0,0.28,0.109905,0.0,23.3012,169
1762447198320,ETH,B,Open Long,3271.0,0.23,0.090279,0.0,23.5812,169
1762447198320,ETH,B,Open Long,3271.0,0.24,0.094204,0.0,23.8112,169
1762447198320,ETH,B,Open Long,3271.0,0.31,0.121681,0.0,24.0512,169
1762447198320,ETH,B,Open Long,3271.0,0.2,0.078504,0.0,24.3612,169
1762447198320,ETH,B,Open Long,3271.0,0.23,0.090279,0.0,24.5612,169
1762447198389,ETH,B,Open Long,3271.0,0.25,0.09813,0.0,24.7912,169
1762447198389,ETH,B,Open Long,3271.0,0.19,0.074578,0.0,25.0412,169
1762447198389,ETH,B,Open Long,3271.0,0.19,0.074578,0.0,25.2312,169
1762447198389,ETH,B,Open Long,3271.0,0.25,0.09813,0.0,25.4212,169
1762447198389,ETH,B,Open Long,3271.0,0.29,0.11383,0.0,25.6712,169
1762447198389,ETH,B,Open Long,3271.0,0.22,0.086354,0.0,25.9612,169
1762447198389,ETH,B,Open Long,3271.0,0.26,0.102055,0.0,26.1812,169
1762447198389,ETH,B,Open Long,3271.0,0.19,0.074578,0.0,26.4412,169
1762447198389,ETH,B,Open Long,3271.0,0.21,0.082429,0.0,26.6312,169
1762447198521,ETH,B,Open Long,3271.0,0.31,0.121681,0.0,26.8412,169
1762447198521,ETH,B,Open Long,3271.0,0.28,0.109905,0.0,27.1512,169
1762447198521,ETH,B,Open Long,3271.0,0.03,0.011775,0.0,27.4312,169
1762447198521,ETH,B,Open Long,3271.0,0.19,0.074578,0.0,27.4612,169
1762447198521,ETH,B,Open Long,3271.0,0.275,0.107943,0.0,27.6512,169
1762447198521,ETH,B,Open Long,3271.0,0.248,0.097344,0.0,27.9262,169
1762447198521,ETH,B,Open Long,3271.0,0.304,0.119326,0.0,28.1742,169
1762447198521,ETH,B,Open Long,3271.0,0.22,0.086354,0.0,28.4782,169
1762447198521,ETH,B,Open Long,3271.0,0.25,0.09813,0.0,28.6982,169
1762447198521,ETH,B,Open Long,3271.0,0.19,0.074578,0.0,28.9482,169
1762447198521,ETH,B,Open Long,3271.0,0.19,0.074578,0.0,29.1382,169
1762447198521,ETH,B,Open Long,3271.0,1.2434,0.488059,0.0,29.3282,169
1762447199175,ETH,B,Open Long,3269.0,30.5903,11.999962,0.0,30.5716,168
1762448012291,ETH,A,Close Long,3280.0,0.161,0.063369,1.61161,61.1619,170
1762448012291,ETH,A,Close Long,3280.0,0.254,0.099974,2.54254,61.0009,170
1762448012291,ETH,A,Close Long,3280.0,0.18,0.070848,1.8018,60.7469,170
1762448012291,ETH,A,Close Long,3280.0,0.17,0.066912,1.7017,60.5669,170
1762448012291,ETH,A,Close Long,3280.0,0.161,0.063369,1.61161,60.3969,170
1762448012291,ETH,A,Close Long,3280.0,0.1,0.03936,1.001,60.2359,170
1762448012291,ETH,A,Close Long,3280.0,0.157,0.061795,1.57157,60.1359,170
1762448012291,ETH,A,Close Long,3280.0,0.17,0.066912,1.7017,59.9789,170
1762448012291,ETH,A,Close Long,3280.0,0.161,0.063369,1.61161,59.8089,170
1762448012291,ETH,A,Close Long,3280.0,0.153,0.06022,1.53153,59.6479,170
1762448012291,ETH,A,Close Long,3280.0,0.153,0.06022,1.53153,59.4949,170
1762448012291,ETH,A,Close Long,3280.0,0.16,0.062976,1.6016,59.3419,170
1762448012291,ETH,A,Close Long,3280.0,0.189,0.07439,1.89189,59.1819,170
1762448012291,ETH,A,Close Long,3280.0,0.153,0.06022,1.53153,58.9929,170
1762448012451,ETH,A,Close Long,3280.0,0.153,0.06022,1.53153,58.8399,170
1762448012451,ETH,A,Close Long,3280.0,0.234,0.092102,2.34234,58.6869,170
1762448012451,ETH,A,Close Long,3280.0,0.161,0.063369,1.61161,58.4529,170
1762448012451,ETH,A,Close Long,3280.0,0.17,0.066912,1.7017,58.2919,170
1762448012451,ETH,A,Close Long,3280.0,0.153,0.06022,1.53153,58.1219,170
1762448012451,ETH,A,Close Long,3280.0,0.161,0.063369,1.61161,57.9689,170
1762448012451,ETH,A,Close Long,3280.0,0.161,0.063369,1.61161,57.8079,170
1762448012451,ETH,A,Close Long,3280.0,0.198,0.077932,1.98198,57.6469,170
1762448012451,ETH,A,Close Long,3280.0,0.153,0.06022,1.53153,57.4489,170
1762448012451,ETH,A,Close Long,3280.0,0.201,0.079113,2.01201,57.2959,170
1762448012451,ETH,A,Close Long,3280.0,0.16,0.062976,1.6016,57.0949,170
1762448012451,ETH,A,Close Long,3280.0,0.08,0.031488,0.8008,56.9349,170
1762448012451,ETH,A,Close Long,3280.0,0.13,0.051168,1.3013,56.8549,170
1762448012451,ETH,A,Close Long,3280.0,0.16,0.062976,1.6016,56.7249,170
1762448012451,ETH,A,Close Long,3280.0,0.16,0.062976,1.6016,56.5649,170
1762448012451,ETH,A,Close Long,3280.0,0.282,0.110995,2.82282,56.4049,170
1762448012451,ETH,A,Close Long,3280.0,0.16,0.062976,1.6016,56.1229,170
1762448012451,ETH,A,Close Long,3280.0,0.16,0.062976,1.6016,55.9629,170
1762448012451,ETH,A,Close Long,3280.0,0.18,0.070848,1.8018,55.8029,170
1762448012451,ETH,A,Close Long,3280.0,0.16,0.062976,1.6016,55.6229,170
1762448012451,ETH,A,Close Long,3280.0,0.22,0.086592,2.2022,55.4629,170
1762448012451,ETH,A,Close Long,3280.0,0.161,0.063369,1.61161,55.2429,170
1762448012451,ETH,A,Close Long,3280.0,0.14,0.055104,1.4014,55.0819,170
1762448012451,ETH,A,Close Long,3280.0,0.16,0.062976,1.6016,54.9419,170
1762448012451,ETH,A,Close Long,3280.0,0.17,0.066912,1.7017,54.7819,170
1762448012451,ETH,A,Close Long,3280.0,0.16,0.062976,1.6016,54.6119,170
1762448012451,ETH,A,Close Long,3280.0,0.201,0.079113,2.01201,54.4519,170
1762448012451,ETH,A,Close Long,3280.0,0.16,0.062976,1.6016,54.2509,170
1762448012451,ETH,A,Close Long,3280.0,0.17,0.066912,1.7017,54.0909,170
1762448012451,ETH,A,Close Long,3280.0,0.305,0.120048,3.05305,53.9209,170
1762448012451,ETH,A,Close Long,3280.0,0.17,0.066912,1.7017,53.6159,170
1762448012497,ETH,A,Close Long,3280.0,0.18,0.070848,1.8018,53.4459,170
1762448012497,ETH,A,Close Long,3280.0,0.18,0.070848,1.8018,53.2659,170
1762448012497,ETH,A,Close Long,3280.0,0.16,0.062976,1.6016,53.0859,170
1762448012497,ETH,A,Close Long,3280.0,0.21,0.082656,2.1021,52.9259,170
1762448012497,ETH,A,Close Long,3280.0,0.12,0.047232,1.2012,52.7159,170
1762448012497,ETH,A,Close Long,3280.0,0.189,0.07439,1.89189,52.5959,170
1762448012497,ETH,A,Close Long,3280.0,0.1,0.03936,1.001,52.4069,170
1762448012497,ETH,A,Close Long,3280.0,0.29,0.114144,2.9029,52.3069,170
1762448012497,ETH,A,Close Long,3280.0,0.16,0.062976,1.6016,52.0169,170
1762448012497,ETH,A,Close Long,3280.0,0.153,0.06022,1.53153,51.8569,170
1762448012497,ETH,A,Close Long,3280.0,0.1,0.03936,1.001,51.7039,170
1762448012604,ETH,A,Close Long,3280.0,0.2,0.07872,2.002,51.6039,170
1762448012604,ETH,A,Close Long,3280.0,0.161,0.063369,1.61161,51.4039,170
1762448012604,ETH,A,Close Long,3280.0,0.228,0.08974,2.28228,51.2429,170
1762448012777,ETH,A,Close Long,3280.0,0.275,0.10824,2.75275,51.0149,170
1762448012777,ETH,A,Close Long,3280.0,0.19,0.074784,1.9019,50.7399,170
1762448012777,ETH,A,Close Long,3280.0,0.18,0.070848,1.8018,50.5499,170
1762448012777,ETH,A,Close Long,3280.0,0.161,0.063369,1.61161,50.3699,170
1762448012777,ETH,A,Close Long,3280.0,0.268,0.105484,2.68268,50.2089,170
1762448012777,ETH,A,Close Long,3280.0,0.275,0.10824,2.75275,49.9409,170
1762448012777,ETH,A,Close Long,3280.0,0.268,0.105484,2.68268,49.6659,170
1762448012777,ETH,A,Close Long,3280.0,0.23,0.090528,2.3023,49.3979,170
1762448012777,ETH,A,Close Long,3280.0,0.205,0.080688,2.05205,49.1679,170
1762448012777,ETH,A,Close Long,3280.0,0.289,0.11375,2.89289,48.9629,170
1762448012777,ETH,A,Close Long,3280.0,0.261,0.102729,2.61261,48.6739,170
1762448012777,ETH,A,Close Long,3280.0,0.27,0.106272,2.7027,48.4129,170
1762448012777,ETH,A,Close Long,3280.0,0.203,0.0799,2.03203,48.1429,170
1762448012777,ETH,A,Close Long,3280.0,0.305,0.120048,3.05305,47.9399,170
1762448012777,ETH,A,Close Long,3280.0,0.235,0.092496,2.35235,47.6349,170
1762448012777,ETH,A,Close Long,3280.0,0.19,0.074784,1.9019,47.3999,170
1762448012777,ETH,A,Close Long,3280.0,0.18,0.070848,1.8018,47.2099,170
1762448012777,ETH,A,Close Long,3280.0,0.11,0.043296,1.1011,47.0299,170
1762448012834,ETH,A,Close Long,3280.0,0.165,0.064944,1.65165,46.9199,170
1762448012834,ETH,A,Close Long,3280.0,0.261,0.102729,2.61261,46.7549,170
1762448012834,ETH,A,Close Long,3280.0,0.262,0.103123,2.62262,46.4939,170
1762448012834,ETH,A,Close Long,3280.0,0.2,0.07872,2.002,46.2319,170
1762448012834,ETH,A,Close Long,3280.0,0.17,0.066912,1.7017,46.0319,170
1762448012834,ETH,A,Close Long,3280.0,0.161,0.063369,1.61161,45.8619,170
1762448012834,ETH,A,Close Long,3280.0,0.161,0.063369,1.61161,45.7009,170
1762448012834,ETH,A,Close Long,3280.0,0.275,0.10824,2.75275,45.5399,170
1762448012834,ETH,A,Close Long,3280.0,0.31,0.122016,3.1031,45.2649,170
1762448012834,ETH,A,Close Long,3280.0,0.03,0.011808,0.3003,44.9549,170
1762448012902,ETH,A,Close Long,3280.0,0.173,0.068092,1.73173,44.9249,170
1762448013055,ETH,A,Close Long,3280.0,0.161,0.063369,1.61161,44.7519,170
1762448013119,ETH,A,Close Long,3280.0,0.267,0.105091,2.67267,44.5909,170
1762448014003,ETH,A,Close Long,3280.0,10.4278,4.104382,104.382278,44.3239,170
1762448014811,ETH,A,Close Long,3280.0,0.914,0.35975,9.14914,33.8961,170
1762448015324,ETH,A,Close Long,3280.0,0.06,0.023616,0.6006,32.9821,170
1762448015734,ETH,A,Close Long,3280.0,0.0633,0.024914,0.633633,32.9221,170
1762448016407,ETH,A,Close Long,3280.0,0.7619,0.299883,7.626619,32.8588,170
1762448016684,ETH,A,Close Long,3280.0,0.914,0.35975,9.14914,32.0969,170
1762448018299,ETH,A,Close Long,3280.0,0.014,0.00551,0.14014,31.1829,170
1762448018299,ETH,A,Close Long,3280.0,31.1688,12.268039,311.999688,31.1689,170
1762450268902,ETH,A,Close Long,3299.5,0.0001,0.000131,0.002951,0.0001,171
1762470184089,ETH,B,Open Long,3309.0,0.2413,0.095815,0.0,0.0,172
1762470190052,ETH,B,Open Long,3309.0,0.5633,0.223675,0.0,0.2413,172
1762470240439,ETH,B,Open Long,3309.0,2.58,1.024466,0.0,0.8046,172
1762470240655,ETH,B,Open Long,3309.0,0.6263,0.248691,0.0,3.3846,172
1762470240655,ETH,B,Open Long,3309.0,63.7635,25.31921,0.0,4.0109,172
1762470240655,ETH,B,Open Long,3309.0,2.3843,0.946757,0.0,67.7744,172
1762470240781,ETH,B,Open Long,3309.0,50.7237,20.141366,0.0,70.1587,172
1762475605411,ETH,A,Close Long,3311.0,59.4265,23.611336,118.853,120.8824,173
1762475605730,ETH,A,Close Long,3311.0,0.0065,0.002582,0.013,61.4559,173
1762475605821,ETH,A,Close Long,3311.0,56.9495,22.627175,113.899,61.4494,173
1762475605867,ETH,A,Close Long,3311.0,2.02,0.802586,4.04,4.4999,173
1762475605867,ETH,A,Close Long,3311.0,2.4798,0.985274,4.9596,2.4799,173
1762475642600,ETH,A,Close Long,3314.8,0.0001,0.000132,0.00058,0.0001,174
1762477782162,ETH,B,Open Long,3301.0,60.5877,23.999999,0.0,0.0,175
1762477793972,ETH,B,Open Long,3297.0,0.0566,0.022393,0.0,60.5877,176
1762477793972,ETH,B,Open Long,3297.0,0.287,0.113548,0.0,60.6443,176
1762477793972,ETH,B,Open Long,3297.0,0.31,0.122648,0.0,60.9313,176
1762477793972,ETH,B,Open Long,3297.0,0.29,0.114735,0.0,61.2413,176
1762477793972,ETH,B,Open Long,3297.0,0.273,0.108009,0.0,61.5313,176
1762477793972,ETH,B,Open Long,3297.0,0.273,0.108009,0.0,61.8043,176
1762477793972,ETH,B,Open Long,3297.0,0.273,0.108009,0.0,62.0773,176
1762477793972,ETH,B,Open Long,3297.0,0.168,0.066467,0.0,62.3503,176
1762477793972,ETH,B,Open Long,3297.0,0.301,0.119087,0.0,62.5183,176
1762477793972,ETH,B,Open Long,3297.0,0.08,0.031651,0.0,62.8193,176
1762477793972,ETH,B,Open Long,3297.0,0.273,0.108009,0.0,62.8993,176
1762477793972,ETH,B,Open Long,3297.0,0.301,0.119087,0.0,63.1723,176
1762477793972,ETH,B,Open Long,3297.0,0.08,0.031651,0.0,63.4733,176
1762477793972,ETH,B,Open Long,3297.0,0.246,0.097327,0.0,63.5533,176
1762477793972,ETH,B,Open Long,3297.0,0.16,0.063302,0.0,63.7993,176
1762477793972,ETH,B,Open Long,3297.0,0.25,0.09891,0.0,63.9593,176
1762477793972,ETH,B,Open Long,3297.0,0.273,0.108009,0.0,64.2093,176
1762477793972,ETH,B,Open Long,3297.0,0.287,0.113548,0.0,64.4823,176
1762477794090,ETH,B,Open Long,3297.0,0.168,0.066467,0.0,64.7693,176
1762477794090,ETH,B,Open Long,3297.0,0.124,0.049059,0.0,64.9373,176
1762477794090,ETH,B,Open Long,3297.0,0.222,0.087832,0.0,65.0613,176
1762477794090,ETH,B,Open Long,3297.0,0.301,0.119087,0.0,65.2833,176
1762477794090,ETH,B,Open Long,3297.0,0.301,0.119087,0.0,65.5843,176
1762477794090,ETH,B,Open Long,3297.0,0.287,0.113548,0.0,65.8853,176
1762477794090,ETH,B,Open Long,3297.0,0.1,0.039564,0.0,66.1723,176
1762477794090,ETH,B,Open Long,3297.0,0.13,0.051433,0.0,66.2723,176
1762477794090,ETH,B,Open Long,3297.0,0.247,0.097723,0.0,66.4023,176
1762477794090,ETH,B,Open Long,3297.0,0.1,0.039564,0.0,66.6493,176
1762477794090,ETH,B,Open Long,3297.0,0.273,0.108009,0.0,66.7493,176
1762477794090,ETH,B,Open Long,3297.0,1.4464,0.572253,0.0,67.0223,176
1762477794090,ETH,B,Open Long,3297.0,0.24,0.094953,0.0,68.4687,176
1762477794137,ETH,B,Open Long,3297.0,0.233,0.092184,0.0,68.7087,176
1762477794243,ETH,B,Open Long,3297.0,0.287,0.113548,0.0,68.9417,176
1762477794243,ETH,B,Open Long,3297.0,0.273,0.108009,0.0,69.2287,176
1762477794306,ETH,B,Open Long,3297.0,0.168,0.066467,0.0,69.5017,176
1762477794446,ETH,B,Open Long,3297.0,0.03,0.011869,0.0,69.6697,176
1762477794446,ETH,B,Open Long,3297.0,0.0049,0.001938,0.0,69.6997,176
1762477795038,ETH,B,Open Long,3297.0,0.222,0.087832,0.0,69.7046,176
1762477795038,ETH,B,Open Long,3297.0,0.168,0.066467,0.0,69.9266,176
1762477795094,ETH,B,Open Long,3297.0,0.0601,0.023777,0.0,70.0946,176
1762477795094,ETH,B,Open Long,3297.0,0.1684,0.066625,0.0,70.1547,176
1762477795094,ETH,B,Open Long,3297.0,0.6464,0.255741,0.0,70.3231,176
1762477795156,ETH,B,Open Long,3297.0,0.258,0.102075,0.0,70.9695,176
1762477795239,ETH,B,Open Long,3297.0,0.258,0.102075,0.0,71.2275,176
1762477795239,ETH,B,Open Long,3297.0,0.168,0.066467,0.0,71.4855,176
1762477795239,ETH,B,Open Long,3297.0,0.301,0.119087,0.0,71.6535,176
1762477795239,ETH,B,Open Long,3297.0,0.233,0.092184,0.0,71.9545,176
1762477795239,ETH,B,Open Long,3297.0,0.03,0.011869,0.0,72.1875,176
1762477796557,ETH,B,Open Long,3297.0,0.0491,0.019425,0.0,72.2175,176
1762477798727,ETH,B,Open Long,3297.0,48.9823,19.379357,0.0,72.2666,176
1762480311139,ETH,A,Close Long,3302.0,0.06,0.023774,0.1806,121.2489,177
1762480311382,ETH,A,Close Long,3302.0,1.5134,0.599669,4.555334,121.1889,177
1762480312144,ETH,A,Close Long,3302.0,0.0158,0.00626,0.047558,119.6755,177
1762480312196,ETH,A,Close Long,3302.0,0.908,0.359785,2.73308,119.6597,177
1762480313310,ETH,A,Close Long,3302.0,0.0049,0.001941,0.014749,118.7517,177
1762480313406,ETH,A,Close Long,3302.0,1.5132,0.59959,4.554732,118.7468,177
1762480313694,ETH,A,Close Long,3302.0,10.2117,4.046284,30.737217,117.2336,177
1762480313917,ETH,A,Close Long,3302.0,0.908,0.359785,2.73308,107.0219,177
1762480314005,ETH,A,Close Long,3302.0,0.0215,0.008519,0.064715,106.1139,177
1762480314404,ETH,A,Close Long,3302.0,0.0158,0.00626,0.047558,106.0924,177
1762480314905,ETH,A,Close Long,3302.0,1.5133,0.599629,4.555033,106.0766,177
1762480315018,ETH,A,Close Long,3302.0,0.2183,0.086499,0.657083,104.5633,177
1762480316011,ETH,A,Close Long,3302.0,0.908,0.359785,2.73308,104.345,177
1762480316221,ETH,A,Close Long,3302.0,0.0394,0.015611,0.118594,103.437,177
1762480316420,ETH,A,Close Long,3302.0,0.0049,0.001941,0.014749,103.3976,177
1762480317090,ETH,A,Close Long,3302.0,1.5135,0.599709,4.555635,103.3927,177
1762480317090,ETH,A,Close Long,3302.0,0.0157,0.00622,0.047257,101.8792,177
1762480317480,ETH,A,Close Long,3302.0,0.0158,0.00626,0.047558,101.8635,177
1762480317480,ETH,A,Close Long,3302.0,0.034,0.013472,0.10234,101.8477,177
1762480318158,ETH,A,Close Long,3302.0,1.5136,0.599748,4.555936,101.8137,177
1762480319108,ETH,A,Close Long,3302.0,0.0049,0.001941,0.014749,100.3001,177
1762480319512,ETH,A,Close Long,3302.0,0.0158,0.00626,0.047558,100.2952,177
1762480321127,ETH,A,Close Long,3302.0,0.04,0.015849,0.1204,100.2794,177
1762480321592,ETH,A,Close Long,3302.0,1.5134,0.599669,4.555334,100.2394,177
1762480322089,ETH,A,Close Long,3302.0,0.0049,0.001941,0.014749,98.726,177
1762480322763,ETH,A,Close Long,3302.0,1.5133,0.599629,4.555033,98.7211,177
1762480517099,ETH,A,Close Long,3302.0,97.2077,38.517579,292.595177,97.2078,177
1762480924231,ETH,A,Close Long,3318.6,0.0001,0.000132,0.001961,0.0001,178
1762490089753,ETH,B,Open Long,3328.0,0.0334,0.013338,0.0,0.0,179
1762490090484,ETH,B,Open Long,3328.0,0.4538,0.181229,0.0,0.0334,179
1762490091391,ETH,B,Open Long,3328.0,60.836,24.295464,0.0,0.4872,179
1762490091391,ETH,B,Open Long,3328.0,0.901,0.359823,0.0,61.3232,179
1762490091446,ETH,B,Open Long,3328.0,52.5393,20.982094,0.0,62.2242,179
1762490091714,ETH,B,Open Long,3328.0,5.4288,2.168045,0.0,114.7635,179
1762503235788,ETH,A,Close Long,3353.4,0.0045,0.006036,0.1143,120.1923,180
1762503235788,ETH,A,Close Long,3353.2,0.0045,0.006035,0.1134,120.1878,180
1762503235788,ETH,A,Close Long,3353.0,0.0045,0.006035,0.1125,120.1833,180
1762503235788,ETH,A,Close Long,3352.9,0.9096,1.219919,22.64904,120.1788,180
1762503235788,ETH,A,Close Long,3352.9,0.7597,1.018879,18.91653,119.2692,180
1762503235788,ETH,A,Close Long,3352.8,0.0045,0.006035,0.1116,118.5095,180
1762503235788,ETH,A,Close Long,3352.8,67.1346,90.035554,1664.93808,118.505,180
1762503235788,ETH,A,Close Long,3352.8,51.3704,68.89387,1273.98592,51.3704,180
1762509313206,ETH,A,Open Short,3297.9,1.5,1.97874,0.0,0.0,181
1762509313206,ETH,A,Open Short,3297.9,0.699,0.922092,0.0,-1.5,181
1762509313206,ETH,A,Open Short,3297.9,0.9,1.187244,0.0,-2.199,181
1762509313206,ETH,A,Open Short,3297.9,7.5805,9.999892,0.0,-3.099,181
1762509313206,ETH,A,Open Short,3297.9,6.065,8.000705,0.0,-10.6795,181
1762509313206,ETH,A,Open Short,3297.9,2.5,3.2979,0.0,-16.7445,181
1762509313206,ETH,A,Open Short,3297.9,1.5,1.97874,0.0,-19.2445,181
1762509313206,ETH,A,Open Short,3297.9,7.5805,9.999892,0.0,-20.7445,181
1762509313206,ETH,A,Open Short,3297.9,6.065,8.000705,0.0,-28.325,181
1762509313206,ETH,A,Open Short,3297.9,6.0647,8.000309,0.0,-34.39,181
1762509313206,ETH,A,Open Short,3297.9,1.8344,2.419867,0.0,-40.4547,181
1762509313206,ETH,A,Open Short,3297.9,7.5805,9.999892,0.0,-42.2891,181
1762509313206,ETH,A,Open Short,3297.9,0.9,1.187244,0.0,-49.8696,181
1762509313206,ETH,A,Open Short,3297.9,1.5,1.97874,0.0,-50.7696,181
1762509313206,ETH,A,Open Short,3297.9,1.3263,1.749601,0.0,-52.2696,181
1762509313206,ETH,A,Open Short,3297.9,7.0579,9.310499,0.0,-53.5959,181
1762509667408,ETH,B,Close Short,3295.0,2.8766,1.137407,8.34214,-60.6538,182
1762509667408,ETH,B,Close Short,3295.0,0.18,0.071172,0.522,-57.7772,182
1762509667408,ETH,B,Close Short,3295.0,0.18,0.071172,0.522,-57.5972,182
1762509667595,ETH,B,Close Short,3295.0,0.18,0.071172,0.522,-57.4172,182
1762509667595,ETH,B,Close Short,3295.0,0.18,0.071172,0.522,-57.2372,182
1762509667739,ETH,B,Close Short,3295.0,0.1517,0.059982,0.43993,-57.0572,182
1762509668946,ETH,B,Close Short,3295.0,0.1517,0.059982,0.43993,-56.9055,182
1762509669033,ETH,B,Close Short,3295.0,0.0333,0.013166,0.09657,-56.7538,182
1762509670055,ETH,B,Close Short,3295.0,0.0037,0.001462,0.01073,-56.7205,182
1762509670055,ETH,B,Close Short,3295.0,0.079,0.031236,0.2291,-56.7168,182
1762509671378,ETH,B,Close Short,3295.0,0.1517,0.059982,0.43993,-56.6378,182
1762509671378,ETH,B,Close Short,3295.0,0.0041,0.001621,0.01189,-56.4861,182
1762509671524,ETH,B,Close Short,3295.0,0.0106,0.004191,0.03074,-56.482,182
1762509672564,ETH,B,Close Short,3295.0,0.0303,0.01198,0.08787,-56.4714,182
1762509672619,ETH,B,Close Short,3295.0,0.0032,0.001265,0.00928,-56.4411,182
1762509672713,ETH,B,Close Short,3295.0,0.1517,0.059982,0.43993,-56.4379,182
1762509673985,ETH,B,Close Short,3295.0,0.1517,0.059982,0.43993,-56.2862,182
1762509674048,ETH,B,Close Short,3295.0,0.827,0.326995,2.3983,-56.1345,182
1762509674186,ETH,B,Close Short,3295.0,55.3074,21.868545,160.39146,-55.3075,182
1762509891300,ETH,B,Close Short,3306.3,0.0001,0.000132,-0.00084,-0.0001,183
1762510711029,ETH,A,Open Short,3278.9,10.0062,13.123731,0.0,0.0,184
1762510711029,ETH,A,Open Short,3278.9,9.3115,12.21259,0.0,-10.0062,184
1762510711029,ETH,A,Open Short,3278.9,1.6074,2.108201,0.0,-19.3177,184
1762510711029,ETH,A,Open Short,3278.9,9.277,12.167342,0.0,-20.9251,184
1762510711029,ETH,A,Open Short,3278.9,0.305,0.400025,0.0,-30.2021,184
1762510711029,ETH,A,Open Short,3278.9,2.5039,3.284015,0.0,-30.5071,184
1762510711029,ETH,A,Open Short,3278.9,1.5,1.96734,0.0,-33.011,184
1762510711029,ETH,A,Open Short,3278.9,0.9,1.180404,0.0,-34.511,184
1762510711029,ETH,A,Open Short,3278.9,1.5248,1.999866,0.0,-35.411,184
1762510711029,ETH,A,Open Short,3278.9,0.3986,0.522787,0.0,-36.9358,184
1762510711029,ETH,A,Open Short,3278.9,2.4293,3.186172,0.0,-37.3344,184
1762510711029,ETH,A,Open Short,3278.9,1.6038,2.103479,0.0,-39.7637,184
1762510711029,ETH,A,Open Short,3278.9,45.7464,59.999148,0.0,-41.3675,184
1762510711029,ETH,A,Open Short,3278.9,26.1876,34.346608,0.0,-87.1139,184
1762510711029,ETH,A,Open Short,3278.9,0.0236,0.030952,0.0,-113.3015,184
1762510711029,ETH,A,Open Short,3278.9,8.6744,11.376996,0.0,-113.3251,184
1762512029169,ETH,B,Close Short,3285.4,0.0999,0.131284,-0.64935,-121.9995,185
1762512029169,ETH,B,Close Short,3285.4,0.3044,0.40003,-1.9786,-121.8996,185
1762512029169,ETH,B,Close Short,3285.4,3.9647,5.21025,-25.77055,-121.5952,185
1762512029169,ETH,B,Close Short,3285.4,1.5,1.97124,-9.75,-117.6305,185
1762512029169,ETH,B,Close Short,3285.4,2.5,3.2854,-16.25,-116.1305,185
1762512029169,ETH,B,Close Short,3285.4,0.1412,0.185559,-0.9178,-113.6305,185
1762512029169,ETH,B,Close Short,3285.4,1.5,1.97124,-9.75,-113.4893,185
1762512029169,ETH,B,Close Short,3285.4,0.3044,0.40003,-1.9786,-111.9893,185
1762512029169,ETH,B,Close Short,3285.4,1.2169,1.599201,-7.90985,-111.6849,185
1762512029169,ETH,B,Close Short,3285.4,1.2188,1.601698,-7.9222,-110.468,185
1762512029169,ETH,B,Close Short,3285.4,1.5136,1.989112,-9.8384,-109.2492,185
1762512029169,ETH,B,Close Short,3285.4,4.5656,5.999928,-29.6764,-107.7356,185
1762512029169,ETH,B,Close Short,3285.4,0.3027,0.397796,-1.96755,-103.17,185
1762512029169,ETH,B,Close Short,3285.4,0.3044,0.40003,-1.9786,-102.8673,185
1762512029169,ETH,B,Close Short,3285.4,0.7478,0.982728,-4.8607,-102.5629,185
1762512029169,ETH,B,Close Short,3285.4,30.4545,40.022085,-197.95425,-101.8151,185
1762512029169,ETH,B,Close Short,3285.4,9.3331,12.265186,-60.66515,-71.3606,185
1762512029169,ETH,B,Close Short,3285.4,18.4858,24.293298,-120.1577,-62.0275,185
1762512029169,ETH,B,Close Short,3285.4,43.5417,57.22076,-283.02105,-43.5417,185
1762789465576,ETH,B,Open Long,3557.4,2.2,3.130512,0.0,0.0,186
1762789465576,ETH,B,Open Long,3557.4,2.2,3.130512,0.0,2.2,186
1762789465576,ETH,B,Open Long,3557.4,1.32,1.878307,0.0,4.4,186
1762789465576,ETH,B,Open Long,3557.4,4.5922,6.534516,0.0,5.72,186
1762789465576,ETH,B,Open Long,3557.4,1.2,1.707552,0.0,10.3122,186
1762789465576,ETH,B,Open Long,3557.4,1.8937,2.694659,0.0,11.5122,186
1762789465576,ETH,B,Open Long,3557.4,14.6989,20.915946,0.0,13.4059,186
1762814261539,ETH,A,Close Long,3559.0,3.1615,1.350213,5.0584,28.1048,187
1762814261862,ETH,A,Close Long,3559.0,0.02,0.008541,0.032,24.9433,187
1762814261862,ETH,A,Close Long,3559.0,9.5579,4.081987,15.29264,24.9233,187
1762814262004,ETH,A,Close Long,3559.0,2.37,1.012179,3.792,15.3654,187
1762814265210,ETH,A,Close Long,3559.0,0.4648,0.198506,0.74368,12.9954,187
1762814818757,ETH,A,Close Long,3559.0,0.1215,0.05189,0.1944,12.5306,187
1762814818882,ETH,A,Close Long,3559.0,0.279,0.119155,0.4464,12.4091,187
1762814821308,ETH,A,Close Long,3559.0,0.0078,0.003331,0.01248,12.1301,187
1762814825046,ETH,A,Close Long,3559.0,0.0032,0.001366,0.00512,12.1223,187
1762814826073,ETH,A,Close Long,3559.0,0.0032,0.001366,0.00512,12.1191,187
1762814826073,ETH,A,Close Long,3559.0,0.8429,0.359985,1.34864,12.1159,187
1762814828130,ETH,A,Close Long,3559.0,0.8429,0.359985,1.34864,11.273,187
1762814828200,ETH,A,Close Long,3559.0,0.1085,0.046338,0.1736,10.4301,187
1762814829009,ETH,A,Close Long,3559.0,0.0037,0.00158,0.00592,10.3216,187
1762814829009,ETH,A,Close Long,3559.0,0.162,0.069186,0.2592,10.3179,187
1762814830023,ETH,A,Close Long,3559.0,10.1558,4.337339,16.24928,10.1559,187
1762816174203,ETH,A,Long > Short,3572.1,27.9947,11.999984,0.00147,0.0001,188
1762821891384,BTC,A,Open Short,105656.0,0.94646,11.999901,0.0,0.0,190
1762822627646,BTC,A,Open Short,106013.0,0.00325,0.041345,0.0,-0.94646,191
1762822627851,BTC,A,Open Short,106013.0,0.013,0.16538,0.0,-0.94971,191
1762822627851,BTC,A,Open Short,106013.0,0.004,0.050886,0.0,-0.96271,191
1762822627851,BTC,A,Open Short,106013.0,0.012,0.152658,0.0,-0.96671,191
1762822627851,BTC,A,Open Short,106013.0,0.42607,5.420275,0.0,-0.97871,191
1762822627851,BTC,A,Open Short,106013.0,0.017,0.216266,0.0,-1.40478,191
1762822627851,BTC,A,Open Short,106013.0,0.31328,3.98541,0.0,-1.42178,191
1762822627851,BTC,A,Open Short,106013.0,0.017,0.216266,0.0,-1.73506,191
1762822627851,BTC,A,Open Short,106013.0,0.13768,1.751504,0.0,-1.75206,191
1762823854267,ETH,A,Open Short,3614.0,27.6701,11.999968,0.0,-27.9946,189
1762854002485,ETH,B,Close Short,3583.2,47.4438,68.000249,461.153736,-55.6647,192
1762854002485,ETH,B,Close Short,3583.2,0.2395,0.34327,2.32794,-8.2209,192
1762854002485,ETH,B,Close Short,3583.2,7.9814,11.43958,77.579208,-7.9814,192
1762854045478,BTC,B,Close Short,105403.0,0.19408,8.182645,83.667888,-1.88974,193
1762854045478,BTC,B,Close Short,105403.0,0.04743,1.999705,20.447073,-1.69566,193
1762854045478,BTC,B,Close Short,105403.0,0.21701,9.149402,93.553011,-1.64823,193
1762854045478,BTC,B,Close Short,105403.0,0.04632,1.952906,19.968552,-1.43122,193
1762854045478,BTC,B,Close Short,105403.0,0.47444,20.002959,204.531084,-1.3849,193
1762854045478,BTC,B,Close Short,105403.0,0.04743,1.999705,20.447073,-0.91046,193
1762854045478,BTC,B,Close Short,105403.0,0.47444,20.002959,204.531084,-0.86303,193
1762854045478,BTC,B,Close Short,105404.0,0.19408,8.182723,83.473808,-0.38859,193
1762854045478,BTC,B,Close Short,105404.0,0.04743,1.999724,20.399643,-0.19451,193
1762854045478,BTC,B,Close Short,105404.0,0.14708,6.201128,63.259108,-0.14708,193
1762854140966,ETH,B,Open Long,3574.8,1.0784,1.542025,0.0,0.0,194
1762854140966,ETH,B,Open Long,3574.8,1.1447,1.636829,0.0,1.0784,194
1762854140966,ETH,B,Open Long,3574.8,2.9284,4.187377,0.0,2.2231,194
1762854140966,ETH,B,Open Long,3574.8,9.2974,13.294538,0.0,5.1515,194
1762854140966,ETH,B,Open Long,3574.8,0.2797,0.399948,0.0,14.4489,194
1762854140966,ETH,B,Open Long,3575.2,4.0,5.72032,0.0,14.7286,194
1762854140966,ETH,B,Open Long,3575.2,0.0279,0.039899,0.0,18.7286,194
1762854140966,ETH,B,Open Long,3575.3,8.3827,11.988266,0.0,18.7565,194
1762854140966,ETH,B,Open Long,3575.3,28.1246,40.221552,0.0,27.1392,194
1762854148423,ETH,A,Close Long,3573.9,4.197,5.999863,-5.24625,55.2638,195
1762854148423,ETH,A,Close Long,3573.9,0.0042,0.006004,-0.00525,51.0668,195
1762854148423,ETH,A,Close Long,3573.7,0.112,0.160101,-0.1624,51.0626,195
1762854148423,ETH,A,Close Long,3573.7,13.9911,19.999997,-20.287095,50.9506,195
1762854148423,ETH,A,Close Long,3573.7,0.0042,0.006003,-0.00609,36.9595,195
1762854148423,ETH,A,Close Long,3573.6,1.1697,1.672015,-1.813035,36.9553,195
1762854148423,ETH,A,Close Long,3573.6,1.2283,1.755781,-1.903865,35.7856,195
1762854148423,ETH,A,Close Long,3573.6,4.9462,7.070296,-7.66661,34.5573,195
1762854148423,ETH,A,Close Long,3573.5,0.0042,0.006003,-0.00693,29.6111,195
1762854148423,ETH,A,Close Long,3573.5,0.2395,0.342341,-0.395175,29.6069,195
1762854148423,ETH,A,Close Long,3573.5,13.9918,19.999878,-23.08647,29.3674,195
1762854148423,ETH,A,Close Long,3573.4,3.949,5.644542,-6.91075,15.3756,195
1762854148423,ETH,A,Close Long,3573.4,11.4266,16.332724,-19.99655,11.4266,195
1762920620306,ETH,B,Open Long,3439.3,0.0059,0.002435,0.0,0.0,196
1762920620425,ETH,B,Open Long,3439.3,0.0145,0.005984,0.0,0.0059,196
1762920620483,ETH,B,Open Long,3439.3,0.5824,0.240365,0.0,0.0204,196
1762920623125,ETH,B,Open Long,3439.3,1.3331,0.550191,0.0,0.6028,196
1762920623190,ETH,B,Open Long,3439.3,1.3332,0.550232,0.0,1.9359,196
1762920634109,ETH,B,Open Long,3439.3,8.7384,3.606477,0.0,3.2691,196
1762920634172,ETH,B,Open Long,3439.3,10.0151,4.133392,0.0,12.0075,196
1762920634172,ETH,B,Open Long,3439.3,0.5076,0.209494,0.0,22.0226,196
1762920634365,ETH,B,Open Long,3439.3,0.4929,0.203427,0.0,22.5302,196
1762920634365,ETH,B,Open Long,3439.3,0.09,0.037144,0.0,23.0231,196
1762920634451,ETH,B,Open Long,3439.3,10.0151,4.133392,0.0,23.1131,196
1762920634510,ETH,B,Open Long,3439.3,0.0058,0.002393,0.0,33.1282,196
1762920634658,ETH,B,Open Long,3439.3,0.8177,0.337477,0.0,33.134,196
1762920634658,ETH,B,Open Long,3439.3,0.6425,0.26517,0.0,33.9517,196
1762920634735,ETH,B,Open Long,3439.3,23.5571,9.722392,0.0,34.5942,196
1762931139216,ETH,A,Close Long,3440.0,0.0728,0.030051,0.05096,58.1513,197
1762931140090,ETH,A,Close Long,3440.0,0.0514,0.021217,0.03598,58.0785,197
1762931140147,ETH,A,Close Long,3440.0,0.3,0.12384,0.21,58.0271,197
1762931142067,ETH,A,Close Long,3440.0,0.0783,0.032322,0.05481,57.7271,197
1762931142157,ETH,A,Close Long,3440.0,0.2036,0.084046,0.14252,57.6488,197
1762931151656,ETH,A,Close Long,3440.0,0.0145,0.005985,0.01015,57.4452,197
1762931154060,ETH,A,Close Long,3440.0,0.0033,0.001362,0.00231,57.4307,197
1762931156495,ETH,A,Close Long,3440.0,0.1144,0.047224,0.08008,57.4274,197
1762931158870,ETH,A,Close Long,3440.0,0.13,0.053664,0.091,57.313,197
1762931161017,ETH,A,Close Long,3440.0,0.0066,0.002724,0.00462,57.183,197
1762931161096,ETH,A,Close Long,3440.0,0.0084,0.003467,0.00588,57.1764,197
1762931171351,ETH,A,Close Long,3440.0,2.277,0.939945,1.5939,57.168,197
1762931172949,ETH,A,Close Long,3440.0,0.0723,0.029845,0.05061,54.891,197
1762931176019,ETH,A,Close Long,3440.0,0.0724,0.029886,0.05068,54.8187,197
1762931177854,ETH,A,Close Long,3440.0,0.0767,0.031661,0.05369,54.7463,197
1762931178379,ETH,A,Close Long,3440.0,0.1745,0.072033,0.12215,54.6696,197
1762931180078,ETH,A,Close Long,3440.0,0.0728,0.030051,0.05096,54.4951,197
1762931182083,ETH,A,Close Long,3440.0,0.0963,0.039752,0.06741,54.4223,197
1762931182681,ETH,A,Close Long,3440.0,49.3265,20.361979,34.52855,54.326,197
1762931182681,ETH,A,Close Long,3440.0,0.0059,0.002435,0.00413,4.9995,197
1762931183073,ETH,A,Close Long,3440.0,4.9935,2.061316,3.49545,4.9936,197
1762931642627,ETH,A,Close Long,3446.4,0.0001,0.000137,0.00071,0.0001,198
1763015084839,ETH,A,Open Short,3545.0,29.2472,12.441758,0.0,0.0,199
1763015084839,ETH,A,Open Short,3545.0,0.0151,0.006423,0.0,-29.2472,199
1763015084839,ETH,A,Open Short,3545.0,0.0297,0.012634,0.0,-29.2623,199
1763015085265,ETH,A,Open Short,3545.0,27.1254,11.539145,0.0,-29.292,199
1763131227299,ETH,B,Close Short,3174.4,1.8,2.285568,667.08,-56.4174,200
1763131227299,ETH,B,Close Short,3174.4,3.0,3.80928,1111.8,-54.6174,200
1763131227299,ETH,B,Close Short,3174.6,1.8,2.285712,666.72,-51.6174,200
1763131227299,ETH,B,Close Short,3174.6,3.0,3.80952,1111.2,-49.8174,200
1763131227299,ETH,B,Close Short,3174.8,1.8,2.285856,666.36,-46.8174,200
1763131227299,ETH,B,Close Short,3174.8,3.0,3.80976,1110.6,-45.0174,200
1763131227299,ETH,B,Close Short,3174.9,6.2142,7.891785,2299.87542,-42.0174,200
1763131227299,ETH,B,Close Short,3175.0,6.841,8.68807,2531.10159,-35.8032,200
1763131227299,ETH,B,Close Short,3175.0,1.8,2.286,665.982,-28.9622,200
1763131227299,ETH,B,Close Short,3175.0,3.0,3.81,1109.97,-27.1622,200
1763131227299,ETH,B,Close Short,3175.1,1.8,2.286072,665.802,-24.1622,200
1763131227299,ETH,B,Close Short,3175.1,3.0,3.81012,1109.67,-22.3622,200
1763131227299,ETH,B,Close Short,3175.2,3.0,3.81024,1109.37,-19.3622,200
1763131227299,ETH,B,Close Short,3175.4,0.2,0.254032,73.918,-16.3622,200
1763131227299,ETH,B,Close Short,3175.5,2.04,2.591208,753.7596,-16.1622,200
1763131227299,ETH,B,Close Short,3175.5,3.0,3.8106,1108.47,-14.1222,200
1763131227299,ETH,B,Close Short,3175.6,2.04,2.591289,753.5556,-11.1222,200
1763131227299,ETH,B,Close Short,3175.6,7.866,9.991707,2905.62174,-9.0822,200
1763131227299,ETH,B,Close Short,3175.7,1.2162,1.544914,449.130498,-1.2162,200
1763132579145,ETH,B,Open Long,3179.0,0.0084,0.003204,0.0,0.0,201
1763132579145,ETH,B,Open Long,3179.0,0.183,0.06981,0.0,0.0084,201
1763132579145,ETH,B,Open Long,3179.0,0.16,0.061036,0.0,0.1914,201
1763132579289,ETH,B,Open Long,3179.0,0.21,0.08011,0.0,0.3514,201
1763132579349,ETH,B,Open Long,3179.0,0.175,0.066759,0.0,0.5614,201
1763132579349,ETH,B,Open Long,3179.0,0.281,0.107195,0.0,0.7364,201
1763132579349,ETH,B,Open Long,3179.0,0.175,0.066759,0.0,1.0174,201
1763132579349,ETH,B,Open Long,3179.0,0.19,0.072481,0.0,1.1924,201
1763132579349,ETH,B,Open Long,3179.0,0.22,0.083925,0.0,1.3824,201
1763132579349,ETH,B,Open Long,3179.0,0.1,0.038148,0.0,1.6024,201
1763132579925,ETH,B,Open Long,3179.0,0.0155,0.005912,0.0,1.7024,201
1763132579925,ETH,B,Open Long,3179.0,0.158,0.060273,0.0,1.7179,201
1763132579925,ETH,B,Open Long,3179.0,0.0155,0.005912,0.0,1.8759,201
1763132579925,ETH,B,Open Long,3179.0,0.0155,0.005912,0.0,1.8914,201
1763132579925,ETH,B,Open Long,3179.0,0.158,0.060273,0.0,1.9069,201
1763132579925,ETH,B,Open Long,3179.0,1.573,0.600068,0.0,2.0649,201
1763132580025,ETH,B,Open Long,3179.0,0.0244,0.009308,0.0,3.6379,201
1763132580025,ETH,B,Open Long,3179.0,0.183,0.06981,0.0,3.6623,201
1763132580025,ETH,B,Open Long,3179.0,0.158,0.060273,0.0,3.8453,201
1763132580025,ETH,B,Open Long,3179.0,0.158,0.060273,0.0,4.0033,201
1763132580025,ETH,B,Open Long,3179.0,0.158,0.060273,0.0,4.1613,201
1763132580025,ETH,B,Open Long,3179.0,0.158,0.060273,0.0,4.3193,201
1763132580025,ETH,B,Open Long,3179.0,0.158,0.060273,0.0,4.4773,201
1763132580025,ETH,B,Open Long,3179.0,0.14,0.053407,0.0,4.6353,201
1763132580025,ETH,B,Open Long,3179.0,0.0155,0.005912,0.0,4.7753,201
1763132580398,ETH,B,Open Long,3179.0,0.0155,0.005912,0.0,4.7908,201
1763132580398,ETH,B,Open Long,3179.0,0.0155,0.005912,0.0,4.8063,201
1763132580831,ETH,B,Open Long,3179.0,0.0133,0.005073,0.0,4.8218,201
1763132581299,ETH,B,Open Long,3179.0,1.9828,0.756398,0.0,4.8351,201
1763132581299,ETH,B,Open Long,3179.0,4.2383,1.616826,0.0,6.8179,201
1763132581299,ETH,B,Open Long,3179.0,8.1993,3.127868,0.0,11.0562,201
1763132582035,ETH,B,Open Long,3179.0,12.2009,4.654399,0.0,19.2555,201
1763145608714,BTC,B,Open Long,95527.0,0.01835,0.21035,0.0,0.0,202
1763145608714,BTC,B,Open Long,95527.0,0.021,0.240728,0.0,0.01835,202
1763145608714,BTC,B,Open Long,95527.0,0.021,0.240728,0.0,0.03935,202
1763145608714,BTC,B,Open Long,95527.0,0.021,0.240728,0.0,0.06035,202
1763145608714,BTC,B,Open Long,95527.0,0.02,0.229264,0.0,0.08135,202
1763145608714,BTC,B,Open Long,95527.0,0.019,0.217801,0.0,0.10135,202
1763145608714,BTC,B,Open Long,95527.0,0.021,0.240728,0.0,0.12035,202
1763145608714,BTC,B,Open Long,95527.0,0.021,0.240728,0.0,0.14135,202
1763145608714,BTC,B,Open Long,95527.0,0.021,0.240728,0.0,0.16235,202
1763145608714,BTC,B,Open Long,95527.0,0.011,0.126095,0.0,0.18335,202
1763145608714,BTC,B,Open Long,95527.0,0.021,0.240728,0.0,0.19435,202
1763145608714,BTC,B,Open Long,95527.0,0.016,0.183411,0.0,0.21535,202
1763145608714,BTC,B,Open Long,95527.0,0.021,0.240728,0.0,0.23135,202
1763145608714,BTC,B,Open Long,95527.0,0.021,0.240728,0.0,0.25235,202
1763145608714,BTC,B,Open Long,95527.0,0.021,0.240728,0.0,0.27335,202
1763145608714,BTC,B,Open Long,95527.0,0.021,0.240728,0.0,0.29435,202
1763145608714,BTC,B,Open Long,95527.0,0.021,0.240728,0.0,0.31535,202
1763145608714,BTC,B,Open Long,95527.0,0.0198,0.226972,0.0,0.33635,202
1763145608714,BTC,B,Open Long,95527.0,0.021,0.240728,0.0,0.35615,202
1763145608883,BTC,B,Open Long,95527.0,0.00794,0.091018,0.0,0.37715,202
1763145608883,BTC,B,Open Long,95527.0,0.01123,0.128732,0.0,0.38509,202
1763145608883,BTC,B,Open Long,95527.0,0.01495,0.171375,0.0,0.39632,202
1763145608883,BTC,B,Open Long,95527.0,0.0308,0.353067,0.0,0.41127,202
1763145608883,BTC,B,Open Long,95527.0,0.0783,0.897571,0.0,0.44207,202
1763145608883,BTC,B,Open Long,95527.0,0.11715,1.342918,0.0,0.52037,202
1763145608883,BTC,B,Open Long,95527.0,0.4093,4.691904,0.0,0.63752,202
1763152973728,ETH,B,Open Long,3138.0,2.4417,0.919446,0.0,31.4564,203
1763152973775,ETH,B,Open Long,3138.0,0.0155,0.005836,0.0,33.8981,203
1763152973775,ETH,B,Open Long,3138.0,0.0155,0.005836,0.0,33.9136,203
1763152973775,ETH,B,Open Long,3138.0,0.0155,0.005836,0.0,33.9291,203
1763152973775,ETH,B,Open Long,3138.0,0.0155,0.005836,0.0,33.9446,203
1763152973867,ETH,B,Open Long,3138.0,0.6599,0.248491,0.0,33.9601,203
1763152973867,ETH,B,Open Long,3138.0,0.9183,0.345795,0.0,34.62,203
1763152973867,ETH,B,Open Long,3138.0,0.6156,0.23181,0.0,35.5383,203
1763152973867,ETH,B,Open Long,3138.0,0.5486,0.20658,0.0,36.1539,203
1763152973966,ETH,B,Open Long,3138.0,0.0155,0.005836,0.0,36.7025,203
1763152973966,ETH,B,Open Long,3138.0,0.0155,0.005836,0.0,36.718,203
1763152974027,ETH,B,Open Long,3138.0,0.0206,0.007757,0.0,36.7335,203
1763152974100,ETH,B,Open Long,3138.0,20.0318,7.543174,0.0,36.7541,203
1763152974430,ETH,B,Open Long,3138.0,0.0065,0.002447,0.0,56.7859,203
1763152974430,ETH,B,Open Long,3138.0,3.0619,1.152989,0.0,56.7924,203
1763152974482,ETH,B,Open Long,3138.0,0.02,0.007531,0.0,59.8543,203
1763152974482,ETH,B,Open Long,3138.0,0.5,0.18828,0.0,59.8743,203
1763152974482,ETH,B,Open Long,3138.0,1.9979,0.752329,0.0,60.3743,203
1763152974482,ETH,B,Open Long,3138.0,0.0213,0.00802,0.0,62.3722,203
1763152974482,ETH,B,Open Long,3138.0,0.0313,0.011786,0.0,62.3935,203
1763152974482,ETH,B,Open Long,3138.0,0.899,0.338527,0.0,62.4248,203
1763156797232,ETH,A,Close Long,3168.8,0.0292,0.037011,0.304848,63.3238,204
1763156797232,ETH,A,Close Long,3168.8,0.0064,0.008112,0.066816,63.2946,204
1763156797232,ETH,A,Close Long,3168.8,0.7105,0.900572,7.41762,63.2882,204
1763156797232,ETH,A,Close Long,3168.6,0.0064,0.008111,0.065536,62.5777,204
1763156797232,ETH,A,Close Long,3168.4,0.0064,0.008111,0.064256,62.5713,204
1763156797232,ETH,A,Close Long,3168.4,0.1,0.126736,1.004,62.5649,204
1763156797232,ETH,A,Close Long,3168.4,7.5486,9.566793,75.787944,62.4649,204
1763156797232,ETH,A,Close Long,3168.3,0.0144,0.018249,0.143136,54.9163,204
1763156797232,ETH,A,Close Long,3168.3,1.7055,2.161414,16.95267,54.9019,204
1763156797232,ETH,A,Close Long,3168.3,1.5759,1.997169,15.664446,53.1964,204
1763156797232,ETH,A,Close Long,3168.3,0.0158,0.020023,0.157052,51.6205,204
1763156797232,ETH,A,Close Long,3168.2,0.0064,0.00811,0.062976,51.6047,204
1763156797232,ETH,A,Close Long,3168.2,19.7309,25.004574,194.152056,51.5983,204
1763156826818,ETH,A,Close Long,3167.4,1.7653,2.236564,15.958312,31.8674,205
1763156826818,ETH,A,Close Long,3167.4,1.08,1.368316,9.7632,30.1021,205
1763156826818,ETH,A,Close Long,3167.4,1.8,2.280528,16.272,29.0221,205
1763156826818,ETH,A,Close Long,3167.4,0.0859,0.108831,0.776536,27.2221,205
1763156826818,ETH,A,Close Long,3167.4,0.3245,0.411128,2.93348,27.1362,205
1763156826818,ETH,A,Close Long,3167.4,0.3157,0.399979,2.853928,26.8117,205
1763156826818,ETH,A,Close Long,3167.4,0.7108,0.900555,6.425632,26.496,205
1763156826818,ETH,A,Close Long,3167.4,2.2907,2.902225,20.707928,25.7852,205
1763156826818,ETH,A,Close Long,3167.4,9.7268,12.323466,87.930272,23.4945,205
1763156826818,ETH,A,Close Long,3167.2,0.02,0.025337,0.1768,13.7677,205
1763156826818,ETH,A,Close Long,3167.2,0.0064,0.008108,0.056576,13.7477,205
1763156826818,ETH,A,Close Long,3167.2,4.736,5.999943,41.86624,13.7413,205
1763156826818,ETH,A,Close Long,3167.0,0.0064,0.008107,0.055296,9.0053,205
1763156826818,ETH,A,Close Long,3167.0,1.8983,2.404766,16.401312,8.9989,205
1763156826818,ETH,A,Close Long,3166.9,2.3348,2.957631,19.939192,7.1006,205
1763156826818,ETH,A,Close Long,3166.9,0.0292,0.036989,0.249368,4.7658,205
1763156826818,ETH,A,Close Long,3166.9,1.9006,2.407604,16.231124,4.7366,205
1763156826818,ETH,A,Close Long,3166.9,2.836,3.592531,24.21944,2.836,205
1763157055936,BTC,A,Close Long,95000.0,1.04682,39.77916,-551.67414,1.04682,206
1763171702961,ETH,B,Open Long,3170.0,0.0277,0.010537,0.0,0.0,207
1763171702961,ETH,B,Open Long,3170.0,31.518,11.989447,0.0,0.0277,207
1763171960110,ETH,A,Close Long,3173.8,0.0095,0.003618,0.0361,31.5457,208
1763171960445,ETH,A,Close Long,3173.8,0.0047,0.00179,0.01786,31.5362,208
1763171960640,ETH,A,Close Long,3173.8,0.0095,0.003618,0.0361,31.5315,208
1763171960925,ETH,A,Close Long,3173.8,0.0047,0.00179,0.01786,31.522,208
1763171961040,ETH,A,Close Long,3173.8,0.0103,0.003922,0.03914,31.5173,208
1763171961127,ETH,A,Close Long,3173.8,0.0158,0.006017,0.06004,31.507,208
1763171962044,ETH,A,Close Long,3173.8,0.0065,0.002475,0.0247,31.4912,208
1763171963342,ETH,A,Close Long,3173.8,0.0047,0.00179,0.01786,31.4847,208
1763171964468,ETH,A,Close Long,3173.8,0.0047,0.00179,0.01786,31.48,208
1763171964948,ETH,A,Close Long,3173.8,0.0047,0.00179,0.01786,31.4753,208
1763171965219,ETH,A,Close Long,3173.8,0.0047,0.00179,0.01786,31.4706,208
1763171966015,ETH,A,Close Long,3173.8,0.0055,0.002094,0.0209,31.4659,208
1763171966351,ETH,A,Close Long,3173.8,2.1617,0.823296,8.21446,31.4604,208
1763171966351,ETH,A,Close Long,3173.8,0.0157,0.005979,0.05966,29.2987,208
1763171966351,ETH,A,Close Long,3173.8,0.0157,0.005979,0.05966,29.283,208
1763171966410,ETH,A,Close Long,3173.8,0.5933,0.225961,2.25454,29.2673,208
1763171966410,ETH,A,Close Long,3173.8,0.8387,0.319423,3.18706,28.674,208
1763171966481,ETH,A,Close Long,3173.8,3.1533,1.200953,11.98254,27.8353,208
1763171966481,ETH,A,Close Long,3173.8,10.0515,3.828174,38.1957,24.682,208
1763171966481,ETH,A,Close Long,3173.8,10.0515,3.828174,38.1957,14.6305,208
1763171966481,ETH,A,Close Long,3173.8,4.5789,1.743901,17.445609,4.579,208
1763171973296,ETH,A,Close Long,3174.6,0.0001,0.000126,0.000461,0.0001,209
1763175515382,ETH,B,Open Long,3191.7,3.6703,4.685798,0.0,0.0,210
1763175515382,ETH,B,Open Long,3191.7,6.2665,8.000315,0.0,3.6703,210
1763175515382,ETH,B,Open Long,3191.7,3.6703,4.685798,0.0,9.9368,210
1763175515382,ETH,B,Open Long,3191.7,7.8328,9.999979,0.0,13.6071,210
1763175515382,ETH,B,Open Long,3191.7,7.8328,9.999979,0.0,21.4399,210
1763175515382,ETH,B,Open Long,3191.7,2.0566,2.62562,0.0,29.2727,210
1763175548532,BTC,B,Open Long,96354.0,0.08464,3.262161,0.0,0.0,211
1763175548532,BTC,B,Open Long,96354.0,0.01284,0.494874,0.0,0.08464,211
1763175548532,BTC,B,Open Long,96354.0,0.06833,2.633547,0.0,0.09748,211
1763175548532,BTC,B,Open Long,96354.0,0.13002,5.011178,0.0,0.16581,211
1763175548532,BTC,B,Open Long,96354.0,0.06833,2.633547,0.0,0.29583,211
1763175548532,BTC,B,Open Long,96354.0,0.03518,1.355893,0.0,0.36416,211
1763175548532,BTC,B,Open Long,96354.0,0.13002,5.011178,0.0,0.39934,211
1763175548532,BTC,B,Open Long,96354.0,0.1,3.85416,0.0,0.52936,211
1763175548532,BTC,B,Open Long,96354.0,0.01102,0.424728,0.0,0.62936,211
1763175548532,BTC,B,Open Long,96354.0,0.05073,1.955215,0.0,0.64038,211
1763175548532,BTC,B,Open Long,96354.0,0.03772,1.453789,0.0,0.69111,211
1763175548532,BTC,B,Open Long,96354.0,0.11436,4.407617,0.0,0.72883,211
1763175548532,BTC,B,Open Long,96354.0,0.02157,0.831342,0.0,0.84319,211
1763175548532,BTC,B,Open Long,96354.0,0.13448,5.183074,0.0,0.86476,211
1763175548532,BTC,B,Open Long,96354.0,0.01285,0.495259,0.0,0.99924,211
1763175548532,BTC,B,Open Long,96354.0,0.02548,0.982039,0.0,1.01209,211
1763218853306,BTC,A,Close Long,96267.0,0.00011,0.004235,-0.00957,1.03757,212
1763218853306,BTC,A,Close Long,96267.0,0.00065,0.025029,-0.05655,1.03746,212
1763218853306,BTC,A,Close Long,96266.0,0.00011,0.004235,-0.00968,1.03681,212
1763218853306,BTC,A,Close Long,96266.0,0.12819,4.936135,-11.28072,1.0367,212
1763218853306,BTC,A,Close Long,96265.0,0.00011,0.004235,-0.00979,0.90851,212
1763218853306,BTC,A,Close Long,96264.0,0.04236,1.631097,-3.8124,0.9084,212
1763218853306,BTC,A,Close Long,96264.0,0.00011,0.004235,-0.0099,0.86604,212
1763218853306,BTC,A,Close Long,96263.0,0.00011,0.004235,-0.01001,0.86593,212
1763218853306,BTC,A,Close Long,96262.0,0.00011,0.004235,-0.01012,0.86582,212
1763218853306,BTC,A,Close Long,96261.0,0.00011,0.004235,-0.01023,0.86571,212
1763218853306,BTC,A,Close Long,96260.0,0.00016,0.00616,-0.01504,0.8656,212
1763218853306,BTC,A,Close Long,96260.0,0.00011,0.004235,-0.01034,0.86544,212
1763218853306,BTC,A,Close Long,96259.0,0.00011,0.004235,-0.01045,0.86533,212
1763218853306,BTC,A,Close Long,96258.0,0.00103,0.039658,-0.09888,0.86522,212
1763218853306,BTC,A,Close Long,96258.0,0.00011,0.004235,-0.01056,0.86419,212
1763218853306,BTC,A,Close Long,96258.0,0.04155,1.599807,-3.9888,0.86408,212
1763218853306,BTC,A,Close Long,96257.0,0.00011,0.004235,-0.01067,0.82253,212
1763218853306,BTC,A,Close Long,96257.0,0.00519,0.199829,-0.50343,0.82242,212
1763218853306,BTC,A,Close Long,96256.0,0.00016,0.00616,-0.01568,0.81723,212
1763218853306,BTC,A,Close Long,96256.0,0.00011,0.004235,-0.01078,0.81707,212
1763218853306,BTC,A,Close Long,96256.0,0.00103,0.039657,-0.10094,0.81696,212
1763218853306,BTC,A,Close Long,96256.0,0.00103,0.039657,-0.10094,0.81593,212
1763218853306,BTC,A,Close Long,96256.0,0.00103,0.039657,-0.10094,0.8149,212
1763218853306,BTC,A,Close Long,96255.0,0.0013,0.050052,-0.1287,0.81387,212
1763218853306,BTC,A,Close Long,96255.0,0.00011,0.004235,-0.01089,0.81257,212
1763218853306,BTC,A,Close Long,96255.0,0.00207,0.079699,-0.20493,0.81246,212
1763218853306,BTC,A,Close Long,96255.0,0.00207,0.079699,-0.20493,0.81039,212
1763218853306,BTC,A,Close Long,96255.0,0.00207,0.079699,-0.20493,0.80832,212
1763218853306,BTC,A,Close Long,96255.0,0.62365,24.011772,-61.74135,0.80625,212
1763218853306,BTC,A,Close Long,96254.0,0.05732,2.206911,-5.732,0.1826,212
1763218853306,BTC,A,Close Long,96254.0,0.015,0.577524,-1.5,0.12528,212
1763218853306,BTC,A,Close Long,96254.0,0.00011,0.004235,-0.011,0.11028,212
1763218853306,BTC,A,Close Long,96254.0,0.11017,4.241721,-11.017,0.11017,212
1763218871539,ETH,A,Close Long,3176.6,0.5191,0.659589,-7.83841,31.3293,213
1763218871539,ETH,A,Close Long,3176.6,1.3943,1.771653,-21.05393,30.8102,213
1763218871539,ETH,A,Close Long,3176.6,2.5207,3.202902,-38.06257,29.4159,213
1763218871539,ETH,A,Close Long,3176.6,0.6294,0.79974,-9.50394,26.8952,213
1763218871539,ETH,A,Close Long,3176.6,0.6296,0.799994,-9.50696,26.2658,213
1763218871539,ETH,A,Close Long,3176.6,2.515,3.195659,-37.9765,25.6362,213
1763218871539,ETH,A,Close Long,3176.6,0.7533,0.957173,-11.37483,23.1212,213
1763218871539,ETH,A,Close Long,3176.6,0.0632,0.080304,-0.95432,22.3679,213
1763218871539,ETH,A,Close Long,3176.6,1.08,1.372291,-16.308,22.3047,213
1763218871539,ETH,A,Close Long,3176.6,1.8,2.287152,-27.18,21.2247,213
1763218871539,ETH,A,Close Long,3176.6,19.4247,24.6818,-293.31297,19.4247,213
1763235160451,BTC,B,Open Long,96016.0,0.01524,0.175594,0.0,0.0,214
1763235161866,BTC,B,Open Long,96016.0,0.0015,0.017282,0.0,0.01524,214
1763235161866,BTC,B,Open Long,96016.0,0.0015,0.017282,0.0,0.01674,214
1763235164753,BTC,B,Open Long,96016.0,0.04197,0.483574,0.0,0.01824,214
1763235172383,BTC,B,Open Long,96016.0,0.0015,0.017282,0.0,0.06021,214
1763235172383,BTC,B,Open Long,96016.0,0.0015,0.017282,0.0,0.06171,214
1763235180199,BTC,B,Open Long,96016.0,0.0015,0.017282,0.0,0.06321,214
1763235180454,BTC,B,Open Long,96016.0,0.0015,0.017282,0.0,0.06471,214
1763235182063,BTC,B,Open Long,96016.0,0.00062,0.007143,0.0,0.06621,214
1763235212124,BTC,B,Open Long,96016.0,0.2183,2.515235,0.0,0.06683,214
1763235261966,BTC,B,Open Long,96016.0,0.07835,0.902742,0.0,0.28513,214
1763235261966,BTC,B,Open Long,96016.0,0.2531,2.916197,0.0,0.36348,214
1763235261966,BTC,B,Open Long,96016.0,0.36317,4.184415,0.0,0.61658,214
1763235261966,BTC,B,Open Long,96016.0,0.06174,0.711363,0.0,0.97975,214
1763237895472,ETH,B,Open Long,3188.0,9.5495,3.653256,0.0,0.0,215
1763237895596,ETH,B,Open Long,3188.0,0.0762,0.029151,0.0,9.5495,215
1763237897488,ETH,B,Open Long,3188.0,0.0258,0.00987,0.0,9.6257,215
1763237897488,ETH,B,Open Long,3188.0,0.4688,0.179344,0.0,9.6515,215
1763237898340,ETH,B,Open Long,3188.0,0.6311,0.241433,0.0,10.1203,215
1763237900108,ETH,B,Open Long,3188.0,10.0041,3.827168,0.0,10.7514,215
1763237906194,ETH,B,Open Long,3188.0,3.1272,1.196341,0.0,20.7555,215
1763237927053,ETH,B,Open Long,3188.0,0.0251,0.009602,0.0,23.8827,215
1763237927732,ETH,B,Open Long,3188.0,0.3454,0.132136,0.0,23.9078,215
1763237932706,ETH,B,Open Long,3188.0,0.0053,0.002027,0.0,24.2532,215
1763237940095,ETH,B,Open Long,3188.0,0.5428,0.207653,0.0,24.2585,215
1763237940646,ETH,B,Open Long,3188.0,0.5338,0.20421,0.0,24.8013,215
1763237940646,ETH,B,Open Long,3188.0,0.6734,0.257615,0.0,25.3351,215
1763237940845,ETH,B,Open Long,3188.0,5.3591,2.050177,0.0,26.0085,215
1763255906691,ETH,A,Close Long,3149.6,0.8704,1.096564,-33.42336,31.3676,216
1763255906691,ETH,A,Close Long,3149.6,1.2936,1.629729,-49.67424,30.4972,216
1763255906691,ETH,A,Close Long,3149.5,0.0144,0.018141,-0.5544,29.2036,216
1763255906691,ETH,A,Close Long,3149.5,0.1588,0.200056,-6.1138,29.1892,216
1763255906691,ETH,A,Close Long,3149.3,0.0159,0.020029,-0.61533,29.0304,216
1763255906691,ETH,A,Close Long,3149.2,0.9526,1.199971,-36.96088,29.0145,216
1763255906691,ETH,A,Close Long,3149.2,0.0318,0.040057,-1.23384,28.0619,216
1763255906691,ETH,A,Close Long,3149.2,0.9526,1.199971,-36.96088,28.0301,216
1763255906691,ETH,A,Close Long,3149.1,0.1339,0.168665,-5.20871,27.0775,216
1763255906691,ETH,A,Close Long,3149.0,4.0,5.0384,-156.0,26.9436,216
1763255906691,ETH,A,Close Long,3149.0,0.32,0.403072,-12.48,22.9436,216
1763255906691,ETH,A,Close Long,3149.0,1.7156,2.160969,-66.9084,22.6236,216
1763255906691,ETH,A,Close Long,3148.9,0.32,0.403059,-12.512,20.908,216
1763255906691,ETH,A,Close Long,3148.9,0.32,0.403059,-12.512,20.588,216
1763255906691,ETH,A,Close Long,3148.8,0.0318,0.040052,-1.24656,20.268,216
1763255906691,ETH,A,Close Long,3148.7,4.0,5.03792,-157.2,20.2362,216
1763255906691,ETH,A,Close Long,3148.7,15.0,18.8922,-589.5,16.2362,216
1763255906691,ETH,A,Close Long,3148.7,0.7149,0.900402,-28.09557,1.2362,216
1763255906691,ETH,A,Close Long,3148.6,0.32,0.40302,-12.608,0.5213,216
1763255906691,ETH,A,Close Long,3148.6,0.0064,0.00806,-0.25216,0.2013,216
1763255906691,ETH,A,Close Long,3148.6,0.0216,0.027203,-0.85104,0.1949,216
1763255906691,ETH,A,Close Long,3148.6,0.1733,0.21826,-6.82802,0.1733,216
1763255911340,BTC,A,Close Long,95297.0,0.1839,7.010047,-132.2241,1.04149,217
1763255911340,BTC,A,Close Long,95297.0,0.10486,3.997137,-75.39434,0.85759,217
1763255911340,BTC,A,Close Long,95297.0,0.02099,0.800113,-15.09181,0.75273,217
1763255911340,BTC,A,Close Long,95297.0,0.02099,0.800113,-15.09181,0.73174,217
1763255911340,BTC,A,Close Long,95297.0,0.01049,0.399866,-7.54231,0.71075,217
1763255911340,BTC,A,Close Long,95297.0,0.60126,22.919309,-432.30594,0.70026,217
1763255911340,BTC,A,Close Long,95297.0,0.00011,0.004193,-0.07909,0.099,217
1763255911340,BTC,A,Close Long,95297.0,0.09889,3.769568,-71.10191,0.09889,217
1763287320671,@151,B,Buy,3238.7,0.9,0.000539999,0.0,0.0,218
1763287320671,@151,B,Buy,3238.7,0.1804,0.000108239,0.0,0.899460001,218
1763391326246,BTC,B,Open Long,94705.0,0.00228,0.025911,0.0,0.0,220
1763391326436,BTC,B,Open Long,94705.0,0.009,0.102281,0.0,0.00228,220
1763391326856,BTC,B,Open Long,94705.0,0.009,0.102281,0.0,0.01128,220
1763391330717,BTC,B,Open Long,94705.0,0.50767,5.769466,0.0,0.02028,220
1763391760857,BTC,A,Close Long,94970.0,0.02622,0.996045,6.9483,0.52795,221
1763391760857,BTC,A,Close Long,94970.0,0.34,12.91592,90.1,0.50173,221
1763391760857,BTC,A,Close Long,94970.0,0.15,5.6982,39.75,0.16173,221
1763391760857,BTC,A,Close Long,94970.0,0.01173,0.445599,3.10845,0.01173,221
1763396405015,BTC,B,Open Long,93126.0,0.34544,3.860333,0.0,0.0,219
1763396405224,BTC,B,Open Long,93126.0,0.00012,0.001341,0.0,0.34544,219
1763396405224,BTC,B,Open Long,93126.0,0.00012,0.001341,0.0,0.34556,219
1763396405224,BTC,B,Open Long,93126.0,0.00012,0.001341,0.0,0.34568,219
1763396405224,BTC,B,Open Long,93126.0,0.02902,0.324301,0.0,0.3458,219
1763396405224,BTC,B,Open Long,93126.0,0.00012,0.001341,0.0,0.37482,219
1763396405224,BTC,B,Open Long,93126.0,0.00012,0.001341,0.0,0.37494,219
1763396405291,BTC,B,Open Long,93126.0,0.00012,0.001341,0.0,0.37506,219
1763396405291,BTC,B,Open Long,93126.0,0.00012,0.001341,0.0,0.37518,219
1763396405291,BTC,B,Open Long,93126.0,0.00012,0.001341,0.0,0.3753,219
1763396405291,BTC,B,Open Long,93126.0,0.00012,0.001341,0.0,0.37542,219
1763396405341,BTC,B,Open Long,93126.0,0.00012,0.001341,0.0,0.37554,219
1763396405808,BTC,B,Open Long,93126.0,0.02146,0.239818,0.0,0.37566,219
1763396405808,BTC,B,Open Long,93126.0,0.02146,0.239818,0.0,0.39712,219
1763396405808,BTC,B,Open Long,93126.0,0.02146,0.239818,0.0,0.41858,219
1763396405808,BTC,B,Open Long,93126.0,0.02146,0.239818,0.0,0.44004,219
1763396405808,BTC,B,Open Long,93126.0,0.02146,0.239818,0.0,0.4615,219
1763396405808,BTC,B,Open Long,93126.0,0.02146,0.239818,0.0,0.48296,219
1763396405808,BTC,B,Open Long,93126.0,0.02146,0.239818,0.0,0.50442,219
1763396405808,BTC,B,Open Long,93126.0,0.01102,0.123149,0.0,0.52588,219
1763404078581,ETH,B,Open Long,3036.0,6.5852,2.39912,0.0,0.0,223
1763404078700,ETH,B,Open Long,3036.0,0.27,0.098366,0.0,6.5852,223
1763404078766,ETH,B,Open Long,3036.0,0.33,0.120225,0.0,6.8552,223
1763404079093,ETH,B,Open Long,3036.0,0.0041,0.001493,0.0,7.1852,223
1763404079093,ETH,B,Open Long,3036.0,0.442,0.161029,0.0,7.1893,223
1763404079399,ETH,B,Open Long,3036.0,0.0042,0.00153,0.0,7.6313,223
1763404079510,ETH,B,Open Long,3036.0,3.4688,1.263753,0.0,7.6355,223
1763404079510,ETH,B,Open Long,3036.0,4.3208,1.574153,0.0,11.1043,223
1763404079510,ETH,B,Open Long,3036.0,3.9761,1.448572,0.0,15.4251,223
1763404079510,ETH,B,Open Long,3036.0,0.0374,0.013625,0.0,19.4012,223
1763404079510,ETH,B,Open Long,3036.0,0.0132,0.004809,0.0,19.4386,223
1763404079510,ETH,B,Open Long,3036.0,0.0419,0.015265,0.0,19.4518,223
1763404083768,ETH,B,Open Long,3036.0,13.4443,4.898027,0.0,19.4937,223
1763405708015,BTC,B,Open Long,92598.0,0.53996,5.999905,0.0,0.5369,224
1763406967777,ETH,B,Open Long,3016.0,19.8656,7.189757,0.0,32.938,222
1763406967777,ETH,B,Open Long,3016.0,13.2908,4.810206,0.0,52.8036,222
1763426615913,BTC,A,Close Long,91412.0,1.07686,39.37517,-1560.585512,1.07686,225
1763426619059,ETH,A,Close Long,2998.9,4.3941,5.270986,-118.904346,66.0944,226
1763426619059,ETH,A,Close Long,2998.9,0.2551,0.306007,-6.903006,61.7003,226
1763426619059,ETH,A,Close Long,2998.9,2.4,2.878944,-64.944,61.4452,226
1763426619059,ETH,A,Close Long,2998.9,0.2551,0.306007,-6.903006,59.0452,226
1763426619059,ETH,A,Close Long,2998.9,0.2551,0.306007,-6.903006,58.7901,226
1763426619059,ETH,A,Close Long,2998.9,0.5465,0.655559,-14.78829,58.535,226
1763426619059,ETH,A,Close Long,2998.9,0.2551,0.306007,-6.903006,57.9885,226
1763426619059,ETH,A,Close Long,2998.9,0.5465,0.655559,-14.78829,57.7334,226
1763426619059,ETH,A,Close Long,2998.9,4.4,5.278064,-119.064,57.1869,226
1763426619059,ETH,A,Close Long,2998.9,0.417,0.500216,-11.28402,52.7869,226
1763426619059,ETH,A,Close Long,2998.9,4.4,5.278064,-119.064,52.3699,226
1763426619059,ETH,A,Close Long,2998.9,0.2551,0.306007,-6.903006,47.9699,226
1763426619059,ETH,A,Close Long,2998.8,0.2551,0.305997,-6.928516,47.7148,226
1763426619059,ETH,A,Close Long,2998.8,2.4,2.878848,-65.184,47.4597,226
1763426619059,ETH,A,Close Long,2998.8,2.4,2.878848,-65.184,45.0597,226
1763426619059,ETH,A,Close Long,2998.8,2.4,2.878848,-65.184,42.6597,226
1763426619059,ETH,A,Close Long,2998.8,0.2551,0.305997,-6.928516,40.2597,226
1763426619059,ETH,A,Close Long,2998.8,0.2551,0.305997,-6.928516,40.0046,226
1763426619059,ETH,A,Close Long,2998.8,0.2551,0.305997,-6.928516,39.7495,226
1763426619059,ETH,A,Close Long,2998.8,2.4,2.878848,-65.184,39.4944,226
1763426619059,ETH,A,Close Long,2998.8,2.4,2.878848,-65.184,37.0944,226
1763426619059,ETH,A,Close Long,2998.8,0.5465,0.655537,-14.84294,34.6944,226
1763426619059,ETH,A,Close Long,2998.8,0.5465,0.655537,-14.84294,34.1479,226
1763426619059,ETH,A,Close Long,2998.8,0.417,0.500199,-11.32572,33.6014,226
1763426619059,ETH,A,Close Long,2998.8,0.2551,0.305997,-6.928516,33.1844,226
1763426619059,ETH,A,Close Long,2998.7,0.2551,0.305987,-6.954026,32.9293,226
1763426619059,ETH,A,Close Long,2998.7,18.7615,22.504044,-511.43849,32.6742,226
1763426619059,ETH,A,Close Long,2998.7,2.4,2.878752,-65.424,13.9127,226
1763426619059,ETH,A,Close Long,2998.7,0.2551,0.305987,-6.954026,11.5127,226
1763426619059,ETH,A,Close Long,2998.7,0.2551,0.305987,-6.954026,11.2576,226
1763426619059,ETH,A,Close Long,2998.7,0.2551,0.305987,-6.954026,11.0025,226
1763426619059,ETH,A,Close Long,2998.7,0.0063,0.007556,-0.171738,10.7474,226
1763426619059,ETH,A,Close Long,2998.7,0.417,0.500183,-11.36742,10.7411,226
1763426619059,ETH,A,Close Long,2998.7,0.2551,0.305987,-6.954026,10.3241,226
1763426619059,ETH,A,Close Long,2998.6,0.2551,0.305977,-6.979536,10.069,226
1763426619059,ETH,A,Close Long,2998.6,9.8139,11.771184,-268.508304,9.8139,226
1763434853005,ETH,B,Open Long,2975.0,3.3613,1.199984,0.0,0.0,237
1763434910162,ETH,B,Open Long,2965.0,3.3726,1.199971,0.0,3.3613,238
1763434935125,ETH,B,Open Long,2955.0,3.384,1.199966,0.0,6.7339,239
1763434943856,BTC,B,Open Long,90550.0,0.11043,1.199932,0.0,0.0,227
1763434950451,BTC,B,Open Long,90450.0,0.11055,1.199909,0.0,0.11043,228
1763435283638,BTC,B,Open Long,90350.0,0.11068,1.199992,0.0,0.22098,229
1763436176517,BTC,B,Open Long,90250.0,0.1108,1.199964,0.0,0.33166,230
1763436236696,BTC,B,Open Long,90150.0,0.11092,1.199932,0.0,0.44246,231
1763436392008,BTC,B,Open Long,90050.0,0.11104,1.199898,0.0,0.55338,232
1763436642287,BTC,B,Open Long,89950.0,0.11117,1.199968,0.0,0.66442,233
1763436649124,BTC,B,Open Long,89850.0,0.11129,1.199928,0.0,0.77559,234
1763436873653,BTC,B,Open Long,89750.0,0.11142,1.199993,0.0,0.88688,235
1763441246166,BTC,B,Open Long,89650.0,0.11154,1.199947,0.0,0.9983,236
1763512022615,ETH,B,Open Long,3097.4,0.21,0.078054,0.0,10.1179,242
1763512022615,ETH,B,Open Long,3097.4,0.28,0.104072,0.0,10.3279,242
1763512022615,ETH,B,Open Long,3097.4,0.21,0.078054,0.0,10.6079,242
1763512022615,ETH,B,Open Long,3097.4,0.21,0.078054,0.0,10.8179,242
1763512025047,ETH,B,Open Long,3097.4,0.007,0.002601,0.0,11.0279,242
1763512025047,ETH,B,Open Long,3097.4,0.0067,0.00249,0.0,11.0349,242
1763512075290,ETH,B,Open Long,3097.4,1.0,0.371688,0.0,11.0416,242
1763512076002,ETH,B,Open Long,3097.4,0.0097,0.003605,0.0,12.0416,242
1763512076688,ETH,B,Open Long,3097.4,0.0097,0.003605,0.0,12.0513,242
1763512077838,ETH,B,Open Long,3097.4,1.0,0.371688,0.0,12.061,242
1763512078509,ETH,B,Open Long,3097.4,0.0073,0.002713,0.0,13.061,242
1763512079316,ETH,B,Open Long,3097.4,0.5648,0.209929,0.0,13.0683,242
1763512079316,ETH,B,Open Long,3097.4,0.0159,0.005909,0.0,13.6331,242
1763512079367,ETH,B,Open Long,3097.4,6.1544,2.287516,0.0,13.649,242
1763518016061,ETH,B,Open Long,3113.6,0.1335,0.049879,0.0,19.8034,243
1763518017808,ETH,B,Open Long,3113.6,0.27,0.10088,0.0,19.9369,243
1763518018832,ETH,B,Open Long,3113.6,1.6021,0.598595,0.0,20.2069,243
1763518018955,ETH,B,Open Long,3113.6,1.6021,0.598595,0.0,21.809,243
1763518018955,ETH,B,Open Long,3113.6,6.0274,2.252029,0.0,23.4111,243
1763523078038,ETH,B,Open Long,3091.0,0.0532,0.019732,0.0,29.4385,244
1763523078625,ETH,B,Open Long,3091.0,0.6046,0.224258,0.0,29.4917,244
1763523078822,ETH,B,Open Long,3091.0,0.6243,0.231565,0.0,30.0963,244
1763523078985,ETH,B,Open Long,3091.0,0.658,0.244065,0.0,30.7206,244
1763523079188,ETH,B,Open Long,3091.0,0.6581,0.244102,0.0,31.3786,244
1763523079509,ETH,B,Open Long,3091.0,0.6535,0.242396,0.0,32.0367,244
1763523079509,ETH,B,Open Long,3091.0,0.6598,0.244733,0.0,32.6902,244
1763523079638,ETH,B,Open Long,3091.0,0.6486,0.240578,0.0,33.35,244
1763523079790,ETH,B,Open Long,3091.0,5.1454,1.908531,0.0,33.9986,244
1763529866068,ETH,B,Open Long,3034.0,0.0065,0.002366,0.0,39.144,240
1763529911992,ETH,B,Open Long,3034.0,0.8357,0.304261,0.0,39.1505,240
1763529912505,ETH,B,Open Long,3034.0,0.21,0.076456,0.0,39.9862,240
1763529912505,ETH,B,Open Long,3034.0,0.5719,0.208217,0.0,40.1962,240
1763529913044,ETH,B,Open Long,3034.0,0.004,0.001456,0.0,40.7681,240
1763529913421,ETH,B,Open Long,3034.0,0.0131,0.004769,0.0,40.7721,240
1763529914054,ETH,B,Open Long,3034.0,8.2467,3.002458,0.0,40.7852,240
1763529967591,ETH,B,Open Long,3029.0,0.7327,0.266321,0.0,49.0319,241
1763529967591,ETH,B,Open Long,3029.0,0.0161,0.005852,0.0,49.7646,241
1763529967591,ETH,B,Open Long,3029.0,0.0161,0.005852,0.0,49.7807,241
1763529967591,ETH,B,Open Long,3029.0,0.0161,0.005852,0.0,49.7968,241
1763529967591,ETH,B,Open Long,3029.0,0.25,0.09087,0.0,49.8129,241
1763529967591,ETH,B,Open Long,3029.0,0.0161,0.005852,0.0,50.0629,241
1763529968020,ETH,B,Open Long,3029.0,0.6495,0.23608,0.0,50.079,241
1763529968160,ETH,B,Open Long,3029.0,0.6471,0.235207,0.0,50.7285,241
1763529968424,ETH,B,Open Long,3029.0,0.6605,0.240078,0.0,51.3756,241
1763529968627,ETH,B,Open Long,3029.0,0.0161,0.005852,0.0,52.0361,241
1763529968627,ETH,B,Open Long,3029.0,0.0161,0.005852,0.0,52.0522,241
1763529968627,ETH,B,Open Long,3029.0,2.9999,1.090403,0.0,52.0683,241
1763529968627,ETH,B,Open Long,3029.0,0.0095,0.003453,0.0,55.0682,241
1763529968787,ETH,B,Open Long,3029.0,0.0195,0.007087,0.0,55.0777,241
1763529968787,ETH,B,Open Long,3029.0,3.8389,1.395363,0.0,55.0972,241
1763546511305,ETH,B,Open Long,3087.6,0.4997,0.617149,0.0,58.9361,246
1763546511305,ETH,B,Open Long,3087.6,0.5065,0.625547,0.0,59.4358,246
1763546511305,ETH,B,Open Long,3087.6,1.6987,2.097962,0.0,59.9423,246
1763546511305,ETH,B,Open Long,3087.6,0.5631,0.695451,0.0,61.641,246
1763546511305,ETH,B,Open Long,3087.6,3.2049,3.958179,0.0,62.2041,246
1763562328315,ETH,B,Open Long,3029.0,6.6028,2.399985,0.0,65.409,245
1763565740110,ETH,B,Open Long,3050.0,0.1584,0.057974,0.0,72.0118,247
1763565740454,ETH,B,Open Long,3050.0,0.5834,0.213524,0.0,72.1702,247
1763565740454,ETH,B,Open Long,3050.0,0.787,0.288042,0.0,72.7536,247
1763565740454,ETH,B,Open Long,3050.0,0.9734,0.356264,0.0,73.5406,247
1763565743548,ETH,B,Open Long,3050.0,0.7449,0.272633,0.0,74.514,247
1763565743685,ETH,B,Open Long,3050.0,21.3771,7.824018,0.0,75.2589,247
1763565743808,ETH,B,Open Long,3050.0,8.1626,2.987511,0.0,96.636,247
1763671497451,ETH,A,Close Long,2840.4,0.0065,0.007385,-1.38398,104.7986,248
1763671497451,ETH,A,Close Long,2840.4,47.9988,54.534316,-10219.904496,104.7921,248
1763671497451,ETH,A,Close Long,2840.4,29.361,33.358793,-6251.54412,56.7933,248
1763671497451,ETH,A,Close Long,2840.4,2.8111,3.193859,-598.539412,27.4323,248
1763671497451,ETH,A,Close Long,2840.3,0.793,0.900943,-168.92486,24.6212,248
1763671497451,ETH,A,Close Long,2840.2,1.9034,2.162414,-405.652608,23.8282,248
1763671497451,ETH,A,Close Long,2840.2,3.5208,3.99991,-750.352896,21.9248,248
1763671497451,ETH,A,Close Long,2840.2,5.2813,5.999979,-1125.550656,18.404,248
1763671497451,ETH,A,Close Long,2840.1,2.2729,2.582105,-484.627738,13.1227,248
1763671497451,ETH,A,Close Long,2840.1,5.2815,5.999995,-1126.12143,10.8498,248
1763671497451,ETH,A,Close Long,2840.0,3.5211,3.999969,-751.121052,5.5683,248
1763671497451,ETH,A,Close Long,2840.0,2.0472,2.325619,-436.708704,2.0472,248
1763671500818,BTC,A,Close Long,86608.0,0.00115,0.039839,-4.01465,1.10984,249
1763671500818,BTC,A,Close Long,86608.0,0.05773,1.999951,-201.53543,1.10869,249
1763671500818,BTC,A,Close Long,86607.0,0.01666,0.577149,-58.17672,1.05096,249
1763671500818,BTC,A,Close Long,86607.0,0.0023,0.079678,-8.0316,1.0343,249
1763671500818,BTC,A,Close Long,86607.0,0.144,4.988563,-502.848,1.032,249
1763671500818,BTC,A,Close Long,86606.0,0.05773,1.999905,-201.65089,0.888,249
1763671500818,BTC,A,Close Long,86606.0,0.00346,0.119862,-12.08578,0.83027,249
1763671500818,BTC,A,Close Long,86605.0,0.00021,0.007274,-0.73374,0.82681,249
1763671500818,BTC,A,Close Long,86605.0,0.59314,20.547555,-2072.43116,0.8266,249
1763671500818,BTC,A,Close Long,86605.0,0.00577,0.199884,-20.16038,0.23346,249
1763671500818,BTC,A,Close Long,86605.0,0.22769,7.887636,-795.54886,0.22769,249
1763731221699,@142,B,Buy,83897.0,0.02,0.0000119999,0.0,0.0,250
1763731221699,@142,B,Buy,83898.0,0.02,0.0000119999,0.0,0.0199880001,250
1763731221699,@142,B,Buy,83899.0,0.01959,0.0000117539,0.0,0.0399760002,250
1763731356951,@142,B,Buy,83800.0,0.00503,0.0000015089,0.0,0.0595542463,251
1763731357145,@142,B,Buy,83800.0,0.00002,0.0000000059,0.0,0.0645827374,251
1763731360024,@142,B,Buy,83800.0,0.00038,0.0000001139,0.0,0.0646027315,251
1763731368319,@142,B,Buy,83800.0,0.00501,0.0000015029,0.0,0.0649826176,251
1763731368523,@142,B,Buy,83800.0,0.00002,0.0000000059,0.0,0.0699911147,251
1763731369624,@142,B,Buy,83800.0,0.0492,0.0000147599,0.0,0.0700111088,251
1763731401559,@142,B,Buy,83700.0,0.00266,0.0000007979,0.0,0.1191963489,252
1763731406501,@142,B,Buy,83700.0,0.00494,0.0000014819,0.0,0.121855551,252
1763731416347,@142,B,Buy,83700.0,0.00492,0.0000014759,0.0,0.1267940691,252
1763731420057,@142,B,Buy,83700.0,0.00037,0.0000001109,0.0,0.1317125932,252
1763731421315,@142,B,Buy,83700.0,0.00491,0.0000014729,0.0,0.1320824823,252
1763731425190,@142,B,Buy,83700.0,0.04193,0.0000125789,0.0,0.1369910094,252
1763757811484,@142,A,Sell,84082.0,0.03,0.756738,7.47671474,0.1789084305,253
1763757811484,@142,A,Sell,84082.0,0.02,0.50449199,4.9844765,0.1489084305,253
1763757811713,@142,A,Sell,84082.0,0.1289,3.25145094,32.124951,0.1289084305,253
1763769600049,@142,A,Spot Dust Conversion,85088.0,0.0000084305,0.0,0.0,0.0000084305,254
1763851510150,ETH,A,Open Short,2769.0,0.1772,0.05888,0.0,0.0,255
1763851510150,ETH,A,Open Short,2769.0,0.19,0.063133,0.0,-0.1772,255
1763851510150,ETH,A,Open Short,2769.0,0.19,0.063133,0.0,-0.3672,255
1763851510150,ETH,A,Open Short,2769.0,0.35,0.116298,0.0,-0.5572,255
1763851510209,ETH,A,Open Short,2769.0,0.35,0.116298,0.0,-0.9072,255
1763851510260,ETH,A,Open Short,2769.0,7.3055,2.427471,0.0,-1.2572,255
1763851510260,ETH,A,Open Short,2769.0,0.19,0.063133,0.0,-8.5627,255
1763851510414,ETH,A,Open Short,2769.0,0.362,0.120285,0.0,-8.7527,255
1763851510414,ETH,A,Open Short,2769.0,0.181,0.060142,0.0,-9.1147,255
1763851510760,ETH,A,Open Short,2769.0,0.19,0.063133,0.0,-9.2957,255
1763851510760,ETH,A,Open Short,2769.0,0.128,0.042531,0.0,-9.4857,255
1763851510831,ETH,A,Open Short,2769.0,0.107,0.035553,0.0,-9.6137,255
1763851510831,ETH,A,Open Short,2769.0,0.108,0.035886,0.0,-9.7207,255
1763851510831,ETH,A,Open Short,2769.0,0.19,0.063133,0.0,-9.8287,255
1763851511149,ETH,A,Open Short,2769.0,0.1807,0.060042,0.0,-10.0187,255
1763851511627,ETH,A,Open Short,2769.0,0.0181,0.006014,0.0,-10.1994,255
1763851511675,ETH,A,Open Short,2769.0,0.0181,0.006014,0.0,-10.2175,255
1763851513022,ETH,A,Open Short,2769.0,0.0045,0.001495,0.0,-10.2356,255
1763851918778,ETH,A,Open Short,2769.0,0.14,0.046519,0.0,-10.2401,255
1763851918979,ETH,A,Open Short,2769.0,15.3173,5.089632,0.0,-10.3801,255
1763851918979,ETH,A,Open Short,2769.0,4.5951,1.526859,0.0,-25.6974,255
1763851918979,ETH,A,Open Short,2769.0,4.5951,1.526859,0.0,-30.2925,255
1763851918979,ETH,A,Open Short,2769.0,0.8891,0.29543,0.0,-34.8876,255
1763851918979,ETH,A,Open Short,2769.0,36.4515,12.112104,0.0,-35.7767,255
1763852024207,BTC,A,Open Short,85168.0,0.08785,0.897841,0.0,0.0,256
1763852024207,BTC,A,Open Short,85168.0,0.82969,8.479564,0.0,-0.08785,256
1763852025010,BTC,A,Open Short,85168.0,0.00027,0.002759,0.0,-0.91754,256
1763852025561,BTC,A,Open Short,85168.0,0.00499,0.050998,0.0,-0.91781,256
1763852025763,BTC,A,Open Short,85168.0,0.00057,0.005825,0.0,-0.9228,256
1763852025925,BTC,A,Open Short,85168.0,0.00025,0.002555,0.0,-0.92337,256
1763852026378,BTC,A,Open Short,85168.0,0.013,0.132862,0.0,-0.92362,256
1763852026378,BTC,A,Open Short,85168.0,0.005,0.0511,0.0,-0.93662,256
1763852026378,BTC,A,Open Short,85168.0,0.00151,0.015432,0.0,-0.94162,256
1763852026378,BTC,A,Open Short,85168.0,0.60186,6.151105,0.0,-0.94313,256
1763852026528,BTC,A,Open Short,85168.0,0.36966,3.777984,0.0,-1.54499,256
1763852026528,BTC,A,Open Short,85168.0,0.36966,3.777984,0.0,-1.91465,256
1763852026528,BTC,A,Open Short,85168.0,0.06398,0.653885,0.0,-2.28431,256
1763857962988,BTC,B,Close Short,84980.0,0.59219,6.038916,111.33172,-2.34829,258
1763857962988,BTC,B,Close Short,84980.0,0.23629,2.40959,44.42252,-1.7561,258
1763857963738,BTC,B,Close Short,84980.0,0.66666,6.798332,125.33208,-1.51981,258
1763857963738,BTC,B,Close Short,84980.0,0.15,1.52964,28.2,-0.85315,258
1763857963738,BTC,B,Close Short,84980.0,0.57164,5.829356,107.46832,-0.70315,258
1763857963738,BTC,B,Close Short,84980.0,0.13131,1.339046,24.68628,-0.13151,258
1763858209331,BTC,B,Close Short,85029.0,0.0002,0.006802,0.0278,-0.0002,259
1763858911958,ETH,B,Close Short,2767.0,53.0505,17.614888,106.101,-72.2282,257
1763858912304,ETH,B,Close Short,2767.0,4.3586,1.447229,8.7172,-19.1777,257
1763859191862,ETH,B,Close Short,2772.4,14.5233,16.105758,-49.37922,-14.8191,260
1763859191862,ETH,B,Close Short,2772.4,0.2958,0.32803,-1.00572,-0.2958,260
1763905172489,BTC,B,Open Long,86673.0,2.30752,23.999961,0.0,0.0,261
1763910034218,BTC,A,Close Long,86500.0,0.00346,0.119716,-0.59858,2.30752,262
1763910034218,BTC,A,Close Long,86500.0,0.00231,0.079926,-0.39963,2.30406,262
1763910034218,BTC,A,Close Long,86500.0,0.00115,0.03979,-0.19895,2.30175,262
1763910034218,BTC,A,Close Long,86500.0,0.00013,0.004498,-0.02249,2.3006,262
1763910034218,BTC,A,Close Long,86500.0,0.00116,0.040136,-0.20068,2.30047,262
1763910034218,BTC,A,Close Long,86500.0,0.28726,9.939196,-49.69598,2.29931,262
1763910034218,BTC,A,Close Long,86500.0,0.34668,11.995128,-59.97564,2.01205,262
1763910034218,BTC,A,Close Long,86500.0,1.14791,39.717686,-198.58843,1.66537,262
1763910034218,BTC,A,Close Long,86500.0,0.09763,3.377998,-16.88999,0.51746,262
1763910034218,BTC,A,Close Long,86500.0,0.41983,14.526118,-72.63059,0.41983,262
1763910787873,BTC,B,Open Long,86660.0,0.01871,0.648563,0.0,0.0,263
1763910787873,BTC,B,Open Long,86660.0,0.06172,2.139462,0.0,0.01871,263
1763910787873,BTC,B,Open Long,86660.0,0.519,17.990616,0.0,0.08043,263
1763910787873,BTC,B,Open Long,86660.0,0.519,17.990616,0.0,0.59943,263
1763910787873,BTC,B,Open Long,86660.0,0.519,17.990616,0.0,1.11843,263
1763910787873,BTC,B,Open Long,86660.0,0.15105,5.235997,0.0,1.63743,263
1763910787873,BTC,B,Open Long,86660.0,0.28848,9.99987,0.0,1.78848,263
1763910787873,BTC,B,Open Long,86660.0,0.02399,0.831589,0.0,2.07696,263
1763910787873,BTC,B,Open Long,86660.0,0.01669,0.578542,0.0,2.10095,263
1763910787873,BTC,B,Open Long,86660.0,0.04809,1.666991,0.0,2.11764,263
1763910787873,BTC,B,Open Long,86660.0,0.14211,4.926101,0.0,2.16573,263
1763913439278,BTC,A,Close Long,87100.0,2.30783,24.121439,1015.4452,2.30784,264
1763918250773,BTC,A,Close Long,86616.0,0.00001,0.000346,-0.00044,0.00001,265
1764112460918,ETH,B,Open Long,2976.2,0.2707,0.322262,0.0,0.0,266
1764112460918,ETH,B,Open Long,2976.2,7.1048,8.458122,0.0,0.2707,266
1764112460918,ETH,B,Open Long,2976.2,3.3,3.928584,0.0,7.3755,266
1764112460918,ETH,B,Open Long,2976.2,3.0,3.57144,0.0,10.6755,266
1764112460918,ETH,B,Open Long,2976.2,0.8068,0.960479,0.0,13.6755,266
1764112460918,ETH,B,Open Long,2976.2,0.8068,0.960479,0.0,14.4823,266
1764112460918,ETH,B,Open Long,2976.2,8.5717,10.204437,0.0,15.2891,266
1764112460918,ETH,B,Open Long,2976.2,3.3,3.928584,0.0,23.8608,266
1764112460918,ETH,B,Open Long,2976.2,0.8068,0.960479,0.0,27.1608,266
1764112460918,ETH,B,Open Long,2976.2,1.0229,1.217741,0.0,27.9676,266
1764112460918,ETH,B,Open Long,2976.2,1.0229,1.217741,0.0,28.9905,266
1764112460918,ETH,B,Open Long,2976.2,0.2707,0.322262,0.0,30.0134,266
1764112460918,ETH,B,Open Long,2976.2,3.3067,3.93656,0.0,30.2841,266
1764112503087,BTC,B,Open Long,87771.0,0.22794,2.400782,0.0,0.0,267
1764112503087,BTC,B,Open Long,87771.0,0.29204,3.075917,0.0,0.22794,267
1764112503087,BTC,B,Open Long,87771.0,0.527,5.550638,0.0,0.51998,267
1764112503087,BTC,B,Open Long,87771.0,0.09234,0.972572,0.0,1.04698,267
1764122107364,ETH,B,Open Long,2970.5,0.6733,0.240004,0.0,33.5908,268
1764122108048,ETH,B,Open Long,2970.5,0.2205,0.078599,0.0,34.2641,268
1764122108198,ETH,B,Open Long,2970.5,0.2192,0.078136,0.0,34.4846,268
1764122109658,ETH,B,Open Long,2970.5,32.5513,11.603236,0.0,34.7038,268
1764122109861,BTC,B,Open Long,87954.0,0.02287,0.24138,0.0,1.13932,269
1764122109952,BTC,B,Open Long,87954.0,0.16666,1.759009,0.0,1.16219,269
1764122109952,BTC,B,Open Long,87954.0,0.023,0.242753,0.0,1.32885,269
1764122109952,BTC,B,Open Long,87954.0,0.023,0.242753,0.0,1.35185,269
1764122109952,BTC,B,Open Long,87954.0,0.66666,7.036249,0.0,1.37485,269
1764122110026,BTC,B,Open Long,87954.0,0.023,0.242753,0.0,2.04151,269
1764122110026,BTC,B,Open Long,87954.0,0.023,0.242753,0.0,2.06451,269
1764122110026,BTC,B,Open Long,87954.0,0.18876,1.992263,0.0,2.08751,269
1764130056975,ETH,A,Close Long,2925.9,1.5265,1.786554,-72.41716,67.2551,270
1764130056975,ETH,A,Close Long,2925.9,2.2,2.574792,-104.368,65.7286,270
1764130056975,ETH,A,Close Long,2925.9,3.0,3.51108,-142.32,63.5286,270
1764130056975,ETH,A,Close Long,2925.9,2.2,2.574792,-104.368,60.5286,270
1764130056975,ETH,A,Close Long,2925.9,2.2,2.574792,-104.368,58.3286,270
1764130056975,ETH,A,Close Long,2925.9,1.9713,2.30713,-93.518472,56.1286,270
1764130056975,ETH,A,Close Long,2925.9,3.0,3.51108,-142.32,54.1573,270
1764130056975,ETH,A,Close Long,2925.9,2.4,2.808864,-113.856,51.1573,270
1764130056975,ETH,A,Close Long,2925.9,1.25,1.46295,-59.3,48.7573,270
1764130056975,ETH,A,Close Long,2925.9,7.028,8.22529,-333.40832,47.5073,270
1764130056975,ETH,A,Close Long,2925.9,7.6486,8.951615,-362.849584,40.4793,270
1764130056975,ETH,A,Close Long,2925.9,1.3672,1.600116,-64.859968,32.8307,270
1764130056975,ETH,A,Close Long,2925.9,9.3373,10.928002,-442.961512,31.4635,270
1764130056975,ETH,A,Close Long,2925.9,1.7087,1.999794,-81.060728,22.1262,270
1764130056975,ETH,A,Close Long,2925.9,0.6,0.702216,-28.464,20.4175,270
1764130056975,ETH,A,Close Long,2925.9,5.2412,6.13409,-248.642528,19.8175,270
1764130056975,ETH,A,Close Long,2925.9,2.1318,2.494973,-101.132592,14.5763,270
1764130056975,ETH,A,Close Long,2925.9,10.659,12.474867,-505.66296,12.4445,270
1764130056975,ETH,A,Close Long,2925.9,0.3417,0.399912,-16.210248,1.7855,270
1764130056975,ETH,A,Close Long,2925.9,0.7691,0.900123,-36.486104,1.4438,270
1764130056975,ETH,A,Close Long,2925.8,0.6747,0.789614,-32.075238,0.6747,270
1764130059719,BTC,A,Close Long,87011.0,0.24626,8.570931,-209.665764,2.27627,271
1764130059719,BTC,A,Close Long,87011.0,0.22624,7.874147,-192.620736,2.03001,271
1764130059719,BTC,A,Close Long,87011.0,0.01149,0.399902,-9.782586,1.80377,271
1764130059719,BTC,A,Close Long,87011.0,0.64305,22.380969,-547.49277,1.79228,271
1764130059719,BTC,A,Close Long,87011.0,1.14923,39.99826,-978.454422,1.14923,271
1764140605625,ETH,B,Open Long,2944.1,0.1479,0.052251,0.0,0.0,272
1764140605625,ETH,B,Open Long,2944.1,0.221,0.078077,0.0,0.1479,272
1764140608784,ETH,B,Open Long,2944.1,67.5635,23.869644,0.0,0.3689,272
1764140806401,BTC,B,Open Long,87720.0,2.27998,23.999981,0.0,0.0,273
1764153307009,ETH,A,Close Long,2908.2,2.4,2.791872,-86.16,67.9324,274
1764153307009,ETH,A,Close Long,2908.2,2.6418,3.073153,-94.84062,65.5324,274
1764153307009,ETH,A,Close Long,2908.2,1.0567,1.229237,-37.93553,62.8906,274
1764153307009,ETH,A,Close Long,2908.2,0.5426,0.631195,-19.47934,61.8339,274
1764153307009,ETH,A,Close Long,2908.2,0.5426,0.631195,-19.47934,61.2913,274
1764153307009,ETH,A,Close Long,2908.2,0.5426,0.631195,-19.47934,60.7487,274
1764153307009,ETH,A,Close Long,2908.2,0.5426,0.631195,-19.47934,60.2061,274
1764153307009,ETH,A,Close Long,2908.2,0.5426,0.631195,-19.47934,59.6635,274
1764153307009,ETH,A,Close Long,2908.2,1.8,2.093904,-64.62,59.1209,274
1764153307009,ETH,A,Close Long,2908.2,9.2524,10.763131,-332.16116,57.3209,274
1764153307009,ETH,A,Close Long,2908.2,1.0876,1.265183,-39.04484,48.0685,274
1764153307009,ETH,A,Close Long,2908.2,8.2868,9.639868,-297.49612,46.9809,274
1764153307009,ETH,A,Close Long,2908.2,1.2291,1.429787,-44.12469,38.6941,274
1764153307009,ETH,A,Close Long,2908.2,0.3438,0.399935,-12.34242,37.465,274
1764153307009,ETH,A,Close Long,2908.2,1.8,2.093904,-64.62,37.1212,274
1764153307009,ETH,A,Close Long,2908.2,8.5965,10.000136,-308.61435,35.3212,274
1764153307009,ETH,A,Close Long,2908.2,2.9931,3.481813,-107.45229,26.7247,274
1764153307009,ETH,A,Close Long,2908.2,1.3727,1.596834,-49.27993,23.7316,274
1764153307009,ETH,A,Close Long,2908.2,1.5134,1.760507,-54.33106,22.3589,274
1764153307009,ETH,A,Close Long,2908.2,1.3952,1.623008,-50.08768,20.8455,274
1764153307009,ETH,A,Close Long,2908.2,1.006,1.170259,-36.1154,19.4503,274
1764153307009,ETH,A,Close Long,2908.2,1.9766,2.299339,-70.95994,18.4443,274
1764153307009,ETH,A,Close Long,2908.2,1.2668,1.473643,-45.47812,16.4677,274
1764153307009,ETH,A,Close Long,2908.2,6.2987,7.327151,-226.12333,15.2009,274
1764153307009,ETH,A,Close Long,2908.2,8.9022,10.355751,-319.58898,8.9022,274
1764153310892,BTC,A,Close Long,86683.0,0.20232,7.015081,-209.80584,2.27998,275
1764153310892,BTC,A,Close Long,86683.0,0.10596,3.673972,-109.88052,2.07766,275
1764153310892,BTC,A,Close Long,86683.0,0.691,23.959181,-716.567,1.9717,275
1764153310892,BTC,A,Close Long,86683.0,0.691,23.959181,-716.567,1.2807,275
1764153310892,BTC,A,Close Long,86683.0,0.5897,20.446786,-611.5189,0.5897,275
1764173734345,BTC,A,Open Short,87788.0,2.27821,23.999939,0.0,0.0,276
1764178085528,ETH,A,Open Short,2972.0,0.0852,0.030385,0.0,0.0,277
1764178085528,ETH,A,Open Short,2972.0,0.15,0.053496,0.0,-0.0852,277
1764178085528,ETH,A,Open Short,2972.0,0.27,0.096292,0.0,-0.2352,277
1764178085596,ETH,A,Open Short,2972.0,0.27,0.096292,0.0,-0.5052,277
1764178085676,ETH,A,Open Short,2972.0,0.24,0.085593,0.0,-0.7752,277
1764178085676,ETH,A,Open Short,2972.0,0.21,0.074894,0.0,-1.0152,277
1764178085676,ETH,A,Open Short,2972.0,0.24,0.085593,0.0,-1.2252,277
1764178085676,ETH,A,Open Short,2972.0,0.32,0.114124,0.0,-1.4652,277
1764178086284,ETH,A,Open Short,2972.0,1.5489,0.552399,0.0,-1.7852,277
1764178086552,ETH,A,Open Short,2972.0,0.193,0.068831,0.0,-3.3341,277
1764178086630,ETH,A,Open Short,2972.0,0.192,0.068474,0.0,-3.5271,277
1764178086823,ETH,A,Open Short,2972.0,0.0168,0.005991,0.0,-3.7191,277
1764178086823,ETH,A,Open Short,2972.0,0.214,0.07632,0.0,-3.7359,277
1764178086823,ETH,A,Open Short,2972.0,0.0926,0.033024,0.0,-3.9499,277
1764178087065,ETH,A,Open Short,2972.0,10.5409,3.759306,0.0,-4.0425,277
1764178087065,ETH,A,Open Short,2972.0,0.177,0.063125,0.0,-14.5834,277
1764178087065,ETH,A,Open Short,2972.0,10.1398,3.616258,0.0,-14.7604,277
1764178087065,ETH,A,Open Short,2972.0,0.276,0.098432,0.0,-24.9002,277
1764178087065,ETH,A,Open Short,2972.0,0.184,0.065621,0.0,-25.1762,277
1764178087065,ETH,A,Open Short,2972.0,0.184,0.065621,0.0,-25.3602,277
1764178087065,ETH,A,Open Short,2972.0,9.0662,3.233369,0.0,-25.5442,277
1764178087065,ETH,A,Open Short,2972.0,0.184,0.065621,0.0,-34.6104,277
1764178087065,ETH,A,Open Short,2972.0,0.184,0.065621,0.0,-34.7944,277
1764178087065,ETH,A,Open Short,2972.0,0.19,0.067761,0.0,-34.9784,277
1764178087065,ETH,A,Open Short,2972.0,0.184,0.065621,0.0,-35.1684,277
1764178087065,ETH,A,Open Short,2972.0,1.1643,0.415235,0.0,-35.3524,277
1764178087065,ETH,A,Open Short,2972.0,0.19,0.067761,0.0,-36.5167,277
1764178087065,ETH,A,Open Short,2972.0,0.34,0.121257,0.0,-36.7067,277
1764178087065,ETH,A,Open Short,2972.0,4.1303,1.47303,0.0,-37.0467,277
1764178087065,ETH,A,Open Short,2972.0,0.31,0.110558,0.0,-41.177,277
1764178087065,ETH,A,Open Short,2972.0,0.0168,0.005991,0.0,-41.487,277
1764178087065,ETH,A,Open Short,2972.0,0.176,0.062768,0.0,-41.5038,277
1764178087065,ETH,A,Open Short,2972.0,0.184,0.065621,0.0,-41.6798,277
1764178087065,ETH,A,Open Short,2972.0,0.184,0.065621,0.0,-41.8638,277
1764178087065,ETH,A,Open Short,2972.0,0.169,0.060272,0.0,-42.0478,277
1764178087065,ETH,A,Open Short,2972.0,0.184,0.065621,0.0,-42.2168,277
1764178087065,ETH,A,Open Short,2972.0,0.0168,0.005991,0.0,-42.4008,277
1764178087065,ETH,A,Open Short,2972.0,0.0168,0.005991,0.0,-42.4176,277
1764178087065,ETH,A,Open Short,2972.0,0.0168,0.005991,0.0,-42.4344,277
1764178087065,ETH,A,Open Short,2972.0,0.184,0.065621,0.0,-42.4512,277
1764178087065,ETH,A,Open Short,2972.0,0.174,0.062055,0.0,-42.6352,277
1764178087065,ETH,A,Open Short,2972.0,0.192,0.068474,0.0,-42.8092,277
1764178087065,ETH,A,Open Short,2972.0,0.0168,0.005991,0.0,-43.0012,277
1764178087065,ETH,A,Open Short,2972.0,0.0168,0.005991,0.0,-43.018,277
1764178087065,ETH,A,Open Short,2972.0,0.0168,0.005991,0.0,-43.0348,277
1764178087065,ETH,A,Open Short,2972.0,0.0168,0.005991,0.0,-43.0516,277
1764178087065,ETH,A,Open Short,2972.0,0.0168,0.005991,0.0,-43.0684,277
1764178087065,ETH,A,Open Short,2972.0,0.0168,0.005991,0.0,-43.0852,277
1764178087065,ETH,A,Open Short,2972.0,0.0168,0.005991,0.0,-43.102,277
1764178087065,ETH,A,Open Short,2972.0,0.0168,0.005991,0.0,-43.1188,277
1764178087065,ETH,A,Open Short,2972.0,0.0168,0.005991,0.0,-43.1356,277
1764178087065,ETH,A,Open Short,2972.0,0.0168,0.005991,0.0,-43.1524,277
1764178087065,ETH,A,Open Short,2972.0,0.0168,0.005991,0.0,-43.1692,277
1764178087065,ETH,A,Open Short,2972.0,0.25,0.08916,0.0,-43.186,277
1764178087065,ETH,A,Open Short,2972.0,0.184,0.065621,0.0,-43.436,277
1764178087065,ETH,A,Open Short,2972.0,0.0168,0.005991,0.0,-43.62,277
1764178087065,ETH,A,Open Short,2972.0,0.0168,0.005991,0.0,-43.6368,277
1764178087065,ETH,A,Open Short,2972.0,0.184,0.065621,0.0,-43.6536,277
1764178087065,ETH,A,Open Short,2972.0,0.184,0.065621,0.0,-43.8376,277
1764178087065,ETH,A,Open Short,2972.0,0.214,0.07632,0.0,-44.0216,277
1764178087065,ETH,A,Open Short,2972.0,0.0168,0.005991,0.0,-44.2356,277
1764178087065,ETH,A,Open Short,2972.0,0.0168,0.005991,0.0,-44.2524,277
1764178087065,ETH,A,Open Short,2972.0,0.0168,0.005991,0.0,-44.2692,277
1764178087065,ETH,A,Open Short,2972.0,0.0156,0.005563,0.0,-44.286,277
1764178087108,ETH,A,Open Short,2972.0,0.5061,0.180495,0.0,-44.3016,277
1764178087108,ETH,A,Open Short,2972.0,0.086,0.030671,0.0,-44.8077,277
1764178087108,ETH,A,Open Short,2972.0,0.174,0.062055,0.0,-44.8937,277
1764178087108,ETH,A,Open Short,2972.0,0.174,0.062055,0.0,-45.0677,277
1764178087108,ETH,A,Open Short,2972.0,0.34,0.121257,0.0,-45.2417,277
1764178087108,ETH,A,Open Short,2972.0,0.17,0.060628,0.0,-45.5817,277
1764178087108,ETH,A,Open Short,2972.0,0.202,0.072041,0.0,-45.7517,277
1764178087108,ETH,A,Open Short,2972.0,0.184,0.065621,0.0,-45.9537,277
1764178087108,ETH,A,Open Short,2972.0,21.157,7.545432,0.0,-46.1377,277
1764190167634,BTC,B,Close Short,89649.0,0.40735,14.607408,-758.07835,-2.27821,278
1764190167634,BTC,B,Close Short,89649.0,0.55776,20.00105,-1037.99136,-1.87086,278
1764190167634,BTC,B,Close Short,89649.0,0.55777,20.001409,-1038.00997,-1.3131,278
1764190167634,BTC,B,Close Short,89649.0,0.17375,6.230605,-323.34875,-0.75533,278
1764190167634,BTC,B,Close Short,89649.0,0.05577,1.999889,-103.78797,-0.58158,278
1764190167634,BTC,B,Close Short,89649.0,0.17075,6.123026,-317.76575,-0.52581,278
1764190167634,BTC,B,Close Short,89649.0,0.35506,12.732309,-660.76666,-0.35506,278
1764190172296,ETH,B,Close Short,3010.9,0.238,0.286637,-9.2582,-67.2947,279
1764190172296,ETH,B,Close Short,3010.9,0.0046,0.00554,-0.17894,-67.0567,279
1764190172296,ETH,B,Close Short,3011.1,0.0067,0.008069,-0.26197,-67.0521,279
1764190172296,ETH,B,Close Short,3011.3,0.0067,0.00807,-0.26331,-67.0454,279
1764190172296,ETH,B,Close Short,3011.3,0.0165,0.019874,-0.64845,-67.0387,279
1764190172296,ETH,B,Close Short,3011.3,0.0036,0.004336,-0.14148,-67.0222,279
1764190172296,ETH,B,Close Short,3011.3,0.0063,0.007588,-0.24759,-67.0186,279
1764190172296,ETH,B,Close Short,3011.4,0.1045,0.125876,-4.1173,-67.0123,279
1764190172296,ETH,B,Close Short,3011.4,4.8177,5.803208,-189.81738,-66.9078,279
1764190172296,ETH,B,Close Short,3011.4,0.7471,0.899926,-29.43574,-62.0901,279
1764190172296,ETH,B,Close Short,3011.5,0.1,0.12046,-3.95,-61.343,279
1764190172296,ETH,B,Close Short,3011.5,0.0067,0.00807,-0.26465,-61.243,279
1764190172296,ETH,B,Close Short,3011.5,0.0036,0.004336,-0.1422,-61.2363,279
1764190172296,ETH,B,Close Short,3011.5,37.3573,45.000603,-1475.61335,-61.2327,279
1764190172296,ETH,B,Close Short,3011.5,0.1656,0.199481,-6.5412,-23.8754,279
1764190172296,ETH,B,Close Short,3011.6,0.01,0.012046,-0.396,-23.7098,279
1764190172296,ETH,B,Close Short,3011.6,0.1668,0.200933,-6.60528,-23.6998,279
1764190172296,ETH,B,Close Short,3011.6,1.5324,1.84599,-60.68304,-23.533,279
1764190172296,ETH,B,Close Short,3011.6,14.235,17.14805,-563.706,-22.0006,279
1764190172296,ETH,B,Close Short,3011.6,1.6095,1.938868,-63.7362,-7.7656,279
1764190172296,ETH,B,Close Short,3011.7,0.4981,0.600051,-19.77457,-6.1561,279
1764190172296,ETH,B,Close Short,3011.7,5.658,6.816079,-224.6226,-5.658,279
1764216871756,ETH,B,Open Long,3048.3,0.0064,0.002341,0.0,0.0,280
1764216872162,ETH,B,Open Long,3048.3,0.188,0.068769,0.0,0.0064,280
1764216872304,ETH,B,Open Long,3048.3,0.33,0.120712,0.0,0.1944,280
1764216872304,ETH,B,Open Long,3048.3,0.33,0.120712,0.0,0.5244,280
1764216872304,ETH,B,Open Long,3048.3,0.329,0.120346,0.0,0.8544,280
1764216872304,ETH,B,Open Long,3048.3,0.329,0.120346,0.0,1.1834,280
1764216872361,ETH,B,Open Long,3048.3,0.189,0.069135,0.0,1.5124,280
1764216872361,ETH,B,Open Long,3048.3,0.288,0.105349,0.0,1.7014,280
1764216872361,ETH,B,Open Long,3048.3,0.185,0.067672,0.0,1.9894,280
1764216872361,ETH,B,Open Long,3048.3,0.329,0.120346,0.0,2.1744,280
1764216872361,ETH,B,Open Long,3048.3,0.329,0.120346,0.0,2.5034,280
1764216872361,ETH,B,Open Long,3048.3,0.329,0.120346,0.0,2.8324,280
1764216872361,ETH,B,Open Long,3048.3,0.318,0.116323,0.0,3.1614,280
1764216872361,ETH,B,Open Long,3048.3,0.329,0.120346,0.0,3.4794,280
1764216872361,ETH,B,Open Long,3048.3,0.144,0.052674,0.0,3.8084,280
1764216872361,ETH,B,Open Long,3048.3,0.329,0.120346,0.0,3.9524,280
1764216872361,ETH,B,Open Long,3048.3,0.329,0.120346,0.0,4.2814,280
1764216872361,ETH,B,Open Long,3048.3,0.329,0.120346,0.0,4.6104,280
1764216872361,ETH,B,Open Long,3048.3,0.208,0.076085,0.0,4.9394,280
1764216872361,ETH,B,Open Long,3048.3,0.329,0.120346,0.0,5.1474,280
1764216872361,ETH,B,Open Long,3048.3,0.192,0.070232,0.0,5.4764,280
1764216872361,ETH,B,Open Long,3048.3,0.0163,0.005962,0.0,5.6684,280
1764216872361,ETH,B,Open Long,3048.3,0.329,0.120346,0.0,5.6847,280
1764216872361,ETH,B,Open Long,3048.3,0.329,0.120346,0.0,6.0137,280
1764216872361,ETH,B,Open Long,3048.3,0.329,0.120346,0.0,6.3427,280
1764216872361,ETH,B,Open Long,3048.3,0.0163,0.005962,0.0,6.6717,280
1764216872361,ETH,B,Open Long,3048.3,0.208,0.076085,0.0,6.688,280
1764216872361,ETH,B,Open Long,3048.3,0.329,0.120346,0.0,6.896,280
1764216872361,ETH,B,Open Long,3048.3,0.329,0.120346,0.0,7.225,280
1764216872361,ETH,B,Open Long,3048.3,0.329,0.120346,0.0,7.554,280
1764216872361,ETH,B,Open Long,3048.3,0.329,0.120346,0.0,7.883,280
1764216872361,ETH,B,Open Long,3048.3,0.329,0.120346,0.0,8.212,280
1764216872361,ETH,B,Open Long,3048.3,0.203,0.074256,0.0,8.541,280
1764216872361,ETH,B,Open Long,3048.3,0.329,0.120346,0.0,8.744,280
1764216872361,ETH,B,Open Long,3048.3,0.208,0.076085,0.0,9.073,280
1764216872362,ETH,B,Open Long,3048.3,0.329,0.120346,0.0,9.281,280
1764216872362,ETH,B,Open Long,3048.3,0.194,0.070964,0.0,9.61,280
1764216872362,ETH,B,Open Long,3048.3,0.329,0.120346,0.0,9.804,280
1764216872362,ETH,B,Open Long,3048.3,29.5242,10.799834,0.0,10.133,280
1764216872362,ETH,B,Open Long,3048.3,0.189,0.069135,0.0,39.6572,280
1764216872362,ETH,B,Open Long,3048.3,0.329,0.120346,0.0,39.8462,280
1764216872362,ETH,B,Open Long,3048.3,0.329,0.120346,0.0,40.1752,280
1764216872362,ETH,B,Open Long,3048.3,0.208,0.076085,0.0,40.5042,280
1764216872362,ETH,B,Open Long,3048.3,0.189,0.069135,0.0,40.7122,280
1764216872362,ETH,B,Open Long,3048.3,0.329,0.120346,0.0,40.9012,280
1764216872362,ETH,B,Open Long,3048.3,0.329,0.120346,0.0,41.2302,280
1764216872362,ETH,B,Open Long,3048.3,0.329,0.120346,0.0,41.5592,280
1764216872362,ETH,B,Open Long,3048.3,0.329,0.120346,0.0,41.8882,280
1764216872362,ETH,B,Open Long,3048.3,0.329,0.120346,0.0,42.2172,280
1764216872562,ETH,B,Open Long,3048.3,0.329,0.120346,0.0,42.5462,280
1764216872562,ETH,B,Open Long,3048.3,0.135,0.049382,0.0,42.8752,280
1764216872562,ETH,B,Open Long,3048.3,4.0622,1.485936,0.0,43.0102,280
1764216872562,ETH,B,Open Long,3048.3,0.208,0.076085,0.0,47.0724,280
1764216872562,ETH,B,Open Long,3048.3,0.329,0.120346,0.0,47.2804,280
1764216872562,ETH,B,Open Long,3048.3,0.329,0.120346,0.0,47.6094,280
1764216872562,ETH,B,Open Long,3048.3,0.329,0.120346,0.0,47.9384,280
1764216872562,ETH,B,Open Long,3048.3,0.329,0.120346,0.0,48.2674,280
1764216872562,ETH,B,Open Long,3048.3,0.329,0.120346,0.0,48.5964,280
1764216872562,ETH,B,Open Long,3048.3,0.329,0.120346,0.0,48.9254,280
1764216872562,ETH,B,Open Long,3048.3,0.8888,0.325119,0.0,49.2544,280
1764216872624,ETH,B,Open Long,3048.3,0.6082,0.222477,0.0,50.1432,280
1764216872624,ETH,B,Open Long,3048.3,0.33,0.120712,0.0,50.7514,280
1764216872761,ETH,B,Open Long,3048.3,0.6564,0.240108,0.0,51.0814,280
1764216872827,ETH,B,Open Long,3048.3,0.6564,0.240108,0.0,51.7378,280
1764216873231,ETH,B,Open Long,3048.3,13.2161,4.834396,0.0,52.3942,280
1764216950389,BTC,B,Open Long,91290.0,0.17391,6.350497,0.0,0.0,281
1764216950389,BTC,B,Open Long,91290.0,0.0875,3.19515,0.0,0.17391,281
1764216950389,BTC,B,Open Long,91290.0,0.175,6.3903,0.0,0.26141,281
1764216950389,BTC,B,Open Long,91290.0,0.02627,0.959275,0.0,0.43641,281
1764216950389,BTC,B,Open Long,91290.0,0.03383,1.235336,0.0,0.46268,281
1764216950389,BTC,B,Open Long,91290.0,0.15719,5.73995,0.0,0.49651,281
1764216950389,BTC,B,Open Long,91290.0,0.14496,5.293359,0.0,0.6537,281
1764216950389,BTC,B,Open Long,91290.0,0.09713,3.546799,0.0,0.79866,281
1764216950389,BTC,B,Open Long,91290.0,1.29498,47.287489,0.0,0.89579,281
1764310784589,BTC,A,Close Long,91387.0,0.81839,29.916082,79.38383,2.19077,282
1764310784589,BTC,A,Close Long,91387.0,0.00013,0.004752,0.01261,1.37238,282
1764310784589,BTC,A,Close Long,91386.0,0.00013,0.004752,0.01248,1.37225,282
1764310784589,BTC,A,Close Long,91386.0,0.00012,0.004386,0.01152,1.37212,282
1764310784589,BTC,A,Close Long,91385.0,0.00013,0.004752,0.01235,1.372,282
1764310784589,BTC,A,Close Long,91384.0,0.00013,0.004751,0.01222,1.37187,282
1764310784589,BTC,A,Close Long,91384.0,0.05,1.82768,4.7,1.37174,282
1764310784589,BTC,A,Close Long,91384.0,0.00012,0.004386,0.01128,1.32174,282
1764310784589,BTC,A,Close Long,91383.0,0.00013,0.004751,0.01209,1.32162,282
1764310784589,BTC,A,Close Long,91383.0,0.00055,0.020104,0.05115,1.32149,282
1764310784589,BTC,A,Close Long,91383.0,0.00067,0.02449,0.06231,1.32094,282
1764310784589,BTC,A,Close Long,91383.0,0.00012,0.004386,0.01116,1.32027,282
1764310784589,BTC,A,Close Long,91382.0,0.00013,0.004751,0.01196,1.32015,282
1764310784589,BTC,A,Close Long,91382.0,0.00029,0.0106,0.02668,1.32002,282
1764310784589,BTC,A,Close Long,91382.0,0.00089,0.032531,0.08188,1.31973,282
1764310784589,BTC,A,Close Long,91381.0,0.00013,0.004751,0.01183,1.31884,282
1764310784589,BTC,A,Close Long,91380.0,0.00017,0.006213,0.0153,1.31871,282
1764310784589,BTC,A,Close Long,91380.0,0.00013,0.004751,0.0117,1.31854,282
1764310784589,BTC,A,Close Long,91379.0,0.00025,0.009137,0.02225,1.31841,282
1764310784589,BTC,A,Close Long,91379.0,0.00013,0.004751,0.01157,1.31816,282
1764310784589,BTC,A,Close Long,91378.0,0.00013,0.004751,0.01144,1.31803,282
1764310784589,BTC,A,Close Long,91378.0,0.00058,0.021199,0.05104,1.3179,282
1764310784589,BTC,A,Close Long,91378.0,0.0003,0.010965,0.0264,1.31732,282
1764310784589,BTC,A,Close Long,91378.0,0.0003,0.010965,0.0264,1.31702,282
1764310784589,BTC,A,Close Long,91378.0,0.00018,0.006579,0.01584,1.31672,282
1764310784589,BTC,A,Close Long,91377.0,0.00017,0.006213,0.01479,1.31654,282
1764310784589,BTC,A,Close Long,91377.0,0.00013,0.004751,0.01131,1.31637,282
1764310784589,BTC,A,Close Long,91376.0,0.00013,0.004751,0.01118,1.31624,282
1764310784589,BTC,A,Close Long,91375.0,0.00013,0.004751,0.01105,1.31611,282
1764310784589,BTC,A,Close Long,91374.0,0.00013,0.004751,0.01092,1.31598,282
1764310784589,BTC,A,Close Long,91373.0,0.00017,0.006213,0.01411,1.31585,282
1764310784589,BTC,A,Close Long,91373.0,0.00013,0.004751,0.01079,1.31568,282
1764310784589,BTC,A,Close Long,91373.0,0.00021,0.007675,0.01743,1.31555,282
1764310784589,BTC,A,Close Long,91372.0,0.00026,0.009502,0.02132,1.31534,282
1764310784589,BTC,A,Close Long,91372.0,0.00017,0.006213,0.01394,1.31508,282
1764310784589,BTC,A,Close Long,91372.0,0.00013,0.004751,0.01066,1.31491,282
1764310784589,BTC,A,Close Long,91371.0,0.00012,0.004385,0.00972,1.31478,282
1764310784589,BTC,A,Close Long,91371.0,0.00013,0.004751,0.01053,1.31466,282
1764310784589,BTC,A,Close Long,91371.0,0.00063,0.023025,0.05103,1.31453,282
1764310784589,BTC,A,Close Long,91371.0,0.00032,0.011695,0.02592,1.3139,282
1764310784589,BTC,A,Close Long,91371.0,0.01094,0.399839,0.88614,1.31358,282
1764310784589,BTC,A,Close Long,91370.0,0.00013,0.004751,0.0104,1.30264,282
1764310784589,BTC,A,Close Long,91370.0,0.00032,0.011695,0.0256,1.30251,282
1764310784589,BTC,A,Close Long,91369.0,0.00013,0.004751,0.01027,1.30219,282
1764310784589,BTC,A,Close Long,91369.0,0.00106,0.03874,0.08374,1.30206,282
1764310784589,BTC,A,Close Long,91368.0,0.00013,0.004751,0.01014,1.301,282
1764310784589,BTC,A,Close Long,91368.0,0.0011,0.040201,0.0858,1.30087,282
1764310784589,BTC,A,Close Long,91368.0,1.09444,39.998717,85.36632,1.29977,282
1764310784589,BTC,A,Close Long,91367.0,0.00013,0.004751,0.01001,0.20533,282
1764310784589,BTC,A,Close Long,91367.0,0.2052,7.499403,15.8004,0.2052,282
1764316546859,BTC,B,Open Long,90876.0,0.01893,0.206433,0.0,0.0,283
1764316546859,BTC,B,Open Long,90876.0,0.023,0.250817,0.0,0.01893,283
1764316546859,BTC,B,Open Long,90876.0,0.012,0.130861,0.0,0.04193,283
1764316546859,BTC,B,Open Long,90876.0,0.012,0.130861,0.0,0.05393,283
1764316546859,BTC,B,Open Long,90876.0,0.023,0.250817,0.0,0.06593,283
1764316546859,BTC,B,Open Long,90876.0,0.016,0.174481,0.0,0.08893,283
1764316546904,BTC,B,Open Long,90876.0,0.012,0.130861,0.0,0.10493,283
1764316546904,BTC,B,Open Long,90876.0,0.023,0.250817,0.0,0.11693,283
1764316546904,BTC,B,Open Long,90876.0,0.023,0.250817,0.0,0.13993,283
1764316546904,BTC,B,Open Long,90876.0,0.023,0.250817,0.0,0.16293,283
1764316546904,BTC,B,Open Long,90876.0,0.012,0.130861,0.0,0.18593,283
1764316546904,BTC,B,Open Long,90876.0,0.023,0.250817,0.0,0.19793,283
1764316546904,BTC,B,Open Long,90876.0,0.012,0.130861,0.0,0.22093,283
1764316546904,BTC,B,Open Long,90876.0,0.023,0.250817,0.0,0.23293,283
1764316546904,BTC,B,Open Long,90876.0,0.012,0.130861,0.0,0.25593,283
1764316546904,BTC,B,Open Long,90876.0,0.012,0.130861,0.0,0.26793,283
1764316546904,BTC,B,Open Long,90876.0,0.012,0.130861,0.0,0.27993,283
1764316546904,BTC,B,Open Long,90876.0,0.012,0.130861,0.0,0.29193,283
1764316546904,BTC,B,Open Long,90876.0,0.023,0.250817,0.0,0.30393,283
1764316546904,BTC,B,Open Long,90876.0,0.023,0.250817,0.0,0.32693,283
1764316546904,BTC,B,Open Long,90876.0,0.023,0.250817,0.0,0.34993,283
1764316546904,BTC,B,Open Long,90876.0,0.023,0.250817,0.0,0.37293,283
1764316546904,BTC,B,Open Long,90876.0,0.023,0.250817,0.0,0.39593,283
1764316546904,BTC,B,Open Long,90876.0,0.023,0.250817,0.0,0.41893,283
1764316546904,BTC,B,Open Long,90876.0,0.023,0.250817,0.0,0.44193,283
1764316546904,BTC,B,Open Long,90876.0,0.023,0.250817,0.0,0.46493,283
1764316546904,BTC,B,Open Long,90876.0,0.023,0.250817,0.0,0.48793,283
1764316546904,BTC,B,Open Long,90876.0,0.023,0.250817,0.0,0.51093,283
1764316546904,BTC,B,Open Long,90876.0,0.023,0.250817,0.0,0.53393,283
1764316546904,BTC,B,Open Long,90876.0,0.023,0.250817,0.0,0.55693,283
1764316546904,BTC,B,Open Long,90876.0,0.023,0.250817,0.0,0.57993,283
1764316546904,BTC,B,Open Long,90876.0,0.023,0.250817,0.0,0.60293,283
1764316546904,BTC,B,Open Long,90876.0,0.023,0.250817,0.0,0.62593,283
1764316546904,BTC,B,Open Long,90876.0,0.005,0.054525,0.0,0.64893,283
1764316546904,BTC,B,Open Long,90876.0,0.01,0.109051,0.0,0.65393,283
1764316546904,BTC,B,Open Long,90876.0,0.008,0.08724,0.0,0.66393,283
1764316546992,BTC,B,Open Long,90876.0,0.023,0.250817,0.0,0.67193,283
1764316546992,BTC,B,Open Long,90876.0,0.023,0.250817,0.0,0.69493,283
1764316546992,BTC,B,Open Long,90876.0,0.012,0.130861,0.0,0.71793,283
1764316546992,BTC,B,Open Long,90876.0,0.012,0.130861,0.0,0.72993,283
1764316546992,BTC,B,Open Long,90876.0,0.012,0.130861,0.0,0.74193,283
1764316546992,BTC,B,Open Long,90876.0,0.023,0.250817,0.0,0.75393,283
1764316546992,BTC,B,Open Long,90876.0,0.023,0.250817,0.0,0.77693,283
1764316546992,BTC,B,Open Long,90876.0,0.012,0.130861,0.0,0.79993,283
1764316546992,BTC,B,Open Long,90876.0,0.023,0.250817,0.0,0.81193,283
1764316546992,BTC,B,Open Long,90876.0,0.023,0.250817,0.0,0.83493,283
1764316546992,BTC,B,Open Long,90876.0,0.023,0.250817,0.0,0.85793,283
1764316547050,BTC,B,Open Long,90876.0,0.023,0.250817,0.0,0.88093,283
1764316547050,BTC,B,Open Long,90876.0,0.023,0.250817,0.0,0.90393,283
1764316547050,BTC,B,Open Long,90876.0,0.023,0.250817,0.0,0.92693,283
1764316547050,BTC,B,Open Long,90876.0,0.023,0.250817,0.0,0.94993,283
1764316547104,BTC,B,Open Long,90876.0,0.023,0.250817,0.0,0.97293,283
1764316547104,BTC,B,Open Long,90876.0,0.009,0.098146,0.0,0.99593,283
1764316547104,BTC,B,Open Long,90876.0,0.014,0.152671,0.0,1.00493,283
1764316547104,BTC,B,Open Long,90876.0,0.009,0.098146,0.0,1.01893,283
1764316547104,BTC,B,Open Long,90876.0,0.014,0.152671,0.0,1.02793,283
1764316547104,BTC,B,Open Long,90876.0,0.012,0.130861,0.0,1.04193,283
1764316547151,BTC,B,Open Long,90876.0,0.012,0.130861,0.0,1.05393,283
1764316547194,BTC,B,Open Long,90876.0,0.12844,1.400653,0.0,1.06593,283
1764316547527,BTC,B,Open Long,90876.0,0.00254,0.027699,0.0,1.19437,283
1764316547744,BTC,B,Open Long,90876.0,0.01936,0.211123,0.0,1.19691,283
1764316549184,BTC,B,Open Long,90876.0,0.00061,0.006652,0.0,1.21627,283
1764316549187,BTC,B,Open Long,90876.0,0.002,0.02181,0.0,1.21688,283
1764316549883,BTC,B,Open Long,90876.0,0.98192,10.707955,0.0,1.21888,283
1764364143937,ETH,A,Close Long,3052.3,0.0064,0.002344,0.0256,65.6103,284
1764364146328,ETH,A,Close Long,3052.3,0.3264,0.119552,1.3056,65.6039,284
1764364152092,ETH,A,Close Long,3052.3,0.0104,0.003809,0.0416,65.2775,284
1764364153020,ETH,A,Close Long,3052.3,0.0797,0.029192,0.3188,65.2671,284
1764364156039,ETH,A,Close Long,3052.3,0.0103,0.003772,0.0412,65.1874,284
1764364159080,ETH,A,Close Long,3052.3,0.004,0.001465,0.016,65.1771,284
1764364165048,ETH,A,Close Long,3052.3,0.0581,0.02128,0.2324,65.1731,284
1764364167658,ETH,A,Close Long,3052.3,0.2538,0.09296,1.0152,65.115,284
1764364168495,ETH,A,Close Long,3052.3,3.462,1.268047,13.848,64.8612,284
1764364170109,ETH,A,Close Long,3052.3,1.3374,0.489857,5.3496,61.3992,284
1764364170109,ETH,A,Close Long,3052.3,0.0048,0.001758,0.0192,60.0618,284
1764364242023,ETH,A,Close Long,3052.3,0.004,0.001465,0.016,60.057,284
1764364242429,ETH,A,Close Long,3052.3,2.9856,1.093553,11.9424,60.053,284
1764364243057,ETH,A,Close Long,3052.3,0.0694,0.025419,0.2776,57.0674,284
1764364246075,ETH,A,Close Long,3052.3,0.0086,0.003149,0.0344,56.998,284
1764364246558,ETH,A,Close Long,3052.3,0.0049,0.001794,0.0196,56.9894,284
1764364249040,ETH,A,Close Long,3052.3,0.004,0.001465,0.016,56.9845,284
1764364250010,ETH,A,Close Long,3052.3,0.535,0.195957,2.14,56.9805,284
1764364255072,ETH,A,Close Long,3052.3,0.0581,0.02128,0.2324,56.4455,284
1764364255723,ETH,A,Close Long,3052.3,0.0036,0.001318,0.0144,56.3874,284
1764364456060,ETH,A,Close Long,3052.3,0.0087,0.003186,0.0348,56.3838,284
1764364459016,ETH,A,Close Long,3052.3,0.0039,0.001428,0.0156,56.3751,284
1764364459282,ETH,A,Close Long,3052.3,2.9849,1.093297,11.9396,56.3712,284
1764364460021,ETH,A,Close Long,3052.3,0.535,0.195957,2.14,53.3863,284
1764364592603,ETH,A,Close Long,3049.3,0.1998,0.2437,0.1998,52.8513,285
1764364592603,ETH,A,Close Long,3049.3,2.4,2.927328,2.4,52.6515,285
1764364592603,ETH,A,Close Long,3049.3,1.8,2.195496,1.8,50.2515,285
1764364592603,ETH,A,Close Long,3049.3,2.6214,3.197374,2.6214,48.4515,285
1764364592603,ETH,A,Close Long,3049.3,2.6102,3.183713,2.6102,45.8301,285
1764364592603,ETH,A,Close Long,3049.3,1.6411,2.001682,1.6411,43.2199,285
1764364592603,ETH,A,Close Long,3049.3,1.9114,2.331372,1.9114,41.5788,285
1764364592603,ETH,A,Close Long,3049.3,39.6674,48.383121,39.6674,39.6674,285
1764364942257,BTC,A,Close Long,90981.0,0.19322,7.031739,20.2881,2.2008,286
1764364942257,BTC,A,Close Long,90981.0,0.40096,14.591896,42.1008,2.00758,286
1764364942257,BTC,A,Close Long,90981.0,0.45907,16.706659,48.20235,1.60662,286
1764364942257,BTC,A,Close Long,90981.0,0.15891,5.783116,16.68555,1.14755,286
1764364942257,BTC,A,Close Long,90981.0,0.20107,7.317419,21.11235,0.98864,286
1764364942257,BTC,A,Close Long,90981.0,0.35713,12.996817,37.49865,0.78757,286
1764364942257,BTC,A,Close Long,90981.0,0.15213,5.536375,15.97365,0.43044,286
1764364942257,BTC,A,Close Long,90981.0,0.06383,2.322926,6.70215,0.27831,286
1764364942257,BTC,A,Close Long,90981.0,0.13852,5.041075,14.5446,0.21448,286
1764364942257,BTC,A,Close Long,90981.0,0.07596,2.764366,7.9758,0.07596,286
1764472522666,BTC,B,Open Long,90567.0,0.01167,0.12683,0.0,0.0,288
1764472525021,BTC,B,Open Long,90567.0,2.19663,23.873062,0.0,0.01167,288
1764472789354,BTC,B,Open Long,90456.0,0.02443,0.26518,0.0,2.2083,287
1764472789354,BTC,B,Open Long,90456.0,0.71758,7.789129,0.0,2.23273,287
1764472789832,BTC,B,Open Long,90456.0,1.469,15.945583,0.0,2.95031,287
1764503864735,BTC,A,Close Long,91004.0,0.00198,0.072075,0.975348,4.41931,289
1764503864735,BTC,A,Close Long,91004.0,0.21286,7.748444,104.854836,4.41733,289
1764503864735,BTC,A,Close Long,91004.0,0.14314,5.210525,70.510764,4.20447,289
1764503864735,BTC,A,Close Long,91004.0,1.09861,39.991161,541.175286,4.06133,289
1764503864735,BTC,A,Close Long,91004.0,0.12785,4.653944,62.97891,2.96272,289
1764503864735,BTC,A,Close Long,91004.0,0.00021,0.007644,0.103446,2.83487,289
1764503864735,BTC,A,Close Long,91004.0,0.24069,8.761501,118.563894,2.83466,289
1764503864735,BTC,A,Close Long,91004.0,0.13615,4.956077,67.06749,2.59397,289
1764503864735,BTC,A,Close Long,91004.0,0.00013,0.004732,0.064038,2.45782,289
1764503864735,BTC,A,Close Long,91004.0,0.13094,4.766425,64.501044,2.45769,289
1764503864735,BTC,A,Close Long,91004.0,0.00015,0.00546,0.07389,2.32675,289
1764503864735,BTC,A,Close Long,91004.0,0.05137,1.86995,25.304862,2.3266,289
1764503864735,BTC,A,Close Long,91004.0,1.53839,55.999857,757.810914,2.27523,289
1764503864735,BTC,A,Close Long,91004.0,0.04296,1.563812,21.162096,0.73684,289
1764503864735,BTC,A,Close Long,91004.0,0.02398,0.87291,11.812548,0.69388,289
1764503864735,BTC,A,Close Long,91004.0,0.6699,24.385431,329.99274,0.6699,289
1764555189358,BTC,B,Open Long,87431.0,0.68615,23.996312,0.0,0.0,290
1764555189358,BTC,B,Open Long,87431.0,1.71535,59.989906,0.0,0.68615,290
1764555189358,BTC,B,Open Long,87431.0,0.68614,23.995962,0.0,2.4015,290
1764555189358,BTC,B,Open Long,87431.0,1.14361,39.994786,0.0,3.08764,290
1764555189358,BTC,B,Open Long,87431.0,0.26378,9.225019,0.0,4.23125,290
1764555199555,BTC,A,Close Long,87447.0,0.37223,13.020158,5.95568,4.49503,291
1764555199555,BTC,A,Close Long,87447.0,0.12236,4.280005,1.95776,4.1228,291
1764555199555,BTC,A,Close Long,87447.0,0.14551,5.089765,2.32816,4.00044,291
1764555199555,BTC,A,Close Long,87447.0,0.14226,4.976084,2.27616,3.85493,291
1764555199555,BTC,A,Close Long,87447.0,0.01144,0.400157,0.18304,3.71267,291
1764555199555,BTC,A,Close Long,87447.0,0.34306,11.999827,5.48896,3.70123,291
1764555199555,BTC,A,Close Long,87447.0,1.14329,39.990912,18.29264,3.35817,291
1764555199555,BTC,A,Close Long,87447.0,0.12215,4.27266,1.9544,2.21488,291
1764555199555,BTC,A,Close Long,87447.0,0.34306,11.999827,5.48896,2.09273,291
1764555199555,BTC,A,Close Long,87447.0,1.74967,61.201356,27.99472,1.74967,291
1764733597994,ZEC,A,Open Short,311.26,0.48,0.017928,0.0,0.0,292
1764733597994,ZEC,A,Open Short,311.26,0.48,0.017928,0.0,-0.48,292
1764733597994,ZEC,A,Open Short,311.26,0.94,0.03511,0.0,-0.96,292
1764733597994,ZEC,A,Open Short,311.26,0.31,0.011578,0.0,-1.9,292
1764733597994,ZEC,A,Open Short,311.26,0.31,0.011578,0.0,-2.21,292
1764733597994,ZEC,A,Open Short,311.26,0.6,0.02241,0.0,-2.52,292
1764733597994,ZEC,A,Open Short,311.26,0.32,0.011952,0.0,-3.12,292
1764733597994,ZEC,A,Open Short,311.26,1.6,0.059761,0.0,-3.44,292
1764733599245,ZEC,A,Open Short,311.26,0.18,0.006723,0.0,-5.04,292
1764733599576,ZEC,A,Open Short,311.26,0.46,0.017181,0.0,-5.22,292
1764733599576,ZEC,A,Open Short,311.26,1.21,0.045194,0.0,-5.68,292
1764733599576,ZEC,A,Open Short,311.26,0.6,0.02241,0.0,-6.89,292
1764733599576,ZEC,A,Open Short,311.26,3.4,0.126994,0.0,-7.49,292
1764733599576,ZEC,A,Open Short,311.26,0.3,0.011205,0.0,-10.89,292
1764733599576,ZEC,A,Open Short,311.26,1.81,0.067605,0.0,-11.19,292
1764733599726,ZEC,A,Open Short,311.26,1.05,0.039218,0.0,-13.0,292
1764733599777,ZEC,A,Open Short,311.26,1.73,0.064617,0.0,-14.05,292
1764733599777,ZEC,A,Open Short,311.26,1.27,0.047436,0.0,-15.78,292
1764733599777,ZEC,A,Open Short,311.26,0.75,0.028013,0.0,-17.05,292
1764733599931,ZEC,A,Open Short,311.26,1.15,0.042953,0.0,-17.8,292
1764733599980,ZEC,A,Open Short,311.26,1.74,0.064991,0.0,-18.95,292
1764733599980,ZEC,A,Open Short,311.26,1.74,0.064991,0.0,-20.69,292
1764733599980,ZEC,A,Open Short,311.26,0.37,0.013819,0.0,-22.43,292
1764733600127,ZEC,A,Open Short,311.26,0.3,0.011205,0.0,-22.8,292
1764733600127,ZEC,A,Open Short,311.26,0.29,0.010831,0.0,-23.1,292
1764733600127,ZEC,A,Open Short,311.26,0.29,0.010831,0.0,-23.39,292
1764733600127,ZEC,A,Open Short,311.26,0.44,0.016434,0.0,-23.68,292
1764733600127,ZEC,A,Open Short,311.26,0.59,0.022037,0.0,-24.12,292
1764733600127,ZEC,A,Open Short,311.26,2.03,0.075822,0.0,-24.71,292
1764733600127,ZEC,A,Open Short,311.26,0.29,0.010831,0.0,-26.74,292
1764733600127,ZEC,A,Open Short,311.26,1.02,0.038098,0.0,-27.03,292
1764733600180,ZEC,A,Open Short,311.26,0.29,0.010831,0.0,-28.05,292
1764733600180,ZEC,A,Open Short,311.26,0.69,0.025772,0.0,-28.34,292
1764733600180,ZEC,A,Open Short,311.26,0.3,0.011205,0.0,-29.03,292
1764733600180,ZEC,A,Open Short,311.26,1.44,0.053785,0.0,-29.33,292
1764733600180,ZEC,A,Open Short,311.26,0.68,0.025398,0.0,-30.77,292
1764733600339,ZEC,A,Open Short,311.26,2.02,0.075449,0.0,-31.45,292
1764733600558,ZEC,A,Open Short,311.26,2.02,0.075449,0.0,-33.47,292
1764733600651,ZEC,A,Open Short,311.26,1.68,0.06275,0.0,-35.49,292
1764733600651,ZEC,A,Open Short,311.26,2.02,0.075449,0.0,-37.17,292
1764733600765,ZEC,A,Open Short,311.26,1.27,0.047436,0.0,-39.19,292
1764733600765,ZEC,A,Open Short,311.26,0.63,0.023531,0.0,-40.46,292
1764733600816,ZEC,A,Open Short,311.26,1.44,0.053785,0.0,-41.09,292
1764733600816,ZEC,A,Open Short,311.26,0.17,0.006349,0.0,-42.53,292
1764733600816,ZEC,A,Open Short,311.26,2.02,0.075449,0.0,-42.7,292
1764733601057,ZEC,A,Open Short,311.26,4.87,0.1819,0.0,-44.72,292
1764733601859,ZEC,A,Open Short,311.26,1.27,0.047436,0.0,-49.59,292
1764733603033,ZEC,A,Open Short,311.26,1.85,0.069099,0.0,-50.86,292
1764733603558,ZEC,A,Open Short,311.26,3.56,0.13297,0.0,-52.71,292
1764733603869,ZEC,A,Open Short,311.26,3.56,0.13297,0.0,-56.27,292
1764733604142,ZEC,A,Open Short,311.26,3.56,0.13297,0.0,-59.83,292
1764733604142,ZEC,A,Open Short,311.26,3.56,0.13297,0.0,-63.39,292
1764733604437,ZEC,A,Open Short,311.26,3.34,0.124753,0.0,-66.95,292
1764733604766,ZEC,A,Open Short,311.26,3.15,0.117656,0.0,-70.29,292
1764733604838,ZEC,A,Open Short,311.26,4.38,0.163598,0.0,-73.44,292
1764733605171,ZEC,A,Open Short,311.26,3.48,0.129982,0.0,-77.82,292
1764733605372,ZEC,A,Open Short,311.26,3.48,0.129982,0.0,-81.3,292
1764733605372,ZEC,A,Open Short,311.26,0.39,0.014566,0.0,-84.78,292
1764733605664,ZEC,A,Open Short,311.26,0.04,0.001494,0.0,-85.17,292
1764733605851,ZEC,A,Open Short,311.26,0.49,0.018302,0.0,-85.21,292
1764733605851,ZEC,A,Open Short,311.26,0.49,0.018302,0.0,-85.7,292
1764733605851,ZEC,A,Open Short,311.26,0.32,0.011952,0.0,-86.19,292
1764733605965,ZEC,A,Open Short,311.26,0.33,0.012325,0.0,-86.51,292
1764733605965,ZEC,A,Open Short,311.26,0.32,0.011952,0.0,-86.84,292
1764733605965,ZEC,A,Open Short,311.26,1.71,0.06387,0.0,-87.16,292
1764733606042,ZEC,A,Open Short,311.26,0.33,0.012325,0.0,-88.87,292
1764733606140,ZEC,A,Open Short,311.26,0.31,0.011578,0.0,-89.2,292
1764733606140,ZEC,A,Open Short,311.26,0.31,0.011578,0.0,-89.51,292
1764733606140,ZEC,A,Open Short,311.26,1.6,0.059761,0.0,-89.82,292
1764733606140,ZEC,A,Open Short,311.26,0.28,0.010458,0.0,-91.42,292
1764733606140,ZEC,A,Open Short,311.26,0.33,0.012325,0.0,-91.7,292
1764733606140,ZEC,A,Open Short,311.26,3.0,0.112053,0.0,-92.03,292
1764733606140,ZEC,A,Open Short,311.26,1.63,0.060882,0.0,-95.03,292
1764733606140,ZEC,A,Open Short,311.26,1.63,0.060882,0.0,-96.66,292
1764733606140,ZEC,A,Open Short,311.26,0.28,0.010458,0.0,-98.29,292
1764733606242,ZEC,A,Open Short,311.26,14.0,0.522916,0.0,-98.57,292
1764733606242,ZEC,A,Open Short,311.26,0.86,0.032122,0.0,-112.57,292
1764733606242,ZEC,A,Open Short,311.26,2.17,0.081052,0.0,-113.43,292
1764733606242,ZEC,A,Open Short,311.26,1.75,0.065364,0.0,-115.6,292
1764733606513,ZEC,A,Open Short,311.26,0.27,0.010084,0.0,-117.35,292
1764733606513,ZEC,A,Open Short,311.26,18.31,0.6839,0.0,-117.62,292
1764733606513,ZEC,A,Open Short,311.26,0.52,0.019422,0.0,-135.93,292
1764733606513,ZEC,A,Open Short,311.26,2.18,0.081425,0.0,-136.45,292
1764733606513,ZEC,A,Open Short,311.26,0.55,0.020543,0.0,-138.63,292
1764733606513,ZEC,A,Open Short,311.26,9.23,0.344751,0.0,-139.18,292
1764733606513,ZEC,A,Open Short,311.26,0.38,0.014193,0.0,-148.41,292
1764733606513,ZEC,A,Open Short,311.26,1.4,0.052291,0.0,-148.79,292
1764733606513,ZEC,A,Open Short,311.26,9.64,0.360065,0.0,-150.19,292
1764733606513,ZEC,A,Open Short,311.26,0.51,0.019049,0.0,-159.83,292
1764733606513,ZEC,A,Open Short,311.26,0.29,0.010831,0.0,-160.34,292
1764737041263,ZEC,B,Close Short,326.41,52.89,6.905529,-801.2835,-160.63,293
1764737041263,ZEC,B,Close Short,326.41,24.51,3.200123,-371.3265,-107.74,293
1764737041263,ZEC,B,Close Short,326.42,14.11,1.842314,-213.9076,-83.23,293
1764737041263,ZEC,B,Close Short,326.42,45.95,5.999599,-696.602,-69.12,293
1764737041263,ZEC,B,Close Short,326.42,18.39,2.401145,-278.7924,-23.17,293
1764737041263,ZEC,B,Close Short,326.42,0.09,0.011751,-1.3644,-4.78,293
1764737041263,ZEC,B,Close Short,326.45,4.69,0.61242,-71.2411,-4.69,293
1764759030954,BTC,A,Open Short,92948.0,0.43458,4.847201,0.0,0.0,294
1764759030954,BTC,A,Open Short,92948.0,0.39146,4.36625,0.0,-0.43458,294
1764759030954,BTC,A,Open Short,92948.0,0.21607,2.409992,0.0,-0.82604,294
1764759030954,BTC,A,Open Short,92948.0,0.31757,3.542099,0.0,-1.04211,294
1764759030954,BTC,A,Open Short,92948.0,1.06527,11.881765,0.0,-1.35968,294
1764759030954,BTC,A,Open Short,92948.0,0.23305,2.599383,0.0,-2.42495,294
1764759030954,BTC,A,Open Short,92948.0,0.78303,8.733728,0.0,-2.658,294
1764759030954,BTC,A,Open Short,92948.0,0.28185,3.143687,0.0,-3.44103,294
1764759030954,BTC,A,Open Short,92948.0,0.42569,4.748044,0.0,-3.72288,294
1764759030954,BTC,A,Open Short,92948.0,0.15491,1.727828,0.0,-4.14857,294
1764774274021,BTC,B,Close Short,92881.0,0.0502,1.86505,3.3634,-4.30348,295
1764774274021,BTC,B,Close Short,92883.0,0.00013,0.004829,0.00845,-4.25328,295
1764774274021,BTC,B,Close Short,92883.0,0.18577,6.901949,12.07505,-4.25315,295
1764774274021,BTC,B,Close Short,92883.0,0.05383,1.999956,3.49895,-4.06738,295
1764774274021,BTC,B,Close Short,92884.0,0.00017,0.006316,0.01088,-4.01355,295
1764774274021,BTC,B,Close Short,92884.0,0.00013,0.004829,0.00832,-4.01338,295
1764774274021,BTC,B,Close Short,92884.0,0.121,4.495585,7.744,-4.01325,295
1764774274021,BTC,B,Close Short,92885.0,0.00017,0.006316,0.01071,-3.89225,295
1764774274021,BTC,B,Close Short,92885.0,0.00013,0.00483,0.00819,-3.89208,295
1764774274021,BTC,B,Close Short,92885.0,0.1838,6.828905,11.5794,-3.89195,295
1764774274021,BTC,B,Close Short,92886.0,0.00011,0.004086,0.00682,-3.70815,295
1764774274021,BTC,B,Close Short,92886.0,0.0043,0.159763,0.2666,-3.70804,295
1764774274021,BTC,B,Close Short,92887.0,0.01371,0.509392,0.83631,-3.70374,295
1764774274021,BTC,B,Close Short,92887.0,0.18404,6.837969,11.22644,-3.69003,295
1764774274021,BTC,B,Close Short,92888.0,1.07658,40.000545,64.5948,-3.50599,295
1764774274021,BTC,B,Close Short,92889.0,0.015,0.557334,0.885,-2.42941,295
1764774274021,BTC,B,Close Short,92889.0,0.18626,6.920602,10.98934,-2.41441,295
1764774274021,BTC,B,Close Short,92889.0,0.121,4.495827,7.139,-2.22815,295
1764774274021,BTC,B,Close Short,92891.0,0.02153,0.799977,1.22721,-2.10715,295
1764774274021,BTC,B,Close Short,92891.0,0.18801,6.985774,10.71657,-2.08562,295
1764774274021,BTC,B,Close Short,92891.0,0.10765,3.999886,6.13605,-1.89761,295
1764774274021,BTC,B,Close Short,92891.0,0.4,14.86256,22.8,-1.78996,295
1764774274021,BTC,B,Close Short,92891.0,0.16,5.945024,9.12,-1.38996,295
1764774274021,BTC,B,Close Short,92892.0,0.03044,1.131052,1.70464,-1.22996,295
1764774274021,BTC,B,Close Short,92892.0,0.00017,0.006316,0.00952,-1.19952,295
1764774274021,BTC,B,Close Short,92893.0,0.015,0.557358,0.825,-1.19935,295
1764774274021,BTC,B,Close Short,92893.0,0.015,0.557358,0.825,-1.18435,295
1764774274021,BTC,B,Close Short,92893.0,0.18677,6.93985,10.27235,-1.16935,295
1764774274021,BTC,B,Close Short,92893.0,0.01614,0.599717,0.8877,-0.98258,295
1764774274021,BTC,B,Close Short,92894.0,0.015,0.557364,0.81,-0.96644,295
1764774274021,BTC,B,Close Short,92895.0,0.00017,0.006316,0.00901,-0.95144,295
1764774274021,BTC,B,Close Short,92895.0,0.19222,7.14251,10.18766,-0.95127,295
1764774274021,BTC,B,Close Short,92896.0,0.015,0.557376,0.78,-0.75905,295
1764774274021,BTC,B,Close Short,92896.0,0.48,17.836032,24.96,-0.74405,295
1764774274021,BTC,B,Close Short,92896.0,0.26405,9.811675,13.7306,-0.26405,295
1764776871369,BTC,A,Open Short,92505.0,0.1746,1.938164,0.0,0.0,296
1764776871369,BTC,A,Open Short,92505.0,0.21699,2.408719,0.0,-0.1746,296
1764776871369,BTC,A,Open Short,92505.0,3.52661,39.147486,0.0,-0.39159,296
1764776871369,BTC,A,Open Short,92505.0,0.25337,2.812559,0.0,-3.9182,296
1764776871369,BTC,A,Open Short,92505.0,0.15252,1.693063,0.0,-4.17157,296
1764780602147,BTC,B,Close Short,92438.0,0.29583,3.281512,19.82061,-4.32409,297
1764780602147,BTC,B,Close Short,92438.0,0.21723,2.409636,14.55441,-4.02826,297
1764780602291,BTC,B,Close Short,92438.0,0.21701,2.407196,14.53967,-3.81103,297
1764780602343,BTC,B,Close Short,92438.0,0.46165,5.12088,30.93055,-3.59402,297
1764780603756,BTC,B,Close Short,92438.0,0.002,0.022185,0.134,-3.13237,297
1764780603914,BTC,B,Close Short,92438.0,0.003,0.033277,0.201,-3.13037,297
1764780603914,BTC,B,Close Short,92438.0,0.003,0.033277,0.201,-3.12737,297
1764780604122,BTC,B,Close Short,92438.0,0.35519,3.939966,23.79773,-3.12437,297
1764780604122,BTC,B,Close Short,92438.0,0.42952,4.764476,28.77784,-2.76918,297
1764780604122,BTC,B,Close Short,92438.0,0.34254,3.799645,22.95018,-2.33966,297
1764780604122,BTC,B,Close Short,92438.0,0.24184,2.682624,16.20328,-1.99712,297
1764780604122,BTC,B,Close Short,92438.0,0.23339,2.588892,15.63713,-1.75528,297
1764780604122,BTC,B,Close Short,92438.0,0.23128,2.565487,15.49576,-1.52189,297
1764780604122,BTC,B,Close Short,92438.0,0.21712,2.408416,14.54704,-1.29061,297
1764780604122,BTC,B,Close Short,92438.0,0.22886,2.538643,15.33362,-1.07349,297
1764780604122,BTC,B,Close Short,92438.0,0.35519,3.939966,23.79773,-0.84463,297
1764780604122,BTC,B,Close Short,92438.0,0.48943,5.429031,32.79181,-0.48944,297
1764780826705,BTC,B,Close Short,92487.0,0.00001,0.000369,0.00018,-0.00001,298
1764839166354,BTC,A,Open Short,93381.0,0.00028,0.003137,0.0,0.0,299
1764839166354,BTC,A,Open Short,93381.0,0.021,0.23532,0.0,-0.00028,299
1764839166354,BTC,A,Open Short,93381.0,0.011,0.123262,0.0,-0.02128,299
1764839166354,BTC,A,Open Short,93381.0,0.0203,0.227476,0.0,-0.03228,299
1764839166354,BTC,A,Open Short,93381.0,0.0203,0.227476,0.0,-0.05258,299
1764839166354,BTC,A,Open Short,93381.0,0.021,0.23532,0.0,-0.07288,299
1764839166354,BTC,A,Open Short,93381.0,0.021,0.23532,0.0,-0.09388,299
1764839166354,BTC,A,Open Short,93381.0,0.022,0.246525,0.0,-0.11488,299
1764839166354,BTC,A,Open Short,93381.0,0.021,0.23532,0.0,-0.13688,299
1764839166354,BTC,A,Open Short,93381.0,0.021,0.23532,0.0,-0.15788,299
1764839166354,BTC,A,Open Short,93381.0,0.021,0.23532,0.0,-0.17888,299
1764839166354,BTC,A,Open Short,93381.0,0.022,0.246525,0.0,-0.19988,299
1764839166354,BTC,A,Open Short,93381.0,0.015,0.168085,0.0,-0.22188,299
1764839166354,BTC,A,Open Short,93381.0,0.021,0.23532,0.0,-0.23688,299
1764839166354,BTC,A,Open Short,93381.0,0.022,0.246525,0.0,-0.25788,299
1764839166354,BTC,A,Open Short,93381.0,0.022,0.246525,0.0,-0.27988,299
1764839166354,BTC,A,Open Short,93381.0,0.021,0.23532,0.0,-0.30188,299
1764839166354,BTC,A,Open Short,93381.0,0.0049,0.054908,0.0,-0.32288,299
1764839166497,BTC,A,Open Short,93381.0,0.0203,0.227476,0.0,-0.32778,299
1764839166497,BTC,A,Open Short,93381.0,0.0051,0.057149,0.0,-0.34808,299
1764839166497,BTC,A,Open Short,93381.0,0.0203,0.227476,0.0,-0.35318,299
1764839166801,BTC,A,Open Short,93381.0,0.0056,0.062752,0.0,-0.37348,299
1764839166801,BTC,A,Open Short,93381.0,0.0144,0.161362,0.0,-0.37908,299
1764839167820,BTC,A,Open Short,93381.0,0.23031,2.580789,0.0,-0.39348,299
1764839167820,BTC,A,Open Short,93381.0,0.21486,2.40766,0.0,-0.62379,299
1764839167820,BTC,A,Open Short,93381.0,0.23392,2.621242,0.0,-0.83865,299
1764839167820,BTC,A,Open Short,93381.0,0.3151,3.530922,0.0,-1.07257,299
1764839167951,BTC,A,Open Short,93381.0,0.28588,3.203491,0.0,-1.38767,299
1764839167951,BTC,A,Open Short,93381.0,0.26777,3.000555,0.0,-1.67355,299
1764839167951,BTC,A,Open Short,93381.0,0.35907,4.023637,0.0,-1.94132,299
1764839167951,BTC,A,Open Short,93381.0,0.24716,2.769605,0.0,-2.30039,299
1764839167951,BTC,A,Open Short,93381.0,0.25431,2.849726,0.0,-2.54755,299
1764839167951,BTC,A,Open Short,93381.0,0.4985,5.586051,0.0,-2.80186,299
1764839167951,BTC,A,Open Short,93381.0,0.21501,2.409341,0.0,-3.30036,299
1764839167951,BTC,A,Open Short,93381.0,0.22329,2.502125,0.0,-3.51537,299
1764839167951,BTC,A,Open Short,93381.0,0.215,2.409229,0.0,-3.73866,299
1764839168165,BTC,A,Open Short,93381.0,0.31064,3.480944,0.0,-3.95366,299
1764839168568,BTC,A,Open Short,93381.0,0.01922,0.215373,0.0,-4.2643,299
1764863134999,BTC,B,Close Short,92956.0,0.00215,0.079942,0.91375,-4.28352,300
1764863134999,BTC,B,Close Short,92956.0,0.0043,0.159884,1.8275,-4.28137,300
1764863134999,BTC,B,Close Short,92956.0,0.00322,0.119727,1.3685,-4.27707,300
1764863134999,BTC,B,Close Short,92956.0,0.00107,0.039785,0.45475,-4.27385,300
1764863134999,BTC,B,Close Short,92956.0,0.0012,0.044618,0.51,-4.27278,300
1764863134999,BTC,B,Close Short,92956.0,0.00241,0.089609,1.02425,-4.27158,300
1764863134999,BTC,B,Close Short,92956.0,0.32167,11.960462,136.70975,-4.26917,300
1764863134999,BTC,B,Close Short,92956.0,1.61318,59.981904,685.6015,-3.9475,300
1764863134999,BTC,B,Close Short,92956.0,0.64527,23.992687,274.175223,-2.33432,300
1764863134999,BTC,B,Close Short,92956.0,0.07481,2.781615,31.786769,-1.68905,300
1764863134999,BTC,B,Close Short,92957.0,0.00011,0.00409,0.046629,-1.61424,300
1764863134999,BTC,B,Close Short,92957.0,0.37645,13.997465,159.577155,-1.61413,300
1764863134999,BTC,B,Close Short,92957.0,0.05378,1.99969,22.797342,-1.23768,300
1764863134999,BTC,B,Close Short,92959.0,0.05378,1.999734,22.689782,-1.1839,300
1764863134999,BTC,B,Close Short,92960.0,0.00011,0.00409,0.046299,-1.13012,300
1764863134999,BTC,B,Close Short,92961.0,0.05378,1.999777,22.582222,-1.13001,300
1764863134999,BTC,B,Close Short,92962.0,0.00013,0.004834,0.054457,-1.07623,300
1764863134999,BTC,B,Close Short,92963.0,0.05378,1.99982,22.474662,-1.0761,300
1764863134999,BTC,B,Close Short,92963.0,0.01812,0.673795,7.572348,-1.02232,300
1764863134999,BTC,B,Close Short,92963.0,0.01613,0.599797,6.740727,-1.0042,300
1764863134999,BTC,B,Close Short,92964.0,0.98807,36.741975,411.926383,-0.98807,300
1764948965487,ETH,B,Open Long,3137.8,5.3682,6.737735,0.0,0.0,301
1764948965487,ETH,B,Open Long,3137.8,0.4796,0.601955,0.0,5.3682,301
1764948965487,ETH,B,Open Long,3137.8,1.8925,2.375314,0.0,5.8478,301
1764948965487,ETH,B,Open Long,3137.8,3.6158,4.538262,0.0,7.7403,301
1764948965487,ETH,B,Open Long,3137.8,0.953,1.196129,0.0,11.3561,301
1764948965487,ETH,B,Open Long,3137.8,1.9019,2.387112,0.0,12.3091,301
1764948965487,ETH,B,Open Long,3137.8,3.2955,4.136247,0.0,14.211,301
1764948965487,ETH,B,Open Long,3137.8,1.6714,2.097807,0.0,17.5065,301
1764948965487,ETH,B,Open Long,3137.8,2.9899,3.752683,0.0,19.1779,301
1764948965487,ETH,B,Open Long,3137.8,1.8,2.259216,0.0,22.1678,301
1764948965487,ETH,B,Open Long,3137.8,4.6466,5.83204,0.0,23.9678,301
1764948965487,ETH,B,Open Long,3137.8,5.6528,7.094942,0.0,28.6144,301
1764948965487,ETH,B,Open Long,3137.8,2.5494,3.199802,0.0,34.2672,301
1764948965487,ETH,B,Open Long,3137.8,3.3,4.141896,0.0,36.8166,301
1764948965487,ETH,B,Open Long,3137.8,3.5311,4.431954,0.0,40.1166,301
1764948965487,ETH,B,Open Long,3137.8,4.4891,5.634359,0.0,43.6477,301
1764948965487,ETH,B,Open Long,3137.8,2.5495,3.199928,0.0,48.1368,301
1764948965487,ETH,B,Open Long,3137.8,9.5606,11.9997,0.0,50.6863,301
1764948965487,ETH,B,Open Long,3137.8,0.1593,0.19994,0.0,60.2469,301
1764948965487,ETH,B,Open Long,3137.8,2.5495,3.199928,0.0,60.4062,301
1764948965487,ETH,B,Open Long,3137.8,2.5495,3.199928,0.0,62.9557,301
1764948965487,ETH,B,Open Long,3137.8,0.7168,0.89967,0.0,65.5052,301
1764948965487,ETH,B,Open Long,3137.8,0.3186,0.399881,0.0,66.222,301
1764948965487,ETH,B,Open Long,3137.8,1.7205,2.159433,0.0,66.5406,301
1764948965487,ETH,B,Open Long,3137.8,3.1853,3.997933,0.0,68.2611,301
1764948965487,ETH,B,Open Long,3137.8,2.5496,3.200053,0.0,71.4464,301
1764948965487,ETH,B,Open Long,3137.8,1.5936,2.000159,0.0,73.996,301
1764948965487,ETH,B,Open Long,3137.8,4.084,5.12591,0.0,75.5896,301
1764949931714,ETH,B,Open Long,3117.0,48.1231,17.999964,0.0,79.6736,302
1764959317241,ETH,A,Close Long,3021.8,0.7954,0.961415,-86.030464,127.7967,303
1764959317241,ETH,A,Close Long,3021.8,0.4584,0.554077,-49.580544,127.0013,303
1764959317241,ETH,A,Close Long,3021.8,7.3845,8.925792,-798.70752,126.5429,303
1764959317241,ETH,A,Close Long,3021.8,0.4584,0.554077,-49.580544,119.1584,303
1764959317241,ETH,A,Close Long,3021.8,6.6195,8.001122,-715.96512,118.7,303
1764959317241,ETH,A,Close Long,3021.8,1.1641,1.40707,-125.909056,112.0805,303
1764959317241,ETH,A,Close Long,3021.8,2.0836,2.518488,-225.362176,110.9164,303
1764959317241,ETH,A,Close Long,3021.8,6.6195,8.001122,-715.96512,108.8328,303
1764959317241,ETH,A,Close Long,3021.8,0.4584,0.554077,-49.580544,102.2133,303
1764959317241,ETH,A,Close Long,3021.8,8.2732,9.999982,-894.829312,101.7549,303
1764959317241,ETH,A,Close Long,3021.8,3.4,4.109648,-367.744,93.4817,303
1764959317241,ETH,A,Close Long,3021.8,8.2732,9.999982,-894.829312,90.0817,303
1764959317241,ETH,A,Close Long,3021.8,6.6195,8.001122,-715.96512,81.8085,303
1764959317241,ETH,A,Close Long,3021.8,1.6607,2.007321,-179.621312,75.189,303
1764959317241,ETH,A,Close Long,3021.8,8.2732,9.999982,-894.829312,73.5283,303
1764959317241,ETH,A,Close Long,3021.8,6.6195,8.001122,-715.96512,65.2551,303
1764959317241,ETH,A,Close Long,3021.8,1.6607,2.007321,-179.621312,58.6356,303
1764959317241,ETH,A,Close Long,3021.8,1.6607,2.007321,-179.621312,56.9749,303
1764959317241,ETH,A,Close Long,3021.8,0.5883,0.711089,-63.630528,55.3142,303
1764959317241,ETH,A,Close Long,3021.8,2.966,3.585063,-320.80256,54.7259,303
1764959317241,ETH,A,Close Long,3021.8,5.6339,6.809807,-609.362624,51.7599,303
1764959317241,ETH,A,Close Long,3021.8,6.6195,8.001122,-715.96512,46.126,303
1764959317241,ETH,A,Close Long,3021.8,6.6195,8.001122,-715.96512,39.5065,303
1764959317241,ETH,A,Close Long,3021.8,5.6339,6.809807,-609.362624,32.887,303
1764959317241,ETH,A,Close Long,3021.8,0.4584,0.554077,-49.580544,27.2531,303
1764959317241,ETH,A,Close Long,3021.8,0.4584,0.554077,-49.580544,26.7947,303
1764959317241,ETH,A,Close Long,3021.8,0.0348,0.042063,-3.763968,26.3363,303
1764959317241,ETH,A,Close Long,3021.8,0.0111,0.013416,-1.200576,26.3015,303
1764959317241,ETH,A,Close Long,3021.8,0.2098,0.253589,-22.691968,26.2904,303
1764959317241,ETH,A,Close Long,3021.8,3.4,4.109648,-367.744,26.0806,303
1764959317241,ETH,A,Close Long,3021.8,1.6607,2.007321,-179.621312,22.6806,303
1764959317241,ETH,A,Close Long,3021.8,2.6469,3.19936,-286.288704,21.0199,303
1764959317241,ETH,A,Close Long,3021.8,0.2098,0.253589,-22.691968,18.373,303
1764959317241,ETH,A,Close Long,3021.8,3.4,4.109648,-367.744,18.1632,303
1764959317241,ETH,A,Close Long,3021.8,0.0348,0.042063,-3.763968,14.7632,303
1764959317241,ETH,A,Close Long,3021.8,0.0111,0.013416,-1.200576,14.7284,303
1764959317241,ETH,A,Close Long,3021.8,3.4493,4.169237,-373.076288,14.7173,303
1764959317241,ETH,A,Close Long,3021.8,0.5883,0.711089,-63.630528,11.268,303
1764959317241,ETH,A,Close Long,3021.8,1.6607,2.007321,-179.621312,10.6797,303
1764959317241,ETH,A,Close Long,3021.8,1.8252,2.206155,-197.413632,9.019,303
1764959317241,ETH,A,Close Long,3021.8,2.966,3.585063,-320.80256,7.1938,303
1764959317241,ETH,A,Close Long,3021.8,1.6607,2.007321,-179.621312,4.2278,303
1764959317241,ETH,A,Close Long,3021.8,2.5671,3.102905,-277.657536,2.5671,303
1764959812718,ZEC,A,Open Short,365.29,1.38,0.060492,0.0,0.0,304
1764959812830,ZEC,A,Open Short,365.29,5.95,0.260817,0.0,-1.38,304
1764959812830,ZEC,A,Open Short,365.29,73.2,3.208707,0.0,-7.33,304
1764959813058,ZEC,A,Open Short,365.29,11.37,0.498401,0.0,-80.53,304
1764959813121,ZEC,A,Open Short,365.29,9.64,0.422567,0.0,-91.9,304
1764959813121,ZEC,A,Open Short,365.29,91.9,4.028418,0.0,-101.54,304
1764959813312,ZEC,A,Open Short,365.29,0.97,0.042519,0.0,-193.44,304
1764959813312,ZEC,A,Open Short,365.29,4.53,0.198571,0.0,-194.41,304
1764959813312,ZEC,A,Open Short,365.29,3.8,0.166572,0.0,-198.94,304
1764959813433,ZEC,A,Open Short,365.29,0.35,0.015342,0.0,-202.74,304
1764959813433,ZEC,A,Open Short,365.29,0.88,0.038574,0.0,-203.09,304
1764959813520,ZEC,A,Open Short,365.29,4.78,0.20953,0.0,-203.97,304
1764959813520,ZEC,A,Open Short,365.29,0.67,0.029369,0.0,-208.75,304
1764959813717,ZEC,A,Open Short,365.29,2.67,0.117038,0.0,-209.42,304
1764959814492,ZEC,A,Open Short,365.29,8.21,0.359883,0.0,-212.09,304
1764959814492,ZEC,A,Open Short,365.29,1.54,0.067505,0.0,-220.3,304
1764959814546,ZEC,A,Open Short,365.29,8.21,0.359883,0.0,-221.84,304
1764959814640,ZEC,A,Open Short,365.29,5.48,0.240214,0.0,-230.05,304
1764959815161,ZEC,A,Open Short,365.29,1.09,0.047779,0.0,-235.53,304
1764959815161,ZEC,A,Open Short,365.29,0.14,0.006136,0.0,-236.62,304
1764959815821,ZEC,A,Open Short,365.29,21.9,0.959982,0.0,-236.76,304
1764959817656,ZEC,A,Open Short,365.29,15.09,0.661467,0.0,-258.66,304
1764963736050,ZEC,A,Open Short,369.0,210.78,9.333338,0.0,-273.75,305
1764963737348,ZEC,A,Open Short,369.0,0.4,0.017712,0.0,-484.53,305
1764963737868,ZEC,A,Open Short,369.0,1.78,0.078818,0.0,-484.93,305
1764963737868,ZEC,A,Open Short,369.0,0.23,0.010184,0.0,-486.71,305
1764963737926,ZEC,A,Open Short,369.0,0.36,0.01594,0.0,-486.94,305
1764963739348,ZEC,A,Open Short,369.0,23.23,1.028624,0.0,-487.3,305
1764963739348,ZEC,A,Open Short,369.0,20.79,0.920581,0.0,-510.53,305
1764963739348,ZEC,A,Open Short,369.0,13.43,0.59468,0.0,-531.32,305
1765111851265,ZEC,B,Close Short,349.89,17.14,2.398845,295.589584,-544.75,306
1765111851265,ZEC,B,Close Short,349.9,2.15,0.300914,37.05654,-527.61,306
1765111851265,ZEC,B,Close Short,349.9,25.55,3.575978,440.36958,-525.46,306
1765111851265,ZEC,B,Close Short,349.9,4.28,0.599028,73.768368,-499.91,306
1765111851265,ZEC,B,Close Short,349.92,22.22,3.110088,382.530632,-495.63,306
1765111851265,ZEC,B,Close Short,349.94,3.92,0.548705,67.406752,-473.41,306
1765111851265,ZEC,B,Close Short,349.97,0.55,0.076993,9.44108,-469.49,306
1765111851265,ZEC,B,Close Short,349.98,0.57,0.079795,9.778692,-468.94,306
1765111851265,ZEC,B,Close Short,349.98,28.57,3.999571,490.135492,-468.37,306
1765111851265,ZEC,B,Close Short,349.99,42.84,5.997428,734.517504,-439.8,306
1765111851265,ZEC,B,Close Short,349.99,9.9,1.38596,169.74144,-396.96,306
1765111851265,ZEC,B,Close Short,350.0,1.15,0.161,19.70594,-387.06,306
1765111851265,ZEC,B,Close Short,350.0,1.71,0.2394,29.301876,-385.91,306
1765111851265,ZEC,B,Close Short,350.01,25.55,3.577102,437.55908,-384.2,306
1765111851265,ZEC,B,Close Short,350.01,1.34,0.187605,22.948304,-358.65,306
1765111851265,ZEC,B,Close Short,350.02,0.9,0.126007,15.40404,-357.31,306
1765111851265,ZEC,B,Close Short,350.02,25.14,3.519801,430.286184,-356.41,306
1765111851265,ZEC,B,Close Short,350.02,1.12,0.156808,19.169472,-331.27,306
1765111851265,ZEC,B,Close Short,350.03,22.22,3.111066,380.086432,-330.15,306
1765111851265,ZEC,B,Close Short,350.03,4.0,0.560048,68.4224,-307.93,306
1765111851265,ZEC,B,Close Short,350.04,1.06,0.148416,18.121336,-303.93,306
1765111851265,ZEC,B,Close Short,350.04,1.25,0.17502,21.3695,-302.87,306
1765111851265,ZEC,B,Close Short,350.04,1.24,0.173619,21.198544,-301.62,306
1765111851265,ZEC,B,Close Short,350.05,1.06,0.148421,18.110736,-300.38,306
1765111851265,ZEC,B,Close Short,350.05,1.06,0.148421,18.110736,-299.32,306
1765111851265,ZEC,B,Close Short,350.06,7.74,1.083785,132.165144,-298.26,306
1765111851265,ZEC,B,Close Short,350.06,1.12,0.156826,19.124672,-290.52,306
1765111851265,ZEC,B,Close Short,350.06,1.06,0.148425,18.100136,-289.4,306
1765111851265,ZEC,B,Close Short,350.06,0.96,0.134423,16.392576,-288.34,306
1765111851265,ZEC,B,Close Short,350.07,1.06,0.148429,18.089536,-287.38,306
1765111851265,ZEC,B,Close Short,350.07,0.96,0.134426,16.382976,-286.32,306
1765111851265,ZEC,B,Close Short,350.07,0.86,0.120424,14.676416,-285.36,306
1765111851265,ZEC,B,Close Short,350.08,11.44,1.601966,195.116064,-284.5,306
1765111851265,ZEC,B,Close Short,350.08,1.25,0.17504,21.3195,-273.06,306
1765111851265,ZEC,B,Close Short,350.09,1.0,0.140036,17.0456,-271.81,306
1765111851265,ZEC,B,Close Short,350.09,4.28,0.599354,72.955168,-270.81,306
1765111851265,ZEC,B,Close Short,350.09,1.71,0.239461,29.147976,-266.53,306
1765111851265,ZEC,B,Close Short,350.1,11.54,1.616061,196.590824,-264.82,306
1765111851265,ZEC,B,Close Short,350.11,1.06,0.148446,18.047136,-253.28,306
1765111851265,ZEC,B,Close Short,350.11,0.86,0.120437,14.642016,-252.22,306
1765111851265,ZEC,B,Close Short,350.12,0.57,0.079827,9.698892,-251.36,306
1765111851265,ZEC,B,Close Short,350.12,9.9,1.386475,168.45444,-250.79,306
1765111851265,ZEC,B,Close Short,350.12,25.55,3.578226,434.74858,-240.89,306
1765111851265,ZEC,B,Close Short,350.12,11.67,1.63436,198.572052,-215.34,306
1765111851265,ZEC,B,Close Short,350.13,8.6,1.204447,146.24816,-203.67,306
1765111851265,ZEC,B,Close Short,350.13,14.54,2.036356,247.261424,-195.07,306
1765111851265,ZEC,B,Close Short,350.13,0.86,0.120444,14.624816,-180.53,306
1765111851265,ZEC,B,Close Short,350.15,0.86,0.120451,14.607616,-179.67,306
1765111851265,ZEC,B,Close Short,350.15,0.86,0.120451,14.607616,-178.81,306
1765111851265,ZEC,B,Close Short,350.15,1.06,0.148463,18.004736,-177.95,306
1765111851265,ZEC,B,Close Short,350.16,0.86,0.120455,14.599016,-176.89,306
1765111851265,ZEC,B,Close Short,350.16,0.9,0.126057,15.27804,-176.03,306
1765111851265,ZEC,B,Close Short,350.17,71.38,9.998053,1211.004528,-175.13,306
1765111851265,ZEC,B,Close Short,350.17,1.06,0.148472,17.983536,-103.75,306
1765111851265,ZEC,B,Close Short,350.18,1.12,0.15688,18.990272,-102.69,306
1765111851265,ZEC,B,Close Short,350.18,22.22,3.112399,376.753432,-101.57,306
1765111851265,ZEC,B,Close Short,350.18,0.53,0.074238,8.986468,-79.35,306
1765111851265,ZEC,B,Close Short,350.18,2.56,0.358584,43.406336,-78.82,306
1765111851265,ZEC,B,Close Short,350.2,1.0,0.14008,16.9356,-76.26,306
1765111851265,ZEC,B,Close Short,350.2,0.9,0.126072,15.24204,-75.26,306
1765111851265,ZEC,B,Close Short,350.2,0.9,0.126072,15.24204,-74.36,306
1765111851265,ZEC,B,Close Short,350.2,1.55,0.217124,26.25018,-73.46,306
1765111851265,ZEC,B,Close Short,350.2,4.28,0.599542,72.484368,-71.91,306
1765111851265,ZEC,B,Close Short,350.22,0.86,0.120475,14.547416,-67.63,306
1765111851265,ZEC,B,Close Short,350.22,0.86,0.120475,14.547416,-66.77,306
1765111851265,ZEC,B,Close Short,350.22,0.9,0.126079,15.22404,-65.91,306
1765111851265,ZEC,B,Close Short,350.22,1.06,0.148493,17.930536,-65.01,306
1765111851265,ZEC,B,Close Short,350.23,1.06,0.148497,17.919936,-63.95,306
1765111851265,ZEC,B,Close Short,350.24,0.86,0.120482,14.530216,-62.89,306
1765111851265,ZEC,B,Close Short,350.25,8.6,1.20486,145.21616,-62.03,306
1765111851265,ZEC,B,Close Short,350.25,0.86,0.120486,14.521616,-53.43,306
1765111851265,ZEC,B,Close Short,350.25,0.86,0.120486,14.521616,-52.57,306
1765111851265,ZEC,B,Close Short,350.27,1.17,0.163926,19.732752,-51.71,306
1765111851265,ZEC,B,Close Short,350.28,5.13,0.718774,86.469228,-50.54,306
1765111851265,ZEC,B,Close Short,350.3,1.06,0.148527,17.845736,-45.41,306
1765111851265,ZEC,B,Close Short,350.3,0.86,0.120503,14.478616,-44.35,306
1765111851265,ZEC,B,Close Short,350.3,0.9,0.126108,15.15204,-43.49,306
1765111851265,ZEC,B,Close Short,350.3,42.59,5.96771,717.028204,-42.59,306
1765118815041,ZEC,A,Open Short,340.15,12.11,0.494305,0.0,0.0,307
1765118815176,ZEC,A,Open Short,340.15,12.05,0.491856,0.0,-12.11,307
1765118815347,ZEC,A,Open Short,340.15,11.98,0.488999,0.0,-24.16,307
1765118816956,ZEC,A,Open Short,340.15,8.83,0.360422,0.0,-36.14,307
1765118817159,ZEC,A,Open Short,340.15,45.17,1.843749,0.0,-44.97,307
1765118817577,ZEC,A,Open Short,340.15,52.83,2.156414,0.0,-90.14,307
1765118818297,ZEC,A,Open Short,340.15,32.15,1.312298,0.0,-142.97,307
1765118818379,ZEC,A,Open Short,340.15,134.3,5.481857,0.0,-175.12,307
1765118818379,ZEC,A,Open Short,340.15,6.9,0.281644,0.0,-309.42,307
1765118818379,ZEC,A,Open Short,340.15,3.18,0.129801,0.0,-316.32,307
1765118818379,ZEC,A,Open Short,340.15,16.35,0.667374,0.0,-319.5,307
1765118818379,ZEC,A,Open Short,340.15,61.52,2.511123,0.0,-335.85,307
1765118818379,ZEC,A,Open Short,340.15,14.76,0.602473,0.0,-397.37,307
1765118818379,ZEC,A,Open Short,340.15,3.39,0.138373,0.0,-412.13,307
1765118818379,ZEC,A,Open Short,340.15,4.53,0.184905,0.0,-415.52,307
1765118818379,ZEC,A,Open Short,340.15,3.2,0.130617,0.0,-420.05,307
1765118818379,ZEC,A,Open Short,340.15,15.19,0.620025,0.0,-423.25,307
1765118818379,ZEC,A,Open Short,340.15,1.82,0.074288,0.0,-438.44,307
1765118818379,ZEC,A,Open Short,340.15,0.86,0.035103,0.0,-440.26,307
1765118818379,ZEC,A,Open Short,340.15,24.31,0.992285,0.0,-441.12,307
1765118818379,ZEC,A,Open Short,340.15,122.54,5.001837,0.0,-465.43,307
1765119567004,ZEC,A,Open Short,340.15,0.06,0.002449,0.0,-587.97,308
1765119658056,ZEC,A,Open Short,340.15,36.64,1.495571,0.0,-588.03,308
1765119658171,ZEC,A,Open Short,340.15,85.94,3.507898,0.0,-624.67,308
1765119658249,ZEC,A,Open Short,340.15,25.31,1.033103,0.0,-710.61,308
1765119658456,ZEC,A,Open Short,340.15,24.74,1.009837,0.0,-735.92,308
1765119663243,ZEC,A,Open Short,340.15,0.54,0.022041,0.0,-760.66,308
1765119663645,ZEC,A,Open Short,340.15,0.36,0.014694,0.0,-761.2,308
1765119663645,ZEC,A,Open Short,340.15,1.17,0.047757,0.0,-761.56,308
1765119663645,ZEC,A,Open Short,340.15,0.84,0.034287,0.0,-762.73,308
1765119663710,ZEC,A,Open Short,340.15,0.35,0.014286,0.0,-763.57,308
1765119663710,ZEC,A,Open Short,340.15,0.7,0.028572,0.0,-763.92,308
1765119663710,ZEC,A,Open Short,340.15,0.35,0.014286,0.0,-764.62,308
1765119663710,ZEC,A,Open Short,340.15,0.23,0.009388,0.0,-764.97,308
1765119663710,ZEC,A,Open Short,340.15,9.27,0.378382,0.0,-765.2,308
1765119663710,ZEC,A,Open Short,340.15,0.47,0.019184,0.0,-774.47,308
1765119663769,ZEC,A,Open Short,340.15,0.92,0.037552,0.0,-774.94,308
1765119663846,ZEC,A,Open Short,340.15,0.23,0.009388,0.0,-775.86,308
1765119664048,ZEC,A,Open Short,340.15,9.73,0.397159,0.0,-776.09,308
1765119664048,ZEC,A,Open Short,340.15,2.79,0.113882,0.0,-785.82,308
1765119664048,ZEC,A,Open Short,340.15,1.14,0.046532,0.0,-788.61,308
1765119664048,ZEC,A,Open Short,340.15,0.63,0.025715,0.0,-789.75,308
1765119664048,ZEC,A,Open Short,340.15,0.9,0.036736,0.0,-790.38,308
1765119664163,ZEC,A,Open Short,340.15,0.18,0.007347,0.0,-791.28,308
1765119664163,ZEC,A,Open Short,340.15,0.18,0.007347,0.0,-791.46,308
1765119664163,ZEC,A,Open Short,340.15,0.18,0.007347,0.0,-791.64,308
1765119664163,ZEC,A,Open Short,340.15,4.05,0.165312,0.0,-791.82,308
1765119664450,ZEC,A,Open Short,340.15,18.08,0.737989,0.0,-795.87,308
1765119664652,ZEC,A,Open Short,340.15,6.03,0.246132,0.0,-813.95,308
1765119689867,ZEC,A,Open Short,340.15,3.55,0.144903,0.0,-819.98,308
1765119699033,ZEC,A,Open Short,340.15,4.92,0.200824,0.0,-823.53,308
1765119704494,ZEC,A,Open Short,340.15,0.6,0.02449,0.0,-828.45,308
1765119707320,ZEC,A,Open Short,340.15,0.77,0.031429,0.0,-829.05,308
1765119713521,ZEC,A,Open Short,340.15,2.04,0.083268,0.0,-829.82,308
1765119713725,ZEC,A,Open Short,340.15,0.09,0.003673,0.0,-831.86,308
1765119713725,ZEC,A,Open Short,340.15,0.2,0.008163,0.0,-831.95,308
1765119713725,ZEC,A,Open Short,340.15,0.59,0.024082,0.0,-832.15,308
1765119713977,ZEC,A,Open Short,340.15,1.47,0.060002,0.0,-832.74,308
1765119725506,ZEC,A,Open Short,340.15,8.64,0.352667,0.0,-834.21,308
1765119725506,ZEC,A,Open Short,340.15,3.06,0.124903,0.0,-842.85,308
1765119725506,ZEC,A,Open Short,340.15,0.19,0.007755,0.0,-845.91,308
1765119725506,ZEC,A,Open Short,340.15,0.19,0.007755,0.0,-846.1,308
1765119725506,ZEC,A,Open Short,340.15,34.68,1.415568,0.0,-846.29,308
1765119725506,ZEC,A,Open Short,340.15,0.98,0.040001,0.0,-880.97,308
1765140363060,ZEC,B,Close Short,349.82,11.95,1.672139,-115.5565,-881.95,309
1765140363060,ZEC,B,Close Short,349.86,0.16,0.022391,-1.5536,-870.0,309
1765140363060,ZEC,B,Close Short,349.86,0.14,0.019592,-1.3594,-869.84,309
1765140363060,ZEC,B,Close Short,349.86,0.14,0.019592,-1.3594,-869.7,309
1765140363060,ZEC,B,Close Short,349.86,1.77,0.2477,-17.1867,-869.56,309
1765140363060,ZEC,B,Close Short,349.86,0.16,0.022391,-1.5536,-867.79,309
1765140363060,ZEC,B,Close Short,349.86,0.14,0.019592,-1.3594,-867.63,309
1765140363060,ZEC,B,Close Short,349.87,3.23,0.452032,-31.3956,-867.49,309
1765140363060,ZEC,B,Close Short,349.87,1.79,0.250506,-17.3988,-864.26,309
1765140363060,ZEC,B,Close Short,349.89,3.55,0.496843,-34.577,-862.47,309
1765140363060,ZEC,B,Close Short,349.91,0.86,0.120369,-8.3936,-858.92,309
1765140363060,ZEC,B,Close Short,349.91,0.86,0.120369,-8.3936,-858.06,309
1765140363060,ZEC,B,Close Short,349.91,0.66,0.092376,-6.4416,-857.2,309
1765140363060,ZEC,B,Close Short,349.93,17.14,2.39912,-167.6292,-856.54,309
1765140363060,ZEC,B,Close Short,349.94,4.28,0.599097,-41.9012,-839.4,309
1765140363060,ZEC,B,Close Short,349.95,3.56,0.498328,-34.888,-835.12,309
1765140363060,ZEC,B,Close Short,349.95,3.5,0.48993,-34.3,-831.56,309
1765140363060,ZEC,B,Close Short,350.01,28.56,3.998514,-281.6016,-828.06,309
1765140363060,ZEC,B,Close Short,350.02,2.15,0.301017,-21.2205,-799.5,309
1765140363060,ZEC,B,Close Short,350.05,11.01,1.54162,-108.999,-797.35,309
1765140363060,ZEC,B,Close Short,350.05,30.04,4.2062,-297.396,-786.34,309
1765140363060,ZEC,B,Close Short,350.05,17.4,2.436348,-172.26,-756.3,309
1765140363060,ZEC,B,Close Short,350.06,0.86,0.12042,-8.5226,-738.9,309
1765140363060,ZEC,B,Close Short,350.08,42.83,5.99757,-425.3019,-738.04,309
1765140363060,ZEC,B,Close Short,350.08,40.0,5.60128,-397.2,-695.21,309
1765140363060,ZEC,B,Close Short,350.09,11.57,1.620216,-115.0058,-655.21,309
1765140363060,ZEC,B,Close Short,350.13,7.74,1.084002,-77.2452,-643.64,309
1765140363060,ZEC,B,Close Short,350.13,26.09,3.653956,-260.3782,-635.9,309
1765140363060,ZEC,B,Close Short,350.16,11.01,1.542104,-110.2101,-609.81,309
1765140363060,ZEC,B,Close Short,350.16,30.04,4.207522,-300.7004,-598.8,309
1765140363060,ZEC,B,Close Short,350.16,11.46,1.605133,-114.7146,-568.76,309
1765140363060,ZEC,B,Close Short,350.18,11.21,1.570207,-112.4363,-557.3,309
1765140363060,ZEC,B,Close Short,350.19,38.85,5.441952,-390.054,-546.09,309
1765140363060,ZEC,B,Close Short,350.2,11.38,1.59411,-114.369,-507.24,309
1765140363060,ZEC,B,Close Short,350.21,0.86,0.120472,-8.6516,-495.86,309
1765140363060,ZEC,B,Close Short,350.21,0.86,0.120472,-8.6516,-495.0,309
1765140363060,ZEC,B,Close Short,350.21,71.37,9.997795,-717.9822,-494.14,309
1765140363060,ZEC,B,Close Short,350.22,0.53,0.074246,-5.3371,-422.77,309
1765140363060,ZEC,B,Close Short,350.23,0.53,0.074248,-5.3424,-422.24,309
1765140363060,ZEC,B,Close Short,350.23,3.42,0.479114,-34.4736,-421.71,309
1765140363060,ZEC,B,Close Short,350.24,52.18,7.310209,-526.4962,-418.29,309
1765140363060,ZEC,B,Close Short,350.24,25.05,3.509404,-252.7545,-366.11,309
1765140363060,ZEC,B,Close Short,350.25,0.86,0.120486,-8.686,-341.06,309
1765140363060,ZEC,B,Close Short,350.25,3.21,0.449721,-32.421,-340.2,309
1765140363060,ZEC,B,Close Short,350.26,0.9,0.126093,-9.099,-336.99,309
1765140363060,ZEC,B,Close Short,350.26,2.15,0.301223,-21.7365,-336.09,309
1765140363060,ZEC,B,Close Short,350.27,0.86,0.120492,-8.7032,-333.94,309
1765140363060,ZEC,B,Close Short,350.27,11.01,1.542589,-111.4212,-333.08,309
1765140363060,ZEC,B,Close Short,350.27,85.63,11.997448,-866.5756,-322.07,309
1765140363060,ZEC,B,Close Short,350.27,0.86,0.120492,-8.7032,-236.44,309
1765140363060,ZEC,B,Close Short,350.28,0.86,0.120496,-8.7118,-235.58,309
1765140363060,ZEC,B,Close Short,350.28,4.28,0.599679,-43.3564,-234.72,309
1765140363060,ZEC,B,Close Short,350.28,14.67,2.055443,-148.6071,-230.44,309
1765140363060,ZEC,B,Close Short,350.29,0.86,0.120499,-8.7204,-215.77,309
1765140363060,ZEC,B,Close Short,350.3,0.86,0.120503,-8.729,-214.91,309
1765140363060,ZEC,B,Close Short,350.3,0.86,0.120503,-8.729,-214.05,309
1765140363060,ZEC,B,Close Short,350.3,0.57,0.079868,-5.7855,-213.19,309
1765140363060,ZEC,B,Close Short,350.32,0.86,0.12051,-8.7462,-212.62,309
1765140363060,ZEC,B,Close Short,350.32,0.86,0.12051,-8.7462,-211.76,309
1765140363060,ZEC,B,Close Short,350.32,17.16,2.404596,-174.5172,-210.9,309
1765140363060,ZEC,B,Close Short,350.33,0.86,0.120513,-8.7548,-193.74,309
1765140363060,ZEC,B,Close Short,350.35,0.86,0.12052,-8.772,-192.88,309
1765140363060,ZEC,B,Close Short,350.35,0.86,0.12052,-8.772,-192.02,309
1765140363060,ZEC,B,Close Short,350.36,25.05,3.510607,-255.7605,-191.16,309
1765140363060,ZEC,B,Close Short,350.37,30.04,4.210045,-307.0088,-166.11,309
1765140363060,ZEC,B,Close Short,350.37,2.85,0.399421,-29.127,-136.07,309
1765140363060,ZEC,B,Close Short,350.38,5.32,0.745608,-54.4236,-133.22,309
1765140363060,ZEC,B,Close Short,350.38,11.01,1.543073,-112.6323,-127.9,309
1765140363060,ZEC,B,Close Short,350.38,3.09,0.433069,-31.6107,-116.89,309
1765140363060,ZEC,B,Close Short,350.38,42.26,5.922823,-432.3198,-113.8,309
1765140363060,ZEC,B,Close Short,350.39,5.5,0.770858,-56.32,-71.54,309
1765140363060,ZEC,B,Close Short,350.4,0.86,0.120537,-8.815,-66.04,309
1765140363060,ZEC,B,Close Short,350.4,1.43,0.200428,-14.6575,-65.18,309
1765140363060,ZEC,B,Close Short,350.41,0.86,0.120541,-8.8236,-63.75,309
1765140363060,ZEC,B,Close Short,350.41,0.9,0.126147,-9.234,-62.89,309
1765140363060,ZEC,B,Close Short,350.42,61.99,8.689014,-636.6373,-61.99,309
1765170992879,ETH,B,Open Long,3124.7,0.0044,0.001649,0.0,0.0,310
1765170994431,ETH,B,Open Long,3124.7,3.6149,1.355457,0.0,0.0044,310
1765170994431,ETH,B,Open Long,3124.7,34.1259,12.795983,0.0,3.6193,310
1765170994431,ETH,B,Open Long,3124.7,7.6784,2.879123,0.0,37.7452,310
1765170994431,ETH,B,Open Long,3124.7,5.6272,2.109997,0.0,45.4236,310
1765170994431,ETH,B,Open Long,3124.7,12.9553,4.857771,0.0,51.0508,310
1765178678741,BTC,B,Open Long,91611.0,0.1187,1.304907,0.0,0.0,311
1765178679481,BTC,B,Open Long,91611.0,0.00075,0.008244,0.0,0.1187,311
1765178681055,BTC,B,Open Long,91611.0,0.00013,0.001429,0.0,0.11945,311
1765178681257,BTC,B,Open Long,91611.0,0.01377,0.151378,0.0,0.11958,311
1765178681362,BTC,B,Open Long,91611.0,0.00087,0.009564,0.0,0.13335,311
1765178681766,BTC,B,Open Long,91611.0,0.00011,0.001209,0.0,0.13422,311
1765178683197,BTC,B,Open Long,91611.0,0.00017,0.001868,0.0,0.13433,311
1765178687188,BTC,B,Open Long,91611.0,0.02362,0.259662,0.0,0.1345,311
1765178687729,BTC,B,Open Long,91611.0,0.00079,0.008684,0.0,0.15812,311
1765178688282,BTC,B,Open Long,91611.0,0.00011,0.001209,0.0,0.15891,311
1765178690204,BTC,B,Open Long,91611.0,0.00014,0.001539,0.0,0.15902,311
1765178690299,BTC,B,Open Long,91611.0,0.00349,0.038366,0.0,0.15916,311
1765178693375,BTC,B,Open Long,91611.0,0.00011,0.001209,0.0,0.16265,311
1765178699693,BTC,B,Open Long,91611.0,0.00011,0.001209,0.0,0.16276,311
1765178702257,BTC,B,Open Long,91611.0,0.00038,0.004177,0.0,0.16287,311
1765178702418,BTC,B,Open Long,91611.0,0.0015,0.016489,0.0,0.16325,311
1765178703217,BTC,B,Open Long,91611.0,0.00029,0.003188,0.0,0.16475,311
1765178703268,BTC,B,Open Long,91611.0,0.00159,0.017479,0.0,0.16504,311
1765179072334,BTC,B,Open Long,91611.0,0.84632,9.303866,0.0,0.16663,311
1765179072538,BTC,B,Open Long,91611.0,0.15724,1.728589,0.0,1.01295,311
1765179073069,BTC,B,Open Long,91611.0,0.00088,0.009674,0.0,1.17019,311
1765179075269,BTC,B,Open Long,91611.0,0.00011,0.001209,0.0,1.17107,311
1765179075606,BTC,B,Open Long,91611.0,0.00077,0.008464,0.0,1.17118,311
1765179110138,BTC,B,Open Long,91611.0,0.49252,5.414429,0.0,1.17195,311
1765179110623,BTC,B,Open Long,91611.0,0.00011,0.001209,0.0,1.66447,311
1765179110623,BTC,B,Open Long,91611.0,0.22029,2.421718,0.0,1.66458,311
1765179110695,BTC,B,Open Long,91611.0,0.29827,3.278977,0.0,1.88487,311
1765192176189,ETH,B,Open Long,3159.8,0.1964,0.07447,0.0,64.0061,312
1765192176189,ETH,B,Open Long,3159.8,2.4721,0.93736,0.0,64.2025,312
1765192190566,ETH,B,Open Long,3159.8,0.0045,0.001706,0.0,66.6746,312
1765192190643,ETH,B,Open Long,3159.8,0.0006,0.000227,0.0,66.6791,312
1765192191854,ETH,B,Open Long,3159.8,1.457,0.552459,0.0,66.6797,312
1765192191941,ETH,B,Open Long,3159.8,1.457,0.552459,0.0,69.5937,312
1765192191941,ETH,B,Open Long,3159.8,1.457,0.552459,0.0,71.0507,312
1765192191941,ETH,B,Open Long,3159.8,0.5372,0.203693,0.0,72.5077,312
1765192191941,ETH,B,Open Long,3159.8,4.8565,1.841468,0.0,73.0449,312
1765192191941,ETH,B,Open Long,3159.8,2.9139,1.10488,0.0,77.9014,312
1765192191996,ETH,B,Open Long,3159.8,1.457,0.552459,0.0,80.8153,312
1765192191996,ETH,B,Open Long,3159.8,45.0289,17.073878,0.0,82.2723,312
1765413919078,ETH,A,Close Long,3288.2,48.0404,63.186577,7016.30042,127.3012,313
1765413919078,ETH,A,Close Long,3287.9,0.0988,0.129937,14.4001,79.2608,313
1765413919078,ETH,A,Close Long,3287.9,0.0988,0.129937,14.4001,79.162,313
1765413919078,ETH,A,Close Long,3287.9,0.0988,0.129937,14.4001,79.0632,313
1765413919078,ETH,A,Close Long,3287.9,0.0988,0.129937,14.4001,78.9644,313
1765413919078,ETH,A,Close Long,3287.5,0.008,0.01052,1.1628,78.8656,313
1765413919078,ETH,A,Close Long,3287.4,0.0304,0.039974,4.4156,78.8576,313
1765413919078,ETH,A,Close Long,3287.3,0.1,0.131492,14.515,78.8272,313
1765413919078,ETH,A,Close Long,3287.2,9.0767,11.934771,1316.575335,78.7272,313
1765413919078,ETH,A,Close Long,3287.2,1.2138,1.596001,176.06169,69.6505,313
1765413919078,ETH,A,Close Long,3287.0,0.6842,0.899586,99.10637,68.4367,313
1765413919078,ETH,A,Close Long,3286.9,13.7968,18.13948,1997.0868,67.7525,313
1765413919078,ETH,A,Close Long,3286.9,38.7285,50.918682,5605.950375,53.9557,313
1765413919078,ETH,A,Close Long,3286.9,15.184,19.963315,2197.884,15.2272,313
1765413919078,ETH,A,Close Long,3286.8,0.0432,0.056795,6.24888,0.0432,313
1765413924282,BTC,A,Close Long,91337.0,0.04508,1.646988,-12.35192,2.18314,314
1765413924282,BTC,A,Close Long,91337.0,0.03543,1.294427,-9.70782,2.13806,314
1765413924282,BTC,A,Close Long,91337.0,0.27375,10.001401,-75.0075,2.10263,314
1765413924282,BTC,A,Close Long,91337.0,0.43802,16.002973,-120.01748,1.82888,314
1765413924282,BTC,A,Close Long,91337.0,0.47767,17.451577,-130.88158,1.39086,314
1765413924282,BTC,A,Close Long,91337.0,0.47782,17.457058,-130.92268,0.91319,314
1765413924282,BTC,A,Close Long,91337.0,0.43537,15.906155,-119.29138,0.43537,314
1765462694938,BTC,A,Open Short,90220.0,0.37776,4.08978,0.0,0.0,315
1765462694999,BTC,A,Open Short,90220.0,0.0043,0.046553,0.0,-0.37776,315
1765462695143,BTC,A,Open Short,90220.0,0.01347,0.145831,0.0,-0.38206,315
1765462695244,BTC,A,Open Short,90220.0,0.00234,0.025333,0.0,-0.39553,315
1765462695450,BTC,A,Open Short,90220.0,0.00095,0.010285,0.0,-0.39787,315
1765462695649,BTC,A,Open Short,90220.0,0.011,0.11909,0.0,-0.39882,315
1765462696056,BTC,A,Open Short,90220.0,0.0016,0.017322,0.0,-0.40982,315
1765462697271,BTC,A,Open Short,90220.0,0.00027,0.002923,0.0,-0.41142,315
1765462697612,BTC,A,Open Short,90220.0,0.00097,0.010501,0.0,-0.41169,315
1765462698439,BTC,A,Open Short,90220.0,0.49912,5.403672,0.0,-0.41266,315
1765462700309,BTC,A,Open Short,90220.0,0.00367,0.039732,0.0,-0.91178,315
1765462701118,BTC,A,Open Short,90220.0,0.001,0.010826,0.0,-0.91545,315
1765462701249,BTC,A,Open Short,90220.0,0.00555,0.060086,0.0,-0.91645,315
1765462938297,BTC,A,Open Short,90220.0,0.00053,0.005737,0.0,-0.922,315
1765463134990,BTC,A,Open Short,90220.0,0.01244,0.13468,0.0,-0.92253,315
1765463135818,BTC,A,Open Short,90220.0,0.00172,0.018621,0.0,-0.93497,315
1765463137714,BTC,A,Open Short,90220.0,0.00175,0.018946,0.0,-0.93669,315
1765463138038,BTC,A,Open Short,90220.0,0.00102,0.011042,0.0,-0.93844,315
1765463138496,BTC,A,Open Short,90220.0,0.00386,0.041789,0.0,-0.93946,315
1765463140715,BTC,A,Open Short,90220.0,0.16508,1.787222,0.0,-0.94332,315
1765463935648,BTC,B,Close Short,90346.0,0.00013,0.004697,-0.01638,-1.1084,316
1765463935648,BTC,B,Close Short,90346.0,0.00243,0.087816,-0.30618,-1.10827,316
1765463935648,BTC,B,Close Short,90347.0,0.00013,0.004698,-0.01651,-1.10584,316
1765463935648,BTC,B,Close Short,90347.0,0.00012,0.004336,-0.01524,-1.10571,316
1765463935648,BTC,B,Close Short,90347.0,0.16599,5.998679,-21.08073,-1.10559,316
1765463935648,BTC,B,Close Short,90348.0,0.02213,0.79976,-2.83264,-0.9396,316
1765463935648,BTC,B,Close Short,90348.0,0.00013,0.004698,-0.01664,-0.91747,316
1765463935648,BTC,B,Close Short,90349.0,0.00013,0.004698,-0.01677,-0.91734,316
1765463935648,BTC,B,Close Short,90350.0,0.00014,0.005059,-0.0182,-0.91721,316
1765463935648,BTC,B,Close Short,90350.0,0.00013,0.004698,-0.0169,-0.91707,316
1765463935648,BTC,B,Close Short,90350.0,0.05534,1.999987,-7.1942,-0.91694,316
1765463935648,BTC,B,Close Short,90351.0,0.00013,0.004698,-0.01703,-0.8616,316
1765463935648,BTC,B,Close Short,90351.0,0.0123,0.444526,-1.6113,-0.86147,316
1765463935648,BTC,B,Close Short,90351.0,0.01358,0.490786,-1.77898,-0.84917,316
1765463935648,BTC,B,Close Short,90351.0,0.83559,30.198556,-109.46229,-0.83559,316
1765672500551,ETH,B,Open Long,3118.0,1.2009,1.497762,0.0,0.0,317
1765672500551,ETH,B,Open Long,3118.0,3.6,4.48992,0.0,1.2009,317
1765672500551,ETH,B,Open Long,3118.0,0.2954,0.368422,0.0,4.8009,317
1765672500551,ETH,B,Open Long,3118.0,3.6,4.48992,0.0,5.0963,317
1765672500551,ETH,B,Open Long,3118.0,0.4877,0.608259,0.0,8.6963,317
1765672500551,ETH,B,Open Long,3118.0,3.6,4.48992,0.0,9.184,317
1765672500551,ETH,B,Open Long,3118.0,0.2954,0.368422,0.0,12.784,317
1765672500551,ETH,B,Open Long,3118.0,0.0578,0.072088,0.0,13.0794,317
1765672500551,ETH,B,Open Long,3118.0,1.2009,1.497762,0.0,13.1372,317
1765672500551,ETH,B,Open Long,3118.0,0.7559,0.942758,0.0,14.3381,317
1765672500551,ETH,B,Open Long,3118.0,2.5656,3.199816,0.0,15.094,317
1765672500551,ETH,B,Open Long,3118.0,0.7559,0.942758,0.0,17.6596,317
1765672500551,ETH,B,Open Long,3118.0,0.0578,0.072088,0.0,18.4155,317
1765672500551,ETH,B,Open Long,3118.0,3.6,4.48992,0.0,18.4733,317
1765672500551,ETH,B,Open Long,3118.0,0.2954,0.368422,0.0,22.0733,317
1765672500551,ETH,B,Open Long,3118.0,0.0578,0.072088,0.0,22.3687,317
1765672500551,ETH,B,Open Long,3118.0,0.0578,0.072088,0.0,22.4265,317
1765672500551,ETH,B,Open Long,3118.0,0.0478,0.059616,0.0,22.4843,317
1765672500551,ETH,B,Open Long,3118.0,3.6,4.48992,0.0,22.5321,317
1765672500551,ETH,B,Open Long,3118.0,0.4877,0.608259,0.0,26.1321,317
1765672500551,ETH,B,Open Long,3118.0,3.6,4.48992,0.0,26.6198,317
1765672500551,ETH,B,Open Long,3118.0,0.7559,0.942758,0.0,30.2198,317
1765672500551,ETH,B,Open Long,3118.0,0.0478,0.059616,0.0,30.9757,317
1765672500551,ETH,B,Open Long,3118.0,1.0473,1.306192,0.0,31.0235,317
1765672586890,BTC,B,Open Long,90423.0,0.26536,2.879357,0.0,0.0,318
1765672586890,BTC,B,Open Long,90423.0,0.28255,3.065882,0.0,0.26536,318
1765672586964,BTC,B,Open Long,90423.0,0.13328,1.446189,0.0,0.54791,318
1765672586964,BTC,B,Open Long,90423.0,0.13328,1.446189,0.0,0.68119,318
1765672586964,BTC,B,Open Long,90423.0,0.26666,2.893463,0.0,0.81447,318
1765672586964,BTC,B,Open Long,90423.0,0.02478,0.268881,0.0,1.08113,318
1765672739325,ETH,B,Open Long,3119.4,1.367,0.511706,0.0,32.0708,319
1765672739325,ETH,B,Open Long,3119.4,0.1431,0.053566,0.0,33.4378,319
1765672739375,ETH,B,Open Long,3119.4,0.641,0.239944,0.0,33.5809,319
1765672739572,ETH,B,Open Long,3119.4,0.1527,0.057159,0.0,34.2219,319
1765672741251,ETH,B,Open Long,3119.4,0.3119,0.116752,0.0,34.3746,319
1765672790867,ETH,B,Open Long,3119.4,0.0003,0.000112,0.0,34.6865,319
1765672796964,ETH,B,Open Long,3119.4,0.2426,0.090811,0.0,34.6868,319
1765672796964,ETH,B,Open Long,3119.4,0.2587,0.096838,0.0,34.9294,319
1765672796964,ETH,B,Open Long,3119.4,0.4899,0.183383,0.0,35.1881,319
1765672796964,ETH,B,Open Long,3119.4,7.7286,2.893031,0.0,35.678,319
1765672796964,ETH,B,Open Long,3119.4,7.7286,2.893031,0.0,43.4066,319
1765672796964,ETH,B,Open Long,3119.4,12.993,4.863643,0.0,51.1352,319
1765710242444,ETH,A,Close Long,3108.6,0.7235,0.899628,-7.300115,64.1282,320
1765710242444,ETH,A,Close Long,3108.3,2.574,3.200305,-26.74386,63.4047,320
1765710242444,ETH,A,Close Long,3108.3,0.1,0.124332,-1.039,60.8307,320
1765710242444,ETH,A,Close Long,3108.2,0.0322,0.040033,-0.337778,60.7307,320
1765710242444,ETH,A,Close Long,3108.1,0.0065,0.008081,-0.068835,60.6985,320
1765710242444,ETH,A,Close Long,3108.1,1.737,2.159507,-18.39483,60.692,320
1765710242444,ETH,A,Close Long,3108.1,50.7958,63.15137,-537.927522,58.955,320
1765710242444,ETH,A,Close Long,3108.1,0.1168,0.14521,-1.236912,8.1592,320
1765710242444,ETH,A,Close Long,3108.0,1.2721,1.581474,-13.598749,8.0424,320
1765710242444,ETH,A,Close Long,3108.0,4.608,5.728665,-49.25952,6.7703,320
1765710242444,ETH,A,Close Long,3107.9,0.0065,0.00808,-0.070135,2.1623,320
1765710242444,ETH,A,Close Long,3107.9,0.1,0.124316,-1.079,2.1558,320
1765710242444,ETH,A,Close Long,3107.9,2.0558,2.555688,-22.182082,2.0558,320
1765710247573,BTC,A,Close Long,89788.0,0.00935,0.335807,-5.93725,1.10591,321
1765710247573,BTC,A,Close Long,89788.0,0.00111,0.039865,-0.70485,1.09656,321
1765710247573,BTC,A,Close Long,89788.0,0.00441,0.158386,-2.80035,1.09545,321
1765710247573,BTC,A,Close Long,89788.0,0.00111,0.039865,-0.70485,1.09104,321
1765710247573,BTC,A,Close Long,89787.0,0.00013,0.004668,-0.08268,1.08993,321
1765710247573,BTC,A,Close Long,89787.0,0.00012,0.004309,-0.07632,1.0898,321
1765710247573,BTC,A,Close Long,89786.0,0.00013,0.004668,-0.08281,1.08968,321
1765710247573,BTC,A,Close Long,89786.0,0.121,4.345642,-77.077,1.08955,321
1765710247573,BTC,A,Close Long,89786.0,0.00012,0.004309,-0.07644,0.96855,321
1765710247573,BTC,A,Close Long,89785.0,0.00013,0.004668,-0.08294,0.96843,321
1765710247573,BTC,A,Close Long,89784.0,0.00013,0.004668,-0.08307,0.9683,321
1765710247573,BTC,A,Close Long,89783.0,0.00013,0.004668,-0.0832,0.96817,321
1765710247573,BTC,A,Close Long,89783.0,0.00111,0.039863,-0.7104,0.96804,321
1765710247573,BTC,A,Close Long,89782.0,0.00013,0.004668,-0.08333,0.96693,321
1765710247573,BTC,A,Close Long,89781.0,0.00013,0.004668,-0.08346,0.9668,321
1765710247573,BTC,A,Close Long,89780.0,0.00013,0.004668,-0.08359,0.96667,321
1765710247573,BTC,A,Close Long,89779.0,0.00013,0.004668,-0.08372,0.96654,321
1765710247573,BTC,A,Close Long,89779.0,0.06102,2.191325,-39.29688,0.96641,321
1765710247573,BTC,A,Close Long,89779.0,0.22276,7.999668,-143.45744,0.90539,321
1765710247573,BTC,A,Close Long,89779.0,0.43801,15.729639,-282.07844,0.68263,321
1765710247573,BTC,A,Close Long,89778.0,0.00013,0.004668,-0.08385,0.24462,321
1765710247573,BTC,A,Close Long,89778.0,0.06152,2.209257,-39.6804,0.24449,321
1765710247573,BTC,A,Close Long,89778.0,0.00111,0.039861,-0.71595,0.18297,321
1765710247573,BTC,A,Close Long,89777.0,0.00013,0.004668,-0.08398,0.18186,321
1765710247573,BTC,A,Close Long,89777.0,0.06066,2.178349,-39.18636,0.18173,321
1765710247573,BTC,A,Close Long,89776.0,0.00013,0.004668,-0.08411,0.12107,321
1765710247573,BTC,A,Close Long,89776.0,0.12094,4.343003,-78.24818,0.12094,321
1765843835374,ETH,B,Open Long,2969.8,67.3446,23.999999,0.0,0.0,322
1765843848338,BTC,B,Open Long,86350.0,0.08316,2.872346,0.0,0.0,323
1765843848338,BTC,B,Open Long,86350.0,0.34672,11.975708,0.0,0.08316,323
1765843848338,BTC,B,Open Long,86350.0,0.34054,11.762251,0.0,0.42988,323
1765843848338,BTC,B,Open Long,86350.0,0.1377,4.756158,0.0,0.77042,323
1765843848338,BTC,B,Open Long,86350.0,0.07213,2.49137,0.0,0.90812,323
1765843848338,BTC,B,Open Long,86350.0,0.12937,4.468439,0.0,0.98025,323
1765843848338,BTC,B,Open Long,86350.0,0.14644,5.058037,0.0,1.10962,323
1765843848338,BTC,B,Open Long,86350.0,0.04831,1.668627,0.0,1.25606,323
1765843848338,BTC,B,Open Long,86350.0,0.0491,1.695914,0.0,1.30437,323
1765843848338,BTC,B,Open Long,86350.0,0.12,4.1448,0.0,1.35347,323
1765843848338,BTC,B,Open Long,86350.0,0.19147,6.613373,0.0,1.47347,323
1765843848338,BTC,B,Open Long,86350.0,0.48446,16.733248,0.0,1.66494,323
1765843848338,BTC,B,Open Long,86350.0,0.1,3.454,0.0,2.1494,323
1765843848338,BTC,B,Open Long,86350.0,0.06597,2.278603,0.0,2.2494,323
1765859364473,BTC,A,Close Long,85603.0,0.03279,1.122768,-24.49413,2.31537,324
1765859364473,BTC,A,Close Long,85603.0,0.00233,0.079781,-1.74051,2.28258,324
1765859364473,BTC,A,Close Long,85603.0,0.00013,0.004451,-0.09711,2.28025,324
1765859364473,BTC,A,Close Long,85603.0,0.05293,1.812386,-39.53871,2.28012,324
1765859364473,BTC,A,Close Long,85603.0,0.0584,1.999686,-43.6248,2.22719,324
1765859364473,BTC,A,Close Long,85603.0,0.05759,1.97195,-43.01973,2.16879,324
1765859364473,BTC,A,Close Long,85603.0,0.14145,4.843417,-105.66315,2.1112,324
1765859364473,BTC,A,Close Long,85603.0,0.1334,4.567776,-99.6498,1.96975,324
1765859364473,BTC,A,Close Long,85603.0,0.00012,0.004108,-0.08964,1.83635,324
1765859364473,BTC,A,Close Long,85603.0,0.0488,1.67097,-36.4536,1.83623,324
1765859364473,BTC,A,Close Long,85603.0,0.13404,4.58969,-100.12788,1.78743,324
1765859364473,BTC,A,Close Long,85603.0,0.40895,14.002938,-305.48565,1.65339,324
1765859364473,BTC,A,Close Long,85602.0,0.45428,15.55491,-339.80144,1.24444,324
1765859364473,BTC,A,Close Long,85602.0,0.0584,1.999662,-43.6832,0.79016,324
1765859364473,BTC,A,Close Long,85602.0,0.05929,2.030137,-44.34892,0.73176,324
1765859364473,BTC,A,Close Long,85602.0,0.00013,0.004451,-0.09724,0.67247,324
1765859364473,BTC,A,Close Long,85602.0,0.00012,0.004108,-0.08976,0.67234,324
1765859364473,BTC,A,Close Long,85601.0,0.00013,0.004451,-0.09737,0.67222,324
1765859364473,BTC,A,Close Long,85601.0,0.00282,0.096557,-2.11218,0.67209,324
1765859364473,BTC,A,Close Long,85601.0,0.04628,1.584645,-34.66372,0.66927,324
1765859364473,BTC,A,Close Long,85600.0,0.00013,0.004451,-0.0975,0.62299,324
1765859364473,BTC,A,Close Long,85600.0,0.00012,0.004108,-0.09,0.62286,324
1765859364473,BTC,A,Close Long,85599.0,0.00013,0.004451,-0.09763,0.62274,324
1765859364473,BTC,A,Close Long,85599.0,0.17524,6.000147,-131.60524,0.62261,324
1765859364473,BTC,A,Close Long,85599.0,0.06345,2.172502,-47.65095,0.44737,324
1765859364473,BTC,A,Close Long,85599.0,0.38392,13.145267,-288.32392,0.38392,324
1765859367677,ETH,A,Close Long,2919.8,0.364,0.425122,-18.2,67.3446,325
1765859367677,ETH,A,Close Long,2919.8,0.8281,0.967154,-41.405,66.9806,325
1765859367677,ETH,A,Close Long,2919.8,0.364,0.425122,-18.2,66.1525,325
1765859367677,ETH,A,Close Long,2919.8,0.1331,0.15545,-6.655,65.7885,325
1765859367677,ETH,A,Close Long,2919.8,0.1272,0.148559,-6.36,65.6554,325
1765859367677,ETH,A,Close Long,2919.8,0.8281,0.967154,-41.405,65.5282,325
1765859367677,ETH,A,Close Long,2919.8,0.0065,0.007591,-0.325,64.7001,325
1765859367677,ETH,A,Close Long,2919.8,0.1331,0.15545,-6.655,64.6936,325
1765859367677,ETH,A,Close Long,2919.8,0.8281,0.967154,-41.405,64.5605,325
1765859367677,ETH,A,Close Long,2919.8,0.0065,0.007591,-0.325,63.7324,325
1765859367677,ETH,A,Close Long,2919.8,0.1331,0.15545,-6.655,63.7259,325
1765859367677,ETH,A,Close Long,2919.8,1.0454,1.220943,-52.27,63.5928,325
1765859367677,ETH,A,Close Long,2919.8,0.0065,0.007591,-0.325,62.5474,325
1765859367677,ETH,A,Close Long,2919.8,0.8281,0.967154,-41.405,62.5409,325
1765859367677,ETH,A,Close Long,2919.8,0.0065,0.007591,-0.325,61.7128,325
1765859367677,ETH,A,Close Long,2919.8,0.0065,0.007591,-0.325,61.7063,325
1765859367677,ETH,A,Close Long,2919.8,0.1331,0.15545,-6.655,61.6998,325
1765859367677,ETH,A,Close Long,2919.8,0.8281,0.967154,-41.405,61.5667,325
1765859367677,ETH,A,Close Long,2919.8,0.0065,0.007591,-0.325,60.7386,325
1765859367677,ETH,A,Close Long,2919.8,0.1272,0.148559,-6.36,60.7321,325
1765859367677,ETH,A,Close Long,2919.8,0.1331,0.15545,-6.655,60.6049,325
1765859367677,ETH,A,Close Long,2919.8,0.8281,0.967154,-41.405,60.4718,325
1765859367677,ETH,A,Close Long,2919.8,0.364,0.425122,-18.2,59.6437,325
1765859367677,ETH,A,Close Long,2919.8,0.1331,0.15545,-6.655,59.2797,325
1765859367677,ETH,A,Close Long,2919.8,0.0065,0.007591,-0.325,59.1466,325
1765859367677,ETH,A,Close Long,2919.8,0.1272,0.148559,-6.36,59.1401,325
1765859367677,ETH,A,Close Long,2919.8,0.364,0.425122,-18.2,59.0129,325
1765859367677,ETH,A,Close Long,2919.8,1.564,1.826626,-78.2,58.6489,325
1765859367677,ETH,A,Close Long,2919.8,0.1272,0.148559,-6.36,57.0849,325
1765859367677,ETH,A,Close Long,2919.8,0.8281,0.967154,-41.405,56.9577,325
1765859367677,ETH,A,Close Long,2919.8,0.633,0.739293,-31.65,56.1296,325
1765859367677,ETH,A,Close Long,2919.8,0.0065,0.007591,-0.325,55.4966,325
1765859367677,ETH,A,Close Long,2919.8,0.8281,0.967154,-41.405,55.4901,325
1765859367677,ETH,A,Close Long,2919.7,0.8646,1.009749,-43.31646,54.662,325
1765859367677,ETH,A,Close Long,2919.7,0.0065,0.007591,-0.32565,53.7974,325
1765859367677,ETH,A,Close Long,2919.7,0.2283,0.266627,-11.43783,53.7909,325
1765859367677,ETH,A,Close Long,2919.7,5.8622,6.846346,-293.69622,53.5626,325
1765859367677,ETH,A,Close Long,2919.7,0.8328,0.97261,-41.72328,47.7004,325
1765859367677,ETH,A,Close Long,2919.7,0.8328,0.97261,-41.72328,46.8676,325
1765859367677,ETH,A,Close Long,2919.7,0.4,0.467152,-20.04,46.0348,325
1765859367677,ETH,A,Close Long,2919.7,0.8646,1.009749,-43.31646,45.6348,325
1765859367677,ETH,A,Close Long,2919.7,2.477,2.892838,-124.0977,44.7702,325
1765859367677,ETH,A,Close Long,2919.7,0.0065,0.007591,-0.32565,42.2932,325
1765859367677,ETH,A,Close Long,2919.7,0.0065,0.007591,-0.32565,42.2867,325
1765859367677,ETH,A,Close Long,2919.7,0.4,0.467152,-20.04,42.2802,325
1765859367677,ETH,A,Close Long,2919.7,0.2283,0.266627,-11.43783,41.8802,325
1765859367677,ETH,A,Close Long,2919.7,0.2283,0.266627,-11.43783,41.6519,325
1765859367677,ETH,A,Close Long,2919.7,0.1331,0.155444,-6.66831,41.4236,325
1765859367677,ETH,A,Close Long,2919.7,1.8423,2.151585,-92.29923,41.2905,325
1765859367677,ETH,A,Close Long,2919.7,5.0095,5.850494,-250.97595,39.4482,325
1765859367677,ETH,A,Close Long,2919.7,2.477,2.892838,-124.0977,34.4387,325
1765859367677,ETH,A,Close Long,2919.7,0.4,0.467152,-20.04,31.9617,325
1765859367677,ETH,A,Close Long,2919.7,0.1272,0.148554,-6.37272,31.5617,325
1765859367677,ETH,A,Close Long,2919.7,0.0065,0.007591,-0.32565,31.4345,325
1765859367677,ETH,A,Close Long,2919.7,0.8646,1.009749,-43.31646,31.428,325
1765859367677,ETH,A,Close Long,2919.7,1.804,2.106855,-90.3804,30.5634,325
1765859367677,ETH,A,Close Long,2919.7,0.1331,0.155444,-6.66831,28.7594,325
1765859367677,ETH,A,Close Long,2919.7,0.2283,0.266627,-11.43783,28.6263,325
1765859367677,ETH,A,Close Long,2919.7,0.4,0.467152,-20.04,28.398,325
1765859367677,ETH,A,Close Long,2919.7,0.633,0.739268,-31.7133,27.998,325
1765859367677,ETH,A,Close Long,2919.7,0.364,0.425108,-18.2364,27.365,325
1765859367677,ETH,A,Close Long,2919.7,0.2283,0.266627,-11.43783,27.001,325
1765859367677,ETH,A,Close Long,2919.7,0.8329,0.972727,-41.72829,26.7727,325
1765859367677,ETH,A,Close Long,2919.7,0.364,0.425108,-18.2364,25.9398,325
1765859367677,ETH,A,Close Long,2919.7,2.477,2.892838,-124.0977,25.5758,325
1765859367677,ETH,A,Close Long,2919.7,0.1331,0.155444,-6.666979,23.0988,325
1765859367677,ETH,A,Close Long,2919.7,0.1272,0.148554,-6.371448,22.9657,325
1765859367677,ETH,A,Close Long,2919.7,0.364,0.425108,-18.23276,22.8385,325
1765859367677,ETH,A,Close Long,2919.7,2.477,2.892838,-124.07293,22.4745,325
1765859367677,ETH,A,Close Long,2919.7,0.364,0.425108,-18.23276,19.9975,325
1765859367677,ETH,A,Close Long,2919.7,0.4,0.467152,-20.036,19.6335,325
1765859367677,ETH,A,Close Long,2919.7,0.1331,0.155444,-6.666979,19.2335,325
1765859367677,ETH,A,Close Long,2919.7,0.2283,0.266627,-11.435547,19.1004,325
1765859367677,ETH,A,Close Long,2919.7,0.1331,0.155444,-6.666979,18.8721,325
1765859367677,ETH,A,Close Long,2919.7,1.8093,2.113045,-90.627837,18.739,325
1765859367677,ETH,A,Close Long,2919.7,1.804,2.106855,-90.36236,16.9297,325
1765859367677,ETH,A,Close Long,2919.7,0.8646,1.009749,-43.307814,15.1257,325
1765859367677,ETH,A,Close Long,2919.7,1.0454,1.220901,-52.364086,14.2611,325
1765859367677,ETH,A,Close Long,2919.7,0.1272,0.148554,-6.371448,13.2157,325
1765859367677,ETH,A,Close Long,2919.7,0.0065,0.007591,-0.325585,13.0885,325
1765859367677,ETH,A,Close Long,2919.7,0.4,0.467152,-20.036,13.082,325
1765859367677,ETH,A,Close Long,2919.7,0.1331,0.155444,-6.666979,12.682,325
1765859367677,ETH,A,Close Long,2919.7,1.564,1.826564,-78.34076,12.5489,325
1765859367677,ETH,A,Close Long,2919.7,0.8646,1.009749,-43.307814,10.9849,325
1765859367677,ETH,A,Close Long,2919.7,0.8646,1.009749,-43.307814,10.1203,325
1765859367677,ETH,A,Close Long,2919.7,0.1331,0.155444,-6.666979,9.2557,325
1765859367677,ETH,A,Close Long,2919.7,0.2283,0.266627,-11.435547,9.1226,325
1765859367677,ETH,A,Close Long,2919.7,0.4,0.467152,-20.036,8.8943,325
1765859367677,ETH,A,Close Long,2919.7,0.2283,0.266627,-11.435547,8.4943,325
1765859367677,ETH,A,Close Long,2919.7,0.1272,0.148554,-6.371448,8.266,325
1765859367677,ETH,A,Close Long,2919.7,0.8646,1.009749,-43.307814,8.1388,325
1765859367677,ETH,A,Close Long,2919.7,1.564,1.826564,-78.34076,7.2742,325
1765859367677,ETH,A,Close Long,2919.7,0.633,0.739268,-31.70697,5.7102,325
1765859367677,ETH,A,Close Long,2919.7,0.364,0.425108,-18.23276,5.0772,325
1765859367677,ETH,A,Close Long,2919.7,0.8646,1.009749,-43.307814,4.7132,325
1765859367677,ETH,A,Close Long,2919.7,0.4,0.467152,-20.036,3.8486,325
1765859367677,ETH,A,Close Long,2919.7,0.0065,0.007591,-0.325585,3.4486,325
1765859367677,ETH,A,Close Long,2919.7,3.272,3.821303,-163.89448,3.4421,325
1765859367677,ETH,A,Close Long,2919.7,0.1272,0.148554,-6.371448,0.1701,325
1765859367677,ETH,A,Close Long,2919.7,0.0429,0.050102,-2.148861,0.0429,325
1765899962583,BTC,A,Open Short,87487.0,0.01,0.104984,0.0,0.0,326
1765899963196,BTC,A,Open Short,87487.0,0.00305,0.03202,0.0,-0.01,326
1765899963196,BTC,A,Open Short,87487.0,0.02634,0.276528,0.0,-0.01305,326
1765899963196,BTC,A,Open Short,87487.0,0.03055,0.320727,0.0,-0.03939,326
1765899963196,BTC,A,Open Short,87487.0,0.24299,2.551015,0.0,-0.06994,326
1765899963196,BTC,A,Open Short,87487.0,2.29676,24.112397,0.0,-0.31293,326
1765899963196,BTC,A,Open Short,87487.0,1.96241,20.602243,0.0,-2.60969,326
1765919204778,BTC,B,Close Short,87487.0,0.00403,0.042308,0.0,-4.5721,327
1765919208103,BTC,B,Close Short,87487.0,0.22799,2.393539,0.0,-4.56807,327
1765919209011,BTC,B,Close Short,87487.0,0.06925,0.727016,0.0,-4.34008,327
1765919211004,BTC,B,Close Short,87487.0,0.0125,0.13123,0.0,-4.27083,327
1765919211447,BTC,B,Close Short,87487.0,0.00095,0.009973,0.0,-4.25833,327
1765919213072,BTC,B,Close Short,87487.0,0.00048,0.005039,0.0,-4.25738,327
1765919213370,BTC,B,Close Short,87487.0,0.26666,2.799514,0.0,-4.2569,327
1765919213370,BTC,B,Close Short,87487.0,0.4,4.199376,0.0,-3.99024,327
1765919213476,BTC,B,Close Short,87487.0,3.4907,36.646904,0.0,-3.59024,327
1765919213476,BTC,B,Close Short,87487.0,0.09953,1.044909,0.0,-0.09954,327
1765925031110,BTC,B,Close Short,87838.0,0.00001,0.000351,-0.00351,-0.00001,328
1765925667253,@151,B,Buy,2955.4,0.65,0.000194999,0.0,0.0,329
1765925667253,@151,B,Buy,2955.4,1.301,0.000390299,0.0,0.649805001,329
1765925672417,@151,B,Buy,2955.4,1.6666,0.000499979,0.0,1.950414702,329
1765925672417,@151,B,Buy,2955.4,0.2761,0.000082829,0.0,3.616514723,329
1765925673421,@151,B,Buy,2955.4,0.3549,0.000106469,0.0,3.892531894,329
1765925675024,@151,B,Buy,2955.4,0.2981,0.000089429,0.0,4.247325425,329
1765925676055,@151,B,Buy,2955.4,0.2663,0.000079889,0.0,4.545335996,329
1765925678066,@151,B,Buy,2955.4,0.2349,0.000070469,0.0,4.811556107,329
1765925678480,@151,B,Buy,2955.4,0.1938,0.000058139,0.0,5.046385638,329
1765925678531,@151,B,Buy,2955.4,0.099,0.0000297,0.0,5.240127499,329
1765925679280,@151,B,Buy,2955.4,0.099,0.0000297,0.0,5.339097799,329
1765925680156,@151,B,Buy,2955.4,0.4724,0.000141719,0.0,5.438068099,329
1765925680485,@151,B,Buy,2955.4,0.3373,0.000101189,0.0,5.91032638,329
1765925680685,@151,B,Buy,2955.4,1.6666,0.000499979,0.0,6.247525191,329
1765925681409,@151,B,Buy,2955.4,3.0073,0.000902189,0.0,7.913625212,329
1765925681493,@151,B,Buy,2955.4,0.0673,0.000020189,0.0,10.920023023,329
1765925681493,@151,B,Buy,2955.4,0.8049,0.000241469,0.0,10.987302834,329
1765925681692,@151,B,Buy,2955.4,0.0673,0.000020189,0.0,11.791961365,329
1765925682234,@151,B,Buy,2955.4,0.0673,0.000020189,0.0,11.859241176,329
1765925682436,@151,B,Buy,2955.4,0.0673,0.000020189,0.0,11.926520987,329
1765925682497,@151,B,Buy,2955.4,0.6381,0.000191429,0.0,11.993800798,329
1765925682842,@151,B,Buy,2955.4,0.008,0.000002399,0.0,12.631709369,329
1765925683033,@151,B,Buy,2955.4,0.0673,0.000020189,0.0,12.63970697,329
1765925683224,@151,B,Buy,2955.4,0.0673,0.000020189,0.0,12.706986781,329
1765925683712,@151,B,Buy,2955.4,0.5761,0.000172829,0.0,12.774266592,329
1765925683851,@151,B,Buy,2955.4,0.0673,0.000020189,0.0,13.350193763,329
1765925683903,@151,B,Buy,2955.4,0.0673,0.000020189,0.0,13.417473574,329
1765925684663,@151,B,Buy,2955.4,0.0673,0.000020189,0.0,13.484753385,329
1765925684822,@151,B,Buy,2955.4,0.0673,0.000020189,0.0,13.552033196,329
1765925684905,@151,B,Buy,2955.4,0.5095,0.000152849,0.0,13.619313007,329
1765925685403,@151,B,Buy,2955.4,0.0673,0.000020189,0.0,14.128660158,329
1765925685712,@151,B,Buy,2955.4,0.0673,0.000020189,0.0,14.195939969,329
1765925686363,@151,B,Buy,2955.4,0.0673,0.000020189,0.0,14.26321978,329
1765925686363,@151,B,Buy,2955.4,0.4513,0.000135389,0.0,14.330499591,329
1765925686557,@151,B,Buy,2955.4,0.0673,0.000020189,0.0,14.781664202,329
1765925687224,@151,B,Buy,2955.4,0.0673,0.000020189,0.0,14.848944013,329
1765925687480,@151,B,Buy,2955.4,0.0673,0.000020189,0.0,14.916223824,329
1765925687971,@151,B,Buy,2955.4,0.4151,0.000124529,0.0,14.983503635,329
1765925688095,@151,B,Buy,2955.4,0.0673,0.000020189,0.0,15.398479106,329
1765925688233,@151,B,Buy,2955.4,0.0673,0.000020189,0.0,15.465758917,329
1765925688930,@151,B,Buy,2955.4,0.0673,0.000020189,0.0,15.533038728,329
1765925688973,@151,B,Buy,2955.4,0.3649,0.000109469,0.0,15.600318539,329
1765925689109,@151,B,Buy,2955.4,0.0673,0.000020189,0.0,15.96510907,329
1765925689714,@151,B,Buy,2955.4,0.0673,0.000020189,0.0,16.032388881,329
1765925689846,@151,B,Buy,2955.4,0.0673,0.000020189,0.0,16.099668692,329
1765925689989,@151,B,Buy,2955.4,0.3265,0.000097949,0.0,16.166948503,329
1765925690590,@151,B,Buy,2955.4,0.0673,0.000020189,0.0,16.493350554,329
1765925690726,@151,B,Buy,2955.4,0.0673,0.000020189,0.0,16.560630365,329
1765925691463,@151,B,Buy,2955.4,0.0673,0.000020189,0.0,16.627910176,329
1765925691543,@151,B,Buy,2955.4,0.0673,0.000020189,0.0,16.695189987,329
1765925691597,@151,B,Buy,2955.4,0.289,0.000086699,0.0,16.762469798,329
1765925692877,@151,B,Buy,2955.4,0.4475,0.00013425,0.0,17.051383099,329
1765925694071,@151,B,Buy,2955.4,0.2661,0.000079829,0.0,17.498748849,329
1765925698525,@151,B,Buy,2955.4,0.2006,0.000060179,0.0,17.76476902,329
1765925702963,@151,B,Buy,2955.4,0.4855,0.000145649,0.0,17.965308841,329
1765925702963,@151,B,Buy,2955.4,0.0673,0.000020189,0.0,18.450663192,329
1765925703074,@151,B,Buy,2955.4,0.0673,0.000020189,0.0,18.517943003,329
1765925703931,@151,B,Buy,2955.4,0.271,0.000081299,0.0,18.585222814,329
1765925705137,@151,B,Buy,2955.4,0.2636,0.000079079,0.0,18.856141515,329
1765925706178,@151,B,Buy,2955.4,0.2415,0.000072449,0.0,19.119662436,329
1765925708155,@151,B,Buy,2955.4,0.3207,0.000096209,0.0,19.361089987,329
1765925709190,@151,B,Buy,2955.4,0.2088,0.000062639,0.0,19.681693778,329
1765925710375,@151,B,Buy,2955.4,0.2569,0.000077069,0.0,19.890431139,329
1765925710773,@151,B,Buy,2955.4,0.1709,0.000051269,0.0,20.14725407,329
1765925712785,@151,B,Buy,2955.4,0.2208,0.000066239,0.0,20.318102801,329
1765925712785,@151,B,Buy,2955.4,0.1687,0.000050609,0.0,20.538836562,329
1765925713992,@151,B,Buy,2955.4,0.2235,0.00006705,0.0,20.707485953,329
1765925717842,@151,B,Buy,2955.4,0.3864,0.000115919,0.0,20.930918903,329
1765925718853,@151,B,Buy,2955.4,0.2427,0.000072809,0.0,21.317202984,329
1765925720068,@151,B,Buy,2955.4,0.2727,0.000081809,0.0,21.559830175,329
1765925801528,@151,B,Buy,2955.4,2.503,0.000750899,0.0,21.832448366,329
1765925802845,@151,B,Buy,2955.4,2.5439,0.000763169,0.0,24.334697467,329
1765925814370,@151,B,Buy,2955.4,2.8048,0.000841439,0.0,26.877834298,329
1765925814482,@151,B,Buy,2955.4,2.8048,0.000841439,0.0,29.681792859,329
1765925814611,@151,B,Buy,2955.4,2.8048,0.000841439,0.0,32.48575142,329
1765925814611,@151,B,Buy,2955.4,0.195,0.0000585,0.0,35.289709981,329
1765925814881,@151,B,Buy,2955.4,0.0075,0.000002249,0.0,35.484651481,329
1765925819207,@151,B,Buy,2955.4,0.5013,0.000150389,0.0,35.492149232,329
1765925819207,@151,B,Buy,2955.4,2.8783,0.000863489,0.0,35.993298843,329
1765925819814,@151,B,Buy,2955.4,2.9809,0.000894269,0.0,38.870735354,329
1765925819814,@151,B,Buy,2955.4,0.1,0.00003,0.0,41.850741085,329
1765925819936,@151,B,Buy,2955.4,0.6128,0.000183839,0.0,41.950711085,329
1765925820484,@151,B,Buy,2955.4,0.4996,0.000149879,0.0,42.563327246,329
1765925820925,@151,B,Buy,2955.4,3.0076,0.000902279,0.0,43.062777367,329
1765925821022,@151,B,Buy,2955.4,2.9809,0.000894269,0.0,46.069475088,329
1765925821727,@151,B,Buy,2955.4,0.6515,0.000195449,0.0,49.049480819,329
1765925823033,@151,B,Buy,2955.4,0.868,0.0002604,0.0,49.70078537,329
1765925823693,@151,B,Buy,2955.4,0.452,0.0001356,0.0,50.56852497,329
1765925825099,@151,B,Buy,2955.4,0.4182,0.000125459,0.0,51.02038937,329
1765925826156,@151,B,Buy,2955.4,0.3074,0.000092219,0.0,51.438463911,329
1765925827935,@151,B,Buy,2955.4,0.2569,0.000077069,0.0,51.745771692,329
1765925829331,@151,B,Buy,2955.4,0.2305,0.00006915,0.0,52.002594623,329
1765925830335,@151,B,Buy,2955.4,0.2035,0.00006105,0.0,52.233025473,329
1765925831741,@151,B,Buy,2955.4,0.2405,0.000072149,0.0,52.436464423,329
1765925832967,@151,B,Buy,2955.4,0.2041,0.000061229,0.0,52.676892274,329
1765925836215,@151,B,Buy,2955.4,0.3937,0.000118109,0.0,52.880931045,329
1765925836215,@151,B,Buy,2955.4,0.0673,0.000020189,0.0,53.274512936,329
1765925836413,@151,B,Buy,2955.4,3.5371,0.001061129,0.0,53.341792747,329
1765925836413,@151,B,Buy,2955.4,0.3386,0.000101579,0.0,56.877831618,329
1765925836413,@151,B,Buy,2955.4,3.0079,0.000902369,0.0,57.216330039,329
1765925836413,@151,B,Buy,2955.4,0.0379,0.000011369,0.0,60.22332767,329
1765925836413,@151,B,Buy,2955.4,0.0673,0.000020189,0.0,60.261216301,329
1765925836413,@151,B,Buy,2955.4,1.3568,0.000407039,0.0,60.328496112,329
1765925836413,@151,B,Buy,2955.4,0.3387,0.000101609,0.0,61.684889073,329
1765925836413,@151,B,Buy,2955.4,0.6063,0.000181889,0.0,62.023487464,329
1765925836413,@151,B,Buy,2955.4,19.0463,0.005713889,0.0,62.629605575,329
1766065741919,@151,A,Sell,2962.0,7.67,6.81556199,43.81961053,81.670191686,330
1766065741919,@151,A,Sell,2962.0,7.67,6.81556199,43.81961053,74.000191686,330
1766065742001,@151,A,Sell,2962.0,7.67,6.81556199,43.81961054,66.330191686,330
1766065742001,@151,A,Sell,2962.0,0.15,0.13328999,0.85696762,58.660191686,330
1766065742001,@151,A,Sell,2962.0,7.67,6.81556199,43.81961054,58.510191686,330
1766065742001,@151,A,Sell,2962.0,1.7,1.51062,9.7122996,50.840191686,330
1766065742001,@151,A,Sell,2962.0,49.1401,43.66589286,280.74316082,49.140191686,330
1766066353589,@151,B,Buy,2963.7,5.9966,0.003597959,0.0,0.000091686,331
1766066353589,@151,B,Buy,2963.7,1.6871,0.001012259,0.0,5.993093727,331
1766066353589,@151,B,Buy,2964.0,0.5061,0.000303659,0.0,7.679181468,331
1766066353589,@151,B,Buy,2964.1,6.1642,0.003698519,0.0,8.184977809,331
1766066353589,@151,B,Buy,2964.1,0.378,0.0002268,0.0,14.34547929,331
1766066353589,@151,B,Buy,2964.1,2.8292,0.001697519,0.0,14.72325249,331
1766066353589,@151,B,Buy,2964.2,0.8436,0.000506159,0.0,17.550754971,331
1766066353589,@151,B,Buy,2964.3,16.8673,0.010120379,0.0,18.393848812,331
1766066353589,@151,B,Buy,2964.3,2.6485,0.001589099,0.0,35.251028433,331
1766066353589,@151,B,Buy,2964.4,16.8668,0.010120079,0.0,37.897939334,331
1766066353589,@151,B,Buy,2964.4,0.2901,0.000174059,0.0,54.754619255,331
1766066353589,@151,B,Buy,2964.5,0.9,0.00054,0.0,55.044545196,331
1766066353589,@151,B,Buy,2964.5,1.693,0.0010158,0.0,55.944005196,331
1766066353589,@151,B,Buy,2964.5,23.7462,0.014247719,0.0,57.635989396,331
1766066408347,@151,A,Sell,2968.0,8.3333,7.41997031,15.97604762,81.367941677,332
1766066409780,@151,A,Sell,2968.0,0.3955,0.3521532,0.75822626,73.034641677,332
1766066409780,@151,A,Sell,2968.0,0.4869,0.43353575,0.93345225,72.639141677,332
1766066409921,@151,A,Sell,2968.0,0.0179,0.01593815,0.03431669,72.152241677,332
1766066410888,@151,A,Sell,2968.0,0.9474,0.84356496,1.81629217,72.134341677,332
1766066413321,@151,A,Sell,2968.0,0.2465,0.21948359,0.47257338,71.186941677,332
1766066414331,@151,A,Sell,2968.0,0.3475,0.30941399,0.66620386,70.940441677,332
1766066417898,@151,A,Sell,2968.0,0.2778,0.24735311,0.53257966,70.592941677,332
1766066433402,@151,A,Sell,2968.0,0.3626,0.32285903,0.69515257,70.315141677,332
1766066434594,@151,A,Sell,2968.0,0.2635,0.23462039,0.50516465,69.952541677,332
1766066435704,@151,A,Sell,2968.0,0.6371,0.56727383,1.22140568,69.689041677,332
1766066435704,@151,A,Sell,2968.0,2.9946,2.66639183,5.74104763,69.051941677,332
1766066436923,@151,A,Sell,2968.0,0.8688,0.77357952,1.66560549,66.057341677,332
1766066437866,@151,A,Sell,2968.0,0.2877,0.25616807,0.55155928,65.188541677,332
1766066438103,@151,A,Sell,2968.0,0.3348,0.29810591,0.64185626,64.900841677,332
1766066440137,@151,A,Sell,2968.0,0.3158,0.28118831,0.60543073,64.566041677,332
1766066441167,@151,A,Sell,2968.0,0.3476,0.30950303,0.66639557,64.250241677,332
1766066446457,@151,A,Sell,2968.0,0.3869,0.34449576,0.74173891,63.902641677,332
1766066446609,@151,A,Sell,2968.0,0.2259,0.20114136,0.43308044,63.515741677,332
1766066448296,@151,A,Sell,2968.0,0.4653,0.41430312,0.89204217,63.289841677,332
1766066448296,@151,A,Sell,2968.0,0.3508,0.31235231,0.6725304,62.824541677,332
1766066449266,@151,A,Sell,2968.0,0.8161,0.72665544,1.56457256,62.473741677,332
1766066450755,@151,A,Sell,2968.0,0.6471,0.57617783,1.24057702,61.657641677,332
1766066451722,@151,A,Sell,2968.0,2.9943,2.66612471,5.7404725,61.010541677,332
1766066451924,@151,A,Sell,2968.0,0.7954,0.70822416,1.5248879,58.016241677,332
1766066454082,@151,A,Sell,2968.0,2.9946,2.66639183,5.74104764,57.220841677,332
1766066459088,@151,A,Sell,2968.0,2.9943,2.66612471,5.7404725,54.226241677,332
1766066459088,@151,A,Sell,2968.0,0.067,0.05965679,0.12844794,51.231941677,332
1766066459419,@151,A,Sell,2968.0,0.01,0.00890399,0.01917134,51.164941677,332
1766066459474,@151,A,Sell,2968.0,0.067,0.05965679,0.12844794,51.154941677,332
1766066459610,@151,A,Sell,2968.0,36.3506,32.36657423,69.6889488,51.087941677,332
1766066459610,@151,A,Sell,2968.0,2.6104,2.32430015,5.00448499,14.737341677,332
1766066459610,@151,A,Sell,2968.0,7.4452,6.62920608,14.27344148,12.126941677,332
1766066459610,@151,A,Sell,2968.0,4.5611,4.06120343,8.74423709,4.681741677,332
1766066459814,@151,A,Sell,2968.0,0.1206,0.10738223,0.2312063,0.120641677,332
1766074789766,@151,B,Buy,2942.0,0.0203,0.000006089,0.0,0.000041677,333
1766074791123,@151,B,Buy,2942.0,0.0178,0.000005339,0.0,0.020335588,333
1766074994489,@151,B,Buy,2942.0,1.6666,0.00049998,0.0,0.038130249,333
1766074994638,@151,B,Buy,2942.0,1.6666,0.00049998,0.0,1.704230269,333
1766074994638,@151,B,Buy,2942.0,0.4282,0.00012846,0.0,3.370330289,333
1766074994733,@151,B,Buy,2942.0,1.6666,0.00049998,0.0,3.798401829,333
1766074994733,@151,B,Buy,2942.0,0.4,0.00012,0.0,5.464501849,333
1766074994733,@151,B,Buy,2942.0,3.021,0.000906299,0.0,5.864381849,333
1766074994844,@151,B,Buy,2942.0,0.2426,0.000072779,0.0,8.88447555,333
1766074994935,@151,B,Buy,2942.0,0.0676,0.000020279,0.0,9.127002771,333
1766074994935,@151,B,Buy,2942.0,0.0676,0.000020279,0.0,9.194582492,333
1766074995126,@151,B,Buy,2942.0,0.163,0.000048899,0.0,9.262162213,333
1766074995126,@151,B,Buy,2942.0,0.2118,0.00006354,0.0,9.425113314,333
1766074995975,@151,B,Buy,2942.0,0.0676,0.000020279,0.0,9.636849774,333
1766074995975,@151,B,Buy,2942.0,0.0676,0.000020279,0.0,9.704429495,333
1766074999249,@151,B,Buy,2942.0,1.6666,0.00049998,0.0,9.772009216,333
1766075006034,@151,B,Buy,2942.0,0.5237,0.000157109,0.0,11.438109236,333
1766075006119,@151,B,Buy,2942.0,0.0676,0.000020279,0.0,11.961652127,333
1766075006194,@151,B,Buy,2942.0,0.0676,0.000020279,0.0,12.029231848,333
1766075006257,@151,B,Buy,2942.0,0.3707,0.000111209,0.0,12.096811569,333
1766075006489,@151,B,Buy,2942.0,0.963,0.0002889,0.0,12.46740036,333
1766075006641,@151,B,Buy,2942.0,3.6334,0.00109002,0.0,13.43011146,333
1766075006641,@151,B,Buy,2942.0,11.7692,0.003530759,0.0,17.06242144,333
1766075006761,@151,B,Buy,2942.0,34.4086,0.010322579,0.0,28.828090681,333
1766075006944,@151,B,Buy,2942.0,18.8988,0.005669639,0.0,63.226368102,333
1766127316947,@151,A,Sell,2945.0,0.4153,0.36691755,0.87924158,82.119498463,334
1766127316947,@151,A,Sell,2945.0,40.6444,35.90932739,86.04923226,81.704198463,334
1766152287430,@151,B,Buy,2960.6,1.6889,0.001013339,0.0,41.059798463,335
1766152287430,@151,B,Buy,2960.6,1.8108,0.001086479,0.0,42.747685124,335
1766152287430,@151,B,Buy,2960.7,1.8381,0.001102859,0.0,44.557398645,335
1766152287430,@151,B,Buy,2960.7,6.9151,0.004149059,0.0,46.394395786,335
1766152287430,@151,B,Buy,2960.8,0.343,0.000205799,0.0,53.305346727,335
1766152287430,@151,B,Buy,2960.8,1.795,0.001077,0.0,53.648140928,335
1766152287430,@151,B,Buy,2960.9,0.0405,0.000024299,0.0,55.442063928,335
1766152287430,@151,B,Buy,2960.9,0.0102,0.000006119,0.0,55.482539629,335
1766152287430,@151,B,Buy,2960.9,0.0104,0.000006239,0.0,55.49273351,335
1766152287430,@151,B,Buy,2960.9,0.0106,0.000006359,0.0,55.503127271,335
1766152287430,@151,B,Buy,2960.9,0.0098,0.000005879,0.0,55.513720912,335
1766152287430,@151,B,Buy,2960.9,0.0104,0.000006239,0.0,55.523515033,335
1766152287430,@151,B,Buy,2960.9,0.0099,0.000005939,0.0,55.533908794,335
1766152287430,@151,B,Buy,2960.9,0.0103,0.000006179,0.0,55.543802855,335
1766152287430,@151,B,Buy,2960.9,0.0101,0.000006059,0.0,55.554096676,335
1766152287430,@151,B,Buy,2960.9,0.0107,0.000006419,0.0,55.564190617,335
1766152287430,@151,B,Buy,2960.9,26.3042,0.015782519,0.0,55.574884198,335
1766325495812,@151,A,Sell,2949.2,6.1308,10.84857321,-21.53402178,81.863301679,336
1766325495812,@151,A,Sell,2949.2,1.6952,2.9996903,-5.95427574,75.732501679,336
1766325495812,@151,A,Sell,2949.2,0.1356,0.23994691,-0.47628586,74.037301679,336
1766325495812,@151,A,Sell,2949.2,6.1043,10.80168093,-21.44094231,73.901701679,336
1766325495812,@151,A,Sell,2949.1,2.7338,4.83734974,-9.87566824,67.797401679,336
1766325495812,@151,A,Sell,2949.1,1.6809,2.97428531,-6.07213795,65.063601679,336
1766325495812,@151,A,Sell,2949.0,0.294,0.52020359,-1.09145518,63.382701679,336
1766325495812,@151,A,Sell,2949.0,1.6947,2.99860218,-6.29145952,63.088701679,336
1766325495812,@151,A,Sell,2948.9,1.6569,2.93161944,-6.31681957,61.394001679,336
1766325495812,@151,A,Sell,2948.8,0.8476,1.49964172,-3.31617787,59.737101679,336
1766325495812,@151,A,Sell,2948.8,1.0132,1.79263449,-3.9640767,58.889501679,336
1766325495812,@151,A,Sell,2948.8,1.6581,2.93364316,-6.48720449,57.876301679,336
1766325495812,@151,A,Sell,2948.8,6.0,10.61567999,-23.47459559,56.218201679,336
1766325495812,@151,A,Sell,2948.8,9.2851,16.42794172,-36.32732791,50.218201679,336
1766358012672,@151,B,Buy,3000.0,3.5,0.0021,0.0,40.933101679,337
1766358012672,@151,B,Buy,3000.0,0.1,0.00006,0.0,44.431001679,337
1766358012672,@151,B,Buy,3000.0,0.0338,0.000020279,0.0,44.530941679,337
1766358012672,@151,B,Buy,3000.9,1.5848,0.000950879,0.0,44.5647214,337
1766358012672,@151,B,Buy,3001.3,0.317,0.000190199,0.0,46.148570521,337
1766358012672,@151,B,Buy,3002.6,0.9832,0.000589919,0.0,46.465380322,337
1766358012672,@151,B,Buy,3004.2,6.2871,0.003772259,0.0,47.447990403,337
1766358012672,@151,B,Buy,3004.5,13.3163,0.00798978,0.0,53.731318144,337
1766358012672,@151,B,Buy,3006.3,2.669,0.001601399,0.0,67.039628364,337
1766358012672,@151,B,Buy,3006.7,6.6796,0.004007759,0.0,69.707026965,337
1766358012672,@151,B,Buy,3008.0,0.0334,0.000020039,0.0,76.382619206,337
1766358012672,@151,B,Buy,3010.8,0.266,0.000159599,0.0,76.415999167,337
1766358012672,@151,B,Buy,3010.9,4.3721,0.002623259,0.0,76.681839568,337
1766432604356,@151,A,Sell,2988.1,1.9803,3.55040065,16.99957227,81.051316309,338
1766432604356,@151,A,Sell,2987.9,0.9,1.613466,7.54590771,79.071016309,338
1766432604356,@151,A,Sell,2987.9,1.8744,3.36031185,15.71561046,78.171016309,338
1766432604356,@151,A,Sell,2987.8,1.6734,2.99987071,13.86301774,76.296616309,338
1766432604356,@151,A,Sell,2987.8,1.6604,2.97656587,13.75532129,74.623216309,338
1766432604356,@151,A,Sell,2987.8,0.1338,0.23986058,1.10844495,72.962816309,338
1766432604356,@151,A,Sell,2987.8,2.0803,3.7293122,17.23391646,72.829016309,338
1766432604356,@151,A,Sell,2987.8,2.9747,5.33268519,24.64343185,70.748716309,338
1766432604356,@151,A,Sell,2987.7,0.605,1.08453509,4.95152685,67.774016309,338
1766432604356,@151,A,Sell,2987.7,1.6403,2.94043458,13.42477602,67.169016309,338
1766432604356,@151,A,Sell,2987.6,1.6948,3.03803068,13.70134266,65.528716309,338
1766432604356,@151,A,Sell,2987.6,16.7358,29.99992564,135.29792916,63.833916309,338
1766432604356,@151,A,Sell,2987.6,16.3554,29.31803582,132.22264551,47.098116309,338
1766432604356,@151,A,Sell,2987.5,1.6531,2.96318175,13.1989156,30.742716309,338
1766432604356,@151,A,Sell,2987.5,16.7364,29.99999699,133.62913978,29.089616309,338
1766432604356,@151,A,Sell,2987.5,0.9369,1.67939325,7.48052993,12.353216309,338
1766432604356,@151,A,Sell,2987.4,1.6663,2.98674277,13.13767891,11.416316309,338
1766432604356,@151,A,Sell,2987.4,0.6696,1.20021782,5.27935534,9.750016309,338
1766432604356,@151,A,Sell,2987.4,1.0745,1.92597677,8.47172538,9.080416309,338
1766432604356,@151,A,Sell,2987.3,6.6546,11.92757194,51.80168163,8.005916309,338
1766432604356,@151,A,Sell,2987.3,0.05,0.089619,0.3892171,1.351316309,338
1766432604356,@151,A,Sell,2987.3,1.3013,2.33242409,10.12976414,1.301316309,338
1766448000002,@151,A,Spot Dust Conversion,3008.4,0.000016309,0.0,0.0,0.000016309,339
1766525416014,@151,B,Buy,2970.2,0.0202,0.000006059,0.0,0.0,340
1766525416633,@151,B,Buy,2970.2,0.2229,0.000066869,0.0,0.020193941,340
1766525416827,@151,B,Buy,2970.2,0.0164,0.000004919,0.0,0.243027072,340
1766525835837,@151,B,Buy,2970.2,5.5324,0.001659719,0.0,0.259422153,340
1766525837270,@151,B,Buy,2970.2,0.2432,0.000072959,0.0,5.790162434,340
1766525837411,@151,B,Buy,2970.2,5.2773,0.001583189,0.0,6.033289475,340
1766525837851,@151,B,Buy,2970.2,0.2765,0.000082949,0.0,11.309006286,340
1766525838868,@151,B,Buy,2970.2,0.4001,0.000120029,0.0,11.585423337,340
1766525840660,@151,B,Buy,2970.2,0.332,0.000099599,0.0,11.985403308,340
1766525842475,@151,B,Buy,2970.2,0.4604,0.000138119,0.0,12.317303709,340
1766525976734,@151,B,Buy,2970.2,0.4207,0.000126209,0.0,12.77756559,340
1766525977895,@151,B,Buy,2970.2,0.3103,0.000093089,0.0,13.198139381,340
1766525981514,@151,B,Buy,2970.2,0.3067,0.000092009,0.0,13.508346292,340
1766525982733,@151,B,Buy,2970.2,0.2262,0.000067859,0.0,13.814954283,340
1766525984128,@151,B,Buy,2970.2,0.2658,0.000079739,0.0,14.041086424,340
1766525984731,@151,B,Buy,2970.2,0.1502,0.000045059,0.0,14.306806685,340
1766525985441,@151,B,Buy,2970.2,1.6666,0.000499979,0.0,14.456961626,340
1766525986331,@151,B,Buy,2970.2,0.5545,0.000166349,0.0,16.123061647,340
1766525988141,@151,B,Buy,2970.2,0.4284,0.000128519,0.0,16.677395298,340
1766525989163,@151,B,Buy,2970.2,0.3915,0.00011745,0.0,17.105666779,340
1766525989472,@151,B,Buy,2970.2,2.9923,0.000897689,0.0,17.497049329,340
1766525989777,@151,B,Buy,2970.2,0.2123,0.000063689,0.0,20.48845164,340
1766525989879,@151,B,Buy,2970.2,0.337,0.000101099,0.0,20.700687951,340
1766525989968,@151,B,Buy,2970.2,0.043,0.000012899,0.0,21.037586852,340
1766525989968,@151,B,Buy,2970.2,0.3962,0.000118859,0.0,21.080573953,340
1766525990028,@151,B,Buy,2970.2,0.337,0.000101099,0.0,21.476655094,340
1766525990028,@151,B,Buy,2970.2,0.043,0.000012899,0.0,21.813553995,340
1766525990097,@151,B,Buy,2970.2,59.5783,0.017873489,0.0,21.856541096,340
1768898274248,@151,A,Sell,3086.3,0.324,0.69997284,37.32761025,81.416967607,341
1768898274248,@151,A,Sell,3085.9,0.6482,1.40019626,74.41898222,81.092967607,341
1768898274248,@151,A,Sell,3085.8,0.9,1.944054,103.23780623,80.444767607,341
1768898274248,@151,A,Sell,3085.7,0.8156,1.76168784,93.47483418,79.544767607,341
1768898274248,@151,A,Sell,3085.4,1.2967,2.80058672,148.22405705,78.729167607,341
1768898274248,@151,A,Sell,3085.3,6.2375,13.47119112,712.37660151,77.432467607,341
1768898274248,@151,A,Sell,3085.3,1.061,2.29145231,121.17540268,71.194967607,341
1768898274248,@151,A,Sell,3084.6,4.6156,9.96609583,523.91063382,70.133967607,341
1768898274248,@151,A,Sell,3084.4,0.9565,2.06516002,108.37974629,65.518367607,341
1768898274248,@151,A,Sell,3084.2,4.8645,10.50216363,550.21714267,64.561867607,341
1768898274248,@151,A,Sell,3083.7,12.9744,28.00641009,1461.0299746,59.697367607,341
1768898274248,@151,A,Sell,3083.6,2.8823,6.22150219,324.28374989,46.722967607,341
1768898274248,@151,A,Sell,3083.2,0.0162,0.03496348,1.81616052,43.840667607,341
1768898274248,@151,A,Sell,3082.9,0.0589,0.12710796,6.58553088,43.824467607,341
1768898274248,@151,A,Sell,3082.8,6.1268,13.22138932,684.41670134,43.765567607,341
1768898274248,@151,A,Sell,3082.2,0.6488,1.39981195,72.08730743,37.638767607,341
1768898274248,@151,A,Sell,3082.0,1.5953,3.44170022,176.93260698,36.989967607,341
1768898274248,@151,A,Sell,3081.5,1.0,2.15705,110.40867359,35.394667607,341
1768898274248,@151,A,Sell,3081.5,10.0,21.5705,1104.08673589,34.394667607,341
1768898274248,@151,A,Sell,3081.3,0.0266,0.0573738,2.93155072,24.394667607,341
1768898274248,@151,A,Sell,3081.3,12.9845,28.00639789,1431.00452223,24.368067607,341
1768898274248,@151,A,Sell,3080.9,6.1306,13.22143587,673.19305432,11.383567607,341
1768898274248,@151,A,Sell,3080.7,0.1127,0.24303642,12.35289752,5.252967607,341
1768898274248,@151,A,Sell,3080.7,5.1402,11.08478989,563.410504,5.140267607,341
1768953600063,@151,A,Spot Dust Conversion,2936.4,0.000067607,0.0,0.0,0.000067607,342
1769013428256,@151,B,Buy,2933.0,1.6666,0.00066664,0.0,0.0,343
1769013428365,@151,B,Buy,2933.0,1.6666,0.00066664,0.0,1.66593336,343
1769013428365,@151,B,Buy,2933.0,1.6666,0.00066664,0.0,3.33186672,343
1769013428365,@151,B,Buy,2933.0,1.6666,0.00066664,0.0,4.99780008,343
1769013428365,@151,B,Buy,2933.0,1.6666,0.00066664,0.0,6.66373344,343
1769013428450,@151,B,Buy,2933.0,0.284,0.0001136,0.0,8.3296668,343
1769013428450,@151,B,Buy,2933.0,0.5523,0.00022092,0.0,8.6135532,343
1769013428530,@151,B,Buy,2933.0,1.6666,0.00066664,0.0,9.16563228,343
1769013428530,@151,B,Buy,2933.0,1.6666,0.00066664,0.0,10.83156564,343
1769013428580,@151,B,Buy,2933.0,0.0678,0.00002712,0.0,12.497499,343
1769013428749,@151,B,Buy,2933.0,0.88,0.000352,0.0,12.56527188,343
1769013429069,@151,B,Buy,2933.0,0.0678,0.00002712,0.0,13.44491988,343
1769013429344,@151,B,Buy,2933.0,1.0,0.0004,0.0,13.51269276,343
1769013429476,@151,B,Buy,2933.0,0.0204,0.00000816,0.0,14.51229276,343
1769013429685,@151,B,Buy,2933.0,1.0,0.0004,0.0,14.5326846,343
1769013429685,@151,B,Buy,2933.0,1.067,0.0004268,0.0,15.5322846,343
1769013429779,@151,B,Buy,2933.0,0.0678,0.00002712,0.0,16.5988578,343
1769013430166,@151,B,Buy,2933.0,0.0678,0.00002712,0.0,16.66663068,343
1769013430861,@151,B,Buy,2933.0,1.0,0.0004,0.0,16.73440356,343
1769013430919,@151,B,Buy,2933.0,2.3866,0.00095464,0.0,17.73400356,343
1769013430989,@151,B,Buy,2933.0,2.3866,0.00095464,0.0,20.11964892,343
1769013431499,@151,B,Buy,2933.0,0.0678,0.00002712,0.0,22.50529428,343
1769013431499,@151,B,Buy,2933.0,0.0678,0.00002712,0.0,22.57306716,343
1769013431644,@151,B,Buy,2933.0,1.0,0.0004,0.0,22.64084004,343
1769013431644,@151,B,Buy,2933.0,2.3866,0.00095464,0.0,23.64044004,343
1769013431785,@151,B,Buy,2933.0,2.3866,0.00095464,0.0,26.0260854,343
1769013431850,@151,B,Buy,2933.0,2.3866,0.00095464,0.0,28.41173076,343
1769013431850,@151,B,Buy,2933.0,1.022,0.0004088,0.0,30.79737612,343
1769013431850,@151,B,Buy,2933.0,37.4928,0.01499712,0.0,31.81896732,343
1769013431907,@151,B,Buy,2933.0,3.1821,0.00127284,0.0,69.2967702,343
1769013431907,@151,B,Buy,2933.0,1.4904,0.00059616,0.0,72.47759736,343
1769013431907,@151,B,Buy,2933.0,0.0039,0.00000156,0.0,73.9674012,343
1769013431907,@151,B,Buy,2933.0,11.5153,0.00460612,0.0,73.97129964,343
1769023477866,@151,A,Sell,2935.0,2.0315,2.384981,1.67869048,85.48199352,344
1769023507653,@151,A,Sell,2935.0,3.7474,4.3994476,3.09659104,83.45049352,344
1769023581053,@151,A,Sell,2935.0,0.0234,0.0274716,0.01933614,79.70309352,344
1769023658312,@151,A,Sell,2935.0,2.0962,2.4609388,1.73215407,79.67969352,344
1769023658372,@151,A,Sell,2935.0,2.0962,2.4609388,1.73215407,77.58349352,344
1769023659041,@151,A,Sell,2935.0,2.0962,2.4609388,1.73215407,75.48729352,344
1769023659041,@151,A,Sell,2935.0,0.2755,0.323437,0.22765407,73.39109352,344
1769023659371,@151,A,Sell,2935.0,34.8979,40.9701346,28.8372003,73.11559352,344
1769023659371,@151,A,Sell,2935.0,0.0677,0.0794798,0.05594258,38.21769352,344
1769023659371,@151,A,Sell,2935.0,6.3397,7.4428078,5.23868768,38.14999352,344
1769023659454,@151,A,Sell,2935.0,2.0962,2.4609388,1.73215407,31.81029352,344
1769023659454,@151,A,Sell,2935.0,2.0962,2.4609388,1.73215407,29.71409352,344
1769023659454,@151,A,Sell,2935.0,19.0707,22.3890018,15.75870171,27.61789352,344
1769023659454,@151,A,Sell,2935.0,2.0962,2.4609388,1.73215407,8.54719352,344
1769023659454,@151,A,Sell,2935.0,0.2289,0.2687286,0.18914706,6.45099352,344
1769023659454,@151,A,Sell,2935.0,2.0962,2.4609388,1.73215407,6.22209352,344
1769023659454,@151,A,Sell,2935.0,4.1258,4.8436892,3.40927454,4.12589352,344
1769040000068,@151,A,Spot Dust Conversion,2980.1,0.00009352,0.0,0.0,0.00009352,345
1769095457794,@151,B,Buy,2926.0,2.0013,0.00080052,0.0,0.0,346
1769095457937,@151,B,Buy,2926.0,29.6082,0.01184328,0.0,2.00049948,346
1769095457937,@151,B,Buy,2926.0,54.1011,0.02164044,0.0,31.5968562,346
1769113132761,@151,A,Sell,2949.3,1.2965,2.67663721,28.69041919,85.67631576,347
1769113132761,@151,A,Sell,2949.3,1.3376,2.76148857,29.5999265,84.37981576,347
1769113132761,@151,A,Sell,2949.2,1.3468,2.78038779,29.66883452,83.04221576,347
1769113132761,@151,A,Sell,2948.9,0.9,1.857807,19.55621849,81.69541576,347
1769113132761,@151,A,Sell,2948.9,2.7297,5.63472863,59.31401068,80.79541576,347
1769113132761,@151,A,Sell,2948.7,1.7369,3.58511792,37.39394877,78.06571576,347
1769113132761,@151,A,Sell,2948.7,1.0791,2.22735951,23.23208597,76.32881576,347
1769113132761,@151,A,Sell,2948.6,1.6992,3.50718278,36.41238051,75.24971576,347
1769113132761,@151,A,Sell,2948.6,0.9312,1.92201542,19.9548074,73.55051576,347
1769113132761,@151,A,Sell,2948.5,1.6824,3.47238948,35.8841311,72.61931576,347
1769113132761,@151,A,Sell,2948.5,1.4678,3.02946581,31.30689945,70.93691576,347
1769113132761,@151,A,Sell,2948.4,1.6614,3.42893023,35.27007933,69.46911576,347
1769113132761,@151,A,Sell,2948.3,1.6541,3.41374812,34.94969667,67.80771576,347
1769113132761,@151,A,Sell,2948.3,3.0146,6.22156162,63.69588029,66.15361576,347
1769113132761,@151,A,Sell,2948.2,1.3293,2.74332958,27.95402471,63.13901576,347
1769113132761,@151,A,Sell,2948.2,16.4238,33.89445301,345.37825246,61.80971576,347
1769113132761,@151,A,Sell,2948.1,16.6961,34.45524068,349.43487501,45.38591576,347
1769113132761,@151,A,Sell,2947.6,1.4672,3.0273031,29.97362197,28.68981576,347
1769113132761,@151,A,Sell,2947.2,20.3482,41.97915052,407.55677673,27.22261576,347
1769113132761,@151,A,Sell,2947.1,6.409,13.22157473,127.72580479,6.87441576,347
1769113132761,@151,A,Sell,2947.1,0.4566,0.9419521,9.09964152,0.46541576,347
1769141803555,@151,B,Buy,2970.8,1.2945,0.00090615,0.0,0.00881576,348
1769141803555,@151,B,Buy,2970.9,8.4174,0.005892179,0.0,1.30240961,348
1769141803555,@151,B,Buy,2970.9,5.0066,0.003504619,0.0,9.713917431,348
1769141803555,@151,B,Buy,2970.9,5.0066,0.003504619,0.0,14.717012812,348
1769141803555,@151,B,Buy,2970.9,1.3036,0.000912519,0.0,19.720108193,348
1769141931443,@151,B,Buy,2969.9,1.4432,0.000577279,0.0,21.022795674,349
1769141931542,@151,B,Buy,2969.9,1.4432,0.000577279,0.0,22.465418395,349
1769141931542,@151,B,Buy,2969.9,1.4432,0.000577279,0.0,23.908041116,349
1769141931682,@151,B,Buy,2969.9,0.6134,0.000245359,0.0,25.350663837,349
1769141932665,@151,B,Buy,2969.9,1.0,0.0004,0.0,25.963818478,349
1769141932665,@151,B,Buy,2969.9,0.5781,0.000231239,0.0,26.963418478,349
1769141934498,@151,B,Buy,2969.9,0.2539,0.000101559,0.0,27.541287239,349
1769141935446,@151,B,Buy,2969.9,0.1625,0.000065,0.0,27.79508568,349
1769141936154,@151,B,Buy,2969.9,0.067,0.0000268,0.0,27.95752068,349
1769141936154,@151,B,Buy,2969.9,0.2751,0.000110039,0.0,28.02449388,349
1769141936260,@151,B,Buy,2969.9,2.8764,0.001150559,0.0,28.299483841,349
1769141936566,@151,B,Buy,2969.9,2.8764,0.001150559,0.0,31.174733282,349
1769141936665,@151,B,Buy,2969.9,2.9926,0.001197039,0.0,34.049982723,349
1769141936714,@151,B,Buy,2969.9,0.067,0.0000268,0.0,37.041385684,349
1769141937112,@151,B,Buy,2969.9,0.067,0.0000268,0.0,37.108358884,349
1769141937857,@151,B,Buy,2969.9,0.749,0.0002996,0.0,37.175332084,349
1769141937993,@151,B,Buy,2969.9,2.9577,0.001183079,0.0,37.924032484,349
1769141937993,@151,B,Buy,2969.9,2.595,0.001038,0.0,40.880549405,349
1769141938127,@151,B,Buy,2969.9,38.8936,0.015557439,0.0,43.474511405,349
1769141938127,@151,B,Buy,2969.9,0.067,0.0000268,0.0,82.352553966,349
1769141938127,@151,B,Buy,2969.9,2.5184,0.001007359,0.0,82.419527166,349
1769156250914,@151,A,Sell,2943.1,0.9779,2.01464024,-27.821849,84.936919807,350
1769156250914,@151,A,Sell,2942.9,0.9,1.854027,-25.78554668,83.959019807,350
1769156250914,@151,A,Sell,2942.9,0.9684,1.99493305,-27.74524823,83.059019807,350
1769156250914,@151,A,Sell,2942.9,0.9392,1.93478017,-26.90865049,82.090619807,350
1769156252576,@151,A,Sell,2942.9,1.8042,2.12383207,-51.69142592,81.151419807,350
1769156252741,@151,A,Sell,2942.9,1.8042,2.12383207,-51.69142592,79.347219807,350
1769156253517,@151,A,Sell,2942.9,1.8042,2.12383207,-51.69142592,77.543019807,350
1769156253763,@151,A,Sell,2942.9,1.8042,2.12383207,-51.69142592,75.738819807,350
1769156254072,@151,A,Sell,2942.9,0.0203,0.02389634,-0.58160733,73.934619807,350
1769156254835,@151,A,Sell,2942.9,2.6605,3.13183418,-76.22494107,73.914319807,350
1769156255037,@151,A,Sell,2942.9,0.0201,0.02366091,-0.5758772,71.253819807,350
1769156255134,@151,A,Sell,2942.9,2.6605,3.13183418,-76.22494107,71.233719807,350
1769156255387,@151,A,Sell,2942.9,2.6605,3.13183418,-76.22494106,68.573219807,350
1769156258056,@151,A,Sell,2942.9,0.3571,0.42036383,-10.23113191,65.912719807,350
1769156962536,@151,A,Sell,2935.1,0.9,1.849113,-32.80554668,65.555619807,351
1769156962536,@151,A,Sell,2935.1,0.8575,1.76179377,-31.25639587,64.655619807,351
1769156962536,@151,A,Sell,2935.0,0.7919,1.62695855,-28.94442602,63.798119807,351
1769156962536,@151,A,Sell,2934.9,1.7258,3.54553529,-63.2516183,63.006219807,351
1769156962536,@151,A,Sell,2934.8,1.6716,3.43406817,-61.43231538,61.280419807,351
1769156962536,@151,A,Sell,2934.8,2.6689,5.4828814,-98.08369617,59.608819807,351
1769156962536,@151,A,Sell,2934.7,1.7446,3.58391433,-64.28956972,56.939919807,351
1769156962536,@151,A,Sell,2934.7,0.206,0.42318374,-7.59122513,55.195319807,351
1769156962536,@151,A,Sell,2934.7,3.0285,6.22141726,-111.6020646,54.989319807,351
1769156962536,@151,A,Sell,2934.6,1.7138,3.52052223,-63.32595101,51.960819807,351
1769156962536,@151,A,Sell,2934.5,1.6838,3.45877777,-62.38581278,50.247019807,351
1769156962536,@151,A,Sell,2934.5,18.9716,38.97051214,-702.9093039,48.563219807,351
1769156962536,@151,A,Sell,2934.5,1.2983,2.66690294,-48.10280362,29.591619807,351
1769156962536,@151,A,Sell,2934.4,1.3293,2.73048854,-49.38430245,28.293319807,351
1769156962536,@151,A,Sell,2934.4,1.6763,3.4432543,-62.27556323,26.964019807,351
1769156962536,@151,A,Sell,2934.4,6.6774,13.71591379,-248.06946604,25.287719807,351
1769156962536,@151,A,Sell,2934.3,0.859,1.76439459,-31.99827178,18.610319807,351
1769156962536,@151,A,Sell,2934.1,17.431,35.80100797,-652.80153807,17.751319807,351
1769156962536,@151,A,Sell,2934.0,0.3136,0.64407168,-11.77587048,0.320319807,351
1769156977113,@151,A,Sell,2933.7,0.0067,0.01375905,-0.25359906,0.006719807,352
1769212800017,@151,A,Spot Dust Conversion,2953.1,0.000019807,0.0,0.0,0.000019807,353
1769219242599,@151,B,Buy,2951.1,0.0203,0.000008119,0.0,0.0,354
1769219243806,@151,B,Buy,2951.1,0.02,0.000008,0.0,0.020291881,354
1769219282164,@151,B,Buy,2951.1,0.2081,0.000083239,0.0,0.040283881,354
1769219284055,@151,B,Buy,2951.1,0.2244,0.000089759,0.0,0.248300642,354
1769219284980,@151,B,Buy,2951.1,0.2775,0.000111,0.0,0.472610883,354
1769219286427,@151,B,Buy,2951.1,0.2495,0.0000998,0.0,0.749999883,354
1769219287484,@151,B,Buy,2951.1,0.218,0.0000872,0.0,0.999400083,354
1769219289307,@151,B,Buy,2951.1,0.2142,0.000085679,0.0,1.217312883,354
1769219295938,@151,B,Buy,2951.1,0.3506,0.000140239,0.0,1.431427204,354
1769219297173,@151,B,Buy,2951.1,0.3242,0.000129679,0.0,1.781886965,354
1769219298907,@151,B,Buy,2951.1,0.282,0.0001128,0.0,2.105957286,354
1769219299149,@151,B,Buy,2951.1,0.2031,0.000081239,0.0,2.387844486,354
1769219300362,@151,B,Buy,2951.1,0.5405,0.0002162,0.0,2.590863247,354
1769219301622,@151,B,Buy,2951.1,0.4716,0.000188639,0.0,3.131147047,354
1769219303017,@151,B,Buy,2951.1,0.6992,0.000279679,0.0,3.602558408,354
1769219304176,@151,B,Buy,2951.1,0.7401,0.000296039,0.0,4.301478729,354
1769219305390,@151,B,Buy,2951.1,0.5526,0.000221039,0.0,5.04128269,354
1769219307237,@151,B,Buy,2951.1,0.4971,0.000198839,0.0,5.593661651,354
1769219308641,@151,B,Buy,2951.1,0.4294,0.000171759,0.0,6.090562812,354
1769219309880,@151,B,Buy,2951.1,0.3728,0.000149119,0.0,6.519791053,354
1769219312159,@151,B,Buy,2951.1,0.3385,0.0001354,0.0,6.892441934,354
1769219313560,@151,B,Buy,2951.1,0.4179,0.000167159,0.0,7.230806534,354
1769219314766,@151,B,Buy,2951.1,0.554,0.0002216,0.0,7.648539375,354
1769219316590,@151,B,Buy,2951.1,0.481,0.0001924,0.0,8.202317775,354
1769219317963,@151,B,Buy,2951.1,0.3852,0.000154079,0.0,8.683125375,354
1769219320626,@151,B,Buy,2951.1,0.3321,0.000132839,0.0,9.068171296,354
1769219321633,@151,B,Buy,2951.1,0.3929,0.000157159,0.0,9.400138457,354
1769219323399,@151,B,Buy,2951.1,0.3415,0.0001366,0.0,9.792881298,354
1769219325021,@151,B,Buy,2951.1,0.3325,0.000133,0.0,10.134244698,354
1769219326018,@151,B,Buy,2951.1,0.3325,0.000133,0.0,10.466611698,354
1769219326345,@151,B,Buy,2951.1,0.0059,0.000002359,0.0,10.798978698,354
1769219327064,@151,B,Buy,2951.1,0.2354,0.000094159,0.0,10.804876339,354
1769219327951,@151,B,Buy,2951.1,0.0059,0.000002359,0.0,11.04018218,354
1769219328248,@151,B,Buy,2951.1,0.2043,0.000081719,0.0,11.046079821,354
1769219331008,@151,B,Buy,2951.1,0.0059,0.000002359,0.0,11.250298102,354
1769219338918,@151,B,Buy,2951.1,0.2044,0.000081759,0.0,11.256195743,354
1769219342544,@151,B,Buy,2951.1,0.237,0.0000948,0.0,11.460513984,354
1769219350427,@151,B,Buy,2951.1,0.2041,0.000081639,0.0,11.697419184,354
1769219473800,@151,B,Buy,2951.1,6.0,0.0024,0.0,11.901437545,354
1769219477135,@151,B,Buy,2951.1,2.2061,0.000882439,0.0,17.899037545,354
1769219477337,@151,B,Buy,2951.1,2.2061,0.000882439,0.0,20.104255106,354
1769219497891,@151,B,Buy,2951.1,0.332,0.0001328,0.0,22.309472667,354
1769219511710,@151,B,Buy,2951.1,0.3315,0.0001326,0.0,22.641339867,354
1769253982022,@151,B,Buy,2960.3,0.7586,0.000531019,0.0,22.972707267,355
1769254142926,@151,B,Buy,2960.3,0.1149,0.000045959,0.0,23.730776248,355
1769254144535,@151,B,Buy,2960.3,0.8974,0.000358959,0.0,23.845630289,355
1769254146342,@151,B,Buy,2960.3,1.1518,0.000460719,0.0,24.74267133,355
1769254148361,@151,B,Buy,2960.3,0.3562,0.000142479,0.0,25.894010611,355
1769254149967,@151,B,Buy,2960.3,0.0394,0.000015759,0.0,26.250068132,355
1769254169375,@151,B,Buy,2960.3,0.0057,0.000002279,0.0,26.289452373,355
1769254192644,@151,B,Buy,2960.3,0.0037,0.000001479,0.0,26.295150094,355
1769254307445,@151,B,Buy,2960.3,23.1826,0.009273039,0.0,26.298848615,355
1769254307445,@151,B,Buy,2960.3,34.7645,0.0139058,0.0,49.472175576,355
1769254559064,@151,B,Buy,2960.3,0.0001,0.000000039,0.0,84.222769776,355
1769371188181,@151,A,Sell,2810.5,3.9669,7.80428071,-589.01400033,84.222869737,356
1769371188181,@151,A,Sell,2810.1,4.0241,7.91568638,-599.11682161,80.255969737,356
1769371188181,@151,A,Sell,2810.1,0.9,1.770363,-133.99397118,76.231869737,356
1769371188181,@151,A,Sell,2810.0,8.8994,17.5051198,-1325.85210353,75.331869737,356
1769371188181,@151,A,Sell,2810.0,0.1423,0.2799041,-21.20016566,66.432469737,356
1769371188181,@151,A,Sell,2810.0,4.2917,8.4417739,-639.38686571,66.290169737,356
1769371188181,@151,A,Sell,2809.9,0.9754,1.91854352,-145.41476832,61.998469737,356
1769371188181,@151,A,Sell,2809.9,0.9007,1.77161385,-134.27832872,61.023069737,356
1769371188181,@151,A,Sell,2809.9,0.9099,1.7897096,-135.64988486,60.122369737,356
1769371188181,@151,A,Sell,2809.8,14.0487,27.63182608,-2095.81583556,59.212469737,356
1769371188181,@151,A,Sell,2809.7,8.9004,17.50521771,-1328.67120572,45.163769737,356
1769371188181,@151,A,Sell,2809.7,1.046,2.05726234,-156.14917095,36.263369737,356
1769371188181,@151,A,Sell,2809.7,1.7795,3.4999028,-265.64765747,35.217369737,356
1769371188181,@151,A,Sell,2809.6,21.3478,41.98514521,-3188.9811201,33.437869737,356
1769371188181,@151,A,Sell,2809.6,1.7494,3.44057996,-261.32920354,12.090069737,356
1769371188181,@151,A,Sell,2809.5,1.7791,3.49886701,-265.94376459,10.340669737,356
1769371188181,@151,A,Sell,2809.5,4.2618,8.38146897,-637.06319822,8.561569737,356
1769371188181,@151,A,Sell,2809.4,4.2997,8.45570402,-643.15854321,4.299769737,356
1769385600127,@151,A,Spot Dust Conversion,2814.3,0.000069737,0.0,0.0,0.000069737,357
1769523475807,@151,B,Buy,2935.2,5.8333,0.002333319,0.0,0.0,358
1769523476849,@151,B,Buy,2935.2,5.8333,0.002333319,0.0,5.830966681,358
1769523477332,@151,B,Buy,2935.2,5.8333,0.002333319,0.0,11.661933362,358
1769523477332,@151,B,Buy,2935.2,2.1361,0.000854439,0.0,17.492900043,358
1769523477395,@151,B,Buy,2935.2,0.0677,0.000027079,0.0,19.628145604,358
1769523477456,@151,B,Buy,2935.2,0.0677,0.000027079,0.0,19.695818525,358
1769523477631,@151,B,Buy,2935.2,3.028,0.0012112,0.0,19.763491446,358
1769523478429,@151,B,Buy,2935.2,0.0678,0.000027119,0.0,22.790280246,358
1769523478429,@151,B,Buy,2935.2,0.0678,0.000027119,0.0,22.858053127,358
1769523479460,@151,B,Buy,2935.2,0.0678,0.000027119,0.0,22.925826008,358
1769523479460,@151,B,Buy,2935.2,0.0678,0.000027119,0.0,22.993598889,358
1769523480471,@151,B,Buy,2935.2,0.0678,0.000027119,0.0,23.06137177,358
1769523480621,@151,B,Buy,2935.2,0.0678,0.000027119,0.0,23.129144651,358
1769523481279,@151,B,Buy,2935.2,0.0678,0.000027119,0.0,23.196917532,358
1769523481582,@151,B,Buy,2935.2,0.9685,0.0003874,0.0,23.264690413,358
1769523481690,@151,B,Buy,2935.2,0.0678,0.000027119,0.0,24.232803013,358
1769523482484,@151,B,Buy,2935.2,0.0678,0.000027119,0.0,24.300575894,358
1769523482687,@151,B,Buy,2935.2,0.0678,0.000027119,0.0,24.368348775,358
1769523483056,@151,B,Buy,2935.2,0.8511,0.000340439,0.0,24.436121656,358
1769523483703,@151,B,Buy,2935.2,0.0678,0.000027119,0.0,25.286881217,358
1769523483703,@151,B,Buy,2935.2,0.0678,0.000027119,0.0,25.354654098,358
1769523484240,@151,B,Buy,2935.2,0.8929,0.000357159,0.0,25.422426979,358
1769523484659,@151,B,Buy,2935.2,0.0678,0.000027119,0.0,26.31496982,358
1769523484659,@151,B,Buy,2935.2,0.0678,0.000027119,0.0,26.382742701,358
1769523485435,@151,B,Buy,2935.2,1.0,0.0004,0.0,26.450515582,358
1769523485600,@151,B,Buy,2935.2,0.0678,0.000027119,0.0,27.450115582,358
1769523485600,@151,B,Buy,2935.2,0.0678,0.000027119,0.0,27.517888463,358
1769523486206,@151,B,Buy,2935.2,3.0283,0.001211319,0.0,27.585661344,358
1769523486334,@151,B,Buy,2935.2,1.022,0.0004088,0.0,30.612750025,358
1769523486334,@151,B,Buy,2935.2,1.022,0.0004088,0.0,31.634341225,358
1769523486451,@151,B,Buy,2935.2,1.0,0.0004,0.0,32.655932425,358
1769523486612,@151,B,Buy,2935.2,0.0451,0.000018039,0.0,33.655532425,358
1769523486612,@151,B,Buy,2935.2,0.0678,0.000027119,0.0,33.700614386,358
1769523487080,@151,B,Buy,2935.2,34.2983,0.013719319,0.0,33.768387267,358
1769523487080,@151,B,Buy,2935.2,7.3199,0.002927959,0.0,68.052967948,358
1769523487080,@151,B,Buy,2935.2,2.8458,0.001138319,0.0,75.369939989,358
1769523487141,@151,B,Buy,2935.2,1.8356,0.000734239,0.0,78.21460167,358
1769523487207,@151,B,Buy,2935.2,0.486,0.0001944,0.0,80.049467431,358
1769529454107,@151,A,Sell,2938.0,0.0246,0.02890992,0.03998611,80.535273031,359
1769529625451,@151,A,Sell,2938.0,0.05,0.05876,0.08127257,80.510673031,359
1769529637677,@151,A,Sell,2938.0,0.05,0.05876,0.08127257,80.460673031,359
1769529641902,@151,A,Sell,2938.0,0.05,0.05876,0.08127257,80.410673031,359
1769529661842,@151,A,Sell,2938.0,0.05,0.05876,0.08127257,80.360673031,359
1769529673135,@151,A,Sell,2938.0,5.8333,6.85529416,9.48174514,80.310673031,359
1769529673241,@151,A,Sell,2938.0,5.8333,6.85529416,9.48174514,74.477373031,359
1769529673383,@151,A,Sell,2938.0,5.8333,6.85529416,9.48174514,68.644073031,359
1769529674464,@151,A,Sell,2938.0,0.05,0.05876,0.08127257,62.810773031,359
1769529678382,@151,A,Sell,2938.0,0.05,0.05876,0.08127257,62.760773031,359
1769529698463,@151,A,Sell,2938.0,0.068,0.0799136,0.11053069,62.710773031,359
1769529698828,@151,A,Sell,2938.0,0.12,0.141024,0.19505416,62.642773031,359
1769529699381,@151,A,Sell,2938.0,0.05,0.05876,0.08127257,62.522773031,359
1769529832663,@151,A,Sell,2938.0,0.05,0.05876,0.08127257,62.472773031,359
1769529844043,@151,A,Sell,2938.0,0.016,0.0188032,0.02600723,62.422773031,359
1769529844781,@151,A,Sell,2938.0,0.05,0.05876,0.08127257,62.406773031,359
1769529844836,@151,A,Sell,2938.0,4.8931,5.75037112,7.95349582,62.356773031,359
1769529844836,@151,A,Sell,2938.0,2.0,2.3504,3.25090263,57.463673031,359
1769529844836,@151,A,Sell,2938.0,1.35,1.58652,2.19435928,55.463673031,359
1769529844957,@151,A,Sell,2938.0,4.8931,5.75037112,7.95349582,54.113673031,359
1769529844957,@151,A,Sell,2938.0,4.8931,5.75037112,7.95349582,49.220573031,359
1769529845080,@151,A,Sell,2938.0,1.0,1.1752,1.62545132,44.327473031,359
1769529845080,@151,A,Sell,2938.0,34.8411,40.94526072,56.6325117,43.327473031,359
1769529845080,@151,A,Sell,2938.0,0.0677,0.07956104,0.11004306,8.486373031,359
1769529845080,@151,A,Sell,2938.0,0.0677,0.07956104,0.11004306,8.418673031,359
1769529845080,@151,A,Sell,2938.0,0.9429,1.10809608,1.53263805,8.350973031,359
1769529845080,@151,A,Sell,2938.0,3.183,3.7406616,5.17381154,7.408073031,359
1769529845080,@151,A,Sell,2938.0,3.4903,4.10180056,5.67331272,4.225073031,359
1769529845238,@151,A,Sell,2938.0,0.7347,0.86341944,1.19421909,0.734773031,359
1769547540156,@151,B,Buy,3018.4,0.1345,0.00009415,0.0,0.000073031,360
1769547540156,@151,B,Buy,3018.4,4.279,0.0029953,0.0,0.134478881,360
1769547540156,@151,B,Buy,3018.6,0.9938,0.000695659,0.0,4.410483581,360
1769547540156,@151,B,Buy,3018.7,2.9443,0.002061009,0.0,5.403587922,360
1769547540156,@151,B,Buy,3018.8,17.6474,0.012353179,0.0,8.345826913,360
1769547540156,@151,B,Buy,3018.9,4.0052,0.002803639,0.0,25.980873734,360
1769547540156,@151,B,Buy,3018.9,8.2838,0.005798659,0.0,29.983270095,360
1769547540156,@151,B,Buy,3019.1,1.645,0.0011515,0.0,38.261271436,360
1769547540156,@151,B,Buy,3019.2,1.6692,0.001168439,0.0,39.905119936,360
1769547540156,@151,B,Buy,3019.2,0.201,0.0001407,0.0,41.573151497,360
1769547540156,@151,B,Buy,3019.2,4.0386,0.002827019,0.0,41.774010797,360
1769547540156,@151,B,Buy,3019.3,0.9936,0.000695519,0.0,45.809783778,360
1769547540156,@151,B,Buy,3019.3,1.6732,0.001171239,0.0,46.802688259,360
1769547540156,@151,B,Buy,3019.4,4.1479,0.002903529,0.0,48.47471702,360
1769547540156,@151,B,Buy,3019.4,1.662,0.0011634,0.0,52.619713491,360
1769547540156,@151,B,Buy,3019.4,8.2823,0.005797609,0.0,54.280550091,360
1769547540156,@151,B,Buy,3019.5,1.6891,0.001182369,0.0,62.557052482,360
1769547540156,@151,B,Buy,3019.6,1.6465,0.00115255,0.0,64.244970113,360
1769547540156,@151,B,Buy,3019.6,8.2817,0.005797189,0.0,65.890317563,360
1769547540156,@151,B,Buy,3019.7,4.1221,0.002885469,0.0,74.166220374,360
1769925977819,@151,A,Sell,2431.5,5.8333,4.25510068,-3440.05387086,78.285434905,361
1769925978916,@151,A,Sell,2431.5,5.8333,4.25510068,-3440.05387086,72.452134905,361
1769925979118,@151,A,Sell,2431.5,5.8333,4.25510068,-3440.05387086,66.618834905,361
1769925979118,@151,A,Sell,2431.5,5.8333,4.25510068,-3440.05387086,60.785534905,361
1769925979318,@151,A,Sell,2431.5,0.5,0.364725,-294.86344529,54.952234905,361
1769925979318,@151,A,Sell,2431.5,5.8333,4.25510068,-3440.05387086,54.452234905,361
1769925979318,@151,A,Sell,2431.5,0.3408,0.24859655,-200.97892431,48.618934905,361
1769925979688,@151,A,Sell,2431.5,5.8333,4.25510068,-3440.05387086,48.278134905,361
1769925980127,@151,A,Sell,2431.5,4.2319,3.08695945,-2495.66522827,42.444834905,361
1769925980127,@151,A,Sell,2431.5,4.2319,3.08695945,-2495.66522827,38.212934905,361
1769925980220,@151,A,Sell,2431.5,0.0818,0.059669,-48.23965965,33.981034905,361
1769925980327,@151,A,Sell,2431.5,1.08,0.787806,-636.90504183,33.899234905,361
1769925980530,@151,A,Sell,2431.5,0.4318,0.3149765,-254.64407135,32.819234905,361
1769925980822,@151,A,Sell,2431.5,0.0818,0.059669,-48.23965964,32.387434905,361
1769925981024,@151,A,Sell,2431.5,0.6108,0.44554805,-360.20518477,32.305634905,361
1769925981331,@151,A,Sell,2431.5,0.0818,0.059669,-48.23965964,31.694834905,361
1769925981804,@151,A,Sell,2431.5,0.0818,0.059669,-48.23965964,31.613034905,361
1769925982133,@151,A,Sell,2431.5,0.0818,0.059669,-48.23965964,31.531234905,361
1769925982229,@151,A,Sell,2431.5,0.4908,0.35801406,-289.43795789,31.449434905,361
1769925982678,@151,A,Sell,2431.5,0.0818,0.059669,-48.23965964,30.958634905,361
1769925983041,@151,A,Sell,2431.5,0.0818,0.059669,-48.23965964,30.876834905,361
1769925986163,@151,A,Sell,2431.5,0.2033,0.14829718,-119.89147685,30.795034905,361
1769925986163,@151,A,Sell,2431.5,0.136,0.0992052,-80.20285711,30.591734905,361
1769925987571,@151,A,Sell,2431.5,0.3989,0.2909776,-235.24205665,30.455734905,361
1769925989136,@151,A,Sell,2431.5,0.3911,0.28528789,-230.6421869,30.056834905,361
1769925990068,@151,A,Sell,2431.5,0.0053,0.00386608,-3.12555252,29.665734905,361
1769925990343,@151,A,Sell,2431.5,0.4731,0.34510279,-278.99979193,29.660434905,361
1769925990343,@151,A,Sell,2431.5,7.6183,5.55716893,-4492.71637054,29.187334905,361
1769925990403,@151,A,Sell,2431.5,0.0818,0.059669,-48.23965964,21.569034905,361
1769925990775,@151,A,Sell,2431.5,0.0818,0.059669,-48.23965964,21.487234905,361
1769925990938,@151,A,Sell,2431.5,0.5098,0.37187361,-300.64276882,21.405434905,361
1769925991139,@151,A,Sell,2431.5,0.7328,0.53454095,-432.15186542,20.895634905,361
1769925991389,@151,A,Sell,2431.5,0.0818,0.059669,-48.23965964,20.162834905,361
1769925991389,@151,A,Sell,2431.5,14.8052,10.79965314,-8731.02456047,20.081034905,361
1769925991590,@151,A,Sell,2431.5,0.6129,0.4470799,-361.44361123,5.275834905,361
1769925991686,@151,A,Sell,2431.5,0.0818,0.059669,-48.23965964,4.662934905,361
1769925991793,@151,A,Sell,2431.5,4.5811,3.34168339,-2701.59785844,4.581134905,361
1769931650788,ETH,A,Open Short,2421.0,0.202,0.058685,0.0,0.0,362
1769931650788,ETH,A,Open Short,2421.0,0.207,0.060137,0.0,-0.202,362
1769931650788,ETH,A,Open Short,2421.0,0.0206,0.005984,0.0,-0.409,362
1769931650788,ETH,A,Open Short,2421.0,0.11,0.031957,0.0,-0.4296,362
1769931650788,ETH,A,Open Short,2421.0,0.0206,0.005984,0.0,-0.5396,362
1769931650788,ETH,A,Open Short,2421.0,0.12,0.034862,0.0,-0.5602,362
1769931650788,ETH,A,Open Short,2421.0,0.21,0.061009,0.0,-0.6802,362
1769931650910,ETH,A,Open Short,2421.0,1.3486,0.391795,0.0,-0.8902,362
1769931650910,ETH,A,Open Short,2421.0,0.21,0.061009,0.0,-2.2388,362
1769931650910,ETH,A,Open Short,2421.0,0.207,0.060137,0.0,-2.4488,362
1769931650990,ETH,A,Open Short,2421.0,0.334,0.097033,0.0,-2.6558,362
1769931651348,ETH,A,Open Short,2421.0,0.232,0.0674,0.0,-2.9898,362
1769931651348,ETH,A,Open Short,2421.0,0.0826,0.023996,0.0,-3.2218,362
1769931651348,ETH,A,Open Short,2421.0,82.0388,23.833912,0.0,-3.3044,362
1769931651348,ETH,A,Open Short,2421.0,0.232,0.0674,0.0,-85.3432,362
1769931651475,ETH,A,Open Short,2421.0,89.3436,25.956102,0.0,-85.5752,362
1769931651475,ETH,A,Open Short,2421.0,0.334,0.097033,0.0,-174.9188,362
1769931651475,ETH,A,Open Short,2421.0,31.2734,9.085548,0.0,-175.2528,362
1769946447142,ETH,B,Close Short,2417.1,2.6897,2.600509,10.48983,-206.5262,363
1769946447142,ETH,B,Close Short,2417.1,12.1549,11.751843,47.40411,-203.8365,363
1769946447142,ETH,B,Close Short,2417.1,0.9998,0.966646,3.89922,-191.6816,363
1769946447142,ETH,B,Close Short,2417.1,10.4272,10.081434,40.66608,-190.6818,363
1769946447142,ETH,B,Close Short,2417.1,0.9314,0.900514,3.63246,-180.2546,363
1769946447142,ETH,B,Close Short,2417.1,7.4187,7.172695,28.93293,-179.3232,363
1769946447142,ETH,B,Close Short,2417.1,0.4761,0.460312,1.85679,-171.9045,363
1769946447142,ETH,B,Close Short,2417.1,13.0287,12.596668,50.81193,-171.4284,363
1769946447142,ETH,B,Close Short,2417.1,93.1517,90.062789,363.29163,-158.3997,363
1769946447142,ETH,B,Close Short,2417.1,65.248,63.084376,254.4672,-65.248,363
1769956676082,ETH,A,Open Short,2332.3,9.3892,8.759372,0.0,0.0,364
1769956676082,ETH,A,Open Short,2332.3,0.0141,0.013154,0.0,-9.3892,364
1769956676082,ETH,A,Open Short,2332.3,2.4,2.239008,0.0,-9.4033,364
1769956676082,ETH,A,Open Short,2332.3,0.588,0.548556,0.0,-11.8033,364
1769956676082,ETH,A,Open Short,2332.3,0.429,0.400222,0.0,-12.3913,364
1769956676082,ETH,A,Open Short,2332.3,0.1042,0.09721,0.0,-12.8203,364
1769956676082,ETH,A,Open Short,2332.3,0.0209,0.019498,0.0,-12.9245,364
1769956676082,ETH,A,Open Short,2332.3,0.1291,0.120439,0.0,-12.9454,364
1769956676082,ETH,A,Open Short,2332.3,21.4039,19.968126,0.0,-13.0745,364
1769956676082,ETH,A,Open Short,2332.3,4.2911,4.003253,0.0,-34.4784,364
1769956676082,ETH,A,Open Short,2332.3,1.4065,1.312151,0.0,-38.7695,364
1769956676082,ETH,A,Open Short,2332.3,1.045,0.974901,0.0,-40.176,364
1769956676082,ETH,A,Open Short,2332.3,1.599,1.491739,0.0,-41.221,364
1769956676082,ETH,A,Open Short,2332.3,1.0264,0.957549,0.0,-42.82,364
1769956676082,ETH,A,Open Short,2332.3,0.0799,0.07454,0.0,-43.8464,364
1769956676082,ETH,A,Open Short,2332.3,0.4276,0.398916,0.0,-43.9263,364
1769956676082,ETH,A,Open Short,2332.3,2.9736,2.77413,0.0,-44.3539,364
1769956676082,ETH,A,Open Short,2332.3,0.0107,0.009982,0.0,-47.3275,364
1769956676082,ETH,A,Open Short,2332.3,3.4725,3.239564,0.0,-47.3382,364
1769956676082,ETH,A,Open Short,2332.3,4.3239,4.033852,0.0,-50.8107,364
1769956676082,ETH,A,Open Short,2332.3,1.735,1.618616,0.0,-55.1346,364
1769956676082,ETH,A,Open Short,2332.3,4.7143,4.398064,0.0,-56.8696,364
1769956676082,ETH,A,Open Short,2332.3,3.753,3.501248,0.0,-61.5839,364
1769956676082,ETH,A,Open Short,2332.3,0.0397,0.037036,0.0,-65.3369,364
1769956676082,ETH,A,Open Short,2332.3,0.43,0.401155,0.0,-65.3766,364
1769956676082,ETH,A,Open Short,2332.3,0.1671,0.15589,0.0,-65.8066,364
1769956676082,ETH,A,Open Short,2332.3,4.2875,3.999894,0.0,-65.9737,364
1769956676082,ETH,A,Open Short,2332.3,0.43,0.401155,0.0,-70.2612,364
1769956676082,ETH,A,Open Short,2332.3,9.6562,9.008462,0.0,-70.6912,364
1769956676082,ETH,A,Open Short,2332.3,4.8715,4.544719,0.0,-80.3474,364
1769956676082,ETH,A,Open Short,2332.3,0.429,0.400222,0.0,-85.2189,364
1769956676082,ETH,A,Open Short,2332.3,0.429,0.400222,0.0,-85.6479,364
1769956676082,ETH,A,Open Short,2332.3,1.1838,1.10439,0.0,-86.0769,364
1769956676082,ETH,A,Open Short,2332.3,0.429,0.400222,0.0,-87.2607,364
1769956676082,ETH,A,Open Short,2332.3,0.43,0.401155,0.0,-87.6897,364
1769956676082,ETH,A,Open Short,2332.3,13.4723,12.568578,0.0,-88.1197,364
1769956676082,ETH,A,Open Short,2332.3,4.2717,3.985154,0.0,-101.592,364
1769956676082,ETH,A,Open Short,2332.3,0.1395,0.130142,0.0,-105.8637,364
1769956676082,ETH,A,Open Short,2332.3,51.4503,47.999013,0.0,-106.0032,364
1769956676082,ETH,A,Open Short,2332.3,0.8575,0.799978,0.0,-157.4535,364
1769956676082,ETH,A,Open Short,2332.3,2.3195,2.163907,0.0,-158.311,364
1769956676082,ETH,A,Open Short,2332.3,0.4983,0.464874,0.0,-160.6305,364
1769956676082,ETH,A,Open Short,2332.3,0.2859,0.266721,0.0,-161.1288,364
1769956676082,ETH,A,Open Short,2332.3,1.2863,1.200014,0.0,-161.4147,364
1769956676082,ETH,A,Open Short,2332.2,4.4773,4.176783,0.0,-162.701,364
1769956676082,ETH,A,Open Short,2332.2,0.43,0.401138,0.0,-167.1783,364
1769956676082,ETH,A,Open Short,2332.2,1.9763,1.84365,0.0,-167.6083,364
1769956676082,ETH,A,Open Short,2332.2,0.28,0.261206,0.0,-169.5846,364
1769956676082,ETH,A,Open Short,2332.2,0.25,0.23322,0.0,-169.8646,364
1769956676082,ETH,A,Open Short,2332.2,2.2029,2.055041,0.0,-170.1146,364
1769956676082,ETH,A,Open Short,2332.1,9.6567,9.008156,0.0,-172.3175,364
1769956676082,ETH,A,Open Short,2332.1,1.6819,1.568943,0.0,-181.9742,364
1769956676082,ETH,A,Open Short,2332.1,0.43,0.401121,0.0,-183.6561,364
1769956676082,ETH,A,Open Short,2332.1,0.429,0.400188,0.0,-184.0861,364
1769956676082,ETH,A,Open Short,2332.1,0.43,0.401121,0.0,-184.5151,364
1769956676082,ETH,A,Open Short,2332.1,1.7947,1.674167,0.0,-184.9451,364
1769956676082,ETH,A,Open Short,2332.1,3.1247,2.914845,0.0,-186.7398,364
1769956676082,ETH,A,Open Short,2332.1,0.429,0.400188,0.0,-189.8645,364
1769956676082,ETH,A,Open Short,2332.1,11.4927,10.72085,0.0,-190.2935,364
1769956676082,ETH,A,Open Short,2332.1,9.3679,8.738751,0.0,-201.7862,364
1769956676082,ETH,A,Open Short,2332.1,0.429,0.400188,0.0,-211.1541,364
1769956676082,ETH,A,Open Short,2332.1,0.429,0.400188,0.0,-211.5831,364
1769956676082,ETH,A,Open Short,2332.0,2.4421,2.27799,0.0,-212.0121,364
1769959010256,ETH,B,Close Short,2329.0,25.2066,7.04474,81.92145,-214.4542,365
1769959011001,ETH,B,Close Short,2329.0,0.0135,0.003772,0.043875,-189.2476,365
1769959011269,ETH,B,Close Short,2329.0,0.22,0.061485,0.715,-189.2341,365
1769959011269,ETH,B,Close Short,2329.0,0.22,0.061485,0.715,-189.0141,365
1769959011269,ETH,B,Close Short,2329.0,0.22,0.061485,0.715,-188.7941,365
1769959011269,ETH,B,Close Short,2329.0,0.244,0.068193,0.793,-188.5741,365
1769959011474,ETH,B,Close Short,2329.0,0.0121,0.003381,0.039325,-188.3301,365
1769959011474,ETH,B,Close Short,2329.0,0.5,0.13974,1.625,-188.318,365
1769959011474,ETH,B,Close Short,2329.0,2.0,0.55896,6.5,-187.818,365
1769959011474,ETH,B,Close Short,2329.0,1.2471,0.348539,4.053075,-185.818,365
1769959012185,ETH,B,Close Short,2329.0,26.9527,7.53274,87.596275,-184.5709,365
1769959012185,ETH,B,Close Short,2329.0,106.3993,29.736476,345.797725,-157.6182,365
1769959012185,ETH,B,Close Short,2329.0,51.2188,14.31463,166.4611,-51.2189,365
1769959146952,ETH,B,Close Short,2315.5,0.0001,0.000092,0.001675,-0.0001,366
1769969311017,ETH,A,Open Short,2351.0,0.0502,0.014162,0.0,0.0,367
1769969311017,ETH,A,Open Short,2351.0,0.249,0.070247,0.0,-0.0502,367
1769969311017,ETH,A,Open Short,2351.0,0.224,0.063194,0.0,-0.2992,367
1769969311102,ETH,A,Open Short,2351.0,0.23,0.064887,0.0,-0.5232,367
1769969311102,ETH,A,Open Short,2351.0,0.23,0.064887,0.0,-0.7532,367
1769969311102,ETH,A,Open Short,2351.0,0.24,0.067708,0.0,-0.9832,367
1769969311102,ETH,A,Open Short,2351.0,0.24,0.067708,0.0,-1.2232,367
1769969311102,ETH,A,Open Short,2351.0,0.22,0.062066,0.0,-1.4632,367
1769969311102,ETH,A,Open Short,2351.0,0.213,0.060091,0.0,-1.6832,367
1769969311102,ETH,A,Open Short,2351.0,0.22,0.062066,0.0,-1.8962,367
1769969311102,ETH,A,Open Short,2351.0,0.213,0.060091,0.0,-2.1162,367
1769969311102,ETH,A,Open Short,2351.0,0.26,0.073351,0.0,-2.3292,367
1769969311102,ETH,A,Open Short,2351.0,0.224,0.063194,0.0,-2.5892,367
1769969311102,ETH,A,Open Short,2351.0,0.249,0.070247,0.0,-2.8132,367
1769969311102,ETH,A,Open Short,2351.0,0.224,0.063194,0.0,-3.0622,367
1769969311102,ETH,A,Open Short,2351.0,0.22,0.062066,0.0,-3.2862,367
1769969311102,ETH,A,Open Short,2351.0,0.224,0.063194,0.0,-3.5062,367
1769969311102,ETH,A,Open Short,2351.0,0.224,0.063194,0.0,-3.7302,367
1769969311102,ETH,A,Open Short,2351.0,0.23,0.064887,0.0,-3.9542,367
1769969311102,ETH,A,Open Short,2351.0,0.32,0.090278,0.0,-4.1842,367
1769969311102,ETH,A,Open Short,2351.0,0.224,0.063194,0.0,-4.5042,367
1769969311102,ETH,A,Open Short,2351.0,0.22,0.062066,0.0,-4.7282,367
1769969311102,ETH,A,Open Short,2351.0,0.224,0.063194,0.0,-4.9482,367
1769969311102,ETH,A,Open Short,2351.0,0.224,0.063194,0.0,-5.1722,367
1769969311102,ETH,A,Open Short,2351.0,0.36,0.101563,0.0,-5.3962,367
1769969311102,ETH,A,Open Short,2351.0,0.235,0.066298,0.0,-5.7562,367
1769969311102,ETH,A,Open Short,2351.0,0.23,0.064887,0.0,-5.9912,367
1769969311102,ETH,A,Open Short,2351.0,0.224,0.063194,0.0,-6.2212,367
1769969311102,ETH,A,Open Short,2351.0,0.249,0.070247,0.0,-6.4452,367
1769969311102,ETH,A,Open Short,2351.0,0.249,0.070247,0.0,-6.6942,367
1769969311102,ETH,A,Open Short,2351.0,0.224,0.063194,0.0,-6.9432,367
1769969311102,ETH,A,Open Short,2351.0,0.23,0.064887,0.0,-7.1672,367
1769969311102,ETH,A,Open Short,2351.0,0.224,0.063194,0.0,-7.3972,367
1769969311102,ETH,A,Open Short,2351.0,0.23,0.064887,0.0,-7.6212,367
1769969311102,ETH,A,Open Short,2351.0,0.24,0.067708,0.0,-7.8512,367
1769969311102,ETH,A,Open Short,2351.0,0.24,0.067708,0.0,-8.0912,367
1769969311102,ETH,A,Open Short,2351.0,0.23,0.064887,0.0,-8.3312,367
1769969311102,ETH,A,Open Short,2351.0,0.23,0.064887,0.0,-8.5612,367
1769969311102,ETH,A,Open Short,2351.0,0.24,0.067708,0.0,-8.7912,367
1769969311102,ETH,A,Open Short,2351.0,0.224,0.063194,0.0,-9.0312,367
1769969311102,ETH,A,Open Short,2351.0,0.249,0.070247,0.0,-9.2552,367
1769969311102,ETH,A,Open Short,2351.0,0.224,0.063194,0.0,-9.5042,367
1769969311102,ETH,A,Open Short,2351.0,0.24,0.067708,0.0,-9.7282,367
1769969311102,ETH,A,Open Short,2351.0,0.24,0.067708,0.0,-9.9682,367
1769969311102,ETH,A,Open Short,2351.0,0.249,0.070247,0.0,-10.2082,367
1769969311102,ETH,A,Open Short,2351.0,0.34,0.09592,0.0,-10.4572,367
1769969311102,ETH,A,Open Short,2351.0,0.43,0.121311,0.0,-10.7972,367
1769969311102,ETH,A,Open Short,2351.0,0.426,0.120183,0.0,-11.2272,367
1769969311102,ETH,A,Open Short,2351.0,0.235,0.066298,0.0,-11.6532,367
1769969311102,ETH,A,Open Short,2351.0,0.23,0.064887,0.0,-11.8882,367
1769969311102,ETH,A,Open Short,2351.0,1.1331,0.31967,0.0,-12.1182,367
1769969311102,ETH,A,Open Short,2351.0,0.213,0.060091,0.0,-13.2513,367
1769969311102,ETH,A,Open Short,2351.0,0.0085,0.002398,0.0,-13.4643,367
1769969311224,ETH,A,Open Short,2351.0,0.23,0.064887,0.0,-13.4728,367
1769969311224,ETH,A,Open Short,2351.0,0.33,0.093099,0.0,-13.7028,367
1769969311224,ETH,A,Open Short,2351.0,0.224,0.063194,0.0,-14.0328,367
1769969311224,ETH,A,Open Short,2351.0,0.224,0.063194,0.0,-14.2568,367
1769969311224,ETH,A,Open Short,2351.0,0.224,0.063194,0.0,-14.4808,367
1769969311224,ETH,A,Open Short,2351.0,0.224,0.063194,0.0,-14.7048,367
1769969311224,ETH,A,Open Short,2351.0,0.23,0.064887,0.0,-14.9288,367
1769969311224,ETH,A,Open Short,2351.0,0.22,0.062066,0.0,-15.1588,367
1769969311224,ETH,A,Open Short,2351.0,0.235,0.066298,0.0,-15.3788,367
1769969311224,ETH,A,Open Short,2351.0,0.26,0.073351,0.0,-15.6138,367
1769969311224,ETH,A,Open Short,2351.0,0.224,0.063194,0.0,-15.8738,367
1769969311224,ETH,A,Open Short,2351.0,0.224,0.063194,0.0,-16.0978,367
1769969311224,ETH,A,Open Short,2351.0,0.426,0.120183,0.0,-16.3218,367
1769969311224,ETH,A,Open Short,2351.0,0.213,0.060091,0.0,-16.7478,367
1769969311224,ETH,A,Open Short,2351.0,0.23,0.064887,0.0,-16.9608,367
1769969311224,ETH,A,Open Short,2351.0,0.43,0.121311,0.0,-17.1908,367
1769969311224,ETH,A,Open Short,2351.0,0.36,0.101563,0.0,-17.6208,367
1769969311280,ETH,A,Open Short,2351.0,0.23,0.064887,0.0,-17.9808,367
1769969311280,ETH,A,Open Short,2351.0,0.224,0.063194,0.0,-18.2108,367
1769969311280,ETH,A,Open Short,2351.0,0.235,0.066298,0.0,-18.4348,367
1769969311280,ETH,A,Open Short,2351.0,0.224,0.063194,0.0,-18.6698,367
1769969311280,ETH,A,Open Short,2351.0,0.224,0.063194,0.0,-18.8938,367
1769969311280,ETH,A,Open Short,2351.0,0.43,0.121311,0.0,-19.1178,367
1769969311280,ETH,A,Open Short,2351.0,0.261,0.073633,0.0,-19.5478,367
1769969311280,ETH,A,Open Short,2351.0,0.23,0.064887,0.0,-19.8088,367
1769969311280,ETH,A,Open Short,2351.0,0.24,0.067708,0.0,-20.0388,367
1769969311280,ETH,A,Open Short,2351.0,0.22,0.062066,0.0,-20.2788,367
1769969311280,ETH,A,Open Short,2351.0,0.224,0.063194,0.0,-20.4988,367
1769969311280,ETH,A,Open Short,2351.0,0.24,0.067708,0.0,-20.7228,367
1769969311280,ETH,A,Open Short,2351.0,0.24,0.067708,0.0,-20.9628,367
1769969311280,ETH,A,Open Short,2351.0,0.23,0.064887,0.0,-21.2028,367
1769969311280,ETH,A,Open Short,2351.0,0.235,0.066298,0.0,-21.4328,367
1769969311280,ETH,A,Open Short,2351.0,0.235,0.066298,0.0,-21.6678,367
1769969311280,ETH,A,Open Short,2351.0,0.24,0.067708,0.0,-21.9028,367
1769969311280,ETH,A,Open Short,2351.0,0.23,0.064887,0.0,-22.1428,367
1769969311280,ETH,A,Open Short,2351.0,0.235,0.066298,0.0,-22.3728,367
1769969311280,ETH,A,Open Short,2351.0,0.224,0.063194,0.0,-22.6078,367
1769969311280,ETH,A,Open Short,2351.0,0.224,0.063194,0.0,-22.8318,367
1769969311280,ETH,A,Open Short,2351.0,0.24,0.067708,0.0,-23.0558,367
1769969311280,ETH,A,Open Short,2351.0,0.224,0.063194,0.0,-23.2958,367
1769969311280,ETH,A,Open Short,2351.0,0.0085,0.002398,0.0,-23.5198,367
1769969311280,ETH,A,Open Short,2351.0,0.224,0.063194,0.0,-23.5283,367
1769969311280,ETH,A,Open Short,2351.0,0.43,0.121311,0.0,-23.7523,367
1769969311430,ETH,A,Open Short,2351.0,0.213,0.060091,0.0,-24.1823,367
1769969311430,ETH,A,Open Short,2351.0,0.24,0.067708,0.0,-24.3953,367
1769969311430,ETH,A,Open Short,2351.0,0.261,0.073633,0.0,-24.6353,367
1769969311430,ETH,A,Open Short,2351.0,0.213,0.060091,0.0,-24.8963,367
1769969311430,ETH,A,Open Short,2351.0,0.0085,0.002398,0.0,-25.1093,367
1769969311430,ETH,A,Open Short,2351.0,0.224,0.063194,0.0,-25.1178,367
1769969311430,ETH,A,Open Short,2351.0,0.235,0.066298,0.0,-25.3418,367
1769969311430,ETH,A,Open Short,2351.0,0.235,0.066298,0.0,-25.5768,367
1769969311430,ETH,A,Open Short,2351.0,0.0085,0.002398,0.0,-25.8118,367
1769969311430,ETH,A,Open Short,2351.0,0.235,0.066298,0.0,-25.8203,367
1769969311430,ETH,A,Open Short,2351.0,0.235,0.066298,0.0,-26.0553,367
1769969311430,ETH,A,Open Short,2351.0,0.235,0.066298,0.0,-26.2903,367
1769969311430,ETH,A,Open Short,2351.0,4.2535,1.199997,0.0,-26.5253,367
1769969311430,ETH,A,Open Short,2351.0,0.3,0.084636,0.0,-30.7788,367
1769969311430,ETH,A,Open Short,2351.0,0.274,0.0773,0.0,-31.0788,367
1769969311430,ETH,A,Open Short,2351.0,0.18,0.050781,0.0,-31.3528,367
1769969311430,ETH,A,Open Short,2351.0,0.224,0.063194,0.0,-31.5328,367
1769969311430,ETH,A,Open Short,2351.0,0.0085,0.002398,0.0,-31.7568,367
1769969311430,ETH,A,Open Short,2351.0,0.224,0.063194,0.0,-31.7653,367
1769969311430,ETH,A,Open Short,2351.0,0.224,0.063194,0.0,-31.9893,367
1769969311430,ETH,A,Open Short,2351.0,0.224,0.063194,0.0,-32.2133,367
1769969311430,ETH,A,Open Short,2351.0,0.24,0.067708,0.0,-32.4373,367
1769969311430,ETH,A,Open Short,2351.0,0.224,0.063194,0.0,-32.6773,367
1769969311430,ETH,A,Open Short,2351.0,0.224,0.063194,0.0,-32.9013,367
1769969311430,ETH,A,Open Short,2351.0,0.22,0.062066,0.0,-33.1253,367
1769969311430,ETH,A,Open Short,2351.0,0.261,0.073633,0.0,-33.3453,367
1769969311430,ETH,A,Open Short,2351.0,0.235,0.066298,0.0,-33.6063,367
1769969311430,ETH,A,Open Short,2351.0,0.24,0.067708,0.0,-33.8413,367
1769969311430,ETH,A,Open Short,2351.0,0.261,0.073633,0.0,-34.0813,367
1769969311430,ETH,A,Open Short,2351.0,0.224,0.063194,0.0,-34.3423,367
1769969311430,ETH,A,Open Short,2351.0,0.0085,0.002398,0.0,-34.5663,367
1769969311430,ETH,A,Open Short,2351.0,0.224,0.063194,0.0,-34.5748,367
1769969311430,ETH,A,Open Short,2351.0,4.2527,1.199771,0.0,-34.7988,367
1769969311430,ETH,A,Open Short,2351.0,0.235,0.066298,0.0,-39.0515,367
1769969311430,ETH,A,Open Short,2351.0,0.24,0.067708,0.0,-39.2865,367
1769969311430,ETH,A,Open Short,2351.0,0.23,0.064887,0.0,-39.5265,367
1769969311430,ETH,A,Open Short,2351.0,4.2531,1.199884,0.0,-39.7565,367
1769969311430,ETH,A,Open Short,2351.0,0.224,0.063194,0.0,-44.0096,367
1769969311520,ETH,A,Open Short,2351.0,0.23,0.064887,0.0,-44.2336,367
1769969311520,ETH,A,Open Short,2351.0,0.249,0.070247,0.0,-44.4636,367
1769969311520,ETH,A,Open Short,2351.0,0.235,0.066298,0.0,-44.7126,367
1769969311520,ETH,A,Open Short,2351.0,0.23,0.064887,0.0,-44.9476,367
1769969311520,ETH,A,Open Short,2351.0,0.24,0.067708,0.0,-45.1776,367
1769969311520,ETH,A,Open Short,2351.0,0.33,0.093099,0.0,-45.4176,367
1769969311520,ETH,A,Open Short,2351.0,0.23,0.064887,0.0,-45.7476,367
1769969311520,ETH,A,Open Short,2351.0,0.14,0.039496,0.0,-45.9776,367
1769969311520,ETH,A,Open Short,2351.0,0.261,0.073633,0.0,-46.1176,367
1769969311520,ETH,A,Open Short,2351.0,0.249,0.070247,0.0,-46.3786,367
1769969311520,ETH,A,Open Short,2351.0,0.25,0.07053,0.0,-46.6276,367
1769969311520,ETH,A,Open Short,2351.0,0.23,0.064887,0.0,-46.8776,367
1769969311520,ETH,A,Open Short,2351.0,0.23,0.064887,0.0,-47.1076,367
1769969311520,ETH,A,Open Short,2351.0,0.24,0.067708,0.0,-47.3376,367
1769969311520,ETH,A,Open Short,2351.0,0.261,0.073633,0.0,-47.5776,367
1769969311520,ETH,A,Open Short,2351.0,0.249,0.070247,0.0,-47.8386,367
1769969311520,ETH,A,Open Short,2351.0,0.14,0.039496,0.0,-48.0876,367
1769969311520,ETH,A,Open Short,2351.0,0.14,0.039496,0.0,-48.2276,367
1769969311520,ETH,A,Open Short,2351.0,0.12,0.033854,0.0,-48.3676,367
1769969311520,ETH,A,Open Short,2351.0,0.235,0.066298,0.0,-48.4876,367
1769969311520,ETH,A,Open Short,2351.0,0.224,0.063194,0.0,-48.7226,367
1769969311520,ETH,A,Open Short,2351.0,0.261,0.073633,0.0,-48.9466,367
1769969311520,ETH,A,Open Short,2351.0,0.235,0.066298,0.0,-49.2076,367
1769969311520,ETH,A,Open Short,2351.0,0.274,0.0773,0.0,-49.4426,367
1769969311520,ETH,A,Open Short,2351.0,0.0067,0.00189,0.0,-49.7166,367
1769969311520,ETH,A,Open Short,2351.0,0.0071,0.002003,0.0,-49.7233,367
1769969311520,ETH,A,Open Short,2351.0,0.018,0.005078,0.0,-49.7304,367
1769969311520,ETH,A,Open Short,2351.0,0.0207,0.005839,0.0,-49.7484,367
1769969311520,ETH,A,Open Short,2351.0,0.0284,0.008012,0.0,-49.7691,367
1769969311520,ETH,A,Open Short,2351.0,0.0417,0.011764,0.0,-49.7975,367
1769969311520,ETH,A,Open Short,2351.0,0.0427,0.012046,0.0,-49.8392,367
1769969311520,ETH,A,Open Short,2351.0,0.0429,0.012102,0.0,-49.8819,367
1769969311520,ETH,A,Open Short,2351.0,0.044,0.012413,0.0,-49.9248,367
1769969311520,ETH,A,Open Short,2351.0,0.0445,0.012554,0.0,-49.9688,367
1769969311520,ETH,A,Open Short,2351.0,0.0448,0.012638,0.0,-50.0133,367
1769969311520,ETH,A,Open Short,2351.0,0.0458,0.012921,0.0,-50.0581,367
1769969311520,ETH,A,Open Short,2351.0,0.0472,0.013316,0.0,-50.1039,367
1769969311520,ETH,A,Open Short,2351.0,0.048,0.013541,0.0,-50.1511,367
1769969311520,ETH,A,Open Short,2351.0,0.058,0.016362,0.0,-50.1991,367
1769969311520,ETH,A,Open Short,2351.0,0.0592,0.016701,0.0,-50.2571,367
1769969311520,ETH,A,Open Short,2351.0,0.0607,0.017124,0.0,-50.3163,367
1769969311520,ETH,A,Open Short,2351.0,0.0618,0.017435,0.0,-50.377,367
1769969311520,ETH,A,Open Short,2351.0,0.0654,0.01845,0.0,-50.4388,367
1769969311520,ETH,A,Open Short,2351.0,0.0673,0.018986,0.0,-50.5042,367
1769969311520,ETH,A,Open Short,2351.0,0.0699,0.01972,0.0,-50.5715,367
1769969311520,ETH,A,Open Short,2351.0,0.0856,0.024149,0.0,-50.6414,367
1769969311520,ETH,A,Open Short,2351.0,0.0926,0.026124,0.0,-50.727,367
1769969311520,ETH,A,Open Short,2351.0,0.1032,0.029114,0.0,-50.8196,367
1769969311520,ETH,A,Open Short,2351.0,0.1071,0.030215,0.0,-50.9228,367
1769969311520,ETH,A,Open Short,2351.0,0.1283,0.036195,0.0,-51.0299,367
1769969311520,ETH,A,Open Short,2351.0,0.1518,0.042825,0.0,-51.1582,367
1769969311520,ETH,A,Open Short,2351.0,0.1694,0.047791,0.0,-51.31,367
1769969311520,ETH,A,Open Short,2351.0,0.1801,0.050809,0.0,-51.4794,367
1769969311520,ETH,A,Open Short,2351.0,0.1829,0.051599,0.0,-51.6595,367
1769969311520,ETH,A,Open Short,2351.0,0.1937,0.054646,0.0,-51.8424,367
1769969311520,ETH,A,Open Short,2351.0,0.1945,0.054872,0.0,-52.0361,367
1769969311520,ETH,A,Open Short,2351.0,0.3217,0.090758,0.0,-52.2306,367
1769969311520,ETH,A,Open Short,2351.0,0.3568,0.10066,0.0,-52.5523,367
1769969311520,ETH,A,Open Short,2351.0,0.3578,0.100942,0.0,-52.9091,367
1769969311520,ETH,A,Open Short,2351.0,0.4346,0.122609,0.0,-53.2669,367
1769969311520,ETH,A,Open Short,2351.0,0.5,0.14106,0.0,-53.7015,367
1769969311520,ETH,A,Open Short,2351.0,0.5964,0.168256,0.0,-54.2015,367
1769969311520,ETH,A,Open Short,2351.0,0.6469,0.182503,0.0,-54.7979,367
1769969311520,ETH,A,Open Short,2351.0,0.7559,0.213254,0.0,-55.4448,367
1769969311520,ETH,A,Open Short,2351.0,0.7827,0.220815,0.0,-56.2007,367
1769969311520,ETH,A,Open Short,2351.0,0.8423,0.237629,0.0,-56.9834,367
1769969311520,ETH,A,Open Short,2351.0,0.8645,0.243892,0.0,-57.8257,367
1769969311520,ETH,A,Open Short,2351.0,0.8694,0.245275,0.0,-58.6902,367
1769969311520,ETH,A,Open Short,2351.0,0.8969,0.253033,0.0,-59.5596,367
1769969311520,ETH,A,Open Short,2351.0,0.906,0.2556,0.0,-60.4565,367
1769969311520,ETH,A,Open Short,2351.0,1.4014,0.395362,0.0,-61.3625,367
1769969311520,ETH,A,Open Short,2351.0,2.7257,0.768974,0.0,-62.7639,367
1769969311520,ETH,A,Open Short,2351.0,4.8236,1.360834,0.0,-65.4896,367
1769969311520,ETH,A,Open Short,2351.0,0.9263,0.261327,0.0,-70.3132,367
1769969311520,ETH,A,Open Short,2351.0,0.2761,0.077893,0.0,-71.2395,367
1769969311520,ETH,A,Open Short,2351.0,0.1093,0.030835,0.0,-71.5156,367
1769969311520,ETH,A,Open Short,2351.0,1.1303,0.31888,0.0,-71.6249,367
1769969311520,ETH,A,Open Short,2351.0,0.2352,0.066354,0.0,-72.7552,367
1769969311520,ETH,A,Open Short,2351.0,9.153,2.582244,0.0,-72.9904,367
1769969311520,ETH,A,Open Short,2351.0,0.3356,0.094679,0.0,-82.1434,367
1769969311520,ETH,A,Open Short,2351.0,0.4756,0.134176,0.0,-82.479,367
1769969311520,ETH,A,Open Short,2351.0,0.5417,0.152824,0.0,-82.9546,367
1769969311520,ETH,A,Open Short,2351.0,0.8542,0.240986,0.0,-83.4963,367
1769969311520,ETH,A,Open Short,2351.0,0.0087,0.002454,0.0,-84.3505,367
1769969311520,ETH,A,Open Short,2351.0,8.6775,2.448096,0.0,-84.3592,367
1769969311520,ETH,A,Open Short,2351.0,0.2632,0.074253,0.0,-93.0367,367
1769969311520,ETH,A,Open Short,2351.0,0.1027,0.028973,0.0,-93.2999,367
1769969311520,ETH,A,Open Short,2351.0,1.5368,0.433562,0.0,-93.4026,367
1769969311520,ETH,A,Open Short,2351.0,1.0154,0.286464,0.0,-94.9394,367
1769969311520,ETH,A,Open Short,2351.0,0.0527,0.014867,0.0,-95.9548,367
1769969311520,ETH,A,Open Short,2351.0,1.0853,0.306184,0.0,-96.0075,367
1769969311520,ETH,A,Open Short,2351.0,7.9184,2.233939,0.0,-97.0928,367
1769969311520,ETH,A,Open Short,2351.0,0.1697,0.047875,0.0,-105.0112,367
1769969311520,ETH,A,Open Short,2351.0,1.5252,0.430289,0.0,-105.1809,367
1769969311520,ETH,A,Open Short,2351.0,0.3183,0.089798,0.0,-106.7061,367
1769969311713,ETH,A,Open Short,2351.0,0.224,0.063194,0.0,-107.0244,367
1769969311713,ETH,A,Open Short,2351.0,0.235,0.066298,0.0,-107.2484,367
1769969311713,ETH,A,Open Short,2351.0,0.0085,0.002398,0.0,-107.4834,367
1769969311713,ETH,A,Open Short,2351.0,0.24,0.067708,0.0,-107.4919,367
1769969311713,ETH,A,Open Short,2351.0,0.261,0.073633,0.0,-107.7319,367
1769969311713,ETH,A,Open Short,2351.0,0.235,0.066298,0.0,-107.9929,367
1769969311713,ETH,A,Open Short,2351.0,0.1591,0.044885,0.0,-108.2279,367
1769969311713,ETH,A,Open Short,2351.0,0.235,0.066298,0.0,-108.387,367
1769969311713,ETH,A,Open Short,2351.0,0.224,0.063194,0.0,-108.622,367
1769969311713,ETH,A,Open Short,2351.0,0.23,0.064887,0.0,-108.846,367
1769969311713,ETH,A,Open Short,2351.0,0.23,0.064887,0.0,-109.076,367
1769969311713,ETH,A,Open Short,2351.0,0.224,0.063194,0.0,-109.306,367
1769969311713,ETH,A,Open Short,2351.0,20.091,5.668072,0.0,-109.53,367
1769969311713,ETH,A,Open Short,2351.0,0.235,0.066298,0.0,-129.621,367
1769969311713,ETH,A,Open Short,2351.0,0.24,0.067708,0.0,-129.856,367
1769969311713,ETH,A,Open Short,2351.0,0.24,0.067708,0.0,-130.096,367
1769969311713,ETH,A,Open Short,2351.0,0.261,0.073633,0.0,-130.336,367
1769969311713,ETH,A,Open Short,2351.0,0.261,0.073633,0.0,-130.597,367
1769969311713,ETH,A,Open Short,2351.0,0.24,0.067708,0.0,-130.858,367
1769969311713,ETH,A,Open Short,2351.0,5.1053,1.440307,0.0,-131.098,367
1769969311713,ETH,A,Open Short,2351.0,0.247,0.069683,0.0,-136.2033,367
1769969311713,ETH,A,Open Short,2351.0,0.0085,0.002398,0.0,-136.4503,367
1769969311713,ETH,A,Open Short,2351.0,0.0085,0.002398,0.0,-136.4588,367
1769969311713,ETH,A,Open Short,2351.0,0.224,0.063194,0.0,-136.4673,367
1769969311713,ETH,A,Open Short,2351.0,0.224,0.063194,0.0,-136.6913,367
1769969311713,ETH,A,Open Short,2351.0,0.393,0.110873,0.0,-136.9153,367
1769969311713,ETH,A,Open Short,2351.0,0.23,0.064887,0.0,-137.3083,367
1769969311846,ETH,A,Open Short,2351.0,0.235,0.066298,0.0,-137.5383,367
1769969311846,ETH,A,Open Short,2351.0,5.1042,1.439996,0.0,-137.7733,367
1769969311846,ETH,A,Open Short,2351.0,0.0085,0.002398,0.0,-142.8775,367
1769969311846,ETH,A,Open Short,2351.0,0.0085,0.002398,0.0,-142.886,367
1769969311846,ETH,A,Open Short,2351.0,0.22,0.062066,0.0,-142.8945,367
1769969311920,ETH,A,Open Short,2351.0,0.22,0.062066,0.0,-143.1145,367
1769969311920,ETH,A,Open Short,2351.0,0.23,0.064887,0.0,-143.3345,367
1769969311920,ETH,A,Open Short,2351.0,69.1109,19.497567,0.0,-143.5645,367
1769990400059,@151,A,Spot Dust Conversion,2267.5,0.000034905,0.0,0.0,0.000034905,368
1769994236454,ETH,B,Close Short,2303.2,13.2691,12.224556,634.26298,-212.6754,369
1769994236454,ETH,B,Close Short,2303.3,1.3024,1.199927,62.12448,-199.4063,369
1769994236454,ETH,B,Close Short,2303.4,13.2691,12.225617,631.60916,-198.1039,369
1769994236454,ETH,B,Close Short,2303.4,1.7637,1.625002,83.95212,-184.8348,369
1769994236454,ETH,B,Close Short,2303.4,0.6992,0.644214,33.28192,-183.0711,369
1769994236454,ETH,B,Close Short,2303.5,6.5286,6.015452,310.1085,-182.3719,369
1769994236454,ETH,B,Close Short,2303.5,0.06,0.055284,2.85,-175.8433,369
1769994236454,ETH,B,Close Short,2303.6,1.4469,1.333231,68.58306,-175.7833,369
1769994236454,ETH,B,Close Short,2303.6,2.0,1.84288,94.8,-174.3364,369
1769994236454,ETH,B,Close Short,2303.6,0.8959,0.825518,42.46566,-172.3364,369
1769994236454,ETH,B,Close Short,2303.6,1.7894,1.648824,84.81756,-171.4405,369
1769994236454,ETH,B,Close Short,2303.6,9.7767,9.008642,463.41558,-169.6511,369
1769994236454,ETH,B,Close Short,2303.6,4.635,4.270874,219.699,-159.8744,369
1769994236454,ETH,B,Close Short,2303.6,0.9774,0.900615,46.32876,-155.2394,369
1769994236454,ETH,B,Close Short,2303.6,6.5117,6.00014,308.65458,-154.262,369
1769994236454,ETH,B,Close Short,2303.7,0.8556,0.788418,40.46988,-147.7503,369
1769994236454,ETH,B,Close Short,2303.7,6.1222,5.641484,289.58006,-146.8947,369
1769994236454,ETH,B,Close Short,2303.7,14.9967,13.819159,709.34391,-140.7725,369
1769994236454,ETH,B,Close Short,2303.8,6.9778,6.430182,329.35216,-125.7758,369
1769994236454,ETH,B,Close Short,2303.8,10.4116,9.594497,491.42752,-118.798,369
1769994236454,ETH,B,Close Short,2303.8,42.2957,38.976333,1996.35704,-108.3864,369
1769994236454,ETH,B,Close Short,2303.9,2.2227,2.048351,104.68917,-66.0907,369
1769994236454,ETH,B,Close Short,2303.9,12.5387,11.555164,590.57277,-63.868,369
1769994236454,ETH,B,Close Short,2303.9,9.7753,9.008525,460.41663,-51.3293,369
1769994236454,ETH,B,Close Short,2303.9,41.554,38.294504,1957.1934,-41.554,369
1769999725835,@142,B,Buy,76764.0,0.02,0.0000059999,0.0,0.0,370
1769999727727,@142,B,Buy,76764.0,1.35471,0.0004064129,0.0,0.0199940001,370
1769999727727,@142,B,Buy,76764.0,0.73784,0.0002213519,0.0,1.3742975872,370
1769999727727,@142,B,Buy,76764.0,0.01,0.0000029999,0.0,2.1119162353,370
1769999727727,@142,B,Buy,76764.0,0.02,0.0000059999,0.0,2.1219132354,370
1769999727874,@142,B,Buy,76764.0,0.31498,0.0000944939,0.0,2.1419072355,370
1769999727874,@142,B,Buy,76764.0,0.05922,0.0000177659,0.0,2.4567927416,370
1769999727874,@142,B,Buy,76764.0,0.08172,0.0000245159,0.0,2.5159949757,370
1769999727946,@142,B,Buy,76764.0,0.01953,0.0000058589,0.0,2.5976904598,370
1770002345333,@142,A,Sell,75432.0,0.00737,0.3335603,-9.98661594,2.6172146009,371
1770002345333,@142,A,Sell,75431.0,0.01,0.45258599,-13.56036084,2.6098446009,371
1770002345333,@142,A,Sell,75430.0,0.12955,5.8631739,-175.80402473,2.5998446009,371
1770002345333,@142,A,Sell,75430.0,0.01,0.45257999,-13.57036084,2.4702946009,371
1770002345333,@142,A,Sell,75429.0,0.01,0.45257399,-13.58036084,2.4602946009,371
1770002345333,@142,A,Sell,75426.0,0.65615,29.69446193,-893.04382679,2.4502946009,371
1770002345333,@142,A,Sell,75420.0,0.02,0.90503999,-27.34072168,1.7941446009,371
1770002345333,@142,A,Sell,75419.0,0.06,2.715084,-82.08216506,1.7741446009,371
1770002345333,@142,A,Sell,75417.0,0.65615,29.69091872,-898.94917678,1.7141446009,371
1770002345333,@142,A,Sell,75415.0,0.15546,7.03440953,-213.29672968,1.0579946009,371
1770002345333,@142,A,Sell,75414.0,0.00792,0.35836732,-10.87444578,0.9025346009,371
1770002345333,@142,A,Sell,75414.0,0.00131,0.0592754,-1.79867727,0.8946146009,371
1770002345333,@142,A,Sell,75414.0,0.00118,0.05339311,-1.62018257,0.8933046009,371
1770002345333,@142,A,Sell,75414.0,0.03321,1.50269936,-45.59852836,0.8921246009,371
1770002345333,@142,A,Sell,75411.0,0.65615,29.68855658,-902.88607675,0.8589146009,371
1770002345333,@142,A,Sell,75411.0,0.02,0.90493199,-27.52072168,0.2027646009,371
1770002345333,@142,A,Sell,75409.0,0.02042,0.92391106,-28.13949684,0.1827646009,371
1770002345333,@142,A,Sell,75408.0,0.16234,7.34504083,-223.87271792,0.1623446009,371
1770017472349,ETH,A,Open Short,2228.0,0.297,0.079405,0.0,0.0,372
1770017472349,ETH,A,Open Short,2228.0,0.365,0.097586,0.0,-0.297,372
1770017472349,ETH,A,Open Short,2228.0,0.368,0.098388,0.0,-0.662,372
1770017472349,ETH,A,Open Short,2228.0,0.365,0.097586,0.0,-1.03,372
1770017472349,ETH,A,Open Short,2228.0,0.365,0.097586,0.0,-1.395,372
1770017472349,ETH,A,Open Short,2228.0,0.368,0.098388,0.0,-1.76,372
1770017472349,ETH,A,Open Short,2228.0,0.365,0.097586,0.0,-2.128,372
1770017472349,ETH,A,Open Short,2228.0,0.365,0.097586,0.0,-2.493,372
1770017472349,ETH,A,Open Short,2228.0,0.368,0.098388,0.0,-2.858,372
1770017472349,ETH,A,Open Short,2228.0,0.347,0.092773,0.0,-3.226,372
1770017472349,ETH,A,Open Short,2228.0,0.365,0.097586,0.0,-3.573,372
1770017472349,ETH,A,Open Short,2228.0,0.365,0.097586,0.0,-3.938,372
1770017472349,ETH,A,Open Short,2228.0,0.365,0.097586,0.0,-4.303,372
1770017472349,ETH,A,Open Short,2228.0,0.365,0.097586,0.0,-4.668,372
1770017472349,ETH,A,Open Short,2228.0,0.368,0.098388,0.0,-5.033,372
1770017472349,ETH,A,Open Short,2228.0,0.366,0.097853,0.0,-5.401,372
1770017472349,ETH,A,Open Short,2228.0,0.366,0.097853,0.0,-5.767,372
1770017472349,ETH,A,Open Short,2228.0,0.368,0.098388,0.0,-6.133,372
1770017472445,ETH,A,Open Short,2228.0,0.366,0.097853,0.0,-6.501,372
1770017472445,ETH,A,Open Short,2228.0,0.368,0.098388,0.0,-6.867,372
1770017472445,ETH,A,Open Short,2228.0,0.366,0.097853,0.0,-7.235,372
1770017472445,ETH,A,Open Short,2228.0,0.365,0.097586,0.0,-7.601,372
1770017474037,ETH,A,Open Short,2228.0,0.0052,0.00139,0.0,-7.966,372
1770017474817,ETH,A,Open Short,2228.0,0.416,0.111221,0.0,-7.9712,372
1770017475133,ETH,A,Open Short,2228.0,99.5296,26.610233,0.0,-8.3872,372
1770017475133,ETH,A,Open Short,2228.0,0.8176,0.218593,0.0,-107.9168,372
1770017475212,ETH,A,Open Short,2228.0,0.449,0.120044,0.0,-108.7344,372
1770017475212,ETH,A,Open Short,2228.0,1.2042,0.321954,0.0,-109.1834,372
1770017475212,ETH,A,Open Short,2228.0,0.449,0.120044,0.0,-110.3876,372
1770017475212,ETH,A,Open Short,2228.0,0.409,0.10935,0.0,-110.8366,372
1770017475212,ETH,A,Open Short,2228.0,0.416,0.111221,0.0,-111.2456,372
1770017475212,ETH,A,Open Short,2228.0,0.416,0.111221,0.0,-111.6616,372
1770017475212,ETH,A,Open Short,2228.0,0.449,0.120044,0.0,-112.0776,372
1770017475212,ETH,A,Open Short,2228.0,0.445,0.118975,0.0,-112.5266,372
1770017475353,ETH,A,Open Short,2228.0,0.362,0.096784,0.0,-112.9716,372
1770017475353,ETH,A,Open Short,2228.0,0.449,0.120044,0.0,-113.3336,372
1770017475353,ETH,A,Open Short,2228.0,0.409,0.10935,0.0,-113.7826,372
1770017475353,ETH,A,Open Short,2228.0,0.409,0.10935,0.0,-114.1916,372
1770017475353,ETH,A,Open Short,2228.0,0.0089,0.002379,0.0,-114.6006,372
1770017475353,ETH,A,Open Short,2228.0,0.437,0.116836,0.0,-114.6095,372
1770017475353,ETH,A,Open Short,2228.0,0.312,0.083416,0.0,-115.0465,372
1770017475353,ETH,A,Open Short,2228.0,5.747,1.536517,0.0,-115.3585,372
1770017475353,ETH,A,Open Short,2228.0,13.7265,3.669917,0.0,-121.1055,372
1770017475353,ETH,A,Open Short,2228.0,0.301,0.080475,0.0,-134.832,372
1770017475353,ETH,A,Open Short,2228.0,0.336,0.089832,0.0,-135.133,372
1770017475353,ETH,A,Open Short,2228.0,0.449,0.120044,0.0,-135.469,372
1770017475353,ETH,A,Open Short,2228.0,0.115,0.030746,0.0,-135.918,372
1770017475353,ETH,A,Open Short,2228.0,0.341,0.091169,0.0,-136.033,372
1770017475414,ETH,A,Open Short,2228.0,0.449,0.120044,0.0,-136.374,372
1770017475414,ETH,A,Open Short,2228.0,79.7485,21.321558,0.0,-136.823,372
1770017475414,ETH,A,Open Short,2228.0,1.0,0.26736,0.0,-216.5715,372
1770017475414,ETH,A,Open Short,2228.0,0.316,0.084485,0.0,-217.5715,372
1770017475414,ETH,A,Open Short,2228.0,6.529,1.745593,0.0,-217.8875,372
1770018943949,ETH,B,Close Short,2236.2,9.0685,8.111591,-74.3617,-224.4165,373
1770018943949,ETH,B,Close Short,2236.3,1.7214,1.539826,-14.28762,-215.348,373
1770018943949,ETH,B,Close Short,2236.3,57.585,51.510934,-477.9555,-213.6266,373
1770018943949,ETH,B,Close Short,2236.3,2.4169,2.161965,-20.06027,-156.0416,373
1770018943949,ETH,B,Close Short,2236.4,0.005,0.004472,-0.042,-153.6247,373
1770018943949,ETH,B,Close Short,2236.4,0.0045,0.004025,-0.0378,-153.6197,373
1770018943949,ETH,B,Close Short,2236.4,19.238,17.209545,-161.5992,-153.6152,373
1770018943949,ETH,B,Close Short,2236.5,1.5859,1.418746,-13.48015,-134.3772,373
1770018943949,ETH,B,Close Short,2236.5,132.7913,118.795096,-1128.72605,-132.7913,373
1770076800013,@142,A,Spot Dust Conversion,78689.902,0.0000046009,0.0,0.0,0.0000046009,374
1770078706748,@142,B,Buy,78854.0,0.02,0.0000119999,0.0,0.0,375
1770078706748,@142,B,Buy,78854.0,0.06,0.000036,0.0,0.0199880001,375
1770078706748,@142,B,Buy,78854.0,0.04131,0.0000247859,0.0,0.0799520001,375
1770078706748,@142,B,Buy,78854.0,0.0055,0.0000032999,0.0,0.1212372142,375
1770079533447,@142,B,Buy,78892.0,0.0814,0.0000488399,0.0,0.1267339143,377
1770079533447,@142,B,Buy,78892.0,0.02,0.0000119999,0.0,0.2080850744,377
1770079533447,@142,B,Buy,78902.0,0.02,0.0000119999,0.0,0.2280730745,377
1770079533447,@142,B,Buy,78903.0,0.00533,0.0000031979,0.0,0.2480610746,377
1770082353321,@142,B,Buy,78815.0,0.01283,0.0000038489,0.0,0.2533878767,378
1770082355347,@142,B,Buy,78815.0,0.01113,0.0000033389,0.0,0.2662140278,378
1770082356358,@142,B,Buy,78815.0,0.01219,0.0000036569,0.0,0.2773406889,378
1770082358180,@142,B,Buy,78815.0,0.01357,0.0000040709,0.0,0.289527032,378
1770082360178,@142,B,Buy,78815.0,0.01598,0.000004794,0.0,0.3030929611,378
1770082425984,@142,B,Buy,78815.0,0.03624,0.0000108719,0.0,0.3190681671,378
1770082426050,@142,B,Buy,78815.0,0.01,0.0000029999,0.0,0.3552972952,378
1770082426050,@142,B,Buy,78815.0,0.01329,0.0000039869,0.0,0.3652942953,378
1770082426050,@142,B,Buy,78815.0,0.00164,0.0000004919,0.0,0.3785803084,378
1770084630100,@142,B,Buy,78678.0,0.01038,0.0000031139,0.0,0.3802198165,376
1770084638085,@142,B,Buy,78678.0,0.06,0.000018,0.0,0.3905967026,376
1770084638085,@142,B,Buy,78678.0,0.0102,0.0000030599,0.0,0.4505787026,376
1770084638085,@142,B,Buy,78678.0,0.00579,0.0000017369,0.0,0.4607756427,376
1770084638141,@142,B,Buy,78678.0,0.03,0.000009,0.0,0.4665639058,376
1770084638497,@142,B,Buy,78678.0,0.00252,0.0000007559,0.0,0.4965549058,376
1770084638561,@142,B,Buy,78678.0,0.00252,0.0000007559,0.0,0.4990741499,376
1770084638645,@142,B,Buy,78678.0,0.00569,0.0000017069,0.0,0.501593394,376
1770098835490,@142,B,Buy,78038.0,0.0444,0.0000133199,0.0,0.5072816871,379
1770098835490,@142,B,Buy,78038.0,0.03716,0.0000111479,0.0,0.5516683672,379
1770098835490,@142,B,Buy,78038.0,0.31522,0.0000945659,0.0,0.5888172193,379
1770098835490,@142,B,Buy,78038.0,0.13303,0.0000399089,0.0,0.9039426534,379
1770098835741,@142,B,Buy,78038.0,0.14959,0.0000448769,0.0,1.0369327445,379
1770098835741,@142,B,Buy,78038.0,0.25007,0.0000750209,0.0,1.1864778676,379
1770098835741,@142,B,Buy,78038.0,0.17346,0.0000520379,0.0,1.4364728467,379
1770098835741,@142,B,Buy,78038.0,0.12736,0.0000382079,0.0,1.6098808088,379
1770098835741,@142,B,Buy,78038.0,0.05113,0.0000153389,0.0,1.7372026009,379
1770102728741,@142,A,Sell,78778.0,1.17759,27.8304555,581.87709254,1.788317262,380
1770102728797,@142,A,Sell,78778.0,0.02,0.47266799,9.88250737,0.610727262,380
1770102728937,@142,A,Sell,78778.0,0.02636,0.62297642,13.02514472,0.590727262,380
1770102730050,@142,A,Sell,78778.0,0.28436,6.72039362,140.50948976,0.564367262,380
1770102730493,@142,A,Sell,78778.0,0.02,0.47266799,9.88250737,0.280007262,380
1770102732719,@142,A,Sell,78778.0,0.00636,0.15030842,3.14263735,0.260007262,380
1770103241841,@142,A,Sell,78621.0,0.06,1.415178,20.22752211,0.253647262,381
1770103241841,@142,A,Sell,78621.0,0.03,0.707589,10.11376106,0.193647262,381
1770103241841,@142,A,Sell,78621.0,0.16364,3.85966213,55.1671953,0.163647262,381
1770108985198,BTC,A,Open Short,78671.0,0.01084,0.102335,0.0,0.0,382
1770109002891,ETH,A,Open Short,2314.5,4.3205,1.199975,0.0,0.0,383
1770109005175,BTC,A,Open Short,78671.0,0.00508,0.047957,0.0,-0.01084,382
1770109006280,BTC,A,Open Short,78671.0,0.00015,0.001416,0.0,-0.01592,382
1770109006332,BTC,A,Open Short,78671.0,0.02543,0.240072,0.0,-0.01607,382
1770109010133,BTC,A,Open Short,78671.0,0.0151,0.142551,0.0,-0.0415,382
1770109019531,BTC,A,Open Short,78671.0,0.00999,0.09431,0.0,-0.0566,382
1770109020747,BTC,A,Open Short,78671.0,0.00015,0.001416,0.0,-0.06659,382
1770109020969,BTC,A,Open Short,78671.0,0.06037,0.569924,0.0,-0.06674,382
1770121819192,ETH,A,Open Short,2294.7,0.0134,0.003689,0.0,-4.3205,384
1770122363846,ETH,A,Open Short,2294.7,8.7023,2.3963,0.0,-4.3339,384
1770130487064,ETH,A,Open Short,2266.2,0.0326,0.029551,0.0,-13.0362,386
1770130487064,ETH,A,Open Short,2266.1,0.06,0.054386,0.0,-13.0688,386
1770130487064,ETH,A,Open Short,2266.0,0.01,0.009064,0.0,-13.1288,386
1770130487064,ETH,A,Open Short,2266.0,0.06,0.054384,0.0,-13.1388,386
1770130487064,ETH,A,Open Short,2265.7,1.0802,0.978963,0.0,-13.1988,386
1770130487064,ETH,A,Open Short,2265.7,0.06,0.054376,0.0,-14.279,386
1770130487064,ETH,A,Open Short,2265.6,0.254,0.230184,0.0,-14.339,386
1770130487064,ETH,A,Open Short,2265.6,4.97,4.504012,0.0,-14.593,386
1770130487064,ETH,A,Open Short,2265.5,1.0602,0.960753,0.0,-19.563,386
1770130487064,ETH,A,Open Short,2265.5,1.241,1.124594,0.0,-20.6232,386
1770132383028,ETH,A,Open Short,2278.5,8.7777,2.399998,0.0,-21.8642,385
1770132386902,ETH,A,Open Short,2285.0,7.9543,2.181069,0.0,-30.6419,387
1770150204195,ETH,A,Open Short,2222.0,9.0009,2.399999,0.0,-38.5962,388
1770150367229,BTC,A,Open Short,75625.0,0.01905,0.172878,0.0,-0.12711,389
1770150367303,BTC,A,Open Short,75625.0,0.00139,0.012614,0.0,-0.14616,389
1770150367575,BTC,A,Open Short,75625.0,0.03984,0.361548,0.0,-0.14755,389
1770163200018,@142,A,Spot Dust Conversion,75672.0,0.000007262,0.0,0.0,0.000007262,390
1770196360818,ETH,A,Open Short,2273.3,5.1606,1.407791,0.0,-47.5971,391
1770196360818,ETH,A,Open Short,2273.3,3.6371,0.992186,0.0,-52.7577,391
1770254967057,ETH,B,Close Short,2162.9,0.9378,0.811347,103.082976,-56.3948,392
1770254967057,ETH,B,Close Short,2162.9,2.0844,1.803339,229.117248,-55.457,392
1770254967057,ETH,B,Close Short,2162.9,3.4675,2.999942,381.1476,-53.3726,392
1770254967057,ETH,B,Close Short,2162.9,2.5014,2.164111,274.953888,-49.9051,392
1770254967057,ETH,B,Close Short,2163.0,0.061,0.052777,6.69902,-47.4037,392
1770254967057,ETH,B,Close Short,2163.0,1.791,1.549573,196.68762,-47.3427,392
1770254967057,ETH,B,Close Short,2163.0,13.9124,12.037008,1527.859768,-45.5517,392
1770254967057,ETH,B,Close Short,2163.1,1.7566,1.51988,192.734152,-31.6393,392
1770254967057,ETH,B,Close Short,2163.2,13.9124,12.038121,1525.077288,-29.8827,392
1770254967057,ETH,B,Close Short,2163.4,0.3126,0.270511,34.204692,-15.9703,392
1770254967057,ETH,B,Close Short,2163.4,13.9124,12.039234,1522.294808,-15.6577,392
1770254967057,ETH,B,Close Short,2163.4,1.7453,1.510312,190.970726,-1.7453,392
1770254970977,BTC,B,Close Short,73011.0,0.10593,3.093622,495.762993,-0.18739,393
1770254970977,BTC,B,Close Short,73011.0,0.06864,2.00459,321.242064,-0.08146,393
1770254970977,BTC,B,Close Short,73011.0,0.01282,0.3744,59.998882,-0.01282,393
1770255088364,ETH,B,Open Long,2167.6,2.2561,1.956128,0.0,0.0,394
1770255088364,ETH,B,Open Long,2167.6,2.3568,2.043439,0.0,2.2561,394
1770257615121,ETH,B,Open Long,2126.0,0.0339,0.008648,0.0,4.6129,395
1770257615121,ETH,B,Open Long,2126.0,0.047,0.01199,0.0,4.6468,395
1770257615121,ETH,B,Open Long,2126.0,4.5059,1.149545,0.0,4.6938,395
1770260355029,ETH,B,Open Long,2126.0,0.5997,0.152995,0.0,9.1997,396
1770260355029,ETH,B,Open Long,2126.0,0.6704,0.171032,0.0,9.7994,396
1770260355159,ETH,B,Open Long,2126.0,7.9725,2.033944,0.0,10.4698,396
1770264439533,ETH,A,Close Long,2096.8,4.0824,3.42399,-161.66304,18.4423,397
1770264439533,ETH,A,Close Long,2096.8,14.3599,12.043935,-568.65204,14.3599,397
1770284984981,@151,B,Buy,2125.0,0.0687,0.00002061,0.0,0.0,398
1770285853108,@151,B,Buy,2125.0,4.2002,0.001260059,0.0,0.06867939,398
1770285856217,@151,B,Buy,2125.0,4.0306,0.001209179,0.0,4.267619331,398
1770285856325,@151,B,Buy,2125.0,0.81,0.000242999,0.0,8.297010152,398
1770285856325,@151,B,Buy,2125.0,0.3022,0.00009066,0.0,9.106767153,398
1770290735517,@151,A,Sell,2064.5,3.8703,4.7941406,-236.62120404,9.408876493,399
1770290735517,@151,A,Sell,2064.3,3.8703,4.79367617,-237.39526403,5.538576493,399
1770290735517,@151,A,Sell,2064.1,1.6678,2.06550358,-102.63256042,1.668276493,399
1770308217064,ETH,A,Open Short,1967.0,3.6351,0.858029,0.0,0.0,400
1770308217256,ETH,A,Open Short,1967.0,0.255,0.06019,0.0,-3.6351,400
1770308217256,ETH,A,Open Short,1967.0,11.3615,2.681768,0.0,-3.8901,400
1770317955362,ETH,A,Open Short,1954.0,1.5531,0.36417,0.0,-15.2516,401
1770317955750,ETH,A,Open Short,1954.0,0.0103,0.002415,0.0,-16.8047,401
1770317955942,ETH,A,Open Short,1954.0,2.561,0.600503,0.0,-16.815,401
1770317956070,ETH,A,Open Short,1954.0,0.0086,0.002016,0.0,-19.376,401
1770317956151,ETH,A,Open Short,1954.0,11.1774,2.620876,0.0,-19.3846,401
1770318560474,ETH,A,Open Short,1935.0,0.0981,0.022778,0.0,-30.562,402
1770318560686,ETH,A,Open Short,1935.0,15.4057,3.577203,0.0,-30.6601,402
1770336184538,ETH,B,Close Short,1810.0,46.0657,10.00547,6536.72283,-46.0658,403
1770341116006,ETH,B,Close Short,1900.8,0.0001,0.000076,0.00511,-0.0001,404
1770373237888,ETH,A,Open Short,1933.0,15.5199,3.599996,0.0,0.0,405
1770381822950,ETH,B,Close Short,1921.8,0.9951,0.764953,11.14512,-15.5199,406
1770381822950,ETH,B,Close Short,1921.8,9.4189,7.240496,105.49168,-14.5248,406
1770381822950,ETH,B,Close Short,1921.8,5.1059,3.925007,57.18608,-5.1059,406
1770389005083,@151,B,Buy,1976.4,5.0597,0.001517909,0.0,0.000476493,407
1770405997654,@151,B,Buy,2055.1,4.8659,0.002919539,0.0,5.058658584,408
1770436686875,@151,B,Buy,2076.5,0.2274,0.000068219,0.0,9.921639045,409
1770437183405,@151,B,Buy,2089.8,0.9,0.000539999,0.0,10.148970826,410
1770437183405,@151,B,Buy,2089.9,9.7471,0.005848259,0.0,11.048430827,410
1770437183405,@151,B,Buy,2089.9,0.9,0.000539999,0.0,20.789682568,410
1770437183405,@151,B,Buy,2089.9,5.4197,0.003251819,0.0,21.689142569,410
1770437183405,@151,B,Buy,2090.0,5.6679,0.003400739,0.0,27.10559075,410
1770437183405,@151,B,Buy,2090.0,0.9,0.000539999,0.0,32.770090011,410
1770437183405,@151,B,Buy,2090.0,0.3715,0.000222899,0.0,33.669550012,410
1770444798549,@151,A,Sell,2081.2,1.2103,1.51132581,14.59460281,34.040827113,411
1770444798549,@151,A,Sell,2081.1,12.0156,15.00339909,143.69054069,32.830527113,411
1770444798549,@151,A,Sell,2081.0,1.2042,1.50356412,14.28020495,20.814927113,411
1770444798549,@151,A,Sell,2081.0,0.9,1.12373999,10.67279892,19.610727113,411
1770444798549,@151,A,Sell,2080.9,5.705,7.12292069,67.08318645,18.710727113,411
1770444798549,@151,A,Sell,2080.8,12.0169,15.00285931,140.10101698,13.005727113,411
1770444798549,@151,A,Sell,2080.8,0.9888,1.23449702,11.52808841,0.988827113,411
1770456670071,ETH,A,Open Short,2021.6,0.0341,0.008272,0.0,0.0,414
1770456671215,ETH,A,Open Short,2021.6,1.8385,0.446005,0.0,-0.0341,414
1770456672035,ETH,A,Open Short,2021.6,8.0205,1.945709,0.0,-1.8726,414
1770463740895,ETH,A,Open Short,2007.8,5.6375,1.358276,0.0,-9.8931,415
1770463740895,ETH,A,Open Short,2007.8,4.3236,1.04171,0.0,-15.5306,415
1770466567584,ETH,A,Open Short,2052.0,9.7465,2.399978,0.0,-19.8542,412
1770466768120,ETH,A,Open Short,2066.0,7.4531,1.847772,0.0,-29.6007,413
1770470543039,ETH,B,Close Short,2045.0,20.2089,16.53088,-205.928691,-37.0538,416
1770470543039,ETH,B,Close Short,2045.0,7.2056,5.89418,-73.425064,-16.8449,416
1770470543039,ETH,B,Close Short,2045.0,8.7802,7.182203,-89.470238,-9.6393,416
1770470543039,ETH,B,Close Short,2045.0,0.8591,0.702743,-8.754229,-0.8591,416
1770472006705,ETH,A,Open Short,2034.7,0.3687,0.090023,0.0,0.0,417
1770472007720,ETH,A,Open Short,2034.7,0.552,0.134778,0.0,-0.3687,417
1770472007923,ETH,A,Open Short,2034.7,0.4416,0.107822,0.0,-0.9207,417
1770472010752,ETH,A,Open Short,2034.7,5.6476,1.37894,0.0,-1.3623,417
1770472010877,ETH,A,Open Short,2034.7,9.0362,2.206314,0.0,-7.0099,417
1770472010877,ETH,A,Open Short,2034.7,20.5567,5.019206,0.0,-16.0461,417
1770472010877,ETH,A,Open Short,2034.7,0.2576,0.062896,0.0,-36.6028,417
1770475500890,ETH,B,Close Short,2029.0,0.4,0.32464,2.28,-36.8604,418
1770475500890,ETH,B,Close Short,2029.2,0.0003,0.000243,0.00165,-36.4604,418
1770475500890,ETH,B,Close Short,2029.4,0.0493,0.040019,0.26129,-36.4601,418
1770475500890,ETH,B,Close Short,2029.4,0.06,0.048705,0.318,-36.4108,418
1770475500890,ETH,B,Close Short,2029.4,0.6561,0.532595,3.47733,-36.3508,418
1770475500890,ETH,B,Close Short,2029.4,0.6811,0.552889,3.60983,-35.6947,418
1770475500890,ETH,B,Close Short,2029.4,1.9586,1.589913,10.38058,-35.0136,418
1770475500890,ETH,B,Close Short,2029.4,1.0678,0.866797,5.65934,-33.055,418
1770475669540,ETH,A,Open Short,2019.1,3.4277,2.768347,0.0,-31.9872,422
1770475669540,ETH,A,Open Short,2019.1,4.9328,3.983926,0.0,-35.4149,422
1770475669540,ETH,A,Open Short,2019.1,1.5414,1.244896,0.0,-40.3477,422
1770476716485,ETH,A,Open Short,2034.0,4.9164,1.199994,0.0,-41.8891,419
1770476804919,ETH,A,Open Short,2038.0,1.0092,0.246809,0.0,-46.8055,421
1770476805608,ETH,A,Open Short,2038.0,0.2781,0.068012,0.0,-47.8147,421
1770476805608,ETH,A,Open Short,2038.0,3.6194,0.88516,0.0,-48.0928,421
1770478350232,ETH,A,Open Short,2052.0,1.3647,0.336043,0.0,-51.7122,420
1770488419603,ETH,B,Close Short,2075.7,0.232,0.192624,-10.02936,-53.0769,423
1770488419603,ETH,B,Close Short,2075.7,8.0021,6.643983,-345.930783,-52.8449,423
1770488419603,ETH,B,Close Short,2075.7,0.012,0.009963,-0.51876,-44.8428,423
1770488419603,ETH,B,Close Short,2075.7,0.012,0.009963,-0.51876,-44.8308,423
1770488419603,ETH,B,Close Short,2075.9,0.9634,0.799968,-41.840462,-44.8188,423
1770488419603,ETH,B,Close Short,2076.0,0.0506,0.042018,-2.202618,-43.8554,423
1770488419603,ETH,B,Close Short,2076.0,7.2257,6.000221,-314.534721,-43.8048,423
1770488419603,ETH,B,Close Short,2076.0,0.3,0.24912,-13.059,-36.5791,423
1770488419603,ETH,B,Close Short,2076.0,6.9715,5.789133,-303.469395,-36.2791,423
1770488419603,ETH,B,Close Short,2076.0,28.2142,23.429071,-1228.164126,-29.3076,423
1770488419603,ETH,B,Close Short,2076.1,1.0934,0.908003,-47.705042,-1.0934,423
1770508800042,@151,A,Spot Dust Conversion,2086.4,0.000027113,0.0,0.0,0.000027113,424
1770640315800,ETH,A,Open Short,2032.5,0.3453,0.280728,0.0,0.0,425
1770640325068,ETH,A,Open Short,2032.5,0.0084,0.002048,0.0,-0.3453,425
1770640326274,ETH,A,Open Short,2032.5,0.1845,0.044999,0.0,-0.3537,425
1770640355045,ETH,A,Open Short,2032.5,0.0084,0.002048,0.0,-0.5382,425
1770640505092,ETH,A,Open Short,2032.5,0.0084,0.002048,0.0,-0.5466,425
1770640517739,ETH,A,Open Short,2032.5,0.0059,0.001439,0.0,-0.555,425
1770640528356,ETH,A,Open Short,2032.5,10.1898,2.485292,0.0,-0.5609,425
1770640528356,ETH,A,Open Short,2032.5,4.0094,0.977892,0.0,-10.7507,425
1770649501800,ETH,A,Open Short,2065.0,14.5278,3.599988,0.0,-14.7601,426
1770658533388,ETH,A,Open Short,2117.0,10.99,2.791899,0.0,-29.2879,427
1770705621699,ETH,B,Close Short,2037.0,40.2778,9.845505,1219.209006,-40.2779,428
1770706324579,ETH,B,Close Short,2001.4,0.0001,0.00008,0.006587,-0.0001,429
1770819024275,ETH,A,Open Short,1994.0,25.0752,5.999993,0.0,0.0,430
1770824405329,ETH,A,Open Short,1930.8,25.896,5.999999,0.0,-25.0752,431
1770857938283,ETH,B,Close Short,1960.1,3.6,2.822544,6.444,-50.9712,432
1770857938283,ETH,B,Close Short,1960.1,3.0,2.35212,5.37,-47.3712,432
1770857938283,ETH,B,Close Short,1960.1,0.8109,0.635778,1.451511,-44.3712,432
1770857938283,ETH,B,Close Short,1960.1,1.4947,1.171904,2.675513,-43.5603,432
1770857938283,ETH,B,Close Short,1960.1,4.0575,3.181242,7.262925,-42.0656,432
1770857938283,ETH,B,Close Short,1960.1,0.658,0.515898,1.17782,-38.0081,432
1770857938283,ETH,B,Close Short,1960.1,3.0,2.35212,5.37,-37.3501,432
1770857938283,ETH,B,Close Short,1960.1,0.7012,0.549768,1.255148,-34.3501,432
1770857938283,ETH,B,Close Short,1960.1,4.5243,3.547232,8.098497,-33.6489,432
1770857938283,ETH,B,Close Short,1960.1,1.1848,0.92893,2.120792,-29.1246,432
1770857938283,ETH,B,Close Short,1960.1,2.9587,2.319739,5.296073,-27.9398,432
1770857938283,ETH,B,Close Short,1960.1,1.25,0.98005,2.2375,-24.9811,432
1770857938283,ETH,B,Close Short,1960.1,2.3767,1.863427,4.254293,-23.7311,432
1770857938283,ETH,B,Close Short,1960.1,2.7687,2.170771,4.955973,-21.3544,432
1770857938283,ETH,B,Close Short,1960.1,1.849,1.449689,3.30971,-18.5857,432
1770857938283,ETH,B,Close Short,1960.1,2.766,2.168654,4.95114,-16.7367,432
1770857938283,ETH,B,Close Short,1960.1,5.3693,4.209745,9.611047,-13.9707,432
1770857938283,ETH,B,Close Short,1960.1,8.6014,6.743841,15.396506,-8.6014,432
1770877369578,ETH,A,Open Short,1970.9,25.3691,5.999995,0.0,0.0,433
1770895165391,ETH,B,Close Short,1991.7,1.5727,1.252938,-32.71216,-25.3691,434
1770895165391,ETH,B,Close Short,1991.7,1.6209,1.291338,-33.71472,-23.7964,434
1770895165391,ETH,B,Close Short,1991.7,0.1836,0.14627,-3.81888,-22.1755,434
1770895165391,ETH,B,Close Short,1991.7,21.9919,17.520506,-457.43152,-21.9919,434
1770909378397,ETH,A,Open Short,1970.0,18.2181,4.306758,0.0,0.0,435
1770909378397,ETH,A,Open Short,1970.0,32.5433,7.693236,0.0,-18.2181,435
1770934758692,ETH,B,Close Short,1921.7,1.0407,0.799965,50.26581,-50.7614,436
1770934758692,ETH,B,Close Short,1921.8,0.0079,0.006072,0.38078,-49.7207,436
1770934758692,ETH,B,Close Short,1921.9,0.0079,0.006073,0.37999,-49.7128,436
1770934758692,ETH,B,Close Short,1921.9,2.5952,1.995085,124.82912,-49.7049,436
1770934758692,ETH,B,Close Short,1921.9,0.06,0.046125,2.886,-47.1097,436
1770934758692,ETH,B,Close Short,1921.9,8.9619,6.88955,431.06739,-47.0497,436
1770934758692,ETH,B,Close Short,1921.9,0.642,0.493543,30.8802,-38.0878,436
1770934758692,ETH,B,Close Short,1921.9,1.1716,0.900679,56.35396,-37.4458,436
1770934758692,ETH,B,Close Short,1922.0,5.8582,4.503784,281.1936,-36.2742,436
1770934758692,ETH,B,Close Short,1922.0,0.0079,0.006073,0.3792,-30.416,436
1770934758692,ETH,B,Close Short,1922.0,0.052,0.039977,2.496,-30.4081,436
1770934758692,ETH,B,Close Short,1922.0,0.8046,0.618576,38.6208,-30.3561,436
1770934758692,ETH,B,Close Short,1922.0,0.8649,0.664935,41.5152,-29.5515,436
1770934758692,ETH,B,Close Short,1922.0,0.503,0.386706,24.144,-28.6866,436
1770934758692,ETH,B,Close Short,1922.0,2.5952,1.995189,124.5696,-28.1836,436
1770934758692,ETH,B,Close Short,1922.0,0.4336,0.333351,20.8128,-25.5884,436
1770934758692,ETH,B,Close Short,1922.0,7.7414,5.951588,371.5872,-25.1548,436
1770934758692,ETH,B,Close Short,1922.0,17.4134,13.387421,835.8432,-17.4134,436
1770944775123,ETH,B,Open Long,1937.4,0.0525,0.012205,0.0,0.0,437
1770945901676,ETH,B,Open Long,1937.4,0.3968,0.092251,0.0,0.0525,437
1770945905082,ETH,B,Open Long,1937.4,0.0063,0.001464,0.0,0.4493,437
1770945905279,ETH,B,Open Long,1937.4,0.1425,0.033129,0.0,0.4556,437
1770945905483,ETH,B,Open Long,1937.4,6.8233,1.586335,0.0,0.5981,437
1770945905483,ETH,B,Open Long,1937.4,6.8233,1.586335,0.0,7.4214,437
1770945905483,ETH,B,Open Long,1937.4,1.2399,0.288261,0.0,14.2447,437
1770946979156,ETH,B,Open Long,1948.0,0.4168,0.097431,0.0,15.4846,438
1770946979156,ETH,B,Open Long,1948.0,0.2753,0.064354,0.0,15.9014,438
1770946979156,ETH,B,Open Long,1948.0,14.7083,3.438212,0.0,16.1767,438
1770949267283,ETH,B,Open Long,1942.5,15.444,3.599996,0.0,30.885,439
1770953516639,ETH,B,Open Long,1955.7,0.06,0.046936,0.0,46.329,440
1770953516639,ETH,B,Open Long,1955.8,0.0077,0.006023,0.0,46.389,440
1770953516639,ETH,B,Open Long,1955.9,0.0077,0.006024,0.0,46.3967,440
1770953516639,ETH,B,Open Long,1956.0,0.06,0.046944,0.0,46.4044,440
1770953516639,ETH,B,Open Long,1956.0,0.0511,0.03998,0.0,46.4644,440
1770953516639,ETH,B,Open Long,1956.0,0.0077,0.006024,0.0,46.5155,440
1770953516639,ETH,B,Open Long,1956.1,5.7562,4.503881,0.0,46.5232,440
1770953516639,ETH,B,Open Long,1956.1,0.0133,0.010406,0.0,52.2794,440
1770953516639,ETH,B,Open Long,1956.1,0.0077,0.006024,0.0,52.2927,440
1770953516639,ETH,B,Open Long,1956.1,0.013,0.010171,0.0,52.3004,440
1770953516639,ETH,B,Open Long,1956.1,1.1511,0.900666,0.0,52.3134,440
1770953516639,ETH,B,Open Long,1956.2,3.0946,2.421462,0.0,53.4645,440
1770959625588,ETH,A,Close Long,1937.8,7.9347,6.150344,-57.605922,56.5591,441
1770959625588,ETH,A,Close Long,1937.8,0.3683,0.285476,-2.673858,48.6244,441
1770959625588,ETH,A,Close Long,1937.8,0.2141,0.165953,-1.554366,48.2561,441
1770959625588,ETH,A,Close Long,1937.8,0.1504,0.116578,-1.091904,48.042,441
1770959625588,ETH,A,Close Long,1937.8,0.3062,0.237341,-2.223012,47.8916,441
1770959625588,ETH,A,Close Long,1937.8,0.1358,0.105261,-0.985908,47.5854,441
1770959625588,ETH,A,Close Long,1937.8,0.362,0.280593,-2.62812,47.4496,441
1770959625588,ETH,A,Close Long,1937.8,3.5208,2.729042,-25.561008,47.0876,441
1770959625588,ETH,A,Close Long,1937.8,2.3883,1.851219,-17.339058,43.5668,441
1770959625588,ETH,A,Close Long,1937.8,1.4698,1.139271,-10.670748,41.1785,441
1770959625588,ETH,A,Close Long,1937.8,1.6363,1.268328,-11.879538,39.7087,441
1770959625588,ETH,A,Close Long,1937.8,6.6704,5.17036,-48.427104,38.0724,441
1770959625588,ETH,A,Close Long,1937.8,2.8865,2.237383,-20.95599,31.402,441
1770959625588,ETH,A,Close Long,1937.8,5.6632,4.389659,-41.114832,28.5155,441
1770959625588,ETH,A,Close Long,1937.8,22.8523,17.713274,-165.907698,22.8523,441
1770997111149,@151,B,Buy,2042.9,1.4693,0.000881579,0.0,0.0,442
1770997111149,@151,B,Buy,2043.0,1.4693,0.000881579,0.0,1.468418421,442
1770997111149,@151,B,Buy,2043.1,0.2026,0.000121559,0.0,2.936836842,442
1770997111149,@151,B,Buy,2043.3,6.6406,0.003984359,0.0,3.139315283,442
1771029500097,@151,B,Buy,2047.1,1.3529,0.000811739,0.0,9.775930924,443
1771044605896,@151,B,Buy,2054.7,1.2113,0.000726779,0.0,11.128019185,444
1771044605896,@151,B,Buy,2054.7,8.5234,0.005114039,0.0,12.338592406,444
1771050829475,@151,B,Buy,2050.8,0.9991,0.000599459,0.0,20.856878367,445
1771059019789,@151,B,Buy,2078.0,17.2736,0.01036416,0.0,21.855378908,446
1771059019789,@151,B,Buy,2078.0,2.6494,0.00158964,0.0,39.118614748,446
1771059019789,@151,B,Buy,2078.2,0.6226,0.000373559,0.0,41.766425108,446
1771059019789,@151,B,Buy,2078.2,1.84,0.001103999,0.0,42.388651549,446
1771059019789,@151,B,Buy,2078.2,0.1931,0.000115859,0.0,44.22754755,446
1771059019789,@151,B,Buy,2078.3,17.2736,0.010364159,0.0,44.420531691,446
1771059019789,@151,B,Buy,2078.3,0.2894,0.000173639,0.0,61.683767532,446
1771059019789,@151,B,Buy,2078.4,0.7996,0.000479759,0.0,61.972993893,446
1771059019789,@151,B,Buy,2078.4,4.2763,0.002565779,0.0,62.772114134,446
1771059019789,@151,B,Buy,2078.5,2.752,0.001651199,0.0,67.045848355,446
1771059019789,@151,B,Buy,2078.5,24.0946,0.014456759,0.0,69.796197156,446
1771059019789,@151,B,Buy,2078.6,0.1931,0.000115859,0.0,93.876340397,446
1771059019789,@151,B,Buy,2078.6,5.5043,0.003302579,0.0,94.069324538,446
1771162194687,@151,A,Sell,2011.8,12.4279,15.00146953,-761.89134921,99.570321959,447
1771162194687,@151,A,Sell,2011.7,12.4285,15.00144806,-763.17098216,87.142421959,447
1771162194687,@151,A,Sell,2011.7,1.5549,1.87679539,-95.47850184,74.713921959,447
1771162194687,@151,A,Sell,2011.6,12.4279,14.99997818,-764.37692921,73.159021959,447
1771162194687,@151,A,Sell,2011.4,0.2894,0.34925949,-17.8574023,60.731121959,447
1771162194687,@151,A,Sell,2011.3,2.2433,2.70716957,-138.64696511,60.441721959,447
1771162194687,@151,A,Sell,2011.2,24.8621,30.00159331,-1539.08617938,58.198421959,447
1771162194687,@151,A,Sell,2011.2,2.4786,2.99097619,-153.43752153,33.336321959,447
1771162194687,@151,A,Sell,2011.1,1.1698,1.41155086,-72.53334919,30.857721959,447
1771162194687,@151,A,Sell,2010.9,24.866,30.00182363,-1546.78740855,29.687921959,447
1771162194687,@151,A,Sell,2010.9,1.792,2.16211967,-111.47120711,4.821921959,447
1771162194687,@151,A,Sell,2010.8,3.0249,3.64948135,-188.46613641,3.029921959,447
1771214873568,@151,B,Buy,1964.2,0.9,0.000539999,0.0,0.005021959,448
1771214873568,@151,B,Buy,1964.3,12.7284,0.007637039,0.0,0.90448196,448
1771214873568,@151,B,Buy,1964.3,0.7575,0.000454499,0.0,13.625244921,448
1771214873568,@151,B,Buy,1964.4,2.8512,0.001710719,0.0,14.382290422,448
1771214873568,@151,B,Buy,1964.4,4.1308,0.002478479,0.0,17.231779703,448
1771214873568,@151,B,Buy,1964.4,17.2396,0.010343759,0.0,21.360101224,448
1771214873568,@151,B,Buy,1964.5,12.7271,0.007636259,0.0,38.589357465,448
1771214873568,@151,B,Buy,1964.6,1.2223,0.000733379,0.0,51.308821206,448
1771214873568,@151,B,Buy,1964.6,0.515,0.000308999,0.0,52.530387827,448
1771214873568,@151,B,Buy,1964.6,4.2638,0.002558279,0.0,53.045078828,448
1771214873568,@151,B,Buy,1964.7,0.9044,0.000542639,0.0,57.306320549,448
1771214873568,@151,B,Buy,1964.7,12.7262,0.007635719,0.0,58.21017791,448
1771214873568,@151,B,Buy,1964.7,17.2396,0.010343759,0.0,70.928742191,448
1771214873568,@151,B,Buy,1964.8,0.1531,0.000091859,0.0,88.157998432,448
1771214873568,@151,B,Buy,1964.9,13.5138,0.008108279,0.0,88.311006573,448
1771243451025,@151,A,Sell,1974.7,0.9,1.06633799,8.0533361,101.816698294,449
1771243451025,@151,A,Sell,1974.7,12.6614,15.00147994,113.29612189,100.916698294,449
1771243451025,@151,A,Sell,1974.5,12.6626,15.00138221,110.77433967,88.255298294,449
1771243451025,@151,A,Sell,1974.5,4.0309,4.77540722,35.26292277,75.592698294,449
1771243451025,@151,A,Sell,1974.5,3.7453,4.4370569,32.76445078,71.561798294,449
1771243451025,@151,A,Sell,1974.4,0.1005,0.11905631,0.8691392,67.816498294,449
1771243451025,@151,A,Sell,1974.4,4.5016,5.33277542,38.93051755,67.715998294,449
1771243451025,@151,A,Sell,1974.3,12.6633,15.00069191,108.24780338,63.214398294,449
1771243451025,@151,A,Sell,1974.3,5.0029,5.92633528,42.76554576,50.551098294,449
1771243451025,@151,A,Sell,1974.2,12.6646,15.00147199,106.99245598,45.548198294,449
1771243451025,@151,A,Sell,1974.1,0.1005,0.11903822,0.8389892,32.883598294,449
1771243451025,@151,A,Sell,1974.1,2.744,3.25015824,22.90732696,32.783098294,449
1771243451025,@151,A,Sell,1974.0,16.9376,20.06089343,139.70388617,30.039098294,449
1771243451025,@151,A,Sell,1973.8,12.6665,15.00068261,101.94190748,13.101498294,449
1771243451025,@151,A,Sell,1973.8,0.4349,0.51504337,3.50014098,0.434998294,449
1771245751739,@151,B,Buy,1995.1,0.6641,0.000398459,0.0,0.000098294,450
1771245751739,@151,B,Buy,1995.1,4.4549,0.002672939,0.0,0.663799835,450
1771245751739,@151,B,Buy,1995.1,25.81,0.015485999,0.0,5.116026896,450
1771245751739,@151,B,Buy,1995.1,12.5319,0.007519139,0.0,30.910540897,450
1771245751739,@151,B,Buy,1995.4,12.5313,0.007518779,0.0,43.434921758,450
1771245751739,@151,B,Buy,1995.5,0.3046,0.00018276,0.0,55.958702979,450
1771245751739,@151,B,Buy,1995.6,9.4648,0.005678879,0.0,56.263120219,450
1771245751739,@151,B,Buy,1995.6,0.9251,0.000555059,0.0,65.72224134,450
1771245751739,@151,B,Buy,1995.7,25.0575,0.015034499,0.0,66.646786281,450
1771245751739,@151,B,Buy,1995.7,8.022,0.004813199,0.0,91.689251782,450
1771245751739,@151,B,Buy,1995.8,0.9119,0.000547139,0.0,99.706438583,450
1771249743968,@151,A,Sell,1972.4,1.5231,1.80249746,-36.84615835,100.617791444,451
1771249743968,@151,A,Sell,1972.4,25.02,29.60966879,-605.27272145,99.094691444,451
1771249743968,@151,A,Sell,1972.4,1.1344,1.34249433,-27.44290068,74.074691444,451
1771249743968,@151,A,Sell,1972.4,1.1844,1.40166633,-28.65247846,72.940291444,451
1771249743968,@151,A,Sell,1972.3,12.1738,14.40623144,-295.72053973,71.755891444,451
1771249743968,@151,A,Sell,1972.3,1.5231,1.80240607,-36.99846835,59.582091444,451
1771249743968,@151,A,Sell,1972.3,1.1962,1.41555915,-29.05755882,58.058991444,451
1771249743968,@151,A,Sell,1972.2,26.3528,31.18379529,-642.78578677,56.862791444,451
1771249743968,@151,A,Sell,1972.1,12.1738,14.40477058,-298.15529972,30.509991444,451
1771249743968,@151,A,Sell,1972.1,0.3046,0.36042099,-7.46012783,18.336191444,451
1771249743968,@151,A,Sell,1972.0,0.6683,0.79073256,-16.43453661,18.031591444,451
1771249743968,@151,A,Sell,1972.0,10.1985,12.0668652,-250.79697991,17.363291444,451
1771249743968,@151,A,Sell,1971.9,7.1443,8.4527071,-176.40388075,7.164791444,451
1771315850549,@151,B,Buy,1988.6,4.4694,0.002681639,0.0,0.020491444,452
1771315850549,@151,B,Buy,1988.6,1.2456,0.000747359,0.0,4.487209805,452
1771315850549,@151,B,Buy,1988.6,1.1346,0.000680759,0.0,5.732062446,452
1771315850549,@151,B,Buy,1988.6,20.1816,0.012108959,0.0,6.865981687,452
1771315850549,@151,B,Buy,1988.7,0.9,0.000539999,0.0,27.035472728,452
1771315850549,@151,B,Buy,1988.7,12.5723,0.007543379,0.0,27.934932729,452
1771315850549,@151,B,Buy,1988.7,26.9867,0.016192019,0.0,40.49968935,452
1771315850549,@151,B,Buy,1988.8,3.2235,0.001934099,0.0,67.470197331,452
1771315850549,@151,B,Buy,1988.8,18.186,0.0109116,0.0,70.691763232,452
1771315850549,@151,B,Buy,1988.9,1.223,0.0007338,0.0,88.866851632,452
1771315850549,@151,B,Buy,1988.9,9.5802,0.005748119,0.0,90.089117832,452
1771412795434,@151,A,Sell,1993.7,1.1603,1.61930307,4.39596838,99.663569713,453
1771412795434,@151,A,Sell,1993.7,0.9,1.256031,3.40978328,98.503269713,453
1771412795434,@151,A,Sell,1993.6,1.1889,1.65913372,4.38543372,97.603269713,453
1771412795434,@151,A,Sell,1993.5,1.1253,1.57029988,4.0383057,96.414369713,453
1771412795434,@151,A,Sell,1993.5,17.8298,24.88059441,63.98487767,95.289069713,453
1771412795434,@151,A,Sell,1993.4,16.8734,23.54480489,58.86535464,77.459269713,453
1771412795434,@151,A,Sell,1993.3,17.8298,24.87809823,60.41891768,60.585869713,453
1771412795434,@151,A,Sell,1993.3,0.3038,0.42389517,1.02947129,42.756069713,453
1771412795434,@151,A,Sell,1993.2,1.2476,1.74070142,4.10291736,42.452269713,453
1771412795434,@151,A,Sell,1993.1,30.097,41.99043149,95.96874151,41.204669713,453
1771412795434,@151,A,Sell,1993.0,11.1076,15.49621276,34.30746752,11.107669713,453
1771421992953,@151,B,Buy,1985.0,1.1843,0.00082901,0.0,0.000069713,454
1771421992953,@151,B,Buy,1985.0,1.1355,0.00079485,0.0,1.183540703,454
1771421992953,@151,B,Buy,1985.1,12.5952,0.008816639,0.0,2.318245853,454
1771421992953,@151,B,Buy,1985.1,18.9894,0.013292579,0.0,14.904629214,454
1771421992953,@151,B,Buy,1985.1,17.8298,0.012480859,0.0,33.880736635,454
1771421992953,@151,B,Buy,1985.2,1.1354,0.000794779,0.0,51.698055776,454
1771421992953,@151,B,Buy,1985.2,0.9,0.00063,0.0,52.832660997,454
1771421992953,@151,B,Buy,1985.2,30.2285,0.02115995,0.0,53.732030997,454
1771422002725,@151,B,Buy,1985.2,6.6595,0.0026638,0.0,83.939371047,454
1771422002844,@151,B,Buy,1985.2,5.7774,0.002310959,0.0,90.596207247,454
1771422003462,@151,B,Buy,1985.2,3.5637,0.001425479,0.0,96.371296288,454
1771706738781,@151,A,Sell,1983.7,12.6033,15.00069972,-34.54693563,99.933570809,455
1771706738781,@151,A,Sell,1983.6,0.9,1.07114399,-2.55699214,87.330270809,455
1771706738781,@151,A,Sell,1983.5,12.6046,15.00073445,-37.07141906,86.430270809,455
1771706738781,@151,A,Sell,1983.5,14.4664,17.21646263,-42.54716348,73.825670809,455
1771706738781,@151,A,Sell,1983.4,4.4811,5.33268824,-13.62748387,59.359270809,455
1771706738781,@151,A,Sell,1983.4,12.6052,15.0006922,-38.33370372,54.878170809,455
1771706738781,@151,A,Sell,1983.4,4.1164,4.89868065,-12.51839383,42.272970809,455
1771706738781,@151,A,Sell,1983.3,0.6559,0.78050788,-2.06024905,38.156570809,455
1771706738781,@151,A,Sell,1983.3,21.2578,25.29635684,-66.77292617,37.500670809,455
1771706738781,@151,A,Sell,1983.2,0.022,0.02617824,-0.07130425,16.242870809,455
1771706738781,@151,A,Sell,1983.2,0.3038,0.36149769,-0.9846469,16.220870809,455
1771706738781,@151,A,Sell,1983.2,12.6046,14.99846563,-40.85279905,15.917070809,455
1771706738781,@151,A,Sell,1983.1,3.3124,3.94129226,-11.06706751,3.312470809,455
1771718400015,@151,A,Spot Dust Conversion,1972.9,0.000070809,0.0,0.0,0.000070809,456
1771726150254,ETH,A,Open Short,1981.0,0.51,0.151546,0.0,0.0,457
1771726150254,ETH,A,Open Short,1981.0,0.51,0.151546,0.0,-0.51,457
1771726150254,ETH,A,Open Short,1981.0,0.51,0.151546,0.0,-1.02,457
1771726150254,ETH,A,Open Short,1981.0,1.262,0.375003,0.0,-1.53,457
1771726150370,ETH,A,Open Short,1981.0,0.51,0.151546,0.0,-2.792,457
1771726150370,ETH,A,Open Short,1981.0,0.51,0.151546,0.0,-3.302,457
1771726150370,ETH,A,Open Short,1981.0,0.0252,0.007488,0.0,-3.812,457
1771726150370,ETH,A,Open Short,1981.0,12.0,3.565799,0.0,-3.8372,457
1771726150582,ETH,A,Open Short,1981.0,0.0252,0.007488,0.0,-15.8372,457
1771726150582,ETH,A,Open Short,1981.0,0.0252,0.007488,0.0,-15.8624,457
1771726150582,ETH,A,Open Short,1981.0,0.0252,0.007488,0.0,-15.8876,457
1771726150582,ETH,A,Open Short,1981.0,0.51,0.151546,0.0,-15.9128,457
1771726150991,ETH,A,Open Short,1981.0,2.1996,0.653611,0.0,-16.4228,457
1771726150991,ETH,A,Open Short,1981.0,0.51,0.151546,0.0,-18.6224,457
1771726150991,ETH,A,Open Short,1981.0,0.51,0.151546,0.0,-19.1324,457
1771726151062,ETH,A,Open Short,1981.0,5.7359,1.704422,0.0,-19.6424,457
1771726151062,ETH,A,Open Short,1981.0,0.0201,0.005972,0.0,-25.3783,457
1771726151366,ETH,A,Open Short,1981.0,0.3023,0.089828,0.0,-25.3984,457
1771726151366,ETH,A,Open Short,1981.0,8.0083,2.379666,0.0,-25.7007,457
1771726151366,ETH,A,Open Short,1981.0,10.7789,3.20295,0.0,-33.709,457
1771726151366,ETH,A,Open Short,1981.0,0.1525,0.045315,0.0,-44.4879,457
1771726151366,ETH,A,Open Short,1981.0,0.0252,0.007488,0.0,-44.6404,457
1771726151366,ETH,A,Open Short,1981.0,1.3475,0.400409,0.0,-44.6656,457
1771726151366,ETH,A,Open Short,1981.0,4.4664,1.32719,0.0,-46.0131,457
1771726994022,ETH,B,Close Short,1977.0,0.1209,0.035852,0.4836,-50.4795,458
1771727001728,ETH,B,Close Short,1977.0,3.4417,1.020636,13.7668,-50.3586,458
1771727001786,ETH,B,Close Short,1977.0,3.4417,1.020636,13.7668,-46.9169,458
1771727001786,ETH,B,Close Short,1977.0,3.4417,1.020636,13.7668,-43.4752,458
1771727001786,ETH,B,Close Short,1977.0,3.4417,1.020636,13.7668,-40.0335,458
1771727001918,ETH,B,Close Short,1977.0,3.4417,1.020636,13.7668,-36.5918,458
1771727001918,ETH,B,Close Short,1977.0,3.5299,1.046791,14.1196,-33.1501,458
1771727001918,ETH,B,Close Short,1977.0,3.4417,1.020636,13.7668,-29.6202,458
1771727001918,ETH,B,Close Short,1977.0,3.5299,1.046791,14.1196,-26.1785,458
1771727001918,ETH,B,Close Short,1977.0,3.4417,1.020636,13.7668,-22.6486,458
1771727001997,ETH,B,Close Short,1977.0,3.5299,1.046791,14.1196,-19.2069,458
1771727001997,ETH,B,Close Short,1977.0,3.5371,1.048927,14.1484,-15.677,458
1771727001997,ETH,B,Close Short,1977.0,3.4417,1.020636,13.7668,-12.1399,458
1771727001997,ETH,B,Close Short,1977.0,3.4417,1.020636,13.7668,-8.6982,458
1771727001997,ETH,B,Close Short,1977.0,3.4417,1.020636,13.7668,-5.2565,458
1771727002489,ETH,B,Close Short,1977.0,1.8147,0.538149,7.2588,-1.8148,458
1771766427540,ETH,B,Close Short,1965.0,0.0001,0.000088,0.0016,-0.0001,459
1771839139452,ETH,A,Open Short,1896.0,52.7426,11.999996,0.0,0.0,460
1771850881343,ETH,B,Close Short,1925.2,0.0107,0.008239,-0.31244,-52.7426,461
1771850881343,ETH,B,Close Short,1925.2,0.613,0.472059,-17.8996,-52.7319,461
1771850881343,ETH,B,Close Short,1925.2,0.9013,0.694073,-26.31796,-52.1189,461
1771850881343,ETH,B,Close Short,1925.2,0.3165,0.24373,-9.2418,-51.2176,461
1771850881343,ETH,B,Close Short,1925.2,0.0422,0.032497,-1.23224,-50.9011,461
1771850881343,ETH,B,Close Short,1925.2,0.8101,0.623841,-23.65492,-50.8589,461
1771850881343,ETH,B,Close Short,1925.2,0.9372,0.721718,-27.36624,-50.0488,461
1771850881343,ETH,B,Close Short,1925.2,0.8348,0.642862,-24.37616,-49.1116,461
1771850881343,ETH,B,Close Short,1925.2,1.0003,0.770311,-29.20876,-48.2768,461
1771850881343,ETH,B,Close Short,1925.2,13.5131,10.406168,-394.58252,-47.2765,461
1771850881343,ETH,B,Close Short,1925.2,0.0986,0.075929,-2.87912,-33.7634,461
1771850881343,ETH,B,Close Short,1925.2,0.7784,0.59943,-22.72928,-33.6648,461
1771850881343,ETH,B,Close Short,1925.2,1.3699,1.054932,-40.00108,-32.8864,461
1771850881343,ETH,B,Close Short,1925.2,1.0003,0.770311,-29.20876,-31.5165,461
1771850881343,ETH,B,Close Short,1925.2,0.9976,0.768231,-29.12992,-30.5162,461
1771850881343,ETH,B,Close Short,1925.2,0.9084,0.69954,-26.52528,-29.5186,461
1771850881343,ETH,B,Close Short,1925.2,0.7784,0.59943,-22.72928,-28.6102,461
1771850881343,ETH,B,Close Short,1925.2,0.9084,0.69954,-26.52528,-27.8318,461
1771850881343,ETH,B,Close Short,1925.2,0.7784,0.59943,-22.72928,-26.9234,461
1771850881343,ETH,B,Close Short,1925.2,3.7916,2.919835,-110.71472,-26.145,461
1771850881343,ETH,B,Close Short,1925.2,3.7916,2.919835,-110.71472,-22.3534,461
1771850881343,ETH,B,Close Short,1925.2,3.2526,2.504762,-94.97592,-18.5618,461
1771850881343,ETH,B,Close Short,1925.2,1.37,1.055009,-40.004,-15.3092,461
1771850881343,ETH,B,Close Short,1925.2,0.9013,0.694073,-26.31796,-13.9392,461
1771850881343,ETH,B,Close Short,1925.2,3.7916,2.919835,-110.71472,-13.0379,461
1771850881343,ETH,B,Close Short,1925.2,0.9084,0.69954,-26.52528,-9.2463,461
1771850881343,ETH,B,Close Short,1925.2,8.3379,6.42085,-243.46668,-8.3379,461
1772287985546,@151,B,Buy,1902.7,2.3154,0.000926159,0.0,0.0,462
1772287985707,@151,B,Buy,1902.7,2.3154,0.000926159,0.0,2.314473841,462
1772287985762,@151,B,Buy,1902.7,2.3154,0.000926159,0.0,4.628947682,462
1772287985762,@151,B,Buy,1902.7,7.7176,0.003087039,0.0,6.943421523,462
1772287986085,@151,B,Buy,1902.7,7.3558,0.002942319,0.0,14.657934484,462
1772287986085,@151,B,Buy,1902.7,19.8779,0.007951159,0.0,22.010792165,462
1772287986254,@151,B,Buy,1902.7,2.3154,0.000926159,0.0,41.880741006,462
1772287986254,@151,B,Buy,1902.7,8.3439,0.003337559,0.0,44.195214847,462
1772296943297,@151,A,Sell,1905.0,0.263,0.200406,0.40465594,52.535777288,463
1772296946629,@151,A,Sell,1905.0,9.5885,7.306437,14.75301699,52.272777288,463
1772296946763,@151,A,Sell,1905.0,26.9486,20.5348332,41.46354004,42.684277288,463
1772296948027,@151,A,Sell,1905.0,5.0974,3.8842188,7.84293986,15.735677288,463
1772296948027,@151,A,Sell,1905.0,8.2113,6.2570106,12.63403541,10.638277288,463
1772296948109,@151,A,Sell,1905.0,2.4269,1.8492978,3.73406654,2.426977288,463
1772323200168,@151,A,Spot Dust Conversion,1964.5,0.000077288,0.0,0.0,0.000077288,464
1772412368886,@151,B,Buy,1960.7,0.9,0.00063,0.0,0.0,465
1772412368886,@151,B,Buy,1960.8,0.9,0.00063,0.0,0.89937,465
1772412368886,@151,B,Buy,1961.0,18.6829,0.01307803,0.0,1.79874,465
1772412368886,@151,B,Buy,1961.0,0.3087,0.00021609,0.0,20.46856197,465
1772412368886,@151,B,Buy,1961.0,0.7664,0.00053648,0.0,20.77704588,465
1772412368886,@151,B,Buy,1961.1,2.8886,0.002022019,0.0,21.5429094,465
1772412368886,@151,B,Buy,1961.2,1.3889,0.000972229,0.0,24.429487381,465
1772412368886,@151,B,Buy,1961.3,0.1004,0.000070279,0.0,25.817415152,465
1772412368886,@151,B,Buy,1961.4,18.6829,0.013078029,0.0,25.917744873,465
1772412368886,@151,B,Buy,1961.5,4.5312,0.00317184,0.0,44.587566844,465
1772412368886,@151,B,Buy,1961.6,1.3892,0.000972439,0.0,49.115595004,465
1772412368886,@151,B,Buy,1961.7,18.6829,0.013078029,0.0,50.503822565,465
1772412368886,@151,B,Buy,1961.8,0.4873,0.000341109,0.0,69.173644536,465
1772412368886,@151,B,Buy,1962.0,18.6829,0.01307803,0.0,69.660603427,465
1772412368886,@151,B,Buy,1962.1,13.2385,0.009266949,0.0,88.330425397,465
1772414734092,@151,A,Sell,1968.9,1.025,1.41268575,6.10985781,101.559658448,466
1772414734092,@151,A,Sell,1968.4,0.1642,0.22624789,0.89666942,100.534658448,466
1772414734092,@151,A,Sell,1968.3,30.4781,41.99303096,163.38812272,100.370458448,466
1772414734092,@151,A,Sell,1968.3,4.5155,6.22150105,24.20685897,69.892358448,466
1772414734092,@151,A,Sell,1968.3,30.479,41.99427099,163.39294748,65.376858448,466
1772414734092,@151,A,Sell,1968.1,18.6829,25.73887084,96.41939948,34.897858448,466
1772414734092,@151,A,Sell,1968.1,1.087,1.49752729,5.6098297,16.214958448,466
1772414734092,@151,A,Sell,1968.1,4.063,5.59747321,20.96848028,15.127958448,466
1772414734092,@151,A,Sell,1968.1,4.051,5.58094117,20.90655024,11.064958448,466
1772414734092,@151,A,Sell,1968.0,0.1648,0.22702848,0.83402592,7.013958448,466
1772414734092,@151,A,Sell,1968.0,1.1585,1.5959496,5.86297954,6.849158448,466
1772414734092,@151,A,Sell,1967.9,5.6906,7.83897221,28.23013842,5.690658448,466
1772447522953,@151,B,Buy,1951.7,1.1875,0.000831249,0.0,0.000058448,467
1772447522953,@151,B,Buy,1951.7,0.1638,0.000114659,0.0,1.186727199,467
1772447522953,@151,B,Buy,1951.7,1.1792,0.000825439,0.0,1.35041254,467
1772447522953,@151,B,Buy,1951.7,1.2136,0.000849519,0.0,2.528787101,467
1772447522953,@151,B,Buy,1951.7,1.1703,0.000819209,0.0,3.741537582,467
1772447522953,@151,B,Buy,1951.8,18.6829,0.013078029,0.0,4.911018373,467
1772447522953,@151,B,Buy,1951.8,1.1875,0.00083125,0.0,23.580840344,467
1772447522953,@151,B,Buy,1951.8,0.1617,0.000113189,0.0,24.767509094,467
1772447522953,@151,B,Buy,1951.8,0.153,0.0001071,0.0,24.929095905,467
1772447528402,@151,B,Buy,1951.8,1.6666,0.000666639,0.0,25.081988805,467
1772447528402,@151,B,Buy,1951.8,1.6666,0.000666639,0.0,26.747922166,467
1772447528504,@151,B,Buy,1951.8,1.6666,0.000666639,0.0,28.413855527,467
1772447528504,@151,B,Buy,1951.8,9.7162,0.003886479,0.0,30.079788888,467
1772447528607,@151,B,Buy,1951.8,11.3722,0.004548879,0.0,39.792102409,467
1772475543439,@151,A,Sell,2035.2,1.6666,1.35674572,137.22980278,51.15975353,468
1772475543517,@151,A,Sell,2035.2,1.6666,1.35674572,137.22980278,49.49315353,468
1772475543517,@151,A,Sell,2035.2,1.6666,1.35674572,137.22980278,47.82655353,468
1772475543517,@151,A,Sell,2035.2,7.1811,5.84598988,591.30021405,46.15995353,468
1772475543858,@151,A,Sell,2035.2,1.6666,1.35674572,137.22980278,38.97885353,468
1772475544254,@151,A,Sell,2035.2,1.6666,1.35674572,137.22980278,37.31225353,468
1772475544381,@151,A,Sell,2035.2,1.6666,1.35674572,137.22980278,35.64565353,468
1772476027467,@151,A,Sell,2035.2,6.3115,5.13806592,519.696328,33.97905353,468
1772476027467,@151,A,Sell,2035.2,16.4852,13.42027161,1357.4107433,27.66755353,468
1772476027467,@151,A,Sell,2035.2,11.1823,9.10328678,920.76372474,11.18235353,468
1772496000062,@151,A,Spot Dust Conversion,2027.1,0.00005353,0.0,0.0,0.00005353,469
1772611936168,@142,B,Buy,69437.0,0.06,0.000042,0.0,0.0,470
1772611936168,@142,B,Buy,69438.0,0.02,0.000014,0.0,0.059958,470
1772611936168,@142,B,Buy,69438.0,0.57546,0.0004028219,0.0,0.079944,470
1772611936168,@142,B,Buy,69439.0,0.02,0.000014,0.0,0.6550011781,470
1772611936168,@142,B,Buy,69443.0,0.57546,0.0004028219,0.0,0.6749871781,470
1772611936168,@142,B,Buy,69444.0,0.18836,0.0001318519,0.0,1.2500443562,470
1772614919791,@151,B,Buy,2062.7,2.3023,0.001611609,0.0,0.0,471
1772614919791,@151,B,Buy,2062.8,0.1789,0.000125229,0.0,2.300688391,471
1772614919791,@151,B,Buy,2062.8,4.3087,0.003016089,0.0,2.479463162,471
1772614919791,@151,B,Buy,2062.9,17.0422,0.011929539,0.0,6.785147073,471
1772614919791,@151,B,Buy,2063.0,0.1801,0.00012607,0.0,23.815417534,471
1772614919791,@151,B,Buy,2063.0,2.3646,0.00165522,0.0,23.995391464,471
1772614919791,@151,B,Buy,2063.0,0.2904,0.00020328,0.0,26.358336244,471
1772614919791,@151,B,Buy,2063.1,17.0422,0.011929539,0.0,26.648532964,471
1772614919791,@151,B,Buy,2063.1,6.7683,0.004737809,0.0,43.678803425,471
1772626821501,@142,A,Sell,70757.0,0.00769,0.38088493,9.74785074,1.4382725043,472
1772626821501,@142,A,Sell,70757.0,0.05902,2.92325469,74.81380372,1.4305825043,472
1772626821501,@142,A,Sell,70757.0,0.02,0.990598,25.35201753,1.3715625043,472
1772626853745,@151,A,Sell,2044.6,12.2274,17.50009942,-242.43319271,50.442365616,473
1772626853745,@151,A,Sell,2044.6,0.8733,1.24988442,-17.31495716,38.214965616,473
1772626853745,@151,A,Sell,2044.6,0.1452,0.20781314,-2.87888672,37.341665616,473
1772626853745,@151,A,Sell,2044.5,12.2269,17.49852793,-243.64596918,37.196465616,473
1772626853745,@151,A,Sell,2044.4,0.7371,1.05484906,-14.76193382,24.969565616,473
1772626853745,@151,A,Sell,2044.4,0.8733,1.24976216,-17.48961716,24.232465616,473
1772626853745,@151,A,Sell,2044.4,0.1452,0.20779281,-2.90792672,23.359165616,473
1772626853745,@151,A,Sell,2044.3,9.0491,12.94935259,-182.13163008,23.213965616,473
1772626853745,@151,A,Sell,2044.2,12.2292,17.49925144,-247.36056136,14.164865616,473
1772626853745,@151,A,Sell,2044.2,1.9356,2.76972746,-39.15146555,1.935665616,473
1772634687910,@151,B,Buy,2096.2,1.134,0.0007938,0.0,0.000065616,474
1772634687910,@151,B,Buy,2096.4,0.2904,0.000203279,0.0,1.133271816,474
1772634687910,@151,B,Buy,2096.4,0.2105,0.00014735,0.0,1.423468537,474
1772634687910,@151,B,Buy,2096.5,0.764,0.0005348,0.0,1.633821187,474
1772634687910,@151,B,Buy,2096.7,0.1248,0.000087359,0.0,2.397286387,474
1772634687910,@151,B,Buy,2096.8,0.006,0.0000042,0.0,2.521999028,474
1772634687910,@151,B,Buy,2096.8,0.7735,0.00054145,0.0,2.527994828,474
1772634687910,@151,B,Buy,2096.8,46.6517,0.032656189,0.0,3.300953378,474
1772635312443,@151,A,Sell,2081.5,17.3561,25.2887055,-290.64974177,49.919997189,475
1772635312443,@151,A,Sell,2081.4,0.5808,0.84621398,-9.78430709,32.563897189,475
1772635312443,@151,A,Sell,2081.3,17.3561,25.28627565,-294.12096176,31.983097189,475
1772635312443,@151,A,Sell,2081.3,1.4518,2.11514193,-24.60257847,14.626997189,475
1772635312443,@151,A,Sell,2080.9,1.4518,2.11473543,-25.18329847,13.175197189,475
1772635312443,@151,A,Sell,2080.9,0.1577,0.22971055,-2.735505,11.723397189,475
1772635312443,@151,A,Sell,2080.8,1.1774,1.71495374,-20.54122506,11.565697189,475
1772635312443,@151,A,Sell,2080.8,1.1774,1.71495374,-20.54122506,10.388297189,475
1772635312443,@151,A,Sell,2080.8,1.4084,2.0514191,-24.57131084,9.210897189,475
1772635312443,@151,A,Sell,2080.8,0.931,1.35605736,-16.2424669,7.802497189,475
1772635312443,@151,A,Sell,2080.8,4.2714,6.22155038,-74.51994968,6.871497189,475
1772635312443,@151,A,Sell,2080.8,0.1468,0.213823,-2.56111078,2.600097189,475
1772635312443,@151,A,Sell,2080.8,2.4532,3.57323299,-42.79916198,2.453297189,475
1772639720315,ETH,B,Open Long,2137.5,7.0584,6.789298,0.0,0.0,476
1772639720315,ETH,B,Open Long,2137.5,1.75,1.683281,0.0,7.0584,476
1772639720315,ETH,B,Open Long,2137.5,0.4663,0.448522,0.0,8.8084,476
1772639720315,ETH,B,Open Long,2137.5,0.0187,0.017987,0.0,9.2747,476
1772639720315,ETH,B,Open Long,2137.7,0.0348,0.033476,0.0,9.2934,476
1772639720315,ETH,B,Open Long,2137.7,0.8788,0.845374,0.0,9.3282,476
1772639720315,ETH,B,Open Long,2137.7,0.6829,0.656925,0.0,10.207,476
1772639720315,ETH,B,Open Long,2137.7,0.2339,0.225003,0.0,10.8899,476
1772639720315,ETH,B,Open Long,2137.7,8.2683,7.953815,0.0,11.1238,476
1772639720315,ETH,B,Open Long,2137.7,7.1006,6.830528,0.0,19.3921,476
1772639720315,ETH,B,Open Long,2137.7,2.3392,2.250228,0.0,26.4927,476
1772639720315,ETH,B,Open Long,2137.8,0.2339,0.225014,0.0,28.8319,476
1772639720315,ETH,B,Open Long,2137.8,0.6694,0.643969,0.0,29.0658,476
1772639720315,ETH,B,Open Long,2137.8,0.8498,0.817516,0.0,29.7352,476
1772639720315,ETH,B,Open Long,2137.8,5.3472,5.144059,0.0,30.585,476
1772639720315,ETH,B,Open Long,2137.8,2.5494,2.452548,0.0,35.9322,476
1772639720315,ETH,B,Open Long,2137.8,1.4693,1.413481,0.0,38.4816,476
1772639720315,ETH,B,Open Long,2137.8,0.545,0.524295,0.0,39.9509,476
1772639720315,ETH,B,Open Long,2137.8,2.2785,2.191939,0.0,40.4959,476
1772639720315,ETH,B,Open Long,2137.8,0.1066,0.10255,0.0,42.7744,476
1772639720315,ETH,B,Open Long,2137.8,0.0052,0.005002,0.0,42.881,476
1772639720315,ETH,B,Open Long,2137.8,0.06,0.05772,0.0,42.8862,476
1772639720315,ETH,B,Open Long,2137.8,92.5377,89.022192,0.0,42.9462,476
1772639720315,ETH,B,Open Long,2137.8,2.3393,2.250429,0.0,135.4839,476
1772639720315,ETH,B,Open Long,2137.8,1.0522,1.012226,0.0,137.8232,476
1772639720315,ETH,B,Open Long,2137.9,0.8526,0.820248,0.0,138.8754,476
1772639720315,ETH,B,Open Long,2137.9,0.6764,0.650734,0.0,139.728,476
1772639720315,ETH,B,Open Long,2137.9,0.2339,0.225024,0.0,140.4044,476
1772639720315,ETH,B,Open Long,2137.9,2.25,2.164623,0.0,140.6383,476
1772639720315,ETH,B,Open Long,2137.9,1.1939,1.148597,0.0,142.8883,476
1772639720315,ETH,B,Open Long,2137.9,0.5459,0.525185,0.0,144.0822,476
1772639720315,ETH,B,Open Long,2137.9,5.5,5.291302,0.0,144.6281,476
1772639720315,ETH,B,Open Long,2137.9,37.0064,35.602192,0.0,150.1281,476
1772668800022,@142,A,Spot Dust Conversion,72681.0,0.0000025043,0.0,0.0,0.0000025043,477
1772668800022,@151,A,Spot Dust Conversion,2127.9,0.000097189,0.0,0.0,0.000097189,478
1772674995943,ETH,A,Close Long,2109.5,8.398,7.972011,-237.6634,187.1345,479
1772674995943,ETH,A,Close Long,2109.5,5.2207,4.955879,-147.74581,178.7365,479
1772674995943,ETH,A,Close Long,2109.5,1.75,1.661231,-49.525,173.5158,479
1772674995943,ETH,A,Close Long,2109.5,8.4,7.97391,-237.72,171.7658,479
1772674995943,ETH,A,Close Long,2109.5,3.2173,3.054102,-91.04959,163.3658,479
1772674995943,ETH,A,Close Long,2109.5,3.4811,3.304521,-98.51513,160.1485,479
1772674995943,ETH,A,Close Long,2109.5,2.2519,2.137672,-63.72877,156.6674,479
1772674995943,ETH,A,Close Long,2109.5,7.6695,7.280464,-217.04685,154.4155,479
1772674995943,ETH,A,Close Long,2109.5,4.2,3.986955,-118.86,146.746,479
1772674995943,ETH,A,Close Long,2109.5,8.4,7.97391,-237.72,142.546,479
1772674995943,ETH,A,Close Long,2109.5,1.75,1.661231,-49.525,134.146,479
1772674995943,ETH,A,Close Long,2109.5,4.2,3.986955,-118.86,132.396,479
1772674995943,ETH,A,Close Long,2109.5,4.2,3.986955,-118.86,128.196,479
1772674995943,ETH,A,Close Long,2109.5,1.75,1.661231,-49.525,123.996,479
1772674995943,ETH,A,Close Long,2109.5,3.2173,3.054102,-91.04959,122.246,479
1772674995943,ETH,A,Close Long,2109.5,1.75,1.661231,-49.525,119.0287,479
1772674995943,ETH,A,Close Long,2109.5,2.2519,2.137672,-63.72877,117.2787,479
1772674995943,ETH,A,Close Long,2109.5,4.2,3.986955,-118.86,115.0268,479
1772674995943,ETH,A,Close Long,2109.5,2.2519,2.137672,-63.72877,110.8268,479
1772674995943,ETH,A,Close Long,2109.5,3.7116,3.523329,-105.03828,108.5749,479
1772674995943,ETH,A,Close Long,2109.5,3.9938,3.791214,-113.02454,104.8633,479
1772674995943,ETH,A,Close Long,2109.5,4.2,3.986955,-118.86,100.8695,479
1772674995943,ETH,A,Close Long,2109.5,1.75,1.661231,-49.525,96.6695,479
1772674995943,ETH,A,Close Long,2109.5,3.2173,3.054102,-91.04959,94.9195,479
1772674995943,ETH,A,Close Long,2109.4,8.4,7.973532,-238.56,91.7022,479
1772674995943,ETH,A,Close Long,2109.4,3.4892,3.312053,-99.09328,83.3022,479
1772674995943,ETH,A,Close Long,2109.4,1.75,1.661152,-49.7,79.813,479
1772674995943,ETH,A,Close Long,2109.4,8.4,7.973532,-238.56,78.063,479
1772674995943,ETH,A,Close Long,2109.4,5.2207,4.955645,-148.26788,69.663,479
1772674995943,ETH,A,Close Long,2109.4,3.2173,3.053957,-91.37132,64.4423,479
1772674995943,ETH,A,Close Long,2109.4,2.2519,2.137571,-63.95396,61.225,479
1772674995943,ETH,A,Close Long,2109.4,19.7148,18.713879,-559.90032,58.9731,479
1772674995943,ETH,A,Close Long,2109.4,7.6695,7.280119,-217.8138,39.2583,479
1772674995943,ETH,A,Close Long,2109.4,14.1192,13.402368,-400.98528,31.5888,479
1772674995943,ETH,A,Close Long,2109.4,16.0888,15.271971,-456.92192,17.4696,479
1772674995943,ETH,A,Close Long,2109.4,1.3808,1.310696,-39.21472,1.3808,479
1772812283346,ETH,B,Open Long,1967.0,101.6776,29.999975,0.0,0.0,481
1772812390315,@151,B,Buy,1967.0,18.5191,0.00740764,0.0,0.0,480
1772812390315,@151,B,Buy,1967.0,1.6666,0.00066664,0.0,18.51169236,480
1772812390408,@151,B,Buy,1967.0,29.7938,0.01191752,0.0,20.17762572,480
1772812390408,@151,B,Buy,1967.0,0.8593,0.00034372,0.0,49.9595082,480
1772859639448,ETH,A,Close Long,1974.7,1.8047,1.603683,13.89619,101.6776,482
1772859639448,ETH,A,Close Long,1974.7,6.1651,5.4784,47.47127,99.8729,482
1772859639448,ETH,A,Close Long,1974.7,3.3633,2.988678,25.89741,93.7078,482
1772859639448,ETH,A,Close Long,1974.7,6.4916,5.768533,49.98532,90.3445,482
1772859639448,ETH,A,Close Long,1974.7,6.8103,6.051734,52.43931,83.8529,482
1772859639448,ETH,A,Close Long,1974.7,4.9658,4.412684,38.23666,77.0426,482
1772859639448,ETH,A,Close Long,1974.7,5.3425,4.747425,41.13725,72.0768,482
1772859639448,ETH,A,Close Long,1974.7,10.818,9.613037,83.2986,66.7343,482
1772859639448,ETH,A,Close Long,1974.7,17.8259,15.840362,137.25943,55.9163,482
1772859639448,ETH,A,Close Long,1974.7,1.1394,1.012487,8.77338,38.0904,482
1772859639448,ETH,A,Close Long,1974.7,2.9297,2.603375,22.55869,36.951,482
1772859639448,ETH,A,Close Long,1974.7,3.2303,2.870493,24.87331,34.0213,482
1772859639448,ETH,A,Close Long,1974.7,5.7914,5.146324,44.59378,30.791,482
1772859639448,ETH,A,Close Long,1974.7,6.3051,5.602806,48.54927,24.9996,482
1772859639448,ETH,A,Close Long,1974.7,8.0301,7.135667,61.83177,18.6945,482
1772859639448,ETH,A,Close Long,1974.7,4.015,3.567789,30.9155,10.6644,482
1772859639448,ETH,A,Close Long,1974.7,1.606,1.427115,12.3662,6.6494,482
1772859639448,ETH,A,Close Long,1974.7,1.606,1.427115,12.3662,5.0434,482
1772859639448,ETH,A,Close Long,1974.7,0.803,0.713557,6.1831,3.4374,482
1772859639448,ETH,A,Close Long,1974.7,0.803,0.713557,6.1831,2.6344,482
1772859639448,ETH,A,Close Long,1974.7,0.803,0.713557,6.1831,1.8314,482
1772859639448,ETH,A,Close Long,1974.7,0.803,0.713557,6.19113,1.0284,482
1772859639448,ETH,A,Close Long,1974.7,0.2254,0.200293,1.737834,0.2254,482
1772859713815,@151,A,Sell,1976.7,0.1478,0.20450938,1.31732443,50.81846448,483
1772859713815,@151,A,Sell,1976.7,1.1532,1.5956713,10.27833916,50.67066448,483
1772859713815,@151,A,Sell,1976.7,1.023,1.41551487,9.11788152,49.51746448,483
1772859713815,@151,A,Sell,1976.7,1.2342,1.70775019,11.00028286,48.49446448,483
1772859713815,@151,A,Sell,1976.6,22.7584,31.4889774,200.56716551,47.26026448,483
1772859713815,@151,A,Sell,1976.6,0.9,1.245258,7.93159664,24.50186448,483
1772859713815,@151,A,Sell,1976.6,0.7143,0.98831976,6.29504387,23.60186448,483
1772859713815,@151,A,Sell,1976.6,12.6478,17.49974903,111.46360887,22.88756448,483
1772859713815,@151,A,Sell,1976.6,10.2397,14.16785371,90.24130014,10.23976448,483
1772928000002,@151,A,Spot Dust Conversion,1969.2,0.00006448,0.0,0.0,0.00006448,484
1772957385437,@151,B,Buy,1953.4,3.6125,0.00252875,0.0,0.0,485
1772957385437,@151,B,Buy,1953.4,1.2176,0.000852319,0.0,3.60997125,485
1772957385437,@151,B,Buy,1953.4,1.5416,0.001079119,0.0,4.826718931,485
1772957385437,@151,B,Buy,1953.5,22.9224,0.01604568,0.0,6.367239812,485
1772957385437,@151,B,Buy,1953.6,1.5416,0.001079119,0.0,29.273594132,485
1772957385437,@151,B,Buy,1953.6,0.9,0.00063,0.0,30.814115013,485
1772957385437,@151,B,Buy,1953.6,0.1654,0.000115779,0.0,31.713485013,485
1772957385437,@151,B,Buy,1953.6,0.0739,0.000051729,0.0,31.878769234,485
1772957385437,@151,B,Buy,1953.6,0.5194,0.000363579,0.0,31.952617505,485
1772957385437,@151,B,Buy,1953.7,1.5416,0.001079119,0.0,32.471653926,485
1772957385437,@151,B,Buy,1953.7,0.9,0.00063,0.0,34.012174807,485
1772957385437,@151,B,Buy,1953.7,0.8731,0.000611169,0.0,34.911544807,485
1772957385437,@151,B,Buy,1953.7,0.0739,0.000051729,0.0,35.784033638,485
1772957385437,@151,B,Buy,1953.7,1.2176,0.000852319,0.0,35.857881909,485
1772957385437,@151,B,Buy,1953.7,0.5819,0.000407329,0.0,37.07462959,485
1772957385437,@151,B,Buy,1953.7,0.6543,0.000458009,0.0,37.656122261,485
1772957385437,@151,B,Buy,1953.7,12.8455,0.008991849,0.0,38.309964252,485
1772997811455,@151,A,Sell,1957.0,0.0167,0.01307276,0.03448078,51.146472403,486
1772997811455,@151,A,Sell,1957.0,0.0255,0.0199614,0.05265029,51.129772403,486
1772997811455,@151,A,Sell,1957.0,0.04,0.031312,0.08258869,51.104272403,486
1772997811455,@151,A,Sell,1957.0,0.04,0.031312,0.08258869,51.064272403,486
1772997811455,@151,A,Sell,1957.0,0.59,0.461852,1.21818317,51.024272403,486
1772997811455,@151,A,Sell,1957.0,0.06,0.046968,0.12388304,50.434272403,486
1772997811455,@151,A,Sell,1957.0,0.09,0.070452,0.18582456,50.374272403,486
1772997811455,@151,A,Sell,1957.0,0.16,0.125248,0.33035476,50.284272403,486
1772997811565,@151,A,Sell,1957.0,0.2769,0.21675732,0.57172021,50.124272403,486
1772997811565,@151,A,Sell,1957.0,0.22,0.172216,0.4542378,49.847372403,486
1772997811565,@151,A,Sell,1957.0,0.0474,0.03710472,0.0978676,49.627372403,486
1772997811565,@151,A,Sell,1957.0,1.6666,1.30461448,3.44105774,49.579972403,486
1772997811565,@151,A,Sell,1957.0,1.5,1.1742,3.09707585,47.913372403,486
1772997811565,@151,A,Sell,1957.0,1.5,1.1742,3.09707585,46.413372403,486
1772997811565,@151,A,Sell,1957.0,0.12,0.093936,0.24776607,44.913372403,486
1772997811565,@151,A,Sell,1957.0,0.2265,0.1773042,0.46765846,44.793372403,486
1772997811565,@151,A,Sell,1957.0,1.6666,1.30461448,3.44105774,44.566872403,486
1772997811797,@151,A,Sell,1957.0,0.34,0.266152,0.70200386,42.900272403,486
1772997811797,@151,A,Sell,1957.0,0.13,0.101764,0.26841324,42.560272403,486
1772997811797,@151,A,Sell,1957.0,0.44,0.344432,0.90847559,42.430272403,486
1772997811797,@151,A,Sell,1957.0,0.0255,0.0199614,0.05265029,41.990272403,486
1772997811797,@151,A,Sell,1957.0,0.16,0.125248,0.33035476,41.964772403,486
1772997811797,@151,A,Sell,1957.0,0.44,0.344432,0.90847559,41.804772403,486
1772997811797,@151,A,Sell,1957.0,1.6666,1.30461448,3.44105774,41.364772403,486
1772997811797,@151,A,Sell,1957.0,0.58,0.454024,1.197536,39.698172403,486
1772997811797,@151,A,Sell,1957.0,0.009,0.0070452,0.01858246,39.118172403,486
1772997812011,@151,A,Sell,1957.0,0.0255,0.0199614,0.05265029,39.109172403,486
1772997812011,@151,A,Sell,1957.0,0.0255,0.0199614,0.05265029,39.083672403,486
1772997812011,@151,A,Sell,1957.0,0.81,0.634068,1.67242096,39.058172403,486
1772997812163,@151,A,Sell,1957.0,1.6666,1.30461448,3.44105774,38.248172403,486
1772997812580,@151,A,Sell,1957.0,1.6666,1.30461448,3.44105774,36.581572403,486
1772997812580,@151,A,Sell,1957.0,34.9149,27.33138372,72.08939564,34.914972403,486
1773014400091,@151,A,Spot Dust Conversion,1937.2,0.000072403,0.0,0.0,0.000072403,487
1773111128447,ETH,B,Open Long,2045.4,1.2434,1.144462,0.0,0.0,488
1773111128447,ETH,B,Open Long,2045.4,7.529,6.929917,0.0,1.2434,488
1773111128447,ETH,B,Open Long,2045.4,1.1327,1.042571,0.0,8.7724,488
1773111128447,ETH,B,Open Long,2045.4,0.6985,0.64292,0.0,9.9051,488
1773111128447,ETH,B,Open Long,2045.4,1.0084,0.928161,0.0,10.6036,488
1773111128447,ETH,B,Open Long,2045.4,20.0,18.4086,0.0,11.612,488
1773111128447,ETH,B,Open Long,2045.4,0.3236,0.297851,0.0,31.612,488
1773111128447,ETH,B,Open Long,2045.4,0.7071,0.650836,0.0,31.9356,488
1773111128447,ETH,B,Open Long,2045.4,0.9636,0.886926,0.0,32.6427,488
1773111128447,ETH,B,Open Long,2045.4,2.2017,2.02651,0.0,33.6063,488
1773111128447,ETH,B,Open Long,2045.4,5.749,5.291552,0.0,35.808,488
1773111128447,ETH,B,Open Long,2045.4,2.6591,2.447515,0.0,41.557,488
1773111128447,ETH,B,Open Long,2045.4,2.7466,2.528053,0.0,44.2161,488
1773111128447,ETH,B,Open Long,2045.4,1.9251,1.771919,0.0,46.9627,488
1773126474116,ETH,A,Close Long,2049.0,0.011,0.00338,0.0396,48.8878,489
1773126475134,ETH,A,Close Long,2049.0,0.0097,0.002981,0.03492,48.8768,489
1773126475134,ETH,A,Close Long,2049.0,0.0097,0.002981,0.03492,48.8671,489
1773126475134,ETH,A,Close Long,2049.0,0.0097,0.002981,0.03492,48.8574,489
1773126475134,ETH,A,Close Long,2049.0,0.0097,0.002981,0.03492,48.8477,489
1773126476220,ETH,A,Close Long,2049.0,10.0,3.073499,36.0,48.838,489
1773126476965,ETH,A,Close Long,2049.0,0.5499,0.169011,1.97964,38.838,489
1773126476965,ETH,A,Close Long,2049.0,10.0,3.073499,36.0,38.2881,489
1773126478467,ETH,A,Close Long,2049.0,10.0,3.073499,36.0,28.2881,489
1773126630936,ETH,A,Close Long,2049.0,0.8765,0.269392,3.1554,18.2881,489
1773126634491,ETH,A,Close Long,2049.0,5.7045,1.753278,20.5362,17.4116,489
1773126634491,ETH,A,Close Long,2049.0,11.707,3.598146,42.1452,11.7071,489
1773131803567,ETH,A,Close Long,2066.6,0.0001,0.000092,0.00212,0.0001,490
1773153655407,ETH,A,Open Short,2045.0,16.8132,5.157449,0.0,0.0,491
1773153656000,ETH,A,Open Short,2045.0,9.1019,2.792007,0.0,-16.8132,491
1773153656413,ETH,A,Open Short,2045.0,22.9846,7.050526,0.0,-25.9151,491
1773166771930,ETH,B,Close Short,2040.0,2.0891,0.639264,10.4455,-48.8997,492
1773166771930,ETH,B,Close Short,2040.0,6.5642,2.008645,32.821,-46.8106,492
1773166771930,ETH,B,Close Short,2040.0,34.7634,10.6376,173.817,-40.2464,492
1773166772734,ETH,B,Close Short,2040.0,0.06,0.01836,0.3,-5.483,492
1773166772934,ETH,B,Close Short,2040.0,5.4229,1.659407,27.1145,-5.423,492
1773170361479,ETH,B,Close Short,2042.5,0.0001,0.000091,0.00025,-0.0001,493
1773235998129,ETH,A,Open Short,2058.0,5.5648,1.374283,0.0,0.0,495
1773235998535,ETH,A,Open Short,2058.0,4.8586,1.199879,0.0,-5.5648,495
1773235998535,ETH,A,Open Short,2058.0,4.8586,1.199879,0.0,-10.4234,495
1773235998535,ETH,A,Open Short,2058.0,4.8586,1.199879,0.0,-15.282,495
1773235998687,ETH,A,Open Short,2058.0,0.9844,0.243107,0.0,-20.1406,495
1773235998687,ETH,A,Open Short,2058.0,4.8586,1.199879,0.0,-21.125,495
1773235998687,ETH,A,Open Short,2058.0,22.6072,5.583074,0.0,-25.9836,495
1773236287383,ETH,A,Open Short,2071.0,14.9973,3.727128,0.0,-48.5908,494
1773236287383,ETH,A,Open Short,2071.0,1.3349,0.331749,0.0,-63.5881,494
1773236287552,ETH,A,Open Short,2071.0,1.588,0.394649,0.0,-64.923,494
1773236287552,ETH,A,Open Short,2071.0,0.0096,0.002385,0.0,-66.511,494
1773236287552,ETH,A,Open Short,2071.0,0.0096,0.002385,0.0,-66.5206,494
1773236287552,ETH,A,Open Short,2071.0,20.9033,5.194888,0.0,-66.5302,494
1773236287552,ETH,A,Open Short,2071.0,0.0096,0.002385,0.0,-87.4335,494
1773236287552,ETH,A,Open Short,2071.0,0.0096,0.002385,0.0,-87.4431,494
1773236287552,ETH,A,Open Short,2071.0,0.0096,0.002385,0.0,-87.4527,494
1773236287552,ETH,A,Open Short,2071.0,0.41,0.101893,0.0,-87.4623,494
1773236287597,ETH,A,Open Short,2071.0,1.94,0.482128,0.0,-87.8723,494
1773236287597,ETH,A,Open Short,2071.0,0.58,0.144141,0.0,-89.8123,494
1773236287597,ETH,A,Open Short,2071.0,1.0,0.24852,0.0,-90.3923,494
1773236287597,ETH,A,Open Short,2071.0,5.4843,1.362958,0.0,-91.3923,494
1773302473445,ETH,B,Close Short,2041.6,0.1188,0.097016,2.716956,-96.8766,496
1773302473445,ETH,B,Close Short,2041.6,0.0051,0.004164,0.116637,-96.7578,496
1773302473445,ETH,B,Close Short,2041.6,0.0096,0.007839,0.219552,-96.7527,496
1773302473445,ETH,B,Close Short,2041.6,0.0105,0.008574,0.240135,-96.7431,496
1773302473445,ETH,B,Close Short,2041.6,0.0979,0.079949,2.238973,-96.7326,496
1773302473445,ETH,B,Close Short,2041.6,18.367,14.999226,420.05329,-96.6347,496
1773302473445,ETH,B,Close Short,2041.7,0.0054,0.00441,0.122958,-78.2677,496
1773302473445,ETH,B,Close Short,2041.7,0.8377,0.684132,19.074429,-78.2623,496
1773302473445,ETH,B,Close Short,2041.7,1.5701,1.282269,35.751177,-77.4246,496
1773302473445,ETH,B,Close Short,2041.7,75.8545,61.948853,1727.206965,-75.8545,496
1773343870159,ETH,A,Open Short,2064.0,48.4496,11.999996,0.0,0.0,497
1773356820162,ETH,A,Open Short,2084.0,47.9846,11.999988,0.0,-48.4496,498
1773357499145,ETH,B,Close Short,2083.8,1.1186,0.932375,-11.01821,-96.4342,499
1773357499145,ETH,B,Close Short,2083.8,0.8944,0.7455,-8.80984,-95.3156,499
1773357499145,ETH,B,Close Short,2083.8,7.9549,6.630568,-78.355765,-94.4212,499
1773357499145,ETH,B,Close Short,2083.9,0.8969,0.747619,-8.924155,-86.4663,499
1773357499145,ETH,B,Close Short,2083.9,0.0053,0.004417,-0.052735,-85.5694,499
1773357499145,ETH,B,Close Short,2083.9,1.4939,1.245255,-14.864305,-85.5641,499
1773357499145,ETH,B,Close Short,2084.0,0.3375,0.28134,-3.391875,-84.0702,499
1773357499145,ETH,B,Close Short,2084.0,17.9923,14.998381,-180.822615,-83.7327,499
1773357499145,ETH,B,Close Short,2084.0,4.9863,4.156579,-50.112315,-65.7404,499
1773357499145,ETH,B,Close Short,2084.1,17.9906,14.997683,-182.60459,-60.7541,499
1773357499145,ETH,B,Close Short,2084.1,9.4294,7.860725,-95.70841,-42.7635,499
1773357499145,ETH,B,Close Short,2084.1,3.4549,2.880142,-35.067235,-33.3341,499
1773357499145,ETH,B,Close Short,2084.1,0.0053,0.004418,-0.053795,-29.8792,499
1773357499145,ETH,B,Close Short,2084.1,0.06,0.050018,-0.609,-29.8739,499
1773357499145,ETH,B,Close Short,2084.1,29.8139,24.854059,-302.611085,-29.8139,499
1773413151566,ETH,A,Open Short,2172.2,0.8747,0.760009,0.0,0.0,500
1773413151566,ETH,A,Open Short,2172.1,0.0051,0.004431,0.0,-0.8747,500
1773413151566,ETH,A,Open Short,2172.0,0.06,0.052128,0.0,-0.8798,500
1773413151566,ETH,A,Open Short,2172.0,2.4857,2.159576,0.0,-0.9398,500
1773413151566,ETH,A,Open Short,2172.0,1.0685,0.928312,0.0,-3.4255,500
1773413151566,ETH,A,Open Short,2172.0,0.4604,0.399995,0.0,-4.494,500
1773413151566,ETH,A,Open Short,2172.0,0.9208,0.799991,0.0,-4.9544,500
1773413151566,ETH,A,Open Short,2171.9,0.0055,0.004778,0.0,-5.8752,500
1773413151566,ETH,A,Open Short,2171.9,0.01,0.008687,0.0,-5.8807,500
1773413151566,ETH,A,Open Short,2171.9,0.233,0.202421,0.0,-5.8907,500
1773413151566,ETH,A,Open Short,2171.8,1.9,1.650568,0.0,-6.1237,500
1773413151566,ETH,A,Open Short,2171.8,5.7941,5.03345,0.0,-8.0237,500
1773414436819,ETH,A,Open Short,2151.4,0.0388,0.010016,0.0,-13.8178,501
1773414436819,ETH,A,Open Short,2151.4,23.2018,5.989962,0.0,-13.8566,501
1773414775095,ETH,B,Close Short,2158.0,1.3147,1.134849,1.367288,-37.0584,502
1773414775095,ETH,B,Close Short,2158.0,1.0666,0.920689,1.109264,-35.7437,502
1773414775095,ETH,B,Close Short,2158.0,1.2646,1.091602,1.315184,-34.6771,502
1773414775095,ETH,B,Close Short,2158.0,9.2692,8.001173,9.639968,-33.4125,502
1773414775095,ETH,B,Close Short,2158.0,0.7702,0.664836,0.801008,-24.1433,502
1773414775095,ETH,B,Close Short,2158.0,3.0,2.5896,3.12,-23.3731,502
1773414775095,ETH,B,Close Short,2158.0,1.4745,1.272788,1.53348,-20.3731,502
1773414775095,ETH,B,Close Short,2158.0,11.5912,10.005523,12.054848,-18.8986,502
1773414775095,ETH,B,Close Short,2158.0,2.3234,2.005558,2.416336,-7.3074,502
1773414775095,ETH,B,Close Short,2158.0,4.984,4.302188,5.18336,-4.984,502
1773429302006,ETH,A,Open Short,2103.5,11.9294,3.011219,0.0,0.0,503
1773429302006,ETH,A,Open Short,2103.5,6.4504,1.628209,0.0,-11.9294,503
1773429302006,ETH,A,Open Short,2103.5,0.6754,0.170484,0.0,-18.3798,503
1773429302096,ETH,A,Open Short,2103.5,4.7147,1.190084,0.0,-19.0552,503
1773434683677,ETH,A,Open Short,2109.1,23.7007,5.998457,0.0,-23.7699,504
1773434683925,ETH,A,Open Short,2109.1,0.006,0.001518,0.0,-47.4706,504
1773440090479,ETH,A,Open Short,2090.4,0.212,0.053179,0.0,-47.4766,505
1773440092855,ETH,A,Open Short,2090.4,0.0057,0.001429,0.0,-47.6886,505
1773440093062,ETH,A,Open Short,2090.4,0.0168,0.004214,0.0,-47.6943,505
1773440097410,ETH,A,Open Short,2090.4,0.996,0.249844,0.0,-47.7111,505
1773440098418,ETH,A,Open Short,2090.4,0.322,0.080773,0.0,-48.7071,505
1773440098614,ETH,A,Open Short,2090.4,4.0562,1.017489,0.0,-49.0291,505
1773440098614,ETH,A,Open Short,2090.4,0.0086,0.002157,0.0,-53.0853,505
1773440099015,ETH,A,Open Short,2090.4,0.1811,0.045428,0.0,-53.0939,505
1773440100217,ETH,A,Open Short,2090.4,0.0062,0.001555,0.0,-53.275,505
1773440100443,ETH,A,Open Short,2090.4,0.2392,0.060002,0.0,-53.2812,505
1773440101781,ETH,A,Open Short,2090.4,0.005,0.001254,0.0,-53.5204,505
1773440103430,ETH,A,Open Short,2090.4,0.0245,0.006145,0.0,-53.5254,505
1773440148735,ETH,A,Open Short,2088.1,47.8835,39.994214,0.0,-53.5499,506
1773453490831,ETH,B,Close Short,2092.9,0.9203,0.770438,3.543155,-101.4334,507
1773453490831,ETH,B,Close Short,2092.9,2.2134,1.852969,8.52159,-100.5131,507
1773453490831,ETH,B,Close Short,2092.9,17.9157,14.998307,68.975445,-98.2997,507
1773453490831,ETH,B,Close Short,2092.9,0.0059,0.004939,0.022715,-80.384,507
1773453490831,ETH,B,Close Short,2092.9,7.8791,6.596067,30.334535,-80.3781,507
1773453490831,ETH,B,Close Short,2092.9,3.1278,2.618469,12.04203,-72.499,507
1773453490831,ETH,B,Close Short,2092.9,0.7636,0.639255,2.93986,-69.3712,507
1773453490831,ETH,B,Close Short,2092.9,2.7012,2.261336,10.39962,-68.6076,507
1773453490831,ETH,B,Close Short,2092.9,1.415,1.184581,5.44775,-65.9064,507
1773453490831,ETH,B,Close Short,2092.9,3.3384,2.794774,12.85284,-64.4914,507
1773453490831,ETH,B,Close Short,2092.9,3.0158,2.524707,11.61083,-61.153,507
1773453490831,ETH,B,Close Short,2092.9,1.2637,1.057919,4.865245,-58.1372,507
1773453490831,ETH,B,Close Short,2092.9,1.8487,1.547657,7.117495,-56.8735,507
1773453490831,ETH,B,Close Short,2092.9,2.9392,2.46058,11.31592,-55.0248,507
1773453490831,ETH,B,Close Short,2092.9,1.3688,1.145904,5.26988,-52.0856,507
1773464092515,ETH,A,Open Short,2089.6,1.2215,1.020978,0.0,-50.7168,508
1773464092515,ETH,A,Open Short,2089.6,1.25,1.0448,0.0,-51.9383,508
1773464092515,ETH,A,Open Short,2089.6,7.0222,5.869435,0.0,-53.1883,508
1773464092515,ETH,A,Open Short,2089.6,1.5837,1.323719,0.0,-60.2105,508
1773464092515,ETH,A,Open Short,2089.6,5.0,4.1792,0.0,-61.7942,508
1773464092515,ETH,A,Open Short,2089.6,1.25,1.0448,0.0,-66.7942,508
1773464092515,ETH,A,Open Short,2089.6,27.385,22.889478,0.0,-68.0442,508
1773464092515,ETH,A,Open Short,2089.6,0.6269,0.523988,0.0,-95.4292,508
1773464092515,ETH,A,Open Short,2089.6,3.8,3.176192,0.0,-96.0561,508
1773464092515,ETH,A,Open Short,2089.6,8.3209,6.954941,0.0,-99.8561,508
1773495462815,ETH,B,Close Short,2077.2,16.8429,13.994428,265.275675,-108.177,509
1773495462815,ETH,B,Close Short,2077.2,1.1206,0.931084,17.64945,-91.3341,509
1773495462815,ETH,B,Close Short,2077.2,2.7935,2.321063,43.997625,-90.2135,509
1773495462815,ETH,B,Close Short,2077.2,3.8695,3.21509,60.944625,-87.42,509
1773495462815,ETH,B,Close Short,2077.2,0.9628,0.799971,15.1641,-83.5505,509
1773495462815,ETH,B,Close Short,2077.2,1.3029,1.082553,20.520675,-82.5877,509
1773495462815,ETH,B,Close Short,2077.2,1.6334,1.357159,25.72605,-81.2848,509
1773495462815,ETH,B,Close Short,2077.2,0.6413,0.532843,10.100475,-79.6514,509
1773495462815,ETH,B,Close Short,2077.2,1.2129,1.007774,19.103175,-79.0101,509
1773495462815,ETH,B,Close Short,2077.2,0.962,0.799306,15.1515,-77.7972,509
1773495462815,ETH,B,Close Short,2077.2,1.2167,1.010931,19.163025,-76.8352,509
1773495462815,ETH,B,Close Short,2077.2,0.977,0.811769,15.38775,-75.6185,509
1773495462815,ETH,B,Close Short,2077.2,1.0497,0.872174,16.532775,-74.6415,509
1773495462815,ETH,B,Close Short,2077.2,1.0962,0.91081,17.26515,-73.5918,509
1773495462815,ETH,B,Close Short,2077.2,4.4169,3.669913,69.566175,-72.4956,509
1773495462815,ETH,B,Close Short,2077.2,1.2285,1.020736,19.348875,-68.0787,509
1773495462815,ETH,B,Close Short,2077.2,0.9929,0.82498,15.638175,-66.8502,509
1773495462815,ETH,B,Close Short,2077.2,0.9211,0.765323,14.507325,-65.8573,509
1773495462815,ETH,B,Close Short,2077.2,64.9362,53.954189,1022.74515,-64.9362,509
1773550029989,ETH,B,Open Long,2099.1,0.0071,0.001788,0.0,0.0,510
1773550032369,ETH,B,Open Long,2099.1,0.0238,0.005995,0.0,0.0071,510
1773550033081,ETH,B,Open Long,2099.1,6.8099,1.715359,0.0,0.0309,510
1773550033209,ETH,B,Open Long,2099.1,3.4047,0.857616,0.0,6.8408,510
1773550033209,ETH,B,Open Long,2099.1,2.859,0.720159,0.0,10.2455,510
1773550033209,ETH,B,Open Long,2099.1,6.8099,1.715359,0.0,13.1045,510
1773550033209,ETH,B,Open Long,2099.1,3.4049,0.857667,0.0,19.9144,510
1773550033288,ETH,B,Open Long,2099.1,3.4049,0.857667,0.0,23.3193,510
1773550033412,ETH,B,Open Long,2099.1,3.0912,0.778648,0.0,26.7242,510
1773550033412,ETH,B,Open Long,2099.1,6.8099,1.715359,0.0,29.8154,510
1773550033693,ETH,B,Open Long,2099.1,3.405,0.857692,0.0,36.6253,510
1773550033769,ETH,B,Open Long,2099.1,6.8099,1.715359,0.0,40.0303,510
1773550033769,ETH,B,Open Long,2099.1,0.0029,0.00073,0.0,46.8402,510
1773550033769,ETH,B,Open Long,2099.1,0.7963,0.200581,0.0,46.8431,510
1773550806939,ETH,B,Open Long,2102.8,0.0084,0.002119,0.0,47.6394,511
1773550817566,ETH,B,Open Long,2102.8,3.9997,1.009268,0.0,47.6478,511
1773550817654,ETH,B,Open Long,2102.8,3.9997,1.009268,0.0,51.6475,511
1773550820472,ETH,B,Open Long,2102.8,0.01,0.002523,0.0,55.6472,511
1773550824927,ETH,B,Open Long,2102.8,6.8023,1.716465,0.0,55.6572,511
1773550824927,ETH,B,Open Long,2102.8,6.8035,1.716767,0.0,62.4595,511
1773550824927,ETH,B,Open Long,2102.8,4.6019,1.161225,0.0,69.263,511
1773550824927,ETH,B,Open Long,2102.8,4.7583,1.20069,0.0,73.8649,511
1773550824927,ETH,B,Open Long,2102.8,3.4017,0.858371,0.0,78.6232,511
1773550824927,ETH,B,Open Long,2102.8,6.8023,1.716465,0.0,82.0249,511
1773550824927,ETH,B,Open Long,2102.8,6.8035,1.716767,0.0,88.8272,511
1773550824927,ETH,B,Open Long,2102.8,6.8023,1.716465,0.0,95.6307,511
1773550824927,ETH,B,Open Long,2102.8,6.8035,1.716767,0.0,102.433,511
1773550824927,ETH,B,Open Long,2102.8,2.558,0.645475,0.0,109.2365,511
1773550824927,ETH,B,Open Long,2102.8,4.6019,1.161225,0.0,111.7945,511
1773550824927,ETH,B,Open Long,2102.8,1.1507,0.290363,0.0,116.3964,511
1773550824927,ETH,B,Open Long,2102.8,1.4257,0.359755,0.0,117.5471,511
1773561423568,ETH,A,Close Long,2104.9,6.8112,5.734757,24.452208,118.9728,512
1773561423568,ETH,A,Close Long,2104.9,2.8908,2.433937,10.377972,112.1616,512
1773561423568,ETH,A,Close Long,2104.9,1.0279,0.86545,3.690161,109.2708,512
1773561423568,ETH,A,Close Long,2104.9,8.3235,7.008054,29.881365,108.2429,512
1773561423568,ETH,A,Close Long,2104.9,1.754,1.476797,6.29686,99.9194,512
1773561423568,ETH,A,Close Long,2104.9,1.232,1.037294,4.42288,98.1654,512
1773561423568,ETH,A,Close Long,2104.9,0.9501,0.799946,3.410859,96.9334,512
1773561423568,ETH,A,Close Long,2104.9,3.3035,2.781414,11.859565,95.9833,512
1773561423568,ETH,A,Close Long,2104.9,0.0964,0.081164,0.346076,92.6798,512
1773561423568,ETH,A,Close Long,2104.9,7.914,6.663271,28.41126,92.5834,512
1773561423568,ETH,A,Close Long,2104.9,2.4667,2.076862,8.855453,84.6694,512
1773561423568,ETH,A,Close Long,2104.9,4.9081,4.132423,17.620079,82.2027,512
1773561423568,ETH,A,Close Long,2104.9,2.7547,2.319347,9.889373,77.2946,512
1773561423568,ETH,A,Close Long,2104.9,3.0658,2.58128,11.006222,74.5399,512
1773561423568,ETH,A,Close Long,2104.9,3.1043,2.613696,11.144437,71.4741,512
1773561423568,ETH,A,Close Long,2104.9,5.2477,4.418353,18.839243,68.3698,512
1773561423568,ETH,A,Close Long,2104.9,8.2,6.904072,29.438,63.1221,512
1773561423568,ETH,A,Close Long,2104.9,1.593,1.341242,5.71887,54.9221,512
1773561423568,ETH,A,Close Long,2104.9,0.047,0.039572,0.16873,53.3291,512
1773561423568,ETH,A,Close Long,2104.9,4.7624,4.00975,17.097016,53.2821,512
1773561423568,ETH,A,Close Long,2104.9,3.1823,2.679369,11.424457,48.5197,512
1773561423568,ETH,A,Close Long,2104.9,2.9451,2.479656,10.572909,45.3374,512
1773561423568,ETH,A,Close Long,2104.9,0.0333,0.028037,0.119547,42.3923,512
1773561423568,ETH,A,Close Long,2104.8,0.0061,0.005135,0.021289,42.359,512
1773561423568,ETH,A,Close Long,2104.8,42.3529,35.657753,147.811621,42.3529,512
1773640114501,BTC,B,Open Long,74002.0,0.35,10.36028,0.0,0.0,513
1773640114501,BTC,B,Open Long,74002.0,0.23443,6.939315,0.0,0.35,513
1773640114501,BTC,B,Open Long,74002.0,0.52355,15.497498,0.0,0.58443,513
1773640114501,BTC,B,Open Long,74002.0,0.35,10.36028,0.0,1.10798,513
1773640114501,BTC,B,Open Long,74002.0,0.26918,7.967943,0.0,1.45798,513
1773640114501,BTC,B,Open Long,74002.0,0.22453,6.646267,0.0,1.72716,513
1773640114501,BTC,B,Open Long,74002.0,0.34529,10.22086,0.0,1.95169,513
1773640114501,BTC,B,Open Long,74002.0,0.1649,4.881171,0.0,2.29698,513
1773640114501,BTC,B,Open Long,74002.0,0.62363,18.459946,0.0,2.46188,513
1773640114501,BTC,B,Open Long,74002.0,0.18997,5.623263,0.0,3.08551,513
1773640114501,BTC,B,Open Long,74002.0,0.35,10.36028,0.0,3.27548,513
1773640114501,BTC,B,Open Long,74002.0,0.35,10.36028,0.0,3.62548,513
1773640114501,BTC,B,Open Long,74002.0,0.35,10.36028,0.0,3.97548,513
1773640114501,BTC,B,Open Long,74002.0,0.7,20.72056,0.0,4.32548,513
1773640114501,BTC,B,Open Long,74002.0,0.09878,2.923967,0.0,5.02548,513
1773640114501,BTC,B,Open Long,74002.0,0.58363,17.275914,0.0,5.12426,513
1773640114501,BTC,B,Open Long,74002.0,0.55346,16.382858,0.0,5.70789,513
1773640114501,BTC,B,Open Long,74002.0,0.13513,3.999956,0.0,6.26135,513
1773640114501,BTC,B,Open Long,74002.0,0.0006,0.01776,0.0,6.39648,513
1773640114501,BTC,B,Open Long,74002.0,0.35812,10.600638,0.0,6.39708,513
1773641269224,BTC,A,Close Long,73777.0,0.55214,16.294093,-124.2315,6.7552,514
1773641269224,BTC,A,Close Long,73777.0,0.25144,7.420195,-56.574,6.20306,514
1773641269224,BTC,A,Close Long,73777.0,0.16225,4.788127,-36.50625,5.95162,514
1773641269224,BTC,A,Close Long,73777.0,0.15334,4.525186,-34.5015,5.78937,514
1773641269224,BTC,A,Close Long,73777.0,0.12969,3.827255,-29.18025,5.63603,514
1773641269224,BTC,A,Close Long,73777.0,0.29587,8.73136,-66.57075,5.50634,514
1773641269224,BTC,A,Close Long,73777.0,0.71796,21.187573,-161.541,5.21047,514
1773641269224,BTC,A,Close Long,73777.0,0.0871,2.57039,-19.5975,4.49251,514
1773641269224,BTC,A,Close Long,73777.0,0.11297,3.333835,-25.41825,4.40541,514
1773641269224,BTC,A,Close Long,73777.0,0.0991,2.92452,-22.2975,4.29244,514
1773641269224,BTC,A,Close Long,73777.0,0.04933,1.455767,-11.09925,4.19334,514
1773641269224,BTC,A,Close Long,73777.0,0.01034,0.305141,-2.3265,4.14401,514
1773641269224,BTC,A,Close Long,73777.0,0.385,11.361658,-86.625,4.13367,514
1773641269224,BTC,A,Close Long,73777.0,0.15041,4.438719,-33.84225,3.74867,514
1773641269224,BTC,A,Close Long,73777.0,0.35,10.32878,-78.75,3.59826,514
1773641269224,BTC,A,Close Long,73777.0,0.01034,0.305141,-2.3265,3.24826,514
1773641269224,BTC,A,Close Long,73777.0,0.07486,2.209178,-16.8435,3.23792,514
1773641269224,BTC,A,Close Long,73777.0,0.385,11.361658,-86.625,3.16306,514
1773641269224,BTC,A,Close Long,73777.0,0.385,11.361658,-86.625,2.77806,514
1773641269224,BTC,A,Close Long,73777.0,0.35,10.32878,-78.75,2.39306,514
1773641269224,BTC,A,Close Long,73777.0,0.02068,0.610283,-4.653,2.04306,514
1773641269224,BTC,A,Close Long,73777.0,0.16375,4.832393,-36.84375,2.02238,514
1773641269224,BTC,A,Close Long,73777.0,0.08572,2.529665,-19.287,1.85863,514
1773641269224,BTC,A,Close Long,73777.0,0.13554,3.999893,-30.4965,1.77291,514
1773641269224,BTC,A,Close Long,73776.0,0.00136,0.040134,-0.30736,1.63737,514
1773641269224,BTC,A,Close Long,73775.0,0.54225,16.001797,-123.09075,1.63601,514
1773641269224,BTC,A,Close Long,73774.0,0.67773,19.999541,-154.52244,1.09376,514
1773641269224,BTC,A,Close Long,73773.0,0.20332,5.99981,-46.56028,0.41603,514
1773641269224,BTC,A,Close Long,73772.0,0.21271,6.276816,-48.9233,0.21271,514
1773659804266,ETH,B,Open Long,2272.8,1.5865,1.442318,0.0,0.0,515
1773659804266,ETH,B,Open Long,2272.8,1.5865,1.442318,0.0,1.5865,515
1773659804266,ETH,B,Open Long,2272.8,1.5865,1.442318,0.0,3.173,515
1773659804266,ETH,B,Open Long,2272.8,5.3577,4.870792,0.0,4.7595,515
1773659804266,ETH,B,Open Long,2272.8,3.0,2.72736,0.0,10.1172,515
1773659804266,ETH,B,Open Long,2272.8,12.0,10.90944,0.0,13.1172,515
1773659804266,ETH,B,Open Long,2272.8,5.0,4.5456,0.0,25.1172,515
1773659804266,ETH,B,Open Long,2272.8,3.25,2.95464,0.0,30.1172,515
1773659804266,ETH,B,Open Long,2272.8,2.4057,2.187069,0.0,33.3672,515
1773659804266,ETH,B,Open Long,2272.8,3.6,3.272832,0.0,35.7729,515
1773659804266,ETH,B,Open Long,2272.8,10.4564,9.506122,0.0,39.3729,515
1773659804266,ETH,B,Open Long,2272.8,4.8413,4.401322,0.0,49.8293,515
1773659804266,ETH,B,Open Long,2272.8,4.8413,4.401322,0.0,54.6706,515
1773659804266,ETH,B,Open Long,2272.8,5.3577,4.870792,0.0,59.5119,515
1773659804266,ETH,B,Open Long,2272.8,0.5732,0.521107,0.0,64.8696,515
1773659804266,ETH,B,Open Long,2272.8,5.0,4.5456,0.0,65.4428,515
1773659804266,ETH,B,Open Long,2272.8,5.3577,4.870792,0.0,70.4428,515
1773659804266,ETH,B,Open Long,2272.8,1.5865,1.442318,0.0,75.8005,515
1773659804266,ETH,B,Open Long,2272.8,4.6136,4.194316,0.0,77.387,515
1773659804266,ETH,B,Open Long,2272.8,3.5292,3.208466,0.0,82.0006,515
1773659804266,ETH,B,Open Long,2272.8,4.942,4.492871,0.0,85.5298,515
1773659804266,ETH,B,Open Long,2272.8,8.8001,8.000346,0.0,90.4718,515
1773659804266,ETH,B,Open Long,2272.8,12.0,10.90944,0.0,99.2719,515
1773659804266,ETH,B,Open Long,2272.8,1.0858,0.987122,0.0,111.2719,515
1773659804266,ETH,B,Open Long,2272.8,4.6511,4.228408,0.0,112.3577,515
1773659804266,ETH,B,Open Long,2272.8,8.8001,8.000346,0.0,117.0088,515
1773659804266,ETH,B,Open Long,2272.8,3.6,3.272832,0.0,125.8089,515
1773659804266,ETH,B,Open Long,2272.8,8.8001,8.000346,0.0,129.4089,515
1773659804266,ETH,B,Open Long,2272.8,9.6515,8.774371,0.0,138.209,515
1773659804266,ETH,B,Open Long,2272.8,7.0046,6.368021,0.0,147.8605,515
1773659804266,ETH,B,Open Long,2272.8,8.8001,8.000346,0.0,154.8651,515
1773659804266,ETH,B,Open Long,2272.8,5.0,4.5456,0.0,163.6652,515
1773659804266,ETH,B,Open Long,2272.8,4.6136,4.194316,0.0,168.6652,515
1773659804266,ETH,B,Open Long,2272.8,8.8001,8.000346,0.0,173.2788,515
1773659804266,ETH,B,Open Long,2272.8,4.3923,3.993127,0.0,182.0789,515
1773659804266,ETH,B,Open Long,2272.8,1.25,1.1364,0.0,186.4712,515
1773659804266,ETH,B,Open Long,2272.8,8.8001,8.000346,0.0,187.7212,515
1773659804266,ETH,B,Open Long,2272.8,1.25,1.1364,0.0,196.5213,515
1773659804266,ETH,B,Open Long,2272.8,10.9994,9.999774,0.0,197.7713,515
1773659804266,ETH,B,Open Long,2272.8,0.5732,0.521107,0.0,208.7707,515
1773659804266,ETH,B,Open Long,2272.8,1.25,1.1364,0.0,209.3439,515
1773659804266,ETH,B,Open Long,2272.8,3.6,3.272832,0.0,210.5939,515
1773659804266,ETH,B,Open Long,2272.8,3.6,3.272832,0.0,214.1939,515
1773659804266,ETH,B,Open Long,2272.8,2.1797,1.981608,0.0,217.7939,515
1773671508501,ETH,A,Close Long,2260.0,3.214,2.905456,-41.1392,219.9736,516
1773671508501,ETH,A,Close Long,2260.0,0.0176,0.01591,-0.22528,216.7596,516
1773671508501,ETH,A,Close Long,2260.0,4.4488,4.021715,-56.94464,216.742,516
1773671508501,ETH,A,Close Long,2260.0,0.0176,0.01591,-0.22528,212.2932,516
1773671508501,ETH,A,Close Long,2260.0,2.3825,2.15378,-30.496,212.2756,516
1773671508501,ETH,A,Close Long,2260.0,3.6134,3.266513,-46.25152,209.8931,516
1773671508501,ETH,A,Close Long,2260.0,0.0176,0.01591,-0.22528,206.2797,516
1773671508501,ETH,A,Close Long,2260.0,1.9355,1.749692,-24.7744,206.2621,516
1773671508501,ETH,A,Close Long,2260.0,1.9996,1.807638,-25.59488,204.3266,516
1773671508501,ETH,A,Close Long,2260.0,3.6134,3.266513,-46.25152,202.327,516
1773671508501,ETH,A,Close Long,2260.0,0.1599,0.144549,-2.04672,198.7136,516
1773671508501,ETH,A,Close Long,2260.0,1.331,1.203224,-17.0368,198.5537,516
1773671508501,ETH,A,Close Long,2260.0,2.6479,2.393701,-33.89312,197.2227,516
1773671508501,ETH,A,Close Long,2260.0,1.467,1.326168,-18.7776,194.5748,516
1773671508501,ETH,A,Close Long,2260.0,0.1599,0.144549,-2.04672,193.1078,516
1773671508501,ETH,A,Close Long,2260.0,1.1878,1.073771,-15.20384,192.9479,516
1773671508501,ETH,A,Close Long,2260.0,2.6458,2.391803,-33.86624,191.7601,516
1773671508501,ETH,A,Close Long,2260.0,1.9355,1.749692,-24.7744,189.1143,516
1773671508501,ETH,A,Close Long,2260.0,0.0176,0.01591,-0.22528,187.1788,516
1773671508501,ETH,A,Close Long,2260.0,0.6407,0.579192,-8.20096,187.1612,516
1773671508501,ETH,A,Close Long,2260.0,0.0176,0.01591,-0.22528,186.5205,516
1773671508501,ETH,A,Close Long,2260.0,1.9355,1.749692,-24.7744,186.5029,516
1773671508501,ETH,A,Close Long,2260.0,0.01,0.00904,-0.128,184.5674,516
1773671508501,ETH,A,Close Long,2260.0,1.9355,1.749692,-24.7744,184.5574,516
1773671508501,ETH,A,Close Long,2260.0,0.1084,0.097993,-1.38752,182.6219,516
1773671508501,ETH,A,Close Long,2260.0,0.1084,0.097993,-1.38752,182.5135,516
1773671508501,ETH,A,Close Long,2260.0,0.1525,0.13786,-1.952,182.4051,516
1773671508501,ETH,A,Close Long,2260.0,1.9343,1.748607,-24.75904,182.2526,516
1773671508501,ETH,A,Close Long,2260.0,0.1525,0.13786,-1.952,180.3183,516
1773671508501,ETH,A,Close Long,2260.0,1.7853,1.613911,-22.85184,180.1658,516
1773671508501,ETH,A,Close Long,2260.0,1.1878,1.073771,-15.20384,178.3805,516
1773671508501,ETH,A,Close Long,2260.0,1.467,1.326168,-18.7776,177.1927,516
1773671508501,ETH,A,Close Long,2260.0,1.467,1.326168,-18.7776,175.7257,516
1773671508501,ETH,A,Close Long,2260.0,1.9355,1.749692,-24.7744,174.2587,516
1773671508501,ETH,A,Close Long,2260.0,3.0291,2.738306,-38.77248,172.3232,516
1773671508501,ETH,A,Close Long,2260.0,0.1599,0.144549,-2.04672,169.2941,516
1773671508501,ETH,A,Close Long,2260.0,1.1878,1.073771,-15.20384,169.1342,516
1773671508501,ETH,A,Close Long,2260.0,1.467,1.326168,-18.7776,167.9464,516
1773671508501,ETH,A,Close Long,2260.0,4.4488,4.021715,-56.94464,166.4794,516
1773671508501,ETH,A,Close Long,2260.0,0.1525,0.13786,-1.952,162.0306,516
1773671508501,ETH,A,Close Long,2260.0,13.2939,12.017685,-170.16192,161.8781,516
1773671508501,ETH,A,Close Long,2260.0,1.9355,1.749692,-24.7744,148.5842,516
1773671508501,ETH,A,Close Long,2260.0,0.1084,0.097993,-1.38752,146.6487,516
1773671508501,ETH,A,Close Long,2260.0,13.2939,12.017685,-170.16192,146.5403,516
1773671508501,ETH,A,Close Long,2260.0,1.7853,1.613911,-22.85184,133.2464,516
1773671508501,ETH,A,Close Long,2260.0,2.8624,2.587609,-36.63872,131.4611,516
1773671508501,ETH,A,Close Long,2260.0,0.0176,0.01591,-0.22528,128.5987,516
1773671508501,ETH,A,Close Long,2260.0,3.2119,2.903557,-41.11232,128.5811,516
1773671508501,ETH,A,Close Long,2260.0,0.1525,0.13786,-1.952,125.3692,516
1773671508501,ETH,A,Close Long,2260.0,0.6407,0.579192,-8.20096,125.2167,516
1773671508501,ETH,A,Close Long,2260.0,1.9355,1.749692,-24.7744,124.576,516
1773671508501,ETH,A,Close Long,2260.0,1.9355,1.749692,-24.7744,122.6405,516
1773671508501,ETH,A,Close Long,2260.0,1.7596,1.590678,-22.52288,120.705,516
1773671508501,ETH,A,Close Long,2260.0,0.0176,0.01591,-0.22528,118.9454,516
1773671508501,ETH,A,Close Long,2260.0,1.9355,1.749692,-24.7744,118.9278,516
1773671508501,ETH,A,Close Long,2260.0,2.2045,1.992868,-28.2176,116.9923,516
1773671508501,ETH,A,Close Long,2260.0,0.0176,0.01591,-0.22528,114.7878,516
1773671508501,ETH,A,Close Long,2260.0,1.3309,1.203133,-17.03552,114.7702,516
1773671508501,ETH,A,Close Long,2260.0,1.9355,1.749692,-24.7744,113.4393,516
1773671508501,ETH,A,Close Long,2260.0,3.0291,2.738306,-38.77248,111.5038,516
1773671508501,ETH,A,Close Long,2260.0,1.778,1.607312,-22.7584,108.4747,516
1773671508501,ETH,A,Close Long,2260.0,0.1525,0.13786,-1.952,106.6967,516
1773671508501,ETH,A,Close Long,2260.0,0.0176,0.01591,-0.22528,106.5442,516
1773671508501,ETH,A,Close Long,2260.0,1.7853,1.613911,-22.85184,106.5266,516
1773671508501,ETH,A,Close Long,2260.0,3.9323,3.554799,-50.33344,104.7413,516
1773671508501,ETH,A,Close Long,2260.0,1.7853,1.613911,-22.85184,100.809,516
1773671508501,ETH,A,Close Long,2260.0,0.0176,0.01591,-0.22528,99.0237,516
1773671508501,ETH,A,Close Long,2260.0,1.2477,1.12792,-15.97056,99.0061,516
1773671508501,ETH,A,Close Long,2260.0,4.4488,4.021715,-56.94464,97.7584,516
1773671508501,ETH,A,Close Long,2260.0,0.1084,0.097993,-1.38752,93.3096,516
1773671508501,ETH,A,Close Long,2260.0,1.7853,1.613911,-22.85184,93.2012,516
1773671508501,ETH,A,Close Long,2260.0,13.2939,12.017685,-170.16192,91.4159,516
1773671508501,ETH,A,Close Long,2260.0,3.0291,2.738306,-38.77248,78.122,516
1773671508501,ETH,A,Close Long,2259.9,0.0176,0.015909,-0.22704,75.0929,516
1773671508501,ETH,A,Close Long,2259.9,4.4488,4.021537,-57.38952,75.0753,516
1773671508501,ETH,A,Close Long,2259.9,0.0176,0.015909,-0.22704,70.6265,516
1773671508501,ETH,A,Close Long,2259.9,2.3827,2.153865,-30.73683,70.6089,516
1773671508501,ETH,A,Close Long,2259.9,0.0176,0.015909,-0.22704,68.2262,516
1773671508501,ETH,A,Close Long,2259.9,1.9357,1.749795,-24.97053,68.2086,516
1773671508501,ETH,A,Close Long,2259.9,3.2195,2.910299,-41.53155,66.2729,516
1773671508501,ETH,A,Close Long,2259.9,2.6458,2.391697,-34.13082,63.0534,516
1773671508501,ETH,A,Close Long,2259.9,0.1599,0.144543,-2.06271,60.4076,516
1773671508501,ETH,A,Close Long,2259.9,1.3311,1.203261,-17.17119,60.2477,516
1773671508501,ETH,A,Close Long,2259.9,0.1599,0.144543,-2.06271,58.9166,516
1773671508501,ETH,A,Close Long,2259.9,0.01,0.009039,-0.129,58.7567,516
1773671508501,ETH,A,Close Long,2259.9,1.1878,1.073723,-15.32262,58.7467,516
1773671508501,ETH,A,Close Long,2259.9,1.9357,1.749795,-24.97053,57.5589,516
1773671508501,ETH,A,Close Long,2259.9,0.01,0.009039,-0.129,55.6232,516
1773671508501,ETH,A,Close Long,2259.9,0.0176,0.015909,-0.22704,55.6132,516
1773671508501,ETH,A,Close Long,2259.9,0.6407,0.579167,-8.26503,55.5956,516
1773671508501,ETH,A,Close Long,2259.9,0.0176,0.015909,-0.22704,54.9549,516
1773671508501,ETH,A,Close Long,2259.9,1.9357,1.749795,-24.97053,54.9373,516
1773671508501,ETH,A,Close Long,2259.9,1.9357,1.749795,-24.97053,53.0016,516
1773671508501,ETH,A,Close Long,2259.9,0.1084,0.097989,-1.39836,51.0659,516
1773671508501,ETH,A,Close Long,2259.9,0.1084,0.097989,-1.39836,50.9575,516
1773671508501,ETH,A,Close Long,2259.9,0.1525,0.137853,-1.96725,50.8491,516
1773671508501,ETH,A,Close Long,2259.9,1.9344,1.74862,-24.95376,50.6966,516
1773671508501,ETH,A,Close Long,2259.9,0.1525,0.137853,-1.96725,48.7622,516
1773671508501,ETH,A,Close Long,2259.9,1.7854,1.61393,-23.03166,48.6097,516
1773671508501,ETH,A,Close Long,2259.9,1.9357,1.749795,-24.97053,46.8243,516
1773671508501,ETH,A,Close Long,2259.9,0.1599,0.144543,-2.06271,44.8886,516
1773671508501,ETH,A,Close Long,2259.9,3.6134,3.266369,-46.61286,44.7287,516
1773671508501,ETH,A,Close Long,2259.9,0.1525,0.137853,-1.96725,41.1153,516
1773671508501,ETH,A,Close Long,2259.9,4.7142,4.261448,-60.81318,40.9628,516
1773671508501,ETH,A,Close Long,2259.9,13.2939,12.017153,-171.49131,36.2486,516
1773671508501,ETH,A,Close Long,2259.9,1.9357,1.749795,-24.97053,22.9547,516
1773671508501,ETH,A,Close Long,2259.9,3.2119,2.903429,-41.43351,21.019,516
1773671508501,ETH,A,Close Long,2259.9,0.1084,0.097989,-1.39836,17.8071,516
1773671508501,ETH,A,Close Long,2259.9,1.7854,1.61393,-23.03166,17.6987,516
1773671508501,ETH,A,Close Long,2259.9,3.9323,3.554641,-50.72667,15.9133,516
1773671508501,ETH,A,Close Long,2259.9,0.0176,0.015909,-0.22704,11.981,516
1773671508501,ETH,A,Close Long,2259.9,0.1525,0.137853,-1.96725,11.9634,516
1773671508501,ETH,A,Close Long,2259.9,3.9323,3.554641,-50.72667,11.8109,516
1773671508501,ETH,A,Close Long,2259.9,0.6407,0.579167,-8.26503,7.8786,516
1773671508501,ETH,A,Close Long,2259.9,1.9357,1.749795,-24.97053,7.2379,516
1773671508501,ETH,A,Close Long,2259.9,3.0291,2.738185,-39.07539,5.3022,516
1773671508501,ETH,A,Close Long,2259.9,1.9357,1.749795,-24.97053,2.2731,516
1773671508501,ETH,A,Close Long,2259.9,0.0176,0.015909,-0.22704,0.3374,516
1773671508501,ETH,A,Close Long,2259.9,0.3198,0.289086,-4.12542,0.3198,516
1773694382528,BTC,B,Open Long,74207.0,0.11036,3.275793,0.0,0.0,517
1773694382528,BTC,B,Open Long,74207.0,0.13475,3.999757,0.0,0.11036,517
1773694382528,BTC,B,Open Long,74207.0,0.06563,1.948082,0.0,0.24511,517
1773694382528,BTC,B,Open Long,74207.0,0.07436,2.207213,0.0,0.31074,517
1773694382528,BTC,B,Open Long,74207.0,0.066,1.959064,0.0,0.3851,517
1773694382528,BTC,B,Open Long,74207.0,0.2,5.93656,0.0,0.4511,517
1773694382528,BTC,B,Open Long,74207.0,0.01078,0.31998,0.0,0.6511,517
1773694382528,BTC,B,Open Long,74207.0,0.52404,15.554974,0.0,0.66188,517
1773694382528,BTC,B,Open Long,74207.0,0.07702,2.286169,0.0,1.18592,517
1773694382528,BTC,B,Open Long,74207.0,0.09057,2.688371,0.0,1.26294,517
1773694382528,BTC,B,Open Long,74207.0,0.15868,4.710066,0.0,1.35351,517
1773694382528,BTC,B,Open Long,74207.0,0.03991,1.18464,0.0,1.51219,517
1773694382528,BTC,B,Open Long,74207.0,0.21339,6.334012,0.0,1.5521,517
1773694382528,BTC,B,Open Long,74207.0,0.18681,5.545043,0.0,1.76549,517
1773694382528,BTC,B,Open Long,74207.0,0.1629,4.835328,0.0,1.9523,517
1773694382528,BTC,B,Open Long,74207.0,0.10492,3.114319,0.0,2.1152,517
1773694382528,BTC,B,Open Long,74207.0,0.00057,0.016919,0.0,2.22012,517
1773694382528,BTC,B,Open Long,74207.0,0.00412,0.122293,0.0,2.22069,517
1773694382528,BTC,B,Open Long,74207.0,0.00017,0.005046,0.0,2.22481,517
1773694382528,BTC,B,Open Long,74207.0,0.67724,20.102379,0.0,2.22498,517
1773694382528,BTC,B,Open Long,74207.0,0.00039,0.011576,0.0,2.90222,517
1773694382528,BTC,B,Open Long,74207.0,1.34767,40.002619,0.0,2.90261,517
1773694382528,BTC,B,Open Long,74207.0,0.13476,4.000054,0.0,4.25028,517
1773694382528,BTC,B,Open Long,74207.0,1.34759,40.000244,0.0,4.38504,517
1773694382528,BTC,B,Open Long,74207.0,0.01691,0.501936,0.0,5.73263,517
1773694382528,BTC,B,Open Long,74207.0,0.04888,1.450895,0.0,5.74954,517
1773694382528,BTC,B,Open Long,74207.0,0.23119,6.862366,0.0,5.79842,517
1773694382528,BTC,B,Open Long,74207.0,0.70893,21.043027,0.0,6.02961,517
1773694388324,BTC,A,Close Long,74181.0,0.76612,22.732619,-19.91912,6.73854,518
1773694388324,BTC,A,Close Long,74181.0,0.19576,5.808669,-5.08976,5.97242,518
1773694388324,BTC,A,Close Long,74181.0,0.19576,5.808669,-5.08976,5.77666,518
1773694388324,BTC,A,Close Long,74181.0,0.16,4.747584,-4.16,5.5809,518
1773694388324,BTC,A,Close Long,74181.0,0.3331,9.883876,-8.6606,5.4209,518
1773694388324,BTC,A,Close Long,74181.0,1.39194,41.3022,-36.19044,5.0878,518
1773694388324,BTC,A,Close Long,74181.0,0.3326,9.86904,-8.6476,3.69586,518
1773694388324,BTC,A,Close Long,74181.0,0.76937,22.829054,-20.00362,3.36326,518
1773694388324,BTC,A,Close Long,74181.0,0.71,21.067404,-18.46,2.59389,518
1773694388324,BTC,A,Close Long,74181.0,0.77,22.847748,-20.02,1.88389,518
1773694388324,BTC,A,Close Long,74181.0,0.75583,22.42729,-19.65158,1.11389,518
1773694388324,BTC,A,Close Long,74181.0,0.35806,10.624499,-9.30956,0.35806,518
1773694762839,ETH,B,Open Long,2344.5,3.6394,3.413029,0.0,0.0,519
1773694762839,ETH,B,Open Long,2344.5,7.0812,6.640749,0.0,3.6394,519
1773694762839,ETH,B,Open Long,2344.5,4.3753,4.103156,0.0,10.7206,519
1773694762839,ETH,B,Open Long,2344.5,20.0434,18.7967,0.0,15.0959,519
1773694762839,ETH,B,Open Long,2344.5,38.0846,35.715737,0.0,35.1393,519
1773694762839,ETH,B,Open Long,2344.5,1.0059,0.943333,0.0,73.2239,519
1773694762839,ETH,B,Open Long,2344.5,64.0985,60.111573,0.0,74.2298,519
1773694762839,ETH,B,Open Long,2344.5,12.7967,12.000745,0.0,138.3283,519
1773694762839,ETH,B,Open Long,2344.5,0.9596,0.899912,0.0,151.125,519
1773694762839,ETH,B,Open Long,2344.5,61.1168,57.315335,0.0,152.0846,519
1773696795618,ETH,A,Close Long,2349.0,43.5331,12.27111,195.89895,213.2014,520
1773696795830,ETH,A,Close Long,2349.0,9.9286,2.798673,44.6787,169.6683,520
1773696795830,ETH,A,Close Long,2349.0,0.0212,0.005975,0.0954,159.7397,520
1773696795830,ETH,A,Close Long,2349.0,6.7032,1.889498,30.1644,159.7185,520
1773696795830,ETH,A,Close Long,2349.0,97.8524,27.582634,440.3358,153.0153,520
1773696795830,ETH,A,Close Long,2349.0,0.7993,0.225306,3.59685,55.1629,520
1773696795830,ETH,A,Close Long,2349.0,0.0085,0.002395,0.03825,54.3636,520
1773696795886,ETH,A,Close Long,2349.0,0.4646,0.130961,2.0907,54.3551,520
1773696795886,ETH,A,Close Long,2349.0,0.0212,0.005975,0.0954,53.8905,520
1773696795886,ETH,A,Close Long,2349.0,0.0085,0.002395,0.03825,53.8693,520
1773696796008,ETH,A,Close Long,2349.0,7.7799,2.192998,35.00955,53.8608,520
1773696796008,ETH,A,Close Long,2349.0,0.0085,0.002395,0.03825,46.0809,520
1773696796008,ETH,A,Close Long,2349.0,0.5807,0.163687,2.61315,46.0724,520
1773696796008,ETH,A,Close Long,2349.0,0.06,0.016912,0.27,45.4917,520
1773696796008,ETH,A,Close Long,2349.0,0.0212,0.005975,0.0954,45.4317,520
1773696796008,ETH,A,Close Long,2349.0,0.0085,0.002395,0.03825,45.4105,520
1773696796008,ETH,A,Close Long,2349.0,0.41,0.11557,1.845,45.402,520
1773696796008,ETH,A,Close Long,2349.0,0.0085,0.002395,0.03825,44.992,520
1773696796008,ETH,A,Close Long,2349.0,0.2553,0.071963,1.14885,44.9835,520
1773696796008,ETH,A,Close Long,2349.0,0.2553,0.071963,1.14885,44.7282,520
1773696796008,ETH,A,Close Long,2349.0,0.41,0.11557,1.845,44.4729,520
1773696796008,ETH,A,Close Long,2349.0,2.4983,0.70422,11.24235,44.0629,520
1773696796008,ETH,A,Close Long,2349.0,15.2739,4.305406,68.73255,41.5646,520
1773696796008,ETH,A,Close Long,2349.0,1.063,0.299638,4.7835,26.2907,520
1773696796008,ETH,A,Close Long,2349.0,0.264,0.074416,1.188,25.2277,520
1773696796088,ETH,A,Close Long,2349.0,0.39,0.109933,1.755,24.9637,520
1773696796088,ETH,A,Close Long,2349.0,14.894,4.19832,67.023,24.5737,520
1773696796088,ETH,A,Close Long,2349.0,0.4451,0.125464,2.00295,9.6797,520
1773696796210,ETH,A,Close Long,2349.0,1.2752,0.359453,5.7384,9.2346,520
1773696796641,ETH,A,Close Long,2349.0,0.4,0.112752,1.8,7.9594,520
1773696797250,ETH,A,Close Long,2349.0,0.0068,0.001916,0.0306,7.5594,520
1773696799977,ETH,A,Close Long,2349.0,0.0309,0.00871,0.13905,7.5526,520
1773696801449,ETH,A,Close Long,2349.0,7.5216,2.120188,33.8472,7.5217,520
1773696810436,ETH,A,Close Long,2351.0,0.0001,0.000094,0.00065,0.0001,521
1773710010854,ETH,B,Open Long,2364.5,0.06,0.056748,0.0,0.0,522
1773710010854,ETH,B,Open Long,2364.6,7.6583,7.243526,0.0,0.06,522
1773710010854,ETH,B,Open Long,2364.6,0.0084,0.007945,0.0,7.7183,522
1773710010854,ETH,B,Open Long,2364.6,2.3319,2.205604,0.0,7.7267,522
1773710010854,ETH,B,Open Long,2364.6,37.4279,35.400804,0.0,10.0586,522
1773710010854,ETH,B,Open Long,2364.7,0.4796,0.453644,0.0,47.4865,522
1773710010854,ETH,B,Open Long,2364.8,19.649,18.586382,0.0,47.9661,522
1773710010854,ETH,B,Open Long,2364.8,4.229,4.000295,0.0,67.6151,522
1773710010854,ETH,B,Open Long,2364.8,0.4229,0.400029,0.0,71.8441,522
1773710010854,ETH,B,Open Long,2364.8,0.06,0.056755,0.0,72.267,522
1773710010854,ETH,B,Open Long,2364.9,0.1988,0.188056,0.0,72.327,522
1773710010854,ETH,B,Open Long,2364.9,7.6477,7.234418,0.0,72.5258,522
1773710010854,ETH,B,Open Long,2364.9,4.2276,3.99914,0.0,80.1735,522
1773710010854,ETH,B,Open Long,2365.0,8.6179,8.152533,0.0,84.4011,522
1773710010854,ETH,B,Open Long,2365.0,0.0084,0.007946,0.0,93.019,522
1773710010854,ETH,B,Open Long,2365.0,5.4511,5.15674,0.0,93.0274,522
1773710010854,ETH,B,Open Long,2365.1,1.9,1.797476,0.0,98.4785,522
1773710010854,ETH,B,Open Long,2365.1,71.3514,67.501278,0.0,100.3785,522
1773710010854,ETH,B,Open Long,2365.1,5.8514,5.535658,0.0,171.7299,522
1773710010854,ETH,B,Open Long,2365.1,0.0047,0.004446,0.0,177.5813,522
1773710010854,ETH,B,Open Long,2365.1,0.9513,0.899967,0.0,177.586,522
1773710010854,ETH,B,Open Long,2365.1,32.7809,31.012042,0.0,178.5373,522
1773717946094,ETH,A,Close Long,2337.3,2.7868,2.605435,-76.999284,211.3182,523
1773717946094,ETH,A,Close Long,2337.3,11.8469,11.075903,-327.329847,208.5314,523
1773717946094,ETH,A,Close Long,2337.3,5.0134,4.687127,-138.520242,196.6845,523
1773717946094,ETH,A,Close Long,2337.3,4.6599,4.356633,-128.753037,191.6711,523
1773717946094,ETH,A,Close Long,2337.3,3.8332,3.583735,-105.911316,187.0112,523
1773717946094,ETH,A,Close Long,2337.3,4.675,4.370751,-129.17025,183.178,523
1773717946094,ETH,A,Close Long,2337.3,0.0333,0.031132,-0.920079,178.503,523
1773717946094,ETH,A,Close Long,2337.3,8.5279,7.972904,-235.625877,178.4697,523
1773717946094,ETH,A,Close Long,2337.3,3.0,2.80476,-82.89,169.9418,523
1773717946094,ETH,A,Close Long,2337.3,5.3339,4.986769,-147.375657,166.9418,523
1773717946094,ETH,A,Close Long,2337.3,6.4176,5.999942,-177.318288,161.6079,523
1773717946094,ETH,A,Close Long,2337.0,0.9627,0.899931,-26.888211,155.1903,523
1773717946094,ETH,A,Close Long,2337.0,0.464,0.433747,-12.95952,154.2276,523
1773717946094,ETH,A,Close Long,2337.0,0.8557,0.799908,-23.899701,153.7636,523
1773717946094,ETH,A,Close Long,2336.9,0.8686,0.811932,-24.346858,152.9079,523
1773717946094,ETH,A,Close Long,2336.9,72.2081,67.497243,-2023.993043,152.0393,523
1773717946094,ETH,A,Close Long,2336.9,7.9241,7.407131,-222.112523,79.8312,523
1773717946094,ETH,A,Close Long,2336.9,2.3772,2.222111,-66.632916,71.9071,523
1773717946094,ETH,A,Close Long,2336.8,3.7598,3.51436,-105.763174,69.5299,523
1773717946094,ETH,A,Close Long,2336.8,8.3935,7.845572,-236.109155,65.7701,523
1773717946094,ETH,A,Close Long,2336.8,57.3766,53.631055,-1614.003758,57.3766,523
1773733236003,ETH,B,Open Long,2330.8,16.2981,15.195044,0.0,0.0,524
1773733236003,ETH,B,Open Long,2330.8,0.0053,0.004941,0.0,16.2981,524
1773733236003,ETH,B,Open Long,2330.8,5.1926,4.841164,0.0,16.3034,524
1773733236003,ETH,B,Open Long,2330.8,3.6177,3.372854,0.0,21.496,524
1773733236003,ETH,B,Open Long,2330.8,0.429,0.399965,0.0,25.1137,524
1773733236003,ETH,B,Open Long,2330.9,0.11,0.102559,0.0,25.5427,524
1773733236003,ETH,B,Open Long,2330.9,1.0368,0.96667,0.0,25.6527,524
1773733236003,ETH,B,Open Long,2330.9,0.1208,0.112629,0.0,26.6895,524
1773733236003,ETH,B,Open Long,2331.0,19.8592,18.516718,0.0,26.8103,524
1773733236003,ETH,B,Open Long,2331.0,16.0872,14.999705,0.0,46.6695,524
1773733236003,ETH,B,Open Long,2331.0,1.7473,1.629182,0.0,62.7567,524
1773733236003,ETH,B,Open Long,2331.0,2.25,2.0979,0.0,64.504,524
1773733236003,ETH,B,Open Long,2331.0,0.6417,0.598321,0.0,66.754,524
1773733236003,ETH,B,Open Long,2331.0,0.7054,0.657714,0.0,67.3957,524
1773733236003,ETH,B,Open Long,2331.0,0.0333,0.031048,0.0,68.1011,524
1773733236003,ETH,B,Open Long,2331.0,3.7542,3.500416,0.0,68.1344,524
1773733236003,ETH,B,Open Long,2331.0,0.858,0.799999,0.0,71.8886,524
1773733236003,ETH,B,Open Long,2331.0,16.0873,14.999798,0.0,72.7466,524
1773733236003,ETH,B,Open Long,2331.1,0.0048,0.004475,0.0,88.8339,524
1773733236003,ETH,B,Open Long,2331.1,1.9,1.771636,0.0,88.8387,524
1773733236003,ETH,B,Open Long,2331.1,0.286,0.266677,0.0,90.7387,524
1773733236003,ETH,B,Open Long,2331.1,10.8949,10.15884,0.0,91.0247,524
1773733236003,ETH,B,Open Long,2331.1,5.3443,4.983239,0.0,101.9196,524
1773830366556,ETH,A,Close Long,2321.8,2.22,2.061758,-20.3352,107.2639,525
1773830366556,ETH,A,Close Long,2321.8,0.21,0.195031,-1.9236,105.0439,525
1773830366556,ETH,A,Close Long,2321.8,8.7439,8.120634,-80.094124,104.8339,525
1773830366556,ETH,A,Close Long,2321.8,5.7548,5.344597,-52.713968,96.09,525
1773830366556,ETH,A,Close Long,2321.8,5.4475,5.059202,-49.8991,90.3352,525
1773830366556,ETH,A,Close Long,2321.8,7.3052,6.784485,-66.915632,84.8877,525
1773830366556,ETH,A,Close Long,2321.8,5.736,5.327137,-52.54176,77.5825,525
1773830366556,ETH,A,Close Long,2321.8,9.9883,9.276333,-91.492828,71.8465,525
1773830366556,ETH,A,Close Long,2321.8,4.5541,4.229483,-41.715556,61.8582,525
1773830366556,ETH,A,Close Long,2321.8,3.1191,2.89677,-28.570956,57.3041,525
1773830366556,ETH,A,Close Long,2321.8,3.9569,3.674852,-36.245204,54.185,525
1773830366556,ETH,A,Close Long,2321.8,4.0039,3.718502,-36.675724,50.2281,525
1773830366556,ETH,A,Close Long,2321.8,0.043,0.039934,-0.39388,46.2242,525
1773830366556,ETH,A,Close Long,2321.8,10.3365,9.599714,-94.68234,46.1812,525
1773830366556,ETH,A,Close Long,2321.8,3.9413,3.660364,-36.102308,35.8447,525
1773830366556,ETH,A,Close Long,2321.8,6.4605,5.999995,-59.17818,31.9034,525
1773830366556,ETH,A,Close Long,2321.8,3.9635,3.680981,-36.30566,25.4429,525
1773830366556,ETH,A,Close Long,2321.8,2.8108,2.610446,-25.746928,21.4794,525
1773830366556,ETH,A,Close Long,2321.8,2.0,1.85744,-18.32,18.6686,525
1773830366556,ETH,A,Close Long,2321.8,2.0569,1.910284,-18.841204,16.6686,525
1773830366556,ETH,A,Close Long,2321.7,0.9688,0.899705,-8.971088,14.6117,525
1773830366556,ETH,A,Close Long,2321.6,1.7473,1.622612,-16.354728,13.6429,525
1773830366556,ETH,A,Close Long,2321.6,0.2047,0.190092,-1.915992,11.8956,525
1773830366556,ETH,A,Close Long,2321.6,2.25,2.08944,-21.06,11.6909,525
1773830366556,ETH,A,Close Long,2321.6,0.0048,0.004457,-0.044928,9.4409,525
1773830366556,ETH,A,Close Long,2321.6,0.8614,0.79993,-8.062704,9.4361,525
1773830366556,ETH,A,Close Long,2321.6,0.8614,0.79993,-8.062704,8.5747,525
1773830366556,ETH,A,Close Long,2321.6,0.0779,0.072341,-0.729144,7.7133,525
1773830366556,ETH,A,Close Long,2321.5,0.0333,0.030922,-0.315018,7.6354,525
1773830366556,ETH,A,Close Long,2321.5,7.6021,7.05931,-71.915866,7.6021,525
1773830689978,BTC,A,Open Short,73847.0,0.10417,3.077056,0.0,0.0,526
1773830689978,BTC,A,Open Short,73847.0,0.14622,4.319163,0.0,-0.10417,526
1773830689978,BTC,A,Open Short,73847.0,0.31668,9.354347,0.0,-0.25039,526
1773830689978,BTC,A,Open Short,73847.0,0.079,2.333565,0.0,-0.56707,526
1773830689978,BTC,A,Open Short,73847.0,0.00017,0.005021,0.0,-0.64607,526
1773830689978,BTC,A,Open Short,73847.0,0.18681,5.518143,0.0,-0.64624,526
1773830689978,BTC,A,Open Short,73847.0,0.3395,10.028422,0.0,-0.83305,526
1773830689978,BTC,A,Open Short,73847.0,0.1327,3.919798,0.0,-1.17255,526
1773830689978,BTC,A,Open Short,73847.0,0.33902,10.014243,0.0,-1.30525,526
1773830689978,BTC,A,Open Short,73847.0,0.11575,3.419116,0.0,-1.64427,526
1773830689978,BTC,A,Open Short,73847.0,0.14837,4.382671,0.0,-1.76002,526
1773830689978,BTC,A,Open Short,73847.0,0.16465,4.863563,0.0,-1.90839,526
1773830689978,BTC,A,Open Short,73847.0,0.07426,2.193551,0.0,-2.07304,526
1773830689978,BTC,A,Open Short,73847.0,0.13968,4.125979,0.0,-2.1473,526
1773830689978,BTC,A,Open Short,73847.0,0.10586,3.126977,0.0,-2.28698,526
1773830689978,BTC,A,Open Short,73847.0,0.07356,2.172874,0.0,-2.39284,526
1773830689978,BTC,A,Open Short,73847.0,0.0971,2.868217,0.0,-2.4664,526
1773830689978,BTC,A,Open Short,73847.0,0.10704,3.161833,0.0,-2.5635,526
1773830689978,BTC,A,Open Short,73847.0,0.10156,2.99996,0.0,-2.67054,526
1773830689978,BTC,A,Open Short,73847.0,0.10156,2.99996,0.0,-2.7721,526
1773830689978,BTC,A,Open Short,73847.0,0.40624,11.999842,0.0,-2.87366,526
1773830689978,BTC,A,Open Short,73847.0,0.10556,3.118115,0.0,-3.2799,526
1773830701130,BTC,B,Close Short,73848.0,0.06583,1.944565,-0.06583,-3.38546,527
1773830701130,BTC,B,Close Short,73848.0,0.02708,0.799921,-0.02708,-3.31963,527
1773830701130,BTC,B,Close Short,73848.0,0.00854,0.252264,-0.00854,-3.29255,527
1773830701130,BTC,B,Close Short,73848.0,0.34477,10.184229,-0.34477,-3.28401,527
1773830701130,BTC,B,Close Short,73848.0,0.06835,2.019004,-0.06835,-2.93924,527
1773830701130,BTC,B,Close Short,73848.0,0.08456,2.497834,-0.08456,-2.87089,527
1773830701130,BTC,B,Close Short,73848.0,0.13051,3.85516,-0.13051,-2.78633,527
1773830701130,BTC,B,Close Short,73848.0,0.07265,2.146022,-0.07265,-2.65582,527
1773830701130,BTC,B,Close Short,73848.0,0.11901,3.51546,-0.11901,-2.58317,527
1773830701130,BTC,B,Close Short,73848.0,0.12035,3.555042,-0.12035,-2.46416,527
1773830701130,BTC,B,Close Short,73848.0,0.06385,1.886077,-0.06385,-2.34381,527
1773830701130,BTC,B,Close Short,73848.0,0.12335,3.64366,-0.12335,-2.27996,527
1773830701130,BTC,B,Close Short,73848.0,0.06632,1.959039,-0.06632,-2.15661,527
1773830701130,BTC,B,Close Short,73848.0,0.12764,3.770383,-0.12764,-2.09029,527
1773830701130,BTC,B,Close Short,73848.0,0.00417,0.123178,-0.00417,-1.96265,527
1773830701130,BTC,B,Close Short,73848.0,0.36269,10.713572,-0.36269,-1.95848,527
1773830701130,BTC,B,Close Short,73848.0,0.05311,1.568826,-0.05311,-1.59579,527
1773830701130,BTC,B,Close Short,73848.0,0.35382,10.451559,-0.35382,-1.54268,527
1773830701130,BTC,B,Close Short,73848.0,0.01354,0.39996,-0.01354,-1.18886,527
1773830701130,BTC,B,Close Short,73848.0,0.10155,2.999705,-0.10155,-1.17532,527
1773830701130,BTC,B,Close Short,73848.0,0.10155,2.999705,-0.10155,-1.07377,527
1773830701130,BTC,B,Close Short,73848.0,0.97222,28.718601,-0.97222,-0.97222,527
1773830718292,ETH,A,Open Short,2313.4,13.2633,12.273327,0.0,0.0,528
1773830718292,ETH,A,Open Short,2313.4,3.0,2.77608,0.0,-13.2633,528
1773830718292,ETH,A,Open Short,2313.4,3.9765,3.679694,0.0,-16.2633,528
1773830718292,ETH,A,Open Short,2313.4,7.3142,6.768268,0.0,-20.2398,528
1773830718292,ETH,A,Open Short,2313.4,3.8525,3.564949,0.0,-27.554,528
1773830718292,ETH,A,Open Short,2313.4,4.5828,4.240739,0.0,-31.4065,528
1773830718292,ETH,A,Open Short,2313.4,3.6773,3.402826,0.0,-35.9893,528
1773830718292,ETH,A,Open Short,2313.4,6.0,5.55216,0.0,-39.6666,528
1773830718292,ETH,A,Open Short,2313.4,1.25,1.1567,0.0,-45.6666,528
1773830718292,ETH,A,Open Short,2313.4,5.0,4.6268,0.0,-46.9166,528
1773830718292,ETH,A,Open Short,2313.4,2.815,2.604888,0.0,-51.9166,528
1773830718292,ETH,A,Open Short,2313.4,7.4129,6.859601,0.0,-54.7316,528
1773830718292,ETH,A,Open Short,2313.4,3.25,3.00742,0.0,-62.1445,528
1773830718292,ETH,A,Open Short,2313.4,3.6141,3.344343,0.0,-65.3945,528
1773830718292,ETH,A,Open Short,2313.4,3.1602,2.924322,0.0,-69.0086,528
1773830718292,ETH,A,Open Short,2313.4,2.9425,2.722871,0.0,-72.1688,528
1773830718292,ETH,A,Open Short,2313.4,2.7123,2.509853,0.0,-75.1113,528
1773830718292,ETH,A,Open Short,2313.4,5.5,5.08948,0.0,-77.8236,528
1773830718292,ETH,A,Open Short,2313.4,6.0784,5.624708,0.0,-83.3236,528
1773830718292,ETH,A,Open Short,2313.4,9.1201,8.439375,0.0,-89.402,528
1773830718292,ETH,A,Open Short,2313.4,3.307,3.060165,0.0,-98.5221,528
1773830718292,ETH,A,Open Short,2313.4,6.2509,5.784332,0.0,-101.8291,528
1773851043982,ETH,B,Close Short,2173.2,6.7506,5.868161,946.43412,-108.08,529
1773851043982,ETH,B,Close Short,2173.2,0.1039,0.090318,14.56678,-101.3294,529
1773851043982,ETH,B,Close Short,2173.2,0.01,0.008692,1.402,-101.2255,529
1773851043982,ETH,B,Close Short,2173.4,1.7875,1.553981,250.25,-101.2155,529
1773851043982,ETH,B,Close Short,2173.4,0.1,0.086936,14.0,-99.428,529
1773851043982,ETH,B,Close Short,2173.4,0.1,0.086936,14.0,-99.328,529
1773851043982,ETH,B,Close Short,2173.4,0.1,0.086936,14.0,-99.228,529
1773851043982,ETH,B,Close Short,2173.4,1.035,0.899787,144.9,-99.128,529
1773851043982,ETH,B,Close Short,2173.5,0.06,0.052164,8.394,-98.093,529
1773851043982,ETH,B,Close Short,2173.5,1.34,1.164996,187.466,-98.033,529
1773851043982,ETH,B,Close Short,2173.5,1.035,0.899829,144.7965,-96.693,529
1773851043982,ETH,B,Close Short,2173.6,0.2452,0.213186,34.27896,-95.658,529
1773851043982,ETH,B,Close Short,2173.6,4.6006,3.999945,643.16388,-95.4128,529
1773851043982,ETH,B,Close Short,2173.7,3.8,3.304024,530.86,-90.8122,529
1773851043982,ETH,B,Close Short,2173.7,0.9216,0.801312,128.74752,-87.0122,529
1773851043982,ETH,B,Close Short,2173.7,0.9216,0.801312,128.74752,-86.0906,529
1773851043982,ETH,B,Close Short,2173.7,8.8029,7.653945,1229.76513,-85.169,529
1773851043982,ETH,B,Close Short,2173.7,0.9216,0.801312,128.74752,-76.3661,529
1773851043982,ETH,B,Close Short,2173.7,2.4837,2.159527,346.97289,-75.4445,529
1773851043982,ETH,B,Close Short,2173.8,0.1841,0.160078,25.70036,-72.9608,529
1773851043982,ETH,B,Close Short,2173.8,0.0439,0.038171,6.12844,-72.7767,529
1773851043982,ETH,B,Close Short,2173.8,13.2891,11.555138,1855.15836,-72.7328,529
1773851043982,ETH,B,Close Short,2173.8,17.2476,14.997133,2407.76496,-59.4437,529
1773851043982,ETH,B,Close Short,2173.8,42.1961,36.690352,5890.57556,-42.1961,529
1774136859191,ETH,B,Open Long,2130.0,46.9483,11.999985,0.0,0.0,531
1774136859191,ETH,B,Open Long,2128.0,46.9924,11.999979,0.0,46.9483,530
1774138615191,ETH,A,Close Long,2075.1,17.3022,14.361518,-932.415558,93.9407,532
1774138615191,ETH,A,Close Long,2075.1,12.8266,10.646591,-691.225474,76.6385,532
1774138615191,ETH,A,Close Long,2075.1,12.508,10.38214,-674.05612,63.8119,532
1774138615191,ETH,A,Close Long,2075.1,12.0485,10.000736,-649.293665,51.3039,532
1774138615191,ETH,A,Close Long,2075.1,6.9583,5.775667,-374.982787,39.2554,532
1774138615191,ETH,A,Close Long,2075.1,5.7123,4.741437,-307.835847,32.2971,532
1774138615191,ETH,A,Close Long,2075.1,16.9158,14.04079,-911.592462,26.5848,532
1774138615191,ETH,A,Close Long,2075.1,9.669,8.025656,-521.06241,9.669,532
1774235229255,ETH,B,Open Long,2066.1,5.9268,4.898144,0.0,0.0,533
1774235229255,ETH,B,Open Long,2066.1,0.6255,0.516938,0.0,5.9268,533
1774235229255,ETH,B,Open Long,2066.1,1.25,1.03305,0.0,6.5523,533
1774235229255,ETH,B,Open Long,2066.1,0.8142,0.672887,0.0,7.8023,533
1774235229255,ETH,B,Open Long,2066.2,0.2452,0.202652,0.0,8.6165,533
1774235229255,ETH,B,Open Long,2066.2,0.1836,0.151741,0.0,8.8617,533
1774235229255,ETH,B,Open Long,2066.2,0.2014,0.166453,0.0,9.0453,533
1774235229255,ETH,B,Open Long,2066.2,0.0918,0.07587,0.0,9.2467,533
1774235229255,ETH,B,Open Long,2066.2,0.1007,0.083226,0.0,9.3385,533
1774235229255,ETH,B,Open Long,2066.2,2.25,1.85958,0.0,9.4392,533
1774235229255,ETH,B,Open Long,2066.2,0.8639,0.713996,0.0,11.6892,533
1774235229255,ETH,B,Open Long,2066.2,0.01,0.008264,0.0,12.5531,533
1774235229255,ETH,B,Open Long,2066.2,18.1526,15.00276,0.0,12.5631,533
1774235229255,ETH,B,Open Long,2066.2,5.5809,4.612502,0.0,30.7157,533
1774235229255,ETH,B,Open Long,2066.3,1.7412,1.439136,0.0,36.2966,533
1774235229255,ETH,B,Open Long,2066.3,0.799,0.660389,0.0,38.0378,533
1774235229255,ETH,B,Open Long,2066.3,0.0054,0.004463,0.0,38.8368,533
1774235229255,ETH,B,Open Long,2066.3,18.1523,15.003238,0.0,38.8422,533
1774235229255,ETH,B,Open Long,2066.3,1.7657,1.459386,0.0,56.9945,533
1774235229255,ETH,B,Open Long,2066.3,1.089,0.90008,0.0,58.7602,533
1774235229255,ETH,B,Open Long,2066.3,10.8683,8.982867,0.0,59.8492,533
1774235229255,ETH,B,Open Long,2066.4,1.9,1.570464,0.0,70.7175,533
1774235229255,ETH,B,Open Long,2066.4,7.1998,5.951066,0.0,72.6175,533
1774235229255,ETH,B,Open Long,2066.4,2.2563,1.864967,0.0,79.8173,533
1774235229255,ETH,B,Open Long,2066.4,0.0333,0.027524,0.0,82.0736,533
1774235229255,ETH,B,Open Long,2066.4,0.0613,0.050668,0.0,82.1069,533
1774235229255,ETH,B,Open Long,2066.4,0.7749,0.640501,0.0,82.1682,533
1774235229255,ETH,B,Open Long,2066.4,0.0641,0.052982,0.0,82.9431,533
1774235229255,ETH,B,Open Long,2066.4,4.9,4.050144,0.0,83.0072,533
1774235229255,ETH,B,Open Long,2066.4,0.8289,0.685135,0.0,87.9072,533
1774235229255,ETH,B,Open Long,2066.4,0.7296,0.603058,0.0,88.7361,533
1774235229255,ETH,B,Open Long,2066.4,0.4839,0.399972,0.0,89.4657,533
1774235229255,ETH,B,Open Long,2066.4,6.8511,5.662845,0.0,89.9496,533
1774264308743,ETH,B,Open Long,2167.1,1.3848,1.2004,0.0,96.8007,534
1774264308743,ETH,B,Open Long,2167.1,11.0775,9.60242,0.0,98.1855,534
1774264308743,ETH,B,Open Long,2167.2,0.0666,0.057734,0.0,109.263,534
1774264308743,ETH,B,Open Long,2167.4,17.3066,15.004129,0.0,109.3296,534
1774264308743,ETH,B,Open Long,2167.5,14.6057,12.663141,0.0,126.6362,534
1774264308743,ETH,B,Open Long,2167.5,2.5462,2.207555,0.0,141.2419,534
1774264308743,ETH,B,Open Long,2167.5,0.9227,0.79998,0.0,143.7881,534
1774264308743,ETH,B,Open Long,2167.5,4.28,3.71076,0.0,144.7108,534
1774264308743,ETH,B,Open Long,2167.8,1.5233,1.320883,0.0,148.9908,534
1774264308743,ETH,B,Open Long,2167.9,2.5461,2.207876,0.0,150.5141,534
1774264308743,ETH,B,Open Long,2168.1,0.06,0.052034,0.0,153.0602,534
1774264308743,ETH,B,Open Long,2168.1,35.7742,31.024817,0.0,153.1202,534
1774360196422,ETH,A,Close Long,2134.5,10.7994,9.220527,202.920726,188.8944,535
1774360196422,ETH,A,Close Long,2134.5,7.0274,5.999994,132.044846,178.095,535
1774360196422,ETH,A,Close Long,2134.5,10.4523,8.924173,196.398717,171.0676,535
1774360196422,ETH,A,Close Long,2134.5,20.4555,17.464905,384.358845,160.6153,535
1774360196422,ETH,A,Close Long,2134.5,11.7101,9.998083,220.032779,140.1598,535
1774360196422,ETH,A,Close Long,2134.5,10.1648,8.678706,190.996592,128.4497,535
1774360196422,ETH,A,Close Long,2134.5,11.2467,9.602432,211.325493,118.2849,535
1774360196422,ETH,A,Close Long,2134.5,15.8294,13.515141,297.434426,107.0382,535
1774360196422,ETH,A,Close Long,2134.5,8.7954,7.509512,165.265566,91.2088,535
1774360196422,ETH,A,Close Long,2134.5,7.8065,6.665189,146.684135,82.4134,535
1774360196422,ETH,A,Close Long,2134.5,0.4683,0.399834,8.799357,74.6069,535
1774360196422,ETH,A,Close Long,2134.5,9.5485,8.152509,179.416315,74.1386,535
1774360196422,ETH,A,Close Long,2134.5,19.6235,16.754544,368.725565,64.5901,535
1774360196422,ETH,A,Close Long,2134.5,8.6975,7.425925,163.426025,44.9666,535
1774360196422,ETH,A,Close Long,2134.5,0.4683,0.399834,8.799357,36.2691,535
1774360196422,ETH,A,Close Long,2134.5,14.5951,12.461296,274.241929,35.8008,535
1774360196422,ETH,A,Close Long,2134.5,21.2057,18.105426,398.455103,21.2057,535
1774365038924,ETH,B,Open Long,2132.0,0.1364,0.034896,0.0,0.0,536
1774365039684,ETH,B,Open Long,2132.0,0.39,0.099777,0.0,0.1364,536
1774365039684,ETH,B,Open Long,2132.0,1.9719,0.50449,0.0,0.5264,536
1774365039684,ETH,B,Open Long,2132.0,0.39,0.099777,0.0,2.4983,536
1774365039684,ETH,B,Open Long,2132.0,20.5638,5.261042,0.0,2.8883,536
1774392846429,ETH,B,Open Long,2145.5,0.3629,0.31144,0.0,23.4521,537
1774392846429,ETH,B,Open Long,2145.5,0.5352,0.459308,0.0,23.815,537
1774392846429,ETH,B,Open Long,2145.5,0.8315,0.713593,0.0,24.3502,537
1774392846429,ETH,B,Open Long,2145.5,0.6371,0.546759,0.0,25.1817,537
1774392846429,ETH,B,Open Long,2145.5,2.131,1.828824,0.0,25.8188,537
1774392846429,ETH,B,Open Long,2145.5,11.6515,9.999317,0.0,27.9498,537
1774392846429,ETH,B,Open Long,2145.5,0.8335,0.715309,0.0,39.6013,537
1774392846429,ETH,B,Open Long,2145.5,2.3889,2.050153,0.0,40.4348,537
1774392846429,ETH,B,Open Long,2145.5,0.2728,0.234116,0.0,42.8237,537
1774392846429,ETH,B,Open Long,2145.5,1.5935,1.367541,0.0,43.0965,537
1774392846429,ETH,B,Open Long,2145.5,2.0208,1.73425,0.0,44.69,537
1774392846429,ETH,B,Open Long,2145.5,0.0437,0.037503,0.0,46.7108,537
1774393614572,ETH,B,Open Long,2146.5,0.6302,0.541089,0.0,46.7545,538
1774393614572,ETH,B,Open Long,2146.5,0.1251,0.10741,0.0,47.3847,538
1774393614572,ETH,B,Open Long,2146.5,0.8052,0.691344,0.0,47.5098,538
1774393614572,ETH,B,Open Long,2146.5,0.2837,0.243584,0.0,48.315,538
1774393614572,ETH,B,Open Long,2146.5,0.6021,0.516963,0.0,48.5987,538
1774393614572,ETH,B,Open Long,2146.5,0.2773,0.238089,0.0,49.2008,538
1774393614572,ETH,B,Open Long,2146.5,3.3781,2.900436,0.0,49.4781,538
1774393614572,ETH,B,Open Long,2146.5,0.6196,0.531988,0.0,52.8562,538
1774393614572,ETH,B,Open Long,2146.5,0.3878,0.332965,0.0,53.4758,538
1774393614572,ETH,B,Open Long,2146.5,0.6028,0.517564,0.0,53.8636,538
1774393614572,ETH,B,Open Long,2146.5,0.6628,0.56908,0.0,54.4664,538
1774393614572,ETH,B,Open Long,2146.5,0.2535,0.217655,0.0,55.1292,538
1774393614572,ETH,B,Open Long,2146.5,1.0487,0.900413,0.0,55.3827,538
1774393614572,ETH,B,Open Long,2146.5,13.6157,11.69044,0.0,56.4314,538
1774399147293,ETH,B,Open Long,2165.0,2.9153,2.524649,0.0,70.0471,539
1774399147293,ETH,B,Open Long,2165.0,0.0554,0.047976,0.0,72.9624,539
1774399147293,ETH,B,Open Long,2165.0,0.01,0.00866,0.0,73.0178,539
1774399147293,ETH,B,Open Long,2165.0,0.0461,0.039922,0.0,73.0278,539
1774399147293,ETH,B,Open Long,2165.0,0.277,0.239882,0.0,73.0739,539
1774399147293,ETH,B,Open Long,2165.0,0.0059,0.005109,0.0,73.3509,539
1774399147293,ETH,B,Open Long,2165.0,50.5273,43.756641,0.0,73.3568,539
1774399147293,ETH,B,Open Long,2165.0,14.5644,12.61277,0.0,123.8841,539
1774399147293,ETH,B,Open Long,2165.0,0.5813,0.503405,0.0,138.4485,539
1774399147293,ETH,B,Open Long,2165.0,1.3537,1.172304,0.0,139.0298,539
1774399147293,ETH,B,Open Long,2165.0,1.1317,0.980052,0.0,140.3835,539
1774399147293,ETH,B,Open Long,2165.0,1.2409,1.074619,0.0,141.5152,539
1774399147293,ETH,B,Open Long,2165.0,1.5492,1.341607,0.0,142.7561,539
1774399147293,ETH,B,Open Long,2165.0,3.7276,3.228101,0.0,144.3053,539
1774399147293,ETH,B,Open Long,2165.0,2.7142,2.350497,0.0,148.0329,539
1774399147293,ETH,B,Open Long,2165.0,0.2878,0.249234,0.0,150.7471,539
1774399147293,ETH,B,Open Long,2165.0,1.5419,1.335285,0.0,151.0349,539
1774399147293,ETH,B,Open Long,2165.0,17.3292,15.007087,0.0,152.5768,539
1774399147293,ETH,B,Open Long,2165.0,2.5043,2.168723,0.0,169.906,539
1774399147293,ETH,B,Open Long,2165.0,1.0396,0.900293,0.0,172.4103,539
1774399147293,ETH,B,Open Long,2165.0,1.9,1.6454,0.0,173.4499,539
1774399147293,ETH,B,Open Long,2165.0,10.2026,8.835451,0.0,175.3499,539
1774400964049,ETH,A,Close Long,2159.7,3.81,3.291382,13.9065,185.5525,540
1774400964049,ETH,A,Close Long,2159.7,3.1357,2.708868,11.445305,181.7425,540
1774400964049,ETH,A,Close Long,2159.7,4.7175,4.075353,17.218875,178.6068,540
1774400964049,ETH,A,Close Long,2159.7,5.8143,5.022857,21.222195,173.8893,540
1774400964049,ETH,A,Close Long,2159.7,4.1538,3.588384,15.16137,168.075,540
1774400964049,ETH,A,Close Long,2159.7,1.3026,1.12529,4.75449,163.9212,540
1774400964049,ETH,A,Close Long,2159.7,1.75,1.51179,6.3875,162.6186,540
1774400964049,ETH,A,Close Long,2159.7,8.4,7.256592,30.66,160.8686,540
1774400964049,ETH,A,Close Long,2159.7,1.8915,1.634029,6.903975,152.4686,540
1774400964049,ETH,A,Close Long,2159.7,1.75,1.51179,6.3875,150.5771,540
1774400964049,ETH,A,Close Long,2159.7,4.8213,4.165024,17.597745,148.8271,540
1774400964049,ETH,A,Close Long,2159.7,0.4625,0.399544,1.688125,144.0058,540
1774400964049,ETH,A,Close Long,2159.7,16.8,14.513184,61.32,143.5433,540
1774400964049,ETH,A,Close Long,2159.7,8.1576,7.047187,29.77524,126.7433,540
1774400964049,ETH,A,Close Long,2159.7,3.9549,3.416559,14.435385,118.5857,540
1774400964049,ETH,A,Close Long,2159.7,4.1752,3.606871,15.23948,114.6308,540
1774400964049,ETH,A,Close Long,2159.7,3.7804,3.265811,13.79846,110.4556,540
1774400964049,ETH,A,Close Long,2159.7,4.4197,3.81809,16.131905,106.6752,540
1774400964049,ETH,A,Close Long,2159.7,34.7653,30.033047,126.893345,102.2555,540
1774400964049,ETH,A,Close Long,2159.7,3.1238,2.698588,11.40187,67.4902,540
1774400964049,ETH,A,Close Long,2159.7,2.8183,2.434673,10.286795,64.3664,540
1774400964049,ETH,A,Close Long,2159.6,0.7072,0.610907,2.51056,61.5481,540
1774400964049,ETH,A,Close Long,2159.6,12.6027,10.886716,44.739585,60.8409,540
1774400964049,ETH,A,Close Long,2159.6,5.1571,4.454909,18.307705,48.2382,540
1774400964049,ETH,A,Close Long,2159.6,2.4752,2.138176,8.78696,43.0811,540
1774400964049,ETH,A,Close Long,2159.6,17.3717,15.006369,61.669535,40.6059,540
1774400964049,ETH,A,Close Long,2159.6,1.0422,0.900294,3.69981,23.2342,540
1774400964049,ETH,A,Close Long,2159.6,6.9457,5.999973,24.657235,22.192,540
1774400964049,ETH,A,Close Long,2159.5,15.2463,13.169753,52.599735,15.2463,540
1774416466612,ETH,B,Open Long,2171.0,0.1934,0.167948,0.0,0.0,541
1774416466612,ETH,B,Open Long,2171.0,0.0057,0.004949,0.0,0.1934,541
1774416466612,ETH,B,Open Long,2171.0,4.2021,3.649103,0.0,0.1991,541
1774416466612,ETH,B,Open Long,2171.0,2.7104,2.353711,0.0,4.4012,541
1774416466612,ETH,B,Open Long,2171.0,7.4348,6.45638,0.0,7.1116,541
1774416466612,ETH,B,Open Long,2171.0,3.1658,2.74918,0.0,14.5464,541
1774416466612,ETH,B,Open Long,2171.0,2.2182,1.926284,0.0,17.7122,541
1774416466612,ETH,B,Open Long,2171.0,7.5455,6.552512,0.0,19.9304,541
1774416466612,ETH,B,Open Long,2171.0,1.9969,1.734107,0.0,27.4759,541
1774416466612,ETH,B,Open Long,2171.0,3.1316,2.719481,0.0,29.4728,541
1774416466612,ETH,B,Open Long,2171.0,3.0328,2.633683,0.0,32.6044,541
1774416466612,ETH,B,Open Long,2171.0,1.6971,1.473761,0.0,35.6372,541
1774416466612,ETH,B,Open Long,2171.0,3.4066,2.958291,0.0,37.3343,541
1774416466612,ETH,B,Open Long,2171.0,1.2667,1.100002,0.0,40.7409,541
1774416466612,ETH,B,Open Long,2171.0,1.5206,1.320489,0.0,42.0076,541
1774416466612,ETH,B,Open Long,2171.1,0.0047,0.004081,0.0,43.5282,541
1774416466612,ETH,B,Open Long,2171.1,0.06,0.052106,0.0,43.5329,541
1774416466612,ETH,B,Open Long,2171.1,6.7893,5.896099,0.0,43.5929,541
1774416466612,ETH,B,Open Long,2171.1,1.0367,0.900311,0.0,50.3822,541
1774416466612,ETH,B,Open Long,2171.1,13.8179,12.000017,0.0,51.4189,541
1774416466612,ETH,B,Open Long,2171.1,17.28,15.006643,0.0,65.2368,541
1774416466612,ETH,B,Open Long,2171.2,0.0051,0.004429,0.0,82.5168,541
1774416466612,ETH,B,Open Long,2171.2,0.0057,0.00495,0.0,82.5219,541
1774416466612,ETH,B,Open Long,2171.2,0.697,0.60533,0.0,82.5276,541
1774416466612,ETH,B,Open Long,2171.2,2.0872,1.812691,0.0,83.2246,541
1774416466612,ETH,B,Open Long,2171.2,17.279,15.006465,0.0,85.3118,541
1774416466612,ETH,B,Open Long,2171.2,4.9,4.255552,0.0,102.5908,541
1774416466612,ETH,B,Open Long,2171.2,0.046,0.03995,0.0,107.4908,541
1774416466612,ETH,B,Open Long,2171.2,8.4,7.295232,0.0,107.5368,541
1774416466612,ETH,B,Open Long,2171.2,1.7159,1.490224,0.0,115.9368,541
1774416466612,ETH,B,Open Long,2171.2,2.25,1.95408,0.0,117.6527,541
1774416466612,ETH,B,Open Long,2171.2,0.6549,0.568767,0.0,119.9027,541
1774416466612,ETH,B,Open Long,2171.2,63.7147,55.334942,0.0,120.5576,541
1774418614268,ETH,A,Close Long,2168.3,0.1089,0.094451,-0.308187,184.2723,542
1774418614268,ETH,A,Close Long,2168.3,2.211,1.917644,-6.25713,184.1634,542
1774418614268,ETH,A,Close Long,2168.3,3.9279,3.406746,-11.115957,181.9524,542
1774418614268,ETH,A,Close Long,2168.3,3.2271,2.798928,-9.132693,178.0245,542
1774418614268,ETH,A,Close Long,2168.3,3.6576,3.172309,-10.351008,174.7974,542
1774418614268,ETH,A,Close Long,2168.3,3.6651,3.178814,-10.372233,171.1398,542
1774418614268,ETH,A,Close Long,2168.3,3.9928,3.463035,-11.299624,167.4747,542
1774418614268,ETH,A,Close Long,2168.3,4.1114,3.565899,-11.635262,163.4819,542
1774418614268,ETH,A,Close Long,2168.3,2.9936,2.596409,-8.471888,159.3705,542
1774418614268,ETH,A,Close Long,2168.3,8.114,7.037434,-22.96262,156.3769,542
1774418614268,ETH,A,Close Long,2168.3,0.0749,0.064962,-0.211967,148.2629,542
1774418614268,ETH,A,Close Long,2168.3,4.5259,3.925403,-12.808297,148.188,542
1774418614268,ETH,A,Close Long,2168.3,3.5872,3.11125,-10.151776,143.6621,542
1774418614268,ETH,A,Close Long,2168.3,4.8855,4.237291,-13.825965,140.0749,542
1774418614268,ETH,A,Close Long,2168.3,1.1299,0.979984,-3.197617,135.1894,542
1774418614268,ETH,A,Close Long,2168.3,55.3416,47.998876,-156.616728,134.0595,542
1774418614268,ETH,A,Close Long,2168.3,1.038,0.900278,-2.93754,78.7179,542
1774418614268,ETH,A,Close Long,2168.2,17.3028,15.006372,-50.697204,77.6799,542
1774418614268,ETH,A,Close Long,2168.2,0.0051,0.004423,-0.014943,60.3771,542
1774418614268,ETH,A,Close Long,2168.2,0.0047,0.004076,-0.013771,60.372,542
1774418614268,ETH,A,Close Long,2168.2,1.9,1.647832,-5.567,60.3673,542
1774418614268,ETH,A,Close Long,2168.2,0.7159,0.620885,-2.097587,58.4673,542
1774418614268,ETH,A,Close Long,2168.2,0.7353,0.63771,-2.154429,57.7514,542
1774418614268,ETH,A,Close Long,2168.2,0.1046,0.090717,-0.306478,57.0161,542
1774418614268,ETH,A,Close Long,2168.2,0.01,0.008672,-0.0293,56.9115,542
1774418614268,ETH,A,Close Long,2168.2,11.9841,10.39357,-35.113413,56.9015,542
1774418614268,ETH,A,Close Long,2168.2,16.5349,14.340388,-48.447257,44.9174,542
1774418614268,ETH,A,Close Long,2168.2,6.9181,5.999929,-20.270033,28.3825,542
1774418614268,ETH,A,Close Long,2168.1,0.0147,0.012748,-0.044541,21.4644,542
1774418614268,ETH,A,Close Long,2168.1,0.06,0.052034,-0.1818,21.4497,542
1774418614268,ETH,A,Close Long,2168.1,0.06,0.052034,-0.1818,21.3897,542
1774418614268,ETH,A,Close Long,2168.1,0.9223,0.799855,-2.794569,21.3297,542
1774418614268,ETH,A,Close Long,2168.1,2.7846,2.414916,-8.437338,20.4074,542
1774418614268,ETH,A,Close Long,2168.1,17.6228,15.283197,-53.397084,17.6228,542
1774420164865,ETH,B,Open Long,2171.2,0.0057,0.00495,0.0,0.0,543
1774420164865,ETH,B,Open Long,2171.3,0.0051,0.004429,0.0,0.0057,543
1774420164865,ETH,B,Open Long,2171.3,17.2771,15.005506,0.0,0.0108,543
1774420164865,ETH,B,Open Long,2171.3,1.9646,1.706294,0.0,17.2879,543
1774420164865,ETH,B,Open Long,2171.3,0.8028,0.697247,0.0,19.2525,543
1774420164865,ETH,B,Open Long,2171.4,17.2756,15.004895,0.0,20.0553,543
1774420164865,ETH,B,Open Long,2171.4,0.0047,0.004082,0.0,37.3309,543
1774420164865,ETH,B,Open Long,2171.4,0.5806,0.504285,0.0,37.3356,543
1774420164865,ETH,B,Open Long,2171.4,0.5574,0.484135,0.0,37.9162,543
1774420164865,ETH,B,Open Long,2171.4,0.0057,0.00495,0.0,38.4736,543
1774420164865,ETH,B,Open Long,2171.4,2.25,1.95426,0.0,38.4793,543
1774420164865,ETH,B,Open Long,2171.5,0.0051,0.004429,0.0,40.7293,543
1774420164865,ETH,B,Open Long,2171.5,0.0051,0.004429,0.0,40.7344,543
1774420164865,ETH,B,Open Long,2171.5,0.0051,0.004429,0.0,40.7395,543
1774420164865,ETH,B,Open Long,2171.5,2.7459,2.385088,0.0,40.7446,543
1774420164865,ETH,B,Open Long,2171.5,13.3032,11.555159,0.0,43.4905,543
1774420164865,ETH,B,Open Long,2171.5,14.1473,12.288344,0.0,56.7937,543
1774420164865,ETH,B,Open Long,2171.5,96.6963,83.990406,0.0,70.941,543
1774420164865,ETH,B,Open Long,2171.5,0.4492,0.390175,0.0,167.6373,543
1774420164865,ETH,B,Open Long,2171.6,0.0051,0.00443,0.0,168.0865,543
1774420164865,ETH,B,Open Long,2171.6,0.24,0.208473,0.0,168.0916,543
1774420164865,ETH,B,Open Long,2171.6,0.231,0.200655,0.0,168.3316,543
1774420164865,ETH,B,Open Long,2171.6,0.7506,0.652001,0.0,168.5626,543
1774420164865,ETH,B,Open Long,2171.6,13.8211,12.00556,0.0,169.3132,543
1774420164865,ETH,B,Open Long,2171.6,1.1125,0.966362,0.0,183.1343,543
1774423783881,ETH,A,Close Long,2167.4,6.6799,5.791206,-27.187193,184.2468,544
1774423783881,ETH,A,Close Long,2167.4,2.0,1.73392,-8.14,177.5669,544
1774423783881,ETH,A,Close Long,2167.3,0.0051,0.004421,-0.021267,175.5669,544
1774423783881,ETH,A,Close Long,2167.3,0.01,0.008669,-0.0417,175.5618,544
1774423783881,ETH,A,Close Long,2167.3,0.046,0.039878,-0.19182,175.5518,544
1774423783881,ETH,A,Close Long,2167.3,6.921,5.999953,-28.86057,175.5058,544
1774423783881,ETH,A,Close Long,2167.2,0.3439,0.29812,-1.468453,168.5848,544
1774423783881,ETH,A,Close Long,2167.2,0.006,0.005201,-0.02562,168.2409,544
1774423783881,ETH,A,Close Long,2167.2,0.1019,0.088335,-0.435113,168.2349,544
1774423783881,ETH,A,Close Long,2167.2,0.1019,0.088335,-0.435113,168.133,544
1774423783881,ETH,A,Close Long,2167.2,0.1019,0.088335,-0.435113,168.0311,544
1774423783881,ETH,A,Close Long,2167.1,0.0051,0.00442,-0.022287,167.9292,544
1774423783881,ETH,A,Close Long,2167.1,0.06,0.05201,-0.2622,167.9241,544
1774423783881,ETH,A,Close Long,2167.1,0.0134,0.011615,-0.058558,167.8641,544
1774423783881,ETH,A,Close Long,2167.1,1.3457,1.166506,-5.880709,167.8507,544
1774423783881,ETH,A,Close Long,2167.1,12.806,11.100753,-55.96222,166.505,544
1774423783881,ETH,A,Close Long,2167.0,0.0051,0.00442,-0.022797,153.699,544
1774423783881,ETH,A,Close Long,2167.0,0.0093,0.008061,-0.041571,153.6939,544
1774423783881,ETH,A,Close Long,2167.0,17.2844,14.982117,-77.261268,153.6846,544
1774423783881,ETH,A,Close Long,2167.0,0.9221,0.799276,-4.121787,136.4002,544
1774423783881,ETH,A,Close Long,2167.0,2.7985,2.425739,-12.509295,135.4781,544
1774423783881,ETH,A,Close Long,2167.0,1.9,1.64692,-8.493,132.6796,544
1774423783881,ETH,A,Close Long,2167.0,0.0333,0.028864,-0.148851,130.7796,544
1774423783881,ETH,A,Close Long,2167.0,4.6159,4.001062,-20.633073,130.7463,544
1774423783881,ETH,A,Close Long,2167.0,96.6963,83.816352,-432.232461,126.1304,544
1774423783881,ETH,A,Close Long,2167.0,1.6384,1.420165,-7.323648,29.4341,544
1774423783881,ETH,A,Close Long,2167.0,0.6718,0.582316,-3.002946,27.7957,544
1774423783881,ETH,A,Close Long,2167.0,12.6737,10.985563,-56.651439,27.1239,544
1774423783881,ETH,A,Close Long,2167.0,2.4926,2.160585,-11.141922,14.4502,544
1774423783881,ETH,A,Close Long,2166.9,0.0922,0.079915,-0.421354,11.9576,544
1774423783881,ETH,A,Close Long,2166.9,2.3068,1.999441,-10.542076,11.8654,544
1774423783881,ETH,A,Close Long,2166.9,2.7598,2.392084,-12.612286,9.5586,544
1774423783881,ETH,A,Close Long,2166.9,0.7456,0.646256,-3.407392,6.7988,544
1774423783881,ETH,A,Close Long,2166.9,0.7168,0.621293,-3.275776,6.0532,544
1774423783881,ETH,A,Close Long,2166.9,5.3364,4.625378,-24.387348,5.3364,544
1774438743243,ETH,B,Open Long,2196.4,0.0028,0.002459,0.0,0.0,545
1774438743243,ETH,B,Open Long,2196.5,0.9105,0.799965,0.0,0.0028,545
1774438743243,ETH,B,Open Long,2196.5,0.9105,0.799965,0.0,0.9133,545
1774438743243,ETH,B,Open Long,2196.5,0.1794,0.15762,0.0,1.8238,545
1774438743243,ETH,B,Open Long,2196.6,0.0051,0.004481,0.0,2.0032,545
1774438743243,ETH,B,Open Long,2196.6,0.005,0.004393,0.0,2.0083,545
1774438743243,ETH,B,Open Long,2196.6,0.8034,0.705899,0.0,2.0133,545
1774438743243,ETH,B,Open Long,2196.6,1.8366,1.61371,0.0,2.8167,545
1774438743243,ETH,B,Open Long,2196.6,0.06,0.052718,0.0,4.6533,545
1774438743243,ETH,B,Open Long,2196.7,0.0533,0.046833,0.0,4.7133,545
1774438743243,ETH,B,Open Long,2196.7,2.3822,2.093191,0.0,4.7666,545
1774438743243,ETH,B,Open Long,2196.7,0.8071,0.709182,0.0,7.1488,545
1774438743243,ETH,B,Open Long,2196.7,1.8944,1.664571,0.0,7.9559,545
1774438743243,ETH,B,Open Long,2196.7,0.0054,0.004744,0.0,9.8503,545
1774438743243,ETH,B,Open Long,2196.7,0.4552,0.399975,0.0,9.8557,545
1774438743243,ETH,B,Open Long,2196.7,0.9104,0.79995,0.0,10.3109,545
1774438743243,ETH,B,Open Long,2196.7,1.0242,0.899944,0.0,11.2213,545
1774438743243,ETH,B,Open Long,2196.8,0.0051,0.004481,0.0,12.2455,545
1774438743243,ETH,B,Open Long,2196.8,0.5434,0.477496,0.0,12.2506,545
1774438743243,ETH,B,Open Long,2196.8,0.5375,0.472312,0.0,12.794,545
1774438743243,ETH,B,Open Long,2196.8,0.0333,0.029261,0.0,13.3315,545
1774438743243,ETH,B,Open Long,2196.8,76.8167,67.50037,0.0,13.3648,545
1774438743243,ETH,B,Open Long,2196.8,13.6571,12.000766,0.0,90.1815,545
1774438743243,ETH,B,Open Long,2196.8,0.9105,0.800074,0.0,103.8386,545
1774438743243,ETH,B,Open Long,2196.9,0.0051,0.004481,0.0,104.7491,545
1774438743243,ETH,B,Open Long,2196.9,0.006,0.005272,0.0,104.7542,545
1774438743243,ETH,B,Open Long,2196.9,2.7576,2.423268,0.0,104.7602,545
1774438743243,ETH,B,Open Long,2196.9,0.06,0.052725,0.0,107.5178,545
1774438743243,ETH,B,Open Long,2196.9,3.4489,3.030755,0.0,107.5778,545
1774438743243,ETH,B,Open Long,2196.9,1.9,1.669644,0.0,111.0267,545
1774438743243,ETH,B,Open Long,2196.9,13.3069,11.693571,0.0,112.9267,545
1774438743243,ETH,B,Open Long,2196.9,8.4,7.381584,0.0,126.2336,545
1774438743243,ETH,B,Open Long,2196.9,2.458,2.159992,0.0,134.6336,545
1774438743243,ETH,B,Open Long,2196.9,8.4,7.381584,0.0,137.0916,545
1774438743243,ETH,B,Open Long,2196.9,36.6328,32.191439,0.0,145.4916,545
1774439337919,ETH,A,Close Long,2184.9,2.9567,2.584037,-35.273431,182.1244,546
1774439337919,ETH,A,Close Long,2184.9,1.4973,1.30858,-17.862789,179.1677,546
1774439337919,ETH,A,Close Long,2184.9,3.2301,2.822978,-38.535093,177.6704,546
1774439337919,ETH,A,Close Long,2184.9,1.75,1.52943,-20.8775,174.4403,546
1774439337919,ETH,A,Close Long,2184.9,8.4,7.341264,-100.212,172.6903,546
1774439337919,ETH,A,Close Long,2184.9,4.2,3.670632,-50.106,164.2903,546
1774439337919,ETH,A,Close Long,2184.9,0.942,0.82327,-11.23806,160.0903,546
1774439337919,ETH,A,Close Long,2184.9,3.8618,3.375058,-46.071274,159.1483,546
1774439337919,ETH,A,Close Long,2184.9,1.9359,1.691899,-23.095287,155.2865,546
1774439337919,ETH,A,Close Long,2184.9,7.0,6.11772,-83.51,153.3506,546
1774439337919,ETH,A,Close Long,2184.9,4.2,3.670632,-50.106,146.3506,546
1774439337919,ETH,A,Close Long,2184.9,1.75,1.52943,-20.8775,142.1506,546
1774439337919,ETH,A,Close Long,2184.9,3.2196,2.813801,-38.409828,140.4006,546
1774439337919,ETH,A,Close Long,2184.9,1.1029,0.96389,-13.157597,137.181,546
1774439337919,ETH,A,Close Long,2184.9,0.7995,0.698731,-9.538035,136.0781,546
1774439337919,ETH,A,Close Long,2184.9,3.7278,3.257948,-44.472654,135.2786,546
1774439337919,ETH,A,Close Long,2184.9,4.3594,3.809941,-52.007642,131.5508,546
1774439337919,ETH,A,Close Long,2184.9,3.8089,3.328826,-45.440177,127.1914,546
1774439337919,ETH,A,Close Long,2184.9,4.5802,4.002911,-54.641786,123.3825,546
1774439337919,ETH,A,Close Long,2184.9,2.0446,1.786898,-24.392078,118.8023,546
1774439337919,ETH,A,Close Long,2184.9,2.2473,1.96405,-26.810289,116.7577,546
1774439337919,ETH,A,Close Long,2184.9,0.6466,0.565102,-7.713938,114.5104,546
1774439337919,ETH,A,Close Long,2184.9,13.7306,11.999995,-163.806058,113.8638,546
1774439337919,ETH,A,Close Long,2184.9,0.0677,0.059167,-0.807661,100.1332,546
1774439337919,ETH,A,Close Long,2184.9,3.5872,3.135069,-42.795296,100.0655,546
1774439337919,ETH,A,Close Long,2184.9,1.0296,0.899829,-12.283128,96.4783,546
1774439337919,ETH,A,Close Long,2184.9,2.5286,2.209895,-30.166198,95.4487,546
1774439337919,ETH,A,Close Long,2184.9,2.7583,2.410643,-32.906519,92.9201,546
1774439337919,ETH,A,Close Long,2184.9,3.2634,2.852081,-38.932362,90.1618,546
1774439337919,ETH,A,Close Long,2184.9,0.06,0.052437,-0.7158,86.8984,546
1774439337919,ETH,A,Close Long,2184.9,2.4715,2.159992,-29.484995,86.8384,546
1774439337919,ETH,A,Close Long,2184.9,64.0689,55.993655,-764.341977,84.3669,546
1774439337919,ETH,A,Close Long,2184.9,10.9842,9.599751,-131.041506,20.298,546
1774439337919,ETH,A,Close Long,2184.9,9.3138,8.139888,-111.113634,9.3138,546
1774470327794,ETH,B,Open Long,2160.0,92.5925,23.999976,0.0,0.0,548
1774503873769,ETH,B,Open Long,2133.0,0.3001,0.076813,0.0,92.5925,547
1774503873769,ETH,B,Open Long,2133.0,0.0071,0.001817,0.0,92.8926,547
1774503873769,ETH,B,Open Long,2133.0,46.8845,12.000556,0.0,92.8997,547
1774503873769,ETH,B,Open Long,2133.0,0.0071,0.001817,0.0,139.7842,547
1774503873769,ETH,B,Open Long,2133.0,0.0071,0.001817,0.0,139.7913,547
1774503873769,ETH,B,Open Long,2133.0,0.0071,0.001817,0.0,139.7984,547
1774503873769,ETH,B,Open Long,2133.0,46.5516,11.915347,0.0,139.8055,547
1774519676120,ETH,A,Close Long,2078.4,3.3655,2.797942,-228.887655,186.3571,549
1774519676120,ETH,A,Close Long,2078.4,1.4146,1.176041,-96.206946,182.9916,549
1774519676120,ETH,A,Close Long,2078.4,0.9458,0.7863,-64.323858,181.577,549
1774519676120,ETH,A,Close Long,2078.4,0.4026,0.334705,-27.380826,180.6312,549
1774519676120,ETH,A,Close Long,2078.4,1.7781,1.478241,-120.928581,180.2286,549
1774519676120,ETH,A,Close Long,2078.4,0.741,0.616037,-50.39541,178.4505,549
1774519676120,ETH,A,Close Long,2078.4,2.9145,2.422998,-198.215145,177.7095,549
1774519676120,ETH,A,Close Long,2078.4,2.5232,2.097687,-171.602832,174.795,549
1774519676120,ETH,A,Close Long,2078.4,36.6687,30.48489,-2493.838287,172.2718,549
1774519676120,ETH,A,Close Long,2078.4,0.9622,0.799934,-65.439222,135.6031,549
1774519676120,ETH,A,Close Long,2078.4,0.9622,0.799934,-65.439222,134.6409,549
1774519676120,ETH,A,Close Long,2078.4,2.765,2.29871,-188.04765,133.6787,549
1774519676120,ETH,A,Close Long,2078.4,0.4594,0.381926,-31.243794,130.9137,549
1774519676120,ETH,A,Close Long,2078.4,1.2102,1.006111,-82.305702,130.4543,549
1774519676120,ETH,A,Close Long,2078.4,4.5628,3.793329,-310.316028,129.2441,549
1774519676120,ETH,A,Close Long,2078.4,3.0741,2.555683,-209.069541,124.6813,549
1774519676120,ETH,A,Close Long,2078.4,1.9094,1.587398,-129.858294,121.6072,549
1774519676120,ETH,A,Close Long,2078.4,1.0829,0.900279,-73.648029,119.6978,549
1774519676120,ETH,A,Close Long,2078.4,0.4808,0.399717,-32.699208,118.6149,549
1774519676120,ETH,A,Close Long,2078.4,3.0933,2.571645,-210.375333,118.1341,549
1774519676120,ETH,A,Close Long,2078.4,2.9378,2.442369,-199.799778,115.0408,549
1774519676120,ETH,A,Close Long,2078.4,0.3454,0.287151,-23.490654,112.103,549
1774519676120,ETH,A,Close Long,2078.4,3.2842,2.730352,-223.358442,111.7576,549
1774519676120,ETH,A,Close Long,2078.4,11.547,9.599713,-785.31147,108.4734,549
1774519676120,ETH,A,Close Long,2078.4,4.5224,3.759742,-307.568424,96.9264,549
1774519676120,ETH,A,Close Long,2078.4,3.6721,3.052837,-249.739521,92.404,549
1774519676120,ETH,A,Close Long,2078.4,1.0837,0.900944,-73.702437,88.7319,549
1774519676120,ETH,A,Close Long,2078.4,0.4204,0.349503,-28.591404,87.6482,549
1774519676120,ETH,A,Close Long,2078.4,4.5914,3.817106,-312.261114,87.2278,549
1774519676120,ETH,A,Close Long,2078.4,18.0522,15.007876,-1227.730122,82.6364,549
1774519676120,ETH,A,Close Long,2078.4,2.4307,2.020786,-165.311907,64.5842,549
1774519676120,ETH,A,Close Long,2078.4,3.9979,3.323694,-271.897179,62.1535,549
1774519676120,ETH,A,Close Long,2078.4,14.4341,11.999933,-981.663141,58.1556,549
1774519676120,ETH,A,Close Long,2078.4,0.045,0.037411,-3.06045,43.7215,549
1774519676120,ETH,A,Close Long,2078.4,9.6,7.981056,-652.896,43.6765,549
1774519676120,ETH,A,Close Long,2078.3,0.6164,0.512425,-41.983004,34.0765,549
1774519676120,ETH,A,Close Long,2078.3,0.6055,0.503364,-41.240605,33.4601,549
1774519676120,ETH,A,Close Long,2078.3,3.0415,2.528459,-207.156565,32.8546,549
1774519676120,ETH,A,Close Long,2078.3,1.4033,1.166591,-95.578763,29.8131,549
1774519676120,ETH,A,Close Long,2078.3,1.34,1.113968,-91.2674,28.4098,549
1774519676120,ETH,A,Close Long,2078.3,0.4811,0.399948,-32.767721,27.0698,549
1774519676120,ETH,A,Close Long,2078.3,0.9623,0.799979,-65.542253,26.5887,549
1774519676120,ETH,A,Close Long,2078.2,4.8122,4.000285,-328.240162,25.6264,549
1774519676120,ETH,A,Close Long,2078.2,4.8122,4.000285,-328.240162,20.8142,549
1774519676120,ETH,A,Close Long,2078.2,16.002,13.302142,-1091.49642,16.002,549
1775128010982,xyz:GOLD,B,Open Long,4620.5,0.4054,1.49852,0.0,0.0,550
1775128010982,xyz:GOLD,B,Open Long,4620.5,1.8436,6.814683,0.0,0.4054,550
1775128010982,xyz:GOLD,B,Open Long,4620.7,22.7153,83.968469,0.0,2.249,550
1775128010982,xyz:GOLD,B,Open Long,4620.8,1.3655,5.047761,0.0,24.9643,550
1775128010982,xyz:GOLD,B,Open Long,4620.8,1.0,3.69664,0.0,26.3298,550
1775128010982,xyz:GOLD,B,Open Long,4620.9,0.4635,1.713429,0.0,27.3298,550
1775128010982,xyz:GOLD,B,Open Long,4620.9,2.1642,8.000441,0.0,27.7933,550
1775128010982,xyz:GOLD,B,Open Long,4621.0,1.3655,5.04798,0.0,29.9575,550
1775128010982,xyz:GOLD,B,Open Long,4621.0,1.082,3.999937,0.0,31.323,550
1775128010982,xyz:GOLD,B,Open Long,4621.0,0.0649,0.239922,0.0,32.405,550
1775128010982,xyz:GOLD,B,Open Long,4621.1,0.054,0.199631,0.0,32.4699,550
1775128010982,xyz:GOLD,B,Open Long,4621.1,3.2459,11.999702,0.0,32.5239,550
1775128010982,xyz:GOLD,B,Open Long,4621.2,1.3655,5.048198,0.0,35.7698,550
1775128010982,xyz:GOLD,B,Open Long,4621.2,1.082,4.00011,0.0,37.1353,550
1775128010982,xyz:GOLD,B,Open Long,4621.3,5.0568,18.695191,0.0,38.2173,550
1775137736052,xyz:GOLD,A,Close Long,4624.0,0.3197,0.35479,1.007055,43.2741,551
1775137736814,xyz:GOLD,A,Close Long,4624.0,10.8988,12.095052,34.33122,42.9544,551
1775137736814,xyz:GOLD,A,Close Long,4624.0,2.0944,2.324281,6.59736,32.0556,551
1775137736814,xyz:GOLD,A,Close Long,4624.0,1.9606,2.175795,6.17589,29.9612,551
1775137736814,xyz:GOLD,A,Close Long,4624.0,0.2644,0.29342,0.83286,28.0006,551
1775137736814,xyz:GOLD,A,Close Long,4624.0,0.3777,0.419156,1.189755,27.7362,551
1775137736814,xyz:GOLD,A,Close Long,4624.0,0.0673,0.074686,0.211995,27.3585,551
1775137736814,xyz:GOLD,A,Close Long,4624.0,1.4646,1.625354,4.61349,27.2912,551
1775137736814,xyz:GOLD,A,Close Long,4624.0,0.1414,0.15692,0.44541,25.8266,551
1775137736814,xyz:GOLD,A,Close Long,4624.0,0.8005,0.888362,2.521575,25.6852,551
1775137736814,xyz:GOLD,A,Close Long,4624.0,0.1596,0.177117,0.50274,24.8847,551
1775137736814,xyz:GOLD,A,Close Long,4624.0,0.5054,0.560872,1.59201,24.7251,551
1775137736814,xyz:GOLD,A,Close Long,4624.0,0.0566,0.062812,0.17829,24.2197,551
1775137736814,xyz:GOLD,A,Close Long,4624.0,0.4789,0.531464,1.508535,24.1631,551
1775137736814,xyz:GOLD,A,Close Long,4624.0,0.2889,0.320609,0.910035,23.6842,551
1775137736814,xyz:GOLD,A,Close Long,4624.0,1.4884,1.651766,4.68846,23.3953,551
1775137736814,xyz:GOLD,A,Close Long,4624.0,1.6014,1.777169,5.04441,21.9069,551
1775137736814,xyz:GOLD,A,Close Long,4624.0,0.1465,0.162579,0.461475,20.3055,551
1775137736814,xyz:GOLD,A,Close Long,4624.0,0.1442,0.160027,0.45423,20.159,551
1775137736814,xyz:GOLD,A,Close Long,4624.0,0.5125,0.568752,1.614375,20.0148,551
1775137736814,xyz:GOLD,A,Close Long,4624.0,0.0945,0.104872,0.297675,19.5023,551
1775137736814,xyz:GOLD,A,Close Long,4624.0,0.2352,0.261015,0.74088,19.4078,551
1775137736814,xyz:GOLD,A,Close Long,4624.0,0.3196,0.354679,1.00674,19.1726,551
1775137736814,xyz:GOLD,A,Close Long,4624.0,0.1131,0.125513,0.356265,18.853,551
1775137736814,xyz:GOLD,A,Close Long,4624.0,1.1546,1.281328,3.63699,18.7399,551
1775137736814,xyz:GOLD,A,Close Long,4624.0,0.1159,0.128621,0.365085,17.5853,551
1775137736814,xyz:GOLD,A,Close Long,4624.0,3.0816,3.419836,9.70704,17.4694,551
1775137736814,xyz:GOLD,A,Close Long,4624.0,0.1595,0.177006,0.502425,14.3878,551
1775137736814,xyz:GOLD,A,Close Long,4624.0,0.1512,0.167795,0.47628,14.2283,551
1775137736899,xyz:GOLD,A,Close Long,4624.0,0.1316,0.146044,0.41454,14.0771,551
1775137736899,xyz:GOLD,A,Close Long,4624.0,0.5616,0.623241,1.76904,13.9455,551
1775137736899,xyz:GOLD,A,Close Long,4624.0,1.7966,1.993794,5.65929,13.3839,551
1775137736899,xyz:GOLD,A,Close Long,4624.0,6.4876,7.199678,20.43594,11.5873,551
1775137736899,xyz:GOLD,A,Close Long,4624.0,1.0297,1.142719,3.243555,5.0997,551
1775137736899,xyz:GOLD,A,Close Long,4624.0,3.6683,4.070932,11.555145,4.07,551
1775137736899,xyz:GOLD,A,Close Long,4624.0,0.4016,0.445679,1.26504,0.4017,551
1775140236317,xyz:GOLD,A,Close Long,4660.2,0.0001,0.000372,0.003935,0.0001,552
1775143015871,ETH,B,Open Long,2060.9,3.8,3.132568,0.0,0.0,553
1775143015871,ETH,B,Open Long,2060.9,39.2385,32.346649,0.0,3.8,553
1775144702408,ETH,A,Close Long,2064.0,23.8191,5.899514,73.83921,43.0385,554
1775144702408,ETH,A,Close Long,2064.0,0.0484,0.011987,0.15004,19.2194,554
1775144702408,ETH,A,Close Long,2064.0,0.0484,0.011987,0.15004,19.171,554
1775144702408,ETH,A,Close Long,2064.0,0.0484,0.011987,0.15004,19.1226,554
1775144702408,ETH,A,Close Long,2064.0,0.0484,0.011987,0.15004,19.0742,554
1775144702408,ETH,A,Close Long,2064.0,0.0484,0.011987,0.15004,19.0258,554
1775144702408,ETH,A,Close Long,2064.0,18.9773,4.700297,58.82963,18.9774,554
1775149288918,ETH,A,Close Long,2059.5,0.0001,0.000082,-0.00014,0.0001,555
1775442262053,xyz:GOLD,B,Open Long,4664.6,3.1428,3.518377,0.0,0.0,556
1775442262053,xyz:GOLD,B,Open Long,4664.6,3.0651,3.431391,0.0,3.1428,556
1775442262053,xyz:GOLD,B,Open Long,4664.6,0.8214,0.91956,0.0,6.2079,556
1775442262053,xyz:GOLD,B,Open Long,4664.6,4.1715,4.67001,0.0,7.0293,556
1775442262053,xyz:GOLD,B,Open Long,4664.6,3.8013,4.25557,0.0,11.2008,556
1775442262053,xyz:GOLD,B,Open Long,4664.6,0.4224,0.472878,0.0,15.0021,556
1775442262053,xyz:GOLD,B,Open Long,4664.6,0.813,0.910156,0.0,15.4245,556
1775442262053,xyz:GOLD,B,Open Long,4664.6,0.5723,0.640692,0.0,16.2375,556
1775442262053,xyz:GOLD,B,Open Long,4664.6,0.0735,0.082283,0.0,16.8098,556
1775442262053,xyz:GOLD,B,Open Long,4664.6,0.2513,0.281331,0.0,16.8833,556
1775442262053,xyz:GOLD,B,Open Long,4664.6,0.502,0.561991,0.0,17.1346,556
1775442262053,xyz:GOLD,B,Open Long,4664.6,0.1844,0.206436,0.0,17.6366,556
1775442262131,xyz:GOLD,B,Open Long,4664.6,0.1039,0.116316,0.0,17.821,556
1775442262131,xyz:GOLD,B,Open Long,4664.6,0.247,0.276517,0.0,17.9249,556
1775442262131,xyz:GOLD,B,Open Long,4664.6,3.0119,3.371834,0.0,18.1719,556
1775442262131,xyz:GOLD,B,Open Long,4664.6,0.1075,0.120346,0.0,21.1838,556
1775442262131,xyz:GOLD,B,Open Long,4664.6,0.2441,0.27327,0.0,21.2913,556
1775442262131,xyz:GOLD,B,Open Long,4664.6,4.2869,4.799201,0.0,21.5354,556
1775442262198,xyz:GOLD,B,Open Long,4664.6,0.0563,0.063028,0.0,25.8223,556
1775442262330,xyz:GOLD,B,Open Long,4664.6,0.1387,0.155275,0.0,25.8786,556
1775442262330,xyz:GOLD,B,Open Long,4664.6,0.8954,1.002403,0.0,26.0173,556
1775442262330,xyz:GOLD,B,Open Long,4664.6,0.2144,0.240021,0.0,26.9127,556
1775442262330,xyz:GOLD,B,Open Long,4664.6,15.749,17.631068,0.0,27.1271,556
1775693685657,xyz:GOLD,A,Close Long,4700.4,0.0212,0.089683,0.75896,42.8761,557
1775693685657,xyz:GOLD,A,Close Long,4700.2,0.2127,0.899759,7.57212,42.8549,557
1775693685657,xyz:GOLD,A,Close Long,4700.2,0.05,0.211509,1.78,42.6422,557
1775693685657,xyz:GOLD,A,Close Long,4699.7,0.106,0.448351,3.7206,42.5922,557
1775693685657,xyz:GOLD,A,Close Long,4699.6,0.1923,0.813359,6.7305,42.4862,557
1775693685657,xyz:GOLD,A,Close Long,4699.4,0.1923,0.813325,6.69204,42.2939,557
1775693685657,xyz:GOLD,A,Close Long,4699.3,0.7,2.960559,24.29,42.1016,557
1775693685657,xyz:GOLD,A,Close Long,4699.2,0.1923,0.81329,6.65358,41.4016,557
1775693685657,xyz:GOLD,A,Close Long,4699.2,0.0537,0.227112,1.85802,41.2093,557
1775693685657,xyz:GOLD,A,Close Long,4699.2,0.5,2.11464,17.3,41.1556,557
1775693685657,xyz:GOLD,A,Close Long,4699.1,0.04,0.169167,1.38,40.6556,557
1775693685657,xyz:GOLD,A,Close Long,4699.1,0.2128,0.899971,7.3416,40.6156,557
1775693685657,xyz:GOLD,A,Close Long,4699.0,3.1517,13.328854,108.41848,40.4028,557
1775693685657,xyz:GOLD,A,Close Long,4698.9,3.1921,13.499422,109.48903,37.2511,557
1775693685657,xyz:GOLD,A,Close Long,4698.9,2.2119,9.354147,75.86817,34.059,557
1775693685657,xyz:GOLD,A,Close Long,4698.9,1.9153,8.099822,65.69479,31.8471,557
1775693685657,xyz:GOLD,A,Close Long,4698.9,1.9152,8.099399,65.69136,29.9318,557
1775693685657,xyz:GOLD,A,Close Long,4698.8,0.0032,0.013532,0.10944,28.0166,557
1775693685657,xyz:GOLD,A,Close Long,4698.8,0.1706,0.721453,5.83452,28.0134,557
1775693685657,xyz:GOLD,A,Close Long,4698.7,0.1604,0.678304,5.46964,27.8428,557
1775693685657,xyz:GOLD,A,Close Long,4698.6,0.04,0.169149,1.36,27.6824,557
1775693685657,xyz:GOLD,A,Close Long,4698.4,0.4745,2.006451,16.0381,27.6424,557
1775693685657,xyz:GOLD,A,Close Long,4698.4,0.0638,0.269782,2.15644,27.1679,557
1775693685657,xyz:GOLD,A,Close Long,4698.4,2.1506,9.093941,72.69028,27.1041,557
1775693685657,xyz:GOLD,A,Close Long,4698.2,0.04,0.169135,1.344,24.9535,557
1775693685657,xyz:GOLD,A,Close Long,4698.2,22.2277,93.987162,746.85072,24.9135,557
1775693685657,xyz:GOLD,A,Close Long,4698.2,0.3192,1.349698,10.72512,2.6858,557
1775693685657,xyz:GOLD,A,Close Long,4698.1,0.3418,1.445229,11.4503,2.3666,557
1775693685657,xyz:GOLD,A,Close Long,4698.1,2.0248,8.561441,67.8308,2.0248,557
1775819808464,BTC,A,Open Short,72138.0,1.38623,14.999978,0.0,0.0,558
1775854555413,BTC,B,Close Short,73326.0,0.10818,3.569583,-128.51784,-1.38623,559
1775854555413,BTC,B,Close Short,73326.0,0.005,0.164983,-5.94,-1.27805,559
1775854555413,BTC,B,Close Short,73326.0,0.01213,0.400249,-14.41044,-1.27305,559
1775854555413,BTC,B,Close Short,73326.0,0.35,11.548845,-415.8,-1.26092,559
1775854555413,BTC,B,Close Short,73326.0,0.01946,0.642115,-23.11848,-0.91092,559
1775854555413,BTC,B,Close Short,73326.0,0.1438,4.744925,-170.8344,-0.89146,559
1775854555413,BTC,B,Close Short,73326.0,0.03499,1.154554,-41.56812,-0.74766,559
1775854555413,BTC,B,Close Short,73326.0,0.10828,3.572882,-128.63664,-0.71267,559
1775854555413,BTC,B,Close Short,73326.0,0.02043,0.674122,-24.27084,-0.60439,559
1775854555413,BTC,B,Close Short,73326.0,0.21,6.929307,-249.48,-0.58396,559
1775854555413,BTC,B,Close Short,73326.0,0.37396,12.339445,-444.301876,-0.37396,559
1776064865015,@142,B,Buy,70787.0,0.08333,0.0000333319,0.0,0.0,560
1776064865015,@142,B,Buy,70787.0,0.08333,0.0000333319,0.0,0.0832966681,560
1776064865085,@142,B,Buy,70787.0,0.0062,0.00000248,0.0,0.0,560
1776064865288,@142,B,Buy,70787.0,0.01808,0.0000072319,0.0,0.0,560
1776064865288,@142,B,Buy,70787.0,1.22174,0.0004886959,0.0,0.0180727681,560
1776070901446,@142,A,Sell,70850.0,0.01,0.2834,0.68000001,1.4121149284,561
1776070901514,@142,A,Sell,70850.0,0.02,0.5668,1.36000001,1.4021149284,561
1776070901579,@142,A,Sell,70850.0,0.10855,3.076307,7.38140001,1.3821149284,561
1776070901579,@142,A,Sell,70850.0,0.01759,0.4985006,1.19612001,1.2735649284,561
1776070901579,@142,A,Sell,70850.0,0.01996,0.5656664,1.35728001,1.2559749284,561
1776070901579,@142,A,Sell,70850.0,0.13632,3.8633088,9.26976001,1.2360149284,561
1776070901579,@142,A,Sell,70850.0,0.05602,1.5876068,3.80936001,1.0996949284,561
1776070901579,@142,A,Sell,70850.0,0.02458,0.6965972,1.67144001,1.0436749284,561
1776070901579,@142,A,Sell,70850.0,0.09346,2.6486564,6.35528001,1.0190949284,561
1776070901579,@142,A,Sell,70850.0,0.01759,0.4985006,1.19612001,0.9256349284,561
1776070901647,@142,A,Sell,70850.0,0.00965,0.273481,0.65620001,0.9080449284,561
1776070901918,@142,A,Sell,70850.0,0.04358,1.2350572,2.96344001,0.8983949284,561
1776070901918,@142,A,Sell,70850.0,0.13613,3.8579242,9.25684001,0.8548149284,561
1776070901918,@142,A,Sell,70850.0,0.03908,1.1075272,2.65744001,0.7186849284,561
1776070901918,@142,A,Sell,70850.0,0.11371,3.2225414,7.73228001,0.6796049284,561
1776070901918,@142,A,Sell,70850.0,0.04428,1.2548952,3.01104001,0.5658949284,561
1776070901918,@142,A,Sell,70850.0,0.05632,1.5961088,3.82976001,0.5216149284,561
1776070901918,@142,A,Sell,70850.0,0.41373,11.7251082,28.13364001,0.4652949284,561
1776070901918,@142,A,Sell,70850.0,0.05156,1.4612104,3.50608001,0.0515649284,561
1776124800020,@142,A,Spot Dust Conversion,74450.0,0.0000049284,0.0,0.0,0.0000049284,562
1776155444166,@142,B,Buy,74753.0,0.35421,0.0002479469,0.0,0.0,563
1776155444166,@142,B,Buy,74753.0,0.01,0.000007,0.0,0.3539620531,563
1776155444166,@142,B,Buy,74753.0,0.17053,0.0001193709,0.0,0.3639550531,563
1776155444166,@142,B,Buy,74753.0,0.20616,0.0001443119,0.0,0.5343656822,563
1776155444166,@142,B,Buy,74754.0,0.02,0.000014,0.0,0.7403813703,563
1776155444166,@142,B,Buy,74756.0,0.00099,0.0000006929,0.0,0.7603673703,563
1776155444166,@142,B,Buy,74756.0,0.01,0.000007,0.0,0.7613566774,563
1776155444166,@142,B,Buy,74756.0,0.02,0.000014,0.0,0.7713496774,563
1776155444166,@142,B,Buy,74756.0,0.03448,0.0000241359,0.0,0.7913356774,563
1776155444166,@142,B,Buy,74756.0,0.06,0.000042,0.0,0.8257915415,563
1776155444166,@142,B,Buy,74760.0,0.00021,0.000000147,0.0,0.8857495415,563
1776155444166,@142,B,Buy,74760.0,0.6004,0.00042028,0.0,0.8859593945,563
1776155444166,@142,B,Buy,74764.0,0.66887,0.0004682089,0.0,1.4859391145,563
1776155444166,@142,B,Buy,74765.0,0.36794,0.000257558,0.0,2.1543409056,563
1776387493068,@142,A,Sell,74993.0,0.00039,0.0116989,0.00000001,2.5220233476,564
1776387523031,@142,A,Sell,74993.0,0.00031,0.00929913,0.00000001,2.5216333476,564
1776387553026,@142,A,Sell,74993.0,0.00029,0.00869918,0.00000001,2.5213233476,564
1776388003042,@142,A,Sell,74993.0,0.00031,0.00929913,0.00000001,2.5210333476,564
1776388004538,@142,A,Sell,74993.0,0.00027,0.00809924,0.00000001,2.5207233476,564
1776388007121,@142,A,Sell,74993.0,1.6368,49.09941696,0.00000001,2.5204533476,564
1776388007322,@142,A,Sell,74993.0,0.15506,4.65136583,0.00000001,0.8836533476,564
1776388007386,@142,A,Sell,74993.0,0.42745,12.82230314,0.00000001,0.7285933476,564
1776388007386,@142,A,Sell,74993.0,0.20116,6.03423675,0.00000001,0.3011433476,564
1776388007942,@142,A,Sell,74993.0,0.01068,0.32037009,0.00000001,0.0999833476,564
1776388009831,@142,A,Sell,74993.0,0.01269,0.38066446,0.00000001,0.0893033476,564
1776388009883,@142,A,Sell,74993.0,0.07661,2.29808549,0.00000001,0.0766133476,564
1776470400064,@142,A,Spot Dust Conversion,77106.0,0.0000033476,0.0,0.0,0.0000033476,565
1776604202309,@142,B,Buy,75804.0,0.02,0.000008,0.0,0.0,566
1776604202309,@142,B,Buy,75804.0,0.01,0.000004,0.0,0.019992,566
1776604204359,@142,B,Buy,75804.0,0.02,0.000008,0.0,0.0,566
1776604205511,@142,B,Buy,75804.0,0.01,0.000004,0.0,0.0,566
1776604205790,@142,B,Buy,75804.0,0.01567,0.0000062679,0.0,0.0,566
1776604205860,@142,B,Buy,75804.0,0.02,0.000008,0.0,0.0,566
1776604206525,@142,B,Buy,75804.0,1.34522,0.0005380879,0.0,0.0,566
1776604206591,@142,B,Buy,75804.0,1.05338,0.0004213519,0.0,0.0,566
1776639830629,@142,A,Sell,73931.0,0.00676,0.34984149,0.00000001,2.4932722923,567
1776639830629,@142,A,Sell,73928.0,0.03865,2.00012204,-0.11594999,2.4865122923,567
1776639830629,@142,A,Sell,73927.0,0.59771,30.93083501,-2.39083999,2.4478622923,567
1776639830629,@142,A,Sell,73927.0,0.02,1.034978,-0.07999999,1.8501522923,567
1776639830629,@142,A,Sell,73926.0,0.06,3.104892,-0.29999999,1.8301522923,567
1776639830629,@142,A,Sell,73926.0,0.02,1.034964,-0.09999999,1.7701522923,567
1776639830629,@142,A,Sell,73926.0,0.67641,35.00299996,-3.38204999,1.7501522923,567
1776639830629,@142,A,Sell,73925.0,0.00794,0.41087515,-0.04763999,1.0737422923,567
1776639830629,@142,A,Sell,73924.0,0.12023,6.22151776,-0.84160999,1.0658022923,567
1776639830629,@142,A,Sell,73924.0,0.06068,3.13999582,-0.42475999,0.9455722923,567
1776639830629,@142,A,Sell,73922.0,0.00971,0.50244783,-0.08738999,0.8848922923,567
1776639830629,@142,A,Sell,73922.0,0.10416,5.38980086,-0.93743999,0.8751822923,567
1776639830629,@142,A,Sell,73921.0,0.22543,11.66480772,-2.25429999,0.7710222923,567
1776639830629,@142,A,Sell,73920.0,0.04902,2.53649088,-0.53921999,0.5455922923,567
1776639830629,@142,A,Sell,73919.0,0.02757,1.42656278,-0.33083999,0.4965722923,567
1776639830629,@142,A,Sell,73918.0,0.46879,24.25641345,-6.09426999,0.4690022923,567
1776697191041,BTC,A,Open Short,74961.0,0.00035,0.003935,0.0,0.0,568
1776697191244,BTC,A,Open Short,74961.0,0.00097,0.010906,0.0,-0.00035,568
1776697192178,BTC,A,Open Short,74961.0,0.01805,0.202956,0.0,-0.00132,568
1776697192324,BTC,A,Open Short,74961.0,0.16079,1.807946,0.0,-0.01937,568
1776697194039,BTC,A,Open Short,74961.0,0.00022,0.002473,0.0,-0.18016,568
1776697194877,BTC,A,Open Short,74961.0,0.7084,7.965355,0.0,-0.18038,568
1776697196465,BTC,A,Open Short,74961.0,0.80006,8.995994,0.0,-0.88878,568
1776697196772,BTC,A,Open Short,74961.0,0.97921,11.010384,0.0,-1.68884,568
1776698693816,BTC,B,Close Short,75419.0,0.09628,3.267603,-44.09624,-2.66805,569
1776698693816,BTC,B,Close Short,75419.0,0.08478,2.87731,-38.82924,-2.57177,569
1776698693816,BTC,B,Close Short,75419.0,0.26466,8.982176,-121.21428,-2.48699,569
1776698693816,BTC,B,Close Short,75419.0,0.24986,8.479886,-114.43588,-2.22233,569
1776698693816,BTC,B,Close Short,75419.0,0.09438,3.20312,-43.22604,-1.97247,569
1776698693816,BTC,B,Close Short,75419.0,0.20522,6.964869,-93.99076,-1.87809,569
1776698693816,BTC,B,Close Short,75419.0,0.10847,3.681314,-49.67926,-1.67287,569
1776698693816,BTC,B,Close Short,75419.0,0.13486,4.576952,-61.76588,-1.5644,569
1776698693816,BTC,B,Close Short,75419.0,0.15679,5.321225,-71.80982,-1.42954,569
1776698693816,BTC,B,Close Short,75419.0,0.0409,1.388086,-18.7322,-1.27275,569
1776698693816,BTC,B,Close Short,75419.0,0.38067,12.919387,-174.34686,-1.23185,569
1776698693816,BTC,B,Close Short,75419.0,0.01476,0.500932,-6.76008,-0.85118,569
1776698693816,BTC,B,Close Short,75419.0,0.22058,7.486165,-101.02564,-0.83642,569
1776698693816,BTC,B,Close Short,75419.0,0.1426,4.839637,-65.3108,-0.61584,569
1776698693816,BTC,B,Close Short,75419.0,0.35,11.878492,-160.3,-0.47324,569
1776698693816,BTC,B,Close Short,75419.0,0.12324,4.182586,-56.44392,-0.12324,569
1776699495372,@142,B,Buy,75681.0,0.07014,0.0000490979,0.0,0.0,570
1776699495372,@142,B,Buy,75681.0,0.0162,0.00001134,0.0,0.0700909021,570
1776699495372,@142,B,Buy,75681.0,0.1169,0.00008183,0.0,0.0862795621,570
1776699495372,@142,B,Buy,75681.0,0.05845,0.0000409149,0.0,0.2030977321,570
1776699495372,@142,B,Buy,75681.0,0.00661,0.0000046269,0.0,0.2615068172,570
1776699495372,@142,B,Buy,75681.0,0.00792,0.0000055439,0.0,0.2681121903,570
1776699495372,@142,B,Buy,75685.0,0.59782,0.000418474,0.0,0.2760266464,570
1776699495372,@142,B,Buy,75687.0,0.00949,0.0000066429,0.0,0.8734281724,570
1776699495372,@142,B,Buy,75688.0,0.66071,0.0004624969,0.0,0.8829115295,570
1776699495372,@142,B,Buy,75688.0,0.01437,0.0000100589,0.0,1.5431590326,570
1776699495372,@142,B,Buy,75689.0,0.02,0.000014,0.0,1.5575189737,570
1776699495372,@142,B,Buy,75689.0,0.03302,0.0000231139,0.0,1.5775049737,570
1776699495372,@142,B,Buy,75691.0,0.08768,0.0000613759,0.0,1.6105018598,570
1776699495372,@142,B,Buy,75693.0,0.01446,0.0000101219,0.0,1.6981204839,570
1776699495372,@142,B,Buy,75694.0,0.59782,0.0004184739,0.0,1.712570362,570
1776699495372,@142,B,Buy,75697.0,0.02,0.000014,0.0,2.3099718881,570
1776699495372,@142,B,Buy,75697.0,0.01342,0.0000093939,0.0,2.3299578881,570
1776699495372,@142,B,Buy,75699.0,0.07064,0.0000494479,0.0,2.3433684942,570
1776779151962,BTC,B,Open Long,75847.0,0.65922,7.499978,0.0,0.0,571
1776781202549,BTC,B,Open Long,76132.0,0.65675,7.499953,0.0,0.65922,572
1777038994023,BTC,A,Close Long,77892.0,0.001,0.035051,1.9028,1.31597,573
1777038994023,BTC,A,Close Long,77892.0,0.02567,0.899769,48.844876,1.31497,573
1777038994023,BTC,A,Close Long,77891.0,1.2893,45.191189,2451.99074,1.2893,573
1777039029167,@142,A,Sell,78093.0,0.02,1.093302,0.00000001,2.4141713386,574
1777039029167,@142,A,Sell,78080.0,0.03201,1.74953856,-0.41612999,2.3941713386,574
1777039029167,@142,A,Sell,78076.0,0.01418,0.77498237,-0.24105999,2.3621613386,574
1777039029167,@142,A,Sell,78075.0,0.57679,31.52301547,-10.38221999,2.3479813386,574
1777039029167,@142,A,Sell,78074.0,0.03926,2.14562966,-0.74593999,1.7711913386,574
1777039029167,@142,A,Sell,78072.0,0.02,1.093008,-0.41999999,1.7319313386,574
1777039029167,@142,A,Sell,78071.0,0.04685,2.56033844,-1.03069999,1.7119313386,574
1777039029167,@142,A,Sell,78071.0,0.35174,19.22248547,-7.73827999,1.6650813386,574
1777039029167,@142,A,Sell,78068.0,0.05697,3.11327377,-1.42424999,1.3133413386,574
1777039029167,@142,A,Sell,78067.0,0.02569,1.40387886,-0.66793999,1.2563713386,574
1777039029167,@142,A,Sell,78066.0,0.57679,31.51938169,-15.57332999,1.2306813386,574
1777039029167,@142,A,Sell,78066.0,0.21346,11.66477785,-5.76341999,0.6538913386,574
1777039029167,@142,A,Sell,78065.0,0.43984,24.03527672,-12.31551999,0.4404313386,574
1777174067548,BTC,A,Open Short,77449.0,0.24771,8.633201,0.0,0.0,575
1777174067548,BTC,A,Open Short,77449.0,0.001,0.034852,0.0,-0.24771,575
1777174067548,BTC,A,Open Short,77449.0,0.2604,9.075473,0.0,-0.24871,575
1777174067548,BTC,A,Open Short,77449.0,0.13646,4.75591,0.0,-0.50911,575
1777192316214,BTC,B,Close Short,78057.0,0.00017,0.005971,-0.10336,-0.64557,576
1777192316214,BTC,B,Close Short,78058.0,0.00017,0.005971,-0.10353,-0.6454,576
1777192316214,BTC,B,Close Short,78058.0,0.00017,0.005971,-0.10353,-0.64523,576
1777192316214,BTC,B,Close Short,78059.0,0.00015,0.005268,-0.0915,-0.64506,576
1777192316214,BTC,B,Close Short,78059.0,0.00017,0.005971,-0.1037,-0.64491,576
1777192316214,BTC,B,Close Short,78059.0,0.00017,0.005971,-0.1037,-0.64474,576
1777192316214,BTC,B,Close Short,78060.0,0.00017,0.005971,-0.10387,-0.64457,576
1777192316214,BTC,B,Close Short,78060.0,0.00014,0.004917,-0.08554,-0.6444,576
1777192316214,BTC,B,Close Short,78060.0,0.00017,0.005971,-0.10387,-0.64426,576
1777192316214,BTC,B,Close Short,78060.0,0.00025,0.008781,-0.15275,-0.64409,576
1777192316214,BTC,B,Close Short,78061.0,0.00017,0.005971,-0.10404,-0.64384,576
1777192316214,BTC,B,Close Short,78061.0,0.00017,0.005971,-0.10404,-0.64367,576
1777192316214,BTC,B,Close Short,78061.0,0.02158,0.75805,-13.20696,-0.6435,576
1777192316214,BTC,B,Close Short,78062.0,0.00015,0.005269,-0.09195,-0.62192,576
1777192316214,BTC,B,Close Short,78062.0,0.04127,1.449728,-25.29851,-0.62177,576
1777192316214,BTC,B,Close Short,78062.0,0.00017,0.005971,-0.10421,-0.5805,576
1777192316214,BTC,B,Close Short,78062.0,0.00017,0.005971,-0.10421,-0.58033,576
1777192316214,BTC,B,Close Short,78063.0,0.00017,0.005971,-0.10438,-0.58016,576
1777192316214,BTC,B,Close Short,78063.0,0.00017,0.005971,-0.10438,-0.57999,576
1777192316214,BTC,B,Close Short,78063.0,0.11411,4.008496,-70.06354,-0.57982,576
1777192316214,BTC,B,Close Short,78063.0,0.0003,0.010538,-0.1842,-0.46571,576
1777192316214,BTC,B,Close Short,78063.0,0.01024,0.359714,-6.28736,-0.46541,576
1777192316214,BTC,B,Close Short,78063.0,0.05132,1.802786,-31.51048,-0.45517,576
1777192316214,BTC,B,Close Short,78064.0,0.00017,0.005971,-0.10455,-0.40385,576
1777192316214,BTC,B,Close Short,78064.0,0.00017,0.005971,-0.10455,-0.40368,576
1777192316214,BTC,B,Close Short,78064.0,0.10003,3.513933,-61.51845,-0.40351,576
1777192316214,BTC,B,Close Short,78064.0,0.01,0.351288,-6.15,-0.30348,576
1777192316214,BTC,B,Close Short,78064.0,0.29348,10.3096,-180.4902,-0.29348,576
1777192346365,@142,B,Buy,78130.0,0.06353,0.000044471,0.0,0.0,577
1777192346365,@142,B,Buy,78139.0,0.57579,0.0004030529,0.0,0.063485529,577
1777192346365,@142,B,Buy,78142.0,0.07854,0.0000549779,0.0,0.6388724761,577
1777192346365,@142,B,Buy,78145.0,0.00779,0.0000054529,0.0,0.7173574982,577
1777192346365,@142,B,Buy,78147.0,0.57579,0.0004030529,0.0,0.7251420453,577
1777192346365,@142,B,Buy,78147.0,0.03199,0.0000223929,0.0,1.3005289924,577
1777192346365,@142,B,Buy,78148.0,0.11136,0.0000779519,0.0,1.3324965995,577
1777192346365,@142,B,Buy,78149.0,0.02,0.000014,0.0,1.4437786476,577
1777192346365,@142,B,Buy,78150.0,0.08922,0.000062454,0.0,1.4637646476,577
1777192346365,@142,B,Buy,78152.0,0.63987,0.0004479089,0.0,1.5529221936,577
1777192346365,@142,B,Buy,78154.0,0.22494,0.0001574579,0.0,2.1923442847,577
1777192346365,@142,B,Buy,78155.0,0.01638,0.000011466,0.0,2.4171268268,577
1777198864816,@142,A,Sell,78062.0,0.17039,9.31068892,0.00000001,2.4335038438,578
1777198864816,@142,A,Sell,78062.0,0.0151,0.82511534,0.00000001,2.2631138438,578
1777198864816,@142,A,Sell,78062.0,0.08856,4.8392195,0.00000001,2.2480138438,578
1777198864816,@142,A,Sell,78062.0,0.0082,0.44807588,0.00000001,2.1594538438,578
1777198864816,@142,A,Sell,78062.0,0.00641,0.35026419,0.00000001,2.1512538438,578
1777198864816,@142,A,Sell,78058.0,0.06236,3.40738781,-0.24943999,2.1448438438,578
1777198864816,@142,A,Sell,78058.0,0.06,3.278436,-0.23999999,2.0824838438,578
1777198864816,@142,A,Sell,78057.0,0.57579,31.46110802,-2.87894999,2.0224838438,578
1777198864816,@142,A,Sell,78057.0,0.02,1.092798,-0.09999999,1.4466938438,578
1777198864816,@142,A,Sell,78057.0,0.64065,35.00505193,-3.20324999,1.4266938438,578
1777198864816,@142,A,Sell,78056.0,0.01935,1.05726852,-0.11609999,0.7860438438,578
1777198864816,@142,A,Sell,78055.0,0.03202,1.74952477,-0.22413999,0.7666938438,578
1777198864816,@142,A,Sell,78055.0,0.1023,5.58951855,-0.71609999,0.7346738438,578
1777198864816,@142,A,Sell,78055.0,0.0096,0.5245296,-0.06719999,0.6323738438,578
1777198864816,@142,A,Sell,78052.0,0.02,1.092728,-0.19999999,0.6227738438,578
1777198864816,@142,A,Sell,78052.0,0.02542,1.38885728,-0.25419999,0.6027738438,578
1777198864816,@142,A,Sell,78051.0,0.12864,7.02833644,-1.41503999,0.5773538438,578
1777198864816,@142,A,Sell,78051.0,0.0117,0.63923769,-0.12869999,0.4487138438,578
1777198864816,@142,A,Sell,78051.0,0.01,0.546357,-0.10999999,0.4370138438,578
1777198864816,@142,A,Sell,78051.0,0.02,1.092714,-0.21999999,0.4270138438,578
1777198864816,@142,A,Sell,78049.0,0.03698,2.02037641,-0.48073999,0.4070138438,578
1777198864816,@142,A,Sell,78048.0,0.09967,5.44533091,-1.39537999,0.3700338438,578
1777198864816,@142,A,Sell,78047.0,0.27033,14.76891185,-4.05494999,0.2703638438,578
1777241497013,@142,B,Buy,78523.0,0.2589,0.00018123,0.0,0.0,579
1777241497013,@142,B,Buy,78528.0,0.092,0.0000644,0.0,0.25871877,579
1777241497013,@142,B,Buy,78533.0,0.11041,0.0000772869,0.0,0.35065437,579
1777241497013,@142,B,Buy,78535.0,0.00716,0.000005012,0.0,0.4609870831,579
1777241497013,@142,B,Buy,78538.0,0.01373,0.0000096109,0.0,0.4681420711,579
1777241497013,@142,B,Buy,78540.0,0.57153,0.000400071,0.0,0.4818624602,579
1777241497013,@142,B,Buy,78542.0,0.02,0.000014,0.0,1.0529923892,579
1777241497013,@142,B,Buy,78542.0,0.03859,0.0000270129,0.0,1.0729783892,579
1777241497013,@142,B,Buy,78542.0,0.03183,0.0000222809,0.0,1.1115413763,579
1777241497013,@142,B,Buy,78542.0,0.6367,0.00044569,0.0,1.1433490954,579
1777241497013,@142,B,Buy,78544.0,0.01811,0.0000126769,0.0,1.7796034054,579
1777241497013,@142,B,Buy,78545.0,0.57153,0.0004000709,0.0,1.7977007285,579
1777241497013,@142,B,Buy,78546.0,0.04635,0.000032445,0.0,2.3688306576,579
1777271357539,@142,A,Sell,77775.0,0.03751,2.04213817,0.00000001,2.4151518518,580
1777271357539,@142,A,Sell,77775.0,0.06847,3.72767797,0.00000001,2.3776418518,580
1777271357539,@142,A,Sell,77775.0,0.01626,0.88523505,0.00000001,2.3091718518,580
1777271357539,@142,A,Sell,77775.0,0.00773,0.42084052,0.00000001,2.2929118518,580
1777271357539,@142,A,Sell,77775.0,0.00643,0.35006527,0.00000001,2.2851818518,580
1777271357539,@142,A,Sell,77775.0,0.00514,0.27983445,0.00000001,2.2787518518,580
1777271357539,@142,A,Sell,77775.0,0.36239,19.72941757,0.00000001,2.2736118518,580
1777271357539,@142,A,Sell,77773.0,0.57766,31.44844582,-1.15531999,1.9112218518,580
1777271357539,@142,A,Sell,77773.0,0.00982,0.5346116,-0.01963999,1.3335618518,580
1777271357539,@142,A,Sell,77771.0,0.03214,1.74969195,-0.12855999,1.3237418518,580
1777271357539,@142,A,Sell,77770.0,0.64301,35.00482139,-3.21504999,1.2916018518,580
1777271357539,@142,A,Sell,77769.0,0.00422,0.22972962,-0.02531999,0.6485918518,580
1777271357539,@142,A,Sell,77768.0,0.06,3.266256,-0.41999999,0.6443718518,580
1777271357539,@142,A,Sell,77766.0,0.03096,1.68534475,-0.27863999,0.5843718518,580
1777271357539,@142,A,Sell,77765.0,0.55341,30.12515005,-5.53409999,0.5534118518,580
1777285276453,BTC,A,Open Short,77797.0,0.00161,0.018787,0.0,0.0,581
1777285276453,BTC,A,Open Short,77797.0,0.00192,0.022405,0.0,-0.00161,581
1777285276453,BTC,A,Open Short,77797.0,0.00192,0.022405,0.0,-0.00353,581
1777285276453,BTC,A,Open Short,77797.0,0.00192,0.022405,0.0,-0.00545,581
1777285276453,BTC,A,Open Short,77797.0,0.00192,0.022405,0.0,-0.00737,581
1777285276453,BTC,A,Open Short,77797.0,0.00192,0.022405,0.0,-0.00929,581
1777285276453,BTC,A,Open Short,77797.0,0.00192,0.022405,0.0,-0.01121,581
1777285276453,BTC,A,Open Short,77797.0,0.00192,0.022405,0.0,-0.01313,581
1777285276453,BTC,A,Open Short,77797.0,0.00192,0.022405,0.0,-0.01505,581
1777285276453,BTC,A,Open Short,77797.0,0.00192,0.022405,0.0,-0.01697,581
1777285276453,BTC,A,Open Short,77797.0,0.00192,0.022405,0.0,-0.01889,581
1777285276453,BTC,A,Open Short,77797.0,0.00192,0.022405,0.0,-0.02081,581
1777285276453,BTC,A,Open Short,77797.0,0.00192,0.022405,0.0,-0.02273,581
1777285276453,BTC,A,Open Short,77797.0,0.00192,0.022405,0.0,-0.02465,581
1777285276453,BTC,A,Open Short,77797.0,0.00035,0.004084,0.0,-0.02657,581
1777285276857,BTC,A,Open Short,77797.0,0.003,0.035008,0.0,-0.02692,581
1777285278006,BTC,A,Open Short,77797.0,0.00019,0.002217,0.0,-0.02992,581
1777285280049,BTC,A,Open Short,77797.0,0.00014,0.001633,0.0,-0.03011,581
1777285281015,BTC,A,Open Short,77797.0,0.00018,0.0021,0.0,-0.03025,581
1777285388009,BTC,A,Open Short,77797.0,0.00058,0.006768,0.0,-0.03043,581
1777285388558,BTC,A,Open Short,77797.0,0.00177,0.020655,0.0,-0.03101,581
1777285389853,BTC,A,Open Short,77797.0,0.00064,0.007468,0.0,-0.03278,581
1777285390050,BTC,A,Open Short,77797.0,0.00175,0.020421,0.0,-0.03342,581
1777285393036,BTC,A,Open Short,77797.0,0.00035,0.004084,0.0,-0.03517,581
1777285397350,BTC,A,Open Short,77797.0,0.0009,0.010502,0.0,-0.03552,581
1777285398021,BTC,A,Open Short,77797.0,0.00019,0.002217,0.0,-0.03642,581
1777285400032,BTC,A,Open Short,77797.0,0.00014,0.001633,0.0,-0.03661,581
1777285400114,BTC,A,Open Short,77797.0,0.0002,0.002333,0.0,-0.03675,581
1777285400516,BTC,A,Open Short,77797.0,0.003,0.035008,0.0,-0.03695,581
1777285401039,BTC,A,Open Short,77797.0,0.00019,0.002217,0.0,-0.03995,581
1777285401466,BTC,A,Open Short,77797.0,0.003,0.035008,0.0,-0.04014,581
1777285405039,BTC,A,Open Short,77797.0,0.00152,0.017737,0.0,-0.04314,581
1777285405039,BTC,A,Open Short,77797.0,0.00147,0.017154,0.0,-0.04466,581
1777285408010,BTC,A,Open Short,77797.0,0.00014,0.001633,0.0,-0.04613,581
1777285415796,BTC,A,Open Short,77797.0,0.00252,0.029407,0.0,-0.04627,581
1777285418035,BTC,A,Open Short,77797.0,0.00122,0.014236,0.0,-0.04879,581
1777285420070,BTC,A,Open Short,77797.0,0.00175,0.020421,0.0,-0.05001,581
1777285423038,BTC,A,Open Short,77797.0,0.00035,0.004084,0.0,-0.05176,581
1777285428041,BTC,A,Open Short,77797.0,0.0002,0.002333,0.0,-0.05211,581
1777285428936,BTC,A,Open Short,77797.0,0.15593,1.819632,0.0,-0.05231,581
1777285430016,BTC,A,Open Short,77797.0,0.00014,0.001633,0.0,-0.20824,581
1777285431025,BTC,A,Open Short,77797.0,0.00018,0.0021,0.0,-0.20838,581
1777285432288,BTC,A,Open Short,77797.0,0.00017,0.001983,0.0,-0.20856,581
1777285435050,BTC,A,Open Short,77797.0,0.00094,0.010969,0.0,-0.20873,581
1777285435050,BTC,A,Open Short,77797.0,0.00146,0.017037,0.0,-0.20967,581
1777285435865,BTC,A,Open Short,77797.0,0.00051,0.005951,0.0,-0.21113,581
1777285438015,BTC,A,Open Short,77797.0,0.00014,0.001633,0.0,-0.21164,581
1777285448059,BTC,A,Open Short,77797.0,0.00122,0.014236,0.0,-0.21178,581
1777285822235,BTC,A,Open Short,77797.0,0.11012,1.28505,0.0,-0.213,581
1777285824534,BTC,A,Open Short,77797.0,0.00013,0.001517,0.0,-0.32312,581
1777285825072,BTC,A,Open Short,77797.0,0.00144,0.016804,0.0,-0.32325,581
1777285825072,BTC,A,Open Short,77797.0,0.00146,0.017037,0.0,-0.32469,581
1777285826232,BTC,A,Open Short,77797.0,0.00278,0.032441,0.0,-0.32615,581
1777285826316,BTC,A,Open Short,77797.0,0.00053,0.006184,0.0,-0.32893,581
1777285826452,BTC,A,Open Short,77797.0,0.00053,0.006184,0.0,-0.32946,581
1777285826517,BTC,A,Open Short,77797.0,0.3,3.500864,0.0,-0.32999,581
1777285827488,BTC,A,Open Short,77797.0,0.0127,0.148203,0.0,-0.62999,581
1777301243853,BTC,B,Close Short,78150.0,0.07909,2.781397,-27.91877,-0.64269,582
1777301243853,BTC,B,Close Short,78150.0,0.11015,3.8737,-38.88295,-0.5636,582
1777301243853,BTC,B,Close Short,78150.0,0.00017,0.005978,-0.06001,-0.45345,582
1777301243853,BTC,B,Close Short,78150.0,0.0409,1.43835,-14.4377,-0.45328,582
1777301243853,BTC,B,Close Short,78150.0,0.41238,14.502373,-145.57014,-0.41238,582
1777369697218,@142,B,Buy,76585.0,0.77595,0.00031038,0.0,0.0,583
1777369697550,@142,B,Buy,76585.0,0.03417,0.000013668,0.0,0.0,583
1777369697619,@142,B,Buy,76585.0,0.02637,0.000010548,0.0,0.0,583
1777369699230,@142,B,Buy,76585.0,0.3873,0.00015492,0.0,0.0,583
1777375587976,@142,A,Sell,76413.0,0.00654,0.34981871,-0.00653999,1.223915396,584
1777375587976,@142,A,Sell,76413.0,0.65443,35.00487171,-0.65442999,1.217375396,584
1777375587976,@142,A,Sell,76413.0,0.33,17.651403,-0.32999999,0.562945396,584
1777375587976,@142,A,Sell,76413.0,0.00927,0.49584395,-0.00926999,0.232945396,584
1777375587976,@142,A,Sell,76409.0,0.02772,1.48264023,-0.13859999,0.223675396,584
1777375587976,@142,A,Sell,76408.0,0.19595,10.48050332,-1.17569999,0.195955396,584
1777420800003,@142,A,Spot Dust Conversion,76331.0,0.000005396,0.0,0.0,0.000005396,585
1777673675237,xyz:GOLD,B,Open Long,4610.0,43.3839,59.999933,0.0,0.0,586
1778005448150,xyz:GOLD,A,Close Long,4562.1,0.05,0.205294,-2.395,43.3839,587
1778005448150,xyz:GOLD,A,Close Long,4562.1,2.4021,9.862758,-115.06059,43.3339,587
1778005448150,xyz:GOLD,A,Close Long,4562.1,10.5688,43.39433,-506.24552,40.9318,587
1778005448150,xyz:GOLD,A,Close Long,4562.1,4.552,18.690011,-218.0408,30.363,587
1778005448150,xyz:GOLD,A,Close Long,4562.1,3.9116,16.060599,-187.36564,25.811,587
1778005448150,xyz:GOLD,A,Close Long,4562.1,3.383,13.890225,-162.0457,21.8994,587
1778005448150,xyz:GOLD,A,Close Long,4562.1,1.2101,4.968537,-57.96379,18.5164,587
1778005448150,xyz:GOLD,A,Close Long,4562.1,1.4394,5.910018,-68.94726,17.3063,587
1778005448150,xyz:GOLD,A,Close Long,4562.1,5.688,23.354302,-272.4552,15.8669,587
1778005448150,xyz:GOLD,A,Close Long,4562.0,0.1021,0.419202,-4.9008,10.1789,587
1778005448150,xyz:GOLD,A,Close Long,4562.0,0.0034,0.013959,-0.1632,10.0768,587
1778005448150,xyz:GOLD,A,Close Long,4561.9,10.0734,41.358459,-484.53054,10.0734,587
1778058063833,xyz:GOLD,B,Open Long,4703.3,2.6171,11.078105,0.0,0.0,588
1778058063833,xyz:GOLD,B,Open Long,4703.4,5.3152,22.49956,0.0,2.6171,588
1778058063833,xyz:GOLD,B,Open Long,4703.6,2.0057,8.490609,0.0,7.9323,588
1778058063833,xyz:GOLD,B,Open Long,4703.8,1.063,4.500125,0.0,9.938,588
1778058063833,xyz:GOLD,B,Open Long,4703.9,0.0399,0.168917,0.0,11.001,588
1778058063833,xyz:GOLD,B,Open Long,4703.9,0.2676,1.132887,0.0,11.0409,588
1778058063833,xyz:GOLD,B,Open Long,4703.9,0.2734,1.157441,0.0,11.3085,588
1778058063833,xyz:GOLD,B,Open Long,4704.0,2.0057,8.491331,0.0,11.5819,588
1778058063833,xyz:GOLD,B,Open Long,4704.0,1.0629,4.499893,0.0,13.5876,588
1778058063833,xyz:GOLD,B,Open Long,4704.0,0.7746,3.279346,0.0,14.6505,588
1778058063833,xyz:GOLD,B,Open Long,4704.1,0.2329,0.986026,0.0,15.4251,588
1778058063833,xyz:GOLD,B,Open Long,4704.2,0.267,1.130419,0.0,15.658,588
1778058063833,xyz:GOLD,B,Open Long,4704.2,1.1653,4.933623,0.0,15.925,588
1778058063833,xyz:GOLD,B,Open Long,4704.2,1.7,7.197426,0.0,17.0903,588
1778058063833,xyz:GOLD,B,Open Long,4704.3,0.0399,0.168931,0.0,18.7903,588
1778058063833,xyz:GOLD,B,Open Long,4704.3,12.7543,54.000048,0.0,18.8302,588
1778058063833,xyz:GOLD,B,Open Long,4704.4,2.0057,8.492053,0.0,31.5845,588
1778058063833,xyz:GOLD,B,Open Long,4704.4,1.0629,4.500276,0.0,33.5902,588
1778058063833,xyz:GOLD,B,Open Long,4704.4,0.05,0.211698,0.0,34.6531,588
1778058063833,xyz:GOLD,B,Open Long,4704.4,5.3142,22.50011,0.0,34.7031,588
1778058063833,xyz:GOLD,B,Open Long,4704.5,0.034,0.143957,0.0,40.0173,588
1778058063833,xyz:GOLD,B,Open Long,4704.6,1.0628,4.500043,0.0,40.0513,588
1778058063833,xyz:GOLD,B,Open Long,4704.6,0.0541,0.229066,0.0,41.1141,588
1778058063833,xyz:GOLD,B,Open Long,4704.6,1.3488,5.711008,0.0,41.1682,588
1778791613679,xyz:GOLD,A,Close Long,4654.6,0.3931,1.64675,-19.446657,42.517,589
1778791613679,xyz:GOLD,A,Close Long,4654.6,0.3931,1.64675,-19.446657,42.1239,589
1778791613679,xyz:GOLD,A,Close Long,4654.6,0.5896,2.469916,-29.167512,41.7308,589
1778791613679,xyz:GOLD,A,Close Long,4654.6,1.083,4.536838,-53.57601,41.1412,589
1778791613679,xyz:GOLD,A,Close Long,4654.6,0.05,0.209457,-2.4735,40.0582,589
1778791613679,xyz:GOLD,A,Close Long,4654.6,0.8122,3.402419,-40.179534,40.0082,589
1778791613679,xyz:GOLD,A,Close Long,4654.6,0.5,2.09457,-24.735,39.196,589
1778791613679,xyz:GOLD,A,Close Long,4654.6,2.1484,8.999948,-106.281348,38.696,589
1778791613679,xyz:GOLD,A,Close Long,4654.6,0.042,0.175943,-2.07774,36.5476,589
1778791613679,xyz:GOLD,A,Close Long,4654.4,0.8122,3.402273,-40.341974,36.5056,589
1778791613679,xyz:GOLD,A,Close Long,4654.3,1.288,5.395264,-64.10376,35.6934,589
1778791613679,xyz:GOLD,A,Close Long,4654.2,0.8079,3.384115,-40.289973,34.4054,589
1778791613679,xyz:GOLD,A,Close Long,4654.2,1.0742,4.499587,-53.570354,33.5975,589
1778791613679,xyz:GOLD,A,Close Long,4654.0,0.2148,0.899711,-10.755036,32.5233,589
1778791613679,xyz:GOLD,A,Close Long,4654.0,0.7799,3.266689,-39.049593,32.3085,589
1778791613679,xyz:GOLD,A,Close Long,4653.8,1.0742,4.4992,-54.000034,31.5286,589
1778791613679,xyz:GOLD,A,Close Long,4653.6,1.0743,4.499426,-54.219921,30.4544,589
1778791613679,xyz:GOLD,A,Close Long,4653.6,0.0408,0.17088,-2.059176,29.3801,589
1778791613679,xyz:GOLD,A,Close Long,4653.6,1.0744,4.499845,-54.224968,29.3393,589
1778791613679,xyz:GOLD,A,Close Long,4653.5,3.042,12.740352,-153.83394,28.2649,589
1778791613679,xyz:GOLD,A,Close Long,4653.5,6.2818,26.30912,-317.670626,25.2229,589
1778791613679,xyz:GOLD,A,Close Long,4653.4,0.0532,0.222804,-2.695644,18.9411,589
1778791613679,xyz:GOLD,A,Close Long,4653.4,18.8879,79.103658,-957.049893,18.8879,589
1778913949266,BTC,A,Open Short,78713.0,0.20807,7.370016,0.0,0.0,590
1778913949266,BTC,A,Open Short,78713.0,0.31759,11.249307,0.0,-0.20807,590
1778913949266,BTC,A,Open Short,78713.0,0.00021,0.007438,0.0,-0.52566,590
1778913949266,BTC,A,Open Short,78713.0,0.09808,3.474076,0.0,-0.52587,590
1778913949266,BTC,A,Open Short,78713.0,0.00171,0.060569,0.0,-0.62395,590
1778913949266,BTC,A,Open Short,78713.0,0.005,0.177104,0.0,-0.62566,590
1778913949266,BTC,A,Open Short,78713.0,0.63539,22.506053,0.0,-0.63066,590
1778913949266,BTC,A,Open Short,78713.0,0.76229,27.000959,0.0,-1.26605,590
1778913949266,BTC,A,Open Short,78713.0,0.51243,18.150706,0.0,-2.02834,590
1779053037886,BTC,B,Close Short,78338.0,0.0384,1.35368,14.4,-2.54077,591
1779053037886,BTC,B,Close Short,78338.0,0.00017,0.005992,0.06375,-2.50237,591
1779053037886,BTC,B,Close Short,78338.0,1.86548,65.762087,699.555,-2.5022,591
1779053037886,BTC,B,Close Short,78338.0,0.00763,0.268973,2.860487,-0.63672,591
1779053037886,BTC,B,Close Short,78338.0,0.27623,9.737687,103.558627,-0.62909,591
1779053037886,BTC,B,Close Short,78338.0,0.0003,0.010575,0.11247,-0.35286,591
1779053037886,BTC,B,Close Short,78338.0,0.01,0.352521,3.749,-0.35256,591
1779053037886,BTC,B,Close Short,78338.0,0.01,0.352521,3.749,-0.34256,591
1779053037886,BTC,B,Close Short,78338.0,0.01,0.352521,3.749,-0.33256,591
1779053037886,BTC,B,Close Short,78338.0,0.01,0.352521,3.749,-0.32256,591
1779053037886,BTC,B,Close Short,78338.0,0.01,0.352521,3.749,-0.31256,591
1779053037886,BTC,B,Close Short,78338.0,0.05549,1.956139,20.803201,-0.30256,591
1779053037886,BTC,B,Close Short,78338.0,0.005,0.17626,1.8745,-0.24707,591
1779053037886,BTC,B,Close Short,78338.0,0.01,0.352521,3.749,-0.24207,591
1779053037886,BTC,B,Close Short,78338.0,0.00131,0.04618,0.491119,-0.23207,591
1779053037886,BTC,B,Close Short,78338.0,0.00059,0.020798,0.221191,-0.23076,591
1779053037886,BTC,B,Close Short,78338.0,0.04264,1.503149,15.985736,-0.23017,591
1779053037886,BTC,B,Close Short,78338.0,0.18753,6.610826,70.304997,-0.18753,591
1779076653192,BTC,A,Open Short,76882.0,0.22635,7.831008,0.0,0.0,592
1779076653192,BTC,A,Open Short,76882.0,0.55722,19.278084,0.0,-0.22635,592
1779076653192,BTC,A,Open Short,76882.0,0.57323,19.83198,0.0,-0.78357,592
1779076653192,BTC,A,Open Short,76882.0,0.54215,18.756709,0.0,-1.3568,592
1779076653192,BTC,A,Open Short,76882.0,0.2495,8.631926,0.0,-1.89895,592
1779076653192,BTC,A,Open Short,76882.0,0.25676,8.8831,0.0,-2.14845,592
1779076653192,BTC,A,Open Short,76882.0,0.19258,6.662671,0.0,-2.40521,592
1779076653192,BTC,A,Open Short,76882.0,0.43125,14.919913,0.0,-2.59779,592
1779076653192,BTC,A,Open Short,76882.0,0.12647,4.375469,0.0,-3.02904,592
1779076653192,BTC,A,Open Short,76882.0,0.24897,8.61359,0.0,-3.15551,592
1779076653192,BTC,A,Open Short,76882.0,0.12084,4.180689,0.0,-3.40448,592
1779076653192,BTC,A,Open Short,76882.0,0.06696,2.316608,0.0,-3.52532,592
1779076653192,BTC,A,Open Short,76882.0,0.00034,0.011762,0.0,-3.59228,592
1779076653192,BTC,A,Open Short,76882.0,0.05,1.729845,0.0,-3.59262,592
1779076653192,BTC,A,Open Short,76882.0,0.22,7.611318,0.0,-3.64262,592
1779076653192,BTC,A,Open Short,76882.0,0.03941,1.363463,0.0,-3.86262,592
1779082913886,BTC,B,Close Short,76882.0,0.85917,9.908206,0.0,-3.90203,593
1779082914818,BTC,B,Close Short,76882.0,1.37873,15.899927,0.0,-3.04286,593
1779082915374,BTC,B,Close Short,76882.0,0.0013,0.014991,-0.00013,-1.66413,593
1779082916406,BTC,B,Close Short,76882.0,0.16742,1.930737,-0.016742,-1.66283,593
1779082916938,BTC,B,Close Short,76882.0,0.00114,0.013146,-0.000114,-1.49541,593
1779082920011,BTC,B,Close Short,76882.0,0.00021,0.002421,-0.000021,-1.49427,593
1779082923021,BTC,B,Close Short,76882.0,0.06171,0.711658,-0.006171,-1.49406,593
1779082923079,BTC,B,Close Short,76882.0,0.0065,0.074959,-0.00065,-1.43235,593
1779082923818,BTC,B,Close Short,76882.0,0.0007,0.008072,-0.00007,-1.42585,593
1779082924014,BTC,B,Close Short,76882.0,0.00054,0.006227,-0.000054,-1.42515,593
1779082927928,BTC,B,Close Short,76882.0,0.00016,0.001845,-0.000016,-1.42461,593
1779082928584,BTC,B,Close Short,76882.0,0.00378,0.043592,-0.000378,-1.42445,593
1779082930526,BTC,B,Close Short,76882.0,0.2,2.30646,-0.02,-1.42067,593
1779082931137,BTC,B,Close Short,76882.0,0.0003,0.003459,-0.00003,-1.22067,593
1779082932030,BTC,B,Close Short,76882.0,0.00033,0.003805,-0.000033,-1.22037,593
1779082932030,BTC,B,Close Short,76882.0,0.39751,4.584204,-0.039751,-1.22004,593
1779082934045,BTC,B,Close Short,76882.0,0.00069,0.007957,-0.000069,-0.82253,593
1779082956444,BTC,B,Close Short,76882.0,0.58504,6.746856,-0.058504,-0.82184,593
1779082956444,BTC,B,Close Short,76882.0,0.01624,0.187284,-0.001624,-0.2368,593
1779082956444,BTC,B,Close Short,76882.0,0.00471,0.054317,-0.000471,-0.22056,593
1779082956444,BTC,B,Close Short,76882.0,0.21584,2.489131,-0.021584,-0.21585,593
1779087705610,BTC,B,Close Short,76958.0,0.00001,0.000346,-0.000761,-0.00001,594
1779117406968,BTC,A,Open Short,76195.0,0.32065,10.994367,0.0,0.0,595
1779117406968,BTC,A,Open Short,76195.0,0.55564,19.051645,0.0,-0.32065,595
1779117406968,BTC,A,Open Short,76195.0,0.26248,8.999848,0.0,-0.87629,595
1779117406968,BTC,A,Open Short,76195.0,0.80151,27.481974,0.0,-1.13877,595
1779117406968,BTC,A,Open Short,76195.0,0.59953,20.556534,0.0,-1.94028,595
1779117406968,BTC,A,Open Short,76195.0,0.08558,2.934345,0.0,-2.53981,595
1779132907247,BTC,B,Close Short,76676.0,1.08361,37.389096,-521.21641,-2.62539,596
1779132907247,BTC,B,Close Short,76676.0,0.66316,22.881805,-319.046276,-1.54178,596
1779132907247,BTC,B,Close Short,76676.0,0.00017,0.005865,-0.081787,-0.87862,596
1779132907247,BTC,B,Close Short,76677.0,0.00017,0.005865,-0.081957,-0.87845,596
1779132907247,BTC,B,Close Short,76677.0,0.00014,0.00483,-0.067494,-0.87828,596
1779132907247,BTC,B,Close Short,76678.0,0.00017,0.005865,-0.082127,-0.87814,596
1779132907247,BTC,B,Close Short,76679.0,0.00017,0.005865,-0.082297,-0.87797,596
1779132907247,BTC,B,Close Short,76679.0,0.00451,0.15562,-2.183291,-0.8778,596
1779132907247,BTC,B,Close Short,76679.0,0.00014,0.00483,-0.067774,-0.87329,596
1779132907247,BTC,B,Close Short,76680.0,0.00017,0.005866,-0.082467,-0.87315,596
1779132907247,BTC,B,Close Short,76681.0,0.87298,30.12344,-424.355578,-0.87298,596
1779156774016,BTC,A,Open Short,76638.0,0.00381,0.043798,0.0,0.0,597
1779156774653,BTC,A,Open Short,76638.0,0.00978,0.112427,0.0,-0.00381,597
1779156775121,BTC,A,Open Short,76638.0,0.0015,0.017243,0.0,-0.01359,597
1779156775899,BTC,A,Open Short,76638.0,0.0006,0.006897,0.0,-0.01509,597
1779156776323,BTC,A,Open Short,76638.0,0.33333,3.831861,0.0,-0.01569,597
1779156776433,BTC,A,Open Short,76638.0,1.53525,17.648773,0.0,-0.34902,597
1779156776433,BTC,A,Open Short,76638.0,0.7254,8.33898,0.0,-1.88427,597
1779325889783,BTC,B,Close Short,78011.0,0.0153,0.537105,-21.0069,-2.60967,598
1779325889783,BTC,B,Close Short,78011.0,0.03909,1.372252,-53.67057,-2.59437,598
1779325889783,BTC,B,Close Short,78011.0,0.01927,0.676472,-26.45771,-2.55528,598
1779325889783,BTC,B,Close Short,78011.0,0.70076,24.600144,-962.14348,-2.53601,598
1779325889783,BTC,B,Close Short,78011.0,0.58984,20.706303,-809.85032,-1.83525,598
1779325889783,BTC,B,Close Short,78011.0,0.40242,14.126933,-552.52266,-1.24541,598
1779325889783,BTC,B,Close Short,78011.0,0.40285,14.142029,-553.153335,-0.84299,598
1779325889783,BTC,B,Close Short,78011.0,0.35898,12.601974,-492.915438,-0.44014,598
1779325889783,BTC,B,Close Short,78011.0,0.01,0.351049,-13.731,-0.08116,598
1779325889783,BTC,B,Close Short,78011.0,0.005,0.175524,-6.8655,-0.07116,598
1779325889783,BTC,B,Close Short,78011.0,0.01,0.351049,-13.731,-0.06616,598
1779325889783,BTC,B,Close Short,78011.0,0.01,0.351049,-13.731,-0.05616,598
1779325889783,BTC,B,Close Short,78011.0,0.01,0.351049,-13.731,-0.04616,598
1779325889783,BTC,B,Close Short,78011.0,0.002,0.070209,-2.7462,-0.03616,598
1779325889783,BTC,B,Close Short,78011.0,0.02563,0.899739,-35.192553,-0.03416,598
1779325889783,BTC,B,Close Short,78011.0,0.00778,0.273116,-10.682718,-0.00853,598
1779325889783,BTC,B,Close Short,78011.0,0.00075,0.026328,-1.029825,-0.00075,598
1779409229405,BTC,A,Open Short,77451.0,0.2815,3.270368,0.0,0.0,599
1779409229551,BTC,A,Open Short,77451.0,0.4,4.64706,0.0,-0.2815,599
1779409229551,BTC,A,Open Short,77451.0,0.33333,3.872511,0.0,-0.6815,599
1779409230207,BTC,A,Open Short,77451.0,0.02121,0.24641,0.0,-1.01483,599
1779409230675,BTC,A,Open Short,77451.0,0.00645,0.074933,0.0,-1.03604,599
1779409231434,BTC,A,Open Short,77451.0,0.00743,0.086319,0.0,-1.04249,599
1779409238076,BTC,A,Open Short,77451.0,0.00015,0.001742,0.0,-1.04992,599
1779409238483,BTC,A,Open Short,77451.0,0.09619,1.117501,0.0,-1.05007,599
1779409238549,BTC,A,Open Short,77451.0,0.0309,0.358985,0.0,-1.14626,599
1779409238685,BTC,A,Open Short,77451.0,0.04079,0.473883,0.0,-1.17716,599
1779409238685,BTC,A,Open Short,77451.0,0.0618,0.71797,0.0,-1.21795,599
1779409238748,BTC,A,Open Short,77451.0,0.1891,2.196897,0.0,-1.27975,599
1779409238948,BTC,A,Open Short,77451.0,0.38313,4.45107,0.0,-1.46885,599
1779409239370,BTC,A,Open Short,77451.0,0.00061,0.007086,0.0,-1.85198,599
1779409239770,BTC,A,Open Short,77451.0,0.5061,5.879692,0.0,-1.85259,599
1779409239838,BTC,A,Open Short,77451.0,0.00045,0.005227,0.0,-2.35869,599
1779409242006,BTC,A,Open Short,77451.0,0.00138,0.016032,0.0,-2.35914,599
1779409243584,BTC,A,Open Short,77451.0,0.00021,0.002439,0.0,-2.36052,599
1779409243852,BTC,A,Open Short,77451.0,0.00032,0.003717,0.0,-2.36073,599
1779409246030,BTC,A,Open Short,77451.0,0.00205,0.023816,0.0,-2.36105,599
1779409256015,BTC,A,Open Short,77451.0,0.00015,0.001742,0.0,-2.3631,599
1779409259745,BTC,A,Open Short,77451.0,0.0003,0.003485,0.0,-2.36325,599
1779409259978,BTC,A,Open Short,77451.0,0.1497,1.739162,0.0,-2.36355,599
1779409262114,BTC,A,Open Short,77451.0,0.03077,0.357475,0.0,-2.51325,599
1779409265137,BTC,A,Open Short,77451.0,0.00019,0.002207,0.0,-2.54402,599
1779409265754,BTC,A,Open Short,77451.0,0.02083,0.241995,0.0,-2.54421,599
1779409265754,BTC,A,Open Short,77451.0,0.01723,0.200172,0.0,-2.56504,599
1779409864065,BTC,B,Close Short,77451.0,0.00209,0.02428,0.0,-2.58227,600
1779409867135,BTC,B,Close Short,77451.0,0.00214,0.024861,0.0,-2.58018,600
1779409869053,BTC,B,Close Short,77451.0,0.06214,0.72192,0.0,-2.57804,600
1779410323202,BTC,B,Close Short,77451.0,1.09575,12.730039,0.0,-2.5159,600
1779410323319,BTC,B,Close Short,77451.0,0.01734,0.20145,0.0,-1.42015,600
1779410323319,BTC,B,Close Short,77451.0,1.4028,16.297239,0.0,-1.40281,600
1779415628943,BTC,B,Close Short,77657.0,0.00001,0.000349,-0.00206,-0.00001,601
1779448813090,BTC,A,Open Short,77158.0,0.61451,21.336463,0.0,0.0,602
1779448813090,BTC,A,Open Short,77158.0,0.0075,0.260408,0.0,-0.61451,602
1779448813090,BTC,A,Open Short,77158.0,0.22,7.638642,0.0,-0.62201,602
1779448813090,BTC,A,Open Short,77157.0,0.001,0.03472,0.0,-0.84201,602
1779448813090,BTC,A,Open Short,77157.0,0.97312,33.787358,0.0,-0.84301,602
1779448813090,BTC,A,Open Short,77156.0,0.00014,0.00486,0.0,-1.81613,602
1779448813090,BTC,A,Open Short,77156.0,0.77564,26.930375,0.0,-1.81627,602
1779450524343,BTC,B,Close Short,77384.0,0.00976,0.33987,-2.21552,-2.59191,603
1779450524343,BTC,B,Close Short,77384.0,0.01018,0.354496,-2.31086,-2.58215,603
1779450524343,BTC,B,Close Short,77384.0,0.11862,4.13068,-26.92674,-2.57197,603
1779450524343,BTC,B,Close Short,77384.0,0.06162,2.14578,-13.98774,-2.45335,603
1779450524343,BTC,B,Close Short,77384.0,0.01292,0.44991,-2.93284,-2.39173,603
1779450524343,BTC,B,Close Short,77384.0,0.08971,3.123953,-20.36417,-2.37881,603
1779450524343,BTC,B,Close Short,77384.0,0.17124,5.963056,-38.87148,-2.2891,603
1779450524343,BTC,B,Close Short,77384.0,0.03709,1.291577,-8.41943,-2.11786,603
1779450524343,BTC,B,Close Short,77384.0,0.08507,2.962375,-19.31089,-2.08077,603
1779450524343,BTC,B,Close Short,77384.0,0.24598,8.565712,-55.83746,-1.9957,603
1779450524343,BTC,B,Close Short,77384.0,0.2349,8.179875,-53.3223,-1.74972,603
1779450524343,BTC,B,Close Short,77384.0,0.13453,4.684711,-30.53831,-1.51482,603
1779450524343,BTC,B,Close Short,77384.0,0.01,0.348228,-2.27,-1.38029,603
1779450524343,BTC,B,Close Short,77384.0,0.01,0.348228,-2.27,-1.37029,603
1779450524343,BTC,B,Close Short,77384.0,0.64613,22.500055,-146.67151,-1.36029,603
1779450524343,BTC,B,Close Short,77384.0,0.18531,6.453013,-42.06537,-0.71416,603
1779450524343,BTC,B,Close Short,77384.0,0.01,0.348228,-2.27,-0.52885,603
1779450524343,BTC,B,Close Short,77384.0,0.01,0.348228,-2.27,-0.51885,603
1779450524343,BTC,B,Close Short,77384.0,0.04896,1.704924,-11.11392,-0.50885,603
1779450524343,BTC,B,Close Short,77384.0,0.32311,11.251594,-73.34597,-0.45989,603
1779450524343,BTC,B,Close Short,77384.0,0.13678,4.763062,-31.04906,-0.13678,603
1779704210967,BTC,B,Open Long,77630.0,0.05631,1.967105,0.0,0.0,604
1779704210967,BTC,B,Open Long,77630.0,0.00017,0.005938,0.0,0.05631,604
1779704210967,BTC,B,Open Long,77630.0,0.01659,0.579546,0.0,0.05648,604
1779704210967,BTC,B,Open Long,77630.0,0.00241,0.084189,0.0,0.07307,604
1779704210967,BTC,B,Open Long,77630.0,0.002,0.069867,0.0,0.07548,604
1779704210967,BTC,B,Open Long,77630.0,0.01272,0.444354,0.0,0.07748,604
1779704210967,BTC,B,Open Long,77630.0,0.0003,0.01048,0.0,0.0902,604
1779704210967,BTC,B,Open Long,77630.0,0.05208,1.819336,0.0,0.0905,604
1779704210967,BTC,B,Open Long,77631.0,0.00019,0.006637,0.0,0.14258,604
1779704210967,BTC,B,Open Long,77631.0,0.00202,0.070566,0.0,0.14277,604
1779704210967,BTC,B,Open Long,77631.0,0.00017,0.005938,0.0,0.14479,604
1779704210967,BTC,B,Open Long,77632.0,0.05263,1.838597,0.0,0.14496,604
1779704210967,BTC,B,Open Long,77632.0,0.00142,0.049606,0.0,0.19759,604
1779704210967,BTC,B,Open Long,77632.0,0.00206,0.071964,0.0,0.19901,604
1779704210967,BTC,B,Open Long,77632.0,0.00211,0.073711,0.0,0.20107,604
1779704210967,BTC,B,Open Long,77632.0,0.00017,0.005938,0.0,0.20318,604
1779704210967,BTC,B,Open Long,77633.0,0.00215,0.075109,0.0,0.20335,604
1779704210967,BTC,B,Open Long,77633.0,0.0002,0.006986,0.0,0.2055,604
1779704210967,BTC,B,Open Long,77633.0,0.00017,0.005938,0.0,0.2057,604
1779704210967,BTC,B,Open Long,77633.0,0.3,10.480455,0.0,0.20587,604
1779704210967,BTC,B,Open Long,77633.0,0.00193,0.067424,0.0,0.50587,604
1779704210967,BTC,B,Open Long,77634.0,0.00219,0.076508,0.0,0.5078,604
1779704210967,BTC,B,Open Long,77634.0,0.00223,0.077905,0.0,0.50999,604
1779704210967,BTC,B,Open Long,77634.0,0.00017,0.005939,0.0,0.51222,604
1779704210967,BTC,B,Open Long,77635.0,0.00227,0.079304,0.0,0.51239,604
1779704210967,BTC,B,Open Long,77635.0,0.0002,0.006987,0.0,0.51466,604
1779704210967,BTC,B,Open Long,77635.0,0.00017,0.005939,0.0,0.51486,604
1779704210967,BTC,B,Open Long,77635.0,0.003,0.104807,0.0,0.51503,604
1779704210967,BTC,B,Open Long,77635.0,0.00017,0.005939,0.0,0.51803,604
1779704210967,BTC,B,Open Long,77636.0,0.003,0.104808,0.0,0.5182,604
1779704210967,BTC,B,Open Long,77636.0,0.00231,0.080702,0.0,0.5212,604
1779704210967,BTC,B,Open Long,77636.0,0.00235,0.0821,0.0,0.52351,604
1779704210967,BTC,B,Open Long,77636.0,0.00013,0.004541,0.0,0.52586,604
1779704210967,BTC,B,Open Long,77636.0,0.00017,0.005939,0.0,0.52599,604
1779704210967,BTC,B,Open Long,77636.0,0.13431,4.692281,0.0,0.52616,604
1779704210967,BTC,B,Open Long,77636.0,0.23892,8.346956,0.0,0.66047,604
1779704210967,BTC,B,Open Long,77636.0,0.03188,1.113766,0.0,0.89939,604
1779704210967,BTC,B,Open Long,77636.0,0.3,10.48086,0.0,0.93127,604
1779704210967,BTC,B,Open Long,77637.0,0.0024,0.083847,0.0,1.23127,604
1779704210967,BTC,B,Open Long,77637.0,0.00017,0.005939,0.0,1.23367,604
1779821908503,BTC,A,Close Long,75781.0,0.29285,9.986609,-543.148895,2.57635,605
1779821908503,BTC,A,Close Long,75781.0,0.01366,0.465825,-25.335202,2.2835,605
1779821908503,BTC,A,Close Long,75781.0,0.02444,0.833439,-45.328868,2.26984,605
1779821908503,BTC,A,Close Long,75781.0,0.01883,0.64213,-34.924001,2.2454,605
1779821908503,BTC,A,Close Long,75781.0,0.0548,1.868759,-101.63756,2.22657,605
1779821908503,BTC,A,Close Long,75781.0,0.0247,0.842305,-45.81109,2.17177,605
1779821908503,BTC,A,Close Long,75781.0,0.04761,1.62357,-88.302267,2.14707,605
1779821908503,BTC,A,Close Long,75781.0,0.02495,0.850831,-46.274765,2.09946,605
1779821908503,BTC,A,Close Long,75781.0,0.04328,1.47591,-80.271416,2.07451,605
1779821908503,BTC,A,Close Long,75781.0,0.03193,1.088859,-59.220571,2.03123,605
1779821908503,BTC,A,Close Long,75781.0,1.58377,54.008853,-2937.418219,1.9993,605
1779821908503,BTC,A,Close Long,75781.0,0.06461,2.203294,-119.832167,0.41553,605
1779821908503,BTC,A,Close Long,75781.0,0.01401,0.477761,-25.984347,0.35092,605
1779821908503,BTC,A,Close Long,75781.0,0.25,8.525362,-463.675,0.33691,605
1779821908503,BTC,A,Close Long,75781.0,0.01063,0.362498,-19.715461,0.08691,605
1779821908503,BTC,A,Close Long,75781.0,0.07628,2.601258,-141.476516,0.07628,605
1779869027944,BTC,B,Open Long,75944.0,0.00017,0.001936,0.0,0.0,606
1779869029015,BTC,B,Open Long,75944.0,0.00037,0.004214,0.0,0.00017,606
1779869029899,BTC,B,Open Long,75944.0,0.00065,0.007404,0.0,0.00054,606
1779869032550,BTC,B,Open Long,75944.0,0.00016,0.001822,0.0,0.00119,606
1779869032611,BTC,B,Open Long,75944.0,0.00167,0.019023,0.0,0.00135,606
1779869032881,BTC,B,Open Long,75944.0,1.82615,20.80277,0.0,0.00302,606
1779869032881,BTC,B,Open Long,75944.0,0.80434,9.162719,0.0,1.82917,606
1779877025833,BTC,A,Close Long,75954.0,0.329,3.748329,3.29,2.63351,607
1779877026106,BTC,A,Close Long,75954.0,0.37492,4.271501,3.7492,2.30451,607
1779877026715,BTC,A,Close Long,75954.0,0.329,3.748329,3.29,1.92959,607
1779877027638,BTC,A,Close Long,75954.0,0.329,3.748329,3.29,1.60059,607
1779877028265,BTC,A,Close Long,75954.0,0.00213,0.024267,0.0213,1.27159,607
1779877028398,BTC,A,Close Long,75954.0,0.33,3.759722,3.3,1.26946,607
1779877028934,BTC,A,Close Long,75954.0,0.77272,8.803676,7.7272,0.93946,607
1779877029135,BTC,A,Close Long,75954.0,0.16673,1.899571,1.6673,0.16674,607
1779878462616,BTC,A,Close Long,75838.0,0.00001,0.000341,-0.00106,0.00001,608
1779947546560,BTC,A,Open Short,72989.0,0.13926,4.574001,0.0,0.0,609
1779947546560,BTC,A,Open Short,72989.0,0.23536,7.73041,0.0,-0.13926,609
1779947546560,BTC,A,Open Short,72989.0,0.0761,2.499508,0.0,-0.37462,609
1779947546560,BTC,A,Open Short,72989.0,0.12964,4.258032,0.0,-0.45072,609
1779947546560,BTC,A,Open Short,72989.0,0.00046,0.015108,0.0,-0.58036,609
1779947546560,BTC,A,Open Short,72988.0,0.00068,0.022334,0.0,-0.58082,609
1779947546560,BTC,A,Open Short,72988.0,0.00049,0.016093,0.0,-0.5815,609
1779947546560,BTC,A,Open Short,72988.0,0.0002,0.006568,0.0,-0.58199,609
1779947546560,BTC,A,Open Short,72988.0,0.00014,0.004598,0.0,-0.58219,609
1779947546560,BTC,A,Open Short,72987.0,0.0003,0.009853,0.0,-0.58233,609
1779947546560,BTC,A,Open Short,72987.0,0.00014,0.004598,0.0,-0.58263,609
1779947546560,BTC,A,Open Short,72987.0,0.24483,8.041233,0.0,-0.58277,609
1779947546560,BTC,A,Open Short,72987.0,0.13855,4.550556,0.0,-0.8276,609
1779947546560,BTC,A,Open Short,72986.0,0.00066,0.021676,0.0,-0.96615,609
1779947546560,BTC,A,Open Short,72985.0,0.00021,0.006897,0.0,-0.96681,609
1779947546560,BTC,A,Open Short,72985.0,0.0103,0.338285,0.0,-0.96702,609
1779947546560,BTC,A,Open Short,72985.0,0.01036,0.340256,0.0,-0.97732,609
1779947546560,BTC,A,Open Short,72984.0,0.00228,0.074881,0.0,-0.98768,609
1779947546560,BTC,A,Open Short,72984.0,0.23839,7.829395,0.0,-0.98996,609
1779947546560,BTC,A,Open Short,72984.0,0.14036,4.609815,0.0,-1.22835,609
1779947546560,BTC,A,Open Short,72984.0,0.23935,7.860924,0.0,-1.36871,609
1779947546560,BTC,A,Open Short,72984.0,0.00657,0.215777,0.0,-1.60806,609
1779947546560,BTC,A,Open Short,72984.0,0.0002,0.006568,0.0,-1.61463,609
1779947546560,BTC,A,Open Short,72984.0,0.00205,0.067327,0.0,-1.61483,609
1779947546560,BTC,A,Open Short,72984.0,0.0013,0.042695,0.0,-1.61688,609
1779947546560,BTC,A,Open Short,72984.0,0.002,0.065685,0.0,-1.61818,609
1779947546560,BTC,A,Open Short,72984.0,0.06743,2.21459,0.0,-1.62018,609
1779947546560,BTC,A,Open Short,72984.0,1.37187,45.056052,0.0,-1.68761,609
1779947546560,BTC,A,Open Short,72983.0,0.00021,0.006896,0.0,-3.05948,609
1779947546560,BTC,A,Open Short,72983.0,0.15073,4.950327,0.0,-3.05969,609
1779947546560,BTC,A,Open Short,72982.0,0.0002,0.006568,0.0,-3.21042,609
1779947546560,BTC,A,Open Short,72982.0,0.00016,0.005254,0.0,-3.21062,609
1779947546560,BTC,A,Open Short,72982.0,0.05292,1.737993,0.0,-3.21078,609
1779947546560,BTC,A,Open Short,72981.0,0.001,0.032841,0.0,-3.2637,609
1779947546560,BTC,A,Open Short,72981.0,0.00014,0.004597,0.0,-3.2647,609
1779947546560,BTC,A,Open Short,72981.0,0.00021,0.006896,0.0,-3.26484,609
1779947546560,BTC,A,Open Short,72981.0,0.00014,0.004597,0.0,-3.26505,609
1779947546560,BTC,A,Open Short,72981.0,0.05032,1.652581,0.0,-3.26519,609
1779947546560,BTC,A,Open Short,72981.0,0.79458,26.095159,0.0,-3.31551,609
1783179701041,BTC,B,Close Short,62889.0,0.00039,0.011037,3.937167,-4.11009,610
1783179701041,BTC,B,Close Short,62890.0,0.00017,0.004811,1.716031,-4.1097,610
1783179701041,BTC,B,Close Short,62891.0,0.00017,0.004811,1.715861,-4.10953,610
1783179701041,BTC,B,Close Short,62892.0,0.00017,0.004811,1.715691,-4.10936,610
1783179701041,BTC,B,Close Short,62892.0,0.00017,0.004811,1.715691,-4.10919,610
1783179701041,BTC,B,Close Short,62892.0,0.00058,0.016414,5.853534,-4.10902,610
1783179701041,BTC,B,Close Short,62893.0,0.00017,0.004811,1.715521,-4.10844,610
1783179701041,BTC,B,Close Short,62893.0,0.01183,0.33481,119.380079,-4.10827,610
1783179701041,BTC,B,Close Short,62894.0,0.00017,0.004811,1.715351,-4.09644,610
1783179701041,BTC,B,Close Short,62894.0,0.01297,0.36708,130.871191,-4.09627,610
1783179701041,BTC,B,Close Short,62895.0,0.00017,0.004811,1.715181,-4.0833,610
1783179701041,BTC,B,Close Short,62895.0,0.05565,1.575048,561.469545,-4.08313,610
1783179701041,BTC,B,Close Short,62896.0,0.00017,0.004811,1.715011,-4.02748,610
1783179701041,BTC,B,Close Short,62896.0,0.00111,0.031416,11.198013,-4.02731,610
1783179701041,BTC,B,Close Short,62896.0,0.0004,0.011321,4.03532,-4.0262,610
1783179701041,BTC,B,Close Short,62897.0,0.00017,0.004811,1.714841,-4.0258,610
1783179701041,BTC,B,Close Short,62897.0,0.00317,0.089722,31.976741,-4.02563,610
1783179701041,BTC,B,Close Short,62898.0,0.00017,0.004811,1.714671,-4.02246,610
1783179701041,BTC,B,Close Short,62898.0,0.003,0.084912,30.2589,-4.02229,610
1783179701041,BTC,B,Close Short,62899.0,0.00017,0.004811,1.714501,-4.01929,610
1783179701041,BTC,B,Close Short,62900.0,2.93441,83.058475,29591.470763,-4.01912,610
1783179701041,BTC,B,Close Short,62900.0,0.00017,0.004811,1.714331,-1.08471,610
1783179701041,BTC,B,Close Short,62900.0,0.00017,0.004811,1.714331,-1.08454,610
1783179701041,BTC,B,Close Short,62900.0,0.08337,2.359787,840.728091,-1.08437,610
1783179701041,BTC,B,Close Short,62900.0,0.38874,11.003285,3920.170782,-1.001,610
1783179701041,BTC,B,Close Short,62901.0,0.00017,0.004811,1.714161,-0.61226,610
1783179701041,BTC,B,Close Short,62901.0,0.04525,1.280821,456.269325,-0.61209,610
1783179701041,BTC,B,Close Short,62901.0,0.11959,3.385048,1205.861847,-0.56684,610
1783179701041,BTC,B,Close Short,62901.0,0.35,9.906907,3529.155,-0.44725,610
1783179701041,BTC,B,Close Short,62902.0,0.00017,0.004812,1.713991,-0.09725,610
1783179701041,BTC,B,Close Short,62902.0,0.00079,0.022361,7.965017,-0.09708,610
1783179701041,BTC,B,Close Short,62902.0,0.0029,0.082087,29.23867,-0.09629,610
1783179701041,BTC,B,Close Short,62903.0,0.00317,0.089731,31.957721,-0.09339,610
1783179701041,BTC,B,Close Short,62903.0,0.00017,0.004812,1.713821,-0.09022,610
1783179701041,BTC,B,Close Short,62903.0,0.09005,2.548986,907.821065,-0.09005,610
1783239569471,SOL,A,Open Short,80.537,1.49,0.054,0.0,0.0,611
1783239569471,SOL,A,Open Short,80.537,24.06,0.871974,0.0,-1.49,611
1783239569471,SOL,A,Open Short,80.533,2.53,0.091686,0.0,-25.55,611
1783239569471,SOL,A,Open Short,80.532,18.94,0.686374,0.0,-28.08,611
1783239569471,SOL,A,Open Short,80.532,70.28,2.546905,0.0,-47.02,611
1783239569471,SOL,A,Open Short,80.524,10.0,0.362358,0.0,-117.3,611
1783239569471,SOL,A,Open Short,80.523,6.5,0.235529,0.0,-127.3,611
1783239569471,SOL,A,Open Short,80.522,62.15,2.251999,0.0,-133.8,611
1783239569471,SOL,A,Open Short,80.52,12.42,0.450026,0.0,-195.95,611
1783239569471,SOL,A,Open Short,80.519,4.76,0.172471,0.0,-208.37,611
1783239569471,SOL,A,Open Short,80.518,62.15,2.251887,0.0,-213.13,611
1783239569471,SOL,A,Open Short,80.517,134.47,4.872204,0.0,-275.28,611
1783263980155,@151,B,Buy,1777.5,2.8137,0.001969589,0.0,0.0,612
1783263980155,@151,B,Buy,1777.5,1.0052,0.00070364,0.0,2.811730411,612
1783263980155,@151,B,Buy,1777.5,0.1169,0.000081829,0.0,3.816226771,612
1783263980155,@151,B,Buy,1777.5,1.0516,0.00073612,0.0,3.933044942,612
1783263980155,@151,B,Buy,1777.5,0.1147,0.000080289,0.0,4.983908822,612
1783263980155,@151,B,Buy,1777.6,2.8137,0.001969589,0.0,5.098528533,612
1783263980155,@151,B,Buy,1777.6,0.9,0.00063,0.0,7.910258944,612
1783263980155,@151,B,Buy,1777.7,2.8138,0.001969659,0.0,8.809628944,612
1783263980155,@151,B,Buy,1777.8,0.4003,0.000280209,0.0,11.621459285,612
1783263980155,@151,B,Buy,1777.9,5.626,0.0039382,0.0,12.021479076,612
1783263980155,@151,B,Buy,1777.9,1.137,0.0007959,0.0,17.643540876,612
1783263980155,@151,B,Buy,1777.9,0.3333,0.000233309,0.0,18.779744976,612
1783263980155,@151,B,Buy,1778.0,0.4184,0.00029288,0.0,19.112811667,612
1783263980155,@151,B,Buy,1778.0,2.8128,0.00196896,0.0,19.530918787,612
1783263980155,@151,B,Buy,1778.0,1.102,0.0007714,0.0,22.341749827,612
1783263980155,@151,B,Buy,1778.0,0.0072,0.00000504,0.0,23.442978427,612
1783263980155,@151,B,Buy,1778.1,0.4189,0.000293229,0.0,23.450173387,612
1783263980155,@151,B,Buy,1778.1,8.4428,0.005909959,0.0,23.868780158,612
1783263980155,@151,B,Buy,1778.2,5.6252,0.003937639,0.0,32.305670199,612
1783263980155,@151,B,Buy,1778.3,5.6246,0.003937219,0.0,37.92693256,612
1783263980155,@151,B,Buy,1778.4,1.6664,0.001166479,0.0,43.547595341,612
1783263980155,@151,B,Buy,1778.4,8.4428,0.005909959,0.0,45.212828862,612
1783263980155,@151,B,Buy,1778.4,56.2437,0.039370589,0.0,53.649718903,612
1783263980155,@151,B,Buy,1778.4,0.6432,0.000450239,0.0,109.854048314,612
1783263980155,@151,B,Buy,1778.5,1.6664,0.00116648,0.0,110.496798075,612
1783263980155,@151,B,Buy,1778.6,0.2833,0.000198309,0.0,112.162031595,612
1783286612954,@151,A,Sell,1779.0,0.962,0.6845592,-0.45712534,112.445133286,613
1783286613022,@151,A,Sell,1779.0,8.7988,6.26122608,-4.18103379,111.483133286,613
1783286613022,@151,A,Sell,1779.0,1.6666,1.18595256,-0.79193877,102.684333286,613
1783286613632,@151,A,Sell,1779.0,6.4666,4.60163256,-3.07281369,101.017733286,613
1783286613632,@151,A,Sell,1779.0,1.6666,1.18595256,-0.79193877,94.551133286,613
1783286613708,@151,A,Sell,1779.0,13.2241,9.41026956,-6.28385791,92.884533286,613
1783286613962,@151,A,Sell,1779.0,1.6666,1.18595256,-0.79193877,79.660433286,613
1783286614239,@151,A,Sell,1779.0,1.6666,1.18595256,-0.79193877,77.993833286,613
1783286614372,@151,A,Sell,1779.0,6.2456,4.44436896,-2.96779841,76.327233286,613
1783286614647,@151,A,Sell,1779.0,1.6666,1.18595256,-0.79193877,70.081633286,613
1783286614969,@151,A,Sell,1779.0,6.687,4.7584692,-3.17754386,68.415033286,613
1783286614969,@151,A,Sell,1779.0,2.135,1.519266,-1.01451415,61.728033286,613
1783286614969,@151,A,Sell,1779.0,0.355,0.252618,-0.1686897,59.593033286,613
1783286614969,@151,A,Sell,1779.0,5.0025,3.559779,-2.37709932,59.238033286,613
1783286614969,@151,A,Sell,1779.0,1.0927,0.77756532,-0.51923167,54.235533286,613
1783286614969,@151,A,Sell,1779.0,53.1428,37.81641648,-25.25251654,53.142833286,613
1783296000026,@151,A,Spot Dust Conversion,1784.7,0.000033286,0.0,0.0,0.000033286,614
1783298568442,SOL,B,Close Short,81.749,62.49,2.298822,-76.618989,-409.75,615
1783298568442,SOL,B,Close Short,81.751,6.0,0.220727,-7.3686,-347.26,615
1783298568442,SOL,B,Close Short,81.761,245.75,9.041744,-304.263075,-341.26,615
1783298568442,SOL,B,Close Short,81.764,2.1,0.077266,-2.60631,-95.51,615
1783298568442,SOL,B,Close Short,81.764,1.95,0.071747,-2.420145,-93.41,615
1783298568442,SOL,B,Close Short,81.767,25.26,0.929445,-31.425966,-91.46,615
1783298568442,SOL,B,Close Short,81.767,34.43,1.266857,-42.834363,-66.2,615
1783298568442,SOL,B,Close Short,81.768,31.77,1.168996,-39.556827,-31.77,615
1783373174477,xyz:TSLA,A,Open Short,419.17,11.928,0.149995,0.0,0.0,616
1783412990237,BTC,A,Open Short,63088.0,0.32836,9.322009,0.0,0.0,617
1783412990237,BTC,A,Open Short,63088.0,0.16306,4.629208,0.0,-0.32836,617
1783435987190,BTC,A,Open Short,63506.0,0.77337,7.367045,0.0,-0.49142,618
1783435987190,BTC,A,Open Short,63506.0,0.00001,0.000095,0.0,-1.26479,618
1783435987190,BTC,A,Open Short,63506.0,0.03072,0.292635,0.0,-1.2648,618
1783435987190,BTC,A,Open Short,63506.0,0.07655,0.729207,0.0,-1.29552,618
1783435987190,BTC,A,Open Short,63506.0,0.00576,0.054869,0.0,-1.37207,618
1783436175960,BTC,A,Open Short,63506.0,0.68824,6.556105,0.0,-1.37783,618
1783559960857,BTC,B,Close Short,62468.0,1.19574,33.612968,1122.20199,-2.06607,619
1783559960857,BTC,B,Close Short,62468.0,0.02936,0.825327,27.55436,-0.87033,619
1783559960857,BTC,B,Close Short,62468.0,0.01047,0.294317,9.826095,-0.84097,619
1783559960857,BTC,B,Close Short,62468.0,0.01,0.281106,9.385,-0.8305,619
1783559960857,BTC,B,Close Short,62468.0,0.02483,0.697986,23.302955,-0.8205,619
1783559960857,BTC,B,Close Short,62468.0,0.03071,0.863276,28.821335,-0.79567,619
1783559960857,BTC,B,Close Short,62468.0,0.01811,0.509082,16.996235,-0.76496,619
1783559960857,BTC,B,Close Short,62468.0,0.01942,0.545907,18.22567,-0.74685,619
1783559960857,BTC,B,Close Short,62468.0,0.01,0.281106,9.385,-0.72743,619
1783559960857,BTC,B,Close Short,62468.0,0.03735,1.04993,35.052975,-0.71743,619
1783559960857,BTC,B,Close Short,62468.0,0.0235,0.660599,22.05475,-0.68008,619
1783559960857,BTC,B,Close Short,62468.0,0.02085,0.586106,19.567725,-0.65658,619
1783559960857,BTC,B,Close Short,62468.0,0.01,0.281106,9.385,-0.63573,619
1783559960857,BTC,B,Close Short,62468.0,0.03192,0.89729,29.95692,-0.62573,619
1783559960857,BTC,B,Close Short,62468.0,0.02473,0.695175,23.209105,-0.59381,619
1783559960857,BTC,B,Close Short,62468.0,0.01,0.281106,9.385,-0.56908,619
1783559960857,BTC,B,Close Short,62468.0,0.02217,0.623212,20.806545,-0.55908,619
1783559960857,BTC,B,Close Short,62468.0,0.01099,0.308935,10.314115,-0.53691,619
1783559960857,BTC,B,Close Short,62468.0,0.06636,1.865419,62.27886,-0.52592,619
1783559960857,BTC,B,Close Short,62468.0,0.016,0.449769,15.016,-0.45956,619
1783559960857,BTC,B,Close Short,62468.0,0.02507,0.704732,23.528195,-0.44356,619
1783559960857,BTC,B,Close Short,62468.0,0.01453,0.408447,13.636405,-0.41849,619
1783559960857,BTC,B,Close Short,62468.0,0.00096,0.026986,0.90096,-0.40396,619
1783559960857,BTC,B,Close Short,62468.0,0.403,11.328571,378.2155,-0.403,619
1783590667251,BTC,B,Open Long,62895.0,0.02976,0.842289,0.0,0.0,620
1783590667251,BTC,B,Open Long,62895.0,0.06672,1.888359,0.0,0.02976,620
1783590667251,BTC,B,Open Long,62895.0,0.04197,1.187866,0.0,0.09648,620
1783590667251,BTC,B,Open Long,62895.0,0.07052,1.995909,0.0,0.13845,620
1783590667251,BTC,B,Open Long,62895.0,0.30464,8.622149,0.0,0.20897,620
1783590667251,BTC,B,Open Long,62895.0,0.08884,2.514416,0.0,0.51361,620
1783590667251,BTC,B,Open Long,62895.0,0.12423,3.51605,0.0,0.60245,620
1783590667251,BTC,B,Open Long,62895.0,0.06837,1.935059,0.0,0.72668,620
1783592128660,BTC,B,Open Long,63000.0,0.79365,22.499977,0.0,0.79505,621
1783604676680,BTC,B,Open Long,62911.0,0.19292,5.461555,0.0,1.5887,622
1783604676680,BTC,B,Open Long,62911.0,0.11578,3.277726,0.0,1.78162,622
1783604676680,BTC,B,Open Long,62911.0,0.05615,1.589603,0.0,1.8974,622
1783604676680,BTC,B,Open Long,62911.0,0.09351,2.647263,0.0,1.95355,622
1783604676680,BTC,B,Open Long,62911.0,0.159,4.501282,0.0,2.04706,622
1783604676680,BTC,B,Open Long,62911.0,0.12082,3.420408,0.0,2.20606,622
1783604676680,BTC,B,Open Long,62911.0,0.06659,1.885159,0.0,2.32688,622
1783604676680,BTC,B,Open Long,62911.0,0.07028,1.989623,0.0,2.39347,622
1783604676680,BTC,B,Open Long,62911.0,0.07709,2.182414,0.0,2.46375,622
1783604676680,BTC,B,Open Long,62911.0,0.159,4.501282,0.0,2.54084,622
1783604676680,BTC,B,Open Long,62911.0,0.14786,4.185909,0.0,2.69984,622
1783604676680,BTC,B,Open Long,62911.0,0.09148,2.589794,0.0,2.8477,622
1783604676680,BTC,B,Open Long,62911.0,0.05371,1.520527,0.0,2.93918,622
1783604676680,BTC,B,Open Long,62911.0,0.159,4.501282,0.0,2.99289,622
1783604676680,BTC,B,Open Long,62911.0,0.02655,0.751629,0.0,3.15189,622
1783684239113,BTC,B,Open Long,64447.0,0.0441,1.27895,0.0,3.17844,623
1783684239113,BTC,B,Open Long,64447.0,1.2065,34.989887,0.0,3.22254,623
1783684239113,BTC,B,Open Long,64447.0,0.30108,8.731666,0.0,4.42904,623
1783837409085,BTC,A,Close Long,63742.0,0.4432,12.712704,139.56368,4.73012,624
1783837409085,BTC,A,Close Long,63742.0,0.4432,12.712704,139.56368,4.28692,624
1783837409085,BTC,A,Close Long,63742.0,0.36191,10.38099,113.965459,3.84372,624
1783837409085,BTC,A,Close Long,63742.0,0.04661,1.336956,14.677489,3.48181,624
1783837409085,BTC,A,Close Long,63742.0,0.19362,5.553776,60.970938,3.4352,624
1783837409085,BTC,A,Close Long,63742.0,0.19281,5.530542,60.715869,3.24158,624
1783837409085,BTC,A,Close Long,63742.0,0.04714,1.352159,14.844386,3.04877,624
1783837409085,BTC,A,Close Long,63742.0,0.10968,3.14605,34.538232,3.00163,624
1783837409085,BTC,A,Close Long,63742.0,0.09348,2.68137,29.436852,2.89195,624
1783837409085,BTC,A,Close Long,63742.0,0.09309,2.670184,29.314041,2.79847,624
1783837409085,BTC,A,Close Long,63742.0,0.14223,4.079711,44.788227,2.70538,624
1783837409085,BTC,A,Close Long,63742.0,0.51779,14.852236,163.052071,2.56315,624
1783837409085,BTC,A,Close Long,63742.0,0.05546,1.590809,17.464354,2.04536,624
1783837409085,BTC,A,Close Long,63742.0,0.31383,9.001868,98.825067,1.9899,624
1783837409085,BTC,A,Close Long,63742.0,0.25,7.170975,78.725,1.67607,624
1783837409085,BTC,A,Close Long,63742.0,0.4773,13.690825,150.30177,1.42607,624
1783837409085,BTC,A,Close Long,63742.0,0.05407,1.550938,17.026643,0.94877,624
1783837409085,BTC,A,Close Long,63742.0,0.04714,1.352159,14.844386,0.8947,624
1783837409085,BTC,A,Close Long,63742.0,0.09967,2.858924,31.386083,0.84756,624
1783837409085,BTC,A,Close Long,63742.0,0.04714,1.352159,14.844386,0.74789,624
1783837409085,BTC,A,Close Long,63742.0,0.03,0.860517,9.447,0.70075,624
1783837409085,BTC,A,Close Long,63742.0,0.1714,4.91642,53.97386,0.67075,624
1783837409085,BTC,A,Close Long,63742.0,0.19682,5.645565,61.978618,0.49935,624
1783837409085,BTC,A,Close Long,63742.0,0.19332,5.545171,60.876468,0.30253,624
1783837409085,BTC,A,Close Long,63742.0,0.10921,3.132568,34.390229,0.10921,624
1783862119558,BTC,B,Open Long,64053.0,0.07025,2.024875,0.0,0.0,625
1783862119558,BTC,B,Open Long,64053.0,1.2231,35.25445,0.0,0.07025,625
1783862119558,BTC,B,Open Long,64053.0,0.88,25.364988,0.0,1.29335,625
1783862119558,BTC,B,Open Long,64053.0,1.38073,39.797954,0.0,2.17335,625
1783862119558,BTC,B,Open Long,64053.0,0.00207,0.059665,0.0,3.55408,625
1783862119558,BTC,B,Open Long,64053.0,0.49601,14.296917,0.0,3.55615,625
1783862119558,BTC,B,Open Long,64053.0,0.10673,3.076369,0.0,4.05216,625
1783862119558,BTC,B,Open Long,64053.0,0.00189,0.054477,0.0,4.15889,625
1783862119558,BTC,B,Open Long,64053.0,0.001,0.028823,0.0,4.16078,625
1783862119558,BTC,B,Open Long,64053.0,0.10367,2.988168,0.0,4.16178,625
1783862119558,BTC,B,Open Long,64053.0,0.04572,1.317826,0.0,4.26545,625
1783862119558,BTC,B,Open Long,64053.0,0.00094,0.027094,0.0,4.31117,625
1783862119558,BTC,B,Open Long,64053.0,0.002,0.057647,0.0,4.31211,625
1783862119558,BTC,B,Open Long,64053.0,0.36958,10.652718,0.0,4.31411,625
1783864149193,BTC,A,Close Long,64022.0,0.43895,12.646105,-13.60745,4.68369,626
1783864149193,BTC,A,Close Long,64022.0,0.92931,26.773328,-28.80861,4.24474,626
1783864149193,BTC,A,Close Long,64022.0,0.757,21.809094,-23.467,3.31543,626
1783864149193,BTC,A,Close Long,64022.0,1.38048,39.77149,-42.79488,2.55843,626
1783864149193,BTC,A,Close Long,64022.0,0.316,9.103928,-9.796,1.17795,626
1783864149193,BTC,A,Close Long,64022.0,0.86195,24.832693,-26.72045,0.86195,626
1783868779419,BTC,A,Open Short,64236.0,0.15169,4.384781,0.0,0.0,627
1783868779419,BTC,A,Open Short,64236.0,0.15583,4.504453,0.0,-0.15169,627
1783868779419,BTC,A,Open Short,64236.0,0.23431,6.773011,0.0,-0.30752,627
1783868779419,BTC,A,Open Short,64236.0,0.15583,4.504453,0.0,-0.54183,627
1783868779419,BTC,A,Open Short,64236.0,0.15583,4.504453,0.0,-0.69766,627
1783868779419,BTC,A,Open Short,64236.0,0.15583,4.504453,0.0,-0.85349,627
1783868779419,BTC,A,Open Short,64236.0,0.15583,4.504453,0.0,-1.00932,627
1783868779419,BTC,A,Open Short,64236.0,0.05474,1.582325,0.0,-1.16515,627
1783868779419,BTC,A,Open Short,64236.0,0.15583,4.504453,0.0,-1.21989,627
1783868779419,BTC,A,Open Short,64236.0,0.15583,4.504453,0.0,-1.37572,627
1783868779419,BTC,A,Open Short,64236.0,0.02545,0.735662,0.0,-1.53155,627
1783869346655,BTC,A,Open Short,64185.0,0.00257,0.074229,0.0,-1.557,628
1783869346655,BTC,A,Open Short,64185.0,0.00832,0.240308,0.0,-1.55957,628
1783869346655,BTC,A,Open Short,64185.0,0.001,0.028883,0.0,-1.56789,628
1783869346655,BTC,A,Open Short,64185.0,0.01557,0.449712,0.0,-1.56889,628
1783869346655,BTC,A,Open Short,64185.0,0.01203,0.347465,0.0,-1.58446,628
1783869346655,BTC,A,Open Short,64185.0,0.00017,0.00491,0.0,-1.59649,628
1783869346655,BTC,A,Open Short,64184.0,0.00017,0.00491,0.0,-1.59666,628
1783869346655,BTC,A,Open Short,64183.0,0.00017,0.004909,0.0,-1.59683,628
1783869346655,BTC,A,Open Short,64183.0,0.01,0.288823,0.0,-1.597,628
1783869346655,BTC,A,Open Short,64182.0,0.00017,0.004909,0.0,-1.607,628
1783869346655,BTC,A,Open Short,64182.0,1.16933,33.772472,0.0,-1.60717,628
1783869346655,BTC,A,Open Short,64182.0,0.00077,0.022239,0.0,-2.7765,628
1783869346655,BTC,A,Open Short,64182.0,0.0022,0.06354,0.0,-2.77727,628
1783869346655,BTC,A,Open Short,64181.0,0.00017,0.004909,0.0,-2.77947,628
1783869346655,BTC,A,Open Short,64180.0,0.00017,0.004909,0.0,-2.77964,628
1783869346655,BTC,A,Open Short,64180.0,0.00016,0.00462,0.0,-2.77981,628
1783869346655,BTC,A,Open Short,64180.0,0.33502,9.675712,0.0,-2.77997,628
1783869406758,BTC,A,Open Short,64170.0,0.176,5.082264,0.0,-3.11499,629
1783869406758,BTC,A,Open Short,64170.0,0.01979,0.571465,0.0,-3.29099,629
1783869406758,BTC,A,Open Short,64170.0,0.05045,1.456819,0.0,-3.31078,629
1783869406758,BTC,A,Open Short,64170.0,0.03712,1.071895,0.0,-3.36123,629
1783869406758,BTC,A,Open Short,64170.0,0.03208,0.926358,0.0,-3.39835,629
1783869406758,BTC,A,Open Short,64170.0,0.08424,2.432556,0.0,-3.43043,629
1783869406758,BTC,A,Open Short,64170.0,0.01361,0.393009,0.0,-3.51467,629
1783869406758,BTC,A,Open Short,64170.0,0.01263,0.36471,0.0,-3.52828,629
1783869406758,BTC,A,Open Short,64170.0,0.01248,0.360378,0.0,-3.54091,629
1783869406758,BTC,A,Open Short,64170.0,0.03614,1.043596,0.0,-3.55339,629
1783869406758,BTC,A,Open Short,64170.0,0.01128,0.325726,0.0,-3.58953,629
1783869406758,BTC,A,Open Short,64170.0,0.19751,5.703397,0.0,-3.60081,629
1783869406758,BTC,A,Open Short,64170.0,0.27096,7.824376,0.0,-3.79832,629
1783869406758,BTC,A,Open Short,64170.0,0.06753,1.95003,0.0,-4.06928,629
1783869406758,BTC,A,Open Short,64170.0,0.32059,9.257517,0.0,-4.13681,629
1783869406758,BTC,A,Open Short,64170.0,0.10439,3.014417,0.0,-4.4574,629
1783869406758,BTC,A,Open Short,64170.0,0.036,1.039554,0.0,-4.56179,629
1783869406758,BTC,A,Open Short,64170.0,0.0756,2.183063,0.0,-4.59779,629
1783904115721,BTC,B,Close Short,63992.0,0.24806,7.143234,50.554628,-4.67339,630
1783904115721,BTC,B,Close Short,63992.0,0.3696,10.643149,75.32448,-4.42533,630
1783904115721,BTC,B,Close Short,63992.0,0.48118,13.856251,98.064484,-4.05573,630
1783904115721,BTC,B,Close Short,63992.0,0.49546,14.267464,100.974748,-3.57455,630
1783904115721,BTC,B,Close Short,63992.0,0.14526,4.182965,29.603988,-3.07909,630
1783904115721,BTC,B,Close Short,63992.0,0.05023,1.446443,10.236874,-2.93383,630
1783904115721,BTC,B,Close Short,63992.0,0.03756,1.081592,7.654728,-2.8836,630
1783904115721,BTC,B,Close Short,63992.0,0.16317,4.698708,33.254046,-2.84604,630
1783904115721,BTC,B,Close Short,63992.0,0.04113,1.184395,8.382294,-2.68287,630
1783904115721,BTC,B,Close Short,63992.0,0.0274,0.789021,5.58412,-2.64174,630
1783904115721,BTC,B,Close Short,63992.0,0.03805,1.095703,7.75459,-2.61434,630
1783904115721,BTC,B,Close Short,63992.0,0.04905,1.412463,9.99639,-2.57629,630
1783904115721,BTC,B,Close Short,63992.0,0.04162,1.198506,8.482156,-2.52724,630
1783904115721,BTC,B,Close Short,63992.0,0.04031,1.160782,8.215178,-2.48562,630
1783904115721,BTC,B,Close Short,63992.0,0.03745,1.078425,7.63231,-2.44531,630
1783904115721,BTC,B,Close Short,63992.0,0.0667,1.920719,13.59346,-2.40786,630
1783904115721,BTC,B,Close Short,63992.0,0.04465,1.285759,9.09967,-2.34116,630
1783904115721,BTC,B,Close Short,63992.0,0.06302,1.814749,12.843476,-2.29651,630
1783904115721,BTC,B,Close Short,63992.0,0.06302,1.814749,12.843476,-2.23349,630
1783904115721,BTC,B,Close Short,63992.0,0.05432,1.56422,11.070416,-2.17047,630
1783904115721,BTC,B,Close Short,63992.0,0.03,0.863892,6.114,-2.11615,630
1783904115721,BTC,B,Close Short,63992.0,0.01946,0.560377,3.965948,-2.08615,630
1783904115721,BTC,B,Close Short,63992.0,0.13065,3.762249,26.62647,-2.06669,630
1783904115721,BTC,B,Close Short,63992.0,0.06008,1.730087,12.244304,-1.93604,630
1783904115721,BTC,B,Close Short,63992.0,0.14526,4.182965,29.603988,-1.87596,630
1783904115721,BTC,B,Close Short,63992.0,0.06302,1.814749,12.843476,-1.7307,630
1783904115721,BTC,B,Close Short,63992.0,0.0274,0.789021,5.58412,-1.66768,630
1783904115721,BTC,B,Close Short,63992.0,0.04465,1.285759,9.09967,-1.64028,630
1783904115721,BTC,B,Close Short,63992.0,0.16317,4.698708,33.254046,-1.59563,630
1783904115721,BTC,B,Close Short,63992.0,0.16529,4.759756,33.686102,-1.43246,630
1783904115721,BTC,B,Close Short,63992.0,0.03805,1.095703,7.75459,-1.26717,630
1783904115721,BTC,B,Close Short,63992.0,0.03852,1.109237,7.850376,-1.22912,630
1783904115721,BTC,B,Close Short,63992.0,0.04905,1.412463,9.99639,-1.1906,630
1783904115721,BTC,B,Close Short,63992.0,0.04162,1.198506,8.482156,-1.14155,630
1783904115721,BTC,B,Close Short,63992.0,0.04113,1.184395,8.382294,-1.09993,630
1783904115721,BTC,B,Close Short,63992.0,0.04031,1.160782,8.215178,-1.0588,630
1783904115721,BTC,B,Close Short,63992.0,0.03745,1.078425,7.63231,-1.01849,630
1783904115721,BTC,B,Close Short,63992.0,0.03756,1.081592,7.654728,-0.98104,630
1783904115721,BTC,B,Close Short,63992.0,0.16239,4.676247,33.095082,-0.94348,630
1783904115721,BTC,B,Close Short,63992.0,0.03852,1.109237,7.850376,-0.78109,630
1783904115721,BTC,B,Close Short,63992.0,0.16529,4.759756,33.686102,-0.74257,630
1783904115721,BTC,B,Close Short,63992.0,0.26584,7.655234,54.178192,-0.57728,630
1783904115721,BTC,B,Close Short,63992.0,0.06302,1.814749,12.843476,-0.31144,630
1783904115721,BTC,B,Close Short,63992.0,0.0667,1.920719,13.59346,-0.24842,630
1783904115721,BTC,B,Close Short,63992.0,0.05023,1.446443,10.236874,-0.18172,630
1783904115721,BTC,B,Close Short,63992.0,0.06211,1.788544,12.658018,-0.13149,630
1783904115721,BTC,B,Close Short,63992.0,0.06008,1.730087,12.244304,-0.06938,630
1783904115721,BTC,B,Close Short,63992.0,0.0093,0.267806,1.89534,-0.0093,630
1783906211278,BTC,B,Open Long,63667.0,1.74867,16.699885,0.0,0.0,631
1783906211278,BTC,B,Open Long,63667.0,0.0005,0.004775,0.0,1.74867,631
1783906211278,BTC,B,Open Long,63667.0,0.0005,0.004775,0.0,1.74917,631
1783906211337,BTC,B,Open Long,63667.0,1.58081,15.096814,0.0,1.74967,631
1783906211337,BTC,B,Open Long,63667.0,1.18919,11.356823,0.0,3.33048,631
1783906211337,BTC,B,Open Long,63667.0,0.19234,1.836856,0.0,4.51967,631
1783907760817,BTC,A,Close Long,63493.0,0.47448,13.556771,-82.55952,4.71201,632
1783907760817,BTC,A,Close Long,63493.0,1.44131,41.180893,-250.78794,4.23753,632
1783907760817,BTC,A,Close Long,63493.0,1.04407,29.831011,-181.66818,2.79622,632
1783907760817,BTC,A,Close Long,63493.0,0.58879,16.822819,-102.44946,1.75215,632
1783907760817,BTC,A,Close Long,63493.0,0.74723,21.349743,-130.01802,1.16336,632
1783907760817,BTC,A,Close Long,63493.0,0.41613,11.889603,-72.40662,0.41613,632
1783944139936,BTC,A,Open Short,62963.0,0.00737,0.069605,0.0,0.0,633
1783944140139,BTC,A,Open Short,62963.0,0.23027,2.174773,0.0,-0.00737,633
1783944140139,BTC,A,Open Short,62963.0,0.00794,0.074988,0.0,-0.23764,633
1783944140139,BTC,A,Open Short,62963.0,0.00793,0.074894,0.0,-0.24558,633
1783944140139,BTC,A,Open Short,62963.0,0.00793,0.074894,0.0,-0.25351,633
1783944140139,BTC,A,Open Short,62963.0,0.00794,0.074988,0.0,-0.26144,633
1783944140344,BTC,A,Open Short,62963.0,0.17093,1.614339,0.0,-0.26938,633
1783944140344,BTC,A,Open Short,62963.0,0.0003,0.002833,0.0,-0.44031,633
1783944140344,BTC,A,Open Short,62963.0,1.14762,10.838639,0.0,-0.44061,633
1783946124265,BTC,A,Open Short,62718.0,1.59446,45.000604,0.0,-1.58823,634
1783946331739,BTC,A,Open Short,62613.0,0.53954,15.201998,0.0,-3.18269,635
1783946331739,BTC,A,Open Short,62613.0,0.39952,11.256815,0.0,-3.72223,635
1783946331739,BTC,A,Open Short,62613.0,0.31145,8.775368,0.0,-4.12175,635
1783946331739,BTC,A,Open Short,62613.0,0.34662,9.766313,0.0,-4.4332,635
1783956953015,BTC,B,Close Short,62720.0,0.20516,1.930145,9.088588,-4.77982,636
1783956953161,BTC,B,Close Short,62720.0,0.14716,1.384481,6.519188,-4.57466,636
1783956953161,BTC,B,Close Short,62720.0,0.00096,0.009031,0.042528,-4.4275,636
1783956953161,BTC,B,Close Short,62720.0,0.35273,3.318483,15.625939,-4.42654,636
1783956953161,BTC,B,Close Short,62720.0,0.37146,3.494695,16.455678,-4.07381,636
1783956953161,BTC,B,Close Short,62720.0,1.05374,9.913585,46.680682,-3.70235,636
1783956953161,BTC,B,Close Short,62720.0,1.5,14.111999,66.45,-2.64861,636
1783956953161,BTC,B,Close Short,62720.0,1.1486,10.806028,50.88298,-1.14861,636
1783956986465,BTC,B,Close Short,62759.0,0.00001,0.000282,0.000053,-0.00001,637
1783989217257,BTC,B,Open Long,62408.0,0.04759,1.336498,0.0,0.0,638
1783989217257,BTC,B,Open Long,62408.0,0.0008,0.022466,0.0,0.04759,638
1783989217257,BTC,B,Open Long,62408.0,2.06153,57.895183,0.0,0.04839,638
1783989217257,BTC,B,Open Long,62408.0,0.04164,1.169401,0.0,2.10992,638
1783989217257,BTC,B,Open Long,62408.0,0.0874,2.454506,0.0,2.15156,638
1783989217257,BTC,B,Open Long,62408.0,0.01,0.280836,0.0,2.23896,638
1783989217257,BTC,B,Open Long,62408.0,0.03626,1.018311,0.0,2.24896,638
1783989217257,BTC,B,Open Long,62408.0,0.02001,0.561952,0.0,2.28522,638
1783989217257,BTC,B,Open Long,62408.0,0.03273,0.919176,0.0,2.30523,638
1783989217257,BTC,B,Open Long,62408.0,0.01971,0.553527,0.0,2.33796,638
1783989217257,BTC,B,Open Long,62408.0,0.02712,0.761627,0.0,2.35767,638
1783989217257,BTC,B,Open Long,62408.0,0.01,0.280836,0.0,2.38479,638
1783989217257,BTC,B,Open Long,62408.0,0.00886,0.24882,0.0,2.39479,638
1783989390451,BTC,B,Open Long,62383.0,2.40457,67.50193,0.0,2.40365,639
1784118248710,BTC,B,Open Long,64635.0,0.3095,3.000679,0.0,4.80822,640
1784118248710,BTC,B,Open Long,64635.0,0.00773,0.074944,0.0,5.11772,640
1784118248710,BTC,B,Open Long,64635.0,0.00773,0.074944,0.0,5.12545,640
1784118248710,BTC,B,Open Long,64635.0,0.0009,0.008725,0.0,5.13318,640
1784118248783,BTC,B,Open Long,64635.0,0.00773,0.074944,0.0,5.13408,640
1784118248783,BTC,B,Open Long,64635.0,0.00099,0.009598,0.0,5.14181,640
1784118248892,BTC,B,Open Long,64635.0,0.35897,3.480303,0.0,5.1428,640
1784118248892,BTC,B,Open Long,64635.0,0.00773,0.074944,0.0,5.50177,640
1784118249031,BTC,B,Open Long,64635.0,0.00023,0.002229,0.0,5.5095,640
1784118249117,BTC,B,Open Long,64635.0,0.008,0.077562,0.0,5.50973,640
1784118249117,BTC,B,Open Long,64635.0,0.00076,0.007368,0.0,5.51773,640
1784118249181,BTC,B,Open Long,64635.0,0.10829,1.049898,0.0,5.51849,640
1784118249316,BTC,B,Open Long,64635.0,0.00078,0.007562,0.0,5.62678,640
1784118249316,BTC,B,Open Long,64635.0,0.00114,0.011052,0.0,5.62756,640
1784118249316,BTC,B,Open Long,64635.0,0.00055,0.005332,0.0,5.6287,640
1784118249316,BTC,B,Open Long,64635.0,0.00052,0.005041,0.0,5.62925,640
1784118249379,BTC,B,Open Long,64635.0,0.44577,4.321851,0.0,5.62977,640
1784118249982,BTC,B,Open Long,64635.0,0.00048,0.004653,0.0,6.07554,640
1784118250115,BTC,B,Open Long,64635.0,0.00049,0.00475,0.0,6.07602,640
1784118250115,BTC,B,Open Long,64635.0,0.00016,0.001551,0.0,6.07651,640
1784118250586,BTC,B,Open Long,64635.0,0.0005,0.004847,0.0,6.07667,640
1784118250586,BTC,B,Open Long,64635.0,0.03382,0.327893,0.0,6.07717,640
1784118250586,BTC,B,Open Long,64635.0,0.24437,2.369228,0.0,6.11099,640
1784161964244,BTC,A,Close Long,64544.0,0.17972,5.219931,288.163048,6.35536,641
1784161964244,BTC,A,Close Long,64544.0,0.17972,5.219931,288.163048,6.17564,641
1784161964244,BTC,A,Close Long,64544.0,0.17972,5.219931,288.163048,5.99592,641
1784161964244,BTC,A,Close Long,64544.0,0.19984,5.804312,320.423456,5.8162,641
1784161964244,BTC,A,Close Long,64544.0,0.116,3.369196,185.9944,5.61636,641
1784161964244,BTC,A,Close Long,64544.0,0.116,3.369196,185.9944,5.50036,641
1784161964244,BTC,A,Close Long,64544.0,0.116,3.369196,185.9944,5.38436,641
1784161964244,BTC,A,Close Long,64544.0,0.116,3.369196,185.9944,5.26836,641
1784161964244,BTC,A,Close Long,64544.0,0.96311,27.973337,1544.250574,5.15236,641
1784161964244,BTC,A,Close Long,64544.0,0.48973,14.224109,785.233082,4.18925,641
1784161964244,BTC,A,Close Long,64544.0,0.51414,14.933093,824.372076,3.69952,641
1784161964244,BTC,A,Close Long,64544.0,0.30986,8.999821,496.829524,3.18538,641
1784161964244,BTC,A,Close Long,64544.0,0.30986,8.999821,496.829524,2.87552,641
1784161964244,BTC,A,Close Long,64544.0,0.30986,8.999821,496.829524,2.56566,641
1784161964244,BTC,A,Close Long,64544.0,0.05986,1.738621,95.979524,2.2558,641
1784161964244,BTC,A,Close Long,64544.0,0.15121,4.391864,242.450114,2.19594,641
1784161964244,BTC,A,Close Long,64544.0,0.05,1.45224,80.17,2.04473,641
1784161964244,BTC,A,Close Long,64544.0,0.05986,1.738621,95.979524,1.99473,641
1784161964244,BTC,A,Close Long,64544.0,0.05,1.45224,80.17,1.93487,641
1784161964244,BTC,A,Close Long,64544.0,0.15121,4.391864,242.450114,1.88487,641
1784161964244,BTC,A,Close Long,64544.0,0.05986,1.738621,95.979524,1.73366,641
1784161964244,BTC,A,Close Long,64544.0,0.25,7.2612,400.85,1.6738,641
1784161964244,BTC,A,Close Long,64544.0,0.08103,2.3535,129.923502,1.4238,641
1784161964244,BTC,A,Close Long,64544.0,0.08103,2.3535,129.923502,1.34277,641
1784161964244,BTC,A,Close Long,64544.0,0.08103,2.3535,129.923502,1.26174,641
1784161964244,BTC,A,Close Long,64544.0,0.16206,4.707,259.847004,1.18071,641
1784161964244,BTC,A,Close Long,64544.0,0.1589,4.615218,254.78026,1.01865,641
1784161964244,BTC,A,Close Long,64544.0,0.08225,2.388934,131.87965,0.85975,641
1784161964244,BTC,A,Close Long,64544.0,0.08225,2.388934,131.87965,0.7775,641
1784161964244,BTC,A,Close Long,64544.0,0.16449,4.777579,263.743266,0.69525,641
1784161964244,BTC,A,Close Long,64544.0,0.16449,4.777579,263.743266,0.53076,641
1784161964244,BTC,A,Close Long,64544.0,0.25,7.2612,400.85,0.36627,641
1784161964244,BTC,A,Close Long,64544.0,0.00775,0.225097,12.42635,0.11627,641
1784161964244,BTC,A,Close Long,64544.0,0.10852,3.151941,174.000968,0.10852,641
1784340336276,BTC,B,Open Long,63925.0,0.0047,0.036053,0.0,0.0,642
1784340347007,BTC,B,Open Long,63925.0,0.00019,0.001457,0.0,0.0047,642
1784340355905,BTC,B,Open Long,63925.0,0.00047,0.003605,0.0,0.00489,642
1784340363042,BTC,B,Open Long,63925.0,0.00056,0.004295,0.0,0.00536,642
1784340364059,BTC,B,Open Long,63925.0,0.00038,0.002914,0.0,0.00592,642
1784340366692,BTC,B,Open Long,63925.0,0.00016,0.001227,0.0,0.0063,642
1784340367560,BTC,B,Open Long,63925.0,0.00687,0.052699,0.0,0.00646,642
1784340372618,BTC,B,Open Long,63925.0,4.0794,31.293077,0.0,0.01333,642
1784340384509,BTC,B,Open Long,63925.0,0.00068,0.005216,0.0,4.09273,642
1784340393011,BTC,B,Open Long,63925.0,0.00055,0.004219,0.0,4.09341,642
1784340426172,BTC,B,Open Long,63925.0,0.0011,0.008438,0.0,4.09396,642
1784340433700,BTC,B,Open Long,63925.0,0.02728,0.209264,0.0,4.09506,642
1784340437070,BTC,B,Open Long,63925.0,0.00019,0.001457,0.0,4.12234,642
1784340439497,BTC,B,Open Long,63925.0,0.00156,0.011966,0.0,4.12253,642
1784340451083,BTC,B,Open Long,63925.0,0.5689,4.364031,0.0,4.12409,642
1784462854159,BTC,A,Close Long,64401.0,0.02014,0.518814,9.58664,4.69299,643
1784462854159,BTC,A,Close Long,64401.0,0.00032,0.008243,0.15232,4.67285,643
1784462854159,BTC,A,Close Long,64401.0,0.00022,0.005667,0.10472,4.67253,643
1784462854159,BTC,A,Close Long,64401.0,0.27957,7.201835,133.07532,4.67231,643
1784462854159,BTC,A,Close Long,64401.0,0.19935,5.135335,94.8906,4.39274,643
1784462854159,BTC,A,Close Long,64401.0,0.24086,6.204649,114.64936,4.19339,643
1784462854159,BTC,A,Close Long,64401.0,0.22734,5.856369,108.21384,3.95253,643
1784462854159,BTC,A,Close Long,64401.0,0.05004,1.28905,23.81904,3.72519,643
1784462854159,BTC,A,Close Long,64400.0,0.05,1.288,23.75,3.67515,643
1784462854159,BTC,A,Close Long,64400.0,0.01,0.2576,4.75,3.62515,643
1784462854159,BTC,A,Close Long,64400.0,0.00062,0.015971,0.2945,3.61515,643
1784462854159,BTC,A,Close Long,64400.0,0.00052,0.013395,0.247,3.61453,643
1784462854159,BTC,A,Close Long,64400.0,0.00109,0.028078,0.51775,3.61401,643
1784462854159,BTC,A,Close Long,64400.0,0.00109,0.028078,0.51775,3.61292,643
1784462854159,BTC,A,Close Long,64400.0,0.00016,0.004121,0.076,3.61183,643
1784462854159,BTC,A,Close Long,64400.0,0.00618,0.159196,2.9355,3.61167,643
1784462854159,BTC,A,Close Long,64400.0,0.00062,0.015971,0.2945,3.60549,643
1784462854159,BTC,A,Close Long,64400.0,0.2,5.152,95.0,3.60487,643
1784462854159,BTC,A,Close Long,64400.0,0.005,0.1288,2.375,3.40487,643
1784462854159,BTC,A,Close Long,64400.0,0.00046,0.011849,0.2185,3.39987,643
1784462854159,BTC,A,Close Long,64400.0,0.03105,0.799848,14.74875,3.39941,643
1784462854159,BTC,A,Close Long,64400.0,0.01213,0.312468,5.76175,3.36836,643
1784462854159,BTC,A,Close Long,64400.0,0.00046,0.011849,0.2185,3.35623,643
1784462854159,BTC,A,Close Long,64400.0,0.01552,0.399795,7.372,3.35577,643
1784462854159,BTC,A,Close Long,64400.0,0.03755,0.967288,17.83625,3.34025,643
1784462854159,BTC,A,Close Long,64400.0,0.00027,0.006955,0.12825,3.3027,643
1784462854159,BTC,A,Close Long,64400.0,0.05,1.288,23.75,3.30243,643
1784462854159,BTC,A,Close Long,64400.0,0.00148,0.038124,0.703,3.25243,643
1784462854159,BTC,A,Close Long,64400.0,0.13596,3.502329,64.581,3.25095,643
1784462854159,BTC,A,Close Long,64400.0,0.4,10.304,190.0,3.11499,643
1784462854159,BTC,A,Close Long,64400.0,0.00016,0.004121,0.076,2.71499,643
1784462854159,BTC,A,Close Long,64400.0,0.58273,15.011124,276.79675,2.71483,643
1784462854159,BTC,A,Close Long,64399.0,0.0022,0.056671,1.0428,2.1321,643
1784462854159,BTC,A,Close Long,64399.0,0.01808,0.465733,8.56992,2.1299,643
1784462854159,BTC,A,Close Long,64398.0,0.01717,0.442285,8.12141,2.11182,643
1784462854159,BTC,A,Close Long,64397.0,0.05474,1.410036,25.83728,2.09465,643
1784462854159,BTC,A,Close Long,64397.0,0.00776,0.199888,3.66272,2.03991,643
1784462854159,BTC,A,Close Long,64397.0,0.12421,3.1995,58.62712,2.03215,643
1784462854159,BTC,A,Close Long,64396.0,0.0096,0.24728,4.5216,1.90794,643
1784462854159,BTC,A,Close Long,64396.0,0.00017,0.004378,0.08007,1.89834,643
1784462854159,BTC,A,Close Long,64396.0,0.00077,0.019833,0.36267,1.89817,643
1784462854159,BTC,A,Close Long,64396.0,0.00016,0.004121,0.07536,1.8974,643
1784462854159,BTC,A,Close Long,64395.0,0.00016,0.004121,0.0752,1.89724,643
1784462854159,BTC,A,Close Long,64395.0,0.00016,0.004121,0.0752,1.89708,643
1784462854159,BTC,A,Close Long,64395.0,0.025,0.64395,11.75,1.89692,643
1784462854159,BTC,A,Close Long,64395.0,0.0003,0.007727,0.141,1.87192,643
1784462854159,BTC,A,Close Long,64395.0,0.00776,0.199882,3.6472,1.87162,643
1784462854159,BTC,A,Close Long,64395.0,0.00745,0.191897,3.5015,1.86386,643
1784462854159,BTC,A,Close Long,64395.0,0.77701,20.014223,365.1947,1.85641,643
1784462854159,BTC,A,Close Long,64395.0,0.36558,9.416609,171.8226,1.0794,643
1784462854159,BTC,A,Close Long,64394.0,0.00016,0.004121,0.07504,0.71382,643
1784462854159,BTC,A,Close Long,64394.0,0.0031,0.079848,1.4539,0.71366,643
1784462854159,BTC,A,Close Long,64394.0,0.02678,0.689788,12.55982,0.71056,643
1784462854159,BTC,A,Close Long,64394.0,0.01643,0.423197,7.70567,0.68378,643
1784462854159,BTC,A,Close Long,64394.0,0.58279,15.011271,273.32851,0.66735,643
1784462854159,BTC,A,Close Long,64394.0,0.0149,0.383788,6.9881,0.08456,643
1784462854159,BTC,A,Close Long,64394.0,0.02557,0.658621,11.99233,0.06966,643
1784462854159,BTC,A,Close Long,64394.0,0.01278,0.329182,5.99382,0.04409,643
1784462854159,BTC,A,Close Long,64393.0,0.01969,0.507159,9.21492,0.03131,643
1784462854159,BTC,A,Close Long,64393.0,0.01162,0.299298,5.43816,0.01162,643
1784463792868,BTC,A,Open Short,64375.0,1.55339,11.999937,0.0,0.0,644
1784469096435,BTC,B,Close Short,64515.0,0.30646,7.908506,-42.9044,-1.55339,645
1784469096435,BTC,B,Close Short,64515.0,0.0465,1.199979,-6.51,-1.24693,645
1784469096435,BTC,B,Close Short,64515.0,0.01451,0.374445,-2.0314,-1.20043,645
1784469096435,BTC,B,Close Short,64515.0,0.5644,14.564906,-79.016,-1.18592,645
1784469096435,BTC,B,Close Short,64515.0,0.46501,12.000048,-65.1014,-0.62152,645
1784469096435,BTC,B,Close Short,64515.0,0.03842,0.991466,-5.3788,-0.15651,645
1784469096435,BTC,B,Close Short,64515.0,0.01514,0.390702,-2.1196,-0.11809,645
1784469096435,BTC,B,Close Short,64515.0,0.00022,0.005677,-0.0308,-0.10295,645
1784469096435,BTC,B,Close Short,64515.0,0.10273,2.65105,-14.3822,-0.10273,645
1784469356921,BTC,B,Open Long,64495.0,0.01198,0.30906,0.0,0.0,646
1784469356921,BTC,B,Open Long,64495.0,0.46594,12.02032,0.0,0.01198,646
1784469356921,BTC,B,Open Long,64495.0,0.00089,0.02296,0.0,0.47792,646
1784469356921,BTC,B,Open Long,64495.0,0.31024,8.003571,0.0,0.47881,646
1784469356921,BTC,B,Open Long,64495.0,0.30842,7.956619,0.0,0.78905,646
1784469356921,BTC,B,Open Long,64495.0,0.04578,1.181032,0.0,1.09747,646
1784469356921,BTC,B,Open Long,64495.0,0.01932,0.498417,0.0,1.14325,646
1784469356921,BTC,B,Open Long,64495.0,0.01535,0.395999,0.0,1.16257,646
1784469356921,BTC,B,Open Long,64495.0,0.02026,0.522667,0.0,1.17792,646
1784469356921,BTC,B,Open Long,64495.0,0.03334,0.860105,0.0,1.19818,646
1784469356921,BTC,B,Open Long,64495.0,0.09058,2.336782,0.0,1.23152,646
1784469356921,BTC,B,Open Long,64495.0,0.10452,2.696406,0.0,1.3221,646
1784469356921,BTC,B,Open Long,64495.0,0.08502,2.193345,0.0,1.42662,646
1784469356921,BTC,B,Open Long,64495.0,0.06802,1.754779,0.0,1.51164,646
1784469356921,BTC,B,Open Long,64495.0,0.04108,1.059781,0.0,1.57966,646
1784469356921,BTC,B,Open Long,64495.0,0.23306,6.012481,0.0,1.62074,646
1784469356921,BTC,B,Open Long,64495.0,0.09872,2.546778,0.0,1.8538,646
1784469356921,BTC,B,Open Long,64495.0,0.24831,6.405901,0.0,1.95252,646
1784469356921,BTC,B,Open Long,64495.0,0.24972,6.442276,0.0,2.20083,646
1784469356921,BTC,B,Open Long,64495.0,0.25041,6.460077,0.0,2.45055,646
1784469356921,BTC,B,Open Long,64495.0,0.24137,6.226863,0.0,2.70096,646
1784469356921,BTC,B,Open Long,64495.0,1.53813,39.680677,0.0,2.94233,646
1784469356921,BTC,B,Open Long,64495.0,0.17127,4.418423,0.0,4.48046,646
1784479992335,BTC,A,Close Long,64559.0,0.00245,0.063267,0.1568,4.65173,647
1784479992335,BTC,A,Close Long,64559.0,0.001,0.025823,0.064,4.64928,647
1784479992335,BTC,A,Close Long,64559.0,0.00093,0.024015,0.05952,4.64828,647
1784479992335,BTC,A,Close Long,64558.0,0.30987,8.001834,19.52181,4.64735,647
1784479992335,BTC,A,Close Long,64558.0,0.00049,0.012653,0.03087,4.33748,647
1784479992335,BTC,A,Close Long,64557.0,0.16968,4.381612,10.52016,4.33699,647
1784479992335,BTC,A,Close Long,64557.0,0.01275,0.32924,0.7905,4.16731,647
1784479992335,BTC,A,Close Long,64557.0,0.02551,0.658739,1.58162,4.15456,647
1784479992335,BTC,A,Close Long,64557.0,0.1379,3.560964,8.5498,4.12905,647
1784479992335,BTC,A,Close Long,64556.0,0.01243,0.320972,0.75823,3.99115,647
1784479992335,BTC,A,Close Long,64556.0,0.005,0.129112,0.305,3.97872,647
1784479992335,BTC,A,Close Long,64556.0,0.00017,0.004389,0.01037,3.97372,647
1784479992335,BTC,A,Close Long,64556.0,0.00077,0.019883,0.04697,3.97355,647
1784479992335,BTC,A,Close Long,64556.0,0.00016,0.004131,0.00976,3.97278,647
1784479992335,BTC,A,Close Long,64556.0,0.44832,11.576698,27.34752,3.97262,647
1784479992335,BTC,A,Close Long,64556.0,0.03399,0.877703,2.07339,3.5243,647
1784479992335,BTC,A,Close Long,64555.0,0.01243,0.320967,0.7458,3.49031,647
1784479992335,BTC,A,Close Long,64555.0,0.005,0.12911,0.3,3.47788,647
1784479992335,BTC,A,Close Long,64555.0,0.00017,0.004389,0.0102,3.47288,647
1784479992335,BTC,A,Close Long,64555.0,0.09,2.32398,5.4,3.47271,647
1784479992335,BTC,A,Close Long,64555.0,0.10207,2.635651,6.1242,3.38271,647
1784479992335,BTC,A,Close Long,64555.0,0.05103,1.317696,3.0618,3.28064,647
1784479992335,BTC,A,Close Long,64555.0,0.009,0.232398,0.54,3.22961,647
1784479992335,BTC,A,Close Long,64555.0,1.86041,48.039507,111.6246,3.22061,647
1784479992335,BTC,A,Close Long,64555.0,0.77516,20.016181,46.5096,1.3602,647
1784479992335,BTC,A,Close Long,64554.0,0.01243,0.320962,0.73337,0.58504,647
1784479992335,BTC,A,Close Long,64554.0,0.00017,0.004389,0.01003,0.57261,647
1784479992335,BTC,A,Close Long,64554.0,0.005,0.129108,0.295,0.57244,647
1784479992335,BTC,A,Close Long,64554.0,0.56744,14.652208,33.47896,0.56744,647
1784506164143,BTC,B,Open Long,64819.0,0.09397,2.436416,0.0,0.0,648
1784506164143,BTC,B,Open Long,64819.0,0.49053,12.718265,0.0,0.09397,648
1784506164143,BTC,B,Open Long,64819.0,0.44,11.408144,0.0,0.5845,648
1784506164143,BTC,B,Open Long,64819.0,0.01,0.259276,0.0,1.0245,648
1784506164143,BTC,B,Open Long,64819.0,0.01,0.259276,0.0,1.0345,648
1784506164143,BTC,B,Open Long,64819.0,0.21279,5.517134,0.0,1.0445,648
1784506164143,BTC,B,Open Long,64819.0,0.00771,0.199901,0.0,1.25729,648
1784506164143,BTC,B,Open Long,64819.0,0.19292,5.001952,0.0,1.265,648
1784506164143,BTC,B,Open Long,64819.0,0.24786,6.426414,0.0,1.45792,648
1784506164143,BTC,B,Open Long,64819.0,0.29626,7.68131,0.0,1.70578,648
1784506164143,BTC,B,Open Long,64819.0,0.26571,6.889222,0.0,2.00204,648
1784506164143,BTC,B,Open Long,64819.0,0.29493,7.646827,0.0,2.26775,648
1784506164143,BTC,B,Open Long,64819.0,0.28106,7.287211,0.0,2.56268,648
1784506164143,BTC,B,Open Long,64819.0,0.07833,2.030908,0.0,2.84374,648
1784506164143,BTC,B,Open Long,64819.0,0.00093,0.024112,0.0,2.92207,648
1784506164143,BTC,B,Open Long,64821.0,0.01359,0.352366,0.0,2.923,648
1784506164143,BTC,B,Open Long,64821.0,0.00016,0.004148,0.0,2.93659,648
1784506164143,BTC,B,Open Long,64822.0,0.77195,20.015737,0.0,2.93675,648
1784506164143,BTC,B,Open Long,64822.0,0.00016,0.004148,0.0,3.7087,648
1784506164143,BTC,B,Open Long,64823.0,0.009,0.233362,0.0,3.70886,648
1784506164143,BTC,B,Open Long,64823.0,0.00771,0.199914,0.0,3.71786,648
1784506164143,BTC,B,Open Long,64824.0,0.09,2.333664,0.0,3.72557,648
1784506164143,BTC,B,Open Long,64824.0,0.002,0.051859,0.0,3.81557,648
1784506164143,BTC,B,Open Long,64824.0,0.12342,3.200231,0.0,3.81757,648
1784506164143,BTC,B,Open Long,64824.0,0.68742,17.824525,0.0,3.94099,648
1784529787277,BTC,A,Close Long,63789.0,1.01399,25.872563,-1045.829286,4.62841,649
1784529787277,BTC,A,Close Long,63788.0,0.002,0.05103,-2.0648,3.61442,649
1784529787277,BTC,A,Close Long,63788.0,0.78457,20.01846,-809.990068,3.61242,649
1784529787277,BTC,A,Close Long,63787.0,0.0031,0.079095,-3.20354,2.82785,649
1784529787277,BTC,A,Close Long,63787.0,0.009,0.229633,-9.3006,2.82475,649
1784529787277,BTC,A,Close Long,63787.0,0.08733,2.228207,-90.246822,2.81575,649
1784529787277,BTC,A,Close Long,63787.0,0.00016,0.004082,-0.165344,2.72842,649
1784529787277,BTC,A,Close Long,63786.0,0.00313,0.07986,-3.237672,2.72826,649
1784529787277,BTC,A,Close Long,63786.0,0.008,0.204115,-8.2752,2.72513,649
1784529787277,BTC,A,Close Long,63786.0,0.00017,0.004337,-0.175848,2.71713,649
1784529787277,BTC,A,Close Long,63786.0,0.00882,0.225037,-9.123408,2.71696,649
1784529787277,BTC,A,Close Long,63786.0,0.00955,0.243662,-9.87852,2.70814,649
1784529787277,BTC,A,Close Long,63785.0,0.58845,15.013713,-609.28113,2.69859,649
1784529787277,BTC,A,Close Long,63785.0,2.11014,53.838111,-2184.838956,2.11014,649
1784698950218,ETH,A,Open Short,1919.5,9.2998,7.140386,0.0,0.0,650
1784698950218,ETH,A,Open Short,1919.5,0.0565,0.04338,0.0,-9.2998,650
1784698950218,ETH,A,Open Short,1919.5,0.052,0.039925,0.0,-9.3563,650
1784698950218,ETH,A,Open Short,1919.5,0.2257,0.173292,0.0,-9.4083,650
1784698950218,ETH,A,Open Short,1919.5,0.2149,0.165,0.0,-9.634,650
1784698950218,ETH,A,Open Short,1919.5,0.2342,0.179818,0.0,-9.8489,650
1784698950218,ETH,A,Open Short,1919.5,0.1396,0.107184,0.0,-10.0831,650
1784698950218,ETH,A,Open Short,1919.5,0.01,0.007678,0.0,-10.2227,650
1784698950218,ETH,A,Open Short,1919.5,1.0765,0.826536,0.0,-10.2327,650
1784698950218,ETH,A,Open Short,1919.5,0.01,0.007678,0.0,-11.3092,650
1784698950218,ETH,A,Open Short,1919.5,0.01,0.007678,0.0,-11.3192,650
1784698950218,ETH,A,Open Short,1919.5,0.01,0.007678,0.0,-11.3292,650
1784698950218,ETH,A,Open Short,1919.5,0.01,0.007678,0.0,-11.3392,650
1784698950218,ETH,A,Open Short,1919.5,0.01,0.007678,0.0,-11.3492,650
1784698950218,ETH,A,Open Short,1919.5,0.01,0.007678,0.0,-11.3592,650
1784698950218,ETH,A,Open Short,1919.5,0.1794,0.137743,0.0,-11.3692,650
1784698950218,ETH,A,Open Short,1919.5,0.01,0.007678,0.0,-11.5486,650
1784698950218,ETH,A,Open Short,1919.5,0.01,0.007678,0.0,-11.5586,650
1784698950218,ETH,A,Open Short,1919.5,0.01,0.007678,0.0,-11.5686,650
1784698950218,ETH,A,Open Short,1919.5,0.01,0.007678,0.0,-11.5786,650
1784698950218,ETH,A,Open Short,1919.5,40.0906,30.781562,0.0,-11.5886,650
1784698950218,ETH,A,Open Short,1919.5,0.01,0.007678,0.0,-51.6792,650
1784698950218,ETH,A,Open Short,1919.5,0.01,0.007678,0.0,-51.6892,650
1784698950218,ETH,A,Open Short,1919.5,0.01,0.007678,0.0,-51.6992,650
1784698950218,ETH,A,Open Short,1919.5,0.01,0.007678,0.0,-51.7092,650
1784698950218,ETH,A,Open Short,1919.5,1.9051,1.462735,0.0,-51.7192,650
1784698950218,ETH,A,Open Short,1919.5,10.7868,8.282105,0.0,-53.6243,650
1784698950218,ETH,A,Open Short,1919.5,5.2033,3.995093,0.0,-64.4111,650
1784698950218,ETH,A,Open Short,1919.5,5.2031,3.99494,0.0,-69.6144,650
1784698950218,ETH,A,Open Short,1919.5,3.3278,2.555084,0.0,-74.8175,650
1784727739694,ETH,A,Open Short,1936.0,8.9227,2.072921,0.0,-78.1453,651
1784727740470,ETH,A,Open Short,1936.0,0.0181,0.004204,0.0,-87.068,651
1784727740470,ETH,A,Open Short,1936.0,1.0776,0.250348,0.0,-87.0861,651
1784727740470,ETH,A,Open Short,1936.0,4.7533,1.104286,0.0,-88.1637,651
1784727740470,ETH,A,Open Short,1936.0,55.0,12.7776,0.0,-92.917,651
1784727740470,ETH,A,Open Short,1936.0,7.7076,1.790629,0.0,-147.917,651
1784729225165,ETH,B,Close Short,1951.5,16.3965,12.799107,-390.072735,-155.6246,652
1784729225165,ETH,B,Close Short,1951.5,12.3414,9.633696,-293.601906,-139.2281,652
1784729225165,ETH,B,Close Short,1951.5,15.4428,12.054649,-367.384212,-126.8867,652
1784729225165,ETH,B,Close Short,1951.5,5.1248,4.000418,-121.918992,-111.4439,652
1784729225165,ETH,B,Close Short,1951.5,2.306,1.800063,-54.85974,-106.3191,652
1784729225165,ETH,B,Close Short,1951.5,2.306,1.800063,-54.85974,-104.0131,652
1784729225165,ETH,B,Close Short,1951.5,2.306,1.800063,-54.85974,-101.7071,652
1784729225165,ETH,B,Close Short,1951.6,5.1248,4.000623,-122.431472,-99.4011,652
1784729225165,ETH,B,Close Short,1951.6,5.1248,4.000623,-122.431472,-94.2763,652
1784729225165,ETH,B,Close Short,1951.6,1.4944,1.166588,-35.701216,-89.1515,652
1784729225165,ETH,B,Close Short,1951.6,0.3895,0.304059,-9.305155,-87.6571,652
1784729225165,ETH,B,Close Short,1951.6,1.5,1.17096,-35.835,-87.2676,652
1784729225165,ETH,B,Close Short,1951.6,1.5,1.17096,-35.835,-85.7676,652
1784729225165,ETH,B,Close Short,1951.6,1.5,1.17096,-35.835,-84.2676,652
1784729225165,ETH,B,Close Short,1951.6,1.5,1.17096,-35.835,-82.7676,652
1784729225165,ETH,B,Close Short,1951.6,1.5,1.17096,-35.835,-81.2676,652
1784729225165,ETH,B,Close Short,1951.6,1.5,1.17096,-35.835,-79.7676,652
1784729225165,ETH,B,Close Short,1951.6,1.5,1.17096,-35.835,-78.2676,652
1784729225165,ETH,B,Close Short,1951.6,0.3895,0.304059,-9.305155,-76.7676,652
1784729225165,ETH,B,Close Short,1951.6,1.5,1.17096,-35.835,-76.3781,652
1784729225165,ETH,B,Close Short,1951.6,0.3895,0.304059,-9.305155,-74.8781,652
1784729225165,ETH,B,Close Short,1951.6,0.9747,0.760889,-23.285583,-74.4886,652
1784729225165,ETH,B,Close Short,1951.6,0.9747,0.760889,-23.285583,-73.5139,652
1784729225165,ETH,B,Close Short,1951.6,0.9747,0.760889,-23.285583,-72.5392,652
1784729225165,ETH,B,Close Short,1951.6,0.9747,0.760889,-23.285583,-71.5645,652
1784729225165,ETH,B,Close Short,1951.6,0.9747,0.760889,-23.285583,-70.5898,652
1784729225165,ETH,B,Close Short,1951.6,2.306,1.800155,-55.09034,-69.6151,652
1784729225165,ETH,B,Close Short,1951.6,2.306,1.800155,-55.09034,-67.3091,652
1784729225165,ETH,B,Close Short,1951.6,0.9747,0.760889,-23.285583,-65.0031,652
1784729225165,ETH,B,Close Short,1951.6,0.9747,0.760889,-23.285583,-64.0284,652
1784729225165,ETH,B,Close Short,1951.6,0.9747,0.760889,-23.285583,-63.0537,652
1784729225165,ETH,B,Close Short,1951.6,0.9747,0.760889,-23.285583,-62.079,652
1784729225165,ETH,B,Close Short,1951.6,2.306,1.800155,-55.09034,-61.1043,652
1784729225165,ETH,B,Close Short,1951.6,0.9747,0.760889,-23.285583,-58.7983,652
1784729225165,ETH,B,Close Short,1951.6,0.9747,0.760889,-23.285583,-57.8236,652
1784729225165,ETH,B,Close Short,1951.7,20.5052,16.007999,-491.919748,-56.8489,652
1784729225165,ETH,B,Close Short,1951.7,10.2474,7.99994,-245.835126,-36.3437,652
1784729225165,ETH,B,Close Short,1951.7,15.4428,12.055885,-370.472772,-26.0963,652
1784729225165,ETH,B,Close Short,1951.7,10.6535,8.316974,-255.577465,-10.6535,652
1784730501447,ETH,A,Open Short,1927.9,12.9743,10.005261,0.0,0.0,653
1784730501447,ETH,A,Open Short,1927.8,2.8743,2.21643,0.0,-12.9743,653
1784730501447,ETH,A,Open Short,1927.8,2.5858,1.993962,0.0,-15.8486,653
1784730501447,ETH,A,Open Short,1927.8,3.5445,2.733234,0.0,-18.4344,653
1784730501447,ETH,A,Open Short,1927.8,2.5178,1.941525,0.0,-21.9789,653
1784730501447,ETH,A,Open Short,1927.7,54.8235,42.273304,0.0,-24.4967,653
1784730501447,ETH,A,Open Short,1927.7,2.1133,1.629523,0.0,-79.3202,653
1784730501447,ETH,A,Open Short,1927.7,0.2593,0.199941,0.0,-81.4335,653
1784730501447,ETH,A,Open Short,1927.7,1.067,0.822742,0.0,-81.6928,653
1784730501447,ETH,A,Open Short,1927.7,0.355,0.273733,0.0,-82.7598,653
1784730501447,ETH,A,Open Short,1927.7,54.5668,42.075368,0.0,-83.1148,653
1784730501447,ETH,A,Open Short,1927.7,17.9523,13.842659,0.0,-137.6816,653
1784737692926,ETH,B,Close Short,1938.0,0.0093,0.007209,-0.095604,-155.6339,654
1784737692926,ETH,B,Close Short,1938.1,2.1,1.628004,-21.798,-155.6246,654
1784737692926,ETH,B,Close Short,1938.1,0.0073,0.005659,-0.075774,-153.5246,654
1784737692926,ETH,B,Close Short,1938.1,5.1596,3.999928,-53.556648,-153.5173,654
1784737692926,ETH,B,Close Short,1938.1,5.1596,3.999928,-53.556648,-148.3577,654
1784737692926,ETH,B,Close Short,1938.2,0.0188,0.014575,-0.197024,-143.1981,654
1784737692926,ETH,B,Close Short,1938.2,0.6048,0.468889,-6.338304,-143.1793,654
1784737692926,ETH,B,Close Short,1938.2,1.1487,0.890564,-12.038376,-142.5745,654
1784737692926,ETH,B,Close Short,1938.2,0.3054,0.23677,-3.200592,-141.4258,654
1784737692926,ETH,B,Close Short,1938.2,0.4109,0.318562,-4.306232,-141.1204,654
1784737692926,ETH,B,Close Short,1938.2,0.0267,0.020699,-0.279816,-140.7095,654
1784737692926,ETH,B,Close Short,1938.2,2.25,1.74438,-23.58,-140.6828,654
1784737692926,ETH,B,Close Short,1938.3,0.1031,0.079935,-1.090798,-138.4328,654
1784737692926,ETH,B,Close Short,1938.3,51.7831,40.148473,-547.865198,-138.3297,654
1784737692926,ETH,B,Close Short,1938.3,2.3998,1.860612,-25.389884,-86.5466,654
1784737692926,ETH,B,Close Short,1938.3,0.0822,0.063731,-0.869676,-84.1468,654
1784737692926,ETH,B,Close Short,1938.3,0.4396,0.34083,-4.650968,-84.0646,654
1784737692926,ETH,B,Close Short,1938.3,5.3613,4.156723,-56.722554,-83.625,654
1784737692926,ETH,B,Close Short,1938.3,5.3613,4.156723,-56.722554,-78.2637,654
1784737692926,ETH,B,Close Short,1938.3,12.9022,10.003333,-136.505276,-72.9024,654
1784737692926,ETH,B,Close Short,1938.3,6.3,4.884516,-66.654,-60.0002,654
1784737692926,ETH,B,Close Short,1938.3,1.1613,0.900379,-12.286554,-53.7002,654
1784737692926,ETH,B,Close Short,1938.3,5.3613,4.156723,-56.722554,-52.5389,654
1784737692926,ETH,B,Close Short,1938.3,43.0413,33.37078,-455.376954,-47.1776,654
1784737692926,ETH,B,Close Short,1938.4,1.5487,1.2008,-16.540116,-4.1363,654
1784737692926,ETH,B,Close Short,1938.4,1.8,1.395648,-19.224,-2.5876,654
1784737692926,ETH,B,Close Short,1938.4,0.7876,0.610673,-8.411568,-0.7876,654
1784901229865,BTC,B,Open Long,63990.0,0.03373,0.259005,0.0,0.0,655
1784901229865,BTC,B,Open Long,63990.0,0.07026,0.539512,0.0,0.03373,655
1784901229865,BTC,B,Open Long,63990.0,0.03805,0.292178,0.0,0.10399,655
1784901229865,BTC,B,Open Long,63990.0,0.09,0.691092,0.0,0.14204,655
1784901229927,BTC,B,Open Long,63990.0,0.07026,0.539512,0.0,0.23204,655
1784901229927,BTC,B,Open Long,63990.0,0.08809,0.676425,0.0,0.3023,655
1784901229927,BTC,B,Open Long,63990.0,0.0155,0.119021,0.0,0.39039,655
1784901229927,BTC,B,Open Long,63990.0,0.0165,0.1267,0.0,0.40589,655
1784901230001,BTC,B,Open Long,63990.0,0.09,0.691092,0.0,0.42239,655
1784901230001,BTC,B,Open Long,63990.0,0.0207,0.158951,0.0,0.51239,655
1784901230064,BTC,B,Open Long,63990.0,0.0781,0.599714,0.0,0.53309,655
1784901230064,BTC,B,Open Long,63990.0,0.09,0.691092,0.0,0.61119,655
1784901230064,BTC,B,Open Long,63990.0,0.9968,7.654227,0.0,0.70119,655
1784901230064,BTC,B,Open Long,63990.0,0.00078,0.005989,0.0,1.69799,655
1784901230150,BTC,B,Open Long,63990.0,0.00017,0.001305,0.0,1.69877,655
1784901230150,BTC,B,Open Long,63990.0,0.00055,0.004223,0.0,1.69894,655
1784901230150,BTC,B,Open Long,63990.0,0.00106,0.008139,0.0,1.69949,655
1784901230150,BTC,B,Open Long,63990.0,0.00201,0.015434,0.0,1.70055,655
1784901230150,BTC,B,Open Long,63990.0,0.00236,0.018121,0.0,1.70256,655
1784901230150,BTC,B,Open Long,63990.0,0.00249,0.01912,0.0,1.70492,655
1784901230150,BTC,B,Open Long,63990.0,0.0105,0.080627,0.0,1.70741,655
1784901230150,BTC,B,Open Long,63990.0,0.02099,0.161178,0.0,1.71791,655
1784901230150,BTC,B,Open Long,63990.0,0.02562,0.19673,0.0,1.7389,655
1784901230150,BTC,B,Open Long,63990.0,0.04738,0.363821,0.0,1.76452,655
1784901230150,BTC,B,Open Long,63990.0,0.13674,1.049999,0.0,1.8119,655
1784901230150,BTC,B,Open Long,63990.0,0.15,1.15182,0.0,1.94864,655
1784901230150,BTC,B,Open Long,63990.0,0.15397,1.182304,0.0,2.09864,655
1784901230150,BTC,B,Open Long,63990.0,0.15402,1.182688,0.0,2.25261,655
1784901230150,BTC,B,Open Long,63990.0,0.15541,1.193362,0.0,2.40663,655
1784901230150,BTC,B,Open Long,63990.0,0.3402,2.612327,0.0,2.56204,655
1784901230150,BTC,B,Open Long,63990.0,0.5,3.8394,0.0,2.90224,655
1784901230150,BTC,B,Open Long,63990.0,0.56892,4.368622,0.0,3.40224,655
1784901230150,BTC,B,Open Long,63990.0,0.71707,5.506237,0.0,3.97116,655
1784901387748,BTC,A,Close Long,63924.0,0.25,6.3924,-16.5,4.68823,656
1784901387748,BTC,A,Close Long,63924.0,0.18598,4.755434,-12.27468,4.43823,656
1784901387748,BTC,A,Close Long,63924.0,0.09155,2.340896,-6.0423,4.25225,656
1784901387748,BTC,A,Close Long,63924.0,0.09314,2.381552,-6.14724,4.1607,656
1784901387748,BTC,A,Close Long,63922.0,0.15637,3.998193,-10.63316,4.06756,656
1784901387748,BTC,A,Close Long,63921.0,1.56301,39.963664,-107.84769,3.91119,656
1784901387748,BTC,A,Close Long,63919.0,0.00016,0.00409,-0.01136,2.34818,656
1784901387748,BTC,A,Close Long,63918.0,0.78295,20.017839,-56.3724,2.34802,656
1784901387748,BTC,A,Close Long,63917.0,1.56301,39.961164,-114.09973,1.56507,656
1784901387748,BTC,A,Close Long,63917.0,0.00206,0.052667,-0.15038,0.00206,656
1784967900789,BTC,A,Open Short,63956.0,0.12106,3.097005,0.0,0.0,657
1784967900789,BTC,A,Open Short,63956.0,0.15639,4.000831,0.0,-0.12106,657
1784967900789,BTC,A,Open Short,63956.0,0.0023,0.058839,0.0,-0.27745,657
1784967900789,BTC,A,Open Short,63956.0,0.00321,0.082119,0.0,-0.27975,657
1784967900789,BTC,A,Open Short,63955.0,0.00017,0.004348,0.0,-0.28296,657
1784967900789,BTC,A,Open Short,63955.0,0.005,0.12791,0.0,-0.28313,657
1784967900789,BTC,A,Open Short,63955.0,0.00016,0.004093,0.0,-0.28813,657
1784967900789,BTC,A,Open Short,63954.0,0.005,0.127908,0.0,-0.28829,657
1784967900789,BTC,A,Open Short,63954.0,0.00017,0.004348,0.0,-0.29329,657
1784967900789,BTC,A,Open Short,63953.0,0.005,0.127906,0.0,-0.29346,657
1784967900789,BTC,A,Open Short,63953.0,0.00017,0.004348,0.0,-0.29846,657
1784967900789,BTC,A,Open Short,63953.0,0.00016,0.004092,0.0,-0.29863,657
1784967900789,BTC,A,Open Short,63952.0,0.005,0.127904,0.0,-0.29879,657
1784967900789,BTC,A,Open Short,63952.0,0.00017,0.004348,0.0,-0.30379,657
1784967900789,BTC,A,Open Short,63951.0,0.005,0.127902,0.0,-0.30396,657
1784967900789,BTC,A,Open Short,63951.0,0.00017,0.004348,0.0,-0.30896,657
1784967900789,BTC,A,Open Short,63950.0,0.005,0.1279,0.0,-0.30913,657
1784967900789,BTC,A,Open Short,63950.0,0.00017,0.004348,0.0,-0.31413,657
1784967900789,BTC,A,Open Short,63950.0,0.00676,0.17292,0.0,-0.3143,657
1784967900789,BTC,A,Open Short,63950.0,0.0022,0.056276,0.0,-0.32106,657
1784967900789,BTC,A,Open Short,63950.0,0.03,0.7674,0.0,-0.32326,657
1784967900789,BTC,A,Open Short,63949.0,0.00017,0.004348,0.0,-0.35326,657
1784967900789,BTC,A,Open Short,63949.0,0.005,0.127898,0.0,-0.35343,657
1784967900789,BTC,A,Open Short,63949.0,0.09,2.302164,0.0,-0.35843,657
1784967900789,BTC,A,Open Short,63948.0,0.005,0.127896,0.0,-0.44843,657
1784967900789,BTC,A,Open Short,63948.0,0.00017,0.004348,0.0,-0.45343,657
1784967900789,BTC,A,Open Short,63948.0,0.15638,4.000075,0.0,-0.4536,657
1784967900789,BTC,A,Open Short,63948.0,0.19884,5.086168,0.0,-0.60998,657
1784967900789,BTC,A,Open Short,63947.0,0.005,0.127894,0.0,-0.80882,657
1784967900789,BTC,A,Open Short,63947.0,0.00017,0.004348,0.0,-0.81382,657
1784967900789,BTC,A,Open Short,63947.0,0.006,0.153472,0.0,-0.81399,657
1784967900789,BTC,A,Open Short,63947.0,0.099,2.532301,0.0,-0.81999,657
1784967900789,BTC,A,Open Short,63947.0,0.09,2.302092,0.0,-0.91899,657
1784967900789,BTC,A,Open Short,63947.0,0.013,0.332524,0.0,-1.00899,657
1784967900789,BTC,A,Open Short,63947.0,0.10066,2.574762,0.0,-1.02199,657
1784967900789,BTC,A,Open Short,63947.0,0.088,2.250934,0.0,-1.12265,657
1784967900789,BTC,A,Open Short,63947.0,0.22037,5.6368,0.0,-1.21065,657
1784967900789,BTC,A,Open Short,63946.0,0.005,0.127892,0.0,-1.43102,657
1784967900789,BTC,A,Open Short,63946.0,0.00017,0.004348,0.0,-1.43602,657
1784967900789,BTC,A,Open Short,63946.0,0.01759,0.449924,0.0,-1.43619,657
1784967900789,BTC,A,Open Short,63946.0,0.09967,2.549399,0.0,-1.45378,657
1784967900789,BTC,A,Open Short,63946.0,0.1198,3.064292,0.0,-1.55345,657
1784967900789,BTC,A,Open Short,63946.0,0.01157,0.295942,0.0,-1.67325,657
1784967900789,BTC,A,Open Short,63946.0,0.56536,14.461004,0.0,-1.68482,657
1784967900789,BTC,A,Open Short,63946.0,0.09529,2.437365,0.0,-2.25018,657
1785008998611,BTC,B,Close Short,64376.0,0.5113,13.166179,-218.8364,-2.34547,658
1785008998611,BTC,B,Close Short,64376.0,0.0065,0.167377,-2.782,-1.83417,658
1785008998611,BTC,B,Close Short,64376.0,0.0003,0.007725,-0.1284,-1.82767,658
1785008998611,BTC,B,Close Short,64376.0,0.0003,0.007725,-0.1284,-1.82737,658
1785008998611,BTC,B,Close Short,64376.0,0.04965,1.278507,-21.2502,-1.82707,658
1785008998611,BTC,B,Close Short,64376.0,0.00036,0.00927,-0.15408,-1.77742,658
1785008998611,BTC,B,Close Short,64376.0,0.0447,1.151042,-19.1316,-1.77706,658
1785008998611,BTC,B,Close Short,64377.0,0.00016,0.00412,-0.06864,-1.73236,658
1785008998611,BTC,B,Close Short,64377.0,0.00049,0.012617,-0.21021,-1.7322,658
1785008998611,BTC,B,Close Short,64378.0,0.0022,0.056652,-0.946,-1.73171,658
1785008998611,BTC,B,Close Short,64378.0,0.00016,0.00412,-0.0688,-1.72951,658
1785008998611,BTC,B,Close Short,64381.0,0.01168,0.300788,-5.05744,-1.72935,658
1785008998611,BTC,B,Close Short,64381.0,0.15,3.86286,-64.95,-1.71767,658
1785008998611,BTC,B,Close Short,64381.0,0.00574,0.147818,-2.48542,-1.56767,658
1785008998611,BTC,B,Close Short,64381.0,0.15806,4.070424,-68.43998,-1.56193,658
1785008998611,BTC,B,Close Short,64382.0,0.09,2.317752,-39.06,-1.40387,658
1785008998611,BTC,B,Close Short,64382.0,0.006,0.154516,-2.604,-1.31387,658
1785008998611,BTC,B,Close Short,64382.0,0.02378,0.612401,-10.32052,-1.30787,658
1785008998611,BTC,B,Close Short,64382.0,0.01437,0.370067,-6.23658,-1.28409,658
1785008998611,BTC,B,Close Short,64382.0,0.22956,5.911812,-99.62904,-1.26972,658
1785008998611,BTC,B,Close Short,64382.0,0.77737,20.019454,-337.37858,-1.04016,658
1785008998611,BTC,B,Close Short,64383.0,0.00077,0.019829,-0.33495,-0.26279,658
1785008998611,BTC,B,Close Short,64383.0,0.00979,0.252123,-4.25865,-0.26202,658
1785008998611,BTC,B,Close Short,64383.0,0.03106,0.799894,-13.5111,-0.25223,658
1785008998611,BTC,B,Close Short,64383.0,0.05748,1.480293,-25.0038,-0.22117,658
1785008998611,BTC,B,Close Short,64383.0,0.099,2.549566,-43.065,-0.16369,658
1785008998611,BTC,B,Close Short,64383.0,0.00869,0.223795,-3.78015,-0.06469,658
1785008998611,BTC,B,Close Short,64383.0,0.056,1.442179,-24.36,-0.056,658
1785108497446,xyz:GOLD,B,Open Long,4084.4,0.2814,0.91948,0.0,0.0,659
1785108497446,xyz:GOLD,B,Open Long,4084.4,0.9791,3.199228,0.0,0.2814,659
1785108497446,xyz:GOLD,B,Open Long,4084.4,3.0,9.80256,0.0,1.2605,659
1785108497446,xyz:GOLD,B,Open Long,4084.4,0.3715,1.213883,0.0,4.2605,659
1785108497446,xyz:GOLD,B,Open Long,4084.4,0.2448,0.799888,0.0,4.632,659
1785108497446,xyz:GOLD,B,Open Long,4084.4,0.5973,1.951689,0.0,4.8768,659
1785108497446,xyz:GOLD,B,Open Long,4084.5,1.0,3.2676,0.0,5.4741,659
1785108497446,xyz:GOLD,B,Open Long,4084.5,0.3136,1.024719,0.0,6.4741,659
1785108497446,xyz:GOLD,B,Open Long,4084.6,0.548,1.790688,0.0,6.7877,659
1785108497446,xyz:GOLD,B,Open Long,4084.6,1.0,3.26768,0.0,7.3357,659
1785108497446,xyz:GOLD,B,Open Long,4084.6,0.2448,0.799928,0.0,8.3357,659
1785108497446,xyz:GOLD,B,Open Long,4084.7,1.7682,5.778053,0.0,8.5805,659
1785108497446,xyz:GOLD,B,Open Long,4084.7,1.0,3.26776,0.0,10.3487,659
1785108497446,xyz:GOLD,B,Open Long,4084.7,0.8924,2.916149,0.0,11.3487,659
1785110928140,xyz:GOLD,B,Open Long,4101.2,0.05,0.164048,0.0,12.2411,660
1785110928140,xyz:GOLD,B,Open Long,4101.2,0.0125,0.041012,0.0,12.2911,660
1785110928140,xyz:GOLD,B,Open Long,4101.2,0.3123,1.024643,0.0,12.3036,660
1785110928140,xyz:GOLD,B,Open Long,4101.2,0.165,0.541358,0.0,12.6159,660
1785110928140,xyz:GOLD,B,Open Long,4101.2,0.8919,2.926288,0.0,12.7809,660
1785110928140,xyz:GOLD,B,Open Long,4101.2,0.4697,1.541066,0.0,13.6728,660
1785110928140,xyz:GOLD,B,Open Long,4101.2,0.2438,0.799898,0.0,14.1425,660
1785110928140,xyz:GOLD,B,Open Long,4101.2,3.6574,11.999783,0.0,14.3863,660
1785110928140,xyz:GOLD,B,Open Long,4101.2,1.0,3.28096,0.0,18.0437,660
1785110928140,xyz:GOLD,B,Open Long,4101.2,0.5,1.64048,0.0,19.0437,660
1785110928140,xyz:GOLD,B,Open Long,4101.2,0.1568,0.514454,0.0,19.5437,660
1785110928140,xyz:GOLD,B,Open Long,4101.2,24.3834,80.00096,0.0,19.7005,660
1785110928140,xyz:GOLD,B,Open Long,4101.2,0.0525,0.17225,0.0,44.0839,660
1785110928140,xyz:GOLD,B,Open Long,4101.3,4.6793,15.35297,0.0,44.1364,660
1785110982135,xyz:GOLD,B,Open Long,4106.6,0.05,0.164264,0.0,48.8157,661
1785110982135,xyz:GOLD,B,Open Long,4106.6,1.0305,3.385481,0.0,48.8657,661
1785110982135,xyz:GOLD,B,Open Long,4106.6,0.7615,2.50174,0.0,49.8962,661
1785110982135,xyz:GOLD,B,Open Long,4106.7,1.0,3.28536,0.0,50.6577,661
1785110982135,xyz:GOLD,B,Open Long,4106.8,1.0,3.28544,0.0,51.6577,661
1785110982135,xyz:GOLD,B,Open Long,4106.8,3.6524,11.999741,0.0,52.6577,661
1785110982135,xyz:GOLD,B,Open Long,4106.9,1.0,3.28552,0.0,56.3101,661
1785110982135,xyz:GOLD,B,Open Long,4107.0,0.0928,0.304903,0.0,57.3101,661
1785110982135,xyz:GOLD,B,Open Long,4107.0,1.0,3.2856,0.0,57.4029,661
1785110982135,xyz:GOLD,B,Open Long,4107.0,0.2434,0.799715,0.0,58.4029,661
1785110982135,xyz:GOLD,B,Open Long,4107.1,0.0284,0.093313,0.0,58.6463,661
1785110982135,xyz:GOLD,B,Open Long,4107.1,1.0,3.28568,0.0,58.6747,661
1785110982135,xyz:GOLD,B,Open Long,4107.1,3.1353,10.301592,0.0,59.6747,661
1785110982135,xyz:GOLD,B,Open Long,4107.1,4.6808,15.37961,0.0,62.81,661
1785110982135,xyz:GOLD,B,Open Long,4107.2,1.0,3.28576,0.0,67.4908,661
1785110982135,xyz:GOLD,B,Open Long,4107.2,0.08,0.26286,0.0,68.4908,661
1785110982135,xyz:GOLD,B,Open Long,4107.2,1.2175,4.000412,0.0,68.5708,661
1785110982135,xyz:GOLD,B,Open Long,4107.3,0.5403,1.775339,0.0,69.7883,661
1785110982135,xyz:GOLD,B,Open Long,4107.3,1.0,3.28584,0.0,70.3286,661
1785110982135,xyz:GOLD,B,Open Long,4107.3,1.8357,6.031816,0.0,71.3286,661
1785334871976,xyz:GOLD,A,Close Long,4010.9,0.2493,0.899925,-22.299885,73.1643,662
1785334871976,xyz:GOLD,A,Close Long,4010.9,0.7488,2.703025,-66.98016,72.915,662
1785334871976,xyz:GOLD,A,Close Long,4010.9,2.174,7.847726,-194.4643,72.1662,662
1785334871976,xyz:GOLD,A,Close Long,4010.9,0.2493,0.899925,-22.299885,69.9922,662
1785334871976,xyz:GOLD,A,Close Long,4010.9,0.6083,2.195847,-54.412435,69.7429,662
1785334871976,xyz:GOLD,A,Close Long,4010.9,0.512,1.848222,-45.7984,69.1346,662
1785334871976,xyz:GOLD,A,Close Long,4010.9,3.7398,13.499967,-334.52511,68.6226,662
1785334871976,xyz:GOLD,A,Close Long,4010.8,0.2,0.721944,-17.91,64.8828,662
1785334871976,xyz:GOLD,A,Close Long,4010.7,0.055,0.198529,-4.93075,64.6828,662
1785334871976,xyz:GOLD,A,Close Long,4010.7,3.3347,12.037033,-298.955855,64.6278,662
1785334871976,xyz:GOLD,A,Close Long,4010.7,4.1837,15.101609,-375.068705,61.2931,662
1785334871976,xyz:GOLD,A,Close Long,4010.7,0.26,0.938503,-23.309,57.1094,662
1785334871976,xyz:GOLD,A,Close Long,4010.7,3.7399,13.499655,-335.282035,56.8494,662
1785334871976,xyz:GOLD,A,Close Long,4010.6,0.3759,1.356826,-33.737025,53.1095,662
1785334871976,xyz:GOLD,A,Close Long,4010.6,8.1776,29.517374,-733.9396,52.7336,662
1785334871976,xyz:GOLD,A,Close Long,4010.5,0.062,0.223785,-5.5707,44.556,662
1785334871976,xyz:GOLD,A,Close Long,4010.5,1.2465,4.499179,-111.998025,44.494,662
1785334871976,xyz:GOLD,A,Close Long,4010.5,0.374,1.349934,-33.6039,43.2475,662
1785334871976,xyz:GOLD,A,Close Long,4010.5,1.0,3.60945,-89.85,42.8735,662
1785334871976,xyz:GOLD,A,Close Long,4010.5,3.7401,13.499703,-336.047985,41.8735,662
1785334871976,xyz:GOLD,A,Close Long,4010.4,1.0,3.60936,-89.95,38.1334,662
1785334871976,xyz:GOLD,A,Close Long,4010.4,3.7402,13.499728,-336.43099,37.1334,662
1785334871976,xyz:GOLD,A,Close Long,4010.4,0.2494,0.900174,-22.43353,33.3932,662
1785334871976,xyz:GOLD,A,Close Long,4010.4,1.794,6.475191,-161.3703,33.1438,662
1785334871976,xyz:GOLD,A,Close Long,4010.3,8.1782,29.517331,-736.44691,31.3498,662
1785334871976,xyz:GOLD,A,Close Long,4010.3,1.2466,4.499315,-112.25633,23.1716,662
1785334871976,xyz:GOLD,A,Close Long,4010.3,1.0,3.60927,-90.05,21.925,662
1785334871976,xyz:GOLD,A,Close Long,4010.3,0.2992,1.079893,-26.94296,20.925,662
1785334871976,xyz:GOLD,A,Close Long,4010.2,1.0,3.60918,-90.15,20.6258,662
1785334871976,xyz:GOLD,A,Close Long,4010.2,3.9004,14.077245,-351.62106,19.6258,662
1785334871976,xyz:GOLD,A,Close Long,4010.2,4.1837,15.099726,-377.160555,15.7254,662
1785334871976,xyz:GOLD,A,Close Long,4010.2,0.2494,0.900129,-22.48341,11.5417,662
1785334871976,xyz:GOLD,A,Close Long,4010.1,0.055,0.198499,-4.96375,11.2923,662
1785334871976,xyz:GOLD,A,Close Long,4010.1,11.2373,40.556427,-1014.166325,11.2373,662
1785334916843,ETH,A,Open Short,1901.1,14.4568,12.36772,0.0,0.0,663
1785334916843,ETH,A,Open Short,1901.1,2.9827,2.551684,0.0,-14.4568,663
1785334916843,ETH,A,Open Short,1901.1,4.7284,4.045122,0.0,-17.4395,663
1785334916843,ETH,A,Open Short,1901.1,3.1552,2.699257,0.0,-22.1679,663
1785334916843,ETH,A,Open Short,1901.1,7.8902,6.750026,0.0,-25.3231,663
1785334916843,ETH,A,Open Short,1901.1,7.8903,6.750112,0.0,-33.2133,663
1785334916843,ETH,A,Open Short,1901.1,1.578,1.349971,0.0,-41.1036,663
1785334916843,ETH,A,Open Short,1901.1,7.4131,6.341869,0.0,-42.6816,663
1785334916843,ETH,A,Open Short,1901.1,0.3397,0.290611,0.0,-50.0947,663
1785334916843,ETH,A,Open Short,1901.1,51.3461,43.926331,0.0,-50.4344,663
1785334916843,ETH,A,Open Short,1901.1,1.872,1.601486,0.0,-101.7805,663
1785334916843,ETH,A,Open Short,1901.1,13.7084,11.727467,0.0,-103.6525,663
1785334916843,ETH,A,Open Short,1901.0,2.907,2.486793,0.0,-117.3609,663
1785334916843,ETH,A,Open Short,1901.0,14.7474,12.615663,0.0,-120.2679,663
1785334916843,ETH,A,Open Short,1901.0,6.3154,5.402508,0.0,-135.0153,663
1785334916843,ETH,A,Open Short,1901.0,1.1849,1.013622,0.0,-141.3307,663
1785334916843,ETH,A,Open Short,1901.0,3.7316,3.192197,0.0,-142.5156,663
1785334916843,ETH,A,Open Short,1901.0,1.8504,1.582924,0.0,-146.2472,663
1785334916843,ETH,A,Open Short,1901.0,0.526,0.449966,0.0,-148.0976,663
1785334916843,ETH,A,Open Short,1900.9,9.1465,7.823961,0.0,-148.6236,663
1785551395500,ETH,B,Close Short,1868.1,3.8385,3.226815,126.51696,-157.7701,664
1785551395500,ETH,B,Close Short,1868.1,7.3571,6.184709,242.490016,-153.9316,664
1785551395500,ETH,B,Close Short,1868.1,3.2658,2.745378,107.640768,-146.5745,664
1785551395500,ETH,B,Close Short,1868.1,3.3349,2.803467,109.918304,-143.3087,664
1785551395500,ETH,B,Close Short,1868.1,5.3482,4.495937,176.276672,-139.9738,664
1785551395500,ETH,B,Close Short,1868.1,5.3483,4.496021,176.279968,-134.6256,664
1785551395500,ETH,B,Close Short,1868.1,1.3196,1.109315,43.494016,-129.2773,664
1785551395500,ETH,B,Close Short,1868.1,2.25,1.891451,74.16,-127.9577,664
1785551395500,ETH,B,Close Short,1868.1,2.6112,2.195092,86.065152,-125.7077,664
1785551395500,ETH,B,Close Short,1868.1,2.25,1.891451,74.16,-123.0965,664
1785551395500,ETH,B,Close Short,1868.1,2.25,1.891451,74.16,-120.8465,664
1785551395500,ETH,B,Close Short,1868.1,2.25,1.891451,74.16,-118.5965,664
1785551395500,ETH,B,Close Short,1868.1,2.25,1.891451,74.16,-116.3465,664
1785551395500,ETH,B,Close Short,1868.1,2.25,1.891451,74.16,-114.0965,664
1785551395500,ETH,B,Close Short,1868.1,2.25,1.891451,74.16,-111.8465,664
1785551395500,ETH,B,Close Short,1868.1,2.25,1.891451,74.16,-109.5965,664
1785551395500,ETH,B,Close Short,1868.1,4.6215,3.88504,152.32464,-107.3465,664
1785551395500,ETH,B,Close Short,1868.1,2.25,1.891451,74.16,-102.725,664
1785551395500,ETH,B,Close Short,1868.1,7.4902,6.296599,246.876992,-100.475,664
1785551395500,ETH,B,Close Short,1868.1,2.25,1.891451,74.16,-92.9848,664
1785551395500,ETH,B,Close Short,1868.1,2.25,1.891451,74.16,-90.7348,664
1785551395500,ETH,B,Close Short,1868.1,2.25,1.891451,74.16,-88.4848,664
1785551395500,ETH,B,Close Short,1868.1,2.25,1.891451,74.16,-86.2348,664
1785551395500,ETH,B,Close Short,1868.1,2.25,1.891451,74.16,-83.9848,664
1785551395500,ETH,B,Close Short,1868.1,2.25,1.891451,74.16,-81.7348,664
1785551395500,ETH,B,Close Short,1868.1,2.25,1.891451,74.16,-79.4848,664
1785551395500,ETH,B,Close Short,1868.1,0.2686,0.225797,8.853056,-77.2348,664
1785551395500,ETH,B,Close Short,1868.1,6.5761,5.528165,216.748256,-76.9662,664
1785551395500,ETH,B,Close Short,1868.1,0.0777,0.065318,2.560992,-70.3901,664
1785551395500,ETH,B,Close Short,1868.1,20.0,16.8129,659.2,-70.3124,664
1785551395500,ETH,B,Close Short,1868.1,21.683,18.227705,714.67168,-50.3124,664
1785551395500,ETH,B,Close Short,1868.1,2.0074,1.68751,66.163904,-28.6294,664
1785551395500,ETH,B,Close Short,1868.1,26.622,22.379651,877.46112,-26.622,664
1785728787835,ETH,B,Open Long,1857.0,1.4768,0.411362,0.0,0.0,665
1785728787835,ETH,B,Open Long,1857.0,0.2625,0.073119,0.0,1.4768,665
1785728787835,ETH,B,Open Long,1857.0,1.8887,0.526097,0.0,1.7393,665
1785728787835,ETH,B,Open Long,1857.0,1.8846,0.524955,0.0,3.628,665
1785728787835,ETH,B,Open Long,1857.0,1.997,0.556264,0.0,5.5126,665
1785728787835,ETH,B,Open Long,1857.0,1.992,0.554871,0.0,7.5096,665
1785728787835,ETH,B,Open Long,1857.0,1.9616,0.546403,0.0,9.5016,665
1785728787835,ETH,B,Open Long,1857.0,20.0,5.570999,0.0,11.4632,665
1785728787835,ETH,B,Open Long,1857.0,16.8077,4.681784,0.0,31.4632,665
1785728787835,ETH,B,Open Long,1857.0,25.6412,7.142356,0.0,48.2709,665
1785728787835,ETH,B,Open Long,1857.0,15.9747,4.449752,0.0,73.9121,665
1785728787835,ETH,B,Open Long,1857.0,22.4005,6.239659,0.0,89.8868,665
1785728787835,ETH,B,Open Long,1857.0,16.1417,4.49627,0.0,112.2873,665
1785728787987,ETH,B,Open Long,1857.0,4.5482,1.266901,0.0,128.429,665
1785728787987,ETH,B,Open Long,1857.0,2.032,0.566013,0.0,132.9772,665
1785728787987,ETH,B,Open Long,1857.0,1.9962,0.556041,0.0,135.0092,665
1785728787987,ETH,B,Open Long,1857.0,1.9954,0.555818,0.0,137.0054,665
1785728787987,ETH,B,Open Long,1857.0,0.2093,0.0583,0.0,139.0008,665
1785728787987,ETH,B,Open Long,1857.0,0.2692,0.074985,0.0,139.2101,665
1785728787987,ETH,B,Open Long,1857.0,2.3526,0.655316,0.0,139.4793,665
1785728787987,ETH,B,Open Long,1857.0,2.3495,0.654453,0.0,141.8319,665
1785728787987,ETH,B,Open Long,1857.0,17.3694,4.838246,0.0,144.1814,665
1785791980496,ETH,A,Close Long,1864.2,1.6092,1.349941,11.58624,161.5508,666
1785791980496,ETH,A,Close Long,1864.2,5.3642,4.499973,38.62224,159.9416,666
1785791980496,ETH,A,Close Long,1864.2,7.5358,6.321707,54.25776,154.5774,666
1785791980496,ETH,A,Close Long,1864.2,0.0251,0.021056,0.18072,147.0416,666
1785791980496,ETH,A,Close Long,1864.2,2.4138,2.024912,17.37936,147.0165,666
1785791980496,ETH,A,Close Long,1864.2,2.25,1.887502,16.2,144.6027,666
1785791980496,ETH,A,Close Long,1864.2,2.25,1.887502,16.2,142.3527,666
1785791980496,ETH,A,Close Long,1864.2,2.25,1.887502,16.2,140.1027,666
1785791980496,ETH,A,Close Long,1864.2,2.25,1.887502,16.2,137.8527,666
1785791980496,ETH,A,Close Long,1864.2,2.25,1.887502,16.2,135.6027,666
1785791980496,ETH,A,Close Long,1864.2,2.25,1.887502,16.2,133.3527,666
1785791980496,ETH,A,Close Long,1864.2,2.25,1.887502,16.2,131.1027,666
1785791980496,ETH,A,Close Long,1864.2,2.25,1.887502,16.2,128.8527,666
1785791980496,ETH,A,Close Long,1864.2,13.402,11.242803,96.4944,126.6027,666
1785791980496,ETH,A,Close Long,1864.2,4.6385,3.891191,33.3972,113.2007,666
1785791980496,ETH,A,Close Long,1864.2,5.3642,4.499973,38.62224,108.5622,666
1785791980496,ETH,A,Close Long,1864.2,10.7284,8.999947,77.24448,103.198,666
1785791980496,ETH,A,Close Long,1864.2,1.6092,1.349941,11.58624,92.4696,666
1785791980496,ETH,A,Close Long,1864.2,2.5453,2.135226,18.32616,90.8604,666
1785791980496,ETH,A,Close Long,1864.2,1.2223,1.025375,8.80056,88.3151,666
1785791980496,ETH,A,Close Long,1864.2,1.2223,1.025375,8.80056,87.0928,666
1785791980496,ETH,A,Close Long,1864.2,1.2223,1.025375,8.80056,85.8705,666
1785791980496,ETH,A,Close Long,1864.2,2.4446,2.05075,17.60112,84.6482,666
1785791980496,ETH,A,Close Long,1864.2,4.1637,3.492886,29.97864,82.2036,666
1785791980496,ETH,A,Close Long,1864.2,0.2683,0.225074,1.93176,78.0399,666
1785791980496,ETH,A,Close Long,1864.2,11.8494,9.940343,85.31568,77.7716,666
1785791980496,ETH,A,Close Long,1864.2,7.6949,6.455174,55.40328,65.9222,666
1785791980496,ETH,A,Close Long,1864.2,1.0,0.83889,7.2,58.2273,666
1785791980496,ETH,A,Close Long,1864.2,6.0276,5.056493,43.39872,57.2273,666
1785791980496,ETH,A,Close Long,1864.2,0.268,0.224822,1.9296,51.1997,666
1785791980496,ETH,A,Close Long,1864.2,8.0463,6.74996,57.93336,50.9317,666
1785791980496,ETH,A,Close Long,1864.2,13.8766,11.64094,99.91152,42.8854,666
1785791980496,ETH,A,Close Long,1864.2,16.0926,13.499921,115.86672,29.0088,666
1785791980496,ETH,A,Close Long,1864.2,9.3591,7.851255,67.38552,12.9162,666
1785791980496,ETH,A,Close Long,1864.2,1.0728,0.899961,7.72416,3.5571,666
1785791980496,ETH,A,Close Long,1864.2,2.4843,2.084054,17.88696,2.4843,666
1785815813261,ETH,A,Open Short,1863.8,3.6622,3.071523,0.0,0.0,667
1785815813261,ETH,A,Open Short,1863.8,5.1198,4.294027,0.0,-3.6622,667
1785815813261,ETH,A,Open Short,1863.8,5.3632,4.498169,0.0,-8.782,667
1785815813261,ETH,A,Open Short,1863.8,1.1788,0.988671,0.0,-14.1452,667
1785815813261,ETH,A,Open Short,1863.8,2.491,2.089226,0.0,-15.324,667
1785815813261,ETH,A,Open Short,1863.8,6.5863,5.523995,0.0,-17.815,667
1785815813261,ETH,A,Open Short,1863.8,6.4711,5.427376,0.0,-24.4013,667
1785815813261,ETH,A,Open Short,1863.8,2.25,1.887097,0.0,-30.8724,667
1785815813261,ETH,A,Open Short,1863.8,2.25,1.887097,0.0,-33.1224,667
1785815813261,ETH,A,Open Short,1863.8,2.25,1.887097,0.0,-35.3724,667
1785815813261,ETH,A,Open Short,1863.8,2.25,1.887097,0.0,-37.6224,667
1785815813261,ETH,A,Open Short,1863.8,2.25,1.887097,0.0,-39.8724,667
1785815813261,ETH,A,Open Short,1863.8,2.25,1.887097,0.0,-42.1224,667
1785815813261,ETH,A,Open Short,1863.8,2.25,1.887097,0.0,-44.3724,667
1785815813261,ETH,A,Open Short,1863.8,2.25,1.887097,0.0,-46.6224,667
1785815813261,ETH,A,Open Short,1863.8,1.1267,0.944974,0.0,-48.8724,667
1785815813261,ETH,A,Open Short,1863.8,0.041,0.034387,0.0,-49.9991,667
1785815813261,ETH,A,Open Short,1863.8,0.0435,0.036483,0.0,-50.0401,667
1785815813261,ETH,A,Open Short,1863.8,0.1147,0.0962,0.0,-50.0836,667
1785815813261,ETH,A,Open Short,1863.7,0.006,0.005031,0.0,-50.1983,667
1785815813261,ETH,A,Open Short,1863.7,2.5,2.096662,0.0,-50.2043,667
1785815813261,ETH,A,Open Short,1863.7,43.6797,36.632635,0.0,-52.7043,667
1785815813261,ETH,A,Open Short,1863.7,6.0159,5.045324,0.0,-96.384,667
1785815813261,ETH,A,Open Short,1863.7,0.388,0.325402,0.0,-102.3999,667
1785815813261,ETH,A,Open Short,1863.7,0.4109,0.344607,0.0,-102.7879,667
1785815813261,ETH,A,Open Short,1863.7,1.34,1.123811,0.0,-103.1988,667
1785815813261,ETH,A,Open Short,1863.7,0.322,0.27005,0.0,-104.5388,667
1785815813261,ETH,A,Open Short,1863.7,0.1863,0.156243,0.0,-104.8608,667
1785815813261,ETH,A,Open Short,1863.6,0.04,0.033544,0.0,-105.0471,667
1785815813261,ETH,A,Open Short,1863.6,0.1073,0.089983,0.0,-105.0871,667
1785815813261,ETH,A,Open Short,1863.6,4.0233,3.374019,0.0,-105.1944,667
1785815813261,ETH,A,Open Short,1863.6,0.3128,0.26232,0.0,-109.2177,667
1785815813261,ETH,A,Open Short,1863.6,0.6195,0.519525,0.0,-109.5305,667
1785815813261,ETH,A,Open Short,1863.6,4.1325,3.465597,0.0,-110.15,667
1785815813261,ETH,A,Open Short,1863.6,5.123,4.29625,0.0,-114.2825,667
1785815813261,ETH,A,Open Short,1863.6,0.3841,0.322113,0.0,-119.4055,667
1785815813261,ETH,A,Open Short,1863.6,0.0677,0.056774,0.0,-119.7896,667
1785815813261,ETH,A,Open Short,1863.6,1.2325,1.033599,0.0,-119.8573,667
1785815813261,ETH,A,Open Short,1863.6,0.1012,0.084868,0.0,-121.0898,667
1785815813261,ETH,A,Open Short,1863.6,39.7618,33.34504,0.0,-121.191,667
1785878249256,ETH,B,Close Short,1872.3,0.3952,0.332969,-3.402672,-160.9528,668
1785878249256,ETH,B,Close Short,1872.3,0.3253,0.274076,-2.800833,-160.5576,668
1785878249256,ETH,B,Close Short,1872.3,4.6345,3.904728,-39.903045,-160.2323,668
1785878249256,ETH,B,Close Short,1872.3,9.3855,7.907612,-80.809155,-155.5978,668
1785878249256,ETH,B,Close Short,1872.3,0.0107,0.009015,-0.092127,-146.2123,668
1785878249256,ETH,B,Close Short,1872.3,5.225,4.402245,-44.98725,-146.2016,668
1785878249256,ETH,B,Close Short,1872.3,2.25,1.895703,-19.3725,-140.9766,668
1785878249256,ETH,B,Close Short,1872.3,2.25,1.895703,-19.3725,-138.7266,668
1785878249256,ETH,B,Close Short,1872.3,2.25,1.895703,-19.3725,-136.4766,668
1785878249256,ETH,B,Close Short,1872.3,1.7848,1.503756,-15.367128,-134.2266,668
1785878249256,ETH,B,Close Short,1872.3,2.25,1.895703,-19.3725,-132.4418,668
1785878249256,ETH,B,Close Short,1872.3,2.25,1.895703,-19.3725,-130.1918,668
1785878249256,ETH,B,Close Short,1872.3,2.25,1.895703,-19.3725,-127.9418,668
1785878249256,ETH,B,Close Short,1872.3,2.25,1.895703,-19.3725,-125.6918,668
1785878249256,ETH,B,Close Short,1872.3,30.0,25.27605,-258.3,-123.4418,668
1785878249256,ETH,B,Close Short,1872.3,5.3423,4.501074,-45.997203,-93.4418,668
1785878249256,ETH,B,Close Short,1872.3,5.342,4.500821,-45.99462,-88.0995,668
1785878249256,ETH,B,Close Short,1872.3,8.0115,6.749969,-68.979015,-82.7575,668
1785878249256,ETH,B,Close Short,1872.4,4.0064,3.375712,-34.895744,-74.746,668
1785878249256,ETH,B,Close Short,1872.4,0.469,0.39517,-4.08499,-70.7396,668
1785878249256,ETH,B,Close Short,1872.4,0.3205,0.270046,-2.791555,-70.2706,668
1785878249256,ETH,B,Close Short,1872.4,14.3575,12.097342,-125.053825,-69.9501,668
1785878249256,ETH,B,Close Short,1872.5,0.1068,0.089992,-0.940908,-55.5926,668
1785878249256,ETH,B,Close Short,1872.5,4.0064,3.375892,-35.296384,-55.4858,668
1785878249256,ETH,B,Close Short,1872.5,16.0019,13.4836,-140.976739,-51.4794,668
1785878249256,ETH,B,Close Short,1872.5,0.469,0.395191,-4.13189,-35.4775,668
1785878249256,ETH,B,Close Short,1872.5,5.6641,4.772712,-49.900721,-35.0085,668
1785878249256,ETH,B,Close Short,1872.5,8.8004,7.415437,-77.531524,-29.3444,668
1785878249256,ETH,B,Close Short,1872.5,2.1,1.769512,-18.501,-20.544,668
1785878249256,ETH,B,Close Short,1872.5,1.8,1.516725,-15.858,-18.444,668
1785878249256,ETH,B,Close Short,1872.5,0.1057,0.089065,-0.931217,-16.644,668
1785878249256,ETH,B,Close Short,1872.5,1.2026,1.01334,-10.594906,-16.5383,668
1785878249256,ETH,B,Close Short,1872.5,5.6806,4.786615,-50.046086,-15.3357,668
1785878249256,ETH,B,Close Short,1872.5,5.0827,4.28281,-44.778587,-9.6551,668
1785878249256,ETH,B,Close Short,1872.5,2.25,1.895906,-19.8225,-4.5724,668
1785878249256,ETH,B,Close Short,1872.5,2.3224,1.956912,-20.460344,-2.3224,668
1785944059103,ETH,B,Open Long,1878.3,2.3247,1.964917,0.0,0.0,669
1785944059103,ETH,B,Open Long,1878.3,3.7852,3.199383,0.0,2.3247,669
1785944059103,ETH,B,Open Long,1878.3,1.5971,1.349924,0.0,6.1099,669
1785944059103,ETH,B,Open Long,1878.3,10.6479,8.999977,0.0,7.707,669
1785944059103,ETH,B,Open Long,1878.3,5.3239,4.499946,0.0,18.3549,669
1785944059103,ETH,B,Open Long,1878.3,2.9381,2.483384,0.0,23.6788,669
1785970808915,ETH,B,Open Long,1904.0,0.5149,0.147055,0.0,26.6169,670
1785970808915,ETH,B,Open Long,1904.0,3.7305,1.06543,0.0,27.1318,670
1785970808915,ETH,B,Open Long,1904.0,18.2362,5.208258,0.0,30.8623,670
1785970808915,ETH,B,Open Long,1904.0,50.0,14.279999,0.0,49.0985,670
1785970809325,ETH,B,Open Long,1904.0,0.149,0.042554,0.0,99.0985,670
1785970809831,ETH,B,Open Long,1904.0,1.1337,0.323784,0.0,99.2475,670
1785970817116,ETH,B,Open Long,1904.0,0.2074,0.059233,0.0,100.3812,670
1785970817817,ETH,B,Open Long,1904.0,0.0105,0.002998,0.0,100.5886,670
1785970817817,ETH,B,Open Long,1904.0,0.0146,0.004169,0.0,100.5991,670
1785970817817,ETH,B,Open Long,1904.0,0.0785,0.022419,0.0,100.6137,670
1785970817817,ETH,B,Open Long,1904.0,0.1055,0.03013,0.0,100.6922,670
1785970817817,ETH,B,Open Long,1904.0,29.7903,8.508109,0.0,100.7977,670
1785970818924,ETH,B,Open Long,1904.0,0.0161,0.004598,0.0,130.588,670
1785970819129,ETH,B,Open Long,1904.0,0.0156,0.004455,0.0,130.6041,670
1785970820223,ETH,B,Open Long,1904.0,0.0115,0.003284,0.0,130.6197,670
1785970820401,ETH,B,Open Long,1904.0,0.0459,0.013109,0.0,130.6312,670
1785970820804,ETH,B,Open Long,1904.0,2.5416,0.72588,0.0,130.6771,670
1785970820869,ETH,B,Open Long,1904.0,3.3888,0.967841,0.0,133.2187,670
1785970820869,ETH,B,Open Long,1904.0,6.7777,1.935711,0.0,136.6075,670
1785970820869,ETH,B,Open Long,1904.0,2.6509,0.757097,0.0,143.3852,670
1785970820869,ETH,B,Open Long,1904.0,0.0646,0.018449,0.0,146.0361,670
1785970820869,ETH,B,Open Long,1904.0,8.1325,2.322642,0.0,146.1007,670
1785970820869,ETH,B,Open Long,1904.0,3.6862,1.052778,0.0,154.2332,670
1785971233914,ETH,A,Close Long,1906.4,0.2745,0.235488,1.85013,157.9194,671
1785971233914,ETH,A,Close Long,1906.4,10.4909,8.999933,70.708666,157.6449,671
1785971233914,ETH,A,Close Long,1906.4,2.3605,2.025025,15.90977,147.154,671
1785971233914,ETH,A,Close Long,1906.4,2.777,2.382332,18.71698,144.7935,671
1785971233914,ETH,A,Close Long,1906.4,0.7123,0.611067,4.800902,142.0165,671
1785971233914,ETH,A,Close Long,1906.4,5.2454,4.499923,35.353996,141.3042,671
1785971233914,ETH,A,Close Long,1906.4,1.5736,1.349959,10.606064,136.0588,671
1785971233914,ETH,A,Close Long,1906.4,10.4909,8.999933,70.708666,134.4852,671
1785971233914,ETH,A,Close Long,1906.4,7.8682,6.749971,53.031668,123.9943,671
1785971233914,ETH,A,Close Long,1906.4,20.0,17.1576,134.8,116.1261,671
1785971233914,ETH,A,Close Long,1906.4,1.5736,1.349959,10.606064,96.1261,671
1785971233914,ETH,A,Close Long,1906.4,6.8254,5.855374,46.003196,94.5525,671
1785971233914,ETH,A,Close Long,1906.4,2.4438,2.096487,16.471212,87.7271,671
1785971233914,ETH,A,Close Long,1906.4,1.5889,1.363085,10.709186,85.2833,671
1785971233914,ETH,A,Close Long,1906.4,2.9086,2.495229,19.603964,83.6944,671
1785971233914,ETH,A,Close Long,1906.4,5.2455,4.500009,35.35467,80.7858,671
1785971233914,ETH,A,Close Long,1906.4,32.098,27.536232,216.34052,75.5403,671
1785971233914,ETH,A,Close Long,1906.4,0.006,0.005147,0.04044,43.4423,671
1785971233914,ETH,A,Close Long,1906.4,43.4363,37.263133,292.760662,43.4363,671
1786001161690,ETH,B,Open Long,1912.8,10.1053,8.698238,0.0,0.0,672
1786001161690,ETH,B,Open Long,1912.8,1.0979,0.945028,0.0,10.1053,672
1786001161690,ETH,B,Open Long,1912.8,7.8419,6.749993,0.0,11.2032,672
1786001161690,ETH,B,Open Long,1912.8,1.3946,1.200415,0.0,19.0451,672
1786001161690,ETH,B,Open Long,1912.8,2.4933,2.146132,0.0,20.4397,672
1786001161690,ETH,B,Open Long,1912.8,0.024,0.020658,0.0,22.933,672
1786001161690,ETH,B,Open Long,1912.8,2.5033,2.15474,0.0,22.957,672
1786001161690,ETH,B,Open Long,1912.8,6.1793,5.318894,0.0,25.4603,672
1786001161690,ETH,B,Open Long,1912.8,5.2266,4.498848,0.0,31.6396,672
1786001161690,ETH,B,Open Long,1912.8,2.8727,2.472705,0.0,36.8662,672
1786001161690,ETH,B,Open Long,1912.8,0.8667,0.74602,0.0,39.7389,672
1786001161690,ETH,B,Open Long,1912.8,7.8419,6.749993,0.0,40.6056,672
1786001161690,ETH,B,Open Long,1912.8,1.5683,1.349929,0.0,48.4475,672
1786001161690,ETH,B,Open Long,1912.8,28.8143,24.802196,0.0,50.0158,672
1786001161690,ETH,B,Open Long,1912.9,10.4677,9.010648,0.0,78.8301,672
1786001161690,ETH,B,Open Long,1912.9,0.4492,0.386673,0.0,89.2978,672
1786001161690,ETH,B,Open Long,1912.9,0.4188,0.360505,0.0,89.747,672
1786001161690,ETH,B,Open Long,1912.9,0.013,0.01119,0.0,90.1658,672
1786001161690,ETH,B,Open Long,1912.9,0.0681,0.05862,0.0,90.1788,672
1786001161690,ETH,B,Open Long,1912.9,2.1226,1.827144,0.0,90.2469,672
1786001161690,ETH,B,Open Long,1912.9,1.0455,0.899971,0.0,92.3695,672
1786001161690,ETH,B,Open Long,1912.9,6.3744,5.487115,0.0,93.415,672
1786001161690,ETH,B,Open Long,1912.9,2.6138,2.249972,0.0,99.7894,672
1786001161690,ETH,B,Open Long,1912.9,5.1465,4.430132,0.0,102.4032,672
1786001161690,ETH,B,Open Long,1912.9,15.683,13.500004,0.0,107.5497,672
1786001172678,ETH,B,Open Long,1912.9,0.0538,0.015437,0.0,123.2327,672
1786001172678,ETH,B,Open Long,1912.9,0.4181,0.119967,0.0,123.2865,672
1786001172678,ETH,B,Open Long,1912.9,0.4905,0.140741,0.0,123.7046,672
1786001172678,ETH,B,Open Long,1912.9,6.6471,1.907285,0.0,124.1951,672
1786001172678,ETH,B,Open Long,1912.9,0.4187,0.120139,0.0,130.8422,672
1786001172678,ETH,B,Open Long,1912.9,0.2456,0.070471,0.0,131.2609,672
1786001172678,ETH,B,Open Long,1912.9,0.5783,0.165934,0.0,131.5065,672
1786001172678,ETH,B,Open Long,1912.9,10.4553,2.999991,0.0,132.0848,672
1786001172678,ETH,B,Open Long,1912.9,0.4234,0.121488,0.0,142.5401,672
1786001172678,ETH,B,Open Long,1912.9,1.0458,0.300076,0.0,142.9635,672
1786001172678,ETH,B,Open Long,1912.9,0.5622,0.161314,0.0,144.0093,672
1786001172678,ETH,B,Open Long,1912.9,0.3266,0.093712,0.0,144.5715,672
1786001172678,ETH,B,Open Long,1912.9,1.2598,0.36148,0.0,144.8981,672
1786001172742,ETH,B,Open Long,1912.9,0.6382,0.183121,0.0,146.1579,672
1786001172742,ETH,B,Open Long,1912.9,3.393,0.97357,0.0,146.7961,672
1786001172742,ETH,B,Open Long,1912.9,4.5241,1.298122,0.0,150.1891,672
1786001172742,ETH,B,Open Long,1912.9,0.0079,0.002266,0.0,154.7132,672
1786001172742,ETH,B,Open Long,1912.9,1.0984,0.315169,0.0,154.7211,672
1786001172742,ETH,B,Open Long,1912.9,1.0104,0.289919,0.0,155.8195,672
1786022001835,ETH,A,Close Long,1894.9,5.2773,4.49998,-94.674762,156.8299,673
1786022001835,ETH,A,Close Long,1894.9,1.5831,1.349917,-28.400814,151.5526,673
1786022001835,ETH,A,Close Long,1894.9,10.5546,8.99996,-189.349524,149.9695,673
1786022001835,ETH,A,Close Long,1894.9,1.5831,1.349917,-28.400814,139.4149,673
1786022001835,ETH,A,Close Long,1894.9,5.2773,4.49998,-94.674762,137.8318,673
1786022001835,ETH,A,Close Long,1894.9,7.916,6.750012,-142.01304,132.5545,673
1786022001835,ETH,A,Close Long,1894.9,0.0263,0.022426,-0.471822,124.6385,673
1786022001835,ETH,A,Close Long,1894.9,13.6561,11.644624,-244.990434,124.6122,673
1786022001835,ETH,A,Close Long,1894.9,2.25,1.918586,-40.365,110.9561,673
1786022001835,ETH,A,Close Long,1894.9,2.25,1.918586,-40.365,108.7061,673
1786022001835,ETH,A,Close Long,1894.9,2.25,1.918586,-40.365,106.4561,673
1786022001835,ETH,A,Close Long,1894.9,2.3745,2.024748,-42.59853,104.2061,673
1786022001835,ETH,A,Close Long,1894.9,2.25,1.918586,-40.365,101.8316,673
1786022001835,ETH,A,Close Long,1894.9,2.25,1.918586,-40.365,99.5816,673
1786022001835,ETH,A,Close Long,1894.9,2.25,1.918586,-40.365,97.3316,673
1786022001835,ETH,A,Close Long,1894.9,2.25,1.918586,-40.365,95.0816,673
1786022001835,ETH,A,Close Long,1894.9,2.25,1.918586,-40.365,92.8316,673
1786022001835,ETH,A,Close Long,1894.9,9.0977,7.757654,-163.212738,90.5816,673
1786022001835,ETH,A,Close Long,1894.9,13.9618,11.905296,-250.474692,81.4839,673
1786022001835,ETH,A,Close Long,1894.9,7.916,6.750012,-142.01304,67.5221,673
1786022001835,ETH,A,Close Long,1894.9,5.2842,4.505863,-94.798548,59.6061,673
1786022001835,ETH,A,Close Long,1894.9,6.2352,5.316786,-111.859488,54.3219,673
1786022001835,ETH,A,Close Long,1894.9,14.7391,12.568104,-264.419454,48.0867,673
1786022001835,ETH,A,Close Long,1894.9,2.1,1.79068,-37.674,33.3476,673
1786022001835,ETH,A,Close Long,1894.9,1.5831,1.349917,-28.400814,31.2476,673
1786022001835,ETH,A,Close Long,1894.9,2.3746,2.024833,-42.600324,29.6645,673
1786022001835,ETH,A,Close Long,1894.9,2.3746,2.024833,-42.600324,27.2899,673
1786022001835,ETH,A,Close Long,1894.9,2.3746,2.024833,-42.600324,24.9153,673
1786022001835,ETH,A,Close Long,1894.9,2.3746,2.024833,-42.600324,22.5407,673
1786022001835,ETH,A,Close Long,1894.9,2.3746,2.024833,-42.600324,20.1661,673
1786022001835,ETH,A,Close Long,1894.9,2.3746,2.024833,-42.600324,17.7915,673
1786022001835,ETH,A,Close Long,1894.9,5.2796,4.501941,-94.716024,15.4169,673
1786022001835,ETH,A,Close Long,1894.9,0.7471,0.637055,-13.402974,10.1373,673
1786022001835,ETH,A,Close Long,1894.9,7.033,5.997074,-126.17202,9.3902,673
1786022001835,ETH,A,Close Long,1894.9,2.3572,2.009996,-42.288168,2.3572,673
1786029879042,ETH,A,Open Short,1916.0,20.5565,5.907938,0.0,0.0,674
1786029879250,ETH,A,Open Short,1916.0,0.0299,0.008593,0.0,-20.5565,674
1786029880057,ETH,A,Open Short,1916.0,0.8313,0.238915,0.0,-20.5864,674
1786029888158,ETH,A,Open Short,1916.0,0.0056,0.001609,0.0,-21.4177,674
1786029892090,ETH,A,Open Short,1916.0,56.8648,16.342943,0.0,-21.4233,674
1786092172595,ETH,B,Close Short,1910.4,0.4016,0.345247,2.24896,-78.2881,675
1786092172595,ETH,B,Close Short,1910.5,50.6706,43.562781,278.6883,-77.8865,675
1786092172595,ETH,B,Close Short,1910.5,27.2159,23.398189,149.68745,-27.2159,675
1786205400942,ETH,B,Open Long,1922.9,25.8768,22.391324,0.0,0.0,676
1786205400942,ETH,B,Open Long,1922.9,29.5507,25.570368,0.0,25.8768,676
1786205400942,ETH,B,Open Long,1922.9,4.7275,4.090729,0.0,55.4275,676
1786205400942,ETH,B,Open Long,1922.9,10.4009,8.99995,0.0,60.155,676
1786205400942,ETH,B,Open Long,1922.9,2.3401,2.0249,0.0,70.5559,676
1786205400942,ETH,B,Open Long,1922.9,0.0067,0.005797,0.0,72.896,676
1786205400942,ETH,B,Open Long,1922.9,8.2639,7.150793,0.0,72.9027,676
1786205400942,ETH,B,Open Long,1922.9,34.8721,30.175002,0.0,81.1666,676
1786205400942,ETH,B,Open Long,1922.9,30.2312,26.159208,0.0,116.0387,676
1786205400942,ETH,B,Open Long,1922.9,9.7566,8.442434,0.0,146.2699,676
1786227215885,ETH,A,Close Long,1918.8,0.026,0.022449,-0.1066,156.0265,677
1786227215885,ETH,A,Close Long,1918.8,0.1309,0.113026,-0.53669,156.0005,677
1786227215885,ETH,A,Close Long,1918.8,1.0424,0.90007,-4.27384,155.8696,677
1786227215885,ETH,A,Close Long,1918.8,0.0209,0.018046,-0.08569,154.8272,677
1786227215885,ETH,A,Close Long,1918.8,30.1098,25.998607,-123.45018,154.8063,677
1786227215885,ETH,A,Close Long,1918.8,2.6267,2.26805,-10.76947,124.6965,677
1786227215885,ETH,A,Close Long,1918.8,1.3438,1.160317,-5.50958,122.0698,677
1786227215885,ETH,A,Close Long,1918.8,4.3939,3.793956,-18.01499,120.726,677
1786227215885,ETH,A,Close Long,1918.8,5.2097,4.498367,-21.35977,116.3321,677
1786227215885,ETH,A,Close Long,1918.8,2.25,1.942785,-9.225,111.1224,677
1786227215885,ETH,A,Close Long,1918.8,2.25,1.942785,-9.225,108.8724,677
1786227215885,ETH,A,Close Long,1918.8,2.25,1.942785,-9.225,106.6224,677
1786227215885,ETH,A,Close Long,1918.8,2.25,1.942785,-9.225,104.3724,677
1786227215885,ETH,A,Close Long,1918.8,2.25,1.942785,-9.225,102.1224,677
1786227215885,ETH,A,Close Long,1918.8,2.25,1.942785,-9.225,99.8724,677
1786227215885,ETH,A,Close Long,1918.8,2.25,1.942785,-9.225,97.6224,677
1786227215885,ETH,A,Close Long,1918.8,1.6225,1.400963,-6.65225,95.3724,677
1786227215885,ETH,A,Close Long,1918.8,2.25,1.942785,-9.225,93.7499,677
1786227215885,ETH,A,Close Long,1918.8,28.6599,24.746677,-117.50559,91.4999,677
1786227215885,ETH,A,Close Long,1918.8,2.254,1.946238,-9.21886,62.84,677
1786227215885,ETH,A,Close Long,1918.7,0.01,0.008634,-0.0419,60.586,677
1786227215885,ETH,A,Close Long,1918.7,2.6059,2.249973,-10.918721,60.576,677
1786227215885,ETH,A,Close Long,1918.7,1.4,1.208781,-5.866,57.9701,677
1786227215885,ETH,A,Close Long,1918.7,2.5,2.158537,-10.475,56.5701,677
1786227215885,ETH,A,Close Long,1918.7,0.1223,0.105595,-0.512437,54.0701,677
1786227215885,ETH,A,Close Long,1918.7,0.3128,0.270076,-1.310632,53.9478,677
1786227215885,ETH,A,Close Long,1918.7,1.0,0.863415,-4.19,53.635,677
1786227215885,ETH,A,Close Long,1918.6,0.04,0.034534,-0.1716,52.635,677
1786227215885,ETH,A,Close Long,1918.6,13.768,11.886878,-59.06472,52.595,677
1786227215885,ETH,A,Close Long,1918.6,3.9048,3.371287,-16.751592,38.827,677
1786227215885,ETH,A,Close Long,1918.6,2.606,2.249942,-11.17974,34.9222,677
1786227215885,ETH,A,Close Long,1918.6,2.1,1.813077,-9.009,32.3162,677
1786227215885,ETH,A,Close Long,1918.6,1.8,1.554066,-7.722,30.2162,677
1786227215885,ETH,A,Close Long,1918.6,0.501,0.432548,-2.14929,28.4162,677
1786227215885,ETH,A,Close Long,1918.6,0.6777,0.585105,-2.907333,27.9152,677
1786227215885,ETH,A,Close Long,1918.6,0.4394,0.379364,-1.885026,27.2375,677
1786227215885,ETH,A,Close Long,1918.6,0.2679,0.231296,-1.149291,26.7981,677
1786227215885,ETH,A,Close Long,1918.6,26.5302,22.905378,-113.814558,26.5302,677
1786240460519,ETH,A,Open Short,1914.8,1.5,1.29249,0.0,0.0,678
1786240460519,ETH,A,Open Short,1914.8,2.146,1.849122,0.0,-1.5,678
1786240460519,ETH,A,Open Short,1914.8,4.719,4.066173,0.0,-3.646,678
1786240460519,ETH,A,Open Short,1914.8,3.714,3.200205,0.0,-8.365,678
1786240460519,ETH,A,Open Short,1914.8,35.7121,30.771688,0.0,-12.079,678
1786240460519,ETH,A,Open Short,1914.8,3.8385,3.307481,0.0,-47.7911,678
1786240460519,ETH,A,Open Short,1914.8,26.7075,23.012784,0.0,-51.6296,678
1786251977994,ETH,A,Open Short,1912.7,3.2602,2.806103,0.0,-78.3371,679
1786251977994,ETH,A,Open Short,1912.7,3.7892,3.261421,0.0,-81.5973,679
1786251977994,ETH,A,Open Short,1912.7,3.7904,3.262454,0.0,-85.3865,679
1786251977994,ETH,A,Open Short,1912.7,10.3968,8.948681,0.0,-89.1769,679
1786251977994,ETH,A,Open Short,1912.7,10.4564,8.99998,0.0,-99.5737,679
1786251977994,ETH,A,Open Short,1912.7,5.2282,4.49999,0.0,-110.0301,679
1786251977994,ETH,A,Open Short,1912.7,1.5684,1.349945,0.0,-115.2583,679
1786251977994,ETH,A,Open Short,1912.7,10.4564,8.99998,0.0,-116.8267,679
1786251977994,ETH,A,Open Short,1912.7,5.2282,4.49999,0.0,-127.2831,679
1786251977994,ETH,A,Open Short,1912.7,1.5684,1.349945,0.0,-132.5113,679
1786251977994,ETH,A,Open Short,1912.7,6.2011,5.337379,0.0,-134.0797,679
1786251977994,ETH,A,Open Short,1912.7,6.1486,5.292192,0.0,-140.2808,679
1786251977994,ETH,A,Open Short,1912.7,4.0962,3.52566,0.0,-146.4294,679
1786251977994,ETH,A,Open Short,1912.7,1.6385,1.410281,0.0,-150.5256,679
1786251977994,ETH,A,Open Short,1912.7,1.6385,1.410281,0.0,-152.1641,679
1786251977994,ETH,A,Open Short,1912.7,0.8192,0.705097,0.0,-153.8026,679
1786251977994,ETH,A,Open Short,1912.7,0.8192,0.705097,0.0,-154.6218,679
1786251977994,ETH,A,Open Short,1912.7,0.8192,0.705097,0.0,-155.441,679
1786251977994,ETH,A,Open Short,1912.7,0.4959,0.426828,0.0,-156.2602,679
1786256122828,ETH,B,Close Short,1914.9,6.9007,5.946367,-8.004812,-156.7561,680
1786256122828,ETH,B,Close Short,1914.9,0.3578,0.308318,-0.415048,-149.8554,680
1786256122828,ETH,B,Close Short,1914.9,0.2611,0.224991,-0.302876,-149.4976,680
1786256122828,ETH,B,Close Short,1914.9,0.4177,0.359934,-0.484532,-149.2365,680
1786256122828,ETH,B,Close Short,1914.9,0.2611,0.224991,-0.302876,-148.8188,680
1786256122828,ETH,B,Close Short,1914.9,2.0919,1.8026,-2.426604,-148.5577,680
1786256122828,ETH,B,Close Short,1914.9,0.0329,0.02835,-0.038164,-146.4658,680
1786256122828,ETH,B,Close Short,1914.9,7.8326,6.74939,-9.085816,-146.4329,680
1786256122828,ETH,B,Close Short,1914.9,4.1778,3.600031,-4.846248,-138.6003,680
1786256122828,ETH,B,Close Short,1915.0,0.0261,0.022491,-0.032886,-134.4225,680
1786256122828,ETH,B,Close Short,1915.0,10.4529,9.007786,-13.170654,-134.3964,680
1786256122828,ETH,B,Close Short,1915.0,10.4529,9.007786,-13.170654,-123.9435,680
1786256122828,ETH,B,Close Short,1915.0,0.423,0.36452,-0.53298,-113.4906,680
1786256122828,ETH,B,Close Short,1915.0,20.0,17.235,-25.2,-113.0676,680
1786256122828,ETH,B,Close Short,1915.0,37.6966,32.485045,-47.497716,-93.0676,680
1786256122828,ETH,B,Close Short,1915.0,15.6952,13.525338,-19.775952,-55.371,680
1786256122828,ETH,B,Close Short,1915.0,0.3134,0.270072,-0.394884,-39.6758,680
1786256122828,ETH,B,Close Short,1915.0,4.3484,3.747233,-5.478984,-39.3624,680
1786256122828,ETH,B,Close Short,1915.1,2.0,1.72359,-2.72,-35.014,680
1786256122828,ETH,B,Close Short,1915.1,5.2789,4.549329,-7.179304,-33.014,680
1786256122828,ETH,B,Close Short,1915.1,0.2248,0.193731,-0.305728,-27.7351,680
1786256122828,ETH,B,Close Short,1915.1,27.5103,23.708238,-37.414008,-27.5103,680
1786262599454,ETH,A,Open Short,1921.0,6.5694,1.892972,0.0,0.0,681
1786262599454,ETH,A,Open Short,1921.0,4.8779,1.405566,0.0,-6.5694,681
1786262599454,ETH,A,Open Short,1921.0,7.0698,2.037162,0.0,-11.4473,681
1786262599521,ETH,A,Open Short,1921.0,0.0212,0.006108,0.0,-18.5171,681
1786262603500,ETH,A,Open Short,1921.0,0.0002,0.000057,0.0,-18.5383,681
1786262606002,ETH,A,Open Short,1921.0,0.0061,0.001757,0.0,-18.5385,681
1786262620043,ETH,A,Open Short,1921.0,0.0061,0.001757,0.0,-18.5446,681
1786262623615,ETH,A,Open Short,1921.0,0.2188,0.063047,0.0,-18.5507,681
1786262627353,ETH,A,Open Short,1921.0,0.0556,0.016021,0.0,-18.7695,681
1786262627461,ETH,A,Open Short,1921.0,0.0521,0.015012,0.0,-18.8251,681
1786262629065,ETH,A,Open Short,1921.0,5.7856,1.66712,0.0,-18.8772,681
1786262629873,ETH,A,Open Short,1921.0,0.5269,0.151826,0.0,-24.6628,681
1786262631621,ETH,A,Open Short,1921.0,0.0318,0.009163,0.0,-25.1897,681
1786262636053,ETH,A,Open Short,1921.0,0.0061,0.001757,0.0,-25.2215,681
1786262645949,ETH,A,Open Short,1921.0,0.0058,0.001671,0.0,-25.2276,681
1786262650046,ETH,A,Open Short,1921.0,0.0061,0.001757,0.0,-25.2334,681
1786262652664,ETH,A,Open Short,1921.0,0.2084,0.06005,0.0,-25.2395,681
1786262652664,ETH,A,Open Short,1921.0,25.3184,7.295496,0.0,-25.4479,681
1786262652664,ETH,A,Open Short,1921.0,6.7515,1.945444,0.0,-50.7663,681
1786262652664,ETH,A,Open Short,1921.0,25.3184,7.295496,0.0,-57.5178,681
1786262652664,ETH,A,Open Short,1921.0,3.3756,0.972679,0.0,-82.8362,681
1786262652664,ETH,A,Open Short,1921.0,4.5008,1.296905,0.0,-86.2118,681
1786262652664,ETH,A,Open Short,1921.0,4.5008,1.296905,0.0,-90.7126,681
1786262652664,ETH,A,Open Short,1921.0,6.7515,1.945444,0.0,-95.2134,681
1786262652664,ETH,A,Open Short,1921.0,2.1475,0.618802,0.0,-101.9649,681
1786263100854,ETH,B,Close Short,1922.4,6.1351,5.307352,-8.58914,-104.1124,682
1786263100854,ETH,B,Close Short,1922.4,2.4276,2.100068,-3.39864,-97.9773,682
1786263100854,ETH,B,Close Short,1922.4,0.0062,0.005363,-0.00868,-95.5497,682
1786263100854,ETH,B,Close Short,1922.4,1.2154,1.051418,-1.70156,-95.5435,682
1786263100854,ETH,B,Close Short,1922.4,2.25,1.94643,-3.15,-94.3281,682
1786263100854,ETH,B,Close Short,1922.4,2.25,1.94643,-3.15,-92.0781,682
1786263100854,ETH,B,Close Short,1922.4,2.25,1.94643,-3.15,-89.8281,682
1786263100854,ETH,B,Close Short,1922.4,2.25,1.94643,-3.15,-87.5781,682
1786263100854,ETH,B,Close Short,1922.4,7.8027,6.749959,-10.92378,-85.3281,682
1786263100854,ETH,B,Close Short,1922.4,20.0,17.3016,-28.0,-77.5254,682
1786263100854,ETH,B,Close Short,1922.4,5.202,4.500146,-7.33482,-57.5254,682
1786263100854,ETH,B,Close Short,1922.4,8.4302,7.292797,-11.886582,-52.3234,682
1786263100854,ETH,B,Close Short,1922.4,2.0807,1.799971,-2.933787,-43.8932,682
1786263100854,ETH,B,Close Short,1922.4,10.4121,9.007299,-14.681061,-41.8125,682
1786263100854,ETH,B,Close Short,1922.4,7.8323,6.775566,-11.043543,-31.4004,682
1786263100854,ETH,B,Close Short,1922.4,1.8717,1.61917,-2.639097,-23.5681,682
1786263100854,ETH,B,Close Short,1922.4,3.8234,3.307546,-5.390994,-21.6964,682
1786263100854,ETH,B,Close Short,1922.5,10.4117,9.007421,-15.721667,-17.873,682
1786263100854,ETH,B,Close Short,1922.5,6.3478,5.49164,-9.585178,-7.4613,682
1786263100854,ETH,B,Close Short,1922.5,0.03,0.025953,-0.0453,-1.1135,682
1786263100854,ETH,B,Close Short,1922.5,0.019,0.016437,-0.02869,-1.0835,682
1786263100854,ETH,B,Close Short,1922.5,0.0062,0.005363,-0.009362,-1.0645,682
1786263100854,ETH,B,Close Short,1922.5,0.1923,0.166363,-0.290373,-1.0583,682
1786263100854,ETH,B,Close Short,1922.5,0.866,0.749198,-1.30766,-0.866,682
1786279383491,ETH,A,Open Short,1917.0,3.2082,2.767553,0.0,0.0,683
1786279383491,ETH,A,Open Short,1917.0,11.9562,10.314015,0.0,-3.2082,683
1786279383491,ETH,A,Open Short,1917.0,0.026,0.022428,0.0,-15.1644,683
1786279383491,ETH,A,Open Short,1917.0,6.6792,5.761811,0.0,-15.1904,683
1786279383491,ETH,A,Open Short,1917.0,2.3991,2.069583,0.0,-21.8696,683
1786279383491,ETH,A,Open Short,1917.0,7.8247,6.749977,0.0,-24.2687,683
1786279383491,ETH,A,Open Short,1917.0,1.8548,1.600043,0.0,-32.0934,683
1786279383491,ETH,A,Open Short,1917.0,2.6204,2.260488,0.0,-33.9482,683
1786279383491,ETH,A,Open Short,1917.0,7.6785,6.623858,0.0,-36.5686,683
1786279383491,ETH,A,Open Short,1917.0,0.2608,0.224979,0.0,-44.2471,683
1786279383491,ETH,A,Open Short,1917.0,1.0955,0.945033,0.0,-44.5079,683
1786279383491,ETH,A,Open Short,1917.0,22.207,19.156868,0.0,-45.6034,683
1786279383491,ETH,A,Open Short,1917.0,21.8032,18.80853,0.0,-67.8104,683
1786279383491,ETH,A,Open Short,1917.0,5.2158,4.499409,0.0,-89.6136,683
1786279383491,ETH,A,Open Short,1917.0,5.2158,4.499409,0.0,-94.8294,683
1786279383491,ETH,A,Open Short,1917.0,0.0062,0.005348,0.0,-100.0452,683
1786279383491,ETH,A,Open Short,1917.0,0.008,0.006901,0.0,-100.0514,683
1786279383491,ETH,A,Open Short,1916.9,0.2679,0.231091,0.0,-100.0594,683
1786279383491,ETH,A,Open Short,1916.9,4.0023,3.452403,0.0,-100.3273,683
1786281361935,ETH,A,Open Short,1920.0,0.1628,0.046886,0.0,-104.3296,684
1786281361988,ETH,A,Open Short,1920.0,1.1697,0.336873,0.0,-104.4924,684
1786281361988,ETH,A,Open Short,1920.0,1.17,0.336959,0.0,-105.6621,684
1786281364848,ETH,A,Open Short,1920.0,0.1185,0.034128,0.0,-106.8321,684
1786281365526,ETH,A,Open Short,1920.0,0.0237,0.006825,0.0,-106.9506,684
1786281366534,ETH,A,Open Short,1920.0,49.4386,14.238316,0.0,-106.9743,684
1786284419213,ETH,B,Close Short,1924.5,2.9543,2.558497,-19.232493,-156.4129,685
1786284419213,ETH,B,Close Short,1924.5,6.6024,5.717843,-42.981624,-153.4586,685
1786284419213,ETH,B,Close Short,1924.5,15.8932,13.763908,-103.464732,-146.8562,685
1786284419213,ETH,B,Close Short,1924.5,7.7952,6.750838,-50.746752,-130.963,685
1786284419213,ETH,B,Close Short,1924.5,12.2066,10.57122,-79.464966,-123.1678,685
1786284419213,ETH,B,Close Short,1924.5,24.8155,21.490843,-161.548905,-110.9612,685
1786284419213,ETH,B,Close Short,1924.5,24.8155,21.490843,-161.548905,-86.1457,685
1786284419213,ETH,B,Close Short,1924.5,0.2346,0.203169,-1.527246,-61.3302,685
1786284419213,ETH,B,Close Short,1924.5,3.553,3.076986,-23.13003,-61.0956,685
1786284419213,ETH,B,Close Short,1924.5,1.1549,1.000172,-7.518399,-57.5426,685
1786284419213,ETH,B,Close Short,1924.5,2.0331,1.760715,-13.235481,-56.3877,685
1786284419213,ETH,B,Close Short,1924.5,10.3923,8.999991,-67.653873,-54.3546,685
1786284419213,ETH,B,Close Short,1924.5,2.0331,1.760715,-13.235481,-43.9623,685
1786284419213,ETH,B,Close Short,1924.5,2.502,2.166794,-16.28802,-41.9292,685
1786284419213,ETH,B,Close Short,1924.5,2.1,1.818652,-13.671,-39.4272,685
1786284419213,ETH,B,Close Short,1924.5,1.8,1.558845,-11.718,-37.3272,685
1786284419213,ETH,B,Close Short,1924.5,1.4,1.212435,-9.114,-35.5272,685
1786284419213,ETH,B,Close Short,1924.5,2.5,2.165062,-16.275,-34.1272,685
1786284419213,ETH,B,Close Short,1924.5,0.0052,0.004503,-0.033852,-31.6272,685
1786284419213,ETH,B,Close Short,1924.5,2.0,1.73205,-13.02,-31.622,685
1786284419213,ETH,B,Close Short,1924.5,10.3923,8.999991,-67.653873,-29.622,685
1786284419213,ETH,B,Close Short,1924.5,15.5885,13.50003,-101.481135,-19.2297,685
1786284419213,ETH,B,Close Short,1924.5,0.2598,0.224993,-1.691298,-3.6412,685
1786284419213,ETH,B,Close Short,1924.5,3.3814,2.928376,-22.012914,-3.3814,685
1786285801161,xyz:TSLA,B,Close Short,330.46,2.422,0.072033,214.85562,-11.928,686
1786285801161,xyz:TSLA,B,Close Short,330.46,0.877,0.026083,77.79867,-9.506,686
1786285801161,xyz:TSLA,B,Close Short,330.47,4.006,0.119147,355.3322,-8.629,686
1786285801161,xyz:TSLA,B,Close Short,330.49,0.127,0.003777,11.26236,-4.623,686
1786285801161,xyz:TSLA,B,Close Short,330.5,0.454,0.013504,40.25618,-4.496,686
1786285801161,xyz:TSLA,B,Close Short,330.5,4.042,0.120229,358.40414,-4.042,686
1786360310902,ETH,B,Open Long,1915.0,2.3564,0.5415,0.0,0.0,687
1786360311503,ETH,B,Open Long,1915.0,2.593,0.595871,0.0,2.3564,687
1786360312100,ETH,B,Open Long,1915.0,0.1,0.02298,0.0,4.9494,687
1786360313387,ETH,B,Open Long,1915.0,0.0294,0.006756,0.0,5.0494,687
1786360313387,ETH,B,Open Long,1915.0,0.0299,0.006871,0.0,5.0788,687
1786360313387,ETH,B,Open Long,1915.0,1.6489,0.378917,0.0,5.1087,687
1786360313387,ETH,B,Open Long,1915.0,14.625,3.360825,0.0,6.7576,687
1786360316205,ETH,B,Open Long,1915.0,41.955,9.641259,0.0,21.3826,687
1786360316338,ETH,B,Open Long,1915.0,8.0729,1.855152,0.0,63.3376,687
1786360316673,ETH,B,Open Long,1915.0,2.0,0.4596,0.0,71.4105,687
1786360316673,ETH,B,Open Long,1915.0,2.0064,0.46107,0.0,73.4105,687
1786360317953,ETH,B,Open Long,1915.0,29.0217,6.669186,0.0,75.4169,687
1786369608431,ETH,A,Close Long,1899.7,9.822,7.463541,-150.2766,104.4386,688
1786369608431,ETH,A,Close Long,1899.6,5.0,3.7992,-77.0,94.6166,688
1786369608431,ETH,A,Close Long,1899.6,0.04,0.030393,-0.616,89.6166,688
1786369608431,ETH,A,Close Long,1899.6,10.1552,7.716327,-156.39008,89.5766,688
1786369608431,ETH,A,Close Long,1899.6,1.5833,1.203054,-24.38282,79.4214,688
1786369608431,ETH,A,Close Long,1899.6,5.5451,4.213388,-85.39454,77.8381,688
1786369608431,ETH,A,Close Long,1899.6,0.0115,0.008738,-0.1771,72.293,688
1786369608431,ETH,A,Close Long,1899.6,3.3278,2.528595,-51.24812,72.2815,688
1786369608431,ETH,A,Close Long,1899.5,0.0131,0.009953,-0.20305,68.9537,688
1786369608431,ETH,A,Close Long,1899.5,0.0394,0.029936,-0.6107,68.9406,688
1786369608431,ETH,A,Close Long,1899.5,0.2679,0.20355,-4.15245,68.9012,688
1786369608431,ETH,A,Close Long,1899.5,30.0963,22.867168,-466.49265,68.6333,688
1786369608431,ETH,A,Close Long,1899.5,0.3159,0.24002,-4.89645,38.537,688
1786369608431,ETH,A,Close Long,1899.5,0.03,0.022794,-0.465,38.2211,688
1786369608431,ETH,A,Close Long,1899.5,2.2672,1.722618,-35.1416,38.1911,688
1786369608431,ETH,A,Close Long,1899.5,35.9239,27.294979,-556.82045,35.9239,688
1786435681815,ETH,B,Open Long,1876.7,1.5,1.12602,0.0,0.0,689
1786435681815,ETH,B,Open Long,1876.7,1.0561,0.792793,0.0,1.5,689
1786435681815,ETH,B,Open Long,1876.7,2.25,1.68903,0.0,2.5561,689
1786435681815,ETH,B,Open Long,1876.7,2.25,1.68903,0.0,4.8061,689
1786435681815,ETH,B,Open Long,1876.7,2.25,1.68903,0.0,7.0561,689
1786435681815,ETH,B,Open Long,1876.7,2.25,1.68903,0.0,9.3061,689
1786435681815,ETH,B,Open Long,1876.7,2.25,1.68903,0.0,11.5561,689
1786435681815,ETH,B,Open Long,1876.7,2.25,1.68903,0.0,13.8061,689
1786435681815,ETH,B,Open Long,1876.7,2.3978,1.79998,0.0,16.0561,689
1786435681815,ETH,B,Open Long,1876.7,2.25,1.68903,0.0,18.4539,689
1786435681815,ETH,B,Open Long,1876.7,2.6642,1.999961,0.0,20.7039,689
1786435681815,ETH,B,Open Long,1876.7,7.9942,6.001086,0.0,23.3681,689
1786435681815,ETH,B,Open Long,1876.7,21.9113,16.448374,0.0,31.3623,689
1786435692059,ETH,B,Open Long,1876.7,5.4537,4.093983,0.0,53.2736,690
1786435692059,ETH,B,Open Long,1876.7,2.25,1.68903,0.0,58.7273,690
1786435692059,ETH,B,Open Long,1876.7,2.25,1.68903,0.0,60.9773,690
1786435692059,ETH,B,Open Long,1876.7,2.25,1.68903,0.0,63.2273,690
1786435692059,ETH,B,Open Long,1876.7,10.657,7.999996,0.0,65.4773,690
1786435692059,ETH,B,Open Long,1876.7,2.3978,1.79998,0.0,76.1343,690
1786435692059,ETH,B,Open Long,1876.7,5.3285,3.999998,0.0,78.5321,690
1786435692059,ETH,B,Open Long,1876.7,1.9397,1.456093,0.0,83.8606,690
1786435692059,ETH,B,Open Long,1876.7,2.25,1.68903,0.0,85.8003,690
1786435692059,ETH,B,Open Long,1876.7,4.9132,3.68824,0.0,88.0503,690
1786435692059,ETH,B,Open Long,1876.7,0.5337,0.400637,0.0,92.9635,690
1786435692059,ETH,B,Open Long,1876.7,10.4349,7.83327,0.0,93.4972,690
1786452697129,ETH,A,Close Long,1887.0,13.8986,10.490663,143.15558,103.9321,691
1786452697129,ETH,A,Close Long,1887.0,8.5127,6.425385,87.68081,90.0335,691
1786452697129,ETH,A,Close Long,1887.0,2.4534,1.851826,25.27002,81.5208,691
1786452697129,ETH,A,Close Long,1887.0,0.9639,0.727551,9.92817,79.0674,691
1786452697129,ETH,A,Close Long,1887.0,5.2248,3.943679,53.81544,78.1035,691
1786452697129,ETH,A,Close Long,1887.0,1.9674,1.484993,20.26422,72.8787,691
1786452697129,ETH,A,Close Long,1887.0,7.728,5.833094,79.5984,70.9113,691
1786452697129,ETH,A,Close Long,1887.0,2.6497,1.999993,27.29191,63.1833,691
1786452697129,ETH,A,Close Long,1887.0,0.269,0.203041,2.7707,60.5336,691
1786452697129,ETH,A,Close Long,1887.0,0.0318,0.024002,0.32754,60.2646,691
1786452697129,ETH,A,Close Long,1887.0,1.1129,0.840016,11.46287,60.2328,691
1786452697129,ETH,A,Close Long,1887.0,21.2155,16.013459,218.51965,59.1199,691
1786452697129,ETH,A,Close Long,1887.0,0.0397,0.029965,0.40891,37.9044,691
1786452697129,ETH,A,Close Long,1887.0,5.2995,4.000062,54.58485,37.8647,691
1786452697129,ETH,A,Close Long,1887.0,6.2535,4.720141,64.41105,32.5652,691
1786452697129,ETH,A,Close Long,1887.0,6.3,4.75524,64.89,26.3117,691
1786452697129,ETH,A,Close Long,1887.0,0.3955,0.298523,4.07365,20.0117,691
1786452697129,ETH,A,Close Long,1887.0,2.0,1.5096,20.6,19.6162,691
1786452697129,ETH,A,Close Long,1887.0,1.5898,1.199981,16.37494,17.6162,691
1786452697129,ETH,A,Close Long,1887.0,1.1935,0.900853,12.29305,16.0264,691
1786452697129,ETH,A,Close Long,1887.0,14.8329,11.195872,152.77887,14.8329,691
1786522065078,ETH,B,Open Long,1894.3,1.4497,1.098466,0.0,0.0,692
1786522065078,ETH,B,Open Long,1894.3,1.849,1.401024,0.0,1.4497,692
1786522065078,ETH,B,Open Long,1894.3,0.649,0.49176,0.0,3.2987,692
1786522065078,ETH,B,Open Long,1894.3,5.2756,3.997427,0.0,3.9477,692
1786522065078,ETH,B,Open Long,1894.3,1.5836,1.199925,0.0,9.2233,692
1786522065078,ETH,B,Open Long,1894.3,52.7899,39.999963,0.0,10.8069,692
1786522065078,ETH,B,Open Long,1894.3,9.8265,7.445735,0.0,63.5968,692
1786522065078,ETH,B,Open Long,1894.3,2.25,1.70487,0.0,73.4233,692
1786522065078,ETH,B,Open Long,1894.3,2.25,1.70487,0.0,75.6733,692
1786522065078,ETH,B,Open Long,1894.3,2.25,1.70487,0.0,77.9233,692
1786522065078,ETH,B,Open Long,1894.3,2.25,1.70487,0.0,80.1733,692
1786522065078,ETH,B,Open Long,1894.3,2.3756,1.800039,0.0,82.4233,692
1786522065078,ETH,B,Open Long,1894.3,2.25,1.70487,0.0,84.7989,692
1786522065078,ETH,B,Open Long,1894.3,0.8808,0.667399,0.0,87.0489,692
1786522065078,ETH,B,Open Long,1894.3,8.4889,6.432209,0.0,87.9297,692
1786522065078,ETH,B,Open Long,1894.3,8.5,6.44062,0.0,96.4186,692
1786522065078,ETH,B,Open Long,1894.3,6.3038,4.776515,0.0,104.9186,692
1786522065078,ETH,B,Open Long,1894.3,2.3809,1.804055,0.0,111.2224,692
1786522065078,ETH,B,Open Long,1894.3,2.25,1.70487,0.0,113.6033,692
1786522065078,ETH,B,Open Long,1894.3,2.25,1.70487,0.0,115.8533,692
1786522065078,ETH,B,Open Long,1894.3,2.25,1.70487,0.0,118.1033,692
1786522065078,ETH,B,Open Long,1894.3,10.5387,7.985383,0.0,120.3533,692
1786522065078,ETH,B,Open Long,1894.3,4.3661,3.308281,0.0,130.892,692
1786522065078,ETH,B,Open Long,1894.3,8.2451,6.247477,0.0,135.2581,692
1786522065078,ETH,B,Open Long,1894.3,14.7914,11.207739,0.0,143.5032,692
1786553338029,ETH,B,Open Long,1890.0,4.5643,1.035183,0.0,158.2946,693
1786553339035,ETH,B,Open Long,1890.0,0.0149,0.003379,0.0,162.8589,693
1786553341283,ETH,B,Open Long,1890.0,0.0866,0.01964,0.0,162.8738,693
1786553341888,ETH,B,Open Long,1890.0,4.9983,1.133614,0.0,162.9604,693
1786553343028,ETH,B,Open Long,1890.0,0.0066,0.001496,0.0,167.9587,693
1786553368063,ETH,B,Open Long,1890.0,7.5643,1.715583,0.0,167.9653,693
1786553369002,ETH,B,Open Long,1890.0,0.0081,0.001837,0.0,175.5296,693
1786553373018,ETH,B,Open Long,1890.0,0.0066,0.001496,0.0,175.5377,693
1786553381157,ETH,B,Open Long,1890.0,0.1667,0.037807,0.0,175.5443,693
1786553387688,ETH,B,Open Long,1890.0,0.0053,0.001202,0.0,175.711,693
1786553397085,ETH,B,Open Long,1890.0,0.139,0.031525,0.0,175.7163,693
1786553398013,ETH,B,Open Long,1890.0,7.5643,1.715583,0.0,175.8553,693
1786553399024,ETH,B,Open Long,1890.0,0.0148,0.003356,0.0,183.4196,693
1786553400853,ETH,B,Open Long,1890.0,19.264,4.369075,0.0,183.4344,693
1786553400992,ETH,B,Open Long,1890.0,1.0587,0.240113,0.0,202.6984,693
1786553400992,ETH,B,Open Long,1890.0,0.2759,0.062574,0.0,203.7571,693
1786553400992,ETH,B,Open Long,1890.0,1.0866,0.24644,0.0,204.033,693
1786553400992,ETH,B,Open Long,1890.0,6.085,1.380078,0.0,205.1196,693
1786987067938,ETH,A,Close Long,1906.0,0.4195,0.319826,5.36121,211.2046,694
1786987067938,ETH,A,Close Long,1906.0,1.4503,1.105708,18.534834,210.7851,694
1786987067938,ETH,A,Close Long,1905.9,3.5696,2.72132,45.262528,209.3348,694
1786987067938,ETH,A,Close Long,1905.9,2.25,1.71531,28.53,205.7652,694
1786987067938,ETH,A,Close Long,1905.9,2.25,1.71531,28.53,203.5152,694
1786987067938,ETH,A,Close Long,1905.9,2.25,1.71531,28.53,201.2652,694
1786987067938,ETH,A,Close Long,1905.9,2.25,1.71531,28.53,199.0152,694
1786987067938,ETH,A,Close Long,1905.9,2.153,1.641361,27.30004,196.7652,694
1786987067938,ETH,A,Close Long,1905.9,2.25,1.71531,28.53,194.6122,694
1786987067938,ETH,A,Close Long,1905.9,1.3087,0.9977,16.594316,192.3622,694
1786987067938,ETH,A,Close Long,1905.9,2.5654,1.955758,32.529272,191.0535,694
1786987067938,ETH,A,Close Long,1905.9,1.4507,1.105955,18.394876,188.4881,694
1786987067938,ETH,A,Close Long,1905.9,2.5654,1.955758,32.529272,187.0374,694
1786987067938,ETH,A,Close Long,1905.9,1.4507,1.105955,18.394876,184.472,694
1786987067938,ETH,A,Close Long,1905.9,0.8389,0.639543,10.637252,183.0213,694
1786987067938,ETH,A,Close Long,1905.9,1.2693,0.967663,16.094724,182.1824,694
1786987067938,ETH,A,Close Long,1905.9,1.2693,0.967663,16.094724,180.9131,694
1786987067938,ETH,A,Close Long,1905.9,1.2693,0.967663,16.094724,179.6438,694
1786987067938,ETH,A,Close Long,1905.9,1.4503,1.10565,18.389804,178.3745,694
1786987067938,ETH,A,Close Long,1905.9,1.2667,0.965681,16.061756,176.9242,694
1786987067938,ETH,A,Close Long,1905.9,1.2667,0.965681,16.061756,175.6575,694
1786987067938,ETH,A,Close Long,1905.9,1.2667,0.965681,16.061756,174.3908,694
1786987067938,ETH,A,Close Long,1905.8,12.4755,9.510323,156.94179,173.1241,694
1786987067938,ETH,A,Close Long,1905.8,3.5698,2.721329,44.908084,160.6486,694
1786987067938,ETH,A,Close Long,1905.8,3.5698,2.721329,44.908084,157.0788,694
1786987067938,ETH,A,Close Long,1905.8,3.5698,2.721329,44.908084,153.509,694
1786987067938,ETH,A,Close Long,1905.8,2.25,1.71522,28.305,149.9392,694
1786987067938,ETH,A,Close Long,1905.8,2.25,1.71522,28.305,147.6892,694
1786987067938,ETH,A,Close Long,1905.8,2.5654,1.955655,32.272732,145.4392,694
1786987067938,ETH,A,Close Long,1905.8,1.4508,1.105973,18.251064,142.8738,694
1786987067938,ETH,A,Close Long,1905.8,2.5654,1.955655,32.272732,141.423,694
1786987067938,ETH,A,Close Long,1905.8,2.5654,1.955655,32.272732,138.8576,694
1786987067938,ETH,A,Close Long,1905.8,1.4508,1.105973,18.251064,136.2922,694
1786987067938,ETH,A,Close Long,1905.8,2.5654,1.955655,32.272732,134.8414,694
1786987067938,ETH,A,Close Long,1905.8,1.4508,1.105973,18.251064,132.276,694
1786987067938,ETH,A,Close Long,1905.8,14.2051,10.828831,178.700158,130.8252,694
1786987067938,ETH,A,Close Long,1905.8,0.8389,0.63951,10.553362,116.6201,694
1786987067938,ETH,A,Close Long,1905.8,1.2693,0.967612,15.967794,115.7812,694
1786987067938,ETH,A,Close Long,1905.8,1.8,1.372176,22.644,114.5119,694
1786987067938,ETH,A,Close Long,1905.8,2.1,1.600872,26.418,112.7119,694
1786987067938,ETH,A,Close Long,1905.8,2.5,1.9058,31.45,110.6119,694
1786987067938,ETH,A,Close Long,1905.8,1.4,1.067248,17.612,108.1119,694
1786987067938,ETH,A,Close Long,1905.8,1.4504,1.105668,18.246032,106.7119,694
1786987067938,ETH,A,Close Long,1905.8,2.5333,1.931185,31.868914,105.2615,694
1786987067938,ETH,A,Close Long,1905.7,12.4755,9.509824,155.69424,102.7282,694
1786987067938,ETH,A,Close Long,1905.7,3.57,2.721339,44.5536,90.2527,694
1786987067938,ETH,A,Close Long,1905.7,3.57,2.721339,44.5536,86.6827,694
1786987067938,ETH,A,Close Long,1905.7,3.57,2.721339,44.5536,83.1127,694
1786987067938,ETH,A,Close Long,1905.7,2.25,1.71513,28.08,79.5427,694
1786987067938,ETH,A,Close Long,1905.7,2.25,1.71513,28.08,77.2927,694
1786987067938,ETH,A,Close Long,1905.7,2.25,1.71513,28.08,75.0427,694
1786987067938,ETH,A,Close Long,1905.7,2.25,1.71513,28.08,72.7927,694
1786987067938,ETH,A,Close Long,1905.7,2.25,1.71513,28.08,70.5427,694
1786987067938,ETH,A,Close Long,1905.7,2.5654,1.955553,32.016192,68.2927,694
1786987067938,ETH,A,Close Long,1905.7,0.0053,0.00404,0.066144,65.7273,694
1786987067938,ETH,A,Close Long,1905.7,1.4509,1.105992,18.107232,65.722,694
1786987067938,ETH,A,Close Long,1905.7,2.5654,1.955553,32.016192,64.2711,694
1786987067938,ETH,A,Close Long,1905.7,0.0053,0.00404,0.066144,61.7057,694
1786987067938,ETH,A,Close Long,1905.7,2.5654,1.955553,32.016192,61.7004,694
1786987067938,ETH,A,Close Long,1905.7,1.4509,1.105992,18.107232,59.135,694
1786987067938,ETH,A,Close Long,1905.7,2.5654,1.955553,32.016192,57.6841,694
1786987067938,ETH,A,Close Long,1905.7,0.0053,0.00404,0.066144,55.1187,694
1786987067938,ETH,A,Close Long,1905.7,1.4509,1.105992,18.107232,55.1134,694
1786987067938,ETH,A,Close Long,1905.7,0.534,0.407057,6.66432,53.6625,694
1786987067938,ETH,A,Close Long,1905.7,0.0053,0.00404,0.066144,53.1285,694
1786987067938,ETH,A,Close Long,1905.7,2.0974,1.598806,26.175552,53.1232,694
1786987067938,ETH,A,Close Long,1905.7,1.2693,0.967562,15.840864,51.0258,694
1786987067938,ETH,A,Close Long,1905.7,1.4505,1.105687,18.10224,49.7565,694
1786987067938,ETH,A,Close Long,1905.7,2.5333,1.931083,31.615584,48.306,694
1786987067938,ETH,A,Close Long,1905.6,3.5702,2.721349,44.199076,45.7727,694
1786987067938,ETH,A,Close Long,1905.6,3.5702,2.721349,44.199076,42.2025,694
1786987067938,ETH,A,Close Long,1905.6,3.5702,2.721349,44.199076,38.6323,694
1786987067938,ETH,A,Close Long,1905.6,2.25,1.71504,27.855,35.0621,694
1786987067938,ETH,A,Close Long,1905.6,2.25,1.71504,27.855,32.8121,694
1786987067938,ETH,A,Close Long,1905.6,2.25,1.71504,27.855,30.5621,694
1786987067938,ETH,A,Close Long,1905.6,2.25,1.71504,27.855,28.3121,694
1786987067938,ETH,A,Close Long,1905.6,2.25,1.71504,27.855,26.0621,694
1786987067938,ETH,A,Close Long,1905.6,2.5654,1.95545,31.759652,23.8121,694
1786987067938,ETH,A,Close Long,1905.6,1.4509,1.105934,17.962142,21.2467,694
1786987067938,ETH,A,Close Long,1905.6,2.5654,1.95545,31.759652,19.7958,694
1786987067938,ETH,A,Close Long,1905.6,2.5654,1.95545,31.759652,17.2304,694
1786987067938,ETH,A,Close Long,1905.6,1.4509,1.105934,17.962142,14.665,694
1786987067938,ETH,A,Close Long,1905.6,2.5654,1.95545,31.759652,13.2141,694
1786987067938,ETH,A,Close Long,1905.6,1.4509,1.105934,17.962142,10.6487,694
1786987067938,ETH,A,Close Long,1905.6,0.534,0.407036,6.61092,9.1978,694
1786987067938,ETH,A,Close Long,1905.6,2.5386,1.935022,31.427868,8.6638,694
1786987067938,ETH,A,Close Long,1905.6,1.4506,1.105705,17.958428,6.1252,694
1786987067938,ETH,A,Close Long,1905.6,4.6746,3.563167,57.871548,4.6746,694
1787128744557,ETH,A,Open Short,1928.0,45.5205,10.531622,0.0,0.0,695
1787128744557,ETH,A,Open Short,1928.0,0.0084,0.001943,0.0,-45.5205,695
1787128744557,ETH,A,Open Short,1928.0,0.0083,0.00192,0.0,-45.5289,695
1787128744557,ETH,A,Open Short,1928.0,7.5,1.7352,0.0,-45.5372,695
1787128744557,ETH,A,Open Short,1928.0,2.4282,0.561788,0.0,-53.0372,695
1787128744557,ETH,A,Open Short,1928.0,0.0597,0.013812,0.0,-55.4654,695
1787128744757,ETH,A,Open Short,1928.0,22.2757,5.153705,0.0,-55.5251,695
1787147881317,ETH,B,Close Short,1932.2,0.4546,0.351351,-1.90932,-77.8008,696
1787147881317,ETH,B,Close Short,1932.2,9.7753,7.555133,-41.05626,-77.3462,696
1787147881317,ETH,B,Close Short,1932.2,14.1576,10.942125,-59.46192,-67.5709,696
1787147881317,ETH,B,Close Short,1932.2,1.6053,1.240704,-6.74226,-53.4133,696
1787147881317,ETH,B,Close Short,1932.2,7.1237,5.505765,-29.91954,-51.808,696
1787147881317,ETH,B,Close Short,1932.2,15.5266,12.000198,-65.21172,-44.6843,696
1787147881317,ETH,B,Close Short,1932.2,0.4814,0.372064,-2.02188,-29.1577,696
1787147881317,ETH,B,Close Short,1932.2,2.0,1.54576,-8.4,-28.6763,696
1787147881317,ETH,B,Close Short,1932.2,7.5819,5.859898,-31.84398,-26.6763,696
1787147881317,ETH,B,Close Short,1932.3,18.4622,14.269803,-79.38746,-19.0944,696
1787147881317,ETH,B,Close Short,1932.3,0.6322,0.48864,-2.71846,-0.6322,696
1787148125285,ETH,B,Open Long,1933.2,0.0517,0.039978,0.0,0.0,697
1787148125285,ETH,B,Open Long,1933.2,0.0739,0.057145,0.0,0.0517,697
1787148125285,ETH,B,Open Long,1933.2,0.0569,0.043999,0.0,0.1256,697
1787148125285,ETH,B,Open Long,1933.2,0.0739,0.057145,0.0,0.1825,697
1787148125285,ETH,B,Open Long,1933.2,0.0739,0.057145,0.0,0.2564,697
1787148125285,ETH,B,Open Long,1933.2,0.0739,0.057145,0.0,0.3303,697
1787148125285,ETH,B,Open Long,1933.2,20.7095,16.014242,0.0,0.4042,697
1787148125285,ETH,B,Open Long,1933.2,17.2367,13.328795,0.0,21.1137,697
1787148125285,ETH,B,Open Long,1933.2,1.5923,1.231293,0.0,38.3504,697
1787148125285,ETH,B,Open Long,1933.2,3.399,2.628378,0.0,39.9427,697
1787148125285,ETH,B,Open Long,1933.2,0.7858,0.607643,0.0,43.3417,697
1787148125285,ETH,B,Open Long,1933.2,20.929,16.183977,0.0,44.1275,697
1787148125285,ETH,B,Open Long,1933.2,0.2587,0.200047,0.0,65.0565,697
1787148125285,ETH,B,Open Long,1933.2,17.0625,13.19409,0.0,65.3152,697
1787148125285,ETH,B,Open Long,1933.2,10.3455,7.999968,0.0,82.3777,697
1787148125285,ETH,B,Open Long,1933.2,10.3455,7.999968,0.0,92.7232,697
1787148125285,ETH,B,Open Long,1933.2,10.3455,7.999968,0.0,103.0687,697
1787148125285,ETH,B,Open Long,1933.2,1.0,0.77328,0.0,113.4142,697
1787148125285,ETH,B,Open Long,1933.2,0.06,0.046396,0.0,114.4142,697
1787148125285,ETH,B,Open Long,1933.2,3.1036,2.399951,0.0,114.4742,697
1787148125285,ETH,B,Open Long,1933.2,10.3455,7.999968,0.0,117.5778,697
1787148125285,ETH,B,Open Long,1933.2,15.5183,11.999991,0.0,127.9233,697
1787148125285,ETH,B,Open Long,1933.2,15.5183,11.999991,0.0,143.4416,697
1787148125285,ETH,B,Open Long,1933.2,2.0,1.54656,0.0,158.9599,697
1787148125285,ETH,B,Open Long,1933.2,2.25,1.73988,0.0,160.9599,697
1787148125285,ETH,B,Open Long,1933.2,3.7775,2.921065,0.0,163.2099,697
1787148125285,ETH,B,Open Long,1933.2,14.6865,11.356776,0.0,166.9874,697
1787148125285,ETH,B,Open Long,1933.2,17.9641,13.891279,0.0,181.6739,697
1787148125285,ETH,B,Open Long,1933.2,7.3392,5.675256,0.0,199.638,697
1788137546598,ETH,A,Close Long,2430.3,1.5,1.640452,745.65,206.9772,698
1788137546598,ETH,A,Close Long,2430.3,2.0565,2.24906,1022.28615,205.4772,698
1788137546598,ETH,A,Close Long,2430.3,13.7102,14.993954,6815.34042,203.4207,698
1788137546598,ETH,A,Close Long,2430.3,0.75,0.820226,372.825,189.7105,698
1788137546598,ETH,A,Close Long,2430.3,6.8551,7.496977,3407.67021,188.9605,698
1788137546598,ETH,A,Close Long,2430.3,0.75,0.820226,372.825,182.1054,698
1788137546598,ETH,A,Close Long,2430.3,2.0565,2.24906,1022.28615,181.3554,698
1788137546598,ETH,A,Close Long,2430.3,13.7102,14.993954,6815.34042,179.2989,698
1788137546598,ETH,A,Close Long,2430.3,1.5842,1.732536,787.50582,165.5887,698
1788137546598,ETH,A,Close Long,2430.3,1.5835,1.731771,787.15785,164.0045,698
1788137546598,ETH,A,Close Long,2430.3,1.5837,1.731989,787.25727,162.421,698
1788137546598,ETH,A,Close Long,2430.3,1.5819,1.730021,786.36249,160.8373,698
1788137546598,ETH,A,Close Long,2430.3,28.8036,31.500625,14318.26956,159.2554,698
1788137546598,ETH,A,Close Long,2430.3,10.9706,11.997832,5453.48526,130.4518,698
1788137546598,ETH,A,Close Long,2430.3,2.8614,3.129327,1422.40194,119.4812,698
1788137546598,ETH,A,Close Long,2430.3,12.7827,13.979608,6354.28017,116.6198,698
1788137546598,ETH,A,Close Long,2430.3,0.7773,0.850082,386.39583,103.8371,698
1788137546598,ETH,A,Close Long,2430.3,1.5089,1.650185,750.07419,103.0598,698
1788137546598,ETH,A,Close Long,2430.3,9.0752,9.924956,4511.28192,101.5509,698
1788137546598,ETH,A,Close Long,2430.3,4.1153,4.500636,2045.71563,92.4757,698
1788137546598,ETH,A,Close Long,2430.2,10.9711,11.997885,5452.6367,88.3604,698
1788137546598,ETH,A,Close Long,2430.2,0.9756,1.066906,484.8732,77.3893,698
1788137546598,ETH,A,Close Long,2430.2,2.4704,2.701604,1227.7888,76.4137,698
1788137546598,ETH,A,Close Long,2430.1,0.0747,0.081687,37.11843,73.9433,698
1788137546598,ETH,A,Close Long,2430.1,2.5,2.733862,1242.25,73.8686,698
1788137546598,ETH,A,Close Long,2430.1,1.4,1.530963,695.66,71.3686,698
1788137546598,ETH,A,Close Long,2430.1,1.34,1.46535,665.846,69.9686,698
1788137546598,ETH,A,Close Long,2430.1,2.0723,2.266153,1029.72587,68.6286,698
1788137546598,ETH,A,Close Long,2430.1,7.9699,8.715444,3960.24331,66.5563,698
1788137546598,ETH,A,Close Long,2430.1,8.0079,8.756999,3979.12551,58.5864,698
1788137546598,ETH,A,Close Long,2430.1,0.9261,1.012732,460.17909,50.5785,698
1788137546598,ETH,A,Close Long,2430.1,16.4618,18.001719,8179.86842,49.6524,698
1788137546598,ETH,A,Close Long,2430.1,0.0053,0.005795,2.63357,33.1906,698
1788137546598,ETH,A,Close Long,2430.0,25.0685,27.412404,12454.0308,33.1853,698
1788137546598,ETH,A,Close Long,2430.0,0.0409,0.044724,20.31912,8.1168,698
1788137546598,ETH,A,Close Long,2430.0,3.3821,3.698326,1680.22728,8.0759,698
1788137546598,ETH,A,Close Long,2430.0,4.6938,5.13267,2331.87984,4.6938,698
1788312367324,ETH,B,Open Long,2412.6,13.734,14.910591,0.0,0.0,699
1788312367324,ETH,B,Open Long,2412.6,13.8116,14.994839,0.0,13.734,699
1788312367324,ETH,B,Open Long,2412.6,1.5028,1.631544,0.0,27.5456,699
1788312367324,ETH,B,Open Long,2412.6,12.1364,13.176125,0.0,29.0484,699
1788312367324,ETH,B,Open Long,2412.6,4.1463,4.501513,0.0,41.1848,699
1788312367324,ETH,B,Open Long,2412.6,10.0466,10.907292,0.0,45.3311,699
1788312367324,ETH,B,Open Long,2412.6,4.1434,4.498365,0.0,55.3777,699
1788312367324,ETH,B,Open Long,2412.6,4.1427,4.497605,0.0,59.5211,699
1788312367324,ETH,B,Open Long,2412.6,8.2898,8.999987,0.0,63.6638,699
1788312367324,ETH,B,Open Long,2412.6,0.2486,0.269897,0.0,71.9536,699
1788312367324,ETH,B,Open Long,2412.6,10.6993,11.615909,0.0,72.2022,699
1788348280776,ETH,A,Close Long,2370.9,2.108,2.249035,-87.9036,82.9015,700
1788348280776,ETH,A,Close Long,2370.9,1.5,1.600357,-62.55,80.7935,700
1788348280776,ETH,A,Close Long,2370.9,14.0537,14.993962,-586.03929,79.2935,700
1788348280776,ETH,A,Close Long,2370.9,7.0268,7.496928,-293.01756,65.2398,700
1788348280776,ETH,A,Close Long,2370.9,14.0537,14.993962,-586.03929,58.213,700
1788348280776,ETH,A,Close Long,2370.9,2.108,2.249035,-87.9036,44.1593,700
1788348280776,ETH,A,Close Long,2370.9,0.2214,0.236212,-9.23238,42.0513,700
1788348280776,ETH,A,Close Long,2370.9,0.8404,0.896626,-35.04468,41.8299,700
1788348280776,ETH,A,Close Long,2370.9,1.4963,1.596409,-62.39571,40.9895,700
1788348280776,ETH,A,Close Long,2370.9,7.2433,7.727912,-302.04561,39.4932,700
1788348280776,ETH,A,Close Long,2370.9,1.1819,1.260975,-49.28523,32.2499,700
1788348280776,ETH,A,Close Long,2370.9,5.0692,5.408354,-211.38564,31.068,700
1788348280776,ETH,A,Close Long,2370.9,8.4356,8.999983,-351.76452,25.9988,700
1788348280776,ETH,A,Close Long,2370.9,17.5631,18.738159,-732.38127,17.5632,700
1788348311323,ETH,A,Close Long,2371.4,0.0001,0.000106,-0.00412,0.0001,701
1788357456261,ETH,B,Open Long,2400.1,1.5,1.620067,0.0,0.0,702
1788357456261,ETH,B,Open Long,2400.1,1.4007,1.512819,0.0,1.5,702
1788357456261,ETH,B,Open Long,2400.1,6.9413,7.496916,0.0,2.9007,702
1788357456261,ETH,B,Open Long,2400.1,1.5641,1.689298,0.0,9.842,702
1788357456261,ETH,B,Open Long,2400.1,1.558,1.68271,0.0,11.4061,702
1788357456261,ETH,B,Open Long,2400.1,1.5959,1.723643,0.0,12.9641,702
1788357456261,ETH,B,Open Long,2400.1,0.75,0.810033,0.0,14.56,702
1788357456261,ETH,B,Open Long,2400.1,2.0824,2.249085,0.0,15.31,702
1788357456261,ETH,B,Open Long,2400.1,13.8827,14.99394,0.0,17.3924,702
1788357456261,ETH,B,Open Long,2400.1,6.9413,7.496916,0.0,31.2751,702
1788357456261,ETH,B,Open Long,2400.1,1.5962,1.723967,0.0,38.2164,702
1788357456261,ETH,B,Open Long,2400.1,1.1082,1.196905,0.0,39.8126,702
1788357456261,ETH,B,Open Long,2400.1,2.1923,2.367782,0.0,40.9208,702
1788357456261,ETH,B,Open Long,2400.1,9.0141,9.735633,0.0,43.1131,702
1788357456261,ETH,B,Open Long,2400.1,4.1626,4.495795,0.0,52.1272,702
1788357456261,ETH,B,Open Long,2400.1,4.1584,4.491259,0.0,56.2898,702
1788357456261,ETH,B,Open Long,2400.1,0.0312,0.033697,0.0,60.4482,702
1788357456261,ETH,B,Open Long,2400.1,0.3744,0.404368,0.0,60.4794,702
1788357456261,ETH,B,Open Long,2400.2,8.3326,8.999957,0.0,60.8538,702
1788357456261,ETH,B,Open Long,2400.2,2.8392,3.066591,0.0,69.1864,702
1788357456261,ETH,B,Open Long,2400.3,0.6617,0.714725,0.0,72.0256,702
1788357456261,ETH,B,Open Long,2400.3,8.009,8.650801,0.0,72.6873,702
1788357456261,ETH,B,Open Long,2400.3,2.6196,2.829521,0.0,80.6963,702
1788367653132,ETH,A,Close Long,2389.7,13.8158,14.857027,-144.236952,83.3159,703
1788367653132,ETH,A,Close Long,2389.7,13.944,14.994889,-145.57536,69.5001,703
1788367653132,ETH,A,Close Long,2389.7,1.6659,1.79145,-17.391996,55.5561,703
1788367653132,ETH,A,Close Long,2389.7,0.0084,0.009033,-0.087696,53.8902,703
1788367653132,ETH,A,Close Long,2389.7,0.8369,0.899972,-8.737236,53.8818,703
1788367653132,ETH,A,Close Long,2389.7,4.0422,4.34684,-42.200568,53.0449,703
1788367653132,ETH,A,Close Long,2389.7,7.418,7.977057,-77.44392,49.0027,703
1788367653132,ETH,A,Close Long,2389.7,1.5695,1.687785,-16.38558,41.5847,703
1788367653132,ETH,A,Close Long,2389.7,2.5609,2.753902,-26.735796,40.0152,703
1788367653132,ETH,A,Close Long,2389.7,2.0965,2.254502,-21.88746,37.4543,703
1788367653132,ETH,A,Close Long,2389.7,0.0707,0.076028,-0.738108,35.3578,703
1788367653132,ETH,A,Close Long,2389.7,2.0,2.15073,-20.88,35.2871,703
1788367653132,ETH,A,Close Long,2389.7,0.942,1.012993,-9.83448,33.2871,703
1788367653132,ETH,A,Close Long,2389.7,0.0935,0.100546,-0.97614,32.3451,703
1788367653132,ETH,A,Close Long,2389.7,1.4,1.505511,-14.616,32.2516,703
1788367653132,ETH,A,Close Long,2389.7,2.1,2.258266,-21.924,30.8516,703
1788367653132,ETH,A,Close Long,2389.7,2.5,2.688412,-26.1,28.7516,703
1788367653132,ETH,A,Close Long,2389.7,8.3693,9.000052,-87.375492,26.2516,703
1788367653132,ETH,A,Close Long,2389.7,17.8823,19.229999,-186.691212,17.8823,703
1788409758412,ETH,B,Open Long,2398.4,13.8728,14.972635,0.0,0.0,705
1788409758412,ETH,B,Open Long,2398.4,6.9462,7.496894,0.0,13.8728,705
1788409758412,ETH,B,Open Long,2398.4,6.9462,7.496894,0.0,20.819,705
1788409758412,ETH,B,Open Long,2398.4,13.8925,14.993897,0.0,27.7652,705
1788409758412,ETH,B,Open Long,2398.4,0.0388,0.041876,0.0,41.6577,705
1788413007849,ETH,B,Open Long,2382.0,26.7971,9.574603,0.0,41.6965,704
1788413007917,ETH,B,Open Long,2382.0,0.04,0.014291,0.0,68.4936,704
1788413008185,ETH,B,Open Long,2382.0,0.0083,0.002965,0.0,68.5336,704
1788413008384,ETH,B,Open Long,2382.0,0.0083,0.002965,0.0,68.5419,704
1788413009657,ETH,B,Open Long,2382.0,0.367,0.131129,0.0,68.5502,704
1788413010320,ETH,B,Open Long,2382.0,0.005,0.001786,0.0,68.9172,704
1788413010863,ETH,B,Open Long,2382.0,0.0726,0.025939,0.0,68.9222,704
1788413012876,ETH,B,Open Long,2382.0,0.0083,0.002965,0.0,68.9948,704
1788413013060,ETH,B,Open Long,2382.0,0.0083,0.002965,0.0,69.0031,704
1788413013206,ETH,B,Open Long,2382.0,0.2048,0.073175,0.0,69.0114,704
1788413013680,ETH,B,Open Long,2382.0,56.4433,20.167191,0.0,69.2162,704
1788526094238,ETH,A,Close Long,2444.6,6.815,7.496977,389.5454,125.6595,706
1788526094238,ETH,A,Close Long,2444.6,1.5334,1.686847,87.649144,118.8445,706
1788526094238,ETH,A,Close Long,2444.6,1.5506,1.705768,88.632296,117.3111,706
1788526094238,ETH,A,Close Long,2444.6,1.53,1.683107,87.4548,115.7605,706
1788526094238,ETH,A,Close Long,2444.6,1.5042,1.654725,85.980072,114.2305,706
1788526094238,ETH,A,Close Long,2444.6,0.2147,0.236185,12.272252,112.7263,706
1788526094238,ETH,A,Close Long,2444.6,6.35,6.985444,362.966,112.5116,706
1788526094238,ETH,A,Close Long,2444.6,6.35,6.985444,362.966,106.1616,706
1788526094238,ETH,A,Close Long,2444.5,7.3026,8.033042,416.686356,99.8116,706
1788526094238,ETH,A,Close Long,2444.5,7.5,8.250187,427.95,92.509,706
1788526094238,ETH,A,Close Long,2444.5,0.75,0.825018,42.795,85.009,706
1788526094238,ETH,A,Close Long,2444.5,7.5,8.250187,427.95,84.259,706
1788526094238,ETH,A,Close Long,2444.5,1.5334,1.686778,87.495804,76.759,706
1788526094238,ETH,A,Close Long,2444.5,1.5043,1.654767,85.835358,75.2256,706
1788526094238,ETH,A,Close Long,2444.5,1.5301,1.683148,87.307506,73.7213,706
1788526094238,ETH,A,Close Long,2444.5,1.5507,1.705808,88.482942,72.1912,706
1788526094238,ETH,A,Close Long,2444.5,7.5,8.250187,427.95,70.6405,706
1788526094238,ETH,A,Close Long,2444.5,7.5,8.250187,427.95,63.1405,706
1788526094238,ETH,A,Close Long,2444.5,1.5,1.650037,85.59,55.6405,706
1788526094238,ETH,A,Close Long,2444.5,4.5,4.950112,256.77,54.1405,706
1788526094238,ETH,A,Close Long,2444.5,1.5334,1.686778,87.495804,49.6405,706
1788526094238,ETH,A,Close Long,2444.5,1.5301,1.683148,87.307506,48.1071,706
1788526094238,ETH,A,Close Long,2444.5,1.5043,1.654767,85.835358,46.577,706
1788526094238,ETH,A,Close Long,2444.5,1.5507,1.705808,88.482942,45.0727,706
1788526094238,ETH,A,Close Long,2444.5,1.5334,1.686778,87.495804,43.522,706
1788526094238,ETH,A,Close Long,2444.5,1.5301,1.683148,87.307506,41.9886,706
1788526094238,ETH,A,Close Long,2444.5,1.5043,1.654767,85.835358,40.4585,706
1788526094238,ETH,A,Close Long,2444.5,1.5507,1.705808,88.482942,38.9542,706
1788526094238,ETH,A,Close Long,2444.5,16.3632,17.999929,933.684192,37.4035,706
1788526094238,ETH,A,Close Long,2444.5,16.3632,17.999929,933.684192,21.0403,706
1788526094238,ETH,A,Close Long,2444.5,4.6771,5.144926,266.875326,4.6771,706
1788735437837,ETH,B,Open Long,2510.4,0.3416,0.385898,0.0,0.0,707
1788735437837,ETH,B,Open Long,2510.4,0.3416,0.385898,0.0,0.3416,707
1788735437837,ETH,B,Open Long,2510.4,0.3416,0.385898,0.0,0.6832,707
1788735437837,ETH,B,Open Long,2510.4,0.3416,0.385898,0.0,1.0248,707
1788735437837,ETH,B,Open Long,2510.4,2.925,3.304314,0.0,1.3664,707
1788735437837,ETH,B,Open Long,2510.4,2.925,3.304314,0.0,4.2914,707
1788735437837,ETH,B,Open Long,2510.4,1.4903,1.683562,0.0,7.2164,707
1788735437837,ETH,B,Open Long,2510.4,2.9715,3.356844,0.0,8.7067,707
1788735437837,ETH,B,Open Long,2510.4,2.2928,2.59013,0.0,11.6782,707
1788735437837,ETH,B,Open Long,2510.4,2.2928,2.59013,0.0,13.971,707
1788735437837,ETH,B,Open Long,2510.4,2.2928,2.59013,0.0,16.2638,707
1788735437837,ETH,B,Open Long,2510.4,7.5,8.4726,0.0,18.5566,707
1788735437837,ETH,B,Open Long,2510.4,7.5,8.4726,0.0,26.0566,707
1788735437837,ETH,B,Open Long,2510.4,6.2762,7.090097,0.0,33.5566,707
1788738401990,ETH,B,Open Long,2525.0,0.6381,0.725041,0.0,39.8328,708
1788738401990,ETH,B,Open Long,2525.0,5.9502,6.760914,0.0,40.4709,708
1788738401990,ETH,B,Open Long,2525.0,7.4514,8.466653,0.0,46.4211,708
1788738401990,ETH,B,Open Long,2525.0,27.7228,31.500031,0.0,53.8725,708
1788738401990,ETH,B,Open Long,2525.0,6.598,7.496977,0.0,81.5953,708
1788738401990,ETH,B,Open Long,2525.0,1.9794,2.249093,0.0,88.1933,708
1788738401990,ETH,B,Open Long,2525.0,6.4214,7.296315,0.0,90.1727,708
1788738401990,ETH,B,Open Long,2525.0,10.5427,11.979142,0.0,96.5941,708
1788738401990,ETH,B,Open Long,2525.0,0.2376,0.269973,0.0,107.1368,708
1788738401990,ETH,B,Open Long,2525.0,0.0127,0.01443,0.0,107.3744,708
1788738401990,ETH,B,Open Long,2525.0,1.2864,1.461672,0.0,107.3871,708
1788738401990,ETH,B,Open Long,2525.0,3.7745,4.288775,0.0,108.6735,708
1788738401990,ETH,B,Open Long,2525.1,11.8882,13.508502,0.0,112.448,708
1788738401990,ETH,B,Open Long,2525.1,0.0409,0.046474,0.0,124.3362,708
1788738401990,ETH,B,Open Long,2525.2,2.25,2.556765,0.0,124.3771,708
1788738401990,ETH,B,Open Long,2525.2,0.6289,0.714644,0.0,126.6271,708
1788738401990,ETH,B,Open Long,2525.2,1.4477,1.645079,0.0,127.256,708
1788738401990,ETH,B,Open Long,2525.2,1.9416,2.206317,0.0,128.7037,708
1788738401990,ETH,B,Open Long,2525.2,0.8911,1.012592,0.0,130.6453,708
1788738401990,ETH,B,Open Long,2525.3,4.5898,5.215779,0.0,131.5364,708
1788738401990,ETH,B,Open Long,2525.3,15.8409,18.001361,0.0,136.1262,708
1788738401990,ETH,B,Open Long,2525.3,2.0472,2.326407,0.0,151.9671,708
1788738401990,ETH,B,Open Long,2525.3,4.9491,5.624083,0.0,154.0143,708
1788738401990,ETH,B,Open Long,2525.3,0.8739,0.993086,0.0,158.9634,708
1788738401990,ETH,B,Open Long,2525.3,5.3954,6.131251,0.0,159.8373,708
1788738401990,ETH,B,Open Long,2525.4,0.0791,0.089891,0.0,165.2327,708
1788738401990,ETH,B,Open Long,2525.4,32.9431,37.437527,0.0,165.3118,708
1788739329458,ETH,A,Close Long,2512.0,1.0888,1.230779,-11.094872,198.2549,709
1788739329458,ETH,A,Close Long,2512.0,4.2412,4.794252,-43.217828,197.1661,709
1788739329458,ETH,A,Close Long,2512.0,2.1677,2.450368,-22.088863,192.9249,709
1788739329458,ETH,A,Close Long,2512.0,4.6227,5.2255,-47.105313,190.7572,709
1788739329458,ETH,A,Close Long,2512.0,0.0186,0.021025,-0.189534,186.1345,709
1788739329458,ETH,A,Close Long,2512.0,15.9235,17.999924,-162.260465,186.1159,709
1788739329458,ETH,A,Close Long,2512.0,10.3609,11.711961,-105.577571,170.1924,709
1788739329458,ETH,A,Close Long,2512.0,13.321,15.058058,-135.74099,159.8315,709
1788739329458,ETH,A,Close Long,2512.0,3.9781,4.496844,-40.536839,146.5105,709
1788739329458,ETH,A,Close Long,2512.0,3.9781,4.496844,-40.536839,142.5324,709
1788739329458,ETH,A,Close Long,2512.0,0.8957,1.012499,-9.127183,138.5543,709
1788739329458,ETH,A,Close Long,2511.9,0.0409,0.046231,-0.420861,137.6586,709
1788739329458,ETH,A,Close Long,2511.9,15.9253,18.001242,-163.871337,137.6177,709
1788739329458,ETH,A,Close Long,2511.8,16.5255,18.678937,-171.699945,121.6924,709
1788739329458,ETH,A,Close Long,2511.8,4.5898,5.187896,-47.688022,105.1669,709
1788739329458,ETH,A,Close Long,2511.8,15.9258,18.00109,-165.469062,100.5771,709
1788739329458,ETH,A,Close Long,2511.7,2.2733,2.569431,-23.846917,84.6513,709
1788739329458,ETH,A,Close Long,2511.7,15.9269,18.001617,-167.073181,82.378,709
1788739329458,ETH,A,Close Long,2511.7,23.2163,26.240571,-243.538987,66.4511,709
1788739329458,ETH,A,Close Long,2511.7,2.15,2.430069,-22.5535,43.2348,709
1788739329458,ETH,A,Close Long,2511.7,0.9232,1.04346,-9.684368,41.0848,709
1788739329458,ETH,A,Close Long,2511.6,1.4,1.582308,-14.826,40.1616,709
1788739329458,ETH,A,Close Long,2511.6,2.5,2.82555,-26.475,38.7616,709
1788739329458,ETH,A,Close Long,2511.6,0.7241,0.818392,-7.668219,36.2616,709
1788739329458,ETH,A,Close Long,2511.6,11.9445,13.499912,-126.492255,35.5375,709
1788739329458,ETH,A,Close Long,2511.5,0.0796,0.089961,-0.850924,23.593,709
1788739329458,ETH,A,Close Long,2511.5,4.5898,5.187277,-49.064962,23.5134,709
1788739329458,ETH,A,Close Long,2511.5,2.1,2.373367,-22.449,18.9236,709
1788739329458,ETH,A,Close Long,2511.5,6.9611,7.867261,-74.414159,16.8236,709
1788739329458,ETH,A,Close Long,2511.5,2.9858,3.374476,-31.918202,9.8625,709
1788739329458,ETH,A,Close Long,2511.5,1.7918,2.025047,-19.154342,6.8767,709
1788739329458,ETH,A,Close Long,2511.4,3.1916,3.606922,-34.437364,5.0849,709
1788739329458,ETH,A,Close Long,2511.4,1.8933,2.139675,-20.428707,1.8933,709
1788754550220,SOL,B,Open Long,105.03,18.52,0.87532,0.0,0.0,710
1788754550220,SOL,B,Open Long,105.03,3.52,0.166367,0.0,18.52,710
1788754550220,SOL,B,Open Long,105.03,10.0,0.472635,0.0,22.04,710
1788754550220,SOL,B,Open Long,105.03,65.75,3.107575,0.0,32.04,710
1788754550220,SOL,B,Open Long,105.03,5.71,0.269874,0.0,97.79,710
1788754550220,SOL,B,Open Long,105.03,0.57,0.02694,0.0,103.5,710
1788754550220,SOL,B,Open Long,105.03,47.61,2.250215,0.0,104.07,710
1788754550220,SOL,B,Open Long,105.03,47.61,2.250215,0.0,151.68,710
1788754550220,SOL,B,Open Long,105.03,40.27,1.903301,0.0,199.29,710
1788754550220,SOL,B,Open Long,105.03,62.47,2.95255,0.0,239.56,710
1788754550220,SOL,B,Open Long,105.03,10.0,0.472635,0.0,302.03,710
1788754550220,SOL,B,Open Long,105.03,3.81,0.180073,0.0,312.03,710
1788754550220,SOL,B,Open Long,105.03,47.61,2.250215,0.0,315.84,710
1788754550220,SOL,B,Open Long,105.04,47.61,2.250429,0.0,363.45,710
1788754550220,SOL,B,Open Long,105.04,62.71,2.964176,0.0,411.06,710
1788754550220,SOL,B,Open Long,105.04,51.71,2.444228,0.0,473.77,710
1788754550220,SOL,B,Open Long,105.04,39.98,1.889774,0.0,525.48,710
1788754550220,SOL,B,Open Long,105.04,36.07,1.704956,0.0,565.46,710
1788754550220,SOL,B,Open Long,105.04,32.22,1.522974,0.0,601.53,710
1788754550220,SOL,B,Open Long,105.04,38.39,1.814618,0.0,633.75,710
1788754550220,SOL,B,Open Long,105.04,94.91,4.486205,0.0,672.14,710
1788754550220,SOL,B,Open Long,105.04,20.74,0.980338,0.0,767.05,710
1788754550220,SOL,B,Open Long,105.05,38.38,1.814318,0.0,787.79,710
1788754550220,SOL,B,Open Long,105.05,91.69,4.334415,0.0,826.17,710
1788754550220,SOL,B,Open Long,105.05,1.1,0.051999,0.0,917.86,710
1788754550220,SOL,B,Open Long,105.05,33.42,1.579846,0.0,918.96,710
1788772379540,ETH,B,Open Long,2494.3,0.056,0.062856,0.0,0.0,711
1788772379540,ETH,B,Open Long,2494.3,0.018,0.020203,0.0,0.056,711
1788772379540,ETH,B,Open Long,2494.3,0.8018,0.899968,0.0,0.074,711
1788772379540,ETH,B,Open Long,2494.3,0.018,0.020203,0.0,0.8758,711
1788772379540,ETH,B,Open Long,2494.3,0.41,0.460198,0.0,0.8938,711
1788772379540,ETH,B,Open Long,2494.6,10.5262,11.816396,0.0,1.3038,711
1788772379540,ETH,B,Open Long,2494.7,0.0801,0.089921,0.0,11.83,711
1788772379540,ETH,B,Open Long,2494.8,0.1186,0.133147,0.0,11.9101,711
1788772379540,ETH,B,Open Long,2494.8,0.1199,0.134606,0.0,12.0287,711
1788772379540,ETH,B,Open Long,2494.8,16.0358,18.002751,0.0,12.1486,711
1788772379540,ETH,B,Open Long,2494.8,16.0362,18.0032,0.0,28.1844,711
1788772379540,ETH,B,Open Long,2494.8,1.8613,2.089607,0.0,44.2206,711
