time_ms,coin,side,dir,px,sz,fee,closedPnl,startPosition,oid
1788206333034,HYPE,B,Open Long,83.67,3.26,0.058698,0.0,263.85,0005
1788206392543,HYPE,B,Open Long,83.659,3.47,0.062471,0.0,267.11,0004
1788206393009,HYPE,B,Open Long,83.647,3.65,0.065702,0.0,270.58,0003
1788206393009,HYPE,B,Open Long,83.636,3.83,0.068933,0.0,274.23,0002
1788206393009,HYPE,B,Open Long,83.625,1.48,0.026633,0.0,278.06,0001
1788206428219,HYPE,B,Open Long,83.625,2.52,0.045349,0.0,279.54,0001
1788206521263,HYPE,B,Open Long,83.835,4.77,0.193547,0.0,282.06,0006
1788206521263,HYPE,B,Open Long,83.836,15.23,0.617981,0.0,286.83,0006
1788206528089,HYPE,B,Open Long,83.823,17.89,0.725802,0.0,302.06,0007
1788206528089,HYPE,B,Open Long,83.825,0.11,0.004462,0.0,319.95,0007
1788206530687,HYPE,B,Open Long,83.827,2.97,0.120499,0.0,320.06,0008
1788206530687,HYPE,B,Open Long,83.827,6.07,0.246272,0.0,323.03,0008
1788206530687,HYPE,B,Open Long,83.828,2.97,0.1205,0.0,329.1,0008
1788206530687,HYPE,B,Open Long,83.828,2.97,0.1205,0.0,332.07,0008
1788206530687,HYPE,B,Open Long,83.828,12.14,0.492553,0.0,335.04,0008
1788206530687,HYPE,B,Open Long,83.829,2.88,0.11685,0.0,347.18,0008
1788206771522,HYPE,B,Open Long,84.018,2.0,0.081328,0.0,350.06,0009
1788206771522,HYPE,B,Open Long,84.018,22.29,0.906416,0.0,352.06,0009
1788206771522,HYPE,B,Open Long,84.018,22.42,0.911702,0.0,374.35,0009
1788206771522,HYPE,B,Open Long,84.018,2.97,0.120773,0.0,396.77,0009
1788206771522,HYPE,B,Open Long,84.018,0.32,0.013012,0.0,399.74,0009
1788206818037,HYPE,B,Open Long,84.133,0.23,0.009365,0.0,400.06,0010
1788206818037,HYPE,B,Open Long,84.147,5.94,0.241918,0.0,400.29,0010
1788206818037,HYPE,B,Open Long,84.151,17.82,0.725792,0.0,406.23,0010
1788206818037,HYPE,B,Open Long,84.152,26.63,1.084627,0.0,424.05,0010
1788206818037,HYPE,B,Open Long,84.156,27.75,1.130298,0.0,450.68,0010
1788206818037,HYPE,B,Open Long,84.16,17.82,0.725869,0.0,478.43,0010
1788206818037,HYPE,B,Open Long,84.161,3.81,0.155195,0.0,496.25,0010
1788206912424,HYPE,B,Open Long,84.193,100.0,4.074941,0.0,500.06,0011
1788207008224,HYPE,B,Open Long,84.23,59.07,2.408124,0.0,600.06,0012
1788207008224,HYPE,B,Open Long,84.231,3.04,0.123933,0.0,659.13,0012
1788207008224,HYPE,B,Open Long,84.232,2.0,0.081536,0.0,662.17,0012
1788207008224,HYPE,B,Open Long,84.234,5.93,0.24176,0.0,664.17,0012
1788207008224,HYPE,B,Open Long,84.239,2.0,0.081542,0.0,670.1,0012
1788207008224,HYPE,B,Open Long,84.239,5.48,0.223427,0.0,672.1,0012
1788207008224,HYPE,B,Open Long,84.241,2.0,0.081545,0.0,677.58,0012
1788207008224,HYPE,B,Open Long,84.243,0.4,0.016308,0.0,679.58,0012
1788207008224,HYPE,B,Open Long,84.243,4.75,0.193674,0.0,679.98,0012
1788207008224,HYPE,B,Open Long,84.245,65.33,2.663802,0.0,684.73,0012
1788207101152,HYPE,B,Open Long,84.359,50.0,2.041487,0.0,750.06,0013
1788207108865,HYPE,B,Open Long,84.391,32.4,1.323385,0.0,800.06,0014
1788207108865,HYPE,B,Open Long,84.391,5.92,0.241803,0.0,832.46,0014
1788207108865,HYPE,B,Open Long,84.391,4.39,0.179309,0.0,838.38,0014
1788207108865,HYPE,B,Open Long,84.391,7.29,0.297761,0.0,842.77,0014
1788207112183,HYPE,B,Open Long,84.359,11.61,0.474032,0.0,850.06,0015
1788207112183,HYPE,B,Open Long,84.359,38.39,1.567454,0.0,861.67,0015
1788207133224,HYPE,B,Open Long,84.471,7.35,0.300496,0.0,900.06,0016
1788207133224,HYPE,B,Open Long,84.473,0.95,0.038839,0.0,907.41,0016
1788207133224,HYPE,B,Open Long,84.473,0.4,0.016353,0.0,908.36,0016
1788207133224,HYPE,B,Open Long,84.475,3.0,0.122657,0.0,908.76,0016
1788207133224,HYPE,B,Open Long,84.476,0.95,0.038841,0.0,911.76,0016
1788207133224,HYPE,B,Open Long,84.477,37.35,1.527123,0.0,912.71,0016
1788207133826,HYPE,B,Open Long,84.477,50.0,2.044343,0.0,950.06,0017
1788208391412,HYPE,A,Close Long,84.223,24.53,0.999939,3.28702,1000.06,0018
1788208391412,HYPE,A,Close Long,84.223,1.73,0.070521,0.23182,975.53,0018
1788208391412,HYPE,A,Close Long,84.223,3.65,0.148787,0.4891,973.8,0018
1788208391412,HYPE,A,Close Long,84.222,18.88,0.769613,2.51104,970.15,0018
1788208391412,HYPE,A,Close Long,84.221,2.0,0.081525,0.264,951.27,0018
1788208391412,HYPE,A,Close Long,84.218,2.0,0.081522,0.258,949.27,0018
1788208391412,HYPE,A,Close Long,84.218,12.7,0.51767,1.6383,947.27,0018
1788208391412,HYPE,A,Close Long,84.215,10.75,0.43817,1.3545,934.57,0018
1788208391412,HYPE,A,Close Long,84.213,59.08,2.408046,7.32592,923.82,0018
1788208391412,HYPE,A,Close Long,84.211,71.54,2.915835,8.72788,864.74,0018
1788208391412,HYPE,A,Close Long,84.211,17.59,0.716935,2.14598,793.2,0018
1788208391412,HYPE,A,Close Long,84.209,4.12,0.167919,0.4944,775.61,0018
1788208391412,HYPE,A,Close Long,84.206,10.74,0.437716,1.25658,771.49,0018
1788208391412,HYPE,A,Close Long,84.205,0.4,0.016301,0.0464,760.75,0018
1788208391412,HYPE,A,Close Long,84.203,7.28,0.29669,0.82992,760.35,0018
1788208391412,HYPE,A,Close Long,84.203,12.09,0.492718,1.37826,753.07,0018
1788208391412,HYPE,A,Close Long,84.202,71.25,2.903705,8.05125,740.98,0018
1788208391412,HYPE,A,Close Long,84.202,5.93,0.241669,0.67009,669.73,0018
1788208391412,HYPE,A,Close Long,84.201,163.74,6.672942,18.33888,663.8,0018
1788208402061,CASHCAT,A,Close Long,0.21845,189.0,0.019982,4.179735,75000.0,0019
1788208402061,CASHCAT,A,Close Long,0.21833,571.0,0.060337,12.559145,74811.0,0019
1788208402061,CASHCAT,A,Close Long,0.21823,900.0,0.09506,19.7055,74240.0,0019
1788208402061,CASHCAT,A,Close Long,0.21813,342.0,0.036106,7.45389,73340.0,0019
1788208402061,CASHCAT,A,Close Long,0.21811,342.0,0.036102,7.44705,72998.0,0019
1788208402061,CASHCAT,A,Close Long,0.21809,1489.0,0.157171,32.393195,72656.0,0019
1788208402061,CASHCAT,A,Close Long,0.21807,342.0,0.036095,7.43337,71167.0,0019
1788208402061,CASHCAT,A,Close Long,0.21803,342.0,0.036089,7.41969,70825.0,0019
1788208402061,CASHCAT,A,Close Long,0.21801,900.0,0.094964,19.5075,70483.0,0019
1788208402061,CASHCAT,A,Close Long,0.218,342.0,0.036084,7.40943,69583.0,0019
1788208402061,CASHCAT,A,Close Long,0.21799,3296.0,0.347751,71.37488,69241.0,0019
1788208402061,CASHCAT,A,Close Long,0.21795,342.0,0.036075,7.39233,65945.0,0019
1788208402061,CASHCAT,A,Close Long,0.21791,342.0,0.036069,7.37865,65603.0,0019
1788208402061,CASHCAT,A,Close Long,0.2179,3701.0,0.390319,79.812065,65261.0,0019
1788208402061,CASHCAT,A,Close Long,0.21789,2899.0,0.305724,62.487945,61560.0,0019
1788208402061,CASHCAT,A,Close Long,0.21781,3701.0,0.390159,79.478975,58661.0,0019
1788208402061,CASHCAT,A,Close Long,0.2178,2899.0,0.305598,62.227035,54960.0,0019
1788208402061,CASHCAT,A,Close Long,0.21779,900.0,0.094869,19.3095,52061.0,0019
1788208402061,CASHCAT,A,Close Long,0.21778,894.0,0.094232,19.17183,51161.0,0019
1788208402061,CASHCAT,A,Close Long,0.21777,267.0,0.028141,5.723145,50267.0,0019
1788208545046,HYPE,B,Open Long,84.228,2.0,0.081532,0.0,500.06,0020
1788208545046,HYPE,B,Open Long,84.228,23.12,0.942517,0.0,502.06,0020
1788208545046,HYPE,B,Open Long,84.228,3.01,0.122706,0.0,525.18,0020
1788208545046,HYPE,B,Open Long,84.228,109.55,4.465953,0.0,528.19,0020
1788208545046,HYPE,B,Open Long,84.228,6.04,0.246228,0.0,637.74,0020
1788208545046,HYPE,B,Open Long,84.228,6.13,0.249896,0.0,643.78,0020
1788208545046,HYPE,B,Open Long,84.228,38.91,1.586218,0.0,649.91,0020
1788208545046,HYPE,B,Open Long,84.229,11.24,0.458218,0.0,688.82,0020
1788208550060,HYPE,B,Open Long,84.253,0.82,0.033437,0.0,700.06,0021
1788208550060,HYPE,B,Open Long,84.253,23.17,0.944836,0.0,700.88,0021
1788208550060,HYPE,B,Open Long,84.253,6.04,0.246301,0.0,724.05,0021
1788208550060,HYPE,B,Open Long,84.253,6.13,0.249971,0.0,730.09,0021
1788208550060,HYPE,B,Open Long,84.253,6.06,0.247117,0.0,736.22,0021
1788208550060,HYPE,B,Open Long,84.253,2.96,0.120703,0.0,742.28,0021
1788208550060,HYPE,B,Open Long,84.253,39.09,1.594028,0.0,745.24,0021
1788208550060,HYPE,B,Open Long,84.254,9.46,0.385768,0.0,784.33,0021
1788208550060,HYPE,B,Open Long,84.255,13.71,0.559085,0.0,793.79,0021
1788208550060,HYPE,B,Open Long,84.257,1.06,0.043226,0.0,807.5,0021
1788208550060,HYPE,B,Open Long,84.26,5.93,0.241836,0.0,808.56,0021
1788208550060,HYPE,B,Open Long,84.261,0.17,0.006932,0.0,814.49,0021
1788208550060,HYPE,B,Open Long,84.264,12.84,0.523662,0.0,814.66,0021
1788208550060,HYPE,B,Open Long,84.266,0.4,0.016313,0.0,827.5,0021
1788208550060,HYPE,B,Open Long,84.268,3.57,0.145604,0.0,827.9,0021
1788208550060,HYPE,B,Open Long,84.268,19.09,0.778598,0.0,831.47,0021
1788208550060,HYPE,B,Open Long,84.27,49.5,2.01894,0.0,850.56,0021
1788208733127,HYPE,B,Open Long,83.989,99.86,4.059376,0.0,900.06,0022
1788208733127,HYPE,B,Open Long,83.996,0.14,0.00569,0.0,999.92,0022
1788208959018,PUMP,B,Open Long,0.004439,22527.0,0.048397,0.0,0.0,0023
1788208959018,PUMP,B,Open Long,0.004439,18845.0,0.040487,0.0,22527.0,0023
1788208959018,PUMP,B,Open Long,0.00444,191612.0,0.411765,0.0,41372.0,0023
1788208959018,PUMP,B,Open Long,0.004441,572730.0,1.23105,0.0,232984.0,0023
1788208959018,PUMP,B,Open Long,0.004441,2702.0,0.005806,0.0,805714.0,0023
1788208959018,PUMP,B,Open Long,0.004441,22522.0,0.048409,0.0,808416.0,0023
1788208959018,PUMP,B,Open Long,0.004441,149802.0,0.32199,0.0,830938.0,0023
1788208959018,PUMP,B,Open Long,0.004442,112823.0,0.24256,0.0,980740.0,0023
1788208959018,PUMP,B,Open Long,0.004442,169899.0,0.36527,0.0,1093563.0,0023
1788208959018,PUMP,B,Open Long,0.004442,90050.0,0.1936,0.0,1263462.0,0023
1788208959018,PUMP,B,Open Long,0.004442,16884.0,0.036298,0.0,1353512.0,0023
1788208959018,PUMP,B,Open Long,0.004442,129604.0,0.278639,0.0,1370396.0,0023
1788208965740,PUMP,B,Open Long,0.004444,145837.0,0.313679,0.0,1500000.0,0024
1788208965740,PUMP,B,Open Long,0.004444,18974.0,0.040811,0.0,1645837.0,0024
1788208965740,PUMP,B,Open Long,0.004444,585850.0,1.260101,0.0,1664811.0,0024
1788208965740,PUMP,B,Open Long,0.004445,155683.0,0.334933,0.0,2250661.0,0024
1788208965740,PUMP,B,Open Long,0.004445,236977.0,0.509827,0.0,2406344.0,0024
1788208965740,PUMP,B,Open Long,0.004445,356679.0,0.767351,0.0,2643321.0,0024
1788208976125,PUMP,B,Open Long,0.004445,24535.0,0.052783,0.0,3000000.0,0025
1788208976125,PUMP,B,Open Long,0.004446,149642.0,0.322008,0.0,3024535.0,0025
1788208976125,PUMP,B,Open Long,0.004447,28759.0,0.061899,0.0,3174177.0,0025
1788208976125,PUMP,B,Open Long,0.004447,211839.0,0.45595,0.0,3202936.0,0025
1788208976125,PUMP,B,Open Long,0.004447,26689.0,0.057443,0.0,3414775.0,0025
1788208976125,PUMP,B,Open Long,0.004447,32159.0,0.069217,0.0,3441464.0,0025
1788208976125,PUMP,B,Open Long,0.004447,199571.0,0.429546,0.0,3473623.0,0025
1788208976125,PUMP,B,Open Long,0.004447,22499.0,0.048425,0.0,3673194.0,0025
1788208976125,PUMP,B,Open Long,0.004447,112677.0,0.242519,0.0,3695693.0,0025
1788208976125,PUMP,B,Open Long,0.004448,67446.0,0.145198,0.0,3808370.0,0025
1788208976125,PUMP,B,Open Long,0.004448,67446.0,0.145198,0.0,3875816.0,0025
1788208976125,PUMP,B,Open Long,0.004448,556738.0,1.198563,0.0,3943262.0,0025
1788208982374,PUMP,B,Open Long,0.004448,34395.0,0.074045,0.0,4500000.0,0026
1788208982374,PUMP,B,Open Long,0.00445,14801.0,0.031877,0.0,4534395.0,0026
1788208982374,PUMP,B,Open Long,0.00445,67415.0,0.145197,0.0,4549196.0,0026
1788208982374,PUMP,B,Open Long,0.00445,192377.0,0.41434,0.0,4616611.0,0026
1788208982374,PUMP,B,Open Long,0.00445,203440.0,0.438168,0.0,4808988.0,0026
1788208982374,PUMP,B,Open Long,0.00445,585850.0,1.261803,0.0,5012428.0,0026
1788208982374,PUMP,B,Open Long,0.004451,143425.0,0.308977,0.0,5598278.0,0026
1788208982374,PUMP,B,Open Long,0.004451,27714.0,0.059703,0.0,5741703.0,0026
1788208982374,PUMP,B,Open Long,0.004451,26289.0,0.056633,0.0,5769417.0,0026
1788208982374,PUMP,B,Open Long,0.004451,31543.0,0.067951,0.0,5795706.0,0026
1788208982374,PUMP,B,Open Long,0.004452,67385.0,0.145198,0.0,5827249.0,0026
1788208982374,PUMP,B,Open Long,0.004452,89847.0,0.193598,0.0,5894634.0,0026
1788208982374,PUMP,B,Open Long,0.004452,15519.0,0.033439,0.0,5984481.0,0026
1788209053425,PUMP,B,Open Long,0.004463,32902.0,0.071071,0.0,6000000.0,0027
1788209053425,PUMP,B,Open Long,0.004463,585850.0,1.265489,0.0,6032902.0,0027
1788209053425,PUMP,B,Open Long,0.004464,67204.0,0.145198,0.0,6618752.0,0027
1788209053425,PUMP,B,Open Long,0.004464,67204.0,0.145198,0.0,6685956.0,0027
1788209053425,PUMP,B,Open Long,0.004464,11200.0,0.024197,0.0,6753160.0,0027
1788209053425,PUMP,B,Open Long,0.004464,133937.0,0.28938,0.0,6764360.0,0027
1788209053425,PUMP,B,Open Long,0.004465,101703.0,0.219785,0.0,6898297.0,0027
1788210016947,PUMP,B,Open Long,0.00447,21369.0,0.04623,0.0,7000000.0,0028
1788210016947,PUMP,B,Open Long,0.00447,6835.0,0.014787,0.0,7021369.0,0028
1788210016947,PUMP,B,Open Long,0.004471,276846.0,0.599083,0.0,7028204.0,0028
1788210016947,PUMP,B,Open Long,0.004471,23796.0,0.051493,0.0,7305050.0,0028
1788210016947,PUMP,B,Open Long,0.004471,22424.0,0.048523,0.0,7328846.0,0028
1788210016947,PUMP,B,Open Long,0.004471,148730.0,0.321846,0.0,7351270.0,0028
1788210079669,CASHCAT,A,Close Long,0.20491,848.0,0.084101,7.2716,50000.0,0029
1788210079669,CASHCAT,A,Close Long,0.20483,722.0,0.071576,6.13339,49152.0,0029
1788210079669,CASHCAT,A,Close Long,0.20475,722.0,0.071548,6.07563,48430.0,0029
1788210079669,CASHCAT,A,Close Long,0.20469,2787.0,0.276107,23.285385,47708.0,0029
1788210079669,CASHCAT,A,Close Long,0.20468,634.0,0.062806,5.29073,44921.0,0029
1788210079669,CASHCAT,A,Close Long,0.20463,70.0,0.006932,0.58065,44287.0,0029
1788210079669,CASHCAT,A,Close Long,0.20463,1000.0,0.09904,8.295,44217.0,0029
1788210079669,CASHCAT,A,Close Long,0.2046,720.0,0.071298,5.9508,43217.0,0029
1788210079669,CASHCAT,A,Close Long,0.2046,2787.0,0.275986,23.034555,42497.0,0029
1788210079669,CASHCAT,A,Close Long,0.20454,1222.0,0.120973,10.02651,39710.0,0029
1788210079669,CASHCAT,A,Close Long,0.20453,4889.0,0.483973,40.065355,38488.0,0029
1788210079669,CASHCAT,A,Close Long,0.20452,722.0,0.071468,5.90957,33599.0,0029
1788210079669,CASHCAT,A,Close Long,0.20451,2787.0,0.275864,22.783725,32877.0,0029
1788210079669,CASHCAT,A,Close Long,0.20443,719.0,0.07114,5.820305,30090.0,0029
1788210079669,CASHCAT,A,Close Long,0.20442,2787.0,0.275742,22.532895,29371.0,0029
1788210079669,CASHCAT,A,Close Long,0.20442,70.0,0.006924,0.56595,26584.0,0029
1788210079669,CASHCAT,A,Close Long,0.20442,1000.0,0.098939,8.085,26514.0,0029
1788210079669,CASHCAT,A,Close Long,0.2044,1223.0,0.12099,9.863495,25514.0,0029
1788210079669,CASHCAT,A,Close Long,0.20438,64.0,0.00633,0.51488,24291.0,0029
1788210079669,CASHCAT,A,Close Long,0.20438,4893.0,0.484015,39.364185,24227.0,0029
1788210079669,CASHCAT,A,Close Long,0.20433,2521.0,0.249315,20.155395,19334.0,0029
1788210079669,CASHCAT,A,Close Long,0.20424,2787.0,0.2755,22.031235,16813.0,0029
1788210079669,CASHCAT,A,Close Long,0.20423,4897.0,0.484054,38.661815,14026.0,0029
1788210079669,CASHCAT,A,Close Long,0.20422,829.0,0.081939,6.536665,9129.0,0029
1788210079669,CASHCAT,A,Close Long,0.20421,70.0,0.006918,0.55125,8300.0,0029
1788210079669,CASHCAT,A,Close Long,0.20421,1000.0,0.098837,7.875,8230.0,0029
1788210079669,CASHCAT,A,Close Long,0.20415,2787.0,0.275378,21.780405,7230.0,0029
1788210079669,CASHCAT,A,Close Long,0.20407,2637.0,0.260455,20.397195,4443.0,0029
1788210079669,CASHCAT,A,Close Long,0.20406,1806.0,0.178369,13.95135,1806.0,0029
1788210618054,PUMP,B,Open Long,0.004416,66320.0,0.141747,0.0,7500000.0,0030
1788210618054,PUMP,B,Open Long,0.004416,22644.0,0.048397,0.0,7566320.0,0030
1788210618054,PUMP,B,Open Long,0.004416,337393.0,0.721124,0.0,7588964.0,0030
1788210618054,PUMP,B,Open Long,0.004416,73643.0,0.157399,0.0,7926357.0,0030
1788210678038,PUMP,A,Close Long,0.004413,28964.0,0.061863,-0.984776,8000000.0,0031
1788210678038,PUMP,A,Close Long,0.004412,22665.0,0.048398,-0.793275,7971036.0,0031
1788210678038,PUMP,A,Close Long,0.004412,671743.0,1.434445,-23.511005,7948371.0,0031
1788210678038,PUMP,A,Close Long,0.004412,239589.0,0.511619,-8.385615,7276628.0,0031
1788210678038,PUMP,A,Close Long,0.004411,282944.0,0.604063,-10.185984,7037039.0,0031
1788210678038,PUMP,A,Close Long,0.004411,210702.0,0.449832,-7.585272,6754095.0,0031
1788210678038,PUMP,A,Close Long,0.004411,226707.0,0.484001,-8.161452,6543393.0,0031
1788210678038,PUMP,A,Close Long,0.004411,113427.0,0.242157,-4.083372,6316686.0,0031
1788210678038,PUMP,A,Close Long,0.004411,132025.0,0.281863,-4.7529,6203259.0,0031
1788210678038,PUMP,A,Close Long,0.004411,1071234.0,2.287002,-38.564424,6071234.0,0031
1788210908061,PUMP,B,Open Long,0.004416,72799.0,0.155596,0.0,5000000.0,0032
1788210908061,PUMP,B,Open Long,0.004416,3028.0,0.006471,0.0,5072799.0,0032
1788210908061,PUMP,B,Open Long,0.004416,164604.0,0.351815,0.0,5075827.0,0032
1788210908061,PUMP,B,Open Long,0.004416,13587.0,0.02904,0.0,5240431.0,0032
1788210908061,PUMP,B,Open Long,0.004416,38836.0,0.083004,0.0,5254018.0,0032
1788210908061,PUMP,B,Open Long,0.004416,40356.0,0.086254,0.0,5292854.0,0032
1788210908061,PUMP,B,Open Long,0.004416,22644.0,0.048397,0.0,5333210.0,0032
1788210908061,PUMP,B,Open Long,0.004416,341012.0,0.728859,0.0,5355854.0,0032
1788210908061,PUMP,B,Open Long,0.004416,209318.0,0.447383,0.0,5696866.0,0032
1788210908061,PUMP,B,Open Long,0.004416,93816.0,0.200516,0.0,5906184.0,0032
1788210910477,PUMP,B,Open Long,0.004416,153974.0,0.329094,0.0,6000000.0,0033
1788210910477,PUMP,B,Open Long,0.004416,177799.0,0.380017,0.0,6153974.0,0033
1788210910477,PUMP,B,Open Long,0.004416,90580.0,0.1936,0.0,6331773.0,0033
1788210910477,PUMP,B,Open Long,0.004416,150386.0,0.321426,0.0,6422353.0,0033
1788210910477,PUMP,B,Open Long,0.004417,179280.0,0.383268,0.0,6572739.0,0033
1788210910477,PUMP,B,Open Long,0.004417,247981.0,0.53014,0.0,6752019.0,0033
1788211802902,PUMP,B,Open Long,0.004437,500000.0,1.073754,0.0,7000000.0,0034
1788212130712,PUMP,B,Open Long,0.004455,29906.0,0.064483,0.0,7500000.0,0035
1788212130712,PUMP,B,Open Long,0.004456,334326.0,0.721041,0.0,7529906.0,0035
1788212130712,PUMP,B,Open Long,0.004456,108342.0,0.233661,0.0,7864232.0,0035
1788212130712,PUMP,B,Open Long,0.004457,27426.0,0.059162,0.0,7972574.0,0035
1788212132325,PUMP,B,Open Long,0.004456,19826.0,0.042758,0.0,8000000.0,0036
1788212132325,PUMP,B,Open Long,0.004456,301916.0,0.651142,0.0,8019826.0,0036
1788212132325,PUMP,B,Open Long,0.004456,25949.0,0.055963,0.0,8321742.0,0036
1788212132325,PUMP,B,Open Long,0.004457,152309.0,0.328559,0.0,8347691.0,0036
1788213287359,PUMP,A,Close Long,0.004431,22322.0,0.04787,-0.200898,8500000.0,0037
1788213287359,PUMP,A,Close Long,0.004431,294194.0,0.630929,-2.647746,8477678.0,0037
1788213287359,PUMP,A,Close Long,0.004431,112018.0,0.240234,-1.008162,8183484.0,0037
1788213287359,PUMP,A,Close Long,0.004431,22568.0,0.048398,-0.203112,8071466.0,0037
1788213287359,PUMP,A,Close Long,0.004431,155149.0,0.332732,-1.396341,8048898.0,0037
1788213287359,PUMP,A,Close Long,0.004431,266410.0,0.571343,-2.39769,7893749.0,0037
1788213287359,PUMP,A,Close Long,0.004431,112445.0,0.241149,-1.012005,7627339.0,0037
1788213287359,PUMP,A,Close Long,0.004431,90273.0,0.193598,-0.812457,7514894.0,0037
1788213287359,PUMP,A,Close Long,0.004431,200000.0,0.42892,-1.8,7424621.0,0037
1788213287359,PUMP,A,Close Long,0.00443,23304.0,0.049965,-0.23304,7224621.0,0037
1788213287359,PUMP,A,Close Long,0.00443,166680.0,0.357381,-1.6668,7201317.0,0037
1788213287359,PUMP,A,Close Long,0.00443,114053.0,0.244542,-1.14053,7034637.0,0037
1788213287359,PUMP,A,Close Long,0.00443,669569.0,1.435636,-6.69569,6920584.0,0037
1788213287359,PUMP,A,Close Long,0.00443,13544.0,0.029038,-0.13544,6251015.0,0037
1788213287359,PUMP,A,Close Long,0.00443,225751.0,0.484036,-2.25751,6237471.0,0037
1788213287359,PUMP,A,Close Long,0.00443,225724.0,0.483978,-2.25724,6011720.0,0037
1788213287359,PUMP,A,Close Long,0.00443,200000.0,0.428824,-2.0,5785996.0,0037
1788213287359,PUMP,A,Close Long,0.004429,11289.0,0.024198,-0.124179,5585996.0,0037
1788213287359,PUMP,A,Close Long,0.004429,113009.0,0.242249,-1.243099,5574707.0,0037
1788213287359,PUMP,A,Close Long,0.004429,121645.0,0.260762,-1.338095,5461698.0,0037
1788213287359,PUMP,A,Close Long,0.004429,166681.0,0.357303,-1.833491,5340053.0,0037
1788213287359,PUMP,A,Close Long,0.004429,43526.0,0.093303,-0.478786,5173372.0,0037
1788213287359,PUMP,A,Close Long,0.004429,43824.0,0.093942,-0.482064,5129846.0,0037
1788213287359,PUMP,A,Close Long,0.004429,86022.0,0.184399,-0.946242,5086022.0,0037
1788214646134,PUMP,A,Close Long,0.00442,99993.0,0.213912,-1.99986,5000000.0,0038
1788214646134,PUMP,A,Close Long,0.00442,210066.0,0.449389,-4.20132,4900007.0,0038
1788214646134,PUMP,A,Close Long,0.00442,136287.0,0.291555,-2.72574,4689941.0,0038
1788214646134,PUMP,A,Close Long,0.00442,90498.0,0.1936,-1.80996,4553654.0,0038
1788214646134,PUMP,A,Close Long,0.00442,22624.0,0.048398,-0.45248,4463156.0,0038
1788214646134,PUMP,A,Close Long,0.004419,10184.0,0.021781,-0.213864,4440532.0,0038
1788214646134,PUMP,A,Close Long,0.004419,2263.0,0.00484,-0.047523,4430348.0,0038
1788214646134,PUMP,A,Close Long,0.004419,132879.0,0.2842,-2.790459,4428085.0,0038
1788214646134,PUMP,A,Close Long,0.004419,21384.0,0.045735,-0.449064,4295206.0,0038
1788214646134,PUMP,A,Close Long,0.004419,177016.0,0.3786,-3.717336,4273822.0,0038
1788214646134,PUMP,A,Close Long,0.004419,113265.0,0.242249,-2.378565,4096806.0,0038
1788214646134,PUMP,A,Close Long,0.004418,151957.0,0.32493,-3.343054,3983541.0,0038
1788214646134,PUMP,A,Close Long,0.004418,6791.0,0.014521,-0.149402,3831584.0,0038
1788214646134,PUMP,A,Close Long,0.004418,6791.0,0.014521,-0.149402,3824793.0,0038
1788214646134,PUMP,A,Close Long,0.004418,90539.0,0.1936,-1.991858,3818002.0,0038
1788214646134,PUMP,A,Close Long,0.004418,16974.0,0.036295,-0.373428,3727463.0,0038
1788214646134,PUMP,A,Close Long,0.004418,43126.0,0.092216,-0.948772,3710489.0,0038
1788214646134,PUMP,A,Close Long,0.004418,46490.0,0.099409,-1.02278,3667363.0,0038
1788214646134,PUMP,A,Close Long,0.004418,178616.0,0.381936,-3.929552,3620873.0,0038
1788214646134,PUMP,A,Close Long,0.004418,21380.0,0.045716,-0.47036,3442257.0,0038
1788214646134,PUMP,A,Close Long,0.004418,226401.0,0.484115,-4.980822,3420877.0,0038
1788214646134,PUMP,A,Close Long,0.004418,200000.0,0.427662,-4.4,3194476.0,0038
1788214646134,PUMP,A,Close Long,0.004417,178616.0,0.381849,-4.108168,2994476.0,0038
1788214646134,PUMP,A,Close Long,0.004417,669569.0,1.431422,-15.400087,2815860.0,0038
1788214646134,PUMP,A,Close Long,0.004417,22619.0,0.048354,-0.520237,2146291.0,0038
1788214646134,PUMP,A,Close Long,0.004417,200000.0,0.427565,-4.6,2123672.0,0038
1788214646134,PUMP,A,Close Long,0.004416,33967.0,0.072598,-0.815208,1923672.0,0038
1788214646134,PUMP,A,Close Long,0.004416,5501.0,0.011757,-0.132024,1889705.0,0038
1788214646134,PUMP,A,Close Long,0.004416,562366.0,1.201968,-13.496784,1884204.0,0038
1788214646134,PUMP,A,Close Long,0.004416,498148.0,1.064713,-11.955552,1321838.0,0038
1788214646134,PUMP,A,Close Long,0.004416,178616.0,0.381763,-4.286784,823690.0,0038
1788214646134,PUMP,A,Close Long,0.004416,11324.0,0.024202,-0.271776,645074.0,0038
1788214646134,PUMP,A,Close Long,0.004416,537242.0,1.14827,-12.893808,633750.0,0038
1788214646134,PUMP,A,Close Long,0.004416,96508.0,0.206269,-2.316192,96508.0,0038
1788215392619,PONS,B,Open Long,0.3894,516.0,0.09725,0.0,0.0,0039
1788215392619,PONS,B,Open Long,0.3895,3096.0,0.583651,0.0,516.0,0039
1788215392619,PONS,B,Open Long,0.38986,1638.0,0.309077,0.0,3612.0,0039
1788215392619,PONS,B,Open Long,0.38997,3096.0,0.584355,0.0,5250.0,0039
1788215392619,PONS,B,Open Long,0.39002,372.0,0.070221,0.0,8346.0,0039
1788215392619,PONS,B,Open Long,0.39014,50.0,0.00944,0.0,8718.0,0039
1788215392619,PONS,B,Open Long,0.39029,3096.0,0.584834,0.0,8768.0,0039
1788215392619,PONS,B,Open Long,0.39068,896.0,0.169422,0.0,11864.0,0039
1788215392619,PONS,B,Open Long,0.39069,12427.0,2.34987,0.0,12760.0,0039
1788215392619,PONS,B,Open Long,0.39084,3096.0,0.585659,0.0,25187.0,0039
1788215392619,PONS,B,Open Long,0.39124,28.0,0.005301,0.0,28283.0,0039
1788215392619,PONS,B,Open Long,0.39139,3096.0,0.586483,0.0,28311.0,0039
1788215392619,PONS,B,Open Long,0.39156,3474.0,0.658374,0.0,31407.0,0039
1788215392619,PONS,B,Open Long,0.39177,453.0,0.085896,0.0,34881.0,0039
1788215392619,PONS,B,Open Long,0.3921,12850.0,2.438626,0.0,35334.0,0039
1788215392619,PONS,B,Open Long,0.39219,1816.0,0.344712,0.0,48184.0,0039
1788215451986,CASHCAT,B,Open Long,0.19881,900.0,0.0866,0.0,0.0,0040
1788215451986,CASHCAT,B,Open Long,0.19881,820.0,0.078903,0.0,900.0,0040
1788215451986,CASHCAT,B,Open Long,0.19881,63.0,0.006061,0.0,1720.0,0040
1788215451986,CASHCAT,B,Open Long,0.19889,768.0,0.073929,0.0,1783.0,0040
1788215451986,CASHCAT,B,Open Long,0.19889,736.0,0.070849,0.0,2551.0,0040
1788215451986,CASHCAT,B,Open Long,0.19889,10913.0,1.050514,0.0,3287.0,0040
1788215451986,CASHCAT,B,Open Long,0.1989,914.0,0.087988,0.0,14200.0,0040
1788215451986,CASHCAT,B,Open Long,0.1989,644.0,0.061996,0.0,15114.0,0040
1788215451986,CASHCAT,B,Open Long,0.19895,5027.0,0.484058,0.0,15758.0,0040
1788215451986,CASHCAT,B,Open Long,0.19897,827.0,0.07964,0.0,20785.0,0040
1788215451986,CASHCAT,B,Open Long,0.199,914.0,0.088032,0.0,21612.0,0040
1788215451986,CASHCAT,B,Open Long,0.19901,900.0,0.086687,0.0,22526.0,0040
1788215451986,CASHCAT,B,Open Long,0.19901,63.0,0.006067,0.0,23426.0,0040
1788215451986,CASHCAT,B,Open Long,0.19902,619.0,0.059625,0.0,23489.0,0040
1788215451986,CASHCAT,B,Open Long,0.19909,914.0,0.088071,0.0,24108.0,0040
1788215451986,CASHCAT,B,Open Long,0.1991,2564.0,0.247078,0.0,25022.0,0040
1788215451986,CASHCAT,B,Open Long,0.19914,619.0,0.05966,0.0,27586.0,0040
1788215451986,CASHCAT,B,Open Long,0.19921,510.0,0.049172,0.0,28205.0,0040
1788215451986,CASHCAT,B,Open Long,0.19921,63.0,0.006074,0.0,28715.0,0040
1788215451986,CASHCAT,B,Open Long,0.19922,914.0,0.088129,0.0,28778.0,0040
1788215451986,CASHCAT,B,Open Long,0.19923,2564.0,0.247239,0.0,29692.0,0040
1788215451986,CASHCAT,B,Open Long,0.19923,3790.0,0.365459,0.0,32256.0,0040
1788215451986,CASHCAT,B,Open Long,0.19925,5019.0,0.484016,0.0,36046.0,0040
1788215451986,CASHCAT,B,Open Long,0.19929,5018.0,0.484017,0.0,41065.0,0040
1788215451986,CASHCAT,B,Open Long,0.1993,619.0,0.059708,0.0,46083.0,0040
1788215451986,CASHCAT,B,Open Long,0.19933,3209.0,0.309589,0.0,46702.0,0040
1788215451986,CASHCAT,B,Open Long,0.19938,89.0,0.008588,0.0,49911.0,0040
1788215650736,PONS,A,Close Long,0.38839,2113.0,0.397202,-5.59945,50000.0,0041
1788215650736,PONS,A,Close Long,0.38812,39.0,0.007325,-0.11388,47887.0,0041
1788215650736,PONS,A,Close Long,0.38811,3096.0,0.581568,-9.07128,47848.0,0041
1788215650736,PONS,A,Close Long,0.38776,39.0,0.007319,-0.12792,44752.0,0041
1788215650736,PONS,A,Close Long,0.38775,3096.0,0.581029,-10.18584,44713.0,0041
1788215650736,PONS,A,Close Long,0.38758,903.0,0.169392,-3.12438,41617.0,0041
1788215650736,PONS,A,Close Long,0.38757,12411.0,2.328103,-43.06617,40714.0,0041
1788215650736,PONS,A,Close Long,0.38757,774.0,0.145189,-2.68578,28303.0,0041
1788215650736,PONS,A,Close Long,0.38739,370.0,0.069373,-1.3505,27529.0,0041
1788215650736,PONS,A,Close Long,0.38738,2159.0,0.404794,-7.90194,27159.0,0041
1788215653518,PONS,A,Close Long,0.38771,504.0,0.094575,-1.67832,25000.0,0042
1788215653518,PONS,A,Close Long,0.3874,3096.0,0.580504,-11.26944,24496.0,0042
1788215653518,PONS,A,Close Long,0.38716,370.0,0.069331,-1.4356,21400.0,0042
1788215653518,PONS,A,Close Long,0.38712,3096.0,0.580085,-12.13632,21030.0,0042
1788215653518,PONS,A,Close Long,0.38682,3096.0,0.579635,-13.06512,17934.0,0042
1788215653518,PONS,A,Close Long,0.38681,5867.0,1.098396,-24.81741,14838.0,0042
1788215653518,PONS,A,Close Long,0.38681,776.0,0.145279,-3.28248,8971.0,0042
1788215653518,PONS,A,Close Long,0.38631,8195.0,1.532252,-38.76235,8195.0,0042
1788216023151,CASHCAT,A,Close Long,0.19581,400.0,0.037908,-1.3084,50000.0,0043
1788216023151,CASHCAT,A,Close Long,0.19581,1000.0,0.094772,-3.271,49600.0,0043
1788216023151,CASHCAT,A,Close Long,0.19572,392.0,0.037133,-1.317512,48600.0,0043
1788216023151,CASHCAT,A,Close Long,0.1957,321.0,0.030403,-1.085301,48208.0,0043
1788216023151,CASHCAT,A,Close Long,0.19565,282.0,0.026703,-0.967542,47887.0,0043
1788216023151,CASHCAT,A,Close Long,0.19565,392.0,0.037119,-1.344952,47605.0,0043
1788216023151,CASHCAT,A,Close Long,0.19561,1000.0,0.094675,-3.471,47213.0,0043
1788216023151,CASHCAT,A,Close Long,0.1956,361.0,0.034175,-1.256641,46213.0,0043
1788216023151,CASHCAT,A,Close Long,0.19557,689.0,0.065217,-2.419079,45852.0,0043
1788216023151,CASHCAT,A,Close Long,0.19557,801.0,0.075819,-2.812311,45163.0,0043
1788216023151,CASHCAT,A,Close Long,0.19552,394.0,0.037284,-1.403034,44362.0,0043
1788216023151,CASHCAT,A,Close Long,0.19549,914.0,0.086479,-3.282174,43968.0,0043
1788216023151,CASHCAT,A,Close Long,0.19547,392.0,0.037085,-1.415512,43054.0,0043
1788216023151,CASHCAT,A,Close Long,0.19546,395.0,0.037367,-1.430295,42662.0,0043
1788216023151,CASHCAT,A,Close Long,0.19544,821.0,0.07766,-2.989261,42267.0,0043
1788216023151,CASHCAT,A,Close Long,0.19542,2444.0,0.23116,-8.947484,41446.0,0043
1788216023151,CASHCAT,A,Close Long,0.19541,914.0,0.086444,-3.355294,39002.0,0043
1788216023151,CASHCAT,A,Close Long,0.19541,70.0,0.006619,-0.25697,38088.0,0043
1788216023151,CASHCAT,A,Close Long,0.19541,1000.0,0.094578,-3.671,38018.0,0043
1788216023151,CASHCAT,A,Close Long,0.19537,392.0,0.037066,-1.454712,37018.0,0043
1788216023151,CASHCAT,A,Close Long,0.19535,395.0,0.037346,-1.473745,36626.0,0043
1788216023151,CASHCAT,A,Close Long,0.19532,2444.0,0.231043,-9.191884,36231.0,0043
1788216023151,CASHCAT,A,Close Long,0.19531,914.0,0.0864,-3.446694,33787.0,0043
1788216023151,CASHCAT,A,Close Long,0.1953,831.0,0.07855,-3.142011,32873.0,0043
1788216023151,CASHCAT,A,Close Long,0.19523,348.0,0.032882,-1.340148,32042.0,0043
1788216023151,CASHCAT,A,Close Long,0.19522,914.0,0.08636,-3.528954,31694.0,0043
1788216023151,CASHCAT,A,Close Long,0.19521,2289.0,0.216267,-8.860719,30780.0,0043
1788216023151,CASHCAT,A,Close Long,0.19521,1000.0,0.094481,-3.871,28491.0,0043
1788216023151,CASHCAT,A,Close Long,0.19521,70.0,0.006613,-0.27097,27491.0,0043
1788216023151,CASHCAT,A,Close Long,0.19514,914.0,0.086324,-3.602074,27421.0,0043
1788216023151,CASHCAT,A,Close Long,0.19513,2289.0,0.216179,-9.043839,26507.0,0043
1788216023151,CASHCAT,A,Close Long,0.19511,831.0,0.078473,-3.299901,24218.0,0043
1788216023151,CASHCAT,A,Close Long,0.1951,2549.0,0.240697,-10.147569,23387.0,0043
1788216023151,CASHCAT,A,Close Long,0.19505,2289.0,0.21609,-9.226959,20838.0,0043
1788216023151,CASHCAT,A,Close Long,0.19505,914.0,0.086284,-3.684334,18549.0,0043
1788216023151,CASHCAT,A,Close Long,0.19504,10958.0,1.034427,-44.281278,17635.0,0043
1788216023151,CASHCAT,A,Close Long,0.19501,70.0,0.006606,-0.28497,6677.0,0043
1788216023151,CASHCAT,A,Close Long,0.19501,1000.0,0.094384,-4.071,6607.0,0043
1788216023151,CASHCAT,A,Close Long,0.195,5607.0,0.529188,-22.882167,5607.0,0043
1788216907251,PUMP,B,Open Long,0.004452,532702.0,1.147848,0.0,0.0,0044
1788216907251,PUMP,B,Open Long,0.004452,20899.0,0.045032,0.0,532702.0,0044
1788216907251,PUMP,B,Open Long,0.004452,32007.0,0.068967,0.0,553601.0,0044
1788216907251,PUMP,B,Open Long,0.004452,224685.0,0.484143,0.0,585608.0,0044
1788216907251,PUMP,B,Open Long,0.004452,89847.0,0.193598,0.0,810293.0,0044
1788216907251,PUMP,B,Open Long,0.004452,232704.0,0.501422,0.0,900140.0,0044
1788216907251,PUMP,B,Open Long,0.004452,22461.0,0.048397,0.0,1132844.0,0044
1788216907251,PUMP,B,Open Long,0.004452,537242.0,1.157631,0.0,1155305.0,0044
1788216907251,PUMP,B,Open Long,0.004452,102393.0,0.220632,0.0,1692547.0,0044
1788216907251,PUMP,B,Open Long,0.004453,33703.0,0.072637,0.0,1794940.0,0044
1788216907251,PUMP,B,Open Long,0.004453,168535.0,0.363234,0.0,1828643.0,0044
1788216907251,PUMP,B,Open Long,0.004453,89827.0,0.193598,0.0,1997178.0,0044
1788216907251,PUMP,B,Open Long,0.004453,332098.0,0.715754,0.0,2087005.0,0044
1788216907251,PUMP,B,Open Long,0.004453,80897.0,0.174352,0.0,2419103.0,0044
1788217373060,HYPE,A,Close Long,84.249,49.27,2.009058,5.32116,1000.06,0045
1788217373060,HYPE,A,Close Long,84.249,39.67,1.617603,4.28436,950.79,0045
1788217373060,HYPE,A,Close Long,84.248,49.59,2.022082,5.30613,911.12,0045
1788217373060,HYPE,A,Close Long,84.245,0.4,0.016309,0.0416,861.53,0045
1788217373060,HYPE,A,Close Long,84.243,17.33,0.706606,1.76766,861.13,0045
1788217373060,HYPE,A,Close Long,84.242,0.75,0.030579,0.07575,843.8,0045
1788217373060,HYPE,A,Close Long,84.242,1.0,0.040772,0.101,843.05,0045
1788217373060,HYPE,A,Close Long,84.242,3.0,0.122318,0.303,842.05,0045
1788217373060,HYPE,A,Close Long,84.242,227.91,9.292603,23.01891,839.05,0045
1788217373060,HYPE,A,Close Long,84.241,0.13,0.0053,0.013,611.14,0045
1788217373060,HYPE,A,Close Long,84.24,2.63,0.10723,0.26037,611.01,0045
1788217373060,HYPE,A,Close Long,84.24,34.71,1.415201,3.43629,608.38,0045
1788217373060,HYPE,A,Close Long,84.239,0.75,0.030577,0.0735,573.67,0045
1788217373060,HYPE,A,Close Long,84.238,0.13,0.0053,0.01261,572.92,0045
1788217373060,HYPE,A,Close Long,84.237,49.59,2.021819,4.76064,572.79,0045
1788217373060,HYPE,A,Close Long,84.237,0.2,0.008153,0.0192,523.2,0045
1788217373060,HYPE,A,Close Long,84.235,1.19,0.048515,0.11186,523.0,0045
1788217373060,HYPE,A,Close Long,84.234,0.43,0.01753,0.03999,521.81,0045
1788217373060,HYPE,A,Close Long,84.234,14.36,0.585446,1.33548,521.38,0045
1788217373060,HYPE,A,Close Long,84.233,3.0,0.122305,0.276,507.02,0045
1788217373060,HYPE,A,Close Long,84.233,49.69,2.025799,4.57148,504.02,0045
1788217373060,HYPE,A,Close Long,84.232,2.15,0.08765,0.19565,454.33,0045
1788217373060,HYPE,A,Close Long,84.232,20.17,0.822295,1.83547,452.18,0045
1788217373060,HYPE,A,Close Long,84.232,14.13,0.576055,1.28583,432.01,0045
1788217373060,HYPE,A,Close Long,84.231,0.35,0.014268,0.0315,417.88,0045
1788217373060,HYPE,A,Close Long,84.23,11.86,0.483499,1.05554,417.53,0045
1788217373060,HYPE,A,Close Long,84.228,52.71,2.148793,4.58577,405.67,0045
1788217373060,HYPE,A,Close Long,84.227,2.4,0.097837,0.2064,352.96,0045
1788217373060,HYPE,A,Close Long,84.227,5.0,0.203828,0.43,350.56,0045
1788217373060,HYPE,A,Close Long,84.227,20.09,0.818986,1.72774,345.56,0045
1788217373060,HYPE,A,Close Long,84.227,4.75,0.193637,0.4085,325.47,0045
1788217373060,HYPE,A,Close Long,84.226,129.47,5.277894,11.00495,320.72,0045
1788217373060,HYPE,A,Close Long,84.225,0.16,0.006521,0.01344,191.25,0045
1788217373060,HYPE,A,Close Long,84.225,3.0,0.122294,0.252,191.09,0045
1788217373060,HYPE,A,Close Long,84.225,2.0,0.081529,0.168,188.09,0045
1788217373060,HYPE,A,Close Long,84.223,1.75,0.071336,0.1435,186.09,0045
1788217373060,HYPE,A,Close Long,84.223,1.56,0.06359,0.12792,184.34,0045
1788217373060,HYPE,A,Close Long,84.222,12.74,0.519325,1.03194,182.78,0045
1788217373060,HYPE,A,Close Long,84.221,0.5,0.020381,0.04,170.04,0045
1788217373060,HYPE,A,Close Long,84.22,50.0,2.038124,3.95,169.54,0045
1788217373060,HYPE,A,Close Long,84.219,4.75,0.193619,0.3705,119.54,0045
1788217373060,HYPE,A,Close Long,84.219,13.0,0.529905,1.014,114.79,0045
1788217373060,HYPE,A,Close Long,84.217,5.0,0.203804,0.38,101.79,0045
1788217373060,HYPE,A,Close Long,84.217,3.0,0.122282,0.228,96.79,0045
1788217373060,HYPE,A,Close Long,84.217,22.4,0.913046,1.7024,93.79,0045
1788217373060,HYPE,A,Close Long,84.215,32.62,1.329592,2.41388,71.39,0045
1788217373060,HYPE,A,Close Long,84.215,4.75,0.19361,0.3515,38.77,0045
1788217373060,HYPE,A,Close Long,84.214,24.68,1.005946,1.80164,34.02,0045
1788217373060,HYPE,A,Close Long,84.213,4.75,0.193605,0.342,9.34,0045
1788217373060,HYPE,A,Close Long,84.212,4.59,0.187081,0.32589,4.59,0045
1788217375168,PUMP,A,Close Long,0.004432,86761.0,0.186109,-1.73522,2500000.0,0046
1788217375168,PUMP,A,Close Long,0.004432,18000.0,0.03861,-0.36,2413239.0,0046
1788217375168,PUMP,A,Close Long,0.004432,22563.0,0.048398,-0.45126,2395239.0,0046
1788217375168,PUMP,A,Close Long,0.004431,47374.0,0.101598,-0.994854,2372676.0,0046
1788217375168,PUMP,A,Close Long,0.004431,68595.0,0.147108,-1.440495,2325302.0,0046
1788217375168,PUMP,A,Close Long,0.004431,90273.0,0.193598,-1.895733,2256707.0,0046
1788217375168,PUMP,A,Close Long,0.004431,175255.0,0.375852,-3.680355,2166434.0,0046
1788217375168,PUMP,A,Close Long,0.004431,23996.0,0.051461,-0.503916,1991179.0,0046
1788217375168,PUMP,A,Close Long,0.004431,103557.0,0.222088,-2.174697,1967183.0,0046
1788217375168,PUMP,A,Close Long,0.00443,150322.0,0.322307,-3.307084,1863626.0,0046
1788217375168,PUMP,A,Close Long,0.00443,105358.0,0.225899,-2.317876,1713304.0,0046
1788217375168,PUMP,A,Close Long,0.00443,225743.0,0.484019,-4.966346,1607946.0,0046
1788217375168,PUMP,A,Close Long,0.00443,112993.0,0.242269,-2.485846,1382203.0,0046
1788217375168,PUMP,A,Close Long,0.00443,46951.0,0.100668,-1.032922,1269210.0,0046
1788217375168,PUMP,A,Close Long,0.004429,11289.0,0.024198,-0.259647,1222259.0,0046
1788217375168,PUMP,A,Close Long,0.004429,582112.0,1.247835,-13.388576,1210970.0,0046
1788217375168,PUMP,A,Close Long,0.004429,561545.0,1.203747,-12.915535,628858.0,0046
1788217375168,PUMP,A,Close Long,0.004429,67313.0,0.144293,-1.548199,67313.0,0046
1788221496948,LIT,B,Open Long,3.5696,53.0,0.091566,0.0,0.0,0047
1788221496948,LIT,B,Open Long,3.5699,53.0,0.091574,0.0,53.0,0047
1788221496948,LIT,B,Open Long,3.57,112.0,0.193522,0.0,106.0,0047
1788221496948,LIT,B,Open Long,3.5701,39.0,0.067388,0.0,218.0,0047
1788221496948,LIT,B,Open Long,3.5702,112.0,0.193533,0.0,257.0,0047
1788221496948,LIT,B,Open Long,3.5703,50.0,0.0864,0.0,369.0,0047
1788221496948,LIT,B,Open Long,3.5703,53.0,0.091584,0.0,419.0,0047
1788221496948,LIT,B,Open Long,3.5704,50.0,0.086403,0.0,472.0,0047
1788221496948,LIT,B,Open Long,3.5704,112.0,0.193543,0.0,522.0,0047
1788221496948,LIT,B,Open Long,3.5705,285.0,0.492514,0.0,634.0,0047
1788221496948,LIT,B,Open Long,3.5707,112.0,0.193559,0.0,919.0,0047
1788221496948,LIT,B,Open Long,3.5708,50.0,0.086413,0.0,1031.0,0047
1788221496948,LIT,B,Open Long,3.571,50.0,0.086418,0.0,1081.0,0047
1788221496948,LIT,B,Open Long,3.571,207.0,0.35777,0.0,1131.0,0047
1788221496948,LIT,B,Open Long,3.5711,1332.0,2.302244,0.0,1338.0,0047
1788221496948,LIT,B,Open Long,3.5711,55.0,0.095062,0.0,2670.0,0047
1788221496948,LIT,B,Open Long,3.5711,50.0,0.08642,0.0,2725.0,0047
1788221496948,LIT,B,Open Long,3.5713,50.0,0.086424,0.0,2775.0,0047
1788221496948,LIT,B,Open Long,3.5714,56.0,0.096798,0.0,2825.0,0047
1788221496948,LIT,B,Open Long,3.5714,28.0,0.048398,0.0,2881.0,0047
1788221496948,LIT,B,Open Long,3.5715,55.0,0.095073,0.0,2909.0,0047
1788221496948,LIT,B,Open Long,3.5715,46.0,0.079514,0.0,2964.0,0047
1788221496948,LIT,B,Open Long,3.5717,105.0,0.181512,0.0,3010.0,0047
1788221496948,LIT,B,Open Long,3.5718,1332.0,2.302695,0.0,3115.0,0047
1788221496948,LIT,B,Open Long,3.5719,553.0,0.956026,0.0,4447.0,0047
1788221499042,LIT,B,Open Long,3.572,4094.0,7.077902,0.0,5000.0,0048
1788221499042,LIT,B,Open Long,3.5735,4.0,0.006917,0.0,9094.0,0048
1788221499042,LIT,B,Open Long,3.5742,3.0,0.005189,0.0,9098.0,0048
1788221499042,LIT,B,Open Long,3.5744,212.0,0.366761,0.0,9101.0,0048
1788221499042,LIT,B,Open Long,3.5744,53.0,0.09169,0.0,9313.0,0048
1788221499042,LIT,B,Open Long,3.5744,49.0,0.084769,0.0,9366.0,0048
1788221499042,LIT,B,Open Long,3.5745,4.0,0.006919,0.0,9415.0,0048
1788221499042,LIT,B,Open Long,3.5746,126.0,0.217992,0.0,9419.0,0048
1788221499042,LIT,B,Open Long,3.5747,13.0,0.022491,0.0,9545.0,0048
1788221499042,LIT,B,Open Long,3.5748,442.0,0.764749,0.0,9558.0,0048
1788221611870,PUMP,B,Open Long,0.004528,40000.0,0.038977,0.0,0.0,0061
1788221614260,PUMP,B,Open Long,0.004527,40000.0,0.038968,0.0,40000.0,0059
1788221614260,PUMP,B,Open Long,0.004527,13414.0,0.013067,0.0,80000.0,0060
1788221614260,PUMP,B,Open Long,0.004527,26586.0,0.025899,0.0,93414.0,0060
1788221616768,PUMP,B,Open Long,0.004526,40000.0,0.038959,0.0,120000.0,0058
1788221618944,PUMP,B,Open Long,0.004525,40000.0,0.038951,0.0,160000.0,0056
1788221618944,PUMP,B,Open Long,0.004525,40000.0,0.038951,0.0,200000.0,0057
1788221621442,PUMP,B,Open Long,0.004524,40000.0,0.038942,0.0,240000.0,0055
1788221621442,PUMP,B,Open Long,0.004523,40000.0,0.038933,0.0,280000.0,0053
1788221621442,PUMP,B,Open Long,0.004523,40000.0,0.038933,0.0,320000.0,0054
1788221621442,PUMP,B,Open Long,0.004522,40000.0,0.038925,0.0,360000.0,0052
1788221623951,PUMP,B,Open Long,0.004521,40000.0,0.038916,0.0,400000.0,0051
1788221631435,PUMP,B,Open Long,0.00452,40000.0,0.038908,0.0,440000.0,0049
1788221631435,PUMP,B,Open Long,0.00452,27634.0,0.026879,0.0,480000.0,0050
1788221633777,PUMP,B,Open Long,0.00452,12366.0,0.012028,0.0,507634.0,0050
1788221659912,ENA,B,Open Long,0.15182,2674.0,0.196487,0.0,0.0,0062
1788221659912,ENA,B,Open Long,0.15182,2838.0,0.208538,0.0,2674.0,0062
1788221659912,ENA,B,Open Long,0.15182,7766.0,0.570652,0.0,5512.0,0062
1788221659912,ENA,B,Open Long,0.15182,2635.0,0.193621,0.0,13278.0,0062
1788221659912,ENA,B,Open Long,0.15182,3080.0,0.22632,0.0,15913.0,0062
1788221659912,ENA,B,Open Long,0.15182,2000.0,0.146961,0.0,18993.0,0062
1788221659912,ENA,B,Open Long,0.15182,320.0,0.023513,0.0,20993.0,0062
1788221659912,ENA,B,Open Long,0.15183,802.0,0.058934,0.0,21313.0,0062
1788221659912,ENA,B,Open Long,0.15185,1765.0,0.129718,0.0,22115.0,0062
1788221659912,ENA,B,Open Long,0.15186,2634.0,0.193598,0.0,23880.0,0062
1788221659912,ENA,B,Open Long,0.15187,2000.0,0.14701,0.0,26514.0,0062
1788221659912,ENA,B,Open Long,0.15187,15100.0,1.109926,0.0,28514.0,0062
1788221659912,ENA,B,Open Long,0.15187,29906.0,2.198242,0.0,43614.0,0062
1788221659912,ENA,B,Open Long,0.15188,2634.0,0.193624,0.0,73520.0,0062
1788221659912,ENA,B,Open Long,0.15188,23846.0,1.752917,0.0,76154.0,0062
1788221937477,ENA,B,Open Long,0.15199,2632.0,0.193617,0.0,100000.0,0063
1788221937477,ENA,B,Open Long,0.152,2209.0,0.16251,0.0,102632.0,0063
1788221937477,ENA,B,Open Long,0.152,5468.0,0.402269,0.0,104841.0,0063
1788221937477,ENA,B,Open Long,0.15203,2631.0,0.193595,0.0,110309.0,0063
1788221937477,ENA,B,Open Long,0.15204,30439.0,2.239925,0.0,112940.0,0063
1788221937477,ENA,B,Open Long,0.15205,2631.0,0.19362,0.0,143379.0,0063
1788221937477,ENA,B,Open Long,0.15205,767.0,0.056444,0.0,146010.0,0063
1788221937477,ENA,B,Open Long,0.15205,744.0,0.054752,0.0,146777.0,0063
1788221937477,ENA,B,Open Long,0.15206,2479.0,0.182446,0.0,147521.0,0063
1788222012942,CASHCAT,B,Open Long,0.20027,498.0,0.048271,0.0,0.0,0064
1788222012942,CASHCAT,B,Open Long,0.20079,4357.0,0.423423,0.0,498.0,0064
1788222012942,CASHCAT,B,Open Long,0.20092,76.0,0.007389,0.0,4855.0,0064
1788222012942,CASHCAT,B,Open Long,0.20093,4357.0,0.423718,0.0,4931.0,0064
1788222012942,CASHCAT,B,Open Long,0.20094,102.0,0.009919,0.0,9288.0,0064
1788222012942,CASHCAT,B,Open Long,0.20096,4166.0,0.405203,0.0,9390.0,0064
1788222012942,CASHCAT,B,Open Long,0.20097,10842.0,1.054595,0.0,13556.0,0064
1788222012942,CASHCAT,B,Open Long,0.20099,84.0,0.008171,0.0,24398.0,0064
1788222012942,CASHCAT,B,Open Long,0.20105,500.0,0.048653,0.0,24482.0,0064
1788222012942,CASHCAT,B,Open Long,0.20106,4251.0,0.413677,0.0,24982.0,0064
1788222012942,CASHCAT,B,Open Long,0.20106,1000.0,0.097313,0.0,29233.0,0064
1788222012942,CASHCAT,B,Open Long,0.20108,4166.0,0.405445,0.0,30233.0,0064
1788222012942,CASHCAT,B,Open Long,0.20109,4357.0,0.424055,0.0,34399.0,0064
1788222012942,CASHCAT,B,Open Long,0.2011,78.0,0.007591,0.0,38756.0,0064
1788222012942,CASHCAT,B,Open Long,0.20112,11166.0,1.086921,0.0,38834.0,0064
1788222184156,AERO,B,Open Long,0.47629,66.0,0.015214,0.0,0.0,0065
1788222184156,AERO,B,Open Long,0.47633,66.0,0.015215,0.0,66.0,0065
1788222184156,AERO,B,Open Long,0.47634,66.0,0.015215,0.0,132.0,0065
1788222184156,AERO,B,Open Long,0.47638,1951.0,0.449837,0.0,198.0,0065
1788222184156,AERO,B,Open Long,0.4764,82.0,0.018906,0.0,2149.0,0065
1788222184156,AERO,B,Open Long,0.4764,428.0,0.098686,0.0,2231.0,0065
1788222184156,AERO,B,Open Long,0.4764,420.0,0.096841,0.0,2659.0,0065
1788222184156,AERO,B,Open Long,0.4764,428.0,0.098686,0.0,3079.0,0065
1788222184156,AERO,B,Open Long,0.47641,210.0,0.048421,0.0,3507.0,0065
1788222184156,AERO,B,Open Long,0.47645,424.0,0.097774,0.0,3717.0,0065
1788222184156,AERO,B,Open Long,0.47649,221.0,0.050966,0.0,4141.0,0065
1788222184156,AERO,B,Open Long,0.47652,547.0,0.126157,0.0,4362.0,0065
1788222184156,AERO,B,Open Long,0.47654,839.0,0.19351,0.0,4909.0,0065
1788222184156,AERO,B,Open Long,0.47655,932.0,0.214965,0.0,5748.0,0065
1788222184156,AERO,B,Open Long,0.47657,839.0,0.193523,0.0,6680.0,0065
1788222184156,AERO,B,Open Long,0.47658,1892.0,0.436416,0.0,7519.0,0065
1788222184156,AERO,B,Open Long,0.47661,3961.0,0.91372,0.0,9411.0,0065
1788222184156,AERO,B,Open Long,0.47669,418.0,0.096439,0.0,13372.0,0065
1788222184156,AERO,B,Open Long,0.47696,839.0,0.193681,0.0,13790.0,0065
1788222184156,AERO,B,Open Long,0.47697,1892.0,0.436774,0.0,14629.0,0065
1788222184156,AERO,B,Open Long,0.47698,839.0,0.193689,0.0,16521.0,0065
1788222184156,AERO,B,Open Long,0.47699,2640.0,0.609478,0.0,17360.0,0065
1788222196613,AERO,B,Open Long,0.47678,63.0,0.014537,0.0,20000.0,0066
1788222196613,AERO,B,Open Long,0.47679,2041.0,0.470993,0.0,20063.0,0066
1788222196613,AERO,B,Open Long,0.4768,62.0,0.014307,0.0,22104.0,0066
1788222196613,AERO,B,Open Long,0.4768,839.0,0.193616,0.0,22166.0,0066
1788222196613,AERO,B,Open Long,0.47683,839.0,0.193629,0.0,23005.0,0066
1788222196613,AERO,B,Open Long,0.47684,414.0,0.095547,0.0,23844.0,0066
1788222196613,AERO,B,Open Long,0.47684,421.0,0.097161,0.0,24258.0,0066
1788222196613,AERO,B,Open Long,0.47684,428.0,0.098777,0.0,24679.0,0066
1788222196613,AERO,B,Open Long,0.47684,414.0,0.095547,0.0,25107.0,0066
1788222196613,AERO,B,Open Long,0.47684,426.0,0.098316,0.0,25521.0,0066
1788222196613,AERO,B,Open Long,0.47691,839.0,0.19366,0.0,25947.0,0066
1788222196613,AERO,B,Open Long,0.47692,547.0,0.126263,0.0,26786.0,0066
1788222196613,AERO,B,Open Long,0.47698,3958.0,0.913736,0.0,27333.0,0066
1788222196613,AERO,B,Open Long,0.47698,1229.0,0.283724,0.0,31291.0,0066
1788222196613,AERO,B,Open Long,0.47706,221.0,0.051028,0.0,32520.0,0066
1788222196613,AERO,B,Open Long,0.47722,104.0,0.024021,0.0,32741.0,0066
1788222196613,AERO,B,Open Long,0.47733,838.0,0.1936,0.0,32845.0,0066
1788222196613,AERO,B,Open Long,0.47734,6021.0,1.391046,0.0,33683.0,0066
1788222196613,AERO,B,Open Long,0.47752,296.0,0.06841,0.0,39704.0,0066
1788222230165,ENA,B,Open Long,0.15253,327.0,0.024139,0.0,150000.0,0067
1788222230165,ENA,B,Open Long,0.15253,2127.0,0.157024,0.0,150327.0,0067
1788222230165,ENA,B,Open Long,0.15253,5286.0,0.390236,0.0,152454.0,0067
1788222230165,ENA,B,Open Long,0.15254,2127.0,0.157034,0.0,157740.0,0067
1788222230165,ENA,B,Open Long,0.15255,4478.0,0.330628,0.0,159867.0,0067
1788222230165,ENA,B,Open Long,0.15257,5964.0,0.440404,0.0,164345.0,0067
1788222230165,ENA,B,Open Long,0.15258,4952.0,0.365698,0.0,170309.0,0067
1788222230165,ENA,B,Open Long,0.15259,7766.0,0.573546,0.0,175261.0,0067
1788222230165,ENA,B,Open Long,0.1526,3017.0,0.22283,0.0,183027.0,0067
1788222230165,ENA,B,Open Long,0.15261,4850.0,0.358235,0.0,186044.0,0067
1788222230165,ENA,B,Open Long,0.15261,2621.0,0.193595,0.0,190894.0,0067
1788222230165,ENA,B,Open Long,0.15262,622.0,0.045944,0.0,193515.0,0067
1788222230165,ENA,B,Open Long,0.15262,661.0,0.048826,0.0,194137.0,0067
1788222230165,ENA,B,Open Long,0.15262,1684.0,0.124393,0.0,194798.0,0067
1788222230165,ENA,B,Open Long,0.15262,3518.0,0.259867,0.0,196482.0,0067
1788222468433,CASHCAT,B,Open Long,0.20457,1222.0,0.120992,0.0,50000.0,0068
1788222468433,CASHCAT,B,Open Long,0.20463,63.0,0.006239,0.0,51222.0,0068
1788222468433,CASHCAT,B,Open Long,0.20463,1000.0,0.09904,0.0,51285.0,0068
1788222468433,CASHCAT,B,Open Long,0.20467,488.0,0.04834,0.0,52285.0,0068
1788222468433,CASHCAT,B,Open Long,0.2047,7227.0,0.716012,0.0,52773.0,0068
1788222469037,CASHCAT,B,Open Long,0.2044,431.0,0.042638,0.0,60000.0,0069
1788222469037,CASHCAT,B,Open Long,0.20484,1000.0,0.099142,0.0,60431.0,0069
1788222469037,CASHCAT,B,Open Long,0.20484,63.0,0.006245,0.0,61431.0,0069
1788222469037,CASHCAT,B,Open Long,0.20489,4882.0,0.484131,0.0,61494.0,0069
1788222469037,CASHCAT,B,Open Long,0.20499,3559.0,0.353105,0.0,66376.0,0069
1788222469037,CASHCAT,B,Open Long,0.20505,65.0,0.00645,0.0,69935.0,0069
1788222471723,CASHCAT,B,Open Long,0.20483,4883.0,0.484088,0.0,70000.0,0070
1788222471723,CASHCAT,B,Open Long,0.20495,2384.0,0.236482,0.0,74883.0,0070
1788222471723,CASHCAT,B,Open Long,0.20507,2733.0,0.27126,0.0,77267.0,0070
1788222605935,PUMP,A,Close Long,0.004667,207209.0,0.468049,29.838096,520000.0,0071
1788222605935,PUMP,A,Close Long,0.004666,251195.0,0.567284,35.920885,312791.0,0071
1788222605935,PUMP,A,Close Long,0.004666,61596.0,0.139104,8.808228,61596.0,0071
1788222671419,ENA,A,Close Long,0.15242,8246.0,0.608317,2.778902,200000.0,0072
1788222671419,ENA,A,Close Long,0.15235,328.0,0.024185,0.087576,191754.0,0072
1788222671419,ENA,A,Close Long,0.15235,2626.0,0.193634,0.701142,191426.0,0072
1788222671419,ENA,A,Close Long,0.15234,30439.0,2.244344,7.822823,188800.0,0072
1788222671419,ENA,A,Close Long,0.15233,3047.0,0.224647,0.752609,158361.0,0072
1788222671419,ENA,A,Close Long,0.15232,2626.0,0.193596,0.622362,155314.0,0072
1788222671419,ENA,A,Close Long,0.15231,66.0,0.004865,0.014982,152688.0,0072
1788222671419,ENA,A,Close Long,0.15231,2622.0,0.193288,0.595194,152622.0,0072
1788223020624,ENA,B,Open Long,0.1529,211.0,0.015614,0.0,150000.0,0073
1788223020624,ENA,B,Open Long,0.1529,10068.0,0.745067,0.0,150211.0,0073
1788223020624,ENA,B,Open Long,0.15291,327.0,0.0242,0.0,160279.0,0073
1788223020624,ENA,B,Open Long,0.15293,10057.0,0.744399,0.0,160606.0,0073
1788223020624,ENA,B,Open Long,0.15293,29337.0,2.171468,0.0,170663.0,0073
1788223309302,ENA,B,Open Long,0.15176,2822.0,0.20728,0.0,200000.0,0074
1788223309302,ENA,B,Open Long,0.15176,2636.0,0.193618,0.0,202822.0,0074
1788223309302,ENA,B,Open Long,0.15177,2636.0,0.193631,0.0,205458.0,0074
1788223309302,ENA,B,Open Long,0.1518,2635.0,0.193596,0.0,208094.0,0074
1788223309302,ENA,B,Open Long,0.15181,810.0,0.059514,0.0,210729.0,0074
1788223309302,ENA,B,Open Long,0.15181,911.0,0.066935,0.0,211539.0,0074
1788223309302,ENA,B,Open Long,0.15181,1470.0,0.108009,0.0,212450.0,0074
1788223309302,ENA,B,Open Long,0.15181,2892.0,0.212492,0.0,213920.0,0074
1788223309302,ENA,B,Open Long,0.15181,33188.0,2.438522,0.0,216812.0,0074
1788223397638,CASHCAT,A,Close Long,0.20295,900.0,0.088404,0.4581,80000.0,0075
1788223397638,CASHCAT,A,Close Long,0.20295,58.0,0.005697,0.029522,79100.0,0075
1788223397638,CASHCAT,A,Close Long,0.2029,841.0,0.082588,0.386019,79042.0,0075
1788223397638,CASHCAT,A,Close Long,0.2029,3875.0,0.380538,1.778625,78201.0,0075
1788223397638,CASHCAT,A,Close Long,0.20285,1232.0,0.120956,0.503888,74326.0,0075
1788223397638,CASHCAT,A,Close Long,0.20281,4415.0,0.433375,1.629135,73094.0,0075
1788223397638,CASHCAT,A,Close Long,0.2028,984.0,0.096584,0.353256,68679.0,0075
1788223397638,CASHCAT,A,Close Long,0.2028,493.0,0.04839,0.176987,67695.0,0075
1788223397638,CASHCAT,A,Close Long,0.20277,841.0,0.082535,0.276689,67202.0,0075
1788223397638,CASHCAT,A,Close Long,0.20274,900.0,0.088312,0.2691,66361.0,0075
1788223397638,CASHCAT,A,Close Long,0.20274,1233.0,0.120988,0.368667,65461.0,0075
1788223397638,CASHCAT,A,Close Long,0.20272,4415.0,0.433183,1.231785,64228.0,0075
1788223397638,CASHCAT,A,Close Long,0.20271,9813.0,0.962769,2.639697,59813.0,0075
1788223803141,LIT,B,Open Long,3.5827,202.0,0.350272,0.0,10000.0,0076
1788223803141,LIT,B,Open Long,3.5835,50.0,0.08672,0.0,10202.0,0076
1788223803141,LIT,B,Open Long,3.5836,50.0,0.086723,0.0,10252.0,0076
1788223803141,LIT,B,Open Long,3.5836,112.0,0.194259,0.0,10302.0,0076
1788223803141,LIT,B,Open Long,3.5837,112.0,0.194264,0.0,10414.0,0076
1788223803141,LIT,B,Open Long,3.5838,1216.0,2.109223,0.0,10526.0,0076
1788223803141,LIT,B,Open Long,3.5838,134.0,0.23243,0.0,11742.0,0076
1788223803141,LIT,B,Open Long,3.5838,27.0,0.046832,0.0,11876.0,0076
1788223803141,LIT,B,Open Long,3.5839,372.0,0.645273,0.0,11903.0,0076
1788223803141,LIT,B,Open Long,3.5839,54.0,0.093668,0.0,12275.0,0076
1788223803141,LIT,B,Open Long,3.5842,54.0,0.093675,0.0,12329.0,0076
1788223803141,LIT,B,Open Long,3.5843,117.0,0.202971,0.0,12383.0,0076
1788223975155,CASHCAT,A,Close Long,0.20296,365.0,0.035854,0.189435,50000.0,0077
1788223975155,CASHCAT,A,Close Long,0.2029,365.0,0.035843,0.167535,49635.0,0077
1788223975155,CASHCAT,A,Close Long,0.20285,336.0,0.032987,0.137424,49270.0,0077
1788223975155,CASHCAT,A,Close Long,0.20284,364.0,0.035735,0.145236,48934.0,0077
1788223975155,CASHCAT,A,Close Long,0.20278,364.0,0.035724,0.123396,48570.0,0077
1788223975155,CASHCAT,A,Close Long,0.20273,364.0,0.035715,0.105196,48206.0,0077
1788223975155,CASHCAT,A,Close Long,0.20272,4438.0,0.43544,1.238202,47842.0,0077
1788223975155,CASHCAT,A,Close Long,0.20271,827.0,0.081138,0.222463,43404.0,0077
1788223975155,CASHCAT,A,Close Long,0.2027,1233.0,0.120964,0.319347,42577.0,0077
1788223975155,CASHCAT,A,Close Long,0.20263,364.0,0.035697,0.068796,41344.0,0077
1788223975155,CASHCAT,A,Close Long,0.20262,4438.0,0.435225,0.794402,40980.0,0077
1788223975155,CASHCAT,A,Close Long,0.20259,493.0,0.048339,0.073457,36542.0,0077
1788223975155,CASHCAT,A,Close Long,0.20258,832.0,0.081575,0.115648,36049.0,0077
1788223975155,CASHCAT,A,Close Long,0.20253,4438.0,0.435032,0.394982,35217.0,0077
1788223975155,CASHCAT,A,Close Long,0.20244,4438.0,0.434838,-0.004438,30779.0,0077
1788223975155,CASHCAT,A,Close Long,0.2024,265.0,0.025959,-0.010865,26341.0,0077
1788223975155,CASHCAT,A,Close Long,0.20239,10673.0,1.045491,-0.544323,26076.0,0077
1788223975155,CASHCAT,A,Close Long,0.20235,15403.0,1.508529,-1.401673,15403.0,0077
1788224015917,ENA,A,Close Long,0.15122,8626.0,0.63134,-8.41035,250000.0,0078
1788224015917,ENA,A,Close Long,0.15121,2645.0,0.193575,-2.605325,241374.0,0078
1788224015917,ENA,A,Close Long,0.1512,13676.0,1.00082,-13.60762,238729.0,0078
1788224015917,ENA,A,Close Long,0.1512,5973.0,0.437108,-5.943135,225053.0,0078
1788224015917,ENA,A,Close Long,0.15119,2646.0,0.193622,-2.65923,219080.0,0078
1788224015917,ENA,A,Close Long,0.15119,3061.0,0.223991,-3.076305,216434.0,0078
1788224015917,ENA,A,Close Long,0.15118,13373.0,0.978517,-13.573595,213373.0,0078
1788224035440,LIT,A,Close Long,3.5714,93.0,0.160755,-0.263097,12500.0,0079
1788224035440,LIT,A,Close Long,3.5691,50.0,0.086371,-0.25645,12407.0,0079
1788224035440,LIT,A,Close Long,3.5689,60.0,0.10364,-0.31974,12357.0,0079
1788224035440,LIT,A,Close Long,3.5686,200.0,0.34544,-1.1258,12297.0,0079
1788224035440,LIT,A,Close Long,3.5684,310.0,0.535402,-1.80699,12097.0,0079
1788224035440,LIT,A,Close Long,3.5682,112.0,0.193424,-0.675248,11787.0,0079
1788224035440,LIT,A,Close Long,3.568,199.0,0.343655,-1.239571,11675.0,0079
1788224035440,LIT,A,Close Long,3.5679,182.0,0.314288,-1.151878,11476.0,0079
1788224035440,LIT,A,Close Long,3.5679,57.0,0.098431,-0.360753,11294.0,0079
1788224035440,LIT,A,Close Long,3.5679,112.0,0.193408,-0.708848,11237.0,0079
1788224035440,LIT,A,Close Long,3.5678,28.0,0.048349,-0.180012,11125.0,0079
1788224035440,LIT,A,Close Long,3.5678,29.0,0.050077,-0.186441,11097.0,0079
1788224035440,LIT,A,Close Long,3.5677,420.0,0.725241,-2.74218,11068.0,0079
1788224035440,LIT,A,Close Long,3.5675,14.0,0.024172,-0.094206,10648.0,0079
1788224035440,LIT,A,Close Long,3.5673,1216.0,2.099512,-8.425664,10634.0,0079
1788224035440,LIT,A,Close Long,3.5671,1489.0,2.570723,-10.615081,9418.0,0079
1788224035440,LIT,A,Close Long,3.567,208.0,0.359096,-1.503632,7929.0,0079
1788224035440,LIT,A,Close Long,3.5668,201.0,0.346991,-1.493229,7721.0,0079
1788224035440,LIT,A,Close Long,3.5667,192.0,0.331445,-1.445568,7520.0,0079
1788224035440,LIT,A,Close Long,3.5666,201.0,0.346972,-1.533429,7328.0,0079
1788224035440,LIT,A,Close Long,3.5664,4.0,0.006903,-0.031316,7127.0,0079
1788224035440,LIT,A,Close Long,3.5664,1489.0,2.570217,-11.657381,7123.0,0079
1788224035440,LIT,A,Close Long,3.5664,224.0,0.386654,-1.753696,5634.0,0079
1788224035440,LIT,A,Close Long,3.5662,3523.0,6.080841,-28.286167,5410.0,0079
1788224035440,LIT,A,Close Long,3.5661,618.0,1.066662,-5.023722,1887.0,0079
1788224035440,LIT,A,Close Long,3.5656,182.0,0.314085,-1.570478,1269.0,0079
1788224035440,LIT,A,Close Long,3.5655,1087.0,1.875837,-9.488423,1087.0,0079
1788224050867,ENA,B,Open Long,0.15085,14354.0,1.048005,0.0,200000.0,0080
1788224050867,ENA,B,Open Long,0.15086,2651.0,0.193565,0.0,214354.0,0080
1788224050867,ENA,B,Open Long,0.15086,5698.0,0.416046,0.0,217005.0,0080
1788224050867,ENA,B,Open Long,0.15087,14354.0,1.048143,0.0,222703.0,0080
1788224050867,ENA,B,Open Long,0.15088,2651.0,0.193591,0.0,237057.0,0080
1788224050867,ENA,B,Open Long,0.15089,7766.0,0.567156,0.0,239708.0,0080
1788224050867,ENA,B,Open Long,0.15089,2526.0,0.184474,0.0,247474.0,0080
1788224141920,ENA,A,Close Long,0.1505,50000.0,3.6421,-71.45,250000.0,0081
1788224142391,ENA,A,Close Long,0.15051,13803.0,1.005503,-19.586457,200000.0,0082
1788224142391,ENA,A,Close Long,0.15051,2658.0,0.193626,-3.771702,186197.0,0082
1788224142391,ENA,A,Close Long,0.1505,33539.0,2.443046,-47.927231,183539.0,0082
1788224280075,AERO,A,Close Long,0.47509,806.0,0.185334,-1.429038,40000.0,0083
1788224280075,AERO,A,Close Long,0.47508,1965.0,0.451829,-3.503595,39194.0,0083
1788224280075,AERO,A,Close Long,0.47504,424.0,0.097485,-0.772952,37229.0,0083
1788224280075,AERO,A,Close Long,0.47504,417.0,0.095876,-0.760191,36805.0,0083
1788224280075,AERO,A,Close Long,0.47489,842.0,0.19353,-1.661266,36388.0,0083
1788224280075,AERO,A,Close Long,0.47488,1414.0,0.324996,-2.803962,35546.0,0083
1788224280075,AERO,A,Close Long,0.47488,1407.0,0.323386,-2.790081,34132.0,0083
1788224280075,AERO,A,Close Long,0.47483,105.0,0.02413,-0.213465,32725.0,0083
1788224280075,AERO,A,Close Long,0.47473,208.0,0.047791,-0.443664,32620.0,0083
1788224280075,AERO,A,Close Long,0.4747,843.0,0.193683,-1.823409,32412.0,0083
1788224280075,AERO,A,Close Long,0.47469,877.0,0.20149,-1.905721,31569.0,0083
1788224280075,AERO,A,Close Long,0.47455,843.0,0.193621,-1.949859,30692.0,0083
1788224280075,AERO,A,Close Long,0.47454,4224.0,0.970156,-9.812352,29849.0,0083
1788224280075,AERO,A,Close Long,0.47448,843.0,0.193592,-2.008869,25625.0,0083
1788224280075,AERO,A,Close Long,0.47447,410.0,0.094153,-0.98113,24782.0,0083
1788224280075,AERO,A,Close Long,0.47446,873.0,0.200474,-2.097819,24372.0,0083
1788224280075,AERO,A,Close Long,0.47444,423.0,0.097132,-1.024929,23499.0,0083
1788224280075,AERO,A,Close Long,0.47439,426.0,0.097811,-1.053498,23076.0,0083
1788224280075,AERO,A,Close Long,0.47439,1554.0,0.356805,-3.843042,22650.0,0083
1788224280075,AERO,A,Close Long,0.47439,1096.0,0.251646,-2.710408,21096.0,0083
1788224384524,ENA,B,Open Long,0.15068,2655.0,0.193626,0.0,150000.0,0084
1788224384524,ENA,B,Open Long,0.15069,12488.0,0.910798,0.0,152655.0,0084
1788224384524,ENA,B,Open Long,0.1507,2654.0,0.193578,0.0,165143.0,0084
1788224384524,ENA,B,Open Long,0.1507,1086.0,0.079211,0.0,167797.0,0084
1788224384524,ENA,B,Open Long,0.1507,1041.0,0.075928,0.0,168883.0,0084
1788224384524,ENA,B,Open Long,0.15071,2654.0,0.193591,0.0,169924.0,0084
1788224384524,ENA,B,Open Long,0.15071,4688.0,0.341958,0.0,172578.0,0084
1788224384524,ENA,B,Open Long,0.15072,4000.0,0.291793,0.0,177266.0,0084
1788224384524,ENA,B,Open Long,0.15072,919.0,0.067039,0.0,181266.0,0084
1788224384524,ENA,B,Open Long,0.15072,1077.0,0.078564,0.0,182185.0,0084
1788224384524,ENA,B,Open Long,0.15072,1899.0,0.138528,0.0,183262.0,0084
1788224384524,ENA,B,Open Long,0.15073,4417.0,0.322234,0.0,185161.0,0084
1788224384524,ENA,B,Open Long,0.15073,4653.0,0.339451,0.0,189578.0,0084
1788224384524,ENA,B,Open Long,0.15073,4000.0,0.291813,0.0,194231.0,0084
1788224384524,ENA,B,Open Long,0.15073,2654.0,0.193617,0.0,198231.0,0084
1788224384524,ENA,B,Open Long,0.15073,1832.0,0.133649,0.0,200885.0,0084
1788224384524,ENA,B,Open Long,0.15074,4000.0,0.291832,0.0,202717.0,0084
1788224384524,ENA,B,Open Long,0.15074,40890.0,2.983258,0.0,206717.0,0084
1788224384524,ENA,B,Open Long,0.15075,331.0,0.024149,0.0,247607.0,0084
1788224384524,ENA,B,Open Long,0.15075,1357.0,0.09901,0.0,247938.0,0084
1788224384524,ENA,B,Open Long,0.15075,705.0,0.051438,0.0,249295.0,0084
1788224461171,LIT,B,Open Long,3.5812,467.0,0.809451,0.0,0.0,0085
1788224461171,LIT,B,Open Long,3.5818,13.0,0.022536,0.0,467.0,0085
1788224461171,LIT,B,Open Long,3.5821,28.0,0.048543,0.0,480.0,0085
1788224461171,LIT,B,Open Long,3.5821,55.0,0.095354,0.0,508.0,0085
1788224461171,LIT,B,Open Long,3.5823,50.0,0.086691,0.0,563.0,0085
1788224461171,LIT,B,Open Long,3.5823,112.0,0.194188,0.0,613.0,0085
1788224461171,LIT,B,Open Long,3.5823,55.0,0.09536,0.0,725.0,0085
1788224461171,LIT,B,Open Long,3.5823,27.0,0.046813,0.0,780.0,0085
1788224461171,LIT,B,Open Long,3.5824,134.0,0.232339,0.0,807.0,0085
1788224461171,LIT,B,Open Long,3.5829,112.0,0.194221,0.0,941.0,0085
1788224461171,LIT,B,Open Long,3.5829,53.0,0.091908,0.0,1053.0,0085
1788224461171,LIT,B,Open Long,3.583,201.0,0.348568,0.0,1106.0,0085
1788224461171,LIT,B,Open Long,3.5831,112.0,0.194231,0.0,1307.0,0085
1788224461171,LIT,B,Open Long,3.5831,50.0,0.08671,0.0,1419.0,0085
1788224461171,LIT,B,Open Long,3.5832,220.0,0.381538,0.0,1469.0,0085
1788224461171,LIT,B,Open Long,3.5832,50.0,0.086713,0.0,1689.0,0085
1788224461171,LIT,B,Open Long,3.5833,1337.0,2.318781,0.0,1739.0,0085
1788224461171,LIT,B,Open Long,3.5834,32.0,0.055498,0.0,3076.0,0085
1788224461171,LIT,B,Open Long,3.5834,134.0,0.232404,0.0,3108.0,0085
1788224461171,LIT,B,Open Long,3.5834,61.0,0.105795,0.0,3242.0,0085
1788224461171,LIT,B,Open Long,3.5835,29.0,0.050297,0.0,3303.0,0085
1788224461171,LIT,B,Open Long,3.5836,134.0,0.232417,0.0,3332.0,0085
1788224461171,LIT,B,Open Long,3.5838,1216.0,2.109223,0.0,3466.0,0085
1788224461171,LIT,B,Open Long,3.5839,182.0,0.315697,0.0,4682.0,0085
1788224461171,LIT,B,Open Long,3.584,136.0,0.235912,0.0,4864.0,0085
1788224897047,CASHCAT,B,Open Long,0.21018,361.0,0.036722,0.0,0.0,0090
1788224897047,CASHCAT,B,Open Long,0.2102,327.0,0.033267,0.0,361.0,0090
1788224897047,CASHCAT,B,Open Long,0.21021,23139.0,2.354198,0.0,688.0,0090
1788224901196,CASHCAT,B,Open Long,0.2106,371.0,0.037815,0.0,23827.0,0091
1788224901196,CASHCAT,B,Open Long,0.21064,475.0,0.048425,0.0,24198.0,0091
1788224901196,CASHCAT,B,Open Long,0.21067,371.0,0.037827,0.0,24673.0,0091
1788224901196,CASHCAT,B,Open Long,0.21069,371.0,0.037831,0.0,25044.0,0091
1788224901196,CASHCAT,B,Open Long,0.21071,4355.0,0.444138,0.0,25415.0,0091
1788224901196,CASHCAT,B,Open Long,0.21073,60.0,0.006119,0.0,29770.0,0091
1788224901196,CASHCAT,B,Open Long,0.21074,1863.0,0.190021,0.0,29830.0,0091
1788224901196,CASHCAT,B,Open Long,0.21075,62.0,0.006323,0.0,31693.0,0091
1788224901196,CASHCAT,B,Open Long,0.21075,1000.0,0.102003,0.0,31755.0,0091
1788224901196,CASHCAT,B,Open Long,0.21077,59.0,0.006018,0.0,32755.0,0091
1788224901196,CASHCAT,B,Open Long,0.21082,3000.0,0.30611,0.0,32814.0,0091
1788224901196,CASHCAT,B,Open Long,0.21085,3714.0,0.379018,0.0,35814.0,0091
1788224901196,CASHCAT,B,Open Long,0.21086,1186.0,0.121037,0.0,39528.0,0091
1788224901196,CASHCAT,B,Open Long,0.21088,632.0,0.064505,0.0,40714.0,0091
1788224901196,CASHCAT,B,Open Long,0.21088,4743.0,0.484098,0.0,41346.0,0091
1788224901196,CASHCAT,B,Open Long,0.21092,59.0,0.006022,0.0,46089.0,0091
1788224901196,CASHCAT,B,Open Long,0.21097,1000.0,0.102109,0.0,46148.0,0091
1788224901196,CASHCAT,B,Open Long,0.21097,60.0,0.006125,0.0,47148.0,0091
1788224901196,CASHCAT,B,Open Long,0.21098,446.0,0.045542,0.0,47208.0,0091
1788224908617,AERO,A,Close Long,0.47377,2007.0,0.460213,-6.207651,20000.0,0092
1788224908617,AERO,A,Close Long,0.47358,845.0,0.193684,-2.774135,17993.0,0092
1788224908617,AERO,A,Close Long,0.47357,388.0,0.088932,-1.277684,17148.0,0092
1788224908617,AERO,A,Close Long,0.47357,380.0,0.087098,-1.25134,16760.0,0092
1788224908617,AERO,A,Close Long,0.4735,845.0,0.193651,-2.841735,16380.0,0092
1788224908617,AERO,A,Close Long,0.47345,845.0,0.193631,-2.883985,15535.0,0092
1788224908617,AERO,A,Close Long,0.47344,31.0,0.007102,-0.106113,14690.0,0092
1788224908617,AERO,A,Close Long,0.47343,1595.0,0.365478,-5.475635,14659.0,0092
1788224908617,AERO,A,Close Long,0.47343,1456.0,0.333627,-4.998448,13064.0,0092
1788224908617,AERO,A,Close Long,0.47329,414.0,0.094835,-1.479222,11608.0,0092
1788224908617,AERO,A,Close Long,0.47326,421.0,0.096433,-1.516863,11194.0,0092
1788224908617,AERO,A,Close Long,0.47326,845.0,0.193553,-3.044535,10773.0,0092
1788224908617,AERO,A,Close Long,0.47325,938.0,0.21485,-3.388994,9928.0,0092
1788224908617,AERO,A,Close Long,0.47321,416.0,0.095277,-1.519648,8990.0,0092
1788224908617,AERO,A,Close Long,0.47319,1892.0,0.433312,-6.949316,8574.0,0092
1788224908617,AERO,A,Close Long,0.47317,879.0,0.201302,-3.246147,6682.0,0092
1788224908617,AERO,A,Close Long,0.47316,412.0,0.094351,-1.525636,5803.0,0092
1788224908617,AERO,A,Close Long,0.47312,1250.0,0.286237,-4.67875,5391.0,0092
1788224908617,AERO,A,Close Long,0.4731,4141.0,0.948207,-15.582583,4141.0,0092
1788224953317,CASHCAT,B,Open Long,0.20801,495.0,0.022157,0.0,47654.0,0089
1788224954338,CASHCAT,B,Open Long,0.20792,495.0,0.022148,0.0,48149.0,0088
1788224954684,CASHCAT,B,Open Long,0.20784,179.0,0.008005,0.0,48644.0,0087
1788224954746,CASHCAT,B,Open Long,0.20784,179.0,0.008005,0.0,48823.0,0087
1788224954887,CASHCAT,B,Open Long,0.20784,137.0,0.006127,0.0,49002.0,0087
1788224955279,CASHCAT,B,Open Long,0.20775,119.0,0.00532,0.0,49139.0,0086
1788224957022,CASHCAT,B,Open Long,0.20775,376.0,0.016809,0.0,49258.0,0086
1788224980573,ENA,A,Close Long,0.15108,30439.0,2.225782,-11.171113,250000.0,0093
1788224980573,ENA,A,Close Long,0.15108,5714.0,0.417823,-2.097038,219561.0,0093
1788224980573,ENA,A,Close Long,0.15105,4457.0,0.325842,-1.769429,213847.0,0093
1788224980573,ENA,A,Close Long,0.15103,4000.0,0.292394,-1.668,209390.0,0093
1788224980573,ENA,A,Close Long,0.15102,99404.0,7.265803,-42.445508,205390.0,0093
1788224980573,ENA,A,Close Long,0.15101,5986.0,0.437509,-2.615882,105986.0,0093
1788225110588,ENA,A,Close Long,0.15085,9713.0,0.709159,-5.798661,100000.0,0094
1788225110588,ENA,A,Close Long,0.15084,1170.0,0.085417,-0.71019,90287.0,0094
1788225110588,ENA,A,Close Long,0.15084,5929.0,0.432855,-3.598903,89117.0,0094
1788225110588,ENA,A,Close Long,0.15084,1511.0,0.110311,-0.917177,83188.0,0094
1788225110588,ENA,A,Close Long,0.15082,30439.0,2.221951,-19.085253,81677.0,0094
1788225110588,ENA,A,Close Long,0.15081,1339.0,0.097735,-0.852943,51238.0,0094
1788225110588,ENA,A,Close Long,0.15081,1294.0,0.09445,-0.824278,49899.0,0094
1788225110588,ENA,A,Close Long,0.15079,2853.0,0.208218,-1.874421,48605.0,0094
1788225110588,ENA,A,Close Long,0.15079,2653.0,0.193621,-1.743021,45752.0,0094
1788225110588,ENA,A,Close Long,0.15078,4000.0,0.29191,-2.668,43099.0,0094
1788225110588,ENA,A,Close Long,0.15078,23848.0,1.740367,-15.906616,39099.0,0094
1788225110588,ENA,A,Close Long,0.15078,8709.0,0.63556,-5.808903,15251.0,0094
1788225110588,ENA,A,Close Long,0.15077,6542.0,0.477386,-4.428934,6542.0,0094
1788225137557,CASHCAT,B,Open Long,0.21028,714.0,0.072666,0.0,49634.0,0095
1788225137557,CASHCAT,B,Open Long,0.21029,451.0,0.045902,0.0,50348.0,0095
1788225137557,CASHCAT,B,Open Long,0.21029,3835.0,0.390327,0.0,50799.0,0095
1788225169081,LIT,A,Close Long,3.5749,61.0,0.105544,-0.503006,5000.0,0096
1788225169081,LIT,A,Close Long,3.5746,50.0,0.086505,-0.4273,4939.0,0096
1788225169081,LIT,A,Close Long,3.5745,44.0,0.076121,-0.380424,4889.0,0096
1788225169081,LIT,A,Close Long,3.5742,52.0,0.089954,-0.465192,4845.0,0096
1788225169081,LIT,A,Close Long,3.5739,52.0,0.089947,-0.480792,4793.0,0096
1788225169081,LIT,A,Close Long,3.5738,58.0,0.100323,-0.542068,4741.0,0096
1788225169081,LIT,A,Close Long,3.5737,51.0,0.088212,-0.481746,4683.0,0096
1788225169081,LIT,A,Close Long,3.5736,52.0,0.089939,-0.496392,4632.0,0096
1788225169081,LIT,A,Close Long,3.5734,112.0,0.193706,-1.091552,4580.0,0096
1788225169081,LIT,A,Close Long,3.5733,52.0,0.089932,-0.511992,4468.0,0096
1788225169081,LIT,A,Close Long,3.5732,112.0,0.193695,-1.113952,4416.0,0096
1788225169081,LIT,A,Close Long,3.5732,50.0,0.086471,-0.4973,4304.0,0096
1788225169081,LIT,A,Close Long,3.5731,1060.0,1.833142,-10.64876,4254.0,0096
1788225169081,LIT,A,Close Long,3.5731,245.0,0.423697,-2.46127,3194.0,0096
1788225169081,LIT,A,Close Long,3.573,54.0,0.093383,-0.547884,2949.0,0096
1788225169081,LIT,A,Close Long,3.573,112.0,0.193684,-1.136352,2895.0,0096
1788225169081,LIT,A,Close Long,3.5729,1489.0,2.574902,-15.256294,2783.0,0096
1788225169081,LIT,A,Close Long,3.5727,368.0,0.63634,-3.844128,1294.0,0096
1788225169081,LIT,A,Close Long,3.5727,55.0,0.095104,-0.57453,926.0,0096
1788225169081,LIT,A,Close Long,3.5726,201.0,0.347556,-2.119746,871.0,0096
1788225169081,LIT,A,Close Long,3.5725,123.0,0.212677,-1.309458,670.0,0096
1788225169081,LIT,A,Close Long,3.5725,199.0,0.344088,-2.118554,547.0,0096
1788225169081,LIT,A,Close Long,3.5724,53.0,0.091638,-0.569538,348.0,0096
1788225169081,LIT,A,Close Long,3.5724,99.0,0.171174,-1.063854,295.0,0096
1788225169081,LIT,A,Close Long,3.5724,123.0,0.212671,-1.321758,196.0,0096
1788225169081,LIT,A,Close Long,3.5721,61.0,0.105461,-0.673806,73.0,0096
1788225169081,LIT,A,Close Long,3.5721,12.0,0.020746,-0.132552,12.0,0096
1788225199350,CASHCAT,B,Open Long,0.21162,231.0,0.023659,0.0,54634.0,0097
1788225199350,CASHCAT,B,Open Long,0.21162,308.0,0.031545,0.0,54865.0,0097
1788225199350,CASHCAT,B,Open Long,0.21162,289.0,0.029599,0.0,55173.0,0097
1788225199350,CASHCAT,B,Open Long,0.21162,289.0,0.029599,0.0,55462.0,0097
1788225199350,CASHCAT,B,Open Long,0.21162,289.0,0.029599,0.0,55751.0,0097
1788225199350,CASHCAT,B,Open Long,0.21162,289.0,0.029599,0.0,56040.0,0097
1788225199350,CASHCAT,B,Open Long,0.21162,289.0,0.029599,0.0,56329.0,0097
1788225199350,CASHCAT,B,Open Long,0.21162,2125.0,0.21765,0.0,56618.0,0097
1788225199350,CASHCAT,B,Open Long,0.21162,289.0,0.029599,0.0,58743.0,0097
1788225199350,CASHCAT,B,Open Long,0.21162,289.0,0.029599,0.0,59032.0,0097
1788225199350,CASHCAT,B,Open Long,0.21163,60.0,0.006144,0.0,59321.0,0097
1788225199350,CASHCAT,B,Open Long,0.21163,253.0,0.025914,0.0,59381.0,0097
1788225205131,CASHCAT,B,Open Long,0.21177,468.0,0.047967,0.0,59634.0,0098
1788225205131,CASHCAT,B,Open Long,0.21181,711.0,0.072888,0.0,60102.0,0098
1788225205131,CASHCAT,B,Open Long,0.21183,401.0,0.041112,0.0,60813.0,0098
1788225205131,CASHCAT,B,Open Long,0.21185,59.0,0.006048,0.0,61214.0,0098
1788225205131,CASHCAT,B,Open Long,0.21185,60.0,0.006152,0.0,61273.0,0098
1788225205131,CASHCAT,B,Open Long,0.21185,1000.0,0.102535,0.0,61333.0,0098
1788225205131,CASHCAT,B,Open Long,0.21191,469.0,0.048102,0.0,62333.0,0098
1788225205131,CASHCAT,B,Open Long,0.21192,1832.0,0.187906,0.0,62802.0,0098
1788225231208,CASHCAT,B,Open Long,0.20778,1000.0,0.100565,0.0,64634.0,0099
1788225231208,CASHCAT,B,Open Long,0.2078,3861.0,0.38832,0.0,65634.0,0099
1788225231208,CASHCAT,B,Open Long,0.20791,139.0,0.013986,0.0,69495.0,0099
1788225306353,CASHCAT,B,Open Long,0.20955,2879.0,0.291994,0.0,69634.0,0100
1788225306353,CASHCAT,B,Open Long,0.20965,2121.0,0.215218,0.0,72513.0,0100
1788225402187,CASHCAT,B,Open Long,0.21459,635.0,0.065951,0.0,74634.0,0101
1788225402187,CASHCAT,B,Open Long,0.21466,466.0,0.048415,0.0,75269.0,0101
1788225402187,CASHCAT,B,Open Long,0.21478,2000.0,0.207907,0.0,75735.0,0101
1788225402187,CASHCAT,B,Open Long,0.21488,1899.0,0.197498,0.0,77735.0,0101
1788226198179,CASHCAT,A,Close Long,0.2147,344.0,0.035746,1.4018,79634.0,0102
1788226198179,CASHCAT,A,Close Long,0.2147,435.0,0.045202,1.772625,79290.0,0102
1788226198179,CASHCAT,A,Close Long,0.21469,465.0,0.048318,1.890225,78855.0,0102
1788226198179,CASHCAT,A,Close Long,0.21466,656.0,0.068154,2.64696,78390.0,0102
1788226198179,CASHCAT,A,Close Long,0.21465,1247.0,0.12955,5.019175,77734.0,0102
1788226198179,CASHCAT,A,Close Long,0.21457,476.0,0.049432,1.87782,76487.0,0102
1788226198179,CASHCAT,A,Close Long,0.21457,4661.0,0.484053,18.387645,76011.0,0102
1788226198179,CASHCAT,A,Close Long,0.21454,1247.0,0.129485,4.882005,71350.0,0102
1788226198179,CASHCAT,A,Close Long,0.2145,474.0,0.049209,1.83675,70103.0,0102
1788226198179,CASHCAT,A,Close Long,0.21449,1000.0,0.103813,3.865,69629.0,0102
1788226198179,CASHCAT,A,Close Long,0.21445,474.0,0.049197,1.81305,68629.0,0102
1788226198179,CASHCAT,A,Close Long,0.21444,1247.0,0.129424,4.757305,68155.0,0102
1788226198179,CASHCAT,A,Close Long,0.21443,1166.0,0.121011,4.43663,66908.0,0102
1788226198179,CASHCAT,A,Close Long,0.21438,472.0,0.048973,1.77236,65742.0,0102
1788226198179,CASHCAT,A,Close Long,0.21436,4666.0,0.484098,17.42751,65270.0,0102
1788226198179,CASHCAT,A,Close Long,0.21431,1247.0,0.129345,4.595195,60604.0,0102
1788226198179,CASHCAT,A,Close Long,0.21427,1000.0,0.103706,3.645,59357.0,0102
1788226198179,CASHCAT,A,Close Long,0.21427,466.0,0.048326,1.69857,58357.0,0102
1788226198179,CASHCAT,A,Close Long,0.21426,93.0,0.009643,0.338055,57891.0,0102
1788226198179,CASHCAT,A,Close Long,0.21421,1247.0,0.129285,4.470495,57798.0,0102
1788226198179,CASHCAT,A,Close Long,0.2142,809.0,0.08387,2.892175,56551.0,0102
1788226198179,CASHCAT,A,Close Long,0.21414,455.0,0.047157,1.599325,55742.0,0102
1788226198179,CASHCAT,A,Close Long,0.21408,471.0,0.048802,1.627305,55287.0,0102
1788226198179,CASHCAT,A,Close Long,0.21407,471.0,0.048799,1.622595,54816.0,0102
1788226198179,CASHCAT,A,Close Long,0.21406,814.0,0.084334,2.79609,54345.0,0102
1788226198179,CASHCAT,A,Close Long,0.21405,1000.0,0.1036,3.425,53531.0,0102
1788226198179,CASHCAT,A,Close Long,0.21404,4166.0,0.431578,14.22689,52531.0,0102
1788226198179,CASHCAT,A,Close Long,0.21403,4673.0,0.484078,15.911565,48365.0,0102
1788226198179,CASHCAT,A,Close Long,0.21402,1247.0,0.129171,4.233565,43692.0,0102
1788226198179,CASHCAT,A,Close Long,0.21396,1047.0,0.108423,3.491745,42445.0,0102
1788226198179,CASHCAT,A,Close Long,0.21395,10065.0,1.042248,33.466125,41398.0,0102
1788226198179,CASHCAT,A,Close Long,0.21394,4166.0,0.431376,13.81029,31333.0,0102
1788226198179,CASHCAT,A,Close Long,0.21393,832.0,0.086146,2.74976,27167.0,0102
1788226198179,CASHCAT,A,Close Long,0.21393,1247.0,0.129116,4.121335,26335.0,0102
1788226198179,CASHCAT,A,Close Long,0.21391,747.0,0.077338,2.453895,25088.0,0102
1788226198179,CASHCAT,A,Close Long,0.21391,746.0,0.077234,2.45061,24341.0,0102
1788226198179,CASHCAT,A,Close Long,0.21389,689.0,0.071327,2.249585,23595.0,0102
1788226198179,CASHCAT,A,Close Long,0.21385,22906.0,2.370848,73.87185,22906.0,0102
1788270485661,xyz:GOLD,B,Open Long,4361.4,5.0,18.928476,0.0,0.0,0103
1788270602573,xyz:GOLD,B,Open Long,4362.6,0.0028,0.010602,0.0,5.0,0104
1788270602573,xyz:GOLD,B,Open Long,4362.6,2.4972,9.456238,0.0,5.0028,0104
1788270607990,xyz:GOLD,B,Open Long,4363.9,0.2291,0.867798,0.0,7.5,0105
1788270607990,xyz:GOLD,B,Open Long,4364.1,1.6589,6.283977,0.0,7.7291,0105
1788270607990,xyz:GOLD,B,Open Long,4364.1,0.05,0.189401,0.0,9.388,0105
1788270607990,xyz:GOLD,B,Open Long,4364.2,0.562,2.128926,0.0,9.438,0105
1788270635003,xyz:GOLD,B,Open Long,4363.5,2.5,9.468795,0.0,10.0,0106
1788270880738,xyz:GOLD,B,Open Long,4360.1,2.5,9.461417,0.0,12.5,0107
1788271201573,xyz:GOLD,B,Open Long,4367.3,2.5,9.477041,0.0,15.0,0108
1788271480983,xyz:GOLD,A,Close Long,4357.1,0.3442,1.301751,-1.999802,17.5,0109
1788271480983,xyz:GOLD,A,Close Long,4356.4,3.7639,14.232642,-24.502989,17.1558,0109
1788271480983,xyz:GOLD,A,Close Long,4356.4,2.0819,7.872402,-13.553169,13.3919,0109
1788271480983,xyz:GOLD,A,Close Long,4356.3,4.5684,17.274346,-30.197124,11.31,0109
1788271480983,xyz:GOLD,A,Close Long,4356.3,3.4432,13.019663,-22.759552,6.7416,0109
1788271480983,xyz:GOLD,A,Close Long,4356.2,2.6037,9.845061,-17.470827,3.2984,0109
1788271480983,xyz:GOLD,A,Close Long,4356.1,0.6947,2.626726,-4.730907,0.6947,0109
1788271671753,LINK,B,Open Long,11.467,13.1,0.072704,0.0,0.0,0110
1788271671753,LINK,B,Open Long,11.467,159.4,0.884673,0.0,13.1,0110
1788271671753,LINK,B,Open Long,11.467,54.4,0.301921,0.0,172.5,0110
1788271671753,LINK,B,Open Long,11.467,34.9,0.193695,0.0,226.9,0110
1788271671753,LINK,B,Open Long,11.468,3.9,0.021646,0.0,261.8,0110
1788271671753,LINK,B,Open Long,11.468,116.0,0.643858,0.0,265.7,0110
1788271671753,LINK,B,Open Long,11.468,52.7,0.292511,0.0,381.7,0110
1788271671753,LINK,B,Open Long,11.469,11.6,0.064391,0.0,434.4,0110
1788271671753,LINK,B,Open Long,11.469,54.0,0.299753,0.0,446.0,0110
1788272171413,LINK,B,Open Long,11.477,7.0,0.038883,0.0,500.0,0111
1788272171413,LINK,B,Open Long,11.477,13.1,0.072767,0.0,507.0,0111
1788272171413,LINK,B,Open Long,11.48,96.6,0.536739,0.0,520.1,0111
1788272171413,LINK,B,Open Long,11.48,54.4,0.302263,0.0,616.7,0111
1788272171413,LINK,B,Open Long,11.48,328.9,1.827473,0.0,671.1,0111
1788272210291,AERO,B,Open Long,0.48529,824.0,0.19354,0.0,0.0,0112
1788272210291,AERO,B,Open Long,0.4853,309.0,0.072578,0.0,824.0,0112
1788272210291,AERO,B,Open Long,0.48531,824.0,0.193548,0.0,1133.0,0112
1788272210291,AERO,B,Open Long,0.48537,824.0,0.193572,0.0,1957.0,0112
1788272210291,AERO,B,Open Long,0.48538,103.0,0.024196,0.0,2781.0,0112
1788272210291,AERO,B,Open Long,0.48538,2011.0,0.472431,0.0,2884.0,0112
1788272210291,AERO,B,Open Long,0.4854,235.0,0.055208,0.0,4895.0,0112
1788272210291,AERO,B,Open Long,0.4854,261.0,0.061316,0.0,5130.0,0112
1788272210291,AERO,B,Open Long,0.4855,263.0,0.061799,0.0,5391.0,0112
1788272210291,AERO,B,Open Long,0.48551,252.0,0.059215,0.0,5654.0,0112
1788272210291,AERO,B,Open Long,0.48552,568.0,0.133474,0.0,5906.0,0112
1788272210291,AERO,B,Open Long,0.48559,437.0,0.102705,0.0,6474.0,0112
1788272210291,AERO,B,Open Long,0.48563,824.0,0.193676,0.0,6911.0,0112
1788272210291,AERO,B,Open Long,0.48563,1509.0,0.354682,0.0,7735.0,0112
1788272210291,AERO,B,Open Long,0.48565,1385.0,0.32555,0.0,9244.0,0112
1788272210291,AERO,B,Open Long,0.48572,1793.0,0.421513,0.0,10629.0,0112
1788272210291,AERO,B,Open Long,0.48575,1433.0,0.336901,0.0,12422.0,0112
1788272210291,AERO,B,Open Long,0.48576,858.0,0.201722,0.0,13855.0,0112
1788272210291,AERO,B,Open Long,0.48576,1392.0,0.327269,0.0,14713.0,0112
1788272210291,AERO,B,Open Long,0.48591,5863.0,1.378862,0.0,16105.0,0112
1788272210291,AERO,B,Open Long,0.48611,861.0,0.202573,0.0,21968.0,0112
1788272210291,AERO,B,Open Long,0.48612,1793.0,0.42186,0.0,22829.0,0112
1788272210291,AERO,B,Open Long,0.48624,378.0,0.088957,0.0,24622.0,0112
1788272215237,AERO,B,Open Long,0.48543,41.0,0.009632,0.0,25000.0,0113
1788272215237,AERO,B,Open Long,0.48547,41.0,0.009633,0.0,25041.0,0113
1788272215237,AERO,B,Open Long,0.48551,39.0,0.009163,0.0,25082.0,0113
1788272215237,AERO,B,Open Long,0.48551,422.0,0.099163,0.0,25121.0,0113
1788272215237,AERO,B,Open Long,0.48551,421.0,0.098928,0.0,25543.0,0113
1788272215237,AERO,B,Open Long,0.48563,39.0,0.009165,0.0,25964.0,0113
1788272215237,AERO,B,Open Long,0.48566,550.0,0.129282,0.0,26003.0,0113
1788272215237,AERO,B,Open Long,0.48575,39.0,0.009168,0.0,26553.0,0113
1788272215237,AERO,B,Open Long,0.48579,39.0,0.009169,0.0,26592.0,0113
1788272215237,AERO,B,Open Long,0.48582,468.0,0.110043,0.0,26631.0,0113
1788272215237,AERO,B,Open Long,0.48587,1954.0,0.459503,0.0,27099.0,0113
1788272215237,AERO,B,Open Long,0.48588,1198.0,0.281728,0.0,29053.0,0113
1788272215237,AERO,B,Open Long,0.4859,1793.0,0.421668,0.0,30251.0,0113
1788272215237,AERO,B,Open Long,0.48597,3885.0,0.913788,0.0,32044.0,0113
1788272215237,AERO,B,Open Long,0.48602,437.0,0.102797,0.0,35929.0,0113
1788272215237,AERO,B,Open Long,0.48615,5863.0,1.379543,0.0,36366.0,0113
1788272215237,AERO,B,Open Long,0.48656,7771.0,1.830031,0.0,42229.0,0113
1788272333807,LINK,A,Close Long,11.432,1.8,0.009958,-0.075132,1000.0,0114
1788272333807,LINK,A,Close Long,11.432,35.0,0.193658,-1.4609,998.2,0114
1788272333807,LINK,A,Close Long,11.432,163.8,0.906319,-6.837012,963.2,0114
1788272333807,LINK,A,Close Long,11.431,116.1,0.642334,-4.962114,799.4,0114
1788272333807,LINK,A,Close Long,11.431,104.7,0.579263,-4.474878,683.3,0114
1788272333807,LINK,A,Close Long,11.431,578.6,3.201164,-24.729364,578.6,0114
1788272740569,AERO,B,Open Long,0.48766,35.0,0.00826,0.0,50000.0,0115
1788272740569,AERO,B,Open Long,0.48768,36.0,0.008496,0.0,50035.0,0115
1788272740569,AERO,B,Open Long,0.48771,37.0,0.008733,0.0,50071.0,0115
1788272740569,AERO,B,Open Long,0.48772,483.0,0.114014,0.0,50108.0,0115
1788272740569,AERO,B,Open Long,0.48776,45.0,0.010622,0.0,50591.0,0115
1788272740569,AERO,B,Open Long,0.48778,45.0,0.010623,0.0,50636.0,0115
1788272740569,AERO,B,Open Long,0.48779,37.0,0.008734,0.0,50681.0,0115
1788272740569,AERO,B,Open Long,0.4878,102.0,0.024081,0.0,50718.0,0115
1788272740569,AERO,B,Open Long,0.4878,401.0,0.094673,0.0,50820.0,0115
1788272740569,AERO,B,Open Long,0.4878,419.0,0.098923,0.0,51221.0,0115
1788272740569,AERO,B,Open Long,0.4878,402.0,0.094909,0.0,51640.0,0115
1788272740569,AERO,B,Open Long,0.4878,402.0,0.094909,0.0,52042.0,0115
1788272740569,AERO,B,Open Long,0.48804,820.0,0.193693,0.0,52444.0,0115
1788272740569,AERO,B,Open Long,0.48805,1793.0,0.423535,0.0,53264.0,0115
1788272740569,AERO,B,Open Long,0.48808,437.0,0.103232,0.0,55057.0,0115
1788272740569,AERO,B,Open Long,0.48809,189.0,0.044647,0.0,55494.0,0115
1788272740569,AERO,B,Open Long,0.4881,217.0,0.051263,0.0,55683.0,0115
1788272740569,AERO,B,Open Long,0.48814,904.0,0.213577,0.0,55900.0,0115
1788272740569,AERO,B,Open Long,0.48824,819.0,0.193535,0.0,56804.0,0115
1788272740569,AERO,B,Open Long,0.48825,1192.0,0.281684,0.0,57623.0,0115
1788272740569,AERO,B,Open Long,0.48834,819.0,0.193575,0.0,58815.0,0115
1788272740569,AERO,B,Open Long,0.48835,1939.0,0.458304,0.0,59634.0,0115
1788272740569,AERO,B,Open Long,0.48839,819.0,0.193595,0.0,61573.0,0115
1788272740569,AERO,B,Open Long,0.4884,1489.0,0.351977,0.0,62392.0,0115
1788272740569,AERO,B,Open Long,0.48843,819.0,0.193611,0.0,63881.0,0115
1788272740569,AERO,B,Open Long,0.48844,3865.0,0.913705,0.0,64700.0,0115
1788272740569,AERO,B,Open Long,0.4885,1793.0,0.423926,0.0,68565.0,0115
1788272740569,AERO,B,Open Long,0.4886,4642.0,1.097751,0.0,70358.0,0115
1788274065492,io:GPRO,B,Open Long,1.4033,97.4,0.024165,0.0,0.0,0116
1788274065492,io:GPRO,B,Open Long,1.405,284.6,0.070695,0.0,97.4,0116
1788274065492,io:GPRO,B,Open Long,1.4067,118.0,0.029347,0.0,382.0,0116
1788274067864,io:GPRO,B,Open Long,1.4066,105.9,0.026335,0.0,500.0,0117
1788274067864,io:GPRO,B,Open Long,1.4067,112.4,0.027954,0.0,605.9,0117
1788274067864,io:GPRO,B,Open Long,1.408,71.0,0.017673,0.0,718.3,0117
1788274067864,io:GPRO,B,Open Long,1.409,210.7,0.052487,0.0,789.3,0117
1788274130565,io:GPRO,B,Open Long,1.3691,137.2,0.03321,0.0,1000.0,0118
1788274130565,io:GPRO,B,Open Long,1.3707,107.2,0.025977,0.0,1137.2,0118
1788274130565,io:GPRO,B,Open Long,1.3753,100.0,0.024315,0.0,1244.4,0118
1788274130565,io:GPRO,B,Open Long,1.377,8.7,0.002117,0.0,1344.4,0118
1788274130565,io:GPRO,B,Open Long,1.3783,140.8,0.03431,0.0,1353.1,0118
1788274130565,io:GPRO,B,Open Long,1.3788,6.1,0.001486,0.0,1493.9,0118
1788274157652,io:GPRO,B,Open Long,1.3636,34.5,0.008316,0.0,1500.0,0119
1788274157652,io:GPRO,B,Open Long,1.3664,465.5,0.112454,0.0,1534.5,0119
1788274185701,io:GPRO,B,Open Long,1.3209,373.1,0.087131,0.0,2000.0,0120
1788274185701,io:GPRO,B,Open Long,1.3219,76.0,0.017761,0.0,2373.1,0120
1788274185701,io:GPRO,B,Open Long,1.322,50.9,0.011895,0.0,2449.1,0120
1788274205263,io:GPRO,B,Open Long,1.3175,100.0,0.023293,0.0,2500.0,0121
1788274205263,io:GPRO,B,Open Long,1.3209,400.0,0.093414,0.0,2600.0,0121
1788274226126,io:GPRO,B,Open Long,1.3209,500.0,0.116767,0.0,3000.0,0122
1788274291031,io:GPRO,B,Open Long,1.3054,500.0,0.115397,0.0,3500.0,0123
1788274353997,io:GPRO,B,Open Long,1.3149,466.3,0.108401,0.0,4000.0,0124
1788274353997,io:GPRO,B,Open Long,1.3167,33.7,0.007844,0.0,4466.3,0124
1788274412528,AERO,A,Close Long,0.48655,1933.0,0.455202,-0.342141,75000.0,0125
1788274412528,AERO,A,Close Long,0.48654,383.0,0.09019,-0.071621,73067.0,0125
1788274412528,AERO,A,Close Long,0.48654,439.0,0.103377,-0.082093,72684.0,0125
1788274412528,AERO,A,Close Long,0.48646,531.0,0.125022,-0.141777,72245.0,0125
1788274412528,AERO,A,Close Long,0.48633,1445.0,0.340128,-0.573665,71714.0,0125
1788274412528,AERO,A,Close Long,0.48633,1550.0,0.364844,-0.61535,70269.0,0125
1788274412528,AERO,A,Close Long,0.48622,437.0,0.102838,-0.221559,68719.0,0125
1788274412528,AERO,A,Close Long,0.48618,200.0,0.047061,-0.1094,68282.0,0125
1788274412528,AERO,A,Close Long,0.48617,856.0,0.201422,-0.476792,68082.0,0125
1788274412528,AERO,A,Close Long,0.48617,1793.0,0.421903,-0.998701,67226.0,0125
1788274412528,AERO,A,Close Long,0.48607,823.0,0.193616,-0.540711,65433.0,0125
1788274412528,AERO,A,Close Long,0.48603,823.0,0.193601,-0.573631,64610.0,0125
1788274412528,AERO,A,Close Long,0.48602,411.0,0.09668,-0.290577,63787.0,0125
1788274412528,AERO,A,Close Long,0.486,823.0,0.193588,-0.598321,63376.0,0125
1788274412528,AERO,A,Close Long,0.48599,411.0,0.096674,-0.302907,62553.0,0125
1788274412528,AERO,A,Close Long,0.48598,823.0,0.193581,-0.614781,62142.0,0125
1788274412528,AERO,A,Close Long,0.48597,411.0,0.09667,-0.311127,61319.0,0125
1788274412528,AERO,A,Close Long,0.48593,823.0,0.193561,-0.655931,60908.0,0125
1788274412528,AERO,A,Close Long,0.48592,401.0,0.094308,-0.323607,60085.0,0125
1788274412528,AERO,A,Close Long,0.48587,857.0,0.201532,-0.734449,59684.0,0125
1788274412528,AERO,A,Close Long,0.48583,4121.0,0.969018,-3.696537,58827.0,0125
1788274412528,AERO,A,Close Long,0.4858,1421.0,0.334115,-1.317267,54706.0,0125
1788274412528,AERO,A,Close Long,0.48579,411.0,0.096634,-0.385107,53285.0,0125
1788274412528,AERO,A,Close Long,0.48579,1584.0,0.372433,-1.484208,52874.0,0125
1788274412528,AERO,A,Close Long,0.48578,1290.0,0.3033,-1.22163,51290.0,0125
1788274536036,AERO,A,Close Long,0.48473,1933.0,0.453499,-3.860201,50000.0,0126
1788274536036,AERO,A,Close Long,0.48457,825.0,0.193488,-1.779525,48067.0,0126
1788274536036,AERO,A,Close Long,0.48454,826.0,0.193711,-1.806462,47242.0,0126
1788274536036,AERO,A,Close Long,0.48453,5862.0,1.374711,-12.878814,46416.0,0126
1788274536036,AERO,A,Close Long,0.48443,859.0,0.201404,-1.973123,40554.0,0126
1788274536036,AERO,A,Close Long,0.48439,826.0,0.19365,-1.930362,39695.0,0126
1788274536036,AERO,A,Close Long,0.48438,1793.0,0.42035,-4.208171,38869.0,0126
1788274536036,AERO,A,Close Long,0.48433,826.0,0.193626,-1.979922,37076.0,0126
1788274536036,AERO,A,Close Long,0.48423,4133.0,0.968639,-10.320101,36250.0,0126
1788274536036,AERO,A,Close Long,0.48421,826.0,0.193578,-2.079042,32117.0,0126
1788274536036,AERO,A,Close Long,0.4842,3899.0,0.91374,-9.852773,31291.0,0126
1788274536036,AERO,A,Close Long,0.48414,103.0,0.024134,-0.266461,27392.0,0126
1788274536036,AERO,A,Close Long,0.48411,856.0,0.200567,-2.240152,27289.0,0126
1788274536036,AERO,A,Close Long,0.48408,437.0,0.102386,-1.156739,26433.0,0126
1788274536036,AERO,A,Close Long,0.48399,207.0,0.048489,-0.566559,25996.0,0126
1788274536036,AERO,A,Close Long,0.48396,1793.0,0.419986,-4.961231,25789.0,0126
1788274536036,AERO,A,Close Long,0.48393,2476.0,0.579933,-6.925372,23996.0,0126
1788274536036,AERO,A,Close Long,0.48377,11600.0,2.716078,-34.3012,21520.0,0126
1788274536036,AERO,A,Close Long,0.48376,207.0,0.048466,-0.614169,9920.0,0126
1788274536036,AERO,A,Close Long,0.48374,228.0,0.053381,-0.681036,9713.0,0126
1788274536036,AERO,A,Close Long,0.48369,856.0,0.200393,-2.599672,9485.0,0126
1788274536036,AERO,A,Close Long,0.48363,152.0,0.035579,-0.470744,8629.0,0126
1788274536036,AERO,A,Close Long,0.48363,262.0,0.061328,-0.811414,8477.0,0126
1788274536036,AERO,A,Close Long,0.48362,274.0,0.064135,-0.851318,8215.0,0126
1788274536036,AERO,A,Close Long,0.48355,1793.0,0.419629,-5.696361,7941.0,0126
1788274536036,AERO,A,Close Long,0.48351,229.0,0.053589,-0.736693,6148.0,0126
1788274536036,AERO,A,Close Long,0.48345,857.0,0.200528,-2.808389,5919.0,0126
1788274536036,AERO,A,Close Long,0.48344,229.0,0.053581,-0.752723,5062.0,0126
1788274536036,AERO,A,Close Long,0.48343,218.0,0.051006,-0.718746,4833.0,0126
1788274536036,AERO,A,Close Long,0.48342,207.0,0.048432,-0.684549,4615.0,0126
1788274536036,AERO,A,Close Long,0.48342,207.0,0.048432,-0.684549,4408.0,0126
1788274536036,AERO,A,Close Long,0.48342,207.0,0.048432,-0.684549,4201.0,0126
1788274536036,AERO,A,Close Long,0.48341,218.0,0.051005,-0.723106,3994.0,0126
1788274536036,AERO,A,Close Long,0.48329,218.0,0.050992,-0.749266,3776.0,0126
1788274536036,AERO,A,Close Long,0.48329,218.0,0.050992,-0.749266,3558.0,0126
1788274536036,AERO,A,Close Long,0.48329,218.0,0.050992,-0.749266,3340.0,0126
1788274536036,AERO,A,Close Long,0.48329,218.0,0.050992,-0.749266,3122.0,0126
1788274536036,AERO,A,Close Long,0.48328,229.0,0.053564,-0.789363,2904.0,0126
1788274536036,AERO,A,Close Long,0.48317,216.0,0.050512,-0.768312,2675.0,0126
1788274536036,AERO,A,Close Long,0.48316,858.0,0.200642,-3.060486,2459.0,0126
1788274536036,AERO,A,Close Long,0.48315,1601.0,0.374384,-5.726777,1601.0,0126
1788274609846,io:GPRO,B,Open Long,1.3442,73.0,0.017348,0.0,4500.0,0127
1788274609846,io:GPRO,B,Open Long,1.3486,267.5,0.06378,0.0,4573.0,0127
1788274609846,io:GPRO,B,Open Long,1.3489,440.0,0.104933,0.0,4840.5,0127
1788274609846,io:GPRO,B,Open Long,1.349,440.0,0.104941,0.0,5280.5,0127
1788274609846,io:GPRO,B,Open Long,1.35,196.3,0.046852,0.0,5720.5,0127
1788274609846,io:GPRO,B,Open Long,1.3505,194.7,0.046487,0.0,5916.8,0127
1788274609846,io:GPRO,B,Open Long,1.351,193.1,0.046122,0.0,6111.5,0127
1788274609846,io:GPRO,B,Open Long,1.3512,500.0,0.119446,0.0,6304.6,0127
1788274609846,io:GPRO,B,Open Long,1.3512,397.0,0.094839,0.0,6804.6,0127
1788274609846,io:GPRO,B,Open Long,1.3515,191.5,0.045757,0.0,7201.6,0127
1788274609846,io:GPRO,B,Open Long,1.352,189.9,0.045392,0.0,7393.1,0127
1788274609846,io:GPRO,B,Open Long,1.3526,188.3,0.045029,0.0,7583.0,0127
1788274609846,io:GPRO,B,Open Long,1.3531,186.7,0.044663,0.0,7771.3,0127
1788274609846,io:GPRO,B,Open Long,1.3531,438.2,0.104828,0.0,7958.0,0127
1788274609846,io:GPRO,B,Open Long,1.3536,185.1,0.044297,0.0,8396.2,0127
1788274609846,io:GPRO,B,Open Long,1.354,223.8,0.053574,0.0,8581.3,0127
1788274609846,io:GPRO,B,Open Long,1.354,221.5,0.053024,0.0,8805.1,0127
1788274609846,io:GPRO,B,Open Long,1.3541,183.5,0.04393,0.0,9026.6,0127
1788274609846,io:GPRO,B,Open Long,1.3546,181.9,0.043563,0.0,9210.1,0127
1788274609846,io:GPRO,B,Open Long,1.3551,108.0,0.025874,0.0,9392.0,0127
1788274614574,io:GPRO,A,Close Long,1.339,224.0,0.053028,-2.46176,9500.0,0128
1788274614574,io:GPRO,A,Close Long,1.3382,107.3,0.025385,-1.265067,9276.0,0128
1788274614574,io:GPRO,A,Close Long,1.3381,441.6,0.104471,-5.250624,9168.7,0128
1788274614574,io:GPRO,A,Close Long,1.3362,143.9,0.033994,-1.984381,8727.1,0128
1788274614574,io:GPRO,A,Close Long,1.3357,411.5,0.097176,-5.880335,8583.2,0128
1788274614574,io:GPRO,A,Close Long,1.3356,1671.7,0.394745,-24.055763,8171.7,0128
1788276096800,io:GPRO,A,Close Long,1.2901,71.6,0.016331,-4.288124,6500.0,0129
1788276096800,io:GPRO,A,Close Long,1.29,2598.3,0.592598,-155.872017,6428.4,0129
1788276096800,io:GPRO,A,Close Long,1.29,2706.5,0.617276,-162.362935,3830.1,0129
1788276096800,io:GPRO,A,Close Long,1.2853,939.2,0.213424,-60.756848,1123.6,0129
1788276096800,io:GPRO,A,Close Long,1.281,83.5,0.01891,-5.760665,184.4,0129
1788276096800,io:GPRO,A,Close Long,1.28,100.9,0.022833,-7.061991,100.9,0129
1788276468166,io:GPRO,B,Open Long,1.245,105.6,0.023244,0.0,0.0,0130
1788276468166,io:GPRO,B,Open Long,1.247,88.2,0.019444,0.0,105.6,0130
1788276468166,io:GPRO,B,Open Long,1.2484,88.2,0.019466,0.0,193.8,0130
1788276468166,io:GPRO,B,Open Long,1.2498,88.2,0.019488,0.0,282.0,0130
1788276468166,io:GPRO,B,Open Long,1.25,88.9,0.019646,0.0,370.2,0130
1788276468166,io:GPRO,B,Open Long,1.2504,15.9,0.003514,0.0,459.1,0130
1788276468166,io:GPRO,B,Open Long,1.2507,120.1,0.026556,0.0,475.0,0130
1788276468166,io:GPRO,B,Open Long,1.2514,88.9,0.019667,0.0,595.1,0130
1788276468166,io:GPRO,B,Open Long,1.2519,316.0,0.069942,0.0,684.0,0130
1788276472156,io:GPRO,B,Open Long,1.2492,88.0,0.019434,0.0,1000.0,0131
1788276472156,io:GPRO,B,Open Long,1.2512,88.2,0.01951,0.0,1088.0,0131
1788276472156,io:GPRO,B,Open Long,1.2526,88.0,0.019487,0.0,1176.2,0131
1788276472156,io:GPRO,B,Open Long,1.2531,60.2,0.013336,0.0,1264.2,0131
1788276472156,io:GPRO,B,Open Long,1.2533,60.2,0.013338,0.0,1324.4,0131
1788276472156,io:GPRO,B,Open Long,1.2536,60.2,0.013341,0.0,1384.6,0131
1788276472156,io:GPRO,B,Open Long,1.2538,60.2,0.013343,0.0,1444.8,0131
1788276472156,io:GPRO,B,Open Long,1.2539,19.5,0.004322,0.0,1505.0,0131
1788276472156,io:GPRO,B,Open Long,1.2541,60.2,0.013347,0.0,1524.5,0131
1788276472156,io:GPRO,B,Open Long,1.2543,60.2,0.013349,0.0,1584.7,0131
1788276472156,io:GPRO,B,Open Long,1.2546,60.2,0.013352,0.0,1644.9,0131
1788276472156,io:GPRO,B,Open Long,1.2548,60.2,0.013354,0.0,1705.1,0131
1788276472156,io:GPRO,B,Open Long,1.2551,60.2,0.013357,0.0,1765.3,0131
1788276472156,io:GPRO,B,Open Long,1.2553,60.2,0.013359,0.0,1825.5,0131
1788276472156,io:GPRO,B,Open Long,1.2556,60.2,0.013363,0.0,1885.7,0131
1788276472156,io:GPRO,B,Open Long,1.2556,54.1,0.012008,0.0,1945.9,0131
1788276475856,io:GPRO,B,Open Long,1.2558,4.0,0.000887,0.0,2000.0,0132
1788276475856,io:GPRO,B,Open Long,1.2561,60.1,0.013346,0.0,2004.0,0132
1788276475856,io:GPRO,B,Open Long,1.2564,60.1,0.013349,0.0,2064.1,0132
1788276475856,io:GPRO,B,Open Long,1.2566,60.1,0.013352,0.0,2124.2,0132
1788276475856,io:GPRO,B,Open Long,1.2569,60.1,0.013354,0.0,2184.3,0132
1788276475856,io:GPRO,B,Open Long,1.2571,60.1,0.013357,0.0,2244.4,0132
1788276475856,io:GPRO,B,Open Long,1.2574,60.1,0.013359,0.0,2304.5,0132
1788276475856,io:GPRO,B,Open Long,1.2576,60.1,0.013362,0.0,2364.6,0132
1788276475856,io:GPRO,B,Open Long,1.2579,60.1,0.013365,0.0,2424.7,0132
1788276475856,io:GPRO,B,Open Long,1.258,158.9,0.035341,0.0,2484.8,0132
1788276475856,io:GPRO,B,Open Long,1.2581,60.1,0.013367,0.0,2643.7,0132
1788276475856,io:GPRO,B,Open Long,1.2584,60.1,0.01337,0.0,2703.8,0132
1788276475856,io:GPRO,B,Open Long,1.2586,60.1,0.013373,0.0,2763.9,0132
1788276475856,io:GPRO,B,Open Long,1.2589,60.1,0.013375,0.0,2824.0,0132
1788276475856,io:GPRO,B,Open Long,1.2591,60.1,0.013378,0.0,2884.1,0132
1788276475856,io:GPRO,B,Open Long,1.2594,55.8,0.012424,0.0,2944.2,0132
1788276484096,io:GPRO,B,Open Long,1.2645,20.0,0.004471,0.0,3000.0,0133
1788276484096,io:GPRO,B,Open Long,1.2647,60.1,0.013437,0.0,3020.0,0133
1788276484096,io:GPRO,B,Open Long,1.265,60.1,0.01344,0.0,3080.1,0133
1788276484096,io:GPRO,B,Open Long,1.2652,60.1,0.013442,0.0,3140.2,0133
1788276484096,io:GPRO,B,Open Long,1.2655,60.1,0.013446,0.0,3200.3,0133
1788276484096,io:GPRO,B,Open Long,1.2658,60.1,0.013449,0.0,3260.4,0133
1788276484096,io:GPRO,B,Open Long,1.266,60.1,0.013451,0.0,3320.5,0133
1788276484096,io:GPRO,B,Open Long,1.2663,60.1,0.013454,0.0,3380.6,0133
1788276484096,io:GPRO,B,Open Long,1.2665,60.1,0.013456,0.0,3440.7,0133
1788276484096,io:GPRO,B,Open Long,1.2668,60.1,0.01346,0.0,3500.8,0133
1788276484096,io:GPRO,B,Open Long,1.267,60.1,0.013462,0.0,3560.9,0133
1788276484096,io:GPRO,B,Open Long,1.2673,60.1,0.013465,0.0,3621.0,0133
1788276484096,io:GPRO,B,Open Long,1.2675,60.1,0.013467,0.0,3681.1,0133
1788276484096,io:GPRO,B,Open Long,1.2678,60.1,0.01347,0.0,3741.2,0133
1788276484096,io:GPRO,B,Open Long,1.268,60.1,0.013472,0.0,3801.3,0133
1788276484096,io:GPRO,B,Open Long,1.2683,60.1,0.013476,0.0,3861.4,0133
1788276484096,io:GPRO,B,Open Long,1.2685,60.1,0.013477,0.0,3921.5,0133
1788276484096,io:GPRO,B,Open Long,1.2688,18.4,0.004126,0.0,3981.6,0133
1788277117728,io:GPRO,B,Open Long,1.275,1000.0,0.22542,0.0,4000.0,0134
1788277194606,io:GPRO,B,Open Long,1.275,1000.0,0.22542,0.0,5000.0,0135
1788277536444,HYPE,B,Open Long,83.367,21.83,0.880832,0.0,0.0,0136
1788277536444,HYPE,B,Open Long,83.368,23.11,0.93249,0.0,21.83,0136
1788277536444,HYPE,B,Open Long,83.373,119.94,4.839881,0.0,44.94,0136
1788277536444,HYPE,B,Open Long,83.374,1.78,0.071827,0.0,164.88,0136
1788277536444,HYPE,B,Open Long,83.374,21.72,0.876467,0.0,166.66,0136
1788277536444,HYPE,B,Open Long,83.374,5.99,0.241714,0.0,188.38,0136
1788277536444,HYPE,B,Open Long,83.375,0.13,0.005245,0.0,194.37,0136
1788277536444,HYPE,B,Open Long,83.38,2.0,0.080711,0.0,194.5,0136
1788277536444,HYPE,B,Open Long,83.38,0.15,0.006052,0.0,196.5,0136
1788277536444,HYPE,B,Open Long,83.382,1.86,0.075063,0.0,196.65,0136
1788277536444,HYPE,B,Open Long,83.383,4.63,0.186854,0.0,198.51,0136
1788277536444,HYPE,B,Open Long,83.383,0.2,0.00807,0.0,203.14,0136
1788277536444,HYPE,B,Open Long,83.384,0.59,0.02381,0.0,203.34,0136
1788277536444,HYPE,B,Open Long,83.385,4.8,0.193719,0.0,203.93,0136
1788277536444,HYPE,B,Open Long,83.387,0.4,0.016143,0.0,208.73,0136
1788277536444,HYPE,B,Open Long,83.387,5.83,0.235294,0.0,209.13,0136
1788277536444,HYPE,B,Open Long,83.389,4.8,0.193728,0.0,214.96,0136
1788277536444,HYPE,B,Open Long,83.389,5.83,0.235299,0.0,219.76,0136
1788277536444,HYPE,B,Open Long,83.39,50.94,2.055976,0.0,225.59,0136
1788277536444,HYPE,B,Open Long,83.391,5.83,0.235305,0.0,276.53,0136
1788277536444,HYPE,B,Open Long,83.393,21.72,0.876666,0.0,282.36,0136
1788277536444,HYPE,B,Open Long,83.394,4.8,0.19374,0.0,304.08,0136
1788277536444,HYPE,B,Open Long,83.395,191.12,7.71421,0.0,308.88,0136
1788277549931,HYPE,B,Open Long,83.384,2.55,0.102911,0.0,500.0,0137
1788277549931,HYPE,B,Open Long,83.385,54.13,2.184596,0.0,502.55,0137
1788277549931,HYPE,B,Open Long,83.389,4.8,0.193728,0.0,556.68,0137
1788277549931,HYPE,B,Open Long,83.39,438.52,17.699,0.0,561.48,0137
1788277725622,HYPE,B,Open Long,83.39,250.0,10.09019,0.0,1000.0,0138
1788278171748,HYPE,A,Close Long,83.344,6.09,0.24566,-0.265524,1250.0,0139
1788278171748,HYPE,A,Close Long,83.344,3.02,0.121821,-0.131672,1243.91,0139
1788278171748,HYPE,A,Close Long,83.337,4.8,0.193607,-0.24288,1240.89,0139
1788278171748,HYPE,A,Close Long,83.336,50.27,2.027621,-2.593932,1236.09,0139
1788278171748,HYPE,A,Close Long,83.335,4.8,0.193603,-0.25248,1185.82,0139
1788278171748,HYPE,A,Close Long,83.334,40.49,1.633109,-2.170264,1181.02,0139
1788278171748,HYPE,A,Close Long,83.334,4.64,0.187147,-0.248704,1140.53,0139
1788278171748,HYPE,A,Close Long,83.333,0.24,0.009678,-0.013104,1135.89,0139
1788278171748,HYPE,A,Close Long,83.33,0.4,0.016132,-0.02304,1135.65,0139
1788278171748,HYPE,A,Close Long,83.33,4.8,0.193591,-0.27648,1135.25,0139
1788278171748,HYPE,A,Close Long,83.329,7.26,0.292803,-0.425436,1130.45,0139
1788278171748,HYPE,A,Close Long,83.328,1.0,0.040329,-0.0596,1123.19,0139
1788278171748,HYPE,A,Close Long,83.328,1.52,0.061301,-0.090592,1122.19,0139
1788278171748,HYPE,A,Close Long,83.328,51.36,2.071386,-3.061056,1120.67,0139
1788278171748,HYPE,A,Close Long,83.326,7.26,0.292793,-0.447216,1069.31,0139
1788278171748,HYPE,A,Close Long,83.325,4.8,0.19358,-0.30048,1062.05,0139
1788278171748,HYPE,A,Close Long,83.324,0.23,0.009275,-0.014628,1057.25,0139
1788278171748,HYPE,A,Close Long,83.324,54.0,2.177755,-3.4344,1057.02,0139
1788278171748,HYPE,A,Close Long,83.324,3.02,0.121792,-0.192072,1003.02,0139
1788278187727,io:GPRO,B,Open Long,1.299,500.0,0.114831,0.0,6000.0,0140
1788278196431,io:GPRO,B,Open Long,1.299,500.0,0.114831,0.0,6500.0,0141
1788278200864,io:GPRO,B,Open Long,1.299,500.0,0.114831,0.0,7000.0,0142
1788278408047,HYPE,A,Close Long,83.247,40.54,1.633419,-5.699924,1000.0,0143
1788278408047,HYPE,A,Close Long,83.247,12.05,0.485512,-1.69423,959.46,0143
1788278408047,HYPE,A,Close Long,83.247,47.54,1.915459,-6.684124,947.41,0143
1788278408047,HYPE,A,Close Long,83.247,50.09,2.018203,-7.042654,899.87,0143
1788278408047,HYPE,A,Close Long,83.247,79.5,3.203177,-11.1777,849.78,0143
1788278408047,HYPE,A,Close Long,83.243,2.0,0.080578,-0.2892,770.28,0143
1788278408047,HYPE,A,Close Long,83.242,18.28,0.736484,-2.661568,768.28,0143
1788278483283,HYPE,A,Close Long,83.214,22.73,0.915463,-3.945928,750.0,0144
1788278483283,HYPE,A,Close Long,83.214,23.27,0.937211,-4.039672,727.27,0144
1788278483283,HYPE,A,Close Long,83.214,6.0,0.241653,-1.0416,704.0,0144
1788278483283,HYPE,A,Close Long,83.213,23.27,0.9372,-4.062942,698.0,0144
1788278483283,HYPE,A,Close Long,83.213,6.0,0.241649,-1.0476,674.73,0144
1788278483283,HYPE,A,Close Long,83.213,0.18,0.007248,-0.031428,668.73,0144
1788278483283,HYPE,A,Close Long,83.212,6.12,0.246479,-1.074672,668.55,0144
1788278483283,HYPE,A,Close Long,83.212,162.43,6.541804,-28.522708,662.43,0144
1788278484884,HYPE,A,Close Long,83.22,34.06,1.371884,-5.708456,500.0,0145
1788278484884,HYPE,A,Close Long,83.214,6.0,0.241653,-1.0416,465.94,0145
1788278484884,HYPE,A,Close Long,83.213,0.13,0.005234,-0.022698,459.94,0145
1788278484884,HYPE,A,Close Long,83.213,6.0,0.241649,-1.0476,459.81,0145
1788278484884,HYPE,A,Close Long,83.213,48.44,1.950924,-8.457624,453.81,0145
1788278484884,HYPE,A,Close Long,83.212,155.37,6.257465,-27.282972,405.37,0145
1788278487541,HYPE,A,Close Long,83.216,6.0,0.241658,-1.0296,250.0,0146
1788278487541,HYPE,A,Close Long,83.216,16.74,0.674228,-2.872584,244.0,0146
1788278487541,HYPE,A,Close Long,83.215,6.0,0.241656,-1.0356,227.26,0146
1788278487541,HYPE,A,Close Long,83.214,6.0,0.241653,-1.0416,221.26,0146
1788278487541,HYPE,A,Close Long,83.213,6.0,0.241649,-1.0476,215.26,0146
1788278487541,HYPE,A,Close Long,83.212,6.0,0.241647,-1.0536,209.26,0146
1788278487541,HYPE,A,Close Long,83.211,6.0,0.241644,-1.0596,203.26,0146
1788278487541,HYPE,A,Close Long,83.211,22.68,0.913416,-4.005288,197.26,0146
1788278487541,HYPE,A,Close Long,83.211,40.55,1.633115,-7.16113,174.58,0146
1788278487541,HYPE,A,Close Long,83.21,6.0,0.241641,-1.0656,134.03,0146
1788278487541,HYPE,A,Close Long,83.209,6.0,0.241638,-1.0716,128.03,0146
1788278487541,HYPE,A,Close Long,83.208,6.0,0.241635,-1.0776,122.03,0146
1788278487541,HYPE,A,Close Long,83.207,116.03,4.672781,-20.955018,116.03,0146
1788279664087,io:GPRO,A,Close Long,1.279,419.1,0.094769,3.700653,7500.0,0147
1788279664087,io:GPRO,A,Close Long,1.2739,109.8,0.024729,0.409554,7080.9,0147
1788279664087,io:GPRO,A,Close Long,1.2703,149.8,0.033643,0.019474,6971.1,0147
1788279664087,io:GPRO,A,Close Long,1.2701,950.4,0.213415,-0.066528,6821.3,0147
1788279668793,io:GPRO,A,Close Long,1.2641,703.3,0.157182,-4.269031,5870.9,0148
1788279668793,io:GPRO,A,Close Long,1.2629,1796.7,0.401168,-13.062009,5167.6,0148
1788279703359,io:GPRO,A,Close Long,1.2701,26.1,0.005859,-0.001827,3370.9,0149
1788279703359,io:GPRO,A,Close Long,1.2701,204.5,0.04592,-0.014315,3344.8,0149
1788279703359,io:GPRO,A,Close Long,1.2686,3140.3,0.704332,-4.930271,3140.3,0149
1788280498501,xyz:CRCL,B,Open Long,89.93,50.0,0.794981,0.0,0.0,0150
1788280498501,xyz:CRCL,B,Open Long,89.931,11.802,0.187648,0.0,50.0,0150
1788280498501,xyz:CRCL,B,Open Long,89.937,54.526,0.867009,0.0,61.802,0150
1788280498501,xyz:CRCL,B,Open Long,89.937,17.337,0.275672,0.0,116.328,0150
1788280498501,xyz:CRCL,B,Open Long,89.937,111.134,1.767125,0.0,133.665,0150
1788280498501,xyz:CRCL,B,Open Long,89.937,5.201,0.0827,0.0,244.799,0150
1788280513662,xyz:CRCL,B,Open Long,90.07,50.0,0.796218,0.0,250.0,0151
1788280513662,xyz:CRCL,B,Open Long,90.079,78.708,1.2535,0.0,300.0,0151
1788280513662,xyz:CRCL,B,Open Long,90.082,10.19,0.16229,0.0,378.708,0151
1788280513662,xyz:CRCL,B,Open Long,90.086,19.818,0.315644,0.0,388.898,0151
1788280513662,xyz:CRCL,B,Open Long,90.086,9.341,0.148775,0.0,408.716,0151
1788280513662,xyz:CRCL,B,Open Long,90.086,81.943,1.305122,0.0,418.057,0151
1788281093307,xyz:CRCL,A,Close Long,89.68,109.068,1.729318,-35.665236,500.0,0152
1788281093307,xyz:CRCL,A,Close Long,89.676,44.435,0.704504,-14.707985,390.932,0152
1788281093307,xyz:CRCL,A,Close Long,89.672,167.267,2.651851,-56.034445,346.497,0152
1788281093307,xyz:CRCL,A,Close Long,89.671,23.06,0.365589,-7.74816,179.23,0152
1788281093307,xyz:CRCL,A,Close Long,89.671,1.98,0.031389,-0.66528,156.17,0152
1788281093307,xyz:CRCL,A,Close Long,89.664,54.526,0.864377,-18.702418,154.19,0152
1788281093307,xyz:CRCL,A,Close Long,89.664,24.397,0.386755,-8.368171,99.664,0152
1788281093307,xyz:CRCL,A,Close Long,89.663,11.153,0.176801,-3.836632,75.267,0152
1788281093307,xyz:CRCL,A,Close Long,89.662,64.114,1.016349,-22.11933,64.114,0152
1788281772069,io:GPRO,B,Open Long,1.2661,109.8,0.024577,0.0,0.0,0153
1788281772069,io:GPRO,B,Open Long,1.2663,76.9,0.017215,0.0,109.8,0153
1788281772069,io:GPRO,B,Open Long,1.2666,76.9,0.01722,0.0,186.7,0153
1788281772069,io:GPRO,B,Open Long,1.2669,68.7,0.015387,0.0,263.6,0153
1788281772069,io:GPRO,B,Open Long,1.2672,77.0,0.01725,0.0,332.3,0153
1788281772069,io:GPRO,B,Open Long,1.2675,77.0,0.017254,0.0,409.3,0153
1788281772069,io:GPRO,B,Open Long,1.268,61.5,0.013787,0.0,486.3,0153
1788281772069,io:GPRO,B,Open Long,1.2681,77.0,0.017263,0.0,547.8,0153
1788281772069,io:GPRO,B,Open Long,1.2684,77.4,0.017356,0.0,624.8,0153
1788281772069,io:GPRO,B,Open Long,1.2687,77.5,0.017383,0.0,702.2,0153
1788281772069,io:GPRO,B,Open Long,1.269,73.6,0.016511,0.0,779.7,0153
1788281772069,io:GPRO,B,Open Long,1.2695,72.9,0.016361,0.0,853.3,0153
1788281772069,io:GPRO,B,Open Long,1.2698,72.9,0.016365,0.0,926.2,0153
1788281772069,io:GPRO,B,Open Long,1.2699,77.5,0.017399,0.0,999.1,0153
1788281772069,io:GPRO,B,Open Long,1.2704,72.9,0.016373,0.0,1076.6,0153
1788281772069,io:GPRO,B,Open Long,1.2707,72.9,0.016377,0.0,1149.5,0153
1788281772069,io:GPRO,B,Open Long,1.271,72.9,0.01638,0.0,1222.4,0153
1788281772069,io:GPRO,B,Open Long,1.2711,77.9,0.017505,0.0,1295.3,0153
1788281772069,io:GPRO,B,Open Long,1.2714,73.6,0.016543,0.0,1373.2,0153
1788281772069,io:GPRO,B,Open Long,1.2715,142.4,0.032011,0.0,1446.8,0153
1788281772069,io:GPRO,B,Open Long,1.2719,74.0,0.01664,0.0,1589.2,0153
1788281772069,io:GPRO,B,Open Long,1.272,77.9,0.017518,0.0,1663.2,0153
1788281772069,io:GPRO,B,Open Long,1.2723,77.9,0.017522,0.0,1741.1,0153
1788281772069,io:GPRO,B,Open Long,1.2726,73.6,0.016559,0.0,1819.0,0153
1788281772069,io:GPRO,B,Open Long,1.2729,77.9,0.01753,0.0,1892.6,0153
1788281772069,io:GPRO,B,Open Long,1.2732,77.5,0.017445,0.0,1970.5,0153
1788281772069,io:GPRO,B,Open Long,1.2735,77.5,0.017448,0.0,2048.0,0153
1788281772069,io:GPRO,B,Open Long,1.2738,77.5,0.017452,0.0,2125.5,0153
1788281772069,io:GPRO,B,Open Long,1.2744,77.5,0.017461,0.0,2203.0,0153
1788281772069,io:GPRO,B,Open Long,1.2747,77.5,0.017465,0.0,2280.5,0153
1788281772069,io:GPRO,B,Open Long,1.2752,71.4,0.016096,0.0,2358.0,0153
1788281772069,io:GPRO,B,Open Long,1.2753,70.6,0.015917,0.0,2429.4,0153
1788282484904,io:GPRO,A,Close Long,1.275,1178.7,0.265702,5.198067,2500.0,0154
1788282484904,io:GPRO,A,Close Long,1.2743,1065.7,0.240098,3.953747,1321.3,0154
1788282484904,io:GPRO,A,Close Long,1.2742,30.7,0.006915,0.110827,255.6,0154
1788282484904,io:GPRO,A,Close Long,1.2736,60.3,0.013577,0.181503,224.9,0154
1788282484904,io:GPRO,A,Close Long,1.2735,66.3,0.014927,0.192933,164.6,0154
1788282484904,io:GPRO,A,Close Long,1.2732,66.3,0.014923,0.173043,98.3,0154
1788282484904,io:GPRO,A,Close Long,1.2729,32.0,0.007201,0.07392,32.0,0154
1788288777497,PONS,B,Open Long,0.38508,506.0,0.094307,0.0,0.0,0155
1788288777497,PONS,B,Open Long,0.3852,506.0,0.094336,0.0,506.0,0155
1788288777497,PONS,B,Open Long,0.38522,27.0,0.005033,0.0,1012.0,0155
1788288777497,PONS,B,Open Long,0.38522,253.0,0.04717,0.0,1039.0,0155
1788288777497,PONS,B,Open Long,0.38529,324.0,0.060419,0.0,1292.0,0155
1788288777497,PONS,B,Open Long,0.3853,507.0,0.094547,0.0,1616.0,0155
1788288777497,PONS,B,Open Long,0.38532,400.0,0.074597,0.0,2123.0,0155
1788288777497,PONS,B,Open Long,0.3854,507.0,0.094571,0.0,2523.0,0155
1788288777497,PONS,B,Open Long,0.38544,508.0,0.094768,0.0,3030.0,0155
1788288777497,PONS,B,Open Long,0.38554,508.0,0.094793,0.0,3538.0,0155
1788288777497,PONS,B,Open Long,0.38564,508.0,0.094817,0.0,4046.0,0155
1788288777497,PONS,B,Open Long,0.38573,446.0,0.083264,0.0,4554.0,0155
1788288779392,PONS,B,Open Long,0.38548,324.0,0.060448,0.0,5000.0,0156
1788288779392,PONS,B,Open Long,0.38568,494.0,0.092213,0.0,5324.0,0156
1788288779392,PONS,B,Open Long,0.38569,495.0,0.092402,0.0,5818.0,0156
1788288779392,PONS,B,Open Long,0.38572,400.0,0.074674,0.0,6313.0,0156
1788288779392,PONS,B,Open Long,0.38579,495.0,0.092426,0.0,6713.0,0156
1788288779392,PONS,B,Open Long,0.38589,259.0,0.048373,0.0,7208.0,0156
1788288779392,PONS,B,Open Long,0.38593,497.0,0.092833,0.0,7467.0,0156
1788288779392,PONS,B,Open Long,0.38601,496.0,0.092667,0.0,7964.0,0156
1788288779392,PONS,B,Open Long,0.38601,1158.0,0.216346,0.0,8460.0,0156
1788288779392,PONS,B,Open Long,0.38601,382.0,0.071368,0.0,9618.0,0156
1788288791716,PONS,B,Open Long,0.38841,455.0,0.085534,0.0,10000.0,0157
1788288791716,PONS,B,Open Long,0.38857,231.0,0.043442,0.0,10455.0,0157
1788288791716,PONS,B,Open Long,0.38893,321.0,0.060425,0.0,10686.0,0157
1788288791716,PONS,B,Open Long,0.38915,530.0,0.099823,0.0,11007.0,0157
1788288791716,PONS,B,Open Long,0.38916,3463.0,0.652267,0.0,11537.0,0157
1788288845739,PONS,B,Open Long,0.38357,604.0,0.11213,0.0,15000.0,0158
1788288845739,PONS,B,Open Long,0.38364,325.0,0.060346,0.0,15604.0,0158
1788288845739,PONS,B,Open Long,0.3837,616.0,0.114396,0.0,15929.0,0158
1788288845739,PONS,B,Open Long,0.38383,616.0,0.114435,0.0,16545.0,0158
1788288845739,PONS,B,Open Long,0.38396,604.0,0.112245,0.0,17161.0,0158
1788288845739,PONS,B,Open Long,0.38409,616.0,0.114513,0.0,17765.0,0158
1788288845739,PONS,B,Open Long,0.38422,616.0,0.114551,0.0,18381.0,0158
1788288845739,PONS,B,Open Long,0.38435,616.0,0.11459,0.0,18997.0,0158
1788288845739,PONS,B,Open Long,0.38448,387.0,0.072015,0.0,19613.0,0158
1788288878318,PONS,A,Close Long,0.38257,593.0,0.109801,-2.073128,20000.0,0159
1788288878318,PONS,A,Close Long,0.38253,622.0,0.115159,-2.199392,19407.0,0159
1788288878318,PONS,A,Close Long,0.3824,625.0,0.115676,-2.29125,18785.0,0159
1788288878318,PONS,A,Close Long,0.38225,622.0,0.115074,-2.373552,18160.0,0159
1788288878318,PONS,A,Close Long,0.38223,327.0,0.060493,-1.254372,17538.0,0159
1788288878318,PONS,A,Close Long,0.38213,365.0,0.067506,-1.43664,17211.0,0159
1788288878318,PONS,A,Close Long,0.38208,624.0,0.115393,-2.487264,16846.0,0159
1788288878318,PONS,A,Close Long,0.38204,3909.0,0.722802,-15.737634,16222.0,0159
1788288878318,PONS,A,Close Long,0.38204,327.0,0.060463,-1.316502,12313.0,0159
1788288878318,PONS,A,Close Long,0.38188,603.0,0.111452,-2.524158,11986.0,0159
1788288878318,PONS,A,Close Long,0.38187,400.0,0.073929,-1.6784,11383.0,0159
1788288878318,PONS,A,Close Long,0.38183,400.0,0.073922,-1.6944,10983.0,0159
1788288878318,PONS,A,Close Long,0.38181,400.0,0.073918,-1.7024,10583.0,0159
1788288878318,PONS,A,Close Long,0.38181,917.0,0.169456,-3.902752,10183.0,0159
1788288878318,PONS,A,Close Long,0.3818,4244.0,0.784252,-18.104904,9266.0,0159
1788288878318,PONS,A,Close Long,0.38176,3909.0,0.722272,-16.832154,5022.0,0159
1788288878318,PONS,A,Close Long,0.3815,261.0,0.048192,-1.191726,1113.0,0159
1788288878318,PONS,A,Close Long,0.38143,852.0,0.157288,-3.949872,852.0,0159
1788290845829,xyz:CRCL,B,Open Long,89.643,11.155,0.176793,0.0,0.0,0160
1788290845829,xyz:CRCL,B,Open Long,89.644,1.982,0.031412,0.0,11.155,0160
1788290845829,xyz:CRCL,B,Open Long,89.646,11.155,0.1768,0.0,13.137,0160
1788290845829,xyz:CRCL,B,Open Long,89.647,1.979,0.031366,0.0,24.292,0160
1788290845829,xyz:CRCL,B,Open Long,89.647,3.37,0.053413,0.0,26.271,0160
1788290845829,xyz:CRCL,B,Open Long,89.65,11.154,0.176791,0.0,29.641,0160
1788290845829,xyz:CRCL,B,Open Long,89.651,33.812,0.535929,0.0,40.795,0160
1788290845829,xyz:CRCL,B,Open Long,89.656,11.154,0.176803,0.0,74.607,0160
1788290845829,xyz:CRCL,B,Open Long,89.657,1.983,0.031432,0.0,85.761,0160
1788290845829,xyz:CRCL,B,Open Long,89.659,12.256,0.194278,0.0,87.744,0160
1788290847450,xyz:CRCL,B,Open Long,89.65,11.154,0.176791,0.0,100.0,0161
1788290847450,xyz:CRCL,B,Open Long,89.651,54.526,0.864253,0.0,111.154,0161
1788290847450,xyz:CRCL,B,Open Long,89.657,34.32,0.544017,0.0,165.68,0161
1788290849207,xyz:CRCL,B,Open Long,89.666,44.793,0.7101,0.0,200.0,0162
1788290849207,xyz:CRCL,B,Open Long,89.667,7.0,0.11097,0.0,244.793,0162
1788290849207,xyz:CRCL,B,Open Long,89.675,11.151,0.176793,0.0,251.793,0162
1788290849207,xyz:CRCL,B,Open Long,89.675,4.887,0.07748,0.0,262.944,0162
1788290849207,xyz:CRCL,B,Open Long,89.676,7.0,0.110982,0.0,267.831,0162
1788290849207,xyz:CRCL,B,Open Long,89.677,11.222,0.177923,0.0,274.831,0162
1788290849207,xyz:CRCL,B,Open Long,89.679,11.151,0.176801,0.0,286.053,0162
1788290849207,xyz:CRCL,B,Open Long,89.68,2.796,0.044331,0.0,297.204,0162
1788291333019,xyz:GOLD,B,Open Long,4332.8,5.0,18.804352,0.0,0.0,0163
1788291343235,xyz:GOLD,B,Open Long,4333.9,0.1552,0.583835,0.0,5.0,0164
1788291343235,xyz:GOLD,B,Open Long,4333.9,0.9229,3.471787,0.0,5.1552,0164
1788291343235,xyz:GOLD,B,Open Long,4333.9,0.9229,3.471787,0.0,6.0781,0164
1788291343235,xyz:GOLD,B,Open Long,4333.9,2.0,7.52365,0.0,7.001,0164
1788291343235,xyz:GOLD,B,Open Long,4333.9,0.999,3.758062,0.0,9.001,0164
1788291662809,xyz:CRCL,B,Open Long,89.882,11.126,0.176804,0.0,300.0,0165
1788291662809,xyz:CRCL,B,Open Long,89.883,88.874,1.412324,0.0,311.126,0165
1788292282682,xyz:CRCL,B,Open Long,89.601,11.161,0.176805,0.0,400.0,0166
1788292282682,xyz:CRCL,B,Open Long,89.602,4.33,0.068593,0.0,411.161,0166
1788292282682,xyz:CRCL,B,Open Long,89.606,11.16,0.1768,0.0,415.491,0166
1788292282682,xyz:CRCL,B,Open Long,89.607,22.741,0.360274,0.0,426.651,0166
1788292282682,xyz:CRCL,B,Open Long,89.608,50.608,0.801766,0.0,449.392,0166
1788292367773,xyz:CRCL,A,Close Long,89.561,4.478,0.070905,-0.586618,500.0,0167
1788292367773,xyz:CRCL,A,Close Long,89.561,11.166,0.176805,-1.462746,495.522,0167
1788292367773,xyz:CRCL,A,Close Long,89.56,55.692,0.881838,-7.351344,484.356,0167
1788292367773,xyz:CRCL,A,Close Long,89.554,4.441,0.070314,-0.612858,428.664,0167
1788292367773,xyz:CRCL,A,Close Long,89.551,22.662,0.358798,-3.195342,424.223,0167
1788292367773,xyz:CRCL,A,Close Long,89.55,4.441,0.070311,-0.630622,401.561,0167
1788292367773,xyz:CRCL,A,Close Long,89.55,11.167,0.1768,-1.585714,397.12,0167
1788292367773,xyz:CRCL,A,Close Long,89.549,27.846,0.440865,-3.981978,385.953,0167
1788292367773,xyz:CRCL,A,Close Long,89.547,21.072,0.333609,-3.05544,358.107,0167
1788292367773,xyz:CRCL,A,Close Long,89.546,6.192,0.098029,-0.904032,337.035,0167
1788292367773,xyz:CRCL,A,Close Long,89.545,80.843,1.279869,-11.883921,330.843,0167
1788293120221,xyz:CRCL,B,Open Long,89.12,50.0,0.78782,0.0,250.0,0168
1788293326257,xyz:CRCL,A,Close Long,88.934,11.244,0.176794,-7.454772,300.0,0169
1788293326257,xyz:CRCL,A,Close Long,88.933,27.846,0.437831,-18.489744,288.756,0169
1788293326257,xyz:CRCL,A,Close Long,88.932,11.245,0.176807,-7.477925,260.91,0169
1788293326257,xyz:CRCL,A,Close Long,88.932,168.668,2.651996,-112.16422,249.665,0169
1788293326257,xyz:CRCL,A,Close Long,88.931,27.846,0.437822,-18.545436,80.997,0169
1788293326257,xyz:CRCL,A,Close Long,88.929,6.226,0.097889,-4.158968,53.151,0169
1788293326257,xyz:CRCL,A,Close Long,88.929,11.245,0.1768,-7.51166,46.925,0169
1788293326257,xyz:CRCL,A,Close Long,88.927,35.68,0.56097,-23.9056,35.68,0169
1788295169100,xyz:GOLD,B,Open Long,4331.8,0.9238,3.473489,0.0,10.0,0170
1788295169100,xyz:GOLD,B,Open Long,4331.9,0.0471,0.177099,0.0,10.9238,0170
1788295169100,xyz:GOLD,B,Open Long,4331.9,1.6628,6.252275,0.0,10.9709,0170
1788295169100,xyz:GOLD,B,Open Long,4332.0,0.1335,0.501983,0.0,12.6337,0170
1788295169100,xyz:GOLD,B,Open Long,4332.0,2.2328,8.39572,0.0,12.7672,0170
1788295380251,xyz:GOLD,B,Open Long,4334.1,0.6449,2.426112,0.0,15.0,0171
1788295380251,xyz:GOLD,B,Open Long,4334.1,0.2652,0.997681,0.0,15.6449,0171
1788295380251,xyz:GOLD,B,Open Long,4334.1,0.2734,1.02853,0.0,15.9101,0171
1788295380251,xyz:GOLD,B,Open Long,4334.1,1.2898,4.852225,0.0,16.1835,0171
1788295380251,xyz:GOLD,B,Open Long,4334.1,0.2209,0.831025,0.0,17.4733,0171
1788295380251,xyz:GOLD,B,Open Long,4334.1,2.0,7.523997,0.0,17.6942,0171
1788295380251,xyz:GOLD,B,Open Long,4334.1,0.2307,0.867892,0.0,19.6942,0171
1788295380251,xyz:GOLD,B,Open Long,4334.1,0.0751,0.282526,0.0,19.9249,0171
1788300350301,xyz:GOLD,A,Close Long,4333.9,20.0,75.236504,14.4,20.0,0172
1788307474755,xyz:GOLD,B,Open Long,4333.1,6.1482,23.124183,0.0,0.0,0173
1788307474755,xyz:GOLD,B,Open Long,4333.1,1.7111,6.43567,0.0,6.1482,0173
1788307474755,xyz:GOLD,B,Open Long,4333.2,2.1407,8.051638,0.0,7.8593,0173
1788307745830,xyz:GOLD,B,Open Long,4328.5,1.14,4.283137,0.0,10.0,0174
1788307745830,xyz:GOLD,B,Open Long,4328.5,3.86,14.502552,0.0,11.14,0174
1788308063625,xyz:GOLD,B,Open Long,4330.0,2.5,9.3961,0.0,15.0,0175
1788308261372,xyz:GOLD,B,Open Long,4337.7,1.114,4.194346,0.0,17.5,0176
1788308261372,xyz:GOLD,B,Open Long,4337.7,0.9883,3.72107,0.0,18.614,0176
1788308261372,xyz:GOLD,B,Open Long,4337.9,0.3977,1.497458,0.0,19.6023,0176
1788309243026,xyz:GOLD,A,Close Long,4325.3,0.4102,1.540037,-2.80987,20.0,0177
1788309243026,xyz:GOLD,A,Close Long,4325.3,0.23,0.863501,-1.5755,19.5898,0177
1788309243026,xyz:GOLD,A,Close Long,4325.3,1.8495,6.943689,-12.669075,19.3598,0177
1788309243026,xyz:GOLD,A,Close Long,4325.3,1.5456,5.802739,-10.58736,17.5103,0177
1788309243026,xyz:GOLD,A,Close Long,4325.3,0.1508,0.566157,-1.03298,15.9647,0177
1788309243026,xyz:GOLD,A,Close Long,4325.1,0.6014,2.257767,-4.23987,15.8139,0177
1788309243026,xyz:GOLD,A,Close Long,4325.1,0.5067,1.902245,-3.572235,15.2125,0177
1788309243026,xyz:GOLD,A,Close Long,4325.1,0.9286,3.486137,-6.54663,14.7058,0177
1788309243026,xyz:GOLD,A,Close Long,4325.0,0.9245,3.470665,-6.610175,13.7772,0177
1788309243026,xyz:GOLD,A,Close Long,4325.0,0.7375,2.768648,-5.273125,12.8527,0177
1788309243026,xyz:GOLD,A,Close Long,4325.0,1.1592,4.351752,-8.28828,12.1152,0177
1788309243026,xyz:GOLD,A,Close Long,4325.0,1.6797,6.305761,-12.009855,10.956,0177
1788309243026,xyz:GOLD,A,Close Long,4325.0,0.7384,2.772027,-5.27956,9.2763,0177
1788309243026,xyz:GOLD,A,Close Long,4325.0,1.9973,7.498063,-14.280695,8.5379,0177
1788309243026,xyz:GOLD,A,Close Long,4325.0,3.6757,13.798945,-26.281255,6.5406,0177
1788309243026,xyz:GOLD,A,Close Long,4324.9,1.0,3.754013,-7.25,2.8649,0177
1788309243026,xyz:GOLD,A,Close Long,4324.9,0.6656,2.49867,-4.8256,1.8649,0177
1788309243026,xyz:GOLD,A,Close Long,4324.9,0.2638,0.990307,-1.91255,1.1993,0177
1788309243026,xyz:GOLD,A,Close Long,4324.8,0.9355,3.511798,-6.875925,0.9355,0177
1788316267324,CASHCAT,B,Open Long,0.23977,2740.0,0.317972,0.0,0.0,0178
1788316267324,CASHCAT,B,Open Long,0.23993,64.0,0.007431,0.0,2740.0,0178
1788316267324,CASHCAT,B,Open Long,0.23994,795.0,0.092323,0.0,2804.0,0178
1788316267324,CASHCAT,B,Open Long,0.23994,70.0,0.008128,0.0,3599.0,0178
1788316267324,CASHCAT,B,Open Long,0.23999,512.0,0.05947,0.0,3669.0,0178
1788316267324,CASHCAT,B,Open Long,0.24,15819.0,1.837535,0.0,4181.0,0178
1788316288385,CASHCAT,B,Open Long,0.24012,1283.0,0.149107,0.0,20000.0,0179
1788316288385,CASHCAT,B,Open Long,0.24017,512.0,0.059515,0.0,21283.0,0179
1788316288385,CASHCAT,B,Open Long,0.24018,788.0,0.091602,0.0,21795.0,0179
1788316288385,CASHCAT,B,Open Long,0.24018,69.0,0.00802,0.0,22583.0,0179
1788316288385,CASHCAT,B,Open Long,0.24022,15601.0,1.813873,0.0,22652.0,0179
1788316288385,CASHCAT,B,Open Long,0.24022,1042.0,0.121148,0.0,38253.0,0179
1788316288385,CASHCAT,B,Open Long,0.24035,512.0,0.059559,0.0,39295.0,0179
1788316288385,CASHCAT,B,Open Long,0.24038,193.0,0.022454,0.0,39807.0,0179
1788316296393,CASHCAT,B,Open Long,0.24014,1680.0,0.195262,0.0,40000.0,0180
1788316296393,CASHCAT,B,Open Long,0.24029,8328.0,0.968548,0.0,41680.0,0180
1788316296393,CASHCAT,B,Open Long,0.24038,1805.0,0.21,0.0,50008.0,0180
1788316296393,CASHCAT,B,Open Long,0.24039,512.0,0.059569,0.0,51813.0,0180
1788316296393,CASHCAT,B,Open Long,0.2404,7675.0,0.893013,0.0,52325.0,0180
1788316486532,CASHCAT,B,Open Long,0.2416,588.0,0.068757,0.0,60000.0,0181
1788316486532,CASHCAT,B,Open Long,0.24162,18149.0,2.122417,0.0,60588.0,0181
1788316486532,CASHCAT,B,Open Long,0.24166,105.0,0.01228,0.0,78737.0,0181
1788316486532,CASHCAT,B,Open Long,0.24168,70.0,0.008187,0.0,78842.0,0181
1788316486532,CASHCAT,B,Open Long,0.24168,817.0,0.095566,0.0,78912.0,0181
1788316486532,CASHCAT,B,Open Long,0.2417,271.0,0.031702,0.0,79729.0,0181
1788317498328,CASHCAT,B,Open Long,0.25451,614.0,0.075633,0.0,80000.0,0182
1788317498328,CASHCAT,B,Open Long,0.25452,7270.0,0.895574,0.0,80614.0,0182
1788317498328,CASHCAT,B,Open Long,0.25453,95.0,0.011703,0.0,87884.0,0182
1788317498328,CASHCAT,B,Open Long,0.25454,831.0,0.102376,0.0,87979.0,0182
1788317498328,CASHCAT,B,Open Long,0.25455,1190.0,0.14661,0.0,88810.0,0182
1788317508174,CASHCAT,B,Open Long,0.25455,10000.0,1.232022,0.0,90000.0,0183
1788318858527,CASHCAT,A,Close Long,0.26864,1861.0,0.241969,47.094466,100000.0,0184
1788318858527,CASHCAT,A,Close Long,0.26852,372.0,0.048345,9.369192,98139.0,0184
1788318858527,CASHCAT,A,Close Long,0.26848,982.0,0.127604,24.693372,97767.0,0184
1788318858527,CASHCAT,A,Close Long,0.26846,982.0,0.127595,24.673732,96785.0,0184
1788318858527,CASHCAT,A,Close Long,0.2684,1862.0,0.241884,46.672892,95803.0,0184
1788318858527,CASHCAT,A,Close Long,0.26839,215.0,0.027928,5.38704,93941.0,0184
1788318858527,CASHCAT,A,Close Long,0.26836,243.0,0.031562,6.081318,93726.0,0184
1788318858527,CASHCAT,A,Close Long,0.2683,373.0,0.048436,9.312318,93483.0,0184
1788318858527,CASHCAT,A,Close Long,0.26823,3110.0,0.403749,77.42656,93110.0,0184
1788318862181,CASHCAT,A,Close Long,0.26882,3000.0,0.390326,76.458,90000.0,0185
1788318862181,CASHCAT,A,Close Long,0.26844,246.0,0.03196,6.176076,87000.0,0185
1788318862181,CASHCAT,A,Close Long,0.26829,222.0,0.028827,5.540232,86754.0,0185
1788318862181,CASHCAT,A,Close Long,0.26828,1181.0,0.153349,29.461226,86532.0,0185
1788318862181,CASHCAT,A,Close Long,0.26825,1181.0,0.153332,29.425796,85351.0,0185
1788318862181,CASHCAT,A,Close Long,0.26823,1181.0,0.15332,29.402176,84170.0,0185
1788318862181,CASHCAT,A,Close Long,0.26822,1181.0,0.153314,29.390366,82989.0,0185
1788318862181,CASHCAT,A,Close Long,0.2682,248.0,0.032192,6.166768,81808.0,0185
1788318862181,CASHCAT,A,Close Long,0.26819,213.0,0.027647,5.294328,81560.0,0185
1788318862181,CASHCAT,A,Close Long,0.26819,1181.0,0.153298,29.354936,81347.0,0185
1788318862181,CASHCAT,A,Close Long,0.26816,166.0,0.021544,4.121116,80166.0,0185
1788318874979,CASHCAT,A,Close Long,0.26998,370.0,0.048347,9.85902,80000.0,0186
1788318874979,CASHCAT,A,Close Long,0.26982,372.0,0.04858,9.852792,79630.0,0186
1788318874979,CASHCAT,A,Close Long,0.26981,927.0,0.121054,24.543252,79258.0,0186
1788318874979,CASHCAT,A,Close Long,0.26971,372.0,0.04856,9.811872,78331.0,0186
1788318874979,CASHCAT,A,Close Long,0.26969,1154.0,0.150631,30.414824,77959.0,0186
1788318874979,CASHCAT,A,Close Long,0.26966,1154.0,0.150614,30.380204,76805.0,0186
1788318874979,CASHCAT,A,Close Long,0.26965,651.0,0.084962,17.131716,75651.0,0186
1788321053761,CASHCAT,A,Close Long,0.28115,355.0,0.048306,13.42468,75000.0,0187
1788321053761,CASHCAT,A,Close Long,0.28115,355.0,0.048306,13.42468,74645.0,0187
1788321053761,CASHCAT,A,Close Long,0.28114,10311.0,1.403035,389.817666,74290.0,0187
1788321058063,CASHCAT,A,Close Long,0.28114,11021.0,1.499646,416.659926,63979.0,0188
1788321214229,CASHCAT,A,Close Long,0.27364,365.0,0.04834,11.06169,52958.0,0189
1788321214229,CASHCAT,A,Close Long,0.27298,366.0,0.048356,10.850436,52593.0,0189
1788321214229,CASHCAT,A,Close Long,0.27286,366.0,0.048334,10.806516,52227.0,0189
1788321214229,CASHCAT,A,Close Long,0.27269,247.0,0.032599,7.250932,51861.0,0189
1788321214229,CASHCAT,A,Close Long,0.27266,7856.0,1.036735,230.385056,51614.0,0189
1788321214229,CASHCAT,A,Close Long,0.2726,1744.0,0.2301,51.039904,43758.0,0189
1788321214229,CASHCAT,A,Close Long,0.27258,366.0,0.048285,10.704036,42014.0,0189
1788321214229,CASHCAT,A,Close Long,0.27257,510.0,0.067281,14.91036,41648.0,0189
1788321214229,CASHCAT,A,Close Long,0.27256,552.0,0.072818,16.132752,41138.0,0189
1788321214229,CASHCAT,A,Close Long,0.27255,365.0,0.048148,10.66384,40586.0,0189
1788321214229,CASHCAT,A,Close Long,0.27249,981.0,0.129379,28.602036,40221.0,0189
1788321214229,CASHCAT,A,Close Long,0.27247,554.0,0.073058,16.141344,39240.0,0189
1788321214229,CASHCAT,A,Close Long,0.27246,365.0,0.048131,10.63099,38686.0,0189
1788321214229,CASHCAT,A,Close Long,0.27241,1744.0,0.229939,50.708544,38321.0,0189
1788321214229,CASHCAT,A,Close Long,0.27238,553.0,0.072902,16.062438,36577.0,0189
1788321214229,CASHCAT,A,Close Long,0.27238,215.0,0.028343,6.24489,36024.0,0189
1788321214229,CASHCAT,A,Close Long,0.27237,205.0,0.027023,5.95238,35809.0,0189
1788321214229,CASHCAT,A,Close Long,0.27234,365.0,0.048111,10.58719,35604.0,0189
1788321214229,CASHCAT,A,Close Long,0.27233,275.0,0.036247,7.9739,35239.0,0189
1788321214229,CASHCAT,A,Close Long,0.27231,554.0,0.073015,16.052704,34964.0,0189
1788321214229,CASHCAT,A,Close Long,0.2723,1744.0,0.229847,50.516704,34410.0,0189
1788321214229,CASHCAT,A,Close Long,0.27224,553.0,0.072864,15.985018,32666.0,0189
1788321214229,CASHCAT,A,Close Long,0.27222,230.0,0.030303,6.64378,32113.0,0189
1788321214229,CASHCAT,A,Close Long,0.2722,553.0,0.072854,15.962898,31883.0,0189
1788321214229,CASHCAT,A,Close Long,0.27218,1744.0,0.229745,50.307424,31330.0,0189
1788321214229,CASHCAT,A,Close Long,0.27211,365.0,0.04807,10.50324,29586.0,0189
1788321214229,CASHCAT,A,Close Long,0.27211,553.0,0.07283,15.913128,29221.0,0189
1788321214229,CASHCAT,A,Close Long,0.27207,1744.0,0.229653,50.115584,28668.0,0189
1788321214229,CASHCAT,A,Close Long,0.27205,553.0,0.072814,15.879948,26924.0,0189
1788321214229,CASHCAT,A,Close Long,0.27201,563.0,0.07412,16.144588,26371.0,0189
1788321214229,CASHCAT,A,Close Long,0.27201,40.0,0.005266,1.14704,25808.0,0189
1788321214229,CASHCAT,A,Close Long,0.27193,554.0,0.072913,15.842184,25768.0,0189
1788321214229,CASHCAT,A,Close Long,0.27188,365.0,0.048029,10.41929,25214.0,0189
1788321214229,CASHCAT,A,Close Long,0.27188,553.0,0.072768,15.785938,24849.0,0189
1788321214229,CASHCAT,A,Close Long,0.27185,1744.0,0.229466,49.731904,24296.0,0189
1788321214229,CASHCAT,A,Close Long,0.27179,552.0,0.072612,15.707712,22552.0,0189
1788321214229,CASHCAT,A,Close Long,0.27175,365.0,0.048006,10.37184,22000.0,0189
1788321214229,CASHCAT,A,Close Long,0.27173,553.0,0.072728,15.702988,21635.0,0189
1788321214229,CASHCAT,A,Close Long,0.27173,39.0,0.005128,1.107444,21082.0,0189
1788321214229,CASHCAT,A,Close Long,0.27169,532.0,0.069956,15.085392,21043.0,0189
1788321214229,CASHCAT,A,Close Long,0.27168,1744.0,0.229323,49.435424,20511.0,0189
1788321214229,CASHCAT,A,Close Long,0.27166,6327.0,0.831895,179.218602,18767.0,0189
1788321214229,CASHCAT,A,Close Long,0.27162,136.0,0.017879,3.846896,12440.0,0189
1788321214229,CASHCAT,A,Close Long,0.2716,532.0,0.069933,15.037512,12304.0,0189
1788321214229,CASHCAT,A,Close Long,0.27156,366.0,0.048105,10.330716,11772.0,0189
1788321214229,CASHCAT,A,Close Long,0.27155,1744.0,0.229213,49.208704,11406.0,0189
1788321214229,CASHCAT,A,Close Long,0.27154,2433.0,0.319757,68.625198,9662.0,0189
1788321214229,CASHCAT,A,Close Long,0.27153,2465.0,0.323951,69.50314,7229.0,0189
1788321214229,CASHCAT,A,Close Long,0.27151,541.0,0.071092,15.243216,4764.0,0189
1788321214229,CASHCAT,A,Close Long,0.27147,587.0,0.077126,16.515832,4223.0,0189
1788321214229,CASHCAT,A,Close Long,0.27145,553.0,0.072653,15.548148,3636.0,0189
1788321214229,CASHCAT,A,Close Long,0.27145,39.0,0.005123,1.096524,3083.0,0189
1788321214229,CASHCAT,A,Close Long,0.27145,554.0,0.072785,15.576264,3044.0,0189
1788321214229,CASHCAT,A,Close Long,0.27144,2490.0,0.327128,69.98394,2490.0,0189
1788362423412,CASHCAT,B,Open Long,0.24568,70.0,0.008322,0.0,0.0,0190
1788362423412,CASHCAT,B,Open Long,0.24568,1000.0,0.118909,0.0,70.0,0190
1788362423412,CASHCAT,B,Open Long,0.24581,863.0,0.102672,0.0,1070.0,0190
1788362423412,CASHCAT,B,Open Long,0.24582,1017.0,0.120998,0.0,1933.0,0190
1788362423412,CASHCAT,B,Open Long,0.24588,464.0,0.055217,0.0,2950.0,0190
1788362423412,CASHCAT,B,Open Long,0.24592,863.0,0.102717,0.0,3414.0,0190
1788362423412,CASHCAT,B,Open Long,0.24593,1000.0,0.11903,0.0,4277.0,0190
1788362423412,CASHCAT,B,Open Long,0.24593,70.0,0.008331,0.0,5277.0,0190
1788362423412,CASHCAT,B,Open Long,0.24594,1186.0,0.141174,0.0,5347.0,0190
1788362423412,CASHCAT,B,Open Long,0.24595,554.0,0.065947,0.0,6533.0,0190
1788362423412,CASHCAT,B,Open Long,0.24598,410.0,0.048812,0.0,7087.0,0190
1788362423412,CASHCAT,B,Open Long,0.24606,3824.0,0.455411,0.0,7497.0,0190
1788362423412,CASHCAT,B,Open Long,0.24607,863.0,0.10278,0.0,11321.0,0190
1788362423412,CASHCAT,B,Open Long,0.24609,203.0,0.024178,0.0,12184.0,0190
1788362423412,CASHCAT,B,Open Long,0.2461,639.0,0.076112,0.0,12387.0,0190
1788362423412,CASHCAT,B,Open Long,0.24616,3824.0,0.455596,0.0,13026.0,0190
1788362423412,CASHCAT,B,Open Long,0.24617,863.0,0.102822,0.0,16850.0,0190
1788362423412,CASHCAT,B,Open Long,0.24618,1000.0,0.119151,0.0,17713.0,0190
1788362423412,CASHCAT,B,Open Long,0.24618,70.0,0.00834,0.0,18713.0,0190
1788362423412,CASHCAT,B,Open Long,0.24623,6217.0,0.740912,0.0,18783.0,0190
1788362446035,CASHCAT,B,Open Long,0.24667,863.0,0.103031,0.0,25000.0,0191
1788362446035,CASHCAT,B,Open Long,0.24675,473.0,0.056488,0.0,25863.0,0191
1788362446035,CASHCAT,B,Open Long,0.24676,417.0,0.049802,0.0,26336.0,0191
1788362446035,CASHCAT,B,Open Long,0.24679,863.0,0.103081,0.0,26753.0,0191
1788362446035,CASHCAT,B,Open Long,0.24683,472.0,0.056387,0.0,27616.0,0191
1788362446035,CASHCAT,B,Open Long,0.24683,4053.0,0.484194,0.0,28088.0,0191
1788362446035,CASHCAT,B,Open Long,0.24684,470.0,0.05615,0.0,32141.0,0191
1788362446035,CASHCAT,B,Open Long,0.24689,863.0,0.103123,0.0,32611.0,0191
1788362446035,CASHCAT,B,Open Long,0.24696,470.0,0.056178,0.0,33474.0,0191
1788362446035,CASHCAT,B,Open Long,0.24699,863.0,0.103165,0.0,33944.0,0191
1788362446035,CASHCAT,B,Open Long,0.24703,470.0,0.056193,0.0,34807.0,0191
1788362446035,CASHCAT,B,Open Long,0.24704,3824.0,0.457225,0.0,35277.0,0191
1788362446035,CASHCAT,B,Open Long,0.24705,606.0,0.07246,0.0,39101.0,0191
1788362446035,CASHCAT,B,Open Long,0.24707,1338.0,0.159999,0.0,39707.0,0191
1788362446035,CASHCAT,B,Open Long,0.24709,446.0,0.053337,0.0,41045.0,0191
1788362446035,CASHCAT,B,Open Long,0.24711,473.0,0.056571,0.0,41491.0,0191
1788362446035,CASHCAT,B,Open Long,0.24712,1178.0,0.140895,0.0,41964.0,0191
1788362446035,CASHCAT,B,Open Long,0.24714,3824.0,0.45741,0.0,43142.0,0191
1788362446035,CASHCAT,B,Open Long,0.24715,863.0,0.103232,0.0,46966.0,0191
1788362446035,CASHCAT,B,Open Long,0.24717,500.0,0.059814,0.0,47829.0,0191
1788362446035,CASHCAT,B,Open Long,0.24718,70.0,0.008374,0.0,48329.0,0191
1788362446035,CASHCAT,B,Open Long,0.24718,1000.0,0.119635,0.0,48399.0,0191
1788362446035,CASHCAT,B,Open Long,0.24718,473.0,0.056586,0.0,49399.0,0191
1788362446035,CASHCAT,B,Open Long,0.24719,128.0,0.015313,0.0,49872.0,0191
1788363194218,CASHCAT,B,Open Long,0.24821,1539.0,0.184885,0.0,50000.0,0192
1788363194218,CASHCAT,B,Open Long,0.24834,2033.0,0.244359,0.0,51539.0,0192
1788363194218,CASHCAT,B,Open Long,0.24843,1000.0,0.12024,0.0,53572.0,0192
1788363194218,CASHCAT,B,Open Long,0.24843,70.0,0.008416,0.0,54572.0,0192
1788363194218,CASHCAT,B,Open Long,0.24849,500.0,0.060134,0.0,54642.0,0192
1788363194218,CASHCAT,B,Open Long,0.2485,44.0,0.005291,0.0,55142.0,0192
1788363194218,CASHCAT,B,Open Long,0.24853,500.0,0.060143,0.0,55186.0,0192
1788363194218,CASHCAT,B,Open Long,0.24854,3639.0,0.437746,0.0,55686.0,0192
1788363194218,CASHCAT,B,Open Long,0.24855,606.0,0.0729,0.0,59325.0,0192
1788363194218,CASHCAT,B,Open Long,0.24859,894.0,0.107562,0.0,59931.0,0192
1788363194218,CASHCAT,B,Open Long,0.24859,2036.0,0.244965,0.0,60825.0,0192
1788363194218,CASHCAT,B,Open Long,0.2486,1006.0,0.121044,0.0,62861.0,0192
1788363194218,CASHCAT,B,Open Long,0.24868,1000.0,0.120361,0.0,63867.0,0192
1788363194218,CASHCAT,B,Open Long,0.24868,70.0,0.008424,0.0,64867.0,0192
1788363194218,CASHCAT,B,Open Long,0.24868,515.0,0.061985,0.0,64937.0,0192
1788363194218,CASHCAT,B,Open Long,0.24869,4023.0,0.484231,0.0,65452.0,0192
1788363194218,CASHCAT,B,Open Long,0.24875,3639.0,0.438117,0.0,69475.0,0192
1788363194218,CASHCAT,B,Open Long,0.24877,500.0,0.060201,0.0,73114.0,0192
1788363194218,CASHCAT,B,Open Long,0.24878,863.0,0.103912,0.0,73614.0,0192
1788363194218,CASHCAT,B,Open Long,0.24878,523.0,0.062973,0.0,74477.0,0192
1788364238304,CASHCAT,A,Close Long,0.24819,1008.0,0.121084,0.979776,75000.0,0193
1788364238304,CASHCAT,A,Close Long,0.24802,1008.0,0.121001,0.808416,73992.0,0193
1788364238304,CASHCAT,A,Close Long,0.24793,487.0,0.058438,0.346744,72984.0,0193
1788364238304,CASHCAT,A,Close Long,0.24792,1009.0,0.121073,0.708318,72497.0,0193
1788364238304,CASHCAT,A,Close Long,0.24783,487.0,0.058415,0.298044,71488.0,0193
1788364238304,CASHCAT,A,Close Long,0.24779,4038.0,0.484278,2.309736,71001.0,0193
1788364238304,CASHCAT,A,Close Long,0.24773,487.0,0.058391,0.249344,66963.0,0193
1788364238304,CASHCAT,A,Close Long,0.24764,677.0,0.081143,0.285694,66476.0,0193
1788364238304,CASHCAT,A,Close Long,0.24759,487.0,0.058358,0.181164,65799.0,0193
1788364238304,CASHCAT,A,Close Long,0.24748,777.0,0.093069,0.203574,65312.0,0193
1788364238304,CASHCAT,A,Close Long,0.24747,487.0,0.058329,0.122724,64535.0,0193
1788364238304,CASHCAT,A,Close Long,0.24736,777.0,0.093023,0.110334,64048.0,0193
1788364238304,CASHCAT,A,Close Long,0.24728,777.0,0.092993,0.048174,63271.0,0193
1788364238304,CASHCAT,A,Close Long,0.24727,487.0,0.058283,0.025324,62494.0,0193
1788364238304,CASHCAT,A,Close Long,0.24727,20236.0,2.421817,1.052272,62007.0,0193
1788364238304,CASHCAT,A,Close Long,0.24722,1027.0,0.122884,0.002054,41771.0,0193
1788364238304,CASHCAT,A,Close Long,0.24713,569.0,0.068057,-0.050072,40744.0,0193
1788364238304,CASHCAT,A,Close Long,0.24704,487.0,0.058228,-0.086686,40175.0,0193
1788364238304,CASHCAT,A,Close Long,0.24694,487.0,0.058204,-0.135386,39688.0,0193
1788364238304,CASHCAT,A,Close Long,0.24681,8770.0,1.047629,-3.57816,39201.0,0193
1788364238304,CASHCAT,A,Close Long,0.24671,487.0,0.05815,-0.247396,30431.0,0193
1788364238304,CASHCAT,A,Close Long,0.24664,722.0,0.086187,-0.417316,29944.0,0193
1788364238304,CASHCAT,A,Close Long,0.24663,2907.0,0.347005,-1.709316,29222.0,0193
1788364238304,CASHCAT,A,Close Long,0.24662,2000.0,0.238728,-1.196,26315.0,0193
1788364238304,CASHCAT,A,Close Long,0.24661,487.0,0.058127,-0.296096,24315.0,0193
1788364238304,CASHCAT,A,Close Long,0.24661,2027.0,0.24194,-1.232416,23828.0,0193
1788364238304,CASHCAT,A,Close Long,0.24661,20290.0,2.421798,-12.33632,21801.0,0193
1788364238304,CASHCAT,A,Close Long,0.24654,1511.0,0.1803,-1.024458,1511.0,0193
1788364642949,CASHCAT,B,Open Long,0.2484,429.0,0.022932,0.0,0.0,0229
1788364642949,CASHCAT,B,Open Long,0.2484,71.0,0.003794,0.0,429.0,0229
1788364643016,CASHCAT,B,Open Long,0.24833,226.0,0.012077,0.0,500.0,0228
1788364643016,CASHCAT,B,Open Long,0.24833,274.0,0.014642,0.0,726.0,0228
1788364652419,CASHCAT,B,Open Long,0.24825,443.0,0.023666,0.0,1000.0,0227
1788364652419,CASHCAT,B,Open Long,0.24825,57.0,0.003045,0.0,1443.0,0227
1788364652419,CASHCAT,B,Open Long,0.24818,273.0,0.01458,0.0,1500.0,0226
1788364652419,CASHCAT,B,Open Long,0.24818,227.0,0.012123,0.0,1773.0,0226
1788364653022,CASHCAT,B,Open Long,0.24811,443.0,0.023652,0.0,2000.0,0225
1788364653022,CASHCAT,B,Open Long,0.24811,57.0,0.003043,0.0,2443.0,0225
1788364664254,CASHCAT,B,Open Long,0.24803,138.0,0.007365,0.0,2500.0,0224
1788364674015,CASHCAT,B,Open Long,0.24803,1.0,0.000052,0.0,2638.0,0224
1788364687667,ASTER,B,Open Long,0.72741,242.0,0.085199,0.0,0.0,0230
1788364687667,ASTER,B,Open Long,0.72742,242.0,0.0852,0.0,242.0,0230
1788364687667,ASTER,B,Open Long,0.72746,687.0,0.241885,0.0,484.0,0230
1788364687667,ASTER,B,Open Long,0.72747,242.0,0.085206,0.0,1171.0,0230
1788364687667,ASTER,B,Open Long,0.72752,242.0,0.085211,0.0,1413.0,0230
1788364687667,ASTER,B,Open Long,0.72754,687.0,0.241911,0.0,1655.0,0230
1788364687667,ASTER,B,Open Long,0.72756,550.0,0.193675,0.0,2342.0,0230
1788364687667,ASTER,B,Open Long,0.72757,242.0,0.085218,0.0,2892.0,0230
1788364687667,ASTER,B,Open Long,0.72761,550.0,0.193689,0.0,3134.0,0230
1788364687667,ASTER,B,Open Long,0.72763,550.0,0.193694,0.0,3684.0,0230
1788364687667,ASTER,B,Open Long,0.72763,766.0,0.269763,0.0,4234.0,0230
1788364737953,CASHCAT,B,Open Long,0.24803,361.0,0.019267,0.0,2639.0,0224
1788364737953,CASHCAT,B,Open Long,0.24796,500.0,0.02668,0.0,3000.0,0223
1788364738019,CASHCAT,B,Open Long,0.24789,390.0,0.020804,0.0,3500.0,0222
1788364738220,CASHCAT,B,Open Long,0.24789,110.0,0.005867,0.0,3890.0,0222
1788364738220,CASHCAT,B,Open Long,0.24781,500.0,0.026663,0.0,4000.0,0221
1788364738220,CASHCAT,B,Open Long,0.24774,500.0,0.026656,0.0,4500.0,0220
1788364738220,CASHCAT,B,Open Long,0.24766,500.0,0.026648,0.0,5000.0,0219
1788364738220,CASHCAT,B,Open Long,0.24759,500.0,0.02664,0.0,5500.0,0218
1788364738220,CASHCAT,B,Open Long,0.24752,500.0,0.026633,0.0,6000.0,0217
1788364781390,ASTER,B,Open Long,0.72959,360.0,0.127123,0.0,5000.0,0231
1788364781390,ASTER,B,Open Long,0.72961,433.0,0.152905,0.0,5360.0,0231
1788364781390,ASTER,B,Open Long,0.72966,260.0,0.09182,0.0,5793.0,0231
1788364781390,ASTER,B,Open Long,0.72966,548.0,0.193528,0.0,6053.0,0231
1788364781390,ASTER,B,Open Long,0.72971,260.0,0.091826,0.0,6601.0,0231
1788364781390,ASTER,B,Open Long,0.72971,685.0,0.241927,0.0,6861.0,0231
1788364781390,ASTER,B,Open Long,0.72972,235.0,0.082997,0.0,7546.0,0231
1788364781390,ASTER,B,Open Long,0.72973,548.0,0.193547,0.0,7781.0,0231
1788364781390,ASTER,B,Open Long,0.72979,260.0,0.091836,0.0,8329.0,0231
1788364781390,ASTER,B,Open Long,0.7298,548.0,0.193566,0.0,8589.0,0231
1788364781390,ASTER,B,Open Long,0.72984,260.0,0.091842,0.0,9137.0,0231
1788364781390,ASTER,B,Open Long,0.72986,252.0,0.089019,0.0,9397.0,0231
1788364781390,ASTER,B,Open Long,0.7299,260.0,0.09185,0.0,9649.0,0231
1788364781390,ASTER,B,Open Long,0.7299,91.0,0.032147,0.0,9909.0,0231
1788364813995,CASHCAT,B,Open Long,0.24744,500.0,0.026624,0.0,6500.0,0216
1788364815810,CASHCAT,B,Open Long,0.24737,500.0,0.026616,0.0,7000.0,0215
1788364815810,CASHCAT,B,Open Long,0.2473,500.0,0.026609,0.0,7500.0,0214
1788364815810,CASHCAT,B,Open Long,0.24722,500.0,0.0266,0.0,8000.0,0213
1788364815810,CASHCAT,B,Open Long,0.24715,500.0,0.026592,0.0,8500.0,0212
1788364815810,CASHCAT,B,Open Long,0.24708,500.0,0.026585,0.0,9000.0,0211
1788364815810,CASHCAT,B,Open Long,0.247,500.0,0.026577,0.0,9500.0,0210
1788364815810,CASHCAT,B,Open Long,0.24693,500.0,0.026569,0.0,10000.0,0209
1788364815810,CASHCAT,B,Open Long,0.24686,500.0,0.026562,0.0,10500.0,0208
1788364815810,CASHCAT,B,Open Long,0.24678,500.0,0.026553,0.0,11000.0,0207
1788364815810,CASHCAT,B,Open Long,0.24671,500.0,0.026545,0.0,11500.0,0206
1788364815810,CASHCAT,B,Open Long,0.24664,500.0,0.026538,0.0,12000.0,0205
1788364815810,CASHCAT,B,Open Long,0.24656,500.0,0.026529,0.0,12500.0,0204
1788364815810,CASHCAT,B,Open Long,0.24649,500.0,0.026521,0.0,13000.0,0203
1788364815810,CASHCAT,B,Open Long,0.24641,500.0,0.026513,0.0,13500.0,0202
1788364815810,CASHCAT,B,Open Long,0.24634,500.0,0.026506,0.0,14000.0,0201
1788364815810,CASHCAT,B,Open Long,0.24627,500.0,0.026498,0.0,14500.0,0200
1788364815810,CASHCAT,B,Open Long,0.24619,500.0,0.026489,0.0,15000.0,0199
1788364815810,CASHCAT,B,Open Long,0.24612,500.0,0.026482,0.0,15500.0,0198
1788364815810,CASHCAT,B,Open Long,0.24605,500.0,0.026474,0.0,16000.0,0197
1788364815810,CASHCAT,B,Open Long,0.24597,500.0,0.026465,0.0,16500.0,0196
1788364815810,CASHCAT,B,Open Long,0.2459,500.0,0.026458,0.0,17000.0,0195
1788364815810,CASHCAT,B,Open Long,0.24583,500.0,0.02645,0.0,17500.0,0194
1788364858335,CASHCAT,B,Open Long,0.24674,234.0,0.027944,0.0,18000.0,0232
1788364858335,CASHCAT,B,Open Long,0.24676,234.0,0.027946,0.0,18234.0,0232
1788364858335,CASHCAT,B,Open Long,0.2468,32.0,0.003821,0.0,18468.0,0232
1788364866928,CASHCAT,B,Open Long,0.24677,342.0,0.018161,0.0,18500.0,0233
1788364866928,CASHCAT,B,Open Long,0.24677,158.0,0.008389,0.0,18842.0,0233
1788364869091,CASHCAT,B,Open Long,0.24663,500.0,0.026536,0.0,19000.0,0234
1788364869224,CASHCAT,B,Open Long,0.24648,341.0,0.018086,0.0,19500.0,0235
1788364869224,CASHCAT,B,Open Long,0.24648,159.0,0.008433,0.0,19841.0,0235
1788364869640,CASHCAT,B,Open Long,0.24634,341.0,0.018077,0.0,20000.0,0236
1788364869640,CASHCAT,B,Open Long,0.24634,159.0,0.008428,0.0,20341.0,0236
1788364870578,CASHCAT,B,Open Long,0.24619,346.0,0.01833,0.0,20500.0,0237
1788364870578,CASHCAT,B,Open Long,0.24619,154.0,0.008158,0.0,20846.0,0237
1788364871048,CASHCAT,B,Open Long,0.24605,347.0,0.018372,0.0,21000.0,0238
1788364871110,CASHCAT,B,Open Long,0.24605,153.0,0.0081,0.0,21347.0,0238
1788364875717,CASHCAT,B,Open Long,0.2459,500.0,0.026458,0.0,21500.0,0239
1788364876183,CASHCAT,B,Open Long,0.24575,351.0,0.018561,0.0,22000.0,0240
1788364876317,CASHCAT,B,Open Long,0.24575,149.0,0.007879,0.0,22351.0,0240
1788364879259,CASHCAT,B,Open Long,0.24561,352.0,0.018604,0.0,22500.0,0241
1788364879259,CASHCAT,B,Open Long,0.24561,148.0,0.007822,0.0,22852.0,0241
1788364879969,CASHCAT,B,Open Long,0.24546,354.0,0.018699,0.0,23000.0,0242
1788364879969,CASHCAT,B,Open Long,0.24546,146.0,0.007711,0.0,23354.0,0242
1788364881470,CASHCAT,B,Open Long,0.24532,353.0,0.018635,0.0,23500.0,0243
1788364881470,CASHCAT,B,Open Long,0.24532,147.0,0.00776,0.0,23853.0,0243
1788364906888,ASTER,B,Open Long,0.73208,219.0,0.077596,0.0,10000.0,0248
1788364906888,ASTER,B,Open Long,0.7321,546.0,0.193467,0.0,10219.0,0248
1788364906888,ASTER,B,Open Long,0.73214,273.0,0.096738,0.0,10765.0,0248
1788364906888,ASTER,B,Open Long,0.7322,273.0,0.096746,0.0,11038.0,0248
1788364906888,ASTER,B,Open Long,0.7322,546.0,0.193493,0.0,11311.0,0248
1788364906888,ASTER,B,Open Long,0.73226,273.0,0.096754,0.0,11857.0,0248
1788364906888,ASTER,B,Open Long,0.73229,273.0,0.096758,0.0,12130.0,0248
1788364906888,ASTER,B,Open Long,0.73229,2597.0,0.920449,0.0,12403.0,0248
1788364929058,CASHCAT,B,Open Long,0.24517,500.0,0.026379,0.0,24000.0,0244
1788364929058,CASHCAT,B,Open Long,0.24503,500.0,0.026364,0.0,24500.0,0245
1788364946491,CASHCAT,B,Open Long,0.24488,500.0,0.026349,0.0,25000.0,0246
1788364977931,CASHCAT,B,Open Long,0.24474,445.0,0.023436,0.0,25500.0,0247
1788364977931,CASHCAT,B,Open Long,0.24474,55.0,0.002896,0.0,25945.0,0247
1788365018664,ASTER,B,Open Long,0.73262,546.0,0.193605,0.0,15000.0,0249
1788365018664,ASTER,B,Open Long,0.73263,240.0,0.085102,0.0,15546.0,0249
1788365018664,ASTER,B,Open Long,0.73267,546.0,0.193617,0.0,15786.0,0249
1788365018664,ASTER,B,Open Long,0.73268,267.0,0.094682,0.0,16332.0,0249
1788365018664,ASTER,B,Open Long,0.7327,233.0,0.082627,0.0,16599.0,0249
1788365018664,ASTER,B,Open Long,0.7327,546.0,0.193625,0.0,16832.0,0249
1788365018664,ASTER,B,Open Long,0.7327,1558.0,0.552507,0.0,17378.0,0249
1788365018664,ASTER,B,Open Long,0.73273,546.0,0.193634,0.0,18936.0,0249
1788365018664,ASTER,B,Open Long,0.73278,267.0,0.094695,0.0,19482.0,0249
1788365018664,ASTER,B,Open Long,0.73279,251.0,0.089022,0.0,19749.0,0249
1788365228717,CASHCAT,B,Open Long,0.24719,214.0,0.025602,0.0,26000.0,0250
1788365228717,CASHCAT,B,Open Long,0.24719,214.0,0.025602,0.0,26214.0,0250
1788365228717,CASHCAT,B,Open Long,0.24721,309.0,0.03697,0.0,26428.0,0250
1788365228717,CASHCAT,B,Open Long,0.24723,309.0,0.036974,0.0,26737.0,0250
1788365228717,CASHCAT,B,Open Long,0.24723,1011.0,0.120974,0.0,27046.0,0250
1788365228717,CASHCAT,B,Open Long,0.24724,309.0,0.036975,0.0,28057.0,0250
1788365228717,CASHCAT,B,Open Long,0.24726,309.0,0.036978,0.0,28366.0,0250
1788365228717,CASHCAT,B,Open Long,0.24728,309.0,0.036981,0.0,28675.0,0250
1788365228717,CASHCAT,B,Open Long,0.2473,217.0,0.025973,0.0,28984.0,0250
1788365228717,CASHCAT,B,Open Long,0.24732,309.0,0.036988,0.0,29201.0,0250
1788365228717,CASHCAT,B,Open Long,0.24733,312.0,0.037348,0.0,29510.0,0250
1788365228717,CASHCAT,B,Open Long,0.24735,178.0,0.021308,0.0,29822.0,0250
1788365278483,ASTER,B,Open Long,0.73643,543.0,0.193542,0.0,20000.0,0251
1788365278483,ASTER,B,Open Long,0.73646,543.0,0.193549,0.0,20543.0,0251
1788365278483,ASTER,B,Open Long,0.73647,287.0,0.1023,0.0,21086.0,0251
1788365278483,ASTER,B,Open Long,0.73648,45.0,0.01604,0.0,21373.0,0251
1788365278483,ASTER,B,Open Long,0.73654,235.0,0.083773,0.0,21418.0,0251
1788365278483,ASTER,B,Open Long,0.73659,287.0,0.102318,0.0,21653.0,0251
1788365278483,ASTER,B,Open Long,0.73661,3060.0,1.090948,0.0,21940.0,0251
1788365697565,ASTER,B,Open Long,0.73584,67.0,0.023861,0.0,25000.0,0252
1788365697565,ASTER,B,Open Long,0.73598,295.0,0.105082,0.0,25067.0,0252
1788365697565,ASTER,B,Open Long,0.73604,295.0,0.105091,0.0,25362.0,0252
1788365697565,ASTER,B,Open Long,0.73609,295.0,0.105098,0.0,25657.0,0252
1788365697565,ASTER,B,Open Long,0.73614,295.0,0.105105,0.0,25952.0,0252
1788365697565,ASTER,B,Open Long,0.73618,295.0,0.105111,0.0,26247.0,0252
1788365697565,ASTER,B,Open Long,0.73623,295.0,0.105118,0.0,26542.0,0252
1788365697565,ASTER,B,Open Long,0.73623,543.0,0.193489,0.0,26837.0,0252
1788365697565,ASTER,B,Open Long,0.73629,295.0,0.105126,0.0,27380.0,0252
1788365697565,ASTER,B,Open Long,0.73631,2325.0,0.828569,0.0,27675.0,0252
1788365794804,CASHCAT,A,Close Long,0.24475,376.0,0.044539,-0.765536,30000.0,0253
1788365794804,CASHCAT,A,Close Long,0.24461,129.0,0.015272,-0.280704,29624.0,0253
1788365794804,CASHCAT,A,Close Long,0.2446,787.0,0.09317,-1.720382,29495.0,0253
1788365794804,CASHCAT,A,Close Long,0.24458,128.0,0.015151,-0.282368,28708.0,0253
1788365794804,CASHCAT,A,Close Long,0.24457,128.0,0.015151,-0.283648,28580.0,0253
1788365794804,CASHCAT,A,Close Long,0.24457,400.0,0.047347,-0.8864,28452.0,0253
1788365794804,CASHCAT,A,Close Long,0.24457,2907.0,0.344106,-6.441912,28052.0,0253
1788365794804,CASHCAT,A,Close Long,0.24454,128.0,0.015149,-0.287488,25145.0,0253
1788365794804,CASHCAT,A,Close Long,0.24451,128.0,0.015147,-0.291328,25017.0,0253
1788365794804,CASHCAT,A,Close Long,0.24449,128.0,0.015146,-0.293888,24889.0,0253
1788365794804,CASHCAT,A,Close Long,0.24447,129.0,0.015263,-0.298764,24761.0,0253
1788365794804,CASHCAT,A,Close Long,0.24446,2907.0,0.343951,-6.761682,24632.0,0253
1788365794804,CASHCAT,A,Close Long,0.24444,628.0,0.074297,-1.473288,21725.0,0253
1788365794804,CASHCAT,A,Close Long,0.24443,900.0,0.106473,-2.1204,21097.0,0253
1788365794804,CASHCAT,A,Close Long,0.24443,63.0,0.007452,-0.148428,20197.0,0253
1788365794804,CASHCAT,A,Close Long,0.24429,640.0,0.07567,-1.59744,20134.0,0253
1788365794804,CASHCAT,A,Close Long,0.24425,129.0,0.015249,-0.327144,19494.0,0253
1788365794804,CASHCAT,A,Close Long,0.24424,2907.0,0.343642,-7.401222,19365.0,0253
1788365794804,CASHCAT,A,Close Long,0.24421,464.0,0.054843,-1.195264,16458.0,0253
1788365794804,CASHCAT,A,Close Long,0.24418,63.0,0.007445,-0.164178,15994.0,0253
1788365794804,CASHCAT,A,Close Long,0.24418,900.0,0.106364,-2.3454,15931.0,0253
1788365794804,CASHCAT,A,Close Long,0.24414,617.0,0.072906,-1.632582,15031.0,0253
1788365794804,CASHCAT,A,Close Long,0.24412,1024.0,0.120988,-2.729984,14414.0,0253
1788365794804,CASHCAT,A,Close Long,0.24408,204.0,0.024099,-0.552024,13390.0,0253
1788365794804,CASHCAT,A,Close Long,0.24406,8792.0,1.038554,-23.966992,13186.0,0253
1788365794804,CASHCAT,A,Close Long,0.24403,2907.0,0.343346,-8.011692,4394.0,0253
1788365794804,CASHCAT,A,Close Long,0.24402,487.0,0.057516,-1.347042,1487.0,0253
1788365794804,CASHCAT,A,Close Long,0.24401,294.0,0.03472,-0.816144,1000.0,0253
1788365794804,CASHCAT,A,Close Long,0.24399,643.0,0.075932,-1.797828,706.0,0253
1788365794804,CASHCAT,A,Close Long,0.24399,63.0,0.007439,-0.176148,63.0,0253
1788366472264,CASHCAT,B,Open Long,0.25574,650.0,0.035772,0.0,0.0,0280
1788366473594,CASHCAT,B,Open Long,0.25558,650.0,0.035749,0.0,650.0,0279
1788366477287,CASHCAT,B,Open Long,0.25542,650.0,0.035727,0.0,1300.0,0278
1788366482298,CASHCAT,B,Open Long,0.25526,650.0,0.035704,0.0,1950.0,0277
1788366486250,CASHCAT,B,Open Long,0.25509,650.0,0.035681,0.0,2600.0,0276
1788366488333,CASHCAT,B,Open Long,0.25493,650.0,0.035659,0.0,3250.0,0275
1788366550169,CASHCAT,B,Open Long,0.25477,264.0,0.014473,0.0,3900.0,0274
1788366550169,CASHCAT,B,Open Long,0.25477,264.0,0.014473,0.0,4164.0,0274
1788366550235,CASHCAT,B,Open Long,0.25477,122.0,0.006688,0.0,4428.0,0274
1788366658522,CASHCAT,B,Open Long,0.25721,806.0,0.100338,0.0,4550.0,0281
1788366658522,CASHCAT,B,Open Long,0.25734,390.0,0.048575,0.0,5356.0,0281
1788366658522,CASHCAT,B,Open Long,0.25734,971.0,0.120939,0.0,5746.0,0281
1788366658522,CASHCAT,B,Open Long,0.25739,2833.0,0.352925,0.0,6717.0,0281
1788366778598,ASTER,B,Open Long,0.73821,283.0,0.101113,0.0,30000.0,0282
1788366778598,ASTER,B,Open Long,0.73824,542.0,0.19366,0.0,30283.0,0282
1788366778598,ASTER,B,Open Long,0.73825,677.0,0.2419,0.0,30825.0,0282
1788366778598,ASTER,B,Open Long,0.73825,1834.0,0.655311,0.0,31502.0,0282
1788366778598,ASTER,B,Open Long,0.73833,542.0,0.193684,0.0,33336.0,0282
1788366778598,ASTER,B,Open Long,0.73834,1122.0,0.400953,0.0,33878.0,0282
1788366900970,CASHCAT,B,Open Long,0.25461,223.0,0.012217,0.0,9550.0,0273
1788366901037,CASHCAT,B,Open Long,0.25461,223.0,0.012217,0.0,9773.0,0273
1788366901172,CASHCAT,B,Open Long,0.25461,204.0,0.011177,0.0,9996.0,0273
1788366902061,CASHCAT,B,Open Long,0.25445,46.0,0.002518,0.0,10200.0,0272
1788366902061,CASHCAT,B,Open Long,0.25445,223.0,0.01221,0.0,10246.0,0272
1788366902061,CASHCAT,B,Open Long,0.25445,223.0,0.01221,0.0,10469.0,0272
1788366902061,CASHCAT,B,Open Long,0.25445,158.0,0.008651,0.0,10692.0,0272
1788367152523,CASHCAT,B,Open Long,0.25429,565.0,0.030918,0.0,10850.0,0271
1788367154010,CASHCAT,B,Open Long,0.25429,85.0,0.004651,0.0,11415.0,0271
1788367154273,CASHCAT,B,Open Long,0.25413,313.0,0.017117,0.0,11500.0,0270
1788367154273,CASHCAT,B,Open Long,0.25413,313.0,0.017117,0.0,11813.0,0270
1788367154273,CASHCAT,B,Open Long,0.25413,24.0,0.001311,0.0,12126.0,0270
1788367154694,CASHCAT,B,Open Long,0.25396,196.0,0.010711,0.0,12150.0,0269
1788367154694,CASHCAT,B,Open Long,0.25396,311.0,0.016996,0.0,12346.0,0269
1788367154694,CASHCAT,B,Open Long,0.25396,143.0,0.007814,0.0,12657.0,0269
1788367155884,CASHCAT,B,Open Long,0.2538,650.0,0.035501,0.0,12800.0,0268
1788367155884,CASHCAT,B,Open Long,0.25364,650.0,0.035478,0.0,13450.0,0267
1788367156026,CASHCAT,B,Open Long,0.25348,650.0,0.035456,0.0,14100.0,0266
1788367156105,CASHCAT,B,Open Long,0.25332,650.0,0.035433,0.0,14750.0,0265
1788367157088,CASHCAT,B,Open Long,0.25316,650.0,0.035411,0.0,15400.0,0264
1788367157088,CASHCAT,B,Open Long,0.253,650.0,0.035389,0.0,16050.0,0263
1788367157088,CASHCAT,B,Open Long,0.25283,650.0,0.035364,0.0,16700.0,0262
1788367157088,CASHCAT,B,Open Long,0.25267,650.0,0.035342,0.0,17350.0,0261
1788367159445,CASHCAT,B,Open Long,0.25235,197.0,0.010697,0.0,18650.0,0260
1788367182888,CASHCAT,B,Open Long,0.25235,453.0,0.0246,0.0,18847.0,0260
1788367182888,CASHCAT,B,Open Long,0.25219,650.0,0.035275,0.0,19300.0,0259
1788367182888,CASHCAT,B,Open Long,0.25203,650.0,0.035253,0.0,19950.0,0258
1788367205641,CASHCAT,B,Open Long,0.25187,650.0,0.035231,0.0,20600.0,0257
1788367223987,CASHCAT,B,Open Long,0.2517,650.0,0.035207,0.0,21250.0,0256
1788367223987,CASHCAT,B,Open Long,0.25154,650.0,0.035185,0.0,21900.0,0255
1788367404900,CASHCAT,B,Open Long,0.25138,650.0,0.035162,0.0,22550.0,0254
1788367533757,CASHCAT,B,Open Long,0.25492,127.0,0.015668,0.0,23200.0,0283
1788367533757,CASHCAT,B,Open Long,0.25496,102.0,0.012586,0.0,23327.0,0283
1788367533757,CASHCAT,B,Open Long,0.255,127.0,0.015673,0.0,23429.0,0283
1788367533757,CASHCAT,B,Open Long,0.25503,129.0,0.015922,0.0,23556.0,0283
1788367533757,CASHCAT,B,Open Long,0.25504,129.0,0.015923,0.0,23685.0,0283
1788367533757,CASHCAT,B,Open Long,0.25505,392.0,0.048389,0.0,23814.0,0283
1788367533757,CASHCAT,B,Open Long,0.25508,127.0,0.015678,0.0,24206.0,0283
1788367533757,CASHCAT,B,Open Long,0.25511,99.0,0.012223,0.0,24333.0,0283
1788367533757,CASHCAT,B,Open Long,0.25512,70.0,0.008642,0.0,24432.0,0283
1788367533757,CASHCAT,B,Open Long,0.25512,1000.0,0.123478,0.0,24502.0,0283
1788367533757,CASHCAT,B,Open Long,0.25515,129.0,0.01593,0.0,25502.0,0283
1788367533757,CASHCAT,B,Open Long,0.25516,128.0,0.015807,0.0,25631.0,0283
1788367533757,CASHCAT,B,Open Long,0.25519,99.0,0.012227,0.0,25759.0,0283
1788367533757,CASHCAT,B,Open Long,0.25522,99.0,0.012228,0.0,25858.0,0283
1788367533757,CASHCAT,B,Open Long,0.25522,677.0,0.083627,0.0,25957.0,0283
1788367533757,CASHCAT,B,Open Long,0.25525,99.0,0.012229,0.0,26634.0,0283
1788367533757,CASHCAT,B,Open Long,0.2553,98.0,0.012108,0.0,26733.0,0283
1788367533757,CASHCAT,B,Open Long,0.25531,99.0,0.012232,0.0,26831.0,0283
1788367533757,CASHCAT,B,Open Long,0.25534,90.0,0.011122,0.0,26930.0,0283
1788367533757,CASHCAT,B,Open Long,0.25534,390.0,0.048197,0.0,27020.0,0283
1788367533757,CASHCAT,B,Open Long,0.25536,487.0,0.06019,0.0,27410.0,0283
1788367533757,CASHCAT,B,Open Long,0.25537,97.0,0.011989,0.0,27897.0,0283
1788367533757,CASHCAT,B,Open Long,0.25538,70.0,0.008651,0.0,27994.0,0283
1788367533757,CASHCAT,B,Open Long,0.25538,1000.0,0.123603,0.0,28064.0,0283
1788367533757,CASHCAT,B,Open Long,0.25539,99.0,0.012236,0.0,29064.0,0283
1788367533757,CASHCAT,B,Open Long,0.2554,1037.0,0.128186,0.0,29163.0,0283
1788367548771,ASTER,A,Close Long,0.73348,277.0,0.098335,0.043489,35000.0,0284
1788367548771,ASTER,A,Close Long,0.73346,361.0,0.128152,0.049457,34723.0,0284
1788367548771,ASTER,A,Close Long,0.73346,545.0,0.193471,0.074665,34362.0,0284
1788367548771,ASTER,A,Close Long,0.73339,545.0,0.193452,0.036515,33817.0,0284
1788367548771,ASTER,A,Close Long,0.73338,343.0,0.121748,0.019551,33272.0,0284
1788367548771,ASTER,A,Close Long,0.73334,1015.0,0.36026,0.017255,32929.0,0284
1788367548771,ASTER,A,Close Long,0.73333,361.0,0.12813,0.002527,31914.0,0284
1788367548771,ASTER,A,Close Long,0.73328,361.0,0.128121,-0.015523,31553.0,0284
1788367548771,ASTER,A,Close Long,0.73326,361.0,0.128117,-0.022743,31192.0,0284
1788367548771,ASTER,A,Close Long,0.73322,543.0,0.192698,-0.055929,30831.0,0284
1788367548771,ASTER,A,Close Long,0.73321,267.0,0.09475,-0.030171,30288.0,0284
1788367548771,ASTER,A,Close Long,0.7332,546.0,0.193757,-0.067158,30021.0,0284
1788367548771,ASTER,A,Close Long,0.73319,994.0,0.352734,-0.132202,29475.0,0284
1788367548771,ASTER,A,Close Long,0.73316,361.0,0.1281,-0.058843,28481.0,0284
1788367548771,ASTER,A,Close Long,0.73314,1062.0,0.376839,-0.194346,28120.0,0284
1788367548771,ASTER,A,Close Long,0.73311,361.0,0.128091,-0.076893,27058.0,0284
1788367548771,ASTER,A,Close Long,0.73309,682.0,0.241983,-0.158906,26697.0,0284
1788367548771,ASTER,A,Close Long,0.73306,361.0,0.128082,-0.094943,26015.0,0284
1788367548771,ASTER,A,Close Long,0.73306,269.0,0.095441,-0.070747,25654.0,0284
1788367548771,ASTER,A,Close Long,0.73303,261.0,0.092599,-0.076473,25385.0,0284
1788367548771,ASTER,A,Close Long,0.73301,361.0,0.128073,-0.112993,25124.0,0284
1788367548771,ASTER,A,Close Long,0.73301,682.0,0.241957,-0.213466,24763.0,0284
1788367548771,ASTER,A,Close Long,0.73296,361.0,0.128064,-0.131043,24081.0,0284
1788367548771,ASTER,A,Close Long,0.73294,546.0,0.193689,-0.209118,23720.0,0284
1788367548771,ASTER,A,Close Long,0.73294,342.0,0.121321,-0.130986,23174.0,0284
1788367548771,ASTER,A,Close Long,0.73293,1033.0,0.366443,-0.405969,22832.0,0284
1788367548771,ASTER,A,Close Long,0.73292,682.0,0.241927,-0.274846,21799.0,0284
1788367548771,ASTER,A,Close Long,0.73291,361.0,0.128056,-0.149093,21117.0,0284
1788367548771,ASTER,A,Close Long,0.7329,756.0,0.26817,-0.319788,20756.0,0284
1788367573580,CASHCAT,B,Open Long,0.25694,685.0,0.085185,0.0,30200.0,0285
1788367573580,CASHCAT,B,Open Long,0.25694,70.0,0.008704,0.0,30885.0,0285
1788367573580,CASHCAT,B,Open Long,0.25704,808.0,0.10052,0.0,30955.0,0285
1788367573580,CASHCAT,B,Open Long,0.25709,194.0,0.024139,0.0,31763.0,0285
1788367573580,CASHCAT,B,Open Long,0.2572,70.0,0.008713,0.0,31957.0,0285
1788367573580,CASHCAT,B,Open Long,0.2572,1000.0,0.124484,0.0,32027.0,0285
1788367573580,CASHCAT,B,Open Long,0.25724,400.0,0.049801,0.0,33027.0,0285
1788367573580,CASHCAT,B,Open Long,0.25727,98.0,0.012202,0.0,33427.0,0285
1788367573580,CASHCAT,B,Open Long,0.25727,380.0,0.047316,0.0,33525.0,0285
1788367573580,CASHCAT,B,Open Long,0.25729,808.0,0.100618,0.0,33905.0,0285
1788367573580,CASHCAT,B,Open Long,0.25732,98.0,0.012204,0.0,34713.0,0285
1788367573580,CASHCAT,B,Open Long,0.25737,98.0,0.012207,0.0,34811.0,0285
1788367573580,CASHCAT,B,Open Long,0.2574,98.0,0.012208,0.0,34909.0,0285
1788367573580,CASHCAT,B,Open Long,0.25743,92.0,0.011462,0.0,35007.0,0285
1788367573580,CASHCAT,B,Open Long,0.25746,487.0,0.060685,0.0,35099.0,0285
1788367573580,CASHCAT,B,Open Long,0.25746,70.0,0.008722,0.0,35586.0,0285
1788367573580,CASHCAT,B,Open Long,0.25746,1000.0,0.12461,0.0,35656.0,0285
1788367573580,CASHCAT,B,Open Long,0.25747,159.0,0.019813,0.0,36656.0,0285
1788367573580,CASHCAT,B,Open Long,0.25748,98.0,0.012212,0.0,36815.0,0285
1788367573580,CASHCAT,B,Open Long,0.25749,647.0,0.080631,0.0,36913.0,0285
1788367573580,CASHCAT,B,Open Long,0.25755,98.0,0.012215,0.0,37560.0,0285
1788367573580,CASHCAT,B,Open Long,0.25758,98.0,0.012217,0.0,37658.0,0285
1788367573580,CASHCAT,B,Open Long,0.25759,487.0,0.060715,0.0,37756.0,0285
1788367573580,CASHCAT,B,Open Long,0.25763,98.0,0.012219,0.0,38243.0,0285
1788367573580,CASHCAT,B,Open Long,0.25764,970.0,0.120956,0.0,38341.0,0285
1788367573580,CASHCAT,B,Open Long,0.25768,98.0,0.012222,0.0,39311.0,0285
1788367573580,CASHCAT,B,Open Long,0.25769,591.0,0.07371,0.0,39409.0,0285
1788367639831,CASHCAT,B,Open Long,0.25859,92.0,0.011514,0.0,40000.0,0286
1788367639831,CASHCAT,B,Open Long,0.25865,92.0,0.011516,0.0,40092.0,0286
1788367639831,CASHCAT,B,Open Long,0.25867,93.0,0.011642,0.0,40184.0,0286
1788367639831,CASHCAT,B,Open Long,0.25873,85.0,0.010643,0.0,40277.0,0286
1788367639831,CASHCAT,B,Open Long,0.25876,4055.0,0.507847,0.0,40362.0,0286
1788367639831,CASHCAT,B,Open Long,0.25891,3649.0,0.457264,0.0,44417.0,0286
1788367639831,CASHCAT,B,Open Long,0.25895,103.0,0.012908,0.0,48066.0,0286
1788367639831,CASHCAT,B,Open Long,0.25898,92.0,0.011531,0.0,48169.0,0286
1788367639831,CASHCAT,B,Open Long,0.25899,487.0,0.061045,0.0,48261.0,0286
1788367639831,CASHCAT,B,Open Long,0.25899,500.0,0.062675,0.0,48748.0,0286
1788367639831,CASHCAT,B,Open Long,0.25901,752.0,0.09427,0.0,49248.0,0286
1788367779019,xyz:BIRD,B,Open Long,2.4879,4.1,0.001803,0.0,0.0,0287
1788367779019,xyz:BIRD,B,Open Long,2.4915,29.4,0.01295,0.0,4.1,0287
1788367779019,xyz:BIRD,B,Open Long,2.4915,35.7,0.015725,0.0,33.5,0287
1788367779019,xyz:BIRD,B,Open Long,2.4921,79.6,0.035071,0.0,69.2,0287
1788367779019,xyz:BIRD,B,Open Long,2.495,351.2,0.154919,0.0,148.8,0287
1788367794828,xyz:BIRD,B,Open Long,2.4944,8.8,0.00388,0.0,500.0,0288
1788367794828,xyz:BIRD,B,Open Long,2.4944,16.2,0.007143,0.0,508.8,0288
1788367828769,CASHCAT,B,Open Long,0.26324,380.0,0.048414,0.0,50000.0,0289
1788367828769,CASHCAT,B,Open Long,0.26338,1004.0,0.127985,0.0,50380.0,0289
1788367828769,CASHCAT,B,Open Long,0.2634,1005.0,0.128122,0.0,51384.0,0289
1788367828769,CASHCAT,B,Open Long,0.26357,1000.0,0.127567,0.0,52389.0,0289
1788367828769,CASHCAT,B,Open Long,0.26357,70.0,0.008928,0.0,53389.0,0289
1788367828769,CASHCAT,B,Open Long,0.2636,199.0,0.025388,0.0,53459.0,0289
1788367828769,CASHCAT,B,Open Long,0.26363,948.0,0.120961,0.0,53658.0,0289
1788367828769,CASHCAT,B,Open Long,0.26364,394.0,0.050274,0.0,54606.0,0289
1788367858751,xyz:BIRD,B,Open Long,2.5066,26.8,0.011876,0.0,525.0,0290
1788367858751,xyz:BIRD,B,Open Long,2.5072,35.4,0.015691,0.0,551.8,0290
1788367858751,xyz:BIRD,B,Open Long,2.5075,54.0,0.023939,0.0,587.2,0290
1788367858751,xyz:BIRD,B,Open Long,2.5081,4.0,0.001773,0.0,641.2,0290
1788367858751,xyz:BIRD,B,Open Long,2.5119,379.8,0.168669,0.0,645.2,0290
1788368625660,CASHCAT,A,Close Long,0.26075,98.0,0.012367,0.400722,55000.0,0291
1788368625660,CASHCAT,A,Close Long,0.26074,98.0,0.012367,0.399742,54902.0,0291
1788368625660,CASHCAT,A,Close Long,0.26067,84.0,0.010597,0.336756,54804.0,0291
1788368625660,CASHCAT,A,Close Long,0.26063,98.0,0.012362,0.388962,54720.0,0291
1788368625660,CASHCAT,A,Close Long,0.26062,98.0,0.012361,0.387982,54622.0,0291
1788368625660,CASHCAT,A,Close Long,0.2606,638.0,0.08047,2.513082,54524.0,0291
1788368625660,CASHCAT,A,Close Long,0.2606,959.0,0.120958,3.777501,53886.0,0291
1788368625660,CASHCAT,A,Close Long,0.26057,571.0,0.072011,2.232039,52927.0,0291
1788368625660,CASHCAT,A,Close Long,0.26056,98.0,0.012358,0.382102,52356.0,0291
1788368625660,CASHCAT,A,Close Long,0.26056,2870.0,0.361937,11.19013,52258.0,0291
1788368625660,CASHCAT,A,Close Long,0.26055,50.0,0.006304,0.19445,49388.0,0291
1788368625660,CASHCAT,A,Close Long,0.26047,117.0,0.014749,0.445653,49338.0,0291
1788368625660,CASHCAT,A,Close Long,0.26047,960.0,0.121024,3.65664,49221.0,0291
1788368625660,CASHCAT,A,Close Long,0.26044,98.0,0.012352,0.370342,48261.0,0291
1788368625660,CASHCAT,A,Close Long,0.26043,571.0,0.071972,2.152099,48163.0,0291
1788368625660,CASHCAT,A,Close Long,0.26042,98.0,0.012352,0.368382,47592.0,0291
1788368625660,CASHCAT,A,Close Long,0.2604,688.0,0.08671,2.572432,47494.0,0291
1788368625660,CASHCAT,A,Close Long,0.2604,723.0,0.091121,2.703297,46806.0,0291
1788368625660,CASHCAT,A,Close Long,0.26035,98.0,0.012348,0.361522,46083.0,0291
1788368625660,CASHCAT,A,Close Long,0.26033,163.0,0.020537,0.598047,45985.0,0291
1788368625660,CASHCAT,A,Close Long,0.26033,2768.0,0.348766,10.155792,45822.0,0291
1788368625660,CASHCAT,A,Close Long,0.26032,571.0,0.071942,2.089289,43054.0,0291
1788368625660,CASHCAT,A,Close Long,0.26026,2483.0,0.312772,8.936317,42483.0,0291
1788369121930,JUP,B,Open Long,0.21347,5562.0,0.574662,0.0,0.0,0292
1788369121930,JUP,B,Open Long,0.21349,782.0,0.080802,0.0,5562.0,0292
1788369121930,JUP,B,Open Long,0.21349,744.0,0.076876,0.0,6344.0,0292
1788369121930,JUP,B,Open Long,0.21354,2295.0,0.237195,0.0,7088.0,0292
1788369121930,JUP,B,Open Long,0.21354,1873.0,0.19358,0.0,9383.0,0292
1788369121930,JUP,B,Open Long,0.21355,5562.0,0.574877,0.0,11256.0,0292
1788369121930,JUP,B,Open Long,0.21355,6096.0,0.630071,0.0,16818.0,0292
1788369121930,JUP,B,Open Long,0.21356,1873.0,0.193598,0.0,22914.0,0292
1788369121930,JUP,B,Open Long,0.21357,213.0,0.022017,0.0,24787.0,0292
1788369283612,ASTER,B,Open Long,0.72329,553.0,0.193589,0.0,20000.0,0293
1788369283612,ASTER,B,Open Long,0.7233,691.0,0.241903,0.0,20553.0,0293
1788369283612,ASTER,B,Open Long,0.72332,553.0,0.193597,0.0,21244.0,0293
1788369283612,ASTER,B,Open Long,0.72333,691.0,0.241913,0.0,21797.0,0293
1788369283612,ASTER,B,Open Long,0.72334,553.0,0.193602,0.0,22488.0,0293
1788369283612,ASTER,B,Open Long,0.72335,1579.0,0.552809,0.0,23041.0,0293
1788369283612,ASTER,B,Open Long,0.72339,380.0,0.133045,0.0,24620.0,0293
1788369457246,JUP,A,Close Long,0.2128,1880.0,0.19363,-1.36676,25000.0,0294
1788369457246,JUP,A,Close Long,0.21279,6049.0,0.622988,-4.458113,23120.0,0294
1788369457246,JUP,A,Close Long,0.21274,947.0,0.097508,-0.745289,17071.0,0294
1788369457246,JUP,A,Close Long,0.21273,1880.0,0.193567,-1.49836,16124.0,0294
1788369457246,JUP,A,Close Long,0.21272,934.0,0.096161,-0.753738,14244.0,0294
1788369457246,JUP,A,Close Long,0.21271,1880.0,0.193548,-1.53596,13310.0,0294
1788369457246,JUP,A,Close Long,0.21271,1478.0,0.152161,-1.207526,11430.0,0294
1788369457246,JUP,A,Close Long,0.2127,6051.0,0.62293,-5.004177,9952.0,0294
1788369457246,JUP,A,Close Long,0.2127,964.0,0.09924,-0.797228,3901.0,0294
1788369457246,JUP,A,Close Long,0.2127,868.0,0.089357,-0.717836,2937.0,0294
1788369457246,JUP,A,Close Long,0.21268,1881.0,0.193624,-1.593207,2069.0,0294
1788369457246,JUP,A,Close Long,0.21267,188.0,0.019351,-0.161116,188.0,0294
1788369463587,xyz:BIRD,A,Close Long,2.4672,36.1,0.015746,-1.2635,1025.0,0295
1788369463587,xyz:BIRD,A,Close Long,2.4619,49.0,0.021327,-1.9747,988.9,0295
1788369463587,xyz:BIRD,A,Close Long,2.4612,6.6,0.002871,-0.2706,939.9,0295
1788369463587,xyz:BIRD,A,Close Long,2.4543,27.4,0.011888,-1.31246,933.3,0295
1788369463587,xyz:BIRD,A,Close Long,2.4531,27.4,0.011883,-1.34534,905.9,0295
1788369463587,xyz:BIRD,A,Close Long,2.4519,27.4,0.011877,-1.37822,878.5,0295
1788369463587,xyz:BIRD,A,Close Long,2.4507,27.4,0.011871,-1.4111,851.1,0295
1788369463587,xyz:BIRD,A,Close Long,2.4503,27.3,0.011826,-1.41687,823.7,0295
1788369463587,xyz:BIRD,A,Close Long,2.4502,39.7,0.017197,-2.0644,796.4,0295
1788369463587,xyz:BIRD,A,Close Long,2.4501,756.7,0.327785,-39.42407,756.7,0295
1788369501973,CASHCAT,B,Open Long,0.2646,719.0,0.092079,0.0,40000.0,0296
1788369501973,CASHCAT,B,Open Long,0.2647,1003.0,0.128498,0.0,40719.0,0296
1788369501973,CASHCAT,B,Open Long,0.26472,1003.0,0.128508,0.0,41722.0,0296
1788369501973,CASHCAT,B,Open Long,0.26476,377.0,0.048309,0.0,42725.0,0296
1788369501973,CASHCAT,B,Open Long,0.26483,622.0,0.079726,0.0,43102.0,0296
1788369501973,CASHCAT,B,Open Long,0.26484,377.0,0.048324,0.0,43724.0,0296
1788369501973,CASHCAT,B,Open Long,0.26491,54.0,0.006923,0.0,44101.0,0296
1788369501973,CASHCAT,B,Open Long,0.26492,377.0,0.048338,0.0,44155.0,0296
1788369501973,CASHCAT,B,Open Long,0.26492,1000.0,0.128221,0.0,44532.0,0296
1788369501973,CASHCAT,B,Open Long,0.26492,70.0,0.008975,0.0,45532.0,0296
1788369501973,CASHCAT,B,Open Long,0.265,4398.0,0.564087,0.0,45602.0,0296
1788369519754,ASTER,A,Close Long,0.72162,326.0,0.113859,-3.16383,25000.0,0297
1788369519754,ASTER,A,Close Long,0.72157,380.0,0.13271,-3.7069,24674.0,0297
1788369519754,ASTER,A,Close Long,0.72153,338.0,0.118035,-3.31071,24294.0,0297
1788369519754,ASTER,A,Close Long,0.72148,333.0,0.116282,-3.278385,23956.0,0297
1788369519754,ASTER,A,Close Long,0.72144,380.0,0.132686,-3.7563,23623.0,0297
1788369519754,ASTER,A,Close Long,0.72143,1367.0,0.477317,-13.526465,23243.0,0297
1788369519754,ASTER,A,Close Long,0.72141,380.0,0.132681,-3.7677,21876.0,0297
1788369519754,ASTER,A,Close Long,0.7214,1583.0,0.552715,-15.711275,21496.0,0297
1788369519754,ASTER,A,Close Long,0.72134,317.0,0.110673,-3.165245,19913.0,0297
1788369519754,ASTER,A,Close Long,0.72133,693.0,0.241942,-6.926535,19596.0,0297
1788369519754,ASTER,A,Close Long,0.72131,376.0,0.131266,-3.76564,18903.0,0297
1788369519754,ASTER,A,Close Long,0.72128,622.0,0.217139,-6.24799,18527.0,0297
1788369519754,ASTER,A,Close Long,0.72126,2772.0,0.967676,-27.90018,17905.0,0297
1788369519754,ASTER,A,Close Long,0.72123,693.0,0.241908,-6.995835,15133.0,0297
1788369519754,ASTER,A,Close Long,0.72119,69.0,0.024084,-0.699315,14440.0,0297
1788369519754,ASTER,A,Close Long,0.72117,1582.0,0.552191,-16.06521,14371.0,0297
1788369519754,ASTER,A,Close Long,0.72104,320.0,0.111674,-3.2912,12789.0,0297
1788369519754,ASTER,A,Close Long,0.72103,380.0,0.132611,-3.9121,12469.0,0297
1788369519754,ASTER,A,Close Long,0.72101,555.0,0.193677,-5.724825,12089.0,0297
1788369519754,ASTER,A,Close Long,0.721,693.0,0.241831,-7.155225,11534.0,0297
1788369519754,ASTER,A,Close Long,0.721,3203.0,1.117731,-33.070975,10841.0,0297
1788369519754,ASTER,A,Close Long,0.72099,315.0,0.109921,-3.255525,7638.0,0297
1788369519754,ASTER,A,Close Long,0.72099,555.0,0.193671,-5.735925,7323.0,0297
1788369519754,ASTER,A,Close Long,0.72097,412.0,0.143766,-4.26626,6768.0,0297
1788369519754,ASTER,A,Close Long,0.72097,1367.0,0.477013,-14.155285,6356.0,0297
1788369519754,ASTER,A,Close Long,0.72093,299.0,0.104329,-3.108105,4989.0,0297
1788369519754,ASTER,A,Close Long,0.72093,555.0,0.193655,-5.769225,4690.0,0297
1788369519754,ASTER,A,Close Long,0.72092,4135.0,1.442805,-43.024675,4135.0,0297
1788369569828,CASHCAT,B,Open Long,0.26264,96.0,0.012202,0.0,50000.0,0298
1788369569828,CASHCAT,B,Open Long,0.26264,799.0,0.101566,0.0,50096.0,0298
1788369569828,CASHCAT,B,Open Long,0.26264,113.0,0.014363,0.0,50895.0,0298
1788369569828,CASHCAT,B,Open Long,0.26266,799.0,0.101574,0.0,51008.0,0298
1788369569828,CASHCAT,B,Open Long,0.26266,208.0,0.026442,0.0,51807.0,0298
1788369569828,CASHCAT,B,Open Long,0.26276,70.0,0.008901,0.0,52015.0,0298
1788369569828,CASHCAT,B,Open Long,0.26276,583.0,0.074142,0.0,52085.0,0298
1788369569828,CASHCAT,B,Open Long,0.26282,68.0,0.008649,0.0,52668.0,0298
1788369569828,CASHCAT,B,Open Long,0.26286,68.0,0.00865,0.0,52736.0,0298
1788369569828,CASHCAT,B,Open Long,0.26287,951.0,0.120993,0.0,52804.0,0298
1788369569828,CASHCAT,B,Open Long,0.26293,380.0,0.048357,0.0,53755.0,0298
1788369569828,CASHCAT,B,Open Long,0.26294,68.0,0.008652,0.0,54135.0,0298
1788369569828,CASHCAT,B,Open Long,0.26295,797.0,0.101432,0.0,54203.0,0298
1788369667216,CASHCAT,A,Close Long,0.25519,571.0,0.070524,-2.010491,55000.0,0299
1788369667216,CASHCAT,A,Close Long,0.25507,1018.0,0.125675,-3.706538,54429.0,0299
1788369667216,CASHCAT,A,Close Long,0.25502,2027.0,0.250191,-7.481657,53411.0,0299
1788369667216,CASHCAT,A,Close Long,0.25502,571.0,0.070477,-2.107561,51384.0,0299
1788369667216,CASHCAT,A,Close Long,0.25491,571.0,0.070447,-2.170371,50813.0,0299
1788369667216,CASHCAT,A,Close Long,0.25489,3925.0,0.484214,-14.997425,50242.0,0299
1788369667216,CASHCAT,A,Close Long,0.25485,747.0,0.09214,-2.884167,46317.0,0299
1788369667216,CASHCAT,A,Close Long,0.25484,1600.0,0.197347,-6.1936,45570.0,0299
1788369667216,CASHCAT,A,Close Long,0.25482,1521.0,0.187589,-5.918211,43970.0,0299
1788369667216,CASHCAT,A,Close Long,0.25478,571.0,0.070411,-2.244601,42449.0,0299
1788369667216,CASHCAT,A,Close Long,0.25472,1962.0,0.241884,-7.830342,41878.0,0299
1788369667216,CASHCAT,A,Close Long,0.25471,2930.0,0.361209,-11.72293,39916.0,0299
1788369667216,CASHCAT,A,Close Long,0.2547,3858.0,0.475593,-15.474438,36986.0,0299
1788369667216,CASHCAT,A,Close Long,0.25467,571.0,0.07038,-2.307411,33128.0,0299
1788369667216,CASHCAT,A,Close Long,0.25467,195.0,0.024035,-0.787995,32557.0,0299
1788369667216,CASHCAT,A,Close Long,0.25464,1963.0,0.24193,-7.991373,32362.0,0299
1788369667216,CASHCAT,A,Close Long,0.2546,70.0,0.008625,-0.28777,30399.0,0299
1788369667216,CASHCAT,A,Close Long,0.25456,756.0,0.093143,-3.138156,30329.0,0299
1788369667216,CASHCAT,A,Close Long,0.25454,19652.0,2.421074,-81.968492,29573.0,0299
1788369667216,CASHCAT,A,Close Long,0.2545,2930.0,0.360911,-12.33823,9921.0,0299
1788369667216,CASHCAT,A,Close Long,0.25447,571.0,0.070326,-2.421611,6991.0,0299
1788369667216,CASHCAT,A,Close Long,0.25439,2768.0,0.340809,-11.960528,6420.0,0299
1788369667216,CASHCAT,A,Close Long,0.25436,571.0,0.070294,-2.484421,3652.0,0299
1788369667216,CASHCAT,A,Close Long,0.25434,70.0,0.008616,-0.30597,3081.0,0299
1788369667216,CASHCAT,A,Close Long,0.25434,1000.0,0.1231,-4.371,3011.0,0299
1788369667216,CASHCAT,A,Close Long,0.2543,756.0,0.093049,-3.334716,2011.0,0299
1788369667216,CASHCAT,A,Close Long,0.25425,571.0,0.070264,-2.547231,1255.0,0299
1788369667216,CASHCAT,A,Close Long,0.25415,684.0,0.084137,-3.119724,684.0,0299
1788369721273,ASTER,B,Open Long,0.72165,554.0,0.193499,0.0,0.0,0300
1788369721273,ASTER,B,Open Long,0.72168,992.0,0.346498,0.0,554.0,0300
1788369721273,ASTER,B,Open Long,0.7218,554.0,0.193539,0.0,1546.0,0300
1788369721273,ASTER,B,Open Long,0.7218,693.0,0.242099,0.0,2100.0,0300
1788369721273,ASTER,B,Open Long,0.72188,694.0,0.242476,0.0,2793.0,0300
1788369721273,ASTER,B,Open Long,0.72189,554.0,0.193563,0.0,3487.0,0300
1788369721273,ASTER,B,Open Long,0.7219,1586.0,0.554147,0.0,4041.0,0300
1788369721273,ASTER,B,Open Long,0.72194,554.0,0.193577,0.0,5627.0,0300
1788369721273,ASTER,B,Open Long,0.72197,262.0,0.09155,0.0,6181.0,0300
1788369721273,ASTER,B,Open Long,0.72201,291.0,0.10169,0.0,6443.0,0300
1788369721273,ASTER,B,Open Long,0.72203,554.0,0.193601,0.0,6734.0,0300
1788369721273,ASTER,B,Open Long,0.72203,1384.0,0.483655,0.0,7288.0,0300
1788369721273,ASTER,B,Open Long,0.72205,315.0,0.110083,0.0,8672.0,0300
1788369721273,ASTER,B,Open Long,0.72207,287.0,0.1003,0.0,8987.0,0300
1788369721273,ASTER,B,Open Long,0.72211,250.0,0.087374,0.0,9274.0,0300
1788369721273,ASTER,B,Open Long,0.72216,476.0,0.166373,0.0,9524.0,0300
1788369724909,ASTER,B,Open Long,0.72194,369.0,0.128935,0.0,10000.0,0301
1788369724909,ASTER,B,Open Long,0.72195,692.0,0.2418,0.0,10369.0,0301
1788369724909,ASTER,B,Open Long,0.72201,400.0,0.13978,0.0,11061.0,0301
1788369724909,ASTER,B,Open Long,0.72206,554.0,0.19361,0.0,11461.0,0301
1788369724909,ASTER,B,Open Long,0.72207,400.0,0.139791,0.0,12015.0,0301
1788369724909,ASTER,B,Open Long,0.7221,554.0,0.19362,0.0,12415.0,0301
1788369724909,ASTER,B,Open Long,0.72211,400.0,0.1398,0.0,12969.0,0301
1788369724909,ASTER,B,Open Long,0.72212,554.0,0.193625,0.0,13369.0,0301
1788369724909,ASTER,B,Open Long,0.72213,992.0,0.346714,0.0,13923.0,0301
1788369724909,ASTER,B,Open Long,0.72215,400.0,0.139808,0.0,14915.0,0301
1788369724909,ASTER,B,Open Long,0.72216,1109.0,0.387623,0.0,15315.0,0301
1788369724909,ASTER,B,Open Long,0.72218,692.0,0.241877,0.0,16424.0,0301
1788369724909,ASTER,B,Open Long,0.72222,2884.0,1.008114,0.0,17116.0,0301
1788369740147,ASTER,B,Open Long,0.72224,554.0,0.193658,0.0,20000.0,0302
1788369740147,ASTER,B,Open Long,0.72224,692.0,0.241898,0.0,20554.0,0302
1788369740147,ASTER,B,Open Long,0.72225,402.0,0.140526,0.0,21246.0,0302
1788369740147,ASTER,B,Open Long,0.7223,402.0,0.140536,0.0,21648.0,0302
1788369740147,ASTER,B,Open Long,0.72231,692.0,0.24192,0.0,22050.0,0302
1788369740147,ASTER,B,Open Long,0.72235,402.0,0.140545,0.0,22742.0,0302
1788369740147,ASTER,B,Open Long,0.72238,554.0,0.193695,0.0,23144.0,0302
1788369740147,ASTER,B,Open Long,0.72239,345.0,0.120624,0.0,23698.0,0302
1788369740147,ASTER,B,Open Long,0.72239,345.0,0.120624,0.0,24043.0,0302
1788369740147,ASTER,B,Open Long,0.72239,612.0,0.213977,0.0,24388.0,0302
1788370196714,ASTER,B,Open Long,0.72393,259.0,0.090748,0.0,25000.0,0303
1788370196714,ASTER,B,Open Long,0.72402,1381.0,0.483937,0.0,25259.0,0303
1788370196714,ASTER,B,Open Long,0.72409,69.0,0.024181,0.0,26640.0,0303
1788370196714,ASTER,B,Open Long,0.72413,25.0,0.008761,0.0,26709.0,0303
1788370196714,ASTER,B,Open Long,0.72417,2607.0,0.913748,0.0,26734.0,0303
1788370196714,ASTER,B,Open Long,0.72425,659.0,0.231003,0.0,29341.0,0303
1788370445810,ASTER,B,Open Long,0.72632,688.0,0.241857,0.0,30000.0,0304
1788370445810,ASTER,B,Open Long,0.72642,416.0,0.14626,0.0,30688.0,0304
1788370445810,ASTER,B,Open Long,0.72645,416.0,0.146266,0.0,31104.0,0304
1788370445810,ASTER,B,Open Long,0.72646,1367.0,0.480646,0.0,31520.0,0304
1788370445810,ASTER,B,Open Long,0.72646,1534.0,0.539363,0.0,32887.0,0304
1788370445810,ASTER,B,Open Long,0.72646,579.0,0.20358,0.0,34421.0,0304
1788370467465,ASTER,B,Open Long,0.72727,17.0,0.005983,0.0,35000.0,0305
1788370467465,ASTER,B,Open Long,0.72728,416.0,0.146432,0.0,35017.0,0305
1788370467465,ASTER,B,Open Long,0.72731,416.0,0.146439,0.0,35433.0,0305
1788370467465,ASTER,B,Open Long,0.72735,687.0,0.241848,0.0,35849.0,0305
1788370467465,ASTER,B,Open Long,0.72736,416.0,0.146449,0.0,36536.0,0305
1788370467465,ASTER,B,Open Long,0.72736,1700.0,0.598471,0.0,36952.0,0305
1788370467465,ASTER,B,Open Long,0.72749,160.0,0.056335,0.0,38652.0,0305
1788370467465,ASTER,B,Open Long,0.72749,181.0,0.06373,0.0,38812.0,0305
1788370467465,ASTER,B,Open Long,0.72757,173.0,0.060919,0.0,38993.0,0305
1788370467465,ASTER,B,Open Long,0.72758,834.0,0.293691,0.0,39166.0,0305
1788371081497,ASTER,B,Open Long,0.72663,550.0,0.193428,0.0,40000.0,0306
1788371081497,ASTER,B,Open Long,0.72667,550.0,0.193438,0.0,40550.0,0306
1788371081497,ASTER,B,Open Long,0.72667,133.0,0.046776,0.0,41100.0,0306
1788371081497,ASTER,B,Open Long,0.72667,133.0,0.046776,0.0,41233.0,0306
1788371081497,ASTER,B,Open Long,0.72667,133.0,0.046776,0.0,41366.0,0306
1788371081497,ASTER,B,Open Long,0.72668,3501.0,1.231346,0.0,41499.0,0306
1788371177723,ASTER,B,Open Long,0.72773,17.0,0.005987,0.0,45000.0,0307
1788371177723,ASTER,B,Open Long,0.72773,25.0,0.008805,0.0,45017.0,0307
1788371177723,ASTER,B,Open Long,0.72774,42.0,0.014792,0.0,45042.0,0307
1788371177723,ASTER,B,Open Long,0.72791,550.0,0.193769,0.0,45084.0,0307
1788371177723,ASTER,B,Open Long,0.72792,3691.0,1.300388,0.0,45634.0,0307
1788371177723,ASTER,B,Open Long,0.72792,550.0,0.193771,0.0,49325.0,0307
1788371177723,ASTER,B,Open Long,0.72793,125.0,0.044039,0.0,49875.0,0307
1788375375941,xyz:HOOD,B,Open Long,106.5,1.721,0.032404,0.0,0.0,0311
1788375375941,xyz:HOOD,B,Open Long,106.5,0.449,0.008453,0.0,1.721,0311
1788375515800,xyz:HOOD,B,Open Long,106.45,1.478,0.019357,0.0,2.17,0310
1788375515800,xyz:HOOD,B,Open Long,106.45,0.149,0.001951,0.0,3.648,0310
1788375516424,xyz:HOOD,B,Open Long,106.45,0.107,0.001401,0.0,3.797,0310
1788375516560,xyz:HOOD,B,Open Long,106.45,0.164,0.002147,0.0,3.904,0310
1788375516740,xyz:HOOD,B,Open Long,106.45,0.305,0.003994,0.0,4.068,0310
1788375537081,xyz:HOOD,B,Open Long,106.38,1.576,0.020627,0.0,4.373,0309
1788375537081,xyz:HOOD,B,Open Long,106.38,0.66,0.008638,0.0,5.949,0309
1788375537684,xyz:HOOD,B,Open Long,106.3,2.27,0.029689,0.0,6.609,0308
1788375641508,io:GPRO,B,Open Long,1.7513,47.6,0.014738,0.0,0.0,0312
1788375641508,io:GPRO,B,Open Long,1.7513,47.6,0.014738,0.0,47.6,0313
1788375643553,io:GPRO,B,Open Long,1.75,20.2,0.004349,0.0,95.2,0314
1788375645582,io:GPRO,B,Open Long,1.75,27.4,0.005899,0.0,115.4,0314
1788375648203,io:GPRO,B,Open Long,1.7485,47.6,0.010239,0.0,142.8,0315
1788375648203,io:GPRO,B,Open Long,1.747,7.1,0.001525,0.0,190.4,0316
1788375806537,io:GPRO,B,Open Long,1.747,7.9,0.001697,0.0,197.5,0316
1788375807272,io:GPRO,B,Open Long,1.747,7.9,0.001697,0.0,205.4,0316
1788375807487,io:GPRO,B,Open Long,1.747,7.9,0.001697,0.0,213.3,0316
1788375807487,io:GPRO,B,Open Long,1.747,16.8,0.00361,0.0,221.2,0316
1788375811000,io:GPRO,B,Open Long,1.7455,16.8,0.003607,0.0,238.0,0317
1788375811271,io:GPRO,B,Open Long,1.7455,7.9,0.001695,0.0,254.8,0317
1788375811604,io:GPRO,B,Open Long,1.7455,7.9,0.001695,0.0,262.7,0317
1788375812206,io:GPRO,B,Open Long,1.7455,7.9,0.001695,0.0,270.6,0317
1788375812290,io:GPRO,B,Open Long,1.7455,7.1,0.001524,0.0,278.5,0317
1788375819394,io:GPRO,B,Open Long,1.744,15.1,0.003239,0.0,285.6,0318
1788375820703,io:GPRO,B,Open Long,1.744,32.5,0.006973,0.0,300.7,0318
1788376291741,io:GPRO,B,Open Long,1.7425,22.4,0.004802,0.0,333.2,0319
1788376291741,io:GPRO,B,Open Long,1.7425,25.2,0.005402,0.0,355.6,0319
1788376291741,io:GPRO,B,Open Long,1.741,3.5,0.000749,0.0,380.8,0320
1788376305667,io:GPRO,B,Open Long,1.741,7.4,0.001584,0.0,384.3,0320
1788376306604,io:GPRO,B,Open Long,1.741,7.4,0.001584,0.0,391.7,0320
1788376307009,io:GPRO,B,Open Long,1.741,28.7,0.006147,0.0,399.1,0320
1788376307674,io:GPRO,B,Open Long,1.741,0.6,0.000128,0.0,427.8,0320
1788376311812,io:GPRO,B,Open Long,1.7395,8.0,0.001711,0.0,428.4,0321
1788376316647,io:GPRO,B,Open Long,1.7395,39.6,0.008475,0.0,436.4,0321
1788376477746,io:GPRO,B,Open Long,1.738,47.6,0.010178,0.0,476.0,0322
1788376477746,io:GPRO,B,Open Long,1.7365,47.6,0.010169,0.0,523.6,0323
1788376477746,io:GPRO,B,Open Long,1.735,47.6,0.01016,0.0,571.2,0324
1788376477746,io:GPRO,B,Open Long,1.7335,47.7,0.010173,0.0,618.8,0325
1788376592891,io:GPRO,B,Open Long,1.732,47.7,0.010164,0.0,666.5,0326
1788376593704,io:GPRO,B,Open Long,1.7305,16.1,0.003427,0.0,714.2,0327
1788376594563,io:GPRO,B,Open Long,1.7305,15.0,0.003193,0.0,730.3,0327
1788376596172,io:GPRO,B,Open Long,1.7305,16.6,0.003533,0.0,745.3,0327
1788376602257,io:GPRO,B,Open Long,1.729,47.7,0.010147,0.0,761.9,0328
1788376602793,io:GPRO,B,Open Long,1.7275,19.0,0.004038,0.0,809.6,0329
1788376606789,io:GPRO,A,Close Long,1.7255,828.6,0.252778,-12.487002,828.6,0330
1788376684352,ASTER,A,Close Long,0.73194,546.0,0.193424,4.174716,50000.0,0331
1788376684352,ASTER,A,Close Long,0.73193,310.0,0.109817,2.36716,49454.0,0331
1788376684352,ASTER,A,Close Long,0.73191,310.0,0.109815,2.36096,49144.0,0331
1788376684352,ASTER,A,Close Long,0.73189,683.0,0.241942,5.188068,48834.0,0331
1788376684352,ASTER,A,Close Long,0.73184,310.0,0.109805,2.33926,48151.0,0331
1788376684352,ASTER,A,Close Long,0.73182,683.0,0.241918,5.140258,47841.0,0331
1788376684352,ASTER,A,Close Long,0.73181,310.0,0.1098,2.32996,47158.0,0331
1788376684352,ASTER,A,Close Long,0.73179,547.0,0.193739,4.100312,46848.0,0331
1788376684352,ASTER,A,Close Long,0.73178,891.0,0.315575,6.670026,46301.0,0331
1788376684352,ASTER,A,Close Long,0.73176,1022.0,0.361962,7.630252,45410.0,0331
1788376684352,ASTER,A,Close Long,0.73175,1559.0,0.552145,11.623904,44388.0,0331
1788376684352,ASTER,A,Close Long,0.73175,4184.0,1.481834,31.195904,42829.0,0331
1788376684352,ASTER,A,Close Long,0.73173,708.0,0.250742,5.264688,38645.0,0331
1788376684352,ASTER,A,Close Long,0.73163,31.0,0.010977,0.227416,37937.0,0331
1788376684352,ASTER,A,Close Long,0.73162,547.0,0.193694,4.007322,37906.0,0331
1788376684352,ASTER,A,Close Long,0.73161,683.0,0.241848,4.996828,37359.0,0331
1788376684352,ASTER,A,Close Long,0.73161,2580.0,0.913575,18.87528,36676.0,0331
1788376684352,ASTER,A,Close Long,0.73161,165.0,0.058425,1.20714,34096.0,0331
1788376684352,ASTER,A,Close Long,0.73161,1545.0,0.547082,11.30322,33931.0,0331
1788376684352,ASTER,A,Close Long,0.73155,547.0,0.193675,3.969032,32386.0,0331
1788376684352,ASTER,A,Close Long,0.73154,1839.0,0.651125,13.325394,31839.0,0331
1788376812051,ARB,B,Open Long,0.12474,7659.4,0.462429,0.0,0.0,0332
1788376812051,ARB,B,Open Long,0.12475,8140.3,0.491502,0.0,7659.4,0332
1788376812051,ARB,B,Open Long,0.12475,3206.4,0.193598,0.0,15799.7,0332
1788376812051,ARB,B,Open Long,0.12476,4023.9,0.242978,0.0,19006.1,0332
1788376812051,ARB,B,Open Long,0.12476,13482.7,0.814137,0.0,23030.0,0332
1788376812051,ARB,B,Open Long,0.12476,3206.2,0.193602,0.0,36512.7,0332
1788376812051,ARB,B,Open Long,0.12476,5000.0,0.301919,0.0,39718.9,0332
1788376812051,ARB,B,Open Long,0.12477,4006.2,0.241928,0.0,44718.9,0332
1788376812051,ARB,B,Open Long,0.12478,13482.7,0.814267,0.0,48725.1,0332
1788376812051,ARB,B,Open Long,0.12479,7461.6,0.450668,0.0,62207.8,0332
1788376812051,ARB,B,Open Long,0.12479,7461.6,0.450668,0.0,69669.4,0332
1788376812051,ARB,B,Open Long,0.12479,979.8,0.059177,0.0,77131.0,0332
1788376812051,ARB,B,Open Long,0.12479,21889.2,1.322071,0.0,78110.8,0332
1788376814602,ARB,B,Open Long,0.12484,3204.1,0.193598,0.0,100000.0,0333
1788376814602,ARB,B,Open Long,0.12485,5000.0,0.302137,0.0,103204.1,0333
1788376814602,ARB,B,Open Long,0.12485,5263.6,0.318065,0.0,108204.1,0333
1788376814602,ARB,B,Open Long,0.12485,3203.8,0.193596,0.0,113467.7,0333
1788376814602,ARB,B,Open Long,0.12486,8234.4,0.497622,0.0,116671.5,0333
1788376814602,ARB,B,Open Long,0.12486,1148.4,0.069399,0.0,124905.9,0333
1788376814602,ARB,B,Open Long,0.12486,12995.3,0.785334,0.0,126054.3,0333
1788376814602,ARB,B,Open Long,0.12487,4005.6,0.242085,0.0,139049.6,0333
1788376814602,ARB,B,Open Long,0.12487,31384.6,1.896793,0.0,143055.2,0333
1788376814602,ARB,B,Open Long,0.12487,19674.0,1.189038,0.0,174439.8,0333
1788376814602,ARB,B,Open Long,0.12488,5886.2,0.355772,0.0,194113.8,0333
1788376846691,ARB,B,Open Long,0.12487,3203.3,0.193597,0.0,200000.0,0334
1788376846691,ARB,B,Open Long,0.12488,3203.1,0.193601,0.0,203203.3,0334
1788376846691,ARB,B,Open Long,0.12488,13190.9,0.797282,0.0,206406.4,0334
1788376846691,ARB,B,Open Long,0.12488,8227.5,0.497285,0.0,219597.3,0334
1788376846691,ARB,B,Open Long,0.12488,5260.3,0.317942,0.0,227824.8,0334
1788376846691,ARB,B,Open Long,0.12488,8007.7,0.484,0.0,233085.1,0334
1788376846691,ARB,B,Open Long,0.12489,8470.1,0.51199,0.0,241092.8,0334
1788376846691,ARB,B,Open Long,0.12489,437.1,0.02642,0.0,249562.9,0334
1788376950207,PYTH,B,Open Long,0.057901,6908.0,0.19359,0.0,0.0,0335
1788376950207,PYTH,B,Open Long,0.057902,2427.0,0.068014,0.0,6908.0,0335
1788376950207,PYTH,B,Open Long,0.057902,2721.0,0.076254,0.0,9335.0,0335
1788376950207,PYTH,B,Open Long,0.057928,6905.0,0.193596,0.0,12056.0,0335
1788376950207,PYTH,B,Open Long,0.057929,4317.0,0.121037,0.0,18961.0,0335
1788376950207,PYTH,B,Open Long,0.057936,6904.0,0.193595,0.0,23278.0,0335
1788376950207,PYTH,B,Open Long,0.057937,11829.0,0.331702,0.0,30182.0,0335
1788376950207,PYTH,B,Open Long,0.057938,7989.0,0.224026,0.0,42011.0,0335
1788376951865,PYTH,B,Open Long,0.057889,5425.0,0.151998,0.0,50000.0,0336
1788376951865,PYTH,B,Open Long,0.057901,6908.0,0.19359,0.0,55425.0,0336
1788376951865,PYTH,B,Open Long,0.057902,2502.0,0.070117,0.0,62333.0,0336
1788376951865,PYTH,B,Open Long,0.057928,6905.0,0.193596,0.0,64835.0,0336
1788376951865,PYTH,B,Open Long,0.057929,4317.0,0.121037,0.0,71740.0,0336
1788376951865,PYTH,B,Open Long,0.057936,6904.0,0.193595,0.0,76057.0,0336
1788376951865,PYTH,B,Open Long,0.057937,11435.0,0.320653,0.0,82961.0,0336
1788376951865,PYTH,B,Open Long,0.057938,5604.0,0.157146,0.0,94396.0,0336
1788376958936,PYTH,B,Open Long,0.057901,6908.0,0.19359,0.0,100000.0,0337
1788376958936,PYTH,B,Open Long,0.057928,6905.0,0.193596,0.0,106908.0,0337
1788376958936,PYTH,B,Open Long,0.057929,4317.0,0.121037,0.0,113813.0,0337
1788376958936,PYTH,B,Open Long,0.057937,6904.0,0.193597,0.0,118130.0,0337
1788376958936,PYTH,B,Open Long,0.057938,11821.0,0.331483,0.0,125034.0,0337
1788376958936,PYTH,B,Open Long,0.057943,4322.0,0.121206,0.0,136855.0,0337
1788376958936,PYTH,B,Open Long,0.057966,2000.0,0.05611,0.0,141177.0,0337
1788376958936,PYTH,B,Open Long,0.057967,6823.0,0.191425,0.0,143177.0,0337
1788376961527,PYTH,B,Open Long,0.057907,497.0,0.013928,0.0,150000.0,0338
1788376961527,PYTH,B,Open Long,0.057907,6908.0,0.19361,0.0,150497.0,0338
1788376961527,PYTH,B,Open Long,0.057928,6905.0,0.193596,0.0,157405.0,0338
1788376961527,PYTH,B,Open Long,0.057929,4317.0,0.121037,0.0,164310.0,0338
1788376961527,PYTH,B,Open Long,0.057945,6903.0,0.193596,0.0,168627.0,0338
1788376961527,PYTH,B,Open Long,0.057946,4322.0,0.121213,0.0,175530.0,0338
1788376961527,PYTH,B,Open Long,0.057965,6901.0,0.193607,0.0,179852.0,0338
1788376961527,PYTH,B,Open Long,0.057966,2000.0,0.05611,0.0,186753.0,0338
1788376961527,PYTH,B,Open Long,0.057967,10434.0,0.292735,0.0,188753.0,0338
1788376961527,PYTH,B,Open Long,0.057992,813.0,0.022818,0.0,199187.0,0338
1788377088602,xyz:HOOD,B,Open Long,107.06,3.982,0.075371,0.0,8.879,0339
1788377088602,xyz:HOOD,B,Open Long,107.07,101.669,1.92459,0.0,12.861,0339
1788377088602,xyz:HOOD,B,Open Long,107.07,3.091,0.058512,0.0,114.53,0339
1788377088602,xyz:HOOD,B,Open Long,107.07,3.091,0.058512,0.0,117.621,0339
1788377088602,xyz:HOOD,B,Open Long,107.07,1.87,0.035398,0.0,120.712,0339
1788377088602,xyz:HOOD,B,Open Long,107.08,3.091,0.058517,0.0,122.582,0339
1788377088602,xyz:HOOD,B,Open Long,107.08,3.091,0.058517,0.0,125.673,0339
1788377088602,xyz:HOOD,B,Open Long,107.09,0.115,0.002176,0.0,128.764,0339
1788377101755,ASTER,A,Close Long,0.73094,1534.0,0.54269,10.194964,30000.0,0340
1788377101755,ASTER,A,Close Long,0.73094,684.0,0.241981,4.545864,28466.0,0340
1788377101755,ASTER,A,Close Long,0.73092,684.0,0.241974,4.532184,27782.0,0340
1788377101755,ASTER,A,Close Long,0.73086,313.0,0.110718,2.055158,27098.0,0340
1788377101755,ASTER,A,Close Long,0.73082,313.0,0.110712,2.042638,26785.0,0340
1788377101755,ASTER,A,Close Long,0.73082,4106.0,1.45236,26.795756,26472.0,0340
1788377101755,ASTER,A,Close Long,0.73081,914.0,0.323292,5.955624,22366.0,0340
1788377101755,ASTER,A,Close Long,0.73078,313.0,0.110706,2.030118,21452.0,0340
1788377101755,ASTER,A,Close Long,0.73074,313.0,0.110701,2.017598,21139.0,0340
1788377101755,ASTER,A,Close Long,0.7307,313.0,0.110694,2.005078,20826.0,0340
1788377101755,ASTER,A,Close Long,0.73066,313.0,0.110688,1.992558,20513.0,0340
1788377101755,ASTER,A,Close Long,0.73066,4107.0,1.452397,26.145162,20200.0,0340
1788377101755,ASTER,A,Close Long,0.7306,547.0,0.193424,3.449382,16093.0,0340
1788377101755,ASTER,A,Close Long,0.73058,548.0,0.193772,3.444728,15546.0,0340
1788377101755,ASTER,A,Close Long,0.73058,1513.0,0.534997,9.510718,14998.0,0340
1788377101755,ASTER,A,Close Long,0.73057,708.0,0.250345,4.443408,13485.0,0340
1788377101755,ASTER,A,Close Long,0.73057,684.0,0.241858,4.292784,12777.0,0340
1788377101755,ASTER,A,Close Long,0.73055,548.0,0.193765,3.428288,12093.0,0340
1788377101755,ASTER,A,Close Long,0.73054,1368.0,0.483698,8.544528,11545.0,0340
1788377101755,ASTER,A,Close Long,0.73053,1062.0,0.375497,6.622632,10177.0,0340
1788377101755,ASTER,A,Close Long,0.7305,548.0,0.193751,3.400888,9115.0,0340
1788377101755,ASTER,A,Close Long,0.73049,1559.0,0.551195,9.659564,8567.0,0340
1788377101755,ASTER,A,Close Long,0.73049,2584.0,0.913591,16.010464,7008.0,0340
1788377101755,ASTER,A,Close Long,0.73046,548.0,0.193741,3.378968,4424.0,0340
1788377101755,ASTER,A,Close Long,0.73045,684.0,0.241819,4.210704,3876.0,0340
1788377101755,ASTER,A,Close Long,0.73043,262.0,0.092624,1.607632,3192.0,0340
1788377101755,ASTER,A,Close Long,0.73043,2930.0,1.035836,17.97848,2930.0,0340
1788377170772,ARB,A,Close Long,0.12416,402.7,0.024198,-0.269809,250000.0,0341
1788377170772,ARB,A,Close Long,0.12416,3221.6,0.193596,-2.158472,249597.3,0341
1788377170772,ARB,A,Close Long,0.12415,4018.0,0.241435,-2.73224,246375.7,0341
1788377170772,ARB,A,Close Long,0.12414,6387.3,0.383772,-4.407237,242357.7,0341
1788377170772,ARB,A,Close Long,0.12413,3222.4,0.193597,-2.25568,235970.4,0341
1788377170772,ARB,A,Close Long,0.12412,12192.9,0.732476,-8.656959,232748.0,0341
1788377170772,ARB,A,Close Long,0.12412,1086.4,0.065264,-0.771344,220555.1,0341
1788377170772,ARB,A,Close Long,0.12411,4023.9,0.241711,-2.897208,219468.7,0341
1788377170772,ARB,A,Close Long,0.12411,3222.9,0.193596,-2.320488,215444.8,0341
1788377170772,ARB,A,Close Long,0.1241,12192.9,0.732358,-8.900817,212221.9,0341
1788377170772,ARB,A,Close Long,0.1241,19674.0,1.181706,-14.36202,200029.0,0341
1788377170772,ARB,A,Close Long,0.12409,3223.5,0.193601,-2.38539,180355.0,0341
1788377170772,ARB,A,Close Long,0.12409,31384.6,1.884944,-23.224604,177131.5,0341
1788377170772,ARB,A,Close Long,0.12409,1531.1,0.091956,-1.133014,145746.9,0341
1788377170772,ARB,A,Close Long,0.12408,8612.6,0.517227,-6.45945,144215.8,0341
1788377170772,ARB,A,Close Long,0.12408,1768.9,0.10623,-1.326675,135603.2,0341
1788377170772,ARB,A,Close Long,0.12408,1086.4,0.065243,-0.8148,133834.3,0341
1788377170772,ARB,A,Close Long,0.12407,4018.0,0.24128,-3.05368,132747.9,0341
1788377170772,ARB,A,Close Long,0.12407,4018.0,0.24128,-3.05368,128729.9,0341
1788377170772,ARB,A,Close Long,0.12407,1639.6,0.098457,-1.246096,124711.9,0341
1788377170772,ARB,A,Close Long,0.12406,8244.7,0.495052,-6.348419,123072.3,0341
1788377170772,ARB,A,Close Long,0.12406,12336.4,0.740739,-9.499028,114827.6,0341
1788377170772,ARB,A,Close Long,0.12405,31384.6,1.884336,-24.479988,102491.2,0341
1788377170772,ARB,A,Close Long,0.12405,1086.4,0.065226,-0.847392,71106.6,0341
1788377170772,ARB,A,Close Long,0.12405,1209.2,0.0726,-0.943176,70020.2,0341
1788377170772,ARB,A,Close Long,0.12405,5000.0,0.300201,-3.9,68811.0,0341
1788377170772,ARB,A,Close Long,0.12404,5224.4,0.313648,-4.127276,63811.0,0341
1788377170772,ARB,A,Close Long,0.12404,12077.0,0.725046,-9.54083,58586.6,0341
1788377170772,ARB,A,Close Long,0.12404,5576.2,0.334768,-4.405198,46509.6,0341
1788377170772,ARB,A,Close Long,0.12403,8065.1,0.484151,-6.45208,40933.4,0341
1788377170772,ARB,A,Close Long,0.12402,12192.9,0.731886,-9.876249,32868.3,0341
1788377170772,ARB,A,Close Long,0.12401,13775.5,0.826816,-11.29591,20675.4,0341
1788377170772,ARB,A,Close Long,0.124,6899.9,0.414103,-5.726917,6899.9,0341
1788377269914,PYTH,B,Open Long,0.058024,498.0,0.013985,0.0,200000.0,0342
1788377269914,PYTH,B,Open Long,0.058037,6892.0,0.193595,0.0,200498.0,0342
1788377269914,PYTH,B,Open Long,0.058038,4309.0,0.12104,0.0,207390.0,0342
1788377269914,PYTH,B,Open Long,0.058066,6889.0,0.193607,0.0,211699.0,0342
1788377269914,PYTH,B,Open Long,0.058067,4306.0,0.121017,0.0,218588.0,0342
1788377269914,PYTH,B,Open Long,0.058077,2205.0,0.061979,0.0,222894.0,0342
1788377269914,PYTH,B,Open Long,0.058077,6887.0,0.193587,0.0,225099.0,0342
1788377269914,PYTH,B,Open Long,0.058078,2013.0,0.056584,0.0,231986.0,0342
1788377269914,PYTH,B,Open Long,0.058084,6887.0,0.193611,0.0,233999.0,0342
1788377269914,PYTH,B,Open Long,0.058085,4322.0,0.121504,0.0,240886.0,0342
1788377269914,PYTH,B,Open Long,0.058093,2000.0,0.056233,0.0,245208.0,0342
1788377269914,PYTH,B,Open Long,0.058094,2580.0,0.072542,0.0,247208.0,0342
1788377269914,PYTH,B,Open Long,0.058096,212.0,0.00596,0.0,249788.0,0342
1788377403567,PYTH,A,Close Long,0.058025,4322.0,0.121379,0.285252,250000.0,0343
1788377403567,PYTH,A,Close Long,0.058024,6894.0,0.193607,0.44811,245678.0,0343
1788377403567,PYTH,A,Close Long,0.05802,4310.0,0.121031,0.26291,238784.0,0343
1788377403567,PYTH,A,Close Long,0.057966,17597.0,0.493692,0.123179,234474.0,0343
1788377403567,PYTH,A,Close Long,0.057963,2000.0,0.056107,0.008,216877.0,0343
1788377403567,PYTH,A,Close Long,0.057963,6901.0,0.193601,0.027604,214877.0,0343
1788377403567,PYTH,A,Close Long,0.057956,6165.0,0.172931,-0.018495,207976.0,0343
1788377403567,PYTH,A,Close Long,0.057944,6903.0,0.193593,-0.103545,201811.0,0343
1788377403567,PYTH,A,Close Long,0.057943,12530.0,0.351395,-0.20048,194908.0,0343
1788377403567,PYTH,A,Close Long,0.057943,17264.0,0.484157,-0.276224,182378.0,0343
1788377403567,PYTH,A,Close Long,0.057927,165114.0,4.629245,-5.283648,165114.0,0343
1788377643632,xyz:HOOD,A,Close Long,106.71,60.0,1.131979,-18.84,128.879,0344
1788377643632,xyz:HOOD,A,Close Long,106.7,11.068,0.208792,-3.586032,68.879,0344
1788377643632,xyz:HOOD,A,Close Long,106.7,9.372,0.176798,-3.036528,57.811,0344
1788377643632,xyz:HOOD,A,Close Long,106.69,1.277,0.024087,-0.426518,48.439,0344
1788377643632,xyz:HOOD,A,Close Long,106.69,11.081,0.209018,-3.701054,47.162,0344
1788377643632,xyz:HOOD,A,Close Long,106.69,36.081,0.680588,-12.051054,36.081,0344
1788378269563,CASHCAT,B,Open Long,0.25299,206.0,0.025223,0.0,0.0,0345
1788378269563,CASHCAT,B,Open Long,0.25309,126.0,0.015433,0.0,206.0,0345
1788378269563,CASHCAT,B,Open Long,0.25312,168.0,0.020581,0.0,332.0,0345
1788378269563,CASHCAT,B,Open Long,0.25315,168.0,0.020583,0.0,500.0,0345
1788378269563,CASHCAT,B,Open Long,0.25319,166.0,0.020341,0.0,668.0,0345
1788378269563,CASHCAT,B,Open Long,0.25319,396.0,0.048527,0.0,834.0,0345
1788378269563,CASHCAT,B,Open Long,0.2532,167.0,0.020465,0.0,1230.0,0345
1788378269563,CASHCAT,B,Open Long,0.2532,394.0,0.048284,0.0,1397.0,0345
1788378269563,CASHCAT,B,Open Long,0.25323,167.0,0.020467,0.0,1791.0,0345
1788378269563,CASHCAT,B,Open Long,0.25328,166.0,0.020349,0.0,1958.0,0345
1788378269563,CASHCAT,B,Open Long,0.25331,166.0,0.02035,0.0,2124.0,0345
1788378269563,CASHCAT,B,Open Long,0.25334,166.0,0.020353,0.0,2290.0,0345
1788378269563,CASHCAT,B,Open Long,0.25338,396.0,0.048562,0.0,2456.0,0345
1788378269563,CASHCAT,B,Open Long,0.25339,987.0,0.121045,0.0,2852.0,0345
1788378269563,CASHCAT,B,Open Long,0.2534,47.0,0.005763,0.0,3839.0,0345
1788378269563,CASHCAT,B,Open Long,0.2534,166.0,0.020358,0.0,3886.0,0345
1788378269563,CASHCAT,B,Open Long,0.25341,167.0,0.020481,0.0,4052.0,0345
1788378269563,CASHCAT,B,Open Long,0.25342,7500.0,0.919914,0.0,4219.0,0345
1788378269563,CASHCAT,B,Open Long,0.25346,752.0,0.092251,0.0,11719.0,0345
1788378269563,CASHCAT,B,Open Long,0.25347,561.0,0.068822,0.0,12471.0,0345
1788378269563,CASHCAT,B,Open Long,0.25349,397.0,0.048707,0.0,13032.0,0345
1788378269563,CASHCAT,B,Open Long,0.25351,986.0,0.12098,0.0,13429.0,0345
1788378269563,CASHCAT,B,Open Long,0.25355,2233.0,0.274029,0.0,14415.0,0345
1788378269563,CASHCAT,B,Open Long,0.25356,63.0,0.007731,0.0,16648.0,0345
1788378269563,CASHCAT,B,Open Long,0.25356,1000.0,0.122723,0.0,16711.0,0345
1788378269563,CASHCAT,B,Open Long,0.25358,7289.0,0.894598,0.0,17711.0,0345
1788378271310,CASHCAT,B,Open Long,0.25342,714.0,0.087575,0.0,25000.0,0346
1788378271310,CASHCAT,B,Open Long,0.25351,157.0,0.019263,0.0,25714.0,0346
1788378271310,CASHCAT,B,Open Long,0.25354,157.0,0.019265,0.0,25871.0,0346
1788378271310,CASHCAT,B,Open Long,0.25357,157.0,0.019268,0.0,26028.0,0346
1788378271310,CASHCAT,B,Open Long,0.2536,157.0,0.01927,0.0,26185.0,0346
1788378271310,CASHCAT,B,Open Long,0.25361,130.0,0.015956,0.0,26342.0,0346
1788378271310,CASHCAT,B,Open Long,0.25362,757.0,0.092923,0.0,26472.0,0346
1788378271310,CASHCAT,B,Open Long,0.25366,157.0,0.019274,0.0,27229.0,0346
1788378271310,CASHCAT,B,Open Long,0.25369,157.0,0.019276,0.0,27386.0,0346
1788378271310,CASHCAT,B,Open Long,0.25369,421.0,0.051692,0.0,27543.0,0346
1788378271310,CASHCAT,B,Open Long,0.25371,157.0,0.019278,0.0,27964.0,0346
1788378271310,CASHCAT,B,Open Long,0.25372,396.0,0.048628,0.0,28121.0,0346
1788378271310,CASHCAT,B,Open Long,0.25375,157.0,0.019281,0.0,28517.0,0346
1788378271310,CASHCAT,B,Open Long,0.25378,157.0,0.019283,0.0,28674.0,0346
1788378271310,CASHCAT,B,Open Long,0.2538,157.0,0.019285,0.0,28831.0,0346
1788378271310,CASHCAT,B,Open Long,0.25381,985.0,0.121001,0.0,28988.0,0346
1788378271310,CASHCAT,B,Open Long,0.25382,63.0,0.007739,0.0,29973.0,0346
1788378271310,CASHCAT,B,Open Long,0.25382,1000.0,0.122848,0.0,30036.0,0346
1788378271310,CASHCAT,B,Open Long,0.25383,761.0,0.093491,0.0,31036.0,0346
1788378271310,CASHCAT,B,Open Long,0.2539,157.0,0.019293,0.0,31797.0,0346
1788378271310,CASHCAT,B,Open Long,0.25392,157.0,0.019294,0.0,31954.0,0346
1788378271310,CASHCAT,B,Open Long,0.25393,3939.0,0.484111,0.0,32111.0,0346
1788378271310,CASHCAT,B,Open Long,0.25397,397.0,0.048799,0.0,36050.0,0346
1788378271310,CASHCAT,B,Open Long,0.25399,770.0,0.094656,0.0,36447.0,0346
1788378271310,CASHCAT,B,Open Long,0.25404,8553.0,1.051636,0.0,37217.0,0346
1788378271310,CASHCAT,B,Open Long,0.25407,2233.0,0.27459,0.0,45770.0,0346
1788378271310,CASHCAT,B,Open Long,0.25408,825.0,0.101453,0.0,48003.0,0346
1788378271310,CASHCAT,B,Open Long,0.25412,43.0,0.005288,0.0,48828.0,0346
1788378271310,CASHCAT,B,Open Long,0.25412,1129.0,0.13886,0.0,48871.0,0346
1788378634261,CASHCAT,B,Open Long,0.25629,131.0,0.016249,0.0,50000.0,0347
1788378634261,CASHCAT,B,Open Long,0.25632,131.0,0.01625,0.0,50131.0,0347
1788378634261,CASHCAT,B,Open Long,0.25635,587.0,0.07283,0.0,50262.0,0347
1788378634261,CASHCAT,B,Open Long,0.25635,131.0,0.016253,0.0,50849.0,0347
1788378634261,CASHCAT,B,Open Long,0.25638,131.0,0.016254,0.0,50980.0,0347
1788378634261,CASHCAT,B,Open Long,0.2564,131.0,0.016255,0.0,51111.0,0347
1788378634261,CASHCAT,B,Open Long,0.25642,634.0,0.078683,0.0,51242.0,0347
1788378634261,CASHCAT,B,Open Long,0.25644,124.0,0.015389,0.0,51876.0,0347
1788378634261,CASHCAT,B,Open Long,0.25645,799.0,0.099172,0.0,52000.0,0347
1788378634261,CASHCAT,B,Open Long,0.25647,131.0,0.01626,0.0,52799.0,0347
1788378634261,CASHCAT,B,Open Long,0.2565,131.0,0.016262,0.0,52930.0,0347
1788378634261,CASHCAT,B,Open Long,0.25653,131.0,0.016264,0.0,53061.0,0347
1788378634261,CASHCAT,B,Open Long,0.25656,131.0,0.016265,0.0,53192.0,0347
1788378634261,CASHCAT,B,Open Long,0.25659,131.0,0.016268,0.0,53323.0,0347
1788378634261,CASHCAT,B,Open Long,0.2566,131.0,0.016269,0.0,53454.0,0347
1788378634261,CASHCAT,B,Open Long,0.25661,532.0,0.066073,0.0,53585.0,0347
1788378634261,CASHCAT,B,Open Long,0.25662,974.0,0.120973,0.0,54117.0,0347
1788378634261,CASHCAT,B,Open Long,0.25665,131.0,0.016272,0.0,55091.0,0347
1788378634261,CASHCAT,B,Open Long,0.25666,391.0,0.04857,0.0,55222.0,0347
1788378634261,CASHCAT,B,Open Long,0.25667,132.0,0.016398,0.0,55613.0,0347
1788378634261,CASHCAT,B,Open Long,0.25668,1000.0,0.124233,0.0,55745.0,0347
1788378634261,CASHCAT,B,Open Long,0.25668,70.0,0.008695,0.0,56745.0,0347
1788378634261,CASHCAT,B,Open Long,0.25668,3897.0,0.484136,0.0,56815.0,0347
1788378634261,CASHCAT,B,Open Long,0.25676,2371.0,0.294647,0.0,60712.0,0347
1788378634261,CASHCAT,B,Open Long,0.25677,535.0,0.066487,0.0,63083.0,0347
1788378634261,CASHCAT,B,Open Long,0.25677,391.0,0.048591,0.0,63618.0,0347
1788378634261,CASHCAT,B,Open Long,0.25692,2371.0,0.294831,0.0,64009.0,0347
1788378634261,CASHCAT,B,Open Long,0.25693,390.0,0.048497,0.0,66380.0,0347
1788378634261,CASHCAT,B,Open Long,0.25694,524.0,0.065163,0.0,66770.0,0347
1788378634261,CASHCAT,B,Open Long,0.25694,1000.0,0.124358,0.0,67294.0,0347
1788378634261,CASHCAT,B,Open Long,0.25694,70.0,0.008704,0.0,68294.0,0347
1788378634261,CASHCAT,B,Open Long,0.25695,380.0,0.047258,0.0,68364.0,0347
1788378634261,CASHCAT,B,Open Long,0.257,100.0,0.012438,0.0,68744.0,0347
1788378634261,CASHCAT,B,Open Long,0.25707,390.0,0.048523,0.0,68844.0,0347
1788378634261,CASHCAT,B,Open Long,0.25708,709.0,0.088217,0.0,69234.0,0347
1788378634261,CASHCAT,B,Open Long,0.25708,2371.0,0.295015,0.0,69943.0,0347
1788378634261,CASHCAT,B,Open Long,0.25709,2686.0,0.334222,0.0,72314.0,0347
1788378875507,CASHCAT,A,Close Long,0.25547,978.0,0.120926,0.720786,75000.0,0348
1788378875507,CASHCAT,A,Close Long,0.25545,407.0,0.050319,0.291819,74022.0,0348
1788378875507,CASHCAT,A,Close Long,0.2554,793.0,0.098025,0.528931,73615.0,0348
1788378875507,CASHCAT,A,Close Long,0.25538,63.0,0.007786,0.040761,72822.0,0348
1788378875507,CASHCAT,A,Close Long,0.25538,900.0,0.111243,0.5823,72759.0,0348
1788378875507,CASHCAT,A,Close Long,0.25535,556.0,0.068715,0.343052,71859.0,0348
1788378875507,CASHCAT,A,Close Long,0.25527,152.0,0.018779,0.081624,71303.0,0348
1788378875507,CASHCAT,A,Close Long,0.25526,392.0,0.048429,0.206584,71151.0,0348
1788378875507,CASHCAT,A,Close Long,0.25525,2371.0,0.292914,1.225807,70759.0,0348
1788378875507,CASHCAT,A,Close Long,0.25523,792.0,0.097836,0.393624,68388.0,0348
1788378875507,CASHCAT,A,Close Long,0.25519,980.0,0.121041,0.44786,67596.0,0348
1788378875507,CASHCAT,A,Close Long,0.25515,390.0,0.048161,0.16263,66616.0,0348
1788378875507,CASHCAT,A,Close Long,0.25513,2371.0,0.292777,0.941287,66226.0,0348
1788378875507,CASHCAT,A,Close Long,0.25512,63.0,0.007778,0.024381,63855.0,0348
1788378875507,CASHCAT,A,Close Long,0.25512,900.0,0.111129,0.3483,63792.0,0348
1788378875507,CASHCAT,A,Close Long,0.25507,797.0,0.098392,0.268589,62892.0,0348
1788378875507,CASHCAT,A,Close Long,0.25507,636.0,0.078516,0.214332,62095.0,0348
1788378875507,CASHCAT,A,Close Long,0.25507,980.0,0.120983,0.33026,61459.0,0348
1788378875507,CASHCAT,A,Close Long,0.25506,698.0,0.086167,0.228246,60479.0,0348
1788378875507,CASHCAT,A,Close Long,0.25502,390.0,0.048136,0.11193,59781.0,0348
1788378875507,CASHCAT,A,Close Long,0.25501,2371.0,0.292639,0.656767,59391.0,0348
1788378875507,CASHCAT,A,Close Long,0.25499,6818.0,0.841444,1.752226,57020.0,0348
1788378875507,CASHCAT,A,Close Long,0.25499,202.0,0.024929,0.051914,50202.0,0348
1788379132393,CASHCAT,B,Open Long,0.25826,170.0,0.021249,0.0,50000.0,0349
1788379132393,CASHCAT,B,Open Long,0.25826,170.0,0.021249,0.0,50170.0,0349
1788379132393,CASHCAT,B,Open Long,0.25827,154.0,0.01925,0.0,50340.0,0349
1788379132393,CASHCAT,B,Open Long,0.25827,186.0,0.023249,0.0,50494.0,0349
1788379132393,CASHCAT,B,Open Long,0.25832,173.0,0.021628,0.0,50680.0,0349
1788379132393,CASHCAT,B,Open Long,0.25837,197.0,0.024634,0.0,50853.0,0349
1788379132393,CASHCAT,B,Open Long,0.25842,197.0,0.024638,0.0,51050.0,0349
1788379132393,CASHCAT,B,Open Long,0.25845,197.0,0.024642,0.0,51247.0,0349
1788379132393,CASHCAT,B,Open Long,0.25849,197.0,0.024646,0.0,51444.0,0349
1788379132393,CASHCAT,B,Open Long,0.2585,70.0,0.008757,0.0,51641.0,0349
1788379132393,CASHCAT,B,Open Long,0.2585,1000.0,0.125114,0.0,51711.0,0349
1788379132393,CASHCAT,B,Open Long,0.25856,197.0,0.024652,0.0,52711.0,0349
1788379132393,CASHCAT,B,Open Long,0.25857,197.0,0.024653,0.0,52908.0,0349
1788379132393,CASHCAT,B,Open Long,0.25862,380.0,0.047564,0.0,53105.0,0349
1788379132393,CASHCAT,B,Open Long,0.25866,197.0,0.024662,0.0,53485.0,0349
1788379132393,CASHCAT,B,Open Long,0.25866,2371.0,0.296828,0.0,53682.0,0349
1788379132393,CASHCAT,B,Open Long,0.25867,388.0,0.048575,0.0,56053.0,0349
1788379132393,CASHCAT,B,Open Long,0.25868,197.0,0.024663,0.0,56441.0,0349
1788379132393,CASHCAT,B,Open Long,0.25875,196.0,0.024545,0.0,56638.0,0349
1788379132393,CASHCAT,B,Open Long,0.25876,70.0,0.008766,0.0,56834.0,0349
1788379132393,CASHCAT,B,Open Long,0.25876,1000.0,0.125239,0.0,56904.0,0349
1788379132393,CASHCAT,B,Open Long,0.25877,197.0,0.024672,0.0,57904.0,0349
1788379132393,CASHCAT,B,Open Long,0.25878,2371.0,0.296965,0.0,58101.0,0349
1788379132393,CASHCAT,B,Open Long,0.25878,390.0,0.048846,0.0,60472.0,0349
1788379132393,CASHCAT,B,Open Long,0.25884,500.0,0.062639,0.0,60862.0,0349
1788379132393,CASHCAT,B,Open Long,0.25885,572.0,0.071661,0.0,61362.0,0349
1788379132393,CASHCAT,B,Open Long,0.25891,331.0,0.041477,0.0,61934.0,0349
1788379132393,CASHCAT,B,Open Long,0.25891,318.0,0.039849,0.0,62265.0,0349
1788379132393,CASHCAT,B,Open Long,0.25896,8392.0,1.051824,0.0,62583.0,0349
1788379132393,CASHCAT,B,Open Long,0.25898,3863.0,0.484211,0.0,70975.0,0349
1788379132393,CASHCAT,B,Open Long,0.25899,162.0,0.020306,0.0,74838.0,0349
1788379771144,xyz:HOOD,B,Open Long,108.47,3.982,0.076364,0.0,0.0,0350
1788379771144,xyz:HOOD,B,Open Long,108.48,14.442,0.276986,0.0,3.982,0350
1788379771144,xyz:HOOD,B,Open Long,108.48,3.012,0.057767,0.0,18.424,0350
1788379771144,xyz:HOOD,B,Open Long,108.48,3.012,0.057767,0.0,21.436,0350
1788379771144,xyz:HOOD,B,Open Long,108.48,0.552,0.010586,0.0,24.448,0350
1788379785782,xyz:HOOD,B,Open Long,108.43,1.25,0.023962,0.0,25.0,0374
1788379785782,xyz:HOOD,B,Open Long,108.43,1.25,0.023962,0.0,26.25,0375
1788379785782,xyz:HOOD,B,Open Long,108.43,1.098,0.021048,0.0,27.5,0376
1788379785782,xyz:HOOD,B,Open Long,108.43,0.152,0.002913,0.0,28.598,0376
1788379799495,xyz:HOOD,B,Open Long,108.41,1.25,0.016673,0.0,28.75,0373
1788379805189,xyz:HOOD,B,Open Long,108.39,1.25,0.016669,0.0,30.0,0372
1788379818262,xyz:HOOD,B,Open Long,108.36,1.25,0.016665,0.0,31.25,0371
1788379870256,xyz:HOOD,B,Open Long,108.34,1.25,0.016662,0.0,32.5,0370
1788379870256,xyz:HOOD,B,Open Long,108.32,1.25,0.016659,0.0,33.75,0369
1788380103960,xyz:HOOD,B,Open Long,108.3,1.25,0.016656,0.0,35.0,0368
1788380107191,xyz:HOOD,B,Open Long,108.28,1.25,0.016653,0.0,36.25,0367
1788380113149,xyz:HOOD,B,Open Long,108.26,1.25,0.016649,0.0,37.5,0366
1788380113149,xyz:HOOD,B,Open Long,108.24,1.25,0.016647,0.0,38.75,0365
1788380149711,xyz:HOOD,B,Open Long,108.22,1.25,0.016643,0.0,40.0,0364
1788380149711,xyz:HOOD,B,Open Long,108.2,0.52,0.006922,0.0,41.25,0363
1788380149777,xyz:HOOD,B,Open Long,108.2,0.69,0.009185,0.0,41.77,0363
1788380170921,xyz:HOOD,B,Open Long,108.2,0.04,0.000531,0.0,42.46,0363
1788380171293,xyz:HOOD,B,Open Long,108.18,1.25,0.016637,0.0,42.5,0362
1788380174308,xyz:HOOD,B,Open Long,108.15,0.731,0.009726,0.0,43.75,0361
1788380178675,xyz:HOOD,B,Open Long,108.15,0.519,0.006905,0.0,44.481,0361
1788380182035,xyz:HOOD,B,Open Long,108.13,1.25,0.01663,0.0,45.0,0360
1788380187309,xyz:HOOD,B,Open Long,108.11,1.25,0.016626,0.0,46.25,0359
1788380233794,xyz:HOOD,B,Open Long,108.09,1.25,0.016623,0.0,47.5,0358
1788380233794,xyz:HOOD,B,Open Long,108.07,1.25,0.01662,0.0,48.75,0357
1788380242033,xyz:HOOD,B,Open Long,108.05,1.25,0.016617,0.0,50.0,0356
1788380330520,xyz:HOOD,B,Open Long,108.03,1.25,0.016614,0.0,51.25,0355
1788380330520,xyz:HOOD,B,Open Long,108.01,1.25,0.016611,0.0,52.5,0354
1788380379872,xyz:HOOD,B,Open Long,107.99,1.25,0.016608,0.0,53.75,0353
1788380386550,xyz:HOOD,B,Open Long,107.97,1.25,0.016605,0.0,55.0,0352
1788380386550,xyz:HOOD,B,Open Long,107.94,1.25,0.0166,0.0,56.25,0351
1788380643363,xyz:HOOD,B,Open Long,109.13,3.982,0.076828,0.0,57.5,0377
1788380643363,xyz:HOOD,B,Open Long,109.14,0.5,0.009647,0.0,61.482,0377
1788380643363,xyz:HOOD,B,Open Long,109.15,1.441,0.027807,0.0,61.982,0377
1788380643363,xyz:HOOD,B,Open Long,109.15,14.077,0.271653,0.0,63.423,0377
1788382849595,CASHCAT,A,Close Long,0.27565,308.0,0.041091,6.023248,75000.0,0378
1788382849595,CASHCAT,A,Close Long,0.27565,54.0,0.007203,1.056024,74692.0,0378
1788382849595,CASHCAT,A,Close Long,0.27562,851.0,0.113523,16.616626,74638.0,0378
1788382849595,CASHCAT,A,Close Long,0.27553,217.0,0.028938,4.217612,73787.0,0378
1788382849595,CASHCAT,A,Close Long,0.27539,400.0,0.053314,7.7184,73570.0,0378
1788382849595,CASHCAT,A,Close Long,0.27537,900.0,0.11995,17.3484,73170.0,0378
1788382849595,CASHCAT,A,Close Long,0.27537,54.0,0.007196,1.040904,72270.0,0378
1788382849595,CASHCAT,A,Close Long,0.27537,856.0,0.114086,16.500256,72216.0,0378
1788382849595,CASHCAT,A,Close Long,0.27524,50.0,0.00666,0.9573,71360.0,0378
1788382849595,CASHCAT,A,Close Long,0.27521,299.0,0.039826,5.715684,71310.0,0378
1788382849595,CASHCAT,A,Close Long,0.2752,7829.0,1.042797,149.580874,71011.0,0378
1788382849595,CASHCAT,A,Close Long,0.27518,776.0,0.103352,14.810736,63182.0,0378
1788382849595,CASHCAT,A,Close Long,0.27509,900.0,0.119829,17.0964,62406.0,0378
1788382849595,CASHCAT,A,Close Long,0.27509,54.0,0.007189,1.025784,61506.0,0378
1788382849595,CASHCAT,A,Close Long,0.27507,909.0,0.121017,17.249184,61452.0,0378
1788382849595,CASHCAT,A,Close Long,0.275,218.0,0.029015,4.121508,60543.0,0378
1788382849595,CASHCAT,A,Close Long,0.275,232.0,0.030879,4.386192,60325.0,0378
1788382849595,CASHCAT,A,Close Long,0.275,93.0,0.012377,1.758258,60093.0,0378
1788383242349,CASHCAT,A,Close Long,0.27285,900.0,0.118852,15.0804,60000.0,0379
1788383242349,CASHCAT,A,Close Long,0.27285,53.0,0.006999,0.888068,59100.0,0379
1788383242349,CASHCAT,A,Close Long,0.27285,330.0,0.043579,5.52948,59047.0,0379
1788383242349,CASHCAT,A,Close Long,0.2728,916.0,0.120943,15.302696,58717.0,0379
1788383242349,CASHCAT,A,Close Long,0.27261,917.0,0.120991,15.145172,57801.0,0379
1788383242349,CASHCAT,A,Close Long,0.27258,585.0,0.077177,9.64431,56884.0,0379
1788383242349,CASHCAT,A,Close Long,0.27257,900.0,0.118731,14.8284,56299.0,0379
1788383242349,CASHCAT,A,Close Long,0.27257,53.0,0.006991,0.873228,55399.0,0379
1788383242349,CASHCAT,A,Close Long,0.27256,562.0,0.074137,9.253892,55346.0,0379
1788383242349,CASHCAT,A,Close Long,0.27252,3670.0,0.48407,60.28342,54784.0,0379
1788383242349,CASHCAT,A,Close Long,0.2725,445.0,0.05869,7.30067,51114.0,0379
1788383242349,CASHCAT,A,Close Long,0.27242,50.0,0.006592,0.8163,50669.0,0379
1788383242349,CASHCAT,A,Close Long,0.27242,580.0,0.076473,9.46908,50619.0,0379
1788383242349,CASHCAT,A,Close Long,0.27239,39.0,0.005141,0.635544,50039.0,0379
1788383833695,xyz:HOOD,A,Close Long,108.64,9.682,0.185967,1.01661,77.5,0380
1788383833695,xyz:HOOD,A,Close Long,108.64,29.523,0.567063,3.099915,67.818,0380
1788383833695,xyz:HOOD,A,Close Long,108.64,9.205,0.176805,0.966525,38.295,0380
1788383833695,xyz:HOOD,A,Close Long,108.63,23.919,0.459383,2.272305,29.09,0380
1788383833695,xyz:HOOD,A,Close Long,108.62,5.171,0.099303,0.439535,5.171,0380
1788384742602,xyz:HOOD,B,Open Long,108.99,1.0,0.019269,0.0,0.0,0381
1788385092929,xyz:HOOD,B,Open Long,109.16,99.0,1.910649,0.0,1.0,0382
1788385323329,CASHCAT,B,Open Long,0.27182,920.0,0.121035,0.0,50000.0,0383
1788385323329,CASHCAT,B,Open Long,0.27186,367.0,0.048289,0.0,50920.0,0383
1788385323329,CASHCAT,B,Open Long,0.27198,166.0,0.021851,0.0,51287.0,0383
1788385323329,CASHCAT,B,Open Long,0.27202,165.0,0.021723,0.0,51453.0,0383
1788385323329,CASHCAT,B,Open Long,0.27205,165.0,0.021725,0.0,51618.0,0383
1788385323329,CASHCAT,B,Open Long,0.27209,166.0,0.02186,0.0,51783.0,0383
1788385323329,CASHCAT,B,Open Long,0.27212,919.0,0.121037,0.0,51949.0,0383
1788385323329,CASHCAT,B,Open Long,0.27214,166.0,0.021864,0.0,52868.0,0383
1788385323329,CASHCAT,B,Open Long,0.27217,526.0,0.069289,0.0,53034.0,0383
1788385323329,CASHCAT,B,Open Long,0.27218,166.0,0.021867,0.0,53560.0,0383
1788385323329,CASHCAT,B,Open Long,0.27219,360.0,0.047425,0.0,53726.0,0383
1788385323329,CASHCAT,B,Open Long,0.27222,166.0,0.02187,0.0,54086.0,0383
1788385323329,CASHCAT,B,Open Long,0.27226,154.0,0.020292,0.0,54252.0,0383
1788385323329,CASHCAT,B,Open Long,0.27228,445.0,0.058643,0.0,54406.0,0383
1788385323329,CASHCAT,B,Open Long,0.27229,125.0,0.016472,0.0,54851.0,0383
1788385323329,CASHCAT,B,Open Long,0.27229,2377.0,0.31326,0.0,54976.0,0383
1788385323329,CASHCAT,B,Open Long,0.27229,55.0,0.007247,0.0,57353.0,0383
1788385323329,CASHCAT,B,Open Long,0.2723,166.0,0.021877,0.0,57408.0,0383
1788385323329,CASHCAT,B,Open Long,0.2723,2426.0,0.319729,0.0,57574.0,0383
1788385328421,CASHCAT,B,Open Long,0.27214,918.0,0.120914,0.0,60000.0,0384
1788385328421,CASHCAT,B,Open Long,0.27228,160.0,0.021084,0.0,60918.0,0384
1788385328421,CASHCAT,B,Open Long,0.27229,55.0,0.007247,0.0,61078.0,0384
1788385328421,CASHCAT,B,Open Long,0.27232,160.0,0.021088,0.0,61133.0,0384
1788385328421,CASHCAT,B,Open Long,0.27237,87.0,0.011468,0.0,61293.0,0384
1788385328421,CASHCAT,B,Open Long,0.27241,160.0,0.021094,0.0,61380.0,0384
1788385328421,CASHCAT,B,Open Long,0.27244,917.0,0.120915,0.0,61540.0,0384
1788385328421,CASHCAT,B,Open Long,0.27245,160.0,0.021098,0.0,62457.0,0384
1788385328421,CASHCAT,B,Open Long,0.27249,125.0,0.016485,0.0,62617.0,0384
1788385328421,CASHCAT,B,Open Long,0.2725,132.0,0.017409,0.0,62742.0,0384
1788385328421,CASHCAT,B,Open Long,0.27254,160.0,0.021104,0.0,62874.0,0384
1788385328421,CASHCAT,B,Open Long,0.27257,60.0,0.007915,0.0,63034.0,0384
1788385328421,CASHCAT,B,Open Long,0.27258,160.0,0.021108,0.0,63094.0,0384
1788385328421,CASHCAT,B,Open Long,0.27261,360.0,0.047498,0.0,63254.0,0384
1788385328421,CASHCAT,B,Open Long,0.27262,160.0,0.02111,0.0,63614.0,0384
1788385328421,CASHCAT,B,Open Long,0.27264,6226.0,0.821568,0.0,63774.0,0384
1788388989493,CASHCAT,A,Close Long,0.27316,259.0,0.034241,3.216003,70000.0,0385
1788388989493,CASHCAT,A,Close Long,0.27314,237.0,0.03133,2.938089,69741.0,0385
1788388989493,CASHCAT,A,Close Long,0.27312,841.0,0.111171,10.409057,69504.0,0385
1788388989493,CASHCAT,A,Close Long,0.27308,269.0,0.035553,3.318653,68663.0,0385
1788388989493,CASHCAT,A,Close Long,0.27307,279.0,0.036873,3.439233,68394.0,0385
1788388989493,CASHCAT,A,Close Long,0.27303,279.0,0.036868,3.428073,68115.0,0385
1788388989493,CASHCAT,A,Close Long,0.27302,648.0,0.085627,7.955496,67836.0,0385
1788388989493,CASHCAT,A,Close Long,0.27302,732.0,0.096727,8.986764,67188.0,0385
1788388989493,CASHCAT,A,Close Long,0.27301,366.0,0.048361,4.489722,66456.0,0385
1788388989493,CASHCAT,A,Close Long,0.27299,279.0,0.036863,3.416913,66090.0,0385
1788388989493,CASHCAT,A,Close Long,0.27295,279.0,0.036857,3.405753,65811.0,0385
1788388989493,CASHCAT,A,Close Long,0.27294,365.0,0.048217,4.451905,65532.0,0385
1788388989493,CASHCAT,A,Close Long,0.27292,916.0,0.120996,11.154132,65167.0,0385
1788388989493,CASHCAT,A,Close Long,0.27291,360.0,0.047551,4.38012,64251.0,0385
1788388989493,CASHCAT,A,Close Long,0.2729,279.0,0.03685,3.391803,63891.0,0385
1788388989493,CASHCAT,A,Close Long,0.27286,279.0,0.036845,3.380643,63612.0,0385
1788388989493,CASHCAT,A,Close Long,0.27285,900.0,0.118852,10.8963,63333.0,0385
1788388989493,CASHCAT,A,Close Long,0.27285,50.0,0.006602,0.60535,62433.0,0385
1788388989493,CASHCAT,A,Close Long,0.27285,841.0,0.111061,10.181987,62383.0,0385
1788388989493,CASHCAT,A,Close Long,0.27283,275.0,0.036312,3.323925,61542.0,0385
1788388989493,CASHCAT,A,Close Long,0.27282,916.0,0.120952,11.062532,61267.0,0385
1788388989493,CASHCAT,A,Close Long,0.27281,366.0,0.048325,4.416522,60351.0,0385
1788388989493,CASHCAT,A,Close Long,0.2728,2543.0,0.335765,30.660951,59985.0,0385
1788388989493,CASHCAT,A,Close Long,0.27275,279.0,0.03683,3.349953,57442.0,0385
1788388989493,CASHCAT,A,Close Long,0.27271,279.0,0.036825,3.338793,57163.0,0385
1788388989493,CASHCAT,A,Close Long,0.2727,6884.0,0.908596,82.311988,56884.0,0385
1788389697540,CASHCAT,A,Close Long,0.27252,366.0,0.048275,4.310382,50000.0,0386
1788389697540,CASHCAT,A,Close Long,0.27242,157.0,0.020699,1.833289,49634.0,0386
1788389697540,CASHCAT,A,Close Long,0.27239,156.0,0.020566,1.816932,49477.0,0386
1788389697540,CASHCAT,A,Close Long,0.27238,687.0,0.090568,7.994619,49321.0,0386
1788389697540,CASHCAT,A,Close Long,0.27236,157.0,0.020696,1.823869,48634.0,0386
1788389697540,CASHCAT,A,Close Long,0.27233,157.0,0.020693,1.819159,48477.0,0386
1788389697540,CASHCAT,A,Close Long,0.27231,3673.0,0.484093,42.485591,48320.0,0386
1788389697540,CASHCAT,A,Close Long,0.2723,156.0,0.020558,1.802892,44647.0,0386
1788389697540,CASHCAT,A,Close Long,0.27229,341.0,0.044939,3.937527,44491.0,0386
1788389697540,CASHCAT,A,Close Long,0.27227,157.0,0.020688,1.809739,44150.0,0386
1788389697540,CASHCAT,A,Close Long,0.27225,157.0,0.020687,1.806599,43993.0,0386
1788389697540,CASHCAT,A,Close Long,0.27224,158.0,0.020818,1.816526,43836.0,0386
1788389697540,CASHCAT,A,Close Long,0.27224,360.0,0.047434,4.13892,43678.0,0386
1788389697540,CASHCAT,A,Close Long,0.27222,6436.0,0.847971,73.865972,43318.0,0386
1788389697540,CASHCAT,A,Close Long,0.2722,789.0,0.103946,9.039573,36882.0,0386
1788389697540,CASHCAT,A,Close Long,0.27218,40.0,0.005268,0.45748,36093.0,0386
1788389697540,CASHCAT,A,Close Long,0.27218,2550.0,0.335923,29.16435,36053.0,0386
1788389697540,CASHCAT,A,Close Long,0.27217,366.0,0.048212,4.182282,33503.0,0386
1788389697540,CASHCAT,A,Close Long,0.2721,600.0,0.079017,6.8142,33137.0,0386
1788389697540,CASHCAT,A,Close Long,0.27209,3676.0,0.484097,41.711572,32537.0,0386
1788389697540,CASHCAT,A,Close Long,0.27209,289.0,0.038058,3.279283,28861.0,0386
1788389697540,CASHCAT,A,Close Long,0.27206,365.0,0.048061,4.130705,28572.0,0386
1788389697540,CASHCAT,A,Close Long,0.27206,590.0,0.077688,6.67703,28207.0,0386
1788389697540,CASHCAT,A,Close Long,0.27203,770.0,0.101379,8.69099,27617.0,0386
1788389697540,CASHCAT,A,Close Long,0.27202,7914.0,1.041938,89.246178,26847.0,0386
1788389697540,CASHCAT,A,Close Long,0.27201,49.0,0.00645,0.552083,18933.0,0386
1788389697540,CASHCAT,A,Close Long,0.27201,900.0,0.118486,10.1403,18884.0,0386
1788389697540,CASHCAT,A,Close Long,0.27201,3000.0,0.394958,33.801,17984.0,0386
1788389697540,CASHCAT,A,Close Long,0.27191,634.0,0.083437,7.079878,14984.0,0386
1788389697540,CASHCAT,A,Close Long,0.27189,366.0,0.048163,4.079802,14350.0,0386
1788389697540,CASHCAT,A,Close Long,0.27188,673.0,0.088559,7.495201,13984.0,0386
1788389697540,CASHCAT,A,Close Long,0.27185,765.0,0.100654,8.496855,13311.0,0386
1788389697540,CASHCAT,A,Close Long,0.27174,7500.0,0.986416,82.4775,12546.0,0386
1788389697540,CASHCAT,A,Close Long,0.27173,49.0,0.006443,0.538363,5046.0,0386
1788389697540,CASHCAT,A,Close Long,0.27173,900.0,0.118364,9.8883,4997.0,0386
1788389697540,CASHCAT,A,Close Long,0.27173,2088.0,0.274607,22.940856,4097.0,0386
1788389697540,CASHCAT,A,Close Long,0.27171,2009.0,0.264198,22.032703,2009.0,0386
1788389884894,PONS,B,Open Long,0.4828,2000.0,0.46735,0.0,0.0,0387
1788389901142,PONS,B,Open Long,0.48196,59.0,0.013762,0.0,2000.0,0388
1788389901142,PONS,B,Open Long,0.48201,59.0,0.013763,0.0,2059.0,0388
1788389901142,PONS,B,Open Long,0.48206,59.0,0.013765,0.0,2118.0,0388
1788389901142,PONS,B,Open Long,0.48211,59.0,0.013766,0.0,2177.0,0388
1788389901142,PONS,B,Open Long,0.48218,75.0,0.017502,0.0,2236.0,0388
1788389916845,PONS,B,Open Long,0.482,55.0,0.01283,0.0,2311.0,0389
1788389916845,PONS,B,Open Long,0.48205,55.0,0.012831,0.0,2366.0,0389
1788389916845,PONS,B,Open Long,0.4821,55.0,0.012832,0.0,2421.0,0389
1788389916845,PONS,B,Open Long,0.48215,55.0,0.012834,0.0,2476.0,0389
1788389916845,PONS,B,Open Long,0.4822,55.0,0.012836,0.0,2531.0,0389
1788389916845,PONS,B,Open Long,0.48225,36.0,0.008402,0.0,2586.0,0389
1788389933922,PONS,B,Open Long,0.48057,219.0,0.050938,0.0,2622.0,0390
1788389933922,PONS,B,Open Long,0.48092,93.0,0.021646,0.0,2841.0,0390
1788389950825,PONS,B,Open Long,0.4828,311.0,0.072672,0.0,2934.0,0391
1788389957263,PONS,B,Open Long,0.4828,1980.0,0.462676,0.0,3245.0,0392
1788389960851,PONS,B,Open Long,0.48304,21.0,0.004909,0.0,5225.0,0393
1788389960851,PONS,B,Open Long,0.48317,248.0,0.057995,0.0,5246.0,0393
1788389960851,PONS,B,Open Long,0.48375,1711.0,0.400604,0.0,5494.0,0393
1788389964216,PONS,B,Open Long,0.48385,1980.0,0.463682,0.0,7205.0,0394
1788389967863,PONS,B,Open Long,0.48386,311.0,0.072832,0.0,9185.0,0395
1788389984860,PONS,B,Open Long,0.486,311.0,0.073154,0.0,9496.0,0396
1788389984926,PONS,B,Open Long,0.486,1980.0,0.465743,0.0,9807.0,0397
1788389985464,PONS,B,Open Long,0.486,1980.0,0.465743,0.0,11787.0,0398
1788389987493,PONS,B,Open Long,0.486,1980.0,0.465743,0.0,13767.0,0399
1788390002064,PONS,B,Open Long,0.48369,86.0,0.020132,0.0,15747.0,0400
1788390002064,PONS,B,Open Long,0.48371,225.0,0.052675,0.0,15833.0,0400
1788390019069,PONS,B,Open Long,0.48532,87.0,0.020435,0.0,16058.0,0401
1788390019069,PONS,B,Open Long,0.4854,86.0,0.020203,0.0,16145.0,0401
1788390019069,PONS,B,Open Long,0.48548,87.0,0.020441,0.0,16231.0,0401
1788390019069,PONS,B,Open Long,0.48553,51.0,0.011984,0.0,16318.0,0401
1788390034267,PONS,B,Open Long,0.4867,102.0,0.024027,0.0,16369.0,0402
1788390034267,PONS,B,Open Long,0.4867,112.0,0.026382,0.0,16471.0,0402
1788390034267,PONS,B,Open Long,0.48688,1766.0,0.416157,0.0,16583.0,0402
1788390034676,PONS,B,Open Long,0.48662,205.0,0.048281,0.0,18349.0,0403
1788390034676,PONS,B,Open Long,0.48688,1254.0,0.295504,0.0,18554.0,0403
1788390034676,PONS,B,Open Long,0.48688,256.0,0.060326,0.0,19808.0,0403
1788390034676,PONS,B,Open Long,0.48708,265.0,0.062472,0.0,20064.0,0403
1788390035700,PONS,B,Open Long,0.48617,104.0,0.024471,0.0,20329.0,0404
1788390035700,PONS,B,Open Long,0.48637,108.0,0.025422,0.0,20433.0,0404
1788390035700,PONS,B,Open Long,0.48637,99.0,0.023304,0.0,20541.0,0404
1788390037133,PONS,B,Open Long,0.4867,97.0,0.022848,0.0,20640.0,0405
1788390037133,PONS,B,Open Long,0.48681,107.0,0.02521,0.0,20737.0,0405
1788390037133,PONS,B,Open Long,0.48688,210.0,0.049486,0.0,20844.0,0405
1788390037133,PONS,B,Open Long,0.48692,107.0,0.025216,0.0,21054.0,0405
1788390037133,PONS,B,Open Long,0.48703,107.0,0.025222,0.0,21161.0,0405
1788390037133,PONS,B,Open Long,0.48705,107.0,0.025222,0.0,21268.0,0405
1788390037133,PONS,B,Open Long,0.48706,300.0,0.07072,0.0,21375.0,0405
1788390037133,PONS,B,Open Long,0.48707,300.0,0.070722,0.0,21675.0,0405
1788390037133,PONS,B,Open Long,0.48708,645.0,0.152055,0.0,21975.0,0405
1788390053119,PONS,B,Open Long,0.4863,95.0,0.022359,0.0,22620.0,0406
1788390053119,PONS,B,Open Long,0.48631,216.0,0.05084,0.0,22715.0,0406
1788390069611,PONS,B,Open Long,0.48676,311.0,0.073268,0.0,22931.0,0407
1788390086651,PONS,B,Open Long,0.4869,312.0,0.073525,0.0,23242.0,0408
1788390097943,PONS,B,Open Long,0.49045,115.0,0.027298,0.0,23554.0,0409
1788390097943,PONS,B,Open Long,0.49101,300.0,0.071294,0.0,23669.0,0409
1788390097943,PONS,B,Open Long,0.49101,713.0,0.169443,0.0,23969.0,0409
1788390097943,PONS,B,Open Long,0.49102,852.0,0.20248,0.0,24682.0,0409
1788390099352,PONS,B,Open Long,0.49021,698.0,0.165607,0.0,25534.0,0410
1788390099352,PONS,B,Open Long,0.49021,1231.0,0.292068,0.0,26232.0,0410
1788390099352,PONS,B,Open Long,0.49061,51.0,0.01211,0.0,27463.0,0410
1788390099834,PONS,B,Open Long,0.49021,221.0,0.052434,0.0,27514.0,0411
1788390099834,PONS,B,Open Long,0.49074,957.0,0.227304,0.0,27735.0,0411
1788390099834,PONS,B,Open Long,0.4909,322.0,0.076504,0.0,28692.0,0411
1788390099834,PONS,B,Open Long,0.49092,286.0,0.067954,0.0,29014.0,0411
1788390099834,PONS,B,Open Long,0.49093,194.0,0.046096,0.0,29300.0,0411
1788390103755,PONS,B,Open Long,0.4916,311.0,0.073996,0.0,29494.0,0412
1788390119241,PONS,B,Open Long,0.49205,573.0,0.13646,0.0,29805.0,0413
1788390119241,PONS,B,Open Long,0.49206,203.0,0.048345,0.0,30378.0,0413
1788390119241,PONS,B,Open Long,0.49212,117.0,0.027866,0.0,30581.0,0413
1788390119241,PONS,B,Open Long,0.49219,117.0,0.027871,0.0,30698.0,0413
1788390119241,PONS,B,Open Long,0.49231,300.0,0.071483,0.0,30815.0,0413
1788390119241,PONS,B,Open Long,0.49231,254.0,0.060521,0.0,31115.0,0413
1788390119241,PONS,B,Open Long,0.49232,117.0,0.027878,0.0,31369.0,0413
1788390119241,PONS,B,Open Long,0.49232,299.0,0.071246,0.0,31486.0,0413
1788390119660,PONS,B,Open Long,0.49204,1980.0,0.47153,0.0,31785.0,0414
1788390121071,PONS,B,Open Long,0.49203,311.0,0.074062,0.0,33765.0,0415
1788390138172,PONS,B,Open Long,0.49126,311.0,0.073946,0.0,34076.0,0416
1788390154524,PONS,B,Open Long,0.49158,122.0,0.029026,0.0,34387.0,0417
1788390154524,PONS,B,Open Long,0.49159,189.0,0.044968,0.0,34509.0,0417
1788390164644,PONS,B,Open Long,0.49612,1007.0,0.241802,0.0,34698.0,0418
1788390164644,PONS,B,Open Long,0.49612,229.0,0.054987,0.0,35705.0,0418
1788390164644,PONS,B,Open Long,0.49613,500.0,0.120062,0.0,35934.0,0418
1788390164644,PONS,B,Open Long,0.4964,244.0,0.058622,0.0,36434.0,0418
1788390166189,PONS,B,Open Long,0.4963,147.0,0.03531,0.0,36678.0,0419
1788390166189,PONS,B,Open Long,0.49652,31.0,0.007449,0.0,36825.0,0419
1788390166189,PONS,B,Open Long,0.49656,123.0,0.02956,0.0,36856.0,0419
1788390166189,PONS,B,Open Long,0.49665,263.0,0.063218,0.0,36979.0,0419
1788390166189,PONS,B,Open Long,0.49672,147.0,0.035339,0.0,37242.0,0419
1788390166189,PONS,B,Open Long,0.49673,682.0,0.163963,0.0,37389.0,0419
1788390166189,PONS,B,Open Long,0.49688,148.0,0.035591,0.0,38071.0,0419
1788390166189,PONS,B,Open Long,0.49693,148.0,0.035595,0.0,38219.0,0419
1788390166189,PONS,B,Open Long,0.49693,291.0,0.069988,0.0,38367.0,0419
1788390172071,PONS,B,Open Long,0.49703,208.0,0.050036,0.0,38658.0,0420
1788390172071,PONS,B,Open Long,0.49771,103.0,0.024811,0.0,38866.0,0420
1788390188438,PONS,B,Open Long,0.49406,311.0,0.074367,0.0,38969.0,0421
1788390206067,PONS,B,Open Long,0.49493,312.0,0.074737,0.0,39280.0,0422
1788390222959,PONS,B,Open Long,0.49481,311.0,0.07448,0.0,39592.0,0423
1788390240047,PONS,B,Open Long,0.49396,311.0,0.074352,0.0,39903.0,0424
1788390256352,PONS,B,Open Long,0.49873,235.0,0.056725,0.0,40214.0,0425
1788390256352,PONS,B,Open Long,0.49874,76.0,0.018345,0.0,40449.0,0425
1788390273236,PONS,B,Open Long,0.49889,202.0,0.048774,0.0,40525.0,0426
1788390273236,PONS,B,Open Long,0.4989,109.0,0.026319,0.0,40727.0,0426
1788390286698,PONS,B,Open Long,0.49984,453.0,0.10959,0.0,40836.0,0427
1788390286698,PONS,B,Open Long,0.4999,1527.0,0.369459,0.0,41289.0,0427
1788390291130,PONS,B,Open Long,0.4999,311.0,0.075246,0.0,42816.0,0428
1788390307202,PONS,B,Open Long,0.50153,298.0,0.072336,0.0,43127.0,0429
1788390307202,PONS,B,Open Long,0.50174,13.0,0.003156,0.0,43425.0,0429
1788390324195,PONS,B,Open Long,0.50166,311.0,0.075511,0.0,43438.0,0430
1788390342129,PONS,B,Open Long,0.50316,311.0,0.075737,0.0,43749.0,0431
1788390359151,PONS,B,Open Long,0.50016,250.0,0.060519,0.0,44060.0,0432
1788390359151,PONS,B,Open Long,0.50017,61.0,0.014766,0.0,44310.0,0432
1788390376097,PONS,B,Open Long,0.49618,311.0,0.074686,0.0,44371.0,0433
1788390392170,PONS,B,Open Long,0.49355,311.0,0.07429,0.0,44682.0,0434
1788390409119,PONS,B,Open Long,0.48864,312.0,0.073787,0.0,44993.0,0435
1788390426007,PONS,B,Open Long,0.48977,95.0,0.022518,0.0,45305.0,0436
1788390426007,PONS,B,Open Long,0.48977,216.0,0.051202,0.0,45400.0,0436
1788390442938,PONS,B,Open Long,0.48991,311.0,0.073743,0.0,45616.0,0437
1788390459928,PONS,B,Open Long,0.48952,245.0,0.058047,0.0,45927.0,0438
1788390459928,PONS,B,Open Long,0.48962,66.0,0.015639,0.0,46172.0,0438
1788390476867,PONS,B,Open Long,0.48992,311.0,0.073744,0.0,46238.0,0439
1788390494084,PONS,B,Open Long,0.4891,311.0,0.073621,0.0,46549.0,0440
1788390511198,PONS,B,Open Long,0.48149,311.0,0.072475,0.0,46860.0,0441
1788390527865,PONS,B,Open Long,0.48299,3.0,0.0007,0.0,47171.0,0442
1788390527865,PONS,B,Open Long,0.483,308.0,0.072001,0.0,47174.0,0442
1788390544866,PONS,B,Open Long,0.47678,311.0,0.071765,0.0,47482.0,0443
1788390561859,PONS,B,Open Long,0.47679,311.0,0.071768,0.0,47793.0,0444
1788390578718,PONS,B,Open Long,0.47562,311.0,0.071591,0.0,48104.0,0445
1788390581487,PONS,B,Open Long,0.47562,1980.0,0.455795,0.0,48415.0,0446
1788390583300,PONS,B,Open Long,0.47527,1980.0,0.45546,0.0,50395.0,0447
1788390585862,PONS,B,Open Long,0.47486,1980.0,0.455067,0.0,52375.0,0448
1788390595767,PONS,B,Open Long,0.47401,311.0,0.071349,0.0,54355.0,0449
1788390612663,PONS,B,Open Long,0.47731,311.0,0.071846,0.0,54666.0,0450
1788390630149,PONS,B,Open Long,0.4797,311.0,0.072205,0.0,54977.0,0451
1788390647162,PONS,B,Open Long,0.48007,311.0,0.072261,0.0,55288.0,0452
1788390663569,PONS,B,Open Long,0.4793,311.0,0.072145,0.0,55599.0,0453
1788390681037,PONS,B,Open Long,0.47815,311.0,0.071972,0.0,55910.0,0454
1788390698092,PONS,B,Open Long,0.47611,311.0,0.071665,0.0,56221.0,0455
1788390714449,PONS,B,Open Long,0.47619,311.0,0.071677,0.0,56532.0,0456
1788390732130,PONS,B,Open Long,0.47683,22.0,0.005077,0.0,56843.0,0457
1788390732130,PONS,B,Open Long,0.477,252.0,0.058178,0.0,56865.0,0457
1788390732130,PONS,B,Open Long,0.47704,37.0,0.008542,0.0,57117.0,0457
1788390749142,PONS,B,Open Long,0.47977,311.0,0.072216,0.0,57154.0,0458
1788390766140,PONS,B,Open Long,0.4791,311.0,0.072116,0.0,57465.0,0459
1788390783089,PONS,B,Open Long,0.48115,305.0,0.071027,0.0,57776.0,0460
1788390783089,PONS,B,Open Long,0.48121,6.0,0.001396,0.0,58081.0,0460
1788390799709,PONS,B,Open Long,0.48131,311.0,0.072447,0.0,58087.0,0461
1788390810425,PONS,A,Close Long,0.48,272.0,0.063191,-1.899376,58398.0,0462
1788390810425,PONS,A,Close Long,0.47999,8283.0,1.924265,-57.923019,58126.0,0462
1788390810425,PONS,A,Close Long,0.47961,260.0,0.060353,-1.91698,49843.0,0462
1788390810425,PONS,A,Close Long,0.47943,249.0,0.057778,-1.880697,49583.0,0462
1788390810425,PONS,A,Close Long,0.4794,936.0,0.217178,-7.097688,49334.0,0462
1788390812034,PONS,A,Close Long,0.47979,208.0,0.0483,-1.496144,48398.0,0463
1788390812034,PONS,A,Close Long,0.47954,323.0,0.074967,-2.404089,48190.0,0463
1788390812034,PONS,A,Close Long,0.47945,342.0,0.079362,-2.576286,47867.0,0463
1788390812034,PONS,A,Close Long,0.47941,321.0,0.074482,-2.430933,47525.0,0463
1788390812034,PONS,A,Close Long,0.4794,2092.0,0.485405,-15.863636,47204.0,0463
1788390812034,PONS,A,Close Long,0.47939,260.0,0.060326,-1.97418,45112.0,0463
1788390812034,PONS,A,Close Long,0.47917,260.0,0.060298,-2.03138,44852.0,0463
1788390812034,PONS,A,Close Long,0.47913,21.0,0.004869,-0.164913,44592.0,0463
1788390812034,PONS,A,Close Long,0.47909,342.0,0.079301,-2.699406,44571.0,0463
1788390812034,PONS,A,Close Long,0.47907,342.0,0.079299,-2.706246,44229.0,0463
1788390812034,PONS,A,Close Long,0.47906,3028.0,0.702086,-23.990844,43887.0,0463
1788390812034,PONS,A,Close Long,0.47898,208.0,0.048219,-1.664624,40859.0,0463
1788390812034,PONS,A,Close Long,0.47895,290.0,0.067224,-2.32957,40651.0,0463
1788390812034,PONS,A,Close Long,0.47866,342.0,0.079231,-2.846466,40361.0,0463
1788390812034,PONS,A,Close Long,0.47859,342.0,0.079219,-2.870406,40019.0,0463
1788390812034,PONS,A,Close Long,0.47858,731.0,0.169323,-6.142593,39677.0,0463
1788390812034,PONS,A,Close Long,0.47857,548.0,0.126931,-4.610324,38946.0,0463
1788390817096,PONS,B,Open Long,0.4793,311.0,0.072145,0.0,38398.0,0464
1788390834184,PONS,B,Open Long,0.48038,280.0,0.0651,0.0,38709.0,0465
1788390834184,PONS,B,Open Long,0.48042,31.0,0.007207,0.0,38989.0,0465
1788390850679,PONS,B,Open Long,0.4787,311.0,0.072055,0.0,39020.0,0466
1788390868089,PONS,B,Open Long,0.47879,299.0,0.069287,0.0,39331.0,0467
1788390868089,PONS,B,Open Long,0.4788,2.0,0.000462,0.0,39630.0,0467
1788390868089,PONS,B,Open Long,0.47887,10.0,0.002316,0.0,39632.0,0467
1788390885150,PONS,B,Open Long,0.4791,309.0,0.071652,0.0,39642.0,0468
1788390885150,PONS,B,Open Long,0.47916,2.0,0.000462,0.0,39951.0,0468
1788390902148,PONS,B,Open Long,0.47936,250.0,0.058002,0.0,39953.0,0469
1788390902148,PONS,B,Open Long,0.4799,61.0,0.014168,0.0,40203.0,0469
1788390919103,PONS,B,Open Long,0.47885,261.0,0.060489,0.0,40264.0,0470
1788390919103,PONS,B,Open Long,0.47894,50.0,0.011589,0.0,40525.0,0470
1788390935106,PONS,B,Open Long,0.47806,109.0,0.025219,0.0,40575.0,0471
1788390935106,PONS,B,Open Long,0.47818,202.0,0.04675,0.0,40684.0,0471
1788390952062,PONS,B,Open Long,0.47694,231.0,0.053323,0.0,40886.0,0472
1788390952062,PONS,B,Open Long,0.47699,80.0,0.018468,0.0,41117.0,0472
1788390969047,PONS,B,Open Long,0.47782,184.0,0.042551,0.0,41197.0,0473
1788390969047,PONS,B,Open Long,0.47785,127.0,0.029371,0.0,41381.0,0473
1788390977657,PONS,A,Close Long,0.47072,211.0,0.048071,-3.301517,41508.0,0474
1788390977657,PONS,A,Close Long,0.47067,631.0,0.143744,-9.904807,41297.0,0474
1788390977657,PONS,A,Close Long,0.47066,213.0,0.048521,-3.345591,40666.0,0474
1788390977657,PONS,A,Close Long,0.4706,181.0,0.041225,-2.853827,40453.0,0474
1788390977657,PONS,A,Close Long,0.47055,1269.0,0.289009,-20.071773,40272.0,0474
1788390977657,PONS,A,Close Long,0.47054,213.0,0.048508,-3.371151,39003.0,0474
1788390977657,PONS,A,Close Long,0.47048,213.0,0.048502,-3.383931,38790.0,0474
1788390977657,PONS,A,Close Long,0.47042,213.0,0.048495,-3.396711,38577.0,0474
1788390977657,PONS,A,Close Long,0.47036,213.0,0.048489,-3.409491,38364.0,0474
1788390977657,PONS,A,Close Long,0.4703,213.0,0.048483,-3.422271,38151.0,0474
1788390977657,PONS,A,Close Long,0.47024,213.0,0.048477,-3.435051,37938.0,0474
1788390977657,PONS,A,Close Long,0.47018,213.0,0.04847,-3.447831,37725.0,0474
1788390977657,PONS,A,Close Long,0.47012,213.0,0.048465,-3.460611,37512.0,0474
1788390977657,PONS,A,Close Long,0.47006,213.0,0.048459,-3.473391,37299.0,0474
1788390977657,PONS,A,Close Long,0.47,213.0,0.048453,-3.486171,37086.0,0474
1788390977657,PONS,A,Close Long,0.46993,1302.0,0.296133,-21.400974,36873.0,0474
1788390977657,PONS,A,Close Long,0.46913,1500.0,0.340587,-25.8555,35571.0,0474
1788390977657,PONS,A,Close Long,0.46896,75.0,0.017023,-1.305525,34071.0,0474
1788390977657,PONS,A,Close Long,0.46886,3028.0,0.687137,-53.011196,33996.0,0474
1788390977657,PONS,A,Close Long,0.46878,22.0,0.004991,-0.386914,30968.0,0474
1788390977657,PONS,A,Close Long,0.46867,4269.0,0.968363,-75.548493,30946.0,0474
1788390977657,PONS,A,Close Long,0.46852,12997.0,2.947247,-231.957459,26677.0,0474
1788390977657,PONS,A,Close Long,0.46852,3028.0,0.686639,-54.040716,13680.0,0474
1788390977657,PONS,A,Close Long,0.46852,4109.0,0.931771,-73.333323,10652.0,0474
1788390977657,PONS,A,Close Long,0.46851,33.0,0.007482,-0.589281,6543.0,0474
1788390977657,PONS,A,Close Long,0.46831,209.0,0.047371,-3.773913,6510.0,0474
1788390977657,PONS,A,Close Long,0.4679,3192.0,0.722871,-58.946664,6301.0,0474
1788390977657,PONS,A,Close Long,0.46789,1500.0,0.339687,-27.7155,3109.0,0474
1788390977657,PONS,A,Close Long,0.46764,1609.0,0.364177,-30.131743,1609.0,0474
1788391119577,xyz:HOOD,A,Close Long,109.36,17.963,0.347311,3.628526,100.0,0475
1788391119577,xyz:HOOD,A,Close Long,109.35,19.605,0.379024,3.76416,82.037,0475
1788391119577,xyz:HOOD,A,Close Long,109.35,4.669,0.090265,0.896448,62.432,0475
1788391119577,xyz:HOOD,A,Close Long,109.35,1.856,0.035881,0.356352,57.763,0475
1788391119577,xyz:HOOD,A,Close Long,109.34,19.602,0.378932,3.567564,55.907,0475
1788391119577,xyz:HOOD,A,Close Long,109.34,9.146,0.176803,1.664572,36.305,0475
1788391119577,xyz:HOOD,A,Close Long,109.33,15.811,0.305618,2.719492,27.159,0475
1788391119577,xyz:HOOD,A,Close Long,109.33,11.348,0.21935,1.951856,11.348,0475
1788391185065,PONS,B,Open Long,0.46542,335.0,0.075462,0.0,0.0,0476
1788391185065,PONS,B,Open Long,0.46545,335.0,0.075467,0.0,335.0,0476
1788391185065,PONS,B,Open Long,0.46545,3440.0,0.774954,0.0,670.0,0476
1788391185065,PONS,B,Open Long,0.46546,5606.0,1.262933,0.0,4110.0,0476
1788391185065,PONS,B,Open Long,0.46551,644.0,0.145096,0.0,9716.0,0476
1788391185065,PONS,B,Open Long,0.46565,339.0,0.076401,0.0,10360.0,0476
1788391235158,PONS,B,Open Long,0.46745,10699.0,2.420603,0.0,10699.0,0477
1788391370937,PONS,B,Open Long,0.47277,557.0,0.127452,0.0,21398.0,0478
1788391370937,PONS,B,Open Long,0.47279,655.0,0.149883,0.0,21955.0,0478
1788391370937,PONS,B,Open Long,0.47287,365.0,0.083536,0.0,22610.0,0478
1788391370937,PONS,B,Open Long,0.47293,365.0,0.083546,0.0,22975.0,0478
1788391370937,PONS,B,Open Long,0.47294,1057.0,0.241949,0.0,23340.0,0478
1788391370937,PONS,B,Open Long,0.47302,264.0,0.060439,0.0,24397.0,0478
1788391370937,PONS,B,Open Long,0.47306,365.0,0.08357,0.0,24661.0,0478
1788391370937,PONS,B,Open Long,0.47308,7071.0,1.619051,0.0,25026.0,0478
1788391809268,PONS,B,Open Long,0.4472,295.0,0.06385,0.0,32097.0,0479
1788391809268,PONS,B,Open Long,0.44752,42.0,0.009096,0.0,32392.0,0479
1788391809268,PONS,B,Open Long,0.44754,42.0,0.009096,0.0,32434.0,0479
1788391809268,PONS,B,Open Long,0.44756,42.0,0.009097,0.0,32476.0,0479
1788391809268,PONS,B,Open Long,0.44758,42.0,0.009097,0.0,32518.0,0479
1788391809268,PONS,B,Open Long,0.4476,42.0,0.009097,0.0,32560.0,0479
1788391809268,PONS,B,Open Long,0.44762,42.0,0.009099,0.0,32602.0,0479
1788391809268,PONS,B,Open Long,0.44764,42.0,0.009099,0.0,32644.0,0479
1788391809268,PONS,B,Open Long,0.44766,42.0,0.009099,0.0,32686.0,0479
1788391809268,PONS,B,Open Long,0.44768,42.0,0.0091,0.0,32728.0,0479
1788391809268,PONS,B,Open Long,0.4477,42.0,0.0091,0.0,32770.0,0479
1788391809268,PONS,B,Open Long,0.44772,42.0,0.0091,0.0,32812.0,0479
1788391809268,PONS,B,Open Long,0.44774,42.0,0.009101,0.0,32854.0,0479
1788391809268,PONS,B,Open Long,0.44776,42.0,0.009101,0.0,32896.0,0479
1788391809268,PONS,B,Open Long,0.44778,42.0,0.009101,0.0,32938.0,0479
1788391809268,PONS,B,Open Long,0.4478,42.0,0.009102,0.0,32980.0,0479
1788391809268,PONS,B,Open Long,0.44782,42.0,0.009102,0.0,33022.0,0479
1788391809268,PONS,B,Open Long,0.44784,42.0,0.009102,0.0,33064.0,0479
1788391809268,PONS,B,Open Long,0.44786,42.0,0.009104,0.0,33106.0,0479
1788391809268,PONS,B,Open Long,0.44788,42.0,0.009104,0.0,33148.0,0479
1788391809268,PONS,B,Open Long,0.44789,42.0,0.009104,0.0,33190.0,0479
1788391809268,PONS,B,Open Long,0.44792,42.0,0.009105,0.0,33232.0,0479
1788391809268,PONS,B,Open Long,0.44794,42.0,0.009105,0.0,33274.0,0479
1788391809268,PONS,B,Open Long,0.44796,42.0,0.009105,0.0,33316.0,0479
1788391809268,PONS,B,Open Long,0.44798,42.0,0.009106,0.0,33358.0,0479
1788391809268,PONS,B,Open Long,0.44799,42.0,0.009106,0.0,33400.0,0479
1788391809268,PONS,B,Open Long,0.44802,42.0,0.009106,0.0,33442.0,0479
1788391809268,PONS,B,Open Long,0.44804,42.0,0.009106,0.0,33484.0,0479
1788391809268,PONS,B,Open Long,0.44806,42.0,0.009107,0.0,33526.0,0479
1788391809268,PONS,B,Open Long,0.44808,42.0,0.009107,0.0,33568.0,0479
1788391809268,PONS,B,Open Long,0.4481,38.0,0.00824,0.0,33610.0,0479
1788391809268,PONS,B,Open Long,0.44812,42.0,0.009109,0.0,33648.0,0479
1788391809268,PONS,B,Open Long,0.44812,3001.0,0.650886,0.0,33690.0,0479
1788391809268,PONS,B,Open Long,0.44814,42.0,0.009109,0.0,36691.0,0479
1788391809268,PONS,B,Open Long,0.44815,6063.0,1.315092,0.0,36733.0,0479
1788392619148,PONS,A,Close Long,0.45262,49.0,0.010733,-0.533169,42796.0,0480
1788392619148,PONS,A,Close Long,0.45259,49.0,0.010732,-0.534639,42747.0,0480
1788392619148,PONS,A,Close Long,0.45256,49.0,0.010732,-0.536109,42698.0,0480
1788392619148,PONS,A,Close Long,0.45256,1540.0,0.337319,-16.84914,42649.0,0480
1788392619148,PONS,A,Close Long,0.45253,49.0,0.010731,-0.537579,41109.0,0480
1788392619148,PONS,A,Close Long,0.4525,49.0,0.010731,-0.539049,41060.0,0480
1788392619148,PONS,A,Close Long,0.45246,49.0,0.01073,-0.541009,41011.0,0480
1788392619148,PONS,A,Close Long,0.45238,276.0,0.06043,-3.069396,40962.0,0480
1788392619148,PONS,A,Close Long,0.4522,49.0,0.010723,-0.553749,40686.0,0480
1788392619148,PONS,A,Close Long,0.45217,49.0,0.010723,-0.555219,40637.0,0480
1788392619148,PONS,A,Close Long,0.45214,49.0,0.010722,-0.556689,40588.0,0480
1788392619148,PONS,A,Close Long,0.45213,34.0,0.00744,-0.386614,40539.0,0480
1788392619148,PONS,A,Close Long,0.45213,49.0,0.010722,-0.557179,40505.0,0480
1788392619148,PONS,A,Close Long,0.4521,44.0,0.009627,-0.501644,40456.0,0480
1788392619148,PONS,A,Close Long,0.45209,4434.0,0.970209,-50.596374,40412.0,0480
1788392619148,PONS,A,Close Long,0.45187,220.0,0.048114,-2.55882,35978.0,0480
1788392619148,PONS,A,Close Long,0.45173,323.0,0.070618,-3.802033,35758.0,0480
1788392619148,PONS,A,Close Long,0.45163,49.0,0.010709,-0.581679,35435.0,0480
1788392619148,PONS,A,Close Long,0.4516,49.0,0.010709,-0.583149,35386.0,0480
1788392619148,PONS,A,Close Long,0.45157,49.0,0.010708,-0.584619,35337.0,0480
1788392619148,PONS,A,Close Long,0.45156,775.0,0.169379,-9.254275,35288.0,0480
1788392619148,PONS,A,Close Long,0.45155,3001.0,0.655868,-35.864951,34513.0,0480
1788392619148,PONS,A,Close Long,0.45153,23.0,0.005025,-0.275333,31512.0,0480
1788392619148,PONS,A,Close Long,0.45121,50.0,0.010919,-0.61455,31489.0,0480
1788392619148,PONS,A,Close Long,0.45118,49.0,0.010699,-0.603729,31439.0,0480
1788392619148,PONS,A,Close Long,0.45115,49.0,0.010698,-0.605199,31390.0,0480
1788392619148,PONS,A,Close Long,0.45112,49.0,0.010698,-0.606669,31341.0,0480
1788392619148,PONS,A,Close Long,0.45111,27260.0,5.951872,-337.77866,31292.0,0480
1788392619148,PONS,A,Close Long,0.45101,3001.0,0.655084,-37.485491,4032.0,0480
1788392619148,PONS,A,Close Long,0.45087,1031.0,0.224985,-13.022561,1031.0,0480
1788392777620,PONS,B,Open Long,0.4518,2490.0,0.544491,0.0,0.0,0481
1788392777620,PONS,B,Open Long,0.4521,58.0,0.012691,0.0,2490.0,0481
1788392777620,PONS,B,Open Long,0.45213,58.0,0.012691,0.0,2548.0,0481
1788392777620,PONS,B,Open Long,0.45216,58.0,0.012692,0.0,2606.0,0481
1788392777620,PONS,B,Open Long,0.45219,58.0,0.012693,0.0,2664.0,0481
1788392777620,PONS,B,Open Long,0.45221,42.0,0.009192,0.0,2722.0,0481
1788392777620,PONS,B,Open Long,0.45221,42.0,0.009192,0.0,2764.0,0481
1788392777620,PONS,B,Open Long,0.45224,41.0,0.008974,0.0,2806.0,0481
1788392777620,PONS,B,Open Long,0.45228,58.0,0.012696,0.0,2847.0,0481
1788392777620,PONS,B,Open Long,0.45231,58.0,0.012696,0.0,2905.0,0481
1788392777620,PONS,B,Open Long,0.45234,58.0,0.012697,0.0,2963.0,0481
1788392777620,PONS,B,Open Long,0.45236,58.0,0.012697,0.0,3021.0,0481
1788392777620,PONS,B,Open Long,0.45239,58.0,0.012698,0.0,3079.0,0481
1788392777620,PONS,B,Open Long,0.45242,58.0,0.0127,0.0,3137.0,0481
1788392777620,PONS,B,Open Long,0.45245,51.0,0.011167,0.0,3195.0,0481
1788392777620,PONS,B,Open Long,0.45248,59.0,0.01292,0.0,3246.0,0481
1788392777620,PONS,B,Open Long,0.45251,276.0,0.060447,0.0,3305.0,0481
1788392777620,PONS,B,Open Long,0.45264,58.0,0.012706,0.0,3581.0,0481
1788392777620,PONS,B,Open Long,0.45267,58.0,0.012706,0.0,3639.0,0481
1788392777620,PONS,B,Open Long,0.45267,317.0,0.069451,0.0,3697.0,0481
1788392777620,PONS,B,Open Long,0.45268,23.0,0.005039,0.0,4014.0,0481
1788392777620,PONS,B,Open Long,0.4527,58.0,0.012707,0.0,4037.0,0481
1788392777620,PONS,B,Open Long,0.45273,58.0,0.012708,0.0,4095.0,0481
1788392777620,PONS,B,Open Long,0.45276,58.0,0.012709,0.0,4153.0,0481
1788392777620,PONS,B,Open Long,0.45277,17903.0,3.923275,0.0,4211.0,0481
1788393191863,PONS,A,Close Long,0.44652,61.0,0.013182,-0.373137,22114.0,0482
1788393191863,PONS,A,Close Long,0.44651,2407.0,0.520177,-14.747689,22053.0,0482
1788393191863,PONS,A,Close Long,0.44648,280.0,0.060506,-1.72396,19646.0,0482
1788393191863,PONS,A,Close Long,0.4464,61.0,0.013179,-0.380457,19366.0,0482
1788393191863,PONS,A,Close Long,0.44622,223.0,0.04816,-1.430991,19305.0,0482
1788393191863,PONS,A,Close Long,0.44598,61.0,0.013166,-0.406077,19082.0,0482
1788393191863,PONS,A,Close Long,0.44592,61.0,0.013165,-0.409737,19021.0,0482
1788393191863,PONS,A,Close Long,0.44579,1404.0,0.302929,-9.613188,18960.0,0482
1788393191863,PONS,A,Close Long,0.44577,61.0,0.01316,-0.418887,17556.0,0482
1788393191863,PONS,A,Close Long,0.44574,60.0,0.012943,-0.41382,17495.0,0482
1788393191863,PONS,A,Close Long,0.44571,34.0,0.007334,-0.235518,17435.0,0482
1788393191863,PONS,A,Close Long,0.44571,61.0,0.013158,-0.422547,17401.0,0482
1788393191863,PONS,A,Close Long,0.44569,3001.0,0.647357,-20.847947,17340.0,0482
1788393191863,PONS,A,Close Long,0.44556,61.0,0.013153,-0.431697,14339.0,0482
1788393191863,PONS,A,Close Long,0.44547,61.0,0.013151,-0.437187,14278.0,0482
1788393191863,PONS,A,Close Long,0.44536,786.0,0.169425,-5.719722,14217.0,0482
1788393191863,PONS,A,Close Long,0.44535,3001.0,0.646863,-21.868287,13431.0,0482
1788393191863,PONS,A,Close Long,0.44533,8151.0,1.756863,-59.559357,10430.0,0482
1788393191863,PONS,A,Close Long,0.44526,2279.0,0.491137,-16.812183,2279.0,0482
1788393607694,PUMP,B,Open Long,0.004086,220951.0,0.436957,0.0,0.0,0483
1788393607694,PUMP,B,Open Long,0.004087,246930.0,0.488453,0.0,220951.0,0483
1788393607694,PUMP,B,Open Long,0.004087,32119.0,0.063534,0.0,467881.0,0483
1788393610255,PUMP,B,Open Long,0.004085,227283.0,0.44937,0.0,500000.0,0484
1788393610255,PUMP,B,Open Long,0.004086,272717.0,0.539331,0.0,727283.0,0484
1788393612620,PUMP,B,Open Long,0.004085,246346.0,0.48706,0.0,1000000.0,0485
1788393612620,PUMP,B,Open Long,0.004085,36648.0,0.072457,0.0,1246346.0,0485
1788393612620,PUMP,B,Open Long,0.004085,217006.0,0.42905,0.0,1282994.0,0485
1788393626818,PUMP,B,Open Long,0.004087,21279.0,0.042091,0.0,1500000.0,0486
1788393626818,PUMP,B,Open Long,0.004088,36648.0,0.07251,0.0,1521279.0,0486
1788393626818,PUMP,B,Open Long,0.004088,237448.0,0.469811,0.0,1557927.0,0486
1788393626818,PUMP,B,Open Long,0.004088,204625.0,0.404868,0.0,1795375.0,0486
1788393633008,PUMP,B,Open Long,0.004089,36648.0,0.072528,0.0,2000000.0,0487
1788393633008,PUMP,B,Open Long,0.004089,259493.0,0.513555,0.0,2036648.0,0487
1788393633008,PUMP,B,Open Long,0.004089,21533.0,0.042614,0.0,2296141.0,0487
1788393633008,PUMP,B,Open Long,0.004089,24735.0,0.048952,0.0,2317674.0,0487
1788393633008,PUMP,B,Open Long,0.004089,157591.0,0.311883,0.0,2342409.0,0487
1788393633548,PUMP,B,Open Long,0.004089,36694.0,0.07262,0.0,2500000.0,0488
1788393633548,PUMP,B,Open Long,0.00409,243170.0,0.481369,0.0,2536694.0,0488
1788393633548,PUMP,B,Open Long,0.00409,34909.0,0.069103,0.0,2779864.0,0488
1788393633548,PUMP,B,Open Long,0.004091,185227.0,0.366757,0.0,2814773.0,0488
1788393637937,PUMP,B,Open Long,0.00409,14000.0,0.027713,0.0,3000000.0,0489
1788393637937,PUMP,B,Open Long,0.00409,22793.0,0.045119,0.0,3014000.0,0489
1788393637937,PUMP,B,Open Long,0.004091,22470.0,0.044491,0.0,3036793.0,0489
1788393637937,PUMP,B,Open Long,0.004091,24563.0,0.048635,0.0,3059263.0,0489
1788393637937,PUMP,B,Open Long,0.004091,357589.0,0.708041,0.0,3083826.0,0489
1788393637937,PUMP,B,Open Long,0.004091,58585.0,0.116,0.0,3441415.0,0489
1788393805739,PUMP,B,Open Long,0.004099,23388.0,0.046399,0.0,3500000.0,0490
1788393805739,PUMP,B,Open Long,0.004099,244068.0,0.484209,0.0,3523388.0,0490
1788393805739,PUMP,B,Open Long,0.004099,31301.0,0.062098,0.0,3767456.0,0490
1788393805739,PUMP,B,Open Long,0.0041,201243.0,0.399345,0.0,3798757.0,0490
1788393809834,PUMP,B,Open Long,0.0041,280395.0,0.556414,0.0,4000000.0,0491
1788393809834,PUMP,B,Open Long,0.0041,12900.0,0.025598,0.0,4280395.0,0491
1788393809834,PUMP,B,Open Long,0.004101,28277.0,0.056126,0.0,4293295.0,0491
1788393809834,PUMP,B,Open Long,0.004101,25638.0,0.050888,0.0,4321572.0,0491
1788393809834,PUMP,B,Open Long,0.004101,24638.0,0.048903,0.0,4347210.0,0491
1788393809834,PUMP,B,Open Long,0.004101,128152.0,0.254366,0.0,4371848.0,0491
1788394115166,PUMP,B,Open Long,0.004073,275469.0,0.54304,0.0,4500000.0,0492
1788394115166,PUMP,B,Open Long,0.004073,98208.0,0.1936,0.0,4775469.0,0492
1788394115166,PUMP,B,Open Long,0.004073,35941.0,0.07085,0.0,4873677.0,0492
1788394115166,PUMP,B,Open Long,0.004073,245624.0,0.484205,0.0,4909618.0,0492
1788394115166,PUMP,B,Open Long,0.004073,29268.0,0.057696,0.0,5155242.0,0492
1788394115166,PUMP,B,Open Long,0.004073,277664.0,0.547367,0.0,5184510.0,0492
1788394115166,PUMP,B,Open Long,0.004073,537242.0,1.059081,0.0,5462174.0,0492
1788394115166,PUMP,B,Open Long,0.004074,219219.0,0.432258,0.0,5999416.0,0492
1788394145369,PUMP,A,Close Long,0.004072,212449.0,0.418704,-2.761837,6218635.0,0493
1788394145369,PUMP,A,Close Long,0.004072,98232.0,0.1936,-1.277016,6006186.0,0493
1788394145369,PUMP,A,Close Long,0.004071,315514.0,0.621676,-4.417196,5907954.0,0493
1788394145369,PUMP,A,Close Long,0.004071,34043.0,0.067076,-0.476602,5592440.0,0493
1788394145369,PUMP,A,Close Long,0.004071,122934.0,0.242224,-1.721076,5558397.0,0493
1788394145369,PUMP,A,Close Long,0.00407,34043.0,0.06706,-0.510645,5435463.0,0493
1788394145369,PUMP,A,Close Long,0.00407,235459.0,0.463825,-3.531885,5401420.0,0493
1788394145369,PUMP,A,Close Long,0.00407,254179.0,0.500701,-3.812685,5165961.0,0493
1788394145369,PUMP,A,Close Long,0.00407,36856.0,0.072601,-0.55284,4911782.0,0493
1788394145369,PUMP,A,Close Long,0.00407,98280.0,0.193598,-1.4742,4874926.0,0493
1788394145369,PUMP,A,Close Long,0.00407,51896.0,0.102228,-0.77844,4776646.0,0493
1788394145369,PUMP,A,Close Long,0.00407,47733.0,0.094027,-0.715995,4724750.0,0493
1788394145369,PUMP,A,Close Long,0.00407,23028.0,0.045362,-0.34542,4677017.0,0493
1788394145369,PUMP,A,Close Long,0.00407,300000.0,0.590964,-4.5,4653989.0,0493
1788394145369,PUMP,A,Close Long,0.004069,32999.0,0.064987,-0.527984,4353989.0,0493
1788394145369,PUMP,A,Close Long,0.004069,389244.0,0.766575,-6.227904,4320990.0,0493
1788394145369,PUMP,A,Close Long,0.004069,98304.0,0.193598,-1.572864,3931746.0,0493
1788394145369,PUMP,A,Close Long,0.004069,2474305.0,4.872885,-39.58888,3833442.0,0493
1788394145369,PUMP,A,Close Long,0.004069,300000.0,0.590818,-4.8,1359137.0,0493
1788394145369,PUMP,A,Close Long,0.004069,245828.0,0.484132,-3.933248,1059137.0,0493
1788394145369,PUMP,A,Close Long,0.004069,176487.0,0.347572,-2.823792,813309.0,0493
1788394145369,PUMP,A,Close Long,0.004069,166695.0,0.328288,-2.66712,636822.0,0493
1788394145369,PUMP,A,Close Long,0.004068,291922.0,0.574767,-4.962674,470127.0,0493
1788394145369,PUMP,A,Close Long,0.004068,34405.0,0.067739,-0.584885,178205.0,0493
1788394145369,PUMP,A,Close Long,0.004068,36874.0,0.072601,-0.626858,143800.0,0493
1788394145369,PUMP,A,Close Long,0.004068,106926.0,0.210527,-1.817742,106926.0,0493
1788394755529,PUMP,B,Open Long,0.004078,12260.0,0.024197,0.0,0.0,0494
1788394755529,PUMP,B,Open Long,0.004078,279888.0,0.552429,0.0,12260.0,0494
1788394755529,PUMP,B,Open Long,0.004079,98063.0,0.193598,0.0,292148.0,0494
1788394755529,PUMP,B,Open Long,0.004079,25446.0,0.050235,0.0,390211.0,0494
1788394755529,PUMP,B,Open Long,0.00408,721588.0,1.424933,0.0,415657.0,0494
1788394755529,PUMP,B,Open Long,0.00408,23649.0,0.046699,0.0,1137245.0,0494
1788394755529,PUMP,B,Open Long,0.00408,287959.0,0.568638,0.0,1160894.0,0494
1788394755529,PUMP,B,Open Long,0.00408,269782.0,0.532743,0.0,1448853.0,0494
1788394756938,PUMP,B,Open Long,0.004079,98063.0,0.193598,0.0,1718635.0,0495
1788394756938,PUMP,B,Open Long,0.004079,38246.0,0.075506,0.0,1816698.0,0495
1788394756938,PUMP,B,Open Long,0.00408,122745.0,0.242386,0.0,1854944.0,0495
1788394756938,PUMP,B,Open Long,0.00408,228103.0,0.450439,0.0,1977689.0,0495
1788394756938,PUMP,B,Open Long,0.00408,228108.0,0.450449,0.0,2205792.0,0495
1788394756938,PUMP,B,Open Long,0.00408,721588.0,1.424933,0.0,2433900.0,0495
1788394756938,PUMP,B,Open Long,0.00408,98039.0,0.193598,0.0,3155488.0,0495
1788394756938,PUMP,B,Open Long,0.004081,3664.0,0.007236,0.0,3253527.0,0495
1788394756938,PUMP,B,Open Long,0.004081,98015.0,0.193598,0.0,3257191.0,0495
1788394756938,PUMP,B,Open Long,0.004081,22306.0,0.044058,0.0,3355206.0,0495
1788394756938,PUMP,B,Open Long,0.004081,24525.0,0.048441,0.0,3377512.0,0495
1788394756938,PUMP,B,Open Long,0.004081,35233.0,0.069591,0.0,3402037.0,0495
1788395079603,PUMP,B,Open Long,0.004058,107266.0,0.210677,0.0,3437270.0,0496
1788395079603,PUMP,B,Open Long,0.004058,98571.0,0.1936,0.0,3544536.0,0496
1788395079603,PUMP,B,Open Long,0.004059,35380.0,0.069505,0.0,3643107.0,0496
1788395079603,PUMP,B,Open Long,0.004059,62324.0,0.122438,0.0,3678487.0,0496
1788395079603,PUMP,B,Open Long,0.004059,242159.0,0.475734,0.0,3740811.0,0496
1788395079603,PUMP,B,Open Long,0.00406,369887.0,0.726842,0.0,3982970.0,0496
1788395079603,PUMP,B,Open Long,0.00406,803048.0,1.57802,0.0,4352857.0,0496
1788395155372,PUMP,A,Close Long,0.004045,100000.0,0.195778,-2.8,5155905.0,0497
1788395155372,PUMP,A,Close Long,0.004044,321851.0,0.629957,-9.333679,5055905.0,0497
1788395155372,PUMP,A,Close Long,0.004044,30960.0,0.060597,-0.89784,4734054.0,0497
1788395155372,PUMP,A,Close Long,0.004043,321851.0,0.629801,-9.65553,4703094.0,0497
1788395155372,PUMP,A,Close Long,0.004043,721588.0,1.412012,-21.64764,4381243.0,0497
1788395155372,PUMP,A,Close Long,0.004042,2475.0,0.004841,-0.076725,3659655.0,0497
1788395155372,PUMP,A,Close Long,0.004042,739733.0,1.44716,-22.931723,3657180.0,0497
1788395155372,PUMP,A,Close Long,0.004042,123741.0,0.242077,-3.835971,2917447.0,0497
1788395155372,PUMP,A,Close Long,0.004042,274357.0,0.536732,-8.505067,2793706.0,0497
1788395155372,PUMP,A,Close Long,0.004042,247442.0,0.484077,-7.670702,2519349.0,0497
1788395155372,PUMP,A,Close Long,0.004041,24449.0,0.047817,-0.782368,2271907.0,0497
1788395155372,PUMP,A,Close Long,0.004041,537242.0,1.050761,-17.191744,2247458.0,0497
1788395155372,PUMP,A,Close Long,0.004041,247463.0,0.483998,-7.918816,1710216.0,0497
1788395155372,PUMP,A,Close Long,0.004041,12376.0,0.024205,-0.396032,1462753.0,0497
1788395155372,PUMP,A,Close Long,0.004041,18558.0,0.036296,-0.593856,1450377.0,0497
1788395155372,PUMP,A,Close Long,0.004041,342598.0,0.670067,-10.963136,1431819.0,0497
1788395155372,PUMP,A,Close Long,0.004041,714674.0,1.39779,-22.869568,1089221.0,0497
1788395155372,PUMP,A,Close Long,0.00404,50000.0,0.097768,-1.65,374547.0,0497
1788395155372,PUMP,A,Close Long,0.00404,324547.0,0.634605,-10.710051,324547.0,0497
1788396207004,PUMP,B,Open Long,0.004069,2384137.0,4.695309,0.0,0.0,0498
1788396207004,PUMP,B,Open Long,0.004069,537242.0,1.058041,0.0,2384137.0,0498
1788396207004,PUMP,B,Open Long,0.004069,277680.0,0.54686,0.0,2921379.0,0498
1788396207004,PUMP,B,Open Long,0.004069,36896.0,0.072661,0.0,3199059.0,0498
1788396207004,PUMP,B,Open Long,0.004069,24576.0,0.048398,0.0,3235955.0,0498
1788396207004,PUMP,B,Open Long,0.004069,359982.0,0.708946,0.0,3260531.0,0498
1788396207004,PUMP,B,Open Long,0.004069,33388.0,0.065753,0.0,3620513.0,0498
1788396207004,PUMP,B,Open Long,0.004069,346099.0,0.681605,0.0,3653901.0,0498
1788396404626,PUMP,B,Open Long,0.00408,24509.0,0.048397,0.0,4000000.0,0499
1788396404626,PUMP,B,Open Long,0.00408,38521.0,0.076067,0.0,4024509.0,0499
1788396404626,PUMP,B,Open Long,0.004081,387283.0,0.764962,0.0,4063030.0,0499
1788396404626,PUMP,B,Open Long,0.004081,721588.0,1.425283,0.0,4450313.0,0499
1788396404626,PUMP,B,Open Long,0.004081,24979.0,0.049337,0.0,5171901.0,0499
1788396404626,PUMP,B,Open Long,0.004082,27500.0,0.05433,0.0,5196880.0,0499
1788396404626,PUMP,B,Open Long,0.004082,478515.0,0.945395,0.0,5224380.0,0499
1788396404626,PUMP,B,Open Long,0.004082,97991.0,0.193598,0.0,5702895.0,0499
1788396404626,PUMP,B,Open Long,0.004082,320854.0,0.633906,0.0,5800886.0,0499
1788396404626,PUMP,B,Open Long,0.004082,122741.0,0.242497,0.0,6121740.0,0499
1788396404626,PUMP,B,Open Long,0.004082,245190.0,0.484418,0.0,6244481.0,0499
1788396404626,PUMP,B,Open Long,0.004083,386479.0,0.763748,0.0,6489671.0,0499
1788396404626,PUMP,B,Open Long,0.004083,106593.0,0.210645,0.0,6876150.0,0499
1788396404626,PUMP,B,Open Long,0.004083,721588.0,1.425981,0.0,6982743.0,0499
1788396404626,PUMP,B,Open Long,0.004083,295669.0,0.584292,0.0,7704331.0,0499
1788396541436,PUMP,B,Open Long,0.004088,365842.0,0.723851,0.0,8000000.0,0500
1788396541436,PUMP,B,Open Long,0.004088,255159.0,0.504854,0.0,8365842.0,0500
1788396541436,PUMP,B,Open Long,0.004088,31282.0,0.061894,0.0,8621001.0,0500
1788396541436,PUMP,B,Open Long,0.004088,12000.0,0.023742,0.0,8652283.0,0500
1788396541436,PUMP,B,Open Long,0.004088,335717.0,0.664246,0.0,8664283.0,0500
1788396543864,PUMP,B,Open Long,0.004087,8640.0,0.01709,0.0,9000000.0,0501
1788396543864,PUMP,B,Open Long,0.004087,24467.0,0.048397,0.0,9008640.0,0501
1788396543864,PUMP,B,Open Long,0.004087,347983.0,0.688347,0.0,9033107.0,0501
1788396543864,PUMP,B,Open Long,0.004087,97871.0,0.193598,0.0,9381090.0,0501
1788396543864,PUMP,B,Open Long,0.004087,521039.0,1.03067,0.0,9478961.0,0501
1788397295177,PUMP,A,Close Long,0.004066,320874.0,0.631461,-3.529614,10000000.0,0502
1788397295177,PUMP,A,Close Long,0.004065,34156.0,0.0672,-0.409872,9679126.0,0502
1788397295177,PUMP,A,Close Long,0.004065,24600.0,0.048398,-0.2952,9644970.0,0502
1788397295177,PUMP,A,Close Long,0.004065,329772.0,0.648812,-3.957264,9620370.0,0502
1788397295177,PUMP,A,Close Long,0.004065,306164.0,0.602364,-3.673968,9290598.0,0502
1788397295177,PUMP,A,Close Long,0.004064,468188.0,0.920913,-6.086444,8984434.0,0502
1788397295177,PUMP,A,Close Long,0.004064,34156.0,0.067183,-0.444028,8516246.0,0502
1788397295177,PUMP,A,Close Long,0.004064,98425.0,0.193598,-1.279525,8482090.0,0502
1788397295177,PUMP,A,Close Long,0.004064,61515.0,0.120997,-0.799695,8383665.0,0502
1788397295177,PUMP,A,Close Long,0.004064,20151.0,0.039636,-0.261963,8322150.0,0502
1788397295177,PUMP,A,Close Long,0.004064,123091.0,0.242116,-1.600183,8301999.0,0502
1788397295177,PUMP,A,Close Long,0.004063,470755.0,0.925735,-6.59057,8178908.0,0502
1788397295177,PUMP,A,Close Long,0.004063,1087898.0,2.139341,-15.230572,7708153.0,0502
1788397295177,PUMP,A,Close Long,0.004063,298895.0,0.587774,-4.18453,6620255.0,0502
1788397295177,PUMP,A,Close Long,0.004063,34156.0,0.067166,-0.478184,6321360.0,0502
1788397295177,PUMP,A,Close Long,0.004063,52547.0,0.103332,-0.735658,6287204.0,0502
1788397295177,PUMP,A,Close Long,0.004063,522869.0,1.028217,-7.320166,6234657.0,0502
1788397295177,PUMP,A,Close Long,0.004063,48720.0,0.095806,-0.68208,5711788.0,0502
1788397295177,PUMP,A,Close Long,0.004062,488014.0,0.959439,-7.32021,5663068.0,0502
1788397295177,PUMP,A,Close Long,0.004062,34156.0,0.06715,-0.51234,5175054.0,0502
1788397295177,PUMP,A,Close Long,0.004062,721588.0,1.418647,-10.82382,5140898.0,0502
1788397295177,PUMP,A,Close Long,0.004062,98474.0,0.1936,-1.47711,4419310.0,0502
1788397295177,PUMP,A,Close Long,0.004061,615384.0,1.209551,-9.846144,4320836.0,0502
1788397295177,PUMP,A,Close Long,0.004061,490626.0,0.964336,-7.850016,3705452.0,0502
1788397295177,PUMP,A,Close Long,0.004061,2474305.0,4.863305,-39.58888,3214826.0,0502
1788397295177,PUMP,A,Close Long,0.004061,155201.0,0.305051,-2.483216,740521.0,0502
1788397295177,PUMP,A,Close Long,0.004061,34156.0,0.067133,-0.546496,585320.0,0502
1788397295177,PUMP,A,Close Long,0.004061,173904.0,0.341812,-2.782464,551164.0,0502
1788397295177,PUMP,A,Close Long,0.004061,246279.0,0.484066,-3.940464,377260.0,0502
1788397295177,PUMP,A,Close Long,0.004061,130981.0,0.257445,-2.095696,130981.0,0502
1788398505537,PUMP,B,Open Long,0.004187,3077.0,0.006235,0.0,0.0,0503
1788398505537,PUMP,B,Open Long,0.004188,330500.0,0.66992,0.0,3077.0,0503
1788398505537,PUMP,B,Open Long,0.004188,537242.0,1.088984,0.0,333577.0,0503
1788398505537,PUMP,B,Open Long,0.004188,95511.0,0.1936,0.0,870819.0,0503
1788398505537,PUMP,B,Open Long,0.004189,311600.0,0.631761,0.0,966330.0,0503
1788398505537,PUMP,B,Open Long,0.004189,429849.0,0.871507,0.0,1277930.0,0503
1788398505537,PUMP,B,Open Long,0.004189,721588.0,1.463002,0.0,1707779.0,0503
1788398505537,PUMP,B,Open Long,0.004189,33748.0,0.068423,0.0,2429367.0,0503
1788398505537,PUMP,B,Open Long,0.00419,14320.0,0.02904,0.0,2463115.0,0503
1788398505537,PUMP,B,Open Long,0.00419,431449.0,0.874961,0.0,2477435.0,0503
1788398505537,PUMP,B,Open Long,0.00419,13609.0,0.027598,0.0,2908884.0,0503
1788398505537,PUMP,B,Open Long,0.00419,13609.0,0.027598,0.0,2922493.0,0503
1788398505537,PUMP,B,Open Long,0.00419,2864.0,0.005808,0.0,2936102.0,0503
1788398505537,PUMP,B,Open Long,0.00419,119542.0,0.242426,0.0,2938966.0,0503
1788398505537,PUMP,B,Open Long,0.00419,187415.0,0.380069,0.0,3058508.0,0503
1788398530486,PUMP,B,Open Long,0.004188,38647.0,0.078336,0.0,3245923.0,0504
1788398530486,PUMP,B,Open Long,0.004188,179779.0,0.36441,0.0,3284570.0,0504
1788398530486,PUMP,B,Open Long,0.004188,11000.0,0.022296,0.0,3464349.0,0504
1788398530486,PUMP,B,Open Long,0.004189,30597.0,0.062034,0.0,3475349.0,0504
1788398530486,PUMP,B,Open Long,0.004189,311658.0,0.631878,0.0,3505946.0,0504
1788398530486,PUMP,B,Open Long,0.00419,33213.0,0.067354,0.0,3817604.0,0504
1788398530486,PUMP,B,Open Long,0.00419,276152.0,0.560024,0.0,3850817.0,0504
1788398530486,PUMP,B,Open Long,0.00419,721588.0,1.463351,0.0,4126969.0,0504
1788398530486,PUMP,B,Open Long,0.00419,23628.0,0.047916,0.0,4848557.0,0504
1788398530486,PUMP,B,Open Long,0.00419,537242.0,1.089504,0.0,4872185.0,0504
1788398530486,PUMP,B,Open Long,0.00419,342755.0,0.695093,0.0,5409427.0,0504
1788398530486,PUMP,B,Open Long,0.00419,119548.0,0.242437,0.0,5752182.0,0504
1788398530486,PUMP,B,Open Long,0.00419,311658.0,0.632029,0.0,5871730.0,0504
1788398530486,PUMP,B,Open Long,0.004191,279975.0,0.567913,0.0,6183388.0,0504
1788398530486,PUMP,B,Open Long,0.004191,28483.0,0.057775,0.0,6463363.0,0504
1788398826274,PUMP,A,Close Long,0.004173,282263.0,0.570095,-4.516208,6491846.0,0505
1788398826274,PUMP,A,Close Long,0.004173,14378.0,0.029038,-0.230048,6209583.0,0505
1788398826274,PUMP,A,Close Long,0.004173,272412.0,0.550198,-4.358592,6195205.0,0505
1788398826274,PUMP,A,Close Long,0.004173,95854.0,0.193598,-1.533664,5922793.0,0505
1788398826274,PUMP,A,Close Long,0.004173,23963.0,0.048398,-0.383408,5826939.0,0505
1788398826274,PUMP,A,Close Long,0.004172,274038.0,0.55335,-4.658646,5802976.0,0505
1788398826274,PUMP,A,Close Long,0.004172,119986.0,0.242281,-2.039762,5528938.0,0505
1788398826274,PUMP,A,Close Long,0.004172,2163029.0,4.367691,-36.771493,5408952.0,0505
1788398827082,PUMP,A,Close Long,0.004172,36224.0,0.073144,-0.615808,3245923.0,0506
1788398827082,PUMP,A,Close Long,0.004172,427668.0,0.863567,-7.270356,3209699.0,0506
1788398827082,PUMP,A,Close Long,0.004172,95877.0,0.193598,-1.629909,2782031.0,0506
1788398827082,PUMP,A,Close Long,0.004172,253347.0,0.51157,-4.306899,2686154.0,0506
1788398827082,PUMP,A,Close Long,0.004171,267089.0,0.539188,-4.807602,2432807.0,0506
1788398827082,PUMP,A,Close Long,0.004171,36382.0,0.073445,-0.654876,2165718.0,0506
1788398827082,PUMP,A,Close Long,0.004171,400000.0,0.807505,-7.2,2129336.0,0506
1788398827082,PUMP,A,Close Long,0.004171,38051.0,0.076815,-0.684918,1729336.0,0506
1788398827082,PUMP,A,Close Long,0.004171,721588.0,1.456715,-12.988584,1691285.0,0506
1788398827082,PUMP,A,Close Long,0.004171,599017.0,1.209272,-10.782306,969697.0,0506
1788398827082,PUMP,A,Close Long,0.00417,286960.0,0.579165,-5.45224,370680.0,0506
1788398827082,PUMP,A,Close Long,0.00417,18269.0,0.036871,-0.347111,83720.0,0506
1788398827082,PUMP,A,Close Long,0.00417,65451.0,0.132098,-1.243569,65451.0,0506
1788398828920,PUMP,A,Open Short,0.004171,427671.0,0.863366,0.0,0.0,0507
1788398828920,PUMP,A,Open Short,0.004171,119984.0,0.242219,0.0,-427671.0,0507
1788398828920,PUMP,A,Open Short,0.004171,95900.0,0.193598,0.0,-547655.0,0507
1788398828920,PUMP,A,Open Short,0.00417,334549.0,0.675212,0.0,-643555.0,0507
1788398828920,PUMP,A,Open Short,0.00417,526317.0,1.062254,0.0,-978104.0,0507
1788398828920,PUMP,A,Open Short,0.00417,17983.0,0.036293,0.0,-1504421.0,0507
1788398828920,PUMP,A,Open Short,0.00417,427671.0,0.863159,0.0,-1522404.0,0507
1788398828920,PUMP,A,Open Short,0.00417,32386.0,0.065363,0.0,-1950075.0,0507
1788398828920,PUMP,A,Open Short,0.00417,239795.0,0.483972,0.0,-1982461.0,0507
1788398828920,PUMP,A,Open Short,0.004169,383765.0,0.774358,0.0,-2222256.0,0507
1788398828920,PUMP,A,Open Short,0.004169,18115.0,0.036552,0.0,-2606021.0,0507
1788398828920,PUMP,A,Open Short,0.004169,400000.0,0.807118,0.0,-2624136.0,0507
1788398828920,PUMP,A,Open Short,0.004169,221787.0,0.44752,0.0,-3024136.0,0507
1788398834949,PUMP,B,Close Short,0.004169,33062.0,0.066711,0.0,-3245923.0,0508
1788398834949,PUMP,B,Close Short,0.00417,35971.0,0.072598,-0.035971,-3212861.0,0508
1788398834949,PUMP,B,Close Short,0.00417,268391.0,0.541688,-0.268391,-3176890.0,0508
1788398834949,PUMP,B,Close Short,0.00417,23980.0,0.048397,-0.02398,-2908499.0,0508
1788398834949,PUMP,B,Close Short,0.004171,95900.0,0.193598,-0.1918,-2884519.0,0508
1788398834949,PUMP,B,Close Short,0.004171,35971.0,0.072616,-0.071942,-2788619.0,0508
1788398834949,PUMP,B,Close Short,0.004171,373054.0,0.753107,-0.746108,-2752648.0,0508
1788398834949,PUMP,B,Close Short,0.004171,24493.0,0.049445,-0.048986,-2379594.0,0508
1788398834949,PUMP,B,Close Short,0.004172,35971.0,0.072634,-0.107913,-2355101.0,0508
1788398834949,PUMP,B,Close Short,0.004172,299981.0,0.605735,-0.899943,-2319130.0,0508
1788398834949,PUMP,B,Close Short,0.004172,95877.0,0.193598,-0.287631,-2019149.0,0508
1788398834949,PUMP,B,Close Short,0.004172,721588.0,1.457064,-2.164764,-1923272.0,0508
1788398834949,PUMP,B,Close Short,0.004173,35971.0,0.072651,-0.143884,-1201684.0,0508
1788398834949,PUMP,B,Close Short,0.004173,428241.0,0.864931,-1.712964,-1165713.0,0508
1788398834949,PUMP,B,Close Short,0.004173,95854.0,0.193598,-0.383416,-737472.0,0508
1788398834949,PUMP,B,Close Short,0.004173,345227.0,0.697265,-1.380908,-641618.0,0508
1788398834949,PUMP,B,Close Short,0.004173,296391.0,0.598629,-1.185564,-296391.0,0508
1788398985681,ASTER,B,Open Long,0.72661,688.0,0.241954,0.0,0.0,0509
1788398985681,ASTER,B,Open Long,0.72662,371.0,0.130474,0.0,688.0,0509
1788398985681,ASTER,B,Open Long,0.72665,417.0,0.146658,0.0,1059.0,0509
1788398985681,ASTER,B,Open Long,0.72671,354.0,0.124511,0.0,1476.0,0509
1788398985681,ASTER,B,Open Long,0.72673,417.0,0.146673,0.0,1830.0,0509
1788398985681,ASTER,B,Open Long,0.72674,417.0,0.146676,0.0,2247.0,0509
1788398985681,ASTER,B,Open Long,0.72674,550.0,0.193457,0.0,2664.0,0509
1788398985681,ASTER,B,Open Long,0.72675,1375.0,0.483652,0.0,3214.0,0509
1788398985681,ASTER,B,Open Long,0.72677,4129.0,1.452402,0.0,4589.0,0509
1788398985681,ASTER,B,Open Long,0.72678,1910.0,0.671863,0.0,8718.0,0509
1788398985681,ASTER,B,Open Long,0.72681,3629.0,1.276594,0.0,10628.0,0509
1788398985681,ASTER,B,Open Long,0.72682,3449.0,1.213292,0.0,14257.0,0509
1788398985681,ASTER,B,Open Long,0.72683,4037.0,1.420158,0.0,17706.0,0509
1788398985681,ASTER,B,Open Long,0.72685,182.0,0.064026,0.0,21743.0,0509
1788398985681,ASTER,B,Open Long,0.72685,195.0,0.068599,0.0,21925.0,0509
1788398985681,ASTER,B,Open Long,0.72691,1534.0,0.539697,0.0,22120.0,0509
1788398985681,ASTER,B,Open Long,0.72692,1346.0,0.473561,0.0,23654.0,0509
1788399003815,ASTER,B,Open Long,0.72729,422.0,0.148546,0.0,25000.0,0510
1788399003815,ASTER,B,Open Long,0.72731,550.0,0.193609,0.0,25422.0,0510
1788399003815,ASTER,B,Open Long,0.72732,422.0,0.148552,0.0,25972.0,0510
1788399003815,ASTER,B,Open Long,0.72736,550.0,0.193622,0.0,26394.0,0510
1788399003815,ASTER,B,Open Long,0.72736,687.0,0.241852,0.0,26944.0,0510
1788399003815,ASTER,B,Open Long,0.72741,422.0,0.148571,0.0,27631.0,0510
1788399003815,ASTER,B,Open Long,0.72741,550.0,0.193635,0.0,28053.0,0510
1788399003815,ASTER,B,Open Long,0.72742,422.0,0.148573,0.0,28603.0,0510
1788399003815,ASTER,B,Open Long,0.72743,550.0,0.193641,0.0,29025.0,0510
1788399003815,ASTER,B,Open Long,0.72744,1374.0,0.483758,0.0,29575.0,0510
1788399003815,ASTER,B,Open Long,0.72747,4125.0,1.452393,0.0,30949.0,0510
1788399003815,ASTER,B,Open Long,0.72748,47.0,0.016548,0.0,35074.0,0510
1788399003815,ASTER,B,Open Long,0.72748,1534.0,0.540121,0.0,35121.0,0510
1788399003815,ASTER,B,Open Long,0.72748,687.0,0.241892,0.0,36655.0,0510
1788399003815,ASTER,B,Open Long,0.72752,1843.0,0.648955,0.0,37342.0,0510
1788399003815,ASTER,B,Open Long,0.72756,78.0,0.027465,0.0,39185.0,0510
1788399003815,ASTER,B,Open Long,0.72764,1378.0,0.4853,0.0,39263.0,0510
1788399003815,ASTER,B,Open Long,0.72765,687.0,0.241948,0.0,40641.0,0510
1788399003815,ASTER,B,Open Long,0.72769,1849.0,0.65122,0.0,41328.0,0510
1788399003815,ASTER,B,Open Long,0.72781,141.0,0.049668,0.0,43177.0,0510
1788399003815,ASTER,B,Open Long,0.72783,147.0,0.051783,0.0,43318.0,0510
1788399003815,ASTER,B,Open Long,0.72785,3449.0,1.215011,0.0,43465.0,0510
1788399003815,ASTER,B,Open Long,0.72785,3086.0,1.087133,0.0,46914.0,0510
1788399448361,ASTER,A,Close Long,0.72503,1051.0,0.36881,-2.273313,50000.0,0511
1788399448361,ASTER,A,Close Long,0.72498,337.0,0.118249,-0.745781,48949.0,0511
1788399448361,ASTER,A,Close Long,0.72497,381.0,0.133687,-0.846963,48612.0,0511
1788399448361,ASTER,A,Close Long,0.7249,341.0,0.11964,-0.781913,48231.0,0511
1788399448361,ASTER,A,Close Long,0.72482,552.0,0.193648,-1.309896,47890.0,0511
1788399448361,ASTER,A,Close Long,0.72481,347.0,0.121729,-0.826901,47338.0,0511
1788399448361,ASTER,A,Close Long,0.7248,552.0,0.193642,-1.320936,46991.0,0511
1788399448361,ASTER,A,Close Long,0.72479,980.0,0.343781,-2.35494,46439.0,0511
1788399448361,ASTER,A,Close Long,0.72477,292.0,0.10243,-0.707516,45459.0,0511
1788399448361,ASTER,A,Close Long,0.72477,264.0,0.092607,-0.639672,45167.0,0511
1788399448361,ASTER,A,Close Long,0.72474,381.0,0.133644,-0.934593,44903.0,0511
1788399448361,ASTER,A,Close Long,0.72473,381.0,0.133642,-0.938403,44522.0,0511
1788399448361,ASTER,A,Close Long,0.72471,552.0,0.193618,-1.370616,44141.0,0511
1788399448361,ASTER,A,Close Long,0.7247,1937.0,0.679411,-4.828941,43589.0,0511
1788399448361,ASTER,A,Close Long,0.72467,381.0,0.133631,-0.961263,41652.0,0511
1788399448361,ASTER,A,Close Long,0.72462,552.0,0.193595,-1.420296,41271.0,0511
1788399448361,ASTER,A,Close Long,0.72461,381.0,0.13362,-0.984123,40719.0,0511
1788399448361,ASTER,A,Close Long,0.72459,552.0,0.193586,-1.436856,40338.0,0511
1788399448361,ASTER,A,Close Long,0.72458,1379.0,0.48361,-3.603327,39786.0,0511
1788399448361,ASTER,A,Close Long,0.72458,690.0,0.24198,-1.80297,38407.0,0511
1788399448361,ASTER,A,Close Long,0.72457,4125.0,1.446603,-10.819875,37717.0,0511
1788399448361,ASTER,A,Close Long,0.72456,1034.0,0.362609,-2.722522,33592.0,0511
1788399448361,ASTER,A,Close Long,0.72455,887.0,0.311054,-2.344341,32558.0,0511
1788399448361,ASTER,A,Close Long,0.72455,961.0,0.337005,-2.539923,31671.0,0511
1788399448361,ASTER,A,Close Long,0.72453,690.0,0.241963,-1.83747,30710.0,0511
1788399448361,ASTER,A,Close Long,0.72453,381.0,0.133605,-1.014603,30020.0,0511
1788399448361,ASTER,A,Close Long,0.72445,381.0,0.13359,-1.045083,29639.0,0511
1788399448361,ASTER,A,Close Long,0.72444,2354.0,0.82538,-6.480562,29258.0,0511
1788399448361,ASTER,A,Close Long,0.72441,1904.0,0.667569,-5.298832,26904.0,0511
1788399540306,ASTER,B,Open Long,0.72608,466.0,0.163762,0.0,25000.0,0512
1788399540306,ASTER,B,Open Long,0.72608,689.0,0.242129,0.0,25466.0,0512
1788399540306,ASTER,B,Open Long,0.72611,466.0,0.163769,0.0,26155.0,0512
1788399540306,ASTER,B,Open Long,0.72613,1032.0,0.362692,0.0,26621.0,0512
1788399540306,ASTER,B,Open Long,0.72617,466.0,0.163782,0.0,27653.0,0512
1788399540306,ASTER,B,Open Long,0.72617,688.0,0.241808,0.0,28119.0,0512
1788399540306,ASTER,B,Open Long,0.72623,551.0,0.193673,0.0,28807.0,0512
1788399540306,ASTER,B,Open Long,0.72623,2875.0,1.010548,0.0,29358.0,0512
1788399540306,ASTER,B,Open Long,0.72624,4132.0,1.452398,0.0,32233.0,0512
1788399540306,ASTER,B,Open Long,0.72624,466.0,0.163798,0.0,36365.0,0512
1788399540306,ASTER,B,Open Long,0.72628,4211.0,1.480248,0.0,36831.0,0512
1788399540306,ASTER,B,Open Long,0.72631,466.0,0.163814,0.0,41042.0,0512
1788399540306,ASTER,B,Open Long,0.72635,551.0,0.193705,0.0,41508.0,0512
1788399540306,ASTER,B,Open Long,0.72636,1876.0,0.659523,0.0,42059.0,0512
1788399540306,ASTER,B,Open Long,0.72638,466.0,0.16383,0.0,43935.0,0512
1788399540306,ASTER,B,Open Long,0.72642,551.0,0.193723,0.0,44401.0,0512
1788399540306,ASTER,B,Open Long,0.72642,466.0,0.163839,0.0,44952.0,0512
1788399540306,ASTER,B,Open Long,0.72643,1377.0,0.484141,0.0,45418.0,0512
1788399540306,ASTER,B,Open Long,0.72643,688.0,0.241894,0.0,46795.0,0512
1788399540306,ASTER,B,Open Long,0.72644,2517.0,0.884968,0.0,47483.0,0512
1788400009417,ASTER,A,Close Long,0.72479,552.0,0.19364,-1.075848,50000.0,0513
1788400009417,ASTER,A,Close Long,0.72479,267.0,0.093662,-0.520383,49448.0,0513
1788400009417,ASTER,A,Close Long,0.72478,486.0,0.170485,-0.952074,49181.0,0513
1788400009417,ASTER,A,Close Long,0.72478,261.0,0.091556,-0.511299,48695.0,0513
1788400009417,ASTER,A,Close Long,0.72473,552.0,0.193624,-1.108968,48434.0,0513
1788400009417,ASTER,A,Close Long,0.72472,480.0,0.168366,-0.96912,47882.0,0513
1788400009417,ASTER,A,Close Long,0.72467,552.0,0.193607,-1.142088,47402.0,0513
1788400009417,ASTER,A,Close Long,0.72466,486.0,0.170456,-1.010394,46850.0,0513
1788400009417,ASTER,A,Close Long,0.72462,486.0,0.170447,-1.029834,46364.0,0513
1788400009417,ASTER,A,Close Long,0.72461,2005.0,0.703175,-4.268645,45878.0,0513
1788400009417,ASTER,A,Close Long,0.72457,931.0,0.326493,-2.019339,43873.0,0513
1788400009417,ASTER,A,Close Long,0.72456,903.0,0.316669,-1.967637,42942.0,0513
1788400009417,ASTER,A,Close Long,0.72455,552.0,0.193576,-1.208328,42039.0,0513
1788400009417,ASTER,A,Close Long,0.72454,486.0,0.170428,-1.068714,41487.0,0513
1788400009417,ASTER,A,Close Long,0.72452,690.0,0.241959,-1.53111,41001.0,0513
1788400009417,ASTER,A,Close Long,0.72451,698.0,0.244761,-1.555842,40311.0,0513
1788400009417,ASTER,A,Close Long,0.72449,4125.0,1.446444,-9.277125,39613.0,0513
1788400009417,ASTER,A,Close Long,0.72448,486.0,0.170414,-1.097874,35488.0,0513
1788400009417,ASTER,A,Close Long,0.72443,486.0,0.170403,-1.122174,35002.0,0513
1788400009417,ASTER,A,Close Long,0.72442,1946.0,0.682304,-4.512774,34516.0,0513
1788400009417,ASTER,A,Close Long,0.72439,24.0,0.008413,-0.056376,32570.0,0513
1788400009417,ASTER,A,Close Long,0.72436,486.0,0.170385,-1.156194,32546.0,0513
1788400009417,ASTER,A,Close Long,0.72431,1380.0,0.48378,-3.35202,32060.0,0513
1788400009417,ASTER,A,Close Long,0.7243,315.0,0.110426,-0.768285,30680.0,0513
1788400009417,ASTER,A,Close Long,0.7243,427.0,0.149689,-1.041453,30365.0,0513
1788400009417,ASTER,A,Close Long,0.72425,486.0,0.17036,-1.209654,29938.0,0513
1788400009417,ASTER,A,Close Long,0.72424,1993.0,0.69861,-4.980507,29452.0,0513
1788400009417,ASTER,A,Close Long,0.72423,4144.0,1.452584,-10.397296,27459.0,0513
1788400009417,ASTER,A,Close Long,0.72422,690.0,0.24186,-1.73811,23315.0,0513
1788400009417,ASTER,A,Close Long,0.72421,1534.0,0.537693,-3.879486,22625.0,0513
1788400009417,ASTER,A,Close Long,0.72418,486.0,0.170344,-1.243674,21091.0,0513
1788400009417,ASTER,A,Close Long,0.72415,727.0,0.254804,-1.882203,20605.0,0513
1788400009417,ASTER,A,Close Long,0.72415,690.0,0.241836,-1.78641,19878.0,0513
1788400009417,ASTER,A,Close Long,0.72414,1062.0,0.372213,-2.760138,19188.0,0513
1788400009417,ASTER,A,Close Long,0.72413,486.0,0.170332,-1.267974,18126.0,0513
1788400009417,ASTER,A,Close Long,0.72412,3106.0,1.088571,-8.134614,17640.0,0513
1788400009417,ASTER,A,Close Long,0.72409,2484.0,0.87054,-6.580116,14534.0,0513
1788400009417,ASTER,A,Close Long,0.72407,1994.0,0.698796,-5.321986,12050.0,0513
1788400009417,ASTER,A,Close Long,0.72406,486.0,0.170315,-1.301994,10056.0,0513
1788400009417,ASTER,A,Close Long,0.72405,9570.0,3.353711,-25.73373,9570.0,0513
1788400335981,CASHCAT,B,Open Long,0.29054,395.0,0.055545,0.0,0.0,0514
1788400335981,CASHCAT,B,Open Long,0.29061,395.0,0.055558,0.0,395.0,0514
1788400335981,CASHCAT,B,Open Long,0.29068,395.0,0.055571,0.0,790.0,0514
1788400335981,CASHCAT,B,Open Long,0.29071,395.0,0.055577,0.0,1185.0,0514
1788400335981,CASHCAT,B,Open Long,0.29073,82.0,0.011537,0.0,1580.0,0514
1788400335981,CASHCAT,B,Open Long,0.29075,50.0,0.007035,0.0,1662.0,0514
1788400335981,CASHCAT,B,Open Long,0.29081,410.0,0.057708,0.0,1712.0,0514
1788400335981,CASHCAT,B,Open Long,0.29081,284.0,0.039973,0.0,2122.0,0514
1788400335981,CASHCAT,B,Open Long,0.29083,199.0,0.028011,0.0,2406.0,0514
1788400335981,CASHCAT,B,Open Long,0.29083,100.0,0.014075,0.0,2605.0,0514
1788400335981,CASHCAT,B,Open Long,0.29083,837.0,0.117817,0.0,2705.0,0514
1788400335981,CASHCAT,B,Open Long,0.29084,346.0,0.048705,0.0,3542.0,0514
1788400335981,CASHCAT,B,Open Long,0.29087,3693.0,0.519904,0.0,3888.0,0514
1788400335981,CASHCAT,B,Open Long,0.29088,40.0,0.00563,0.0,7581.0,0514
1788400335981,CASHCAT,B,Open Long,0.29088,1000.0,0.140785,0.0,7621.0,0514
1788400335981,CASHCAT,B,Open Long,0.29101,410.0,0.057747,0.0,8621.0,0514
1788400335981,CASHCAT,B,Open Long,0.29111,1241.0,0.174852,0.0,9031.0,0514
1788400335981,CASHCAT,B,Open Long,0.29112,366.0,0.051569,0.0,10272.0,0514
1788400335981,CASHCAT,B,Open Long,0.29112,837.0,0.117934,0.0,10638.0,0514
1788400335981,CASHCAT,B,Open Long,0.29113,273.0,0.038466,0.0,11475.0,0514
1788400335981,CASHCAT,B,Open Long,0.29116,287.0,0.040444,0.0,11748.0,0514
1788400335981,CASHCAT,B,Open Long,0.29118,84.0,0.011837,0.0,12035.0,0514
1788400335981,CASHCAT,B,Open Long,0.29118,40.0,0.005636,0.0,12119.0,0514
1788400335981,CASHCAT,B,Open Long,0.29118,1000.0,0.140931,0.0,12159.0,0514
1788400335981,CASHCAT,B,Open Long,0.29121,410.0,0.057787,0.0,13159.0,0514
1788400335981,CASHCAT,B,Open Long,0.29124,3706.0,0.522397,0.0,13569.0,0514
1788400335981,CASHCAT,B,Open Long,0.29124,199.0,0.02805,0.0,17275.0,0514
1788400335981,CASHCAT,B,Open Long,0.29124,480.0,0.06766,0.0,17474.0,0514
1788400410598,CASHCAT,B,Open Long,0.2893,864.0,0.120977,0.0,17954.0,0515
1788400410598,CASHCAT,B,Open Long,0.28955,345.0,0.048348,0.0,18818.0,0515
1788400410598,CASHCAT,B,Open Long,0.28955,199.0,0.027888,0.0,19163.0,0515
1788400410598,CASHCAT,B,Open Long,0.28955,3455.0,0.48419,0.0,19362.0,0515
1788400410598,CASHCAT,B,Open Long,0.2897,1000.0,0.140214,0.0,22817.0,0515
1788400410598,CASHCAT,B,Open Long,0.2897,38.0,0.005327,0.0,23817.0,0515
1788400410598,CASHCAT,B,Open Long,0.28972,429.0,0.060155,0.0,23855.0,0515
1788400410598,CASHCAT,B,Open Long,0.28976,2455.0,0.344298,0.0,24284.0,0515
1788400410598,CASHCAT,B,Open Long,0.28977,626.0,0.087795,0.0,26739.0,0515
1788400410598,CASHCAT,B,Open Long,0.28979,3452.0,0.484171,0.0,27365.0,0515
1788400410598,CASHCAT,B,Open Long,0.28984,260.0,0.036472,0.0,30817.0,0515
1788400410598,CASHCAT,B,Open Long,0.28985,4831.0,0.677727,0.0,31077.0,0515
1788400846549,CASHCAT,A,Close Long,0.28633,547.0,0.075805,-2.205504,35908.0,0516
1788400846549,CASHCAT,A,Close Long,0.28618,7536.0,1.043819,-31.515552,35361.0,0516
1788400846549,CASHCAT,A,Close Long,0.28612,381.0,0.052761,-1.616202,27825.0,0516
1788400846549,CASHCAT,A,Close Long,0.28607,381.0,0.052752,-1.635252,27444.0,0516
1788400846549,CASHCAT,A,Close Long,0.28602,381.0,0.052742,-1.654302,27063.0,0516
1788400846549,CASHCAT,A,Close Long,0.286,381.0,0.052738,-1.661922,26682.0,0516
1788400846549,CASHCAT,A,Close Long,0.28598,2617.0,0.362229,-11.467694,26301.0,0516
1788400846549,CASHCAT,A,Close Long,0.28597,2257.0,0.312389,-9.912744,23684.0,0516
1788400846549,CASHCAT,A,Close Long,0.28596,775.0,0.107262,-3.41155,21427.0,0516
1788400846549,CASHCAT,A,Close Long,0.28593,38.0,0.005258,-0.168416,20652.0,0516
1788400846549,CASHCAT,A,Close Long,0.28593,1000.0,0.13839,-4.432,20614.0,0516
1788400846549,CASHCAT,A,Close Long,0.28593,2239.0,0.309854,-9.923248,19614.0,0516
1788400846549,CASHCAT,A,Close Long,0.28583,100.0,0.013833,-0.4532,17375.0,0516
1788400846549,CASHCAT,A,Close Long,0.28578,780.0,0.107886,-3.57396,17275.0,0516
1788400846549,CASHCAT,A,Close Long,0.28575,875.0,0.121015,-4.0355,16495.0,0516
1788400846549,CASHCAT,A,Close Long,0.28571,381.0,0.052685,-1.772412,15620.0,0516
1788400846549,CASHCAT,A,Close Long,0.2857,2683.0,0.371001,-12.508146,15239.0,0516
1788400846549,CASHCAT,A,Close Long,0.28564,38.0,0.005253,-0.179436,12556.0,0516
1788400846549,CASHCAT,A,Close Long,0.28564,1000.0,0.138249,-4.722,12518.0,0516
1788400846549,CASHCAT,A,Close Long,0.28564,875.0,0.120968,-4.13175,11518.0,0516
1788400846549,CASHCAT,A,Close Long,0.28563,174.0,0.024053,-0.823368,10643.0,0516
1788400846549,CASHCAT,A,Close Long,0.28562,626.0,0.086537,-2.968492,10469.0,0516
1788400846549,CASHCAT,A,Close Long,0.2856,784.0,0.108372,-3.733408,9843.0,0516
1788400846549,CASHCAT,A,Close Long,0.28556,3027.0,0.418364,-14.535654,9059.0,0516
1788400846549,CASHCAT,A,Close Long,0.2855,2455.0,0.339236,-11.93621,6032.0,0516
1788400846549,CASHCAT,A,Close Long,0.28549,3504.0,0.484172,-17.071488,3577.0,0516
1788400846549,CASHCAT,A,Close Long,0.28542,73.0,0.010083,-0.360766,73.0,0516
1788401403390,CASHCAT,B,Open Long,0.28011,17954.0,2.434081,0.0,0.0,0517
1788401593419,CASHCAT,B,Open Long,0.28019,2238.0,0.303499,0.0,17954.0,0518
1788401593419,CASHCAT,B,Open Long,0.2802,748.0,0.10144,0.0,20192.0,0518
1788401593419,CASHCAT,B,Open Long,0.28021,14968.0,2.029984,0.0,20940.0,0518
1788401594240,CASHCAT,B,Open Long,0.28019,1011.0,0.137103,0.0,35908.0,0519
1788401594240,CASHCAT,B,Open Long,0.2802,747.0,0.101304,0.0,36919.0,0519
1788401594240,CASHCAT,B,Open Long,0.28021,16196.0,2.196527,0.0,37666.0,0519
1788401642510,ASTER,B,Open Long,0.72381,69.0,0.024172,0.0,0.0,0520
1788401642510,ASTER,B,Open Long,0.72381,410.0,0.143632,0.0,69.0,0520
1788401642510,ASTER,B,Open Long,0.72386,553.0,0.193742,0.0,479.0,0520
1788401642510,ASTER,B,Open Long,0.72387,496.0,0.173774,0.0,1032.0,0520
1788401642510,ASTER,B,Open Long,0.72387,3764.0,1.318728,0.0,1528.0,0520
1788401642510,ASTER,B,Open Long,0.72388,691.0,0.242097,0.0,5292.0,0520
1788401642510,ASTER,B,Open Long,0.72388,553.0,0.193747,0.0,5983.0,0520
1788401642510,ASTER,B,Open Long,0.7239,4103.0,1.437558,0.0,6536.0,0520
1788401642510,ASTER,B,Open Long,0.72393,496.0,0.173788,0.0,10639.0,0520
1788401642510,ASTER,B,Open Long,0.72394,972.0,0.340575,0.0,11135.0,0520
1788401642510,ASTER,B,Open Long,0.72395,239.0,0.083743,0.0,12107.0,0520
1788401642510,ASTER,B,Open Long,0.72395,244.0,0.085495,0.0,12346.0,0520
1788401642510,ASTER,B,Open Long,0.72399,490.0,0.1717,0.0,12590.0,0520
1788401642510,ASTER,B,Open Long,0.72404,248.0,0.086907,0.0,13080.0,0520
1788401642510,ASTER,B,Open Long,0.72405,492.0,0.172416,0.0,13328.0,0520
1788401642510,ASTER,B,Open Long,0.72411,496.0,0.173831,0.0,13820.0,0520
1788401642510,ASTER,B,Open Long,0.72412,2305.0,0.807842,0.0,14316.0,0520
1788401642510,ASTER,B,Open Long,0.72415,4144.0,1.452423,0.0,16621.0,0520
1788401642510,ASTER,B,Open Long,0.72416,496.0,0.173844,0.0,20765.0,0520
1788401642510,ASTER,B,Open Long,0.72417,959.0,0.336126,0.0,21261.0,0520
1788401642510,ASTER,B,Open Long,0.72418,690.0,0.241846,0.0,22220.0,0520
1788401642510,ASTER,B,Open Long,0.72423,552.0,0.19349,0.0,22910.0,0520
1788401642510,ASTER,B,Open Long,0.72423,496.0,0.17386,0.0,23462.0,0520
1788401642510,ASTER,B,Open Long,0.72423,6042.0,2.117885,0.0,23958.0,0520
1788402010790,CASHCAT,A,Close Long,0.27634,7762.0,1.038156,-29.76727,53862.0,0521
1788402010790,CASHCAT,A,Close Long,0.27634,1799.0,0.240613,-6.899165,46100.0,0521
1788402010790,CASHCAT,A,Close Long,0.27628,727.0,0.097213,-2.831665,44301.0,0521
1788402010790,CASHCAT,A,Close Long,0.27627,1462.0,0.19549,-5.70911,43574.0,0521
1788402010790,CASHCAT,A,Close Long,0.27611,727.0,0.097154,-2.955255,42112.0,0521
1788402010790,CASHCAT,A,Close Long,0.27611,180.0,0.024053,-0.7317,41385.0,0521
1788402010790,CASHCAT,A,Close Long,0.27607,283.0,0.037813,-1.161715,41205.0,0521
1788402010790,CASHCAT,A,Close Long,0.27606,281.0,0.037544,-1.156315,40922.0,0521
1788402010790,CASHCAT,A,Close Long,0.27601,2455.0,0.32796,-10.225075,40641.0,0521
1788402010790,CASHCAT,A,Close Long,0.276,670.0,0.089501,-2.79725,38186.0,0521
1788402010790,CASHCAT,A,Close Long,0.27588,727.0,0.097072,-3.122465,37516.0,0521
1788402010790,CASHCAT,A,Close Long,0.27582,2455.0,0.327734,-10.691525,36789.0,0521
1788402010790,CASHCAT,A,Close Long,0.27579,692.0,0.092369,-3.03442,34334.0,0521
1788402010790,CASHCAT,A,Close Long,0.27579,658.0,0.08783,-2.88533,33642.0,0521
1788402010790,CASHCAT,A,Close Long,0.2757,525.0,0.070055,-2.349375,32984.0,0521
1788402010790,CASHCAT,A,Close Long,0.27568,2455.0,0.327568,-11.035225,32459.0,0521
1788402010790,CASHCAT,A,Close Long,0.27567,727.0,0.096999,-3.275135,30004.0,0521
1788402010790,CASHCAT,A,Close Long,0.27565,1000.0,0.133414,-4.525,29277.0,0521
1788402010790,CASHCAT,A,Close Long,0.27563,65.0,0.00867,-0.295425,28277.0,0521
1788402010790,CASHCAT,A,Close Long,0.27562,849.0,0.113256,-3.867195,28212.0,0521
1788402010790,CASHCAT,A,Close Long,0.2755,578.0,0.07707,-2.70215,27363.0,0521
1788402010790,CASHCAT,A,Close Long,0.27547,576.0,0.076796,-2.71008,26785.0,0521
1788402010790,CASHCAT,A,Close Long,0.27546,222.0,0.029597,-1.04673,26209.0,0521
1788402010790,CASHCAT,A,Close Long,0.27545,2455.0,0.327294,-11.599875,25987.0,0521
1788402010790,CASHCAT,A,Close Long,0.27544,727.0,0.096918,-3.442345,23532.0,0521
1788402010790,CASHCAT,A,Close Long,0.27541,37.0,0.004932,-0.176305,22805.0,0521
1788402010790,CASHCAT,A,Close Long,0.27541,576.0,0.076779,-2.74464,22768.0,0521
1788402010790,CASHCAT,A,Close Long,0.27538,576.0,0.07677,-2.76192,22192.0,0521
1788402010790,CASHCAT,A,Close Long,0.27537,46.0,0.00613,-0.22103,21616.0,0521
1788402010790,CASHCAT,A,Close Long,0.27537,1000.0,0.133279,-4.805,21570.0,0521
1788402010790,CASHCAT,A,Close Long,0.27535,576.0,0.076763,-2.7792,20570.0,0521
1788402010790,CASHCAT,A,Close Long,0.27534,489.0,0.065166,-2.364315,19994.0,0521
1788402010790,CASHCAT,A,Close Long,0.27533,2455.0,0.327152,-11.894475,19505.0,0521
1788402010790,CASHCAT,A,Close Long,0.27533,17050.0,2.272077,-82.60725,17050.0,0521
1788402278587,ASTER,B,Open Long,0.72412,552.0,0.193461,0.0,30000.0,0522
1788402278587,ASTER,B,Open Long,0.72412,690.0,0.241826,0.0,30552.0,0522
1788402278587,ASTER,B,Open Long,0.72421,552.0,0.193485,0.0,31242.0,0522
1788402278587,ASTER,B,Open Long,0.72422,504.0,0.176662,0.0,31794.0,0522
1788402278587,ASTER,B,Open Long,0.72428,504.0,0.176677,0.0,32298.0,0522
1788402278587,ASTER,B,Open Long,0.72428,552.0,0.193504,0.0,32802.0,0522
1788402278587,ASTER,B,Open Long,0.72429,1646.0,0.577015,0.0,33354.0,0522
1788402416090,ASTER,A,Close Long,0.72267,554.0,0.193772,-0.779478,35000.0,0523
1788402416090,ASTER,A,Close Long,0.72266,554.0,0.19377,-0.785018,34446.0,0523
1788402416090,ASTER,A,Close Long,0.72266,458.0,0.160192,-0.648986,33892.0,0523
1788402416090,ASTER,A,Close Long,0.72261,554.0,0.193757,-0.812718,33434.0,0523
1788402416090,ASTER,A,Close Long,0.7226,964.0,0.337147,-1.423828,32880.0,0523
1788402416090,ASTER,A,Close Long,0.7226,435.0,0.152136,-0.642495,31916.0,0523
1788402416090,ASTER,A,Close Long,0.72255,554.0,0.193741,-0.845958,31481.0,0523
1788402416090,ASTER,A,Close Long,0.72254,508.0,0.177652,-0.780796,30927.0,0523
1788402416090,ASTER,A,Close Long,0.72251,418.0,0.146171,-0.655006,30419.0,0523
1788402416090,ASTER,A,Close Long,0.7225,554.0,0.193727,-0.873658,30001.0,0523
1788402416090,ASTER,A,Close Long,0.72247,692.0,0.241974,-1.112044,29447.0,0523
1788402416090,ASTER,A,Close Long,0.72245,692.0,0.241968,-1.125884,28755.0,0523
1788402416090,ASTER,A,Close Long,0.72244,2427.0,0.848626,-3.972999,28063.0,0523
1788402416090,ASTER,A,Close Long,0.72242,507.0,0.177272,-0.840099,25636.0,0523
1788402416090,ASTER,A,Close Long,0.7224,507.0,0.177267,-0.850239,25129.0,0523
1788402416090,ASTER,A,Close Long,0.72237,1019.0,0.356269,-1.739433,24622.0,0523
1788402416090,ASTER,A,Close Long,0.72236,69.0,0.024123,-0.118473,23603.0,0523
1788402416090,ASTER,A,Close Long,0.72234,507.0,0.177252,-0.880659,23534.0,0523
1788402416090,ASTER,A,Close Long,0.72231,296.0,0.10348,-0.523032,23027.0,0523
1788402416090,ASTER,A,Close Long,0.72228,506.0,0.176888,-0.909282,22731.0,0523
1788402416090,ASTER,A,Close Long,0.72228,3715.0,1.298702,-6.675855,22225.0,0523
1788402416090,ASTER,A,Close Long,0.72228,4092.0,1.430494,-7.353324,18510.0,0523
1788402416090,ASTER,A,Close Long,0.72222,508.0,0.177572,-0.943356,14418.0,0523
1788402416090,ASTER,A,Close Long,0.72221,4155.0,1.452378,-7.757385,13910.0,0523
1788402416090,ASTER,A,Close Long,0.7222,2414.0,0.843801,-4.531078,9755.0,0523
1788402416090,ASTER,A,Close Long,0.72218,1023.0,0.357574,-1.940631,7341.0,0523
1788402416090,ASTER,A,Close Long,0.72217,507.0,0.177211,-0.966849,6318.0,0523
1788402416090,ASTER,A,Close Long,0.72217,692.0,0.241874,-1.319644,5811.0,0523
1788402416090,ASTER,A,Close Long,0.72215,1017.0,0.355461,-1.959759,5119.0,0523
1788402416090,ASTER,A,Close Long,0.72214,1384.0,0.483729,-2.680808,4102.0,0523
1788402416090,ASTER,A,Close Long,0.72211,315.0,0.110092,-0.619605,2718.0,0523
1788402416090,ASTER,A,Close Long,0.72211,2403.0,0.839851,-4.726701,2403.0,0523
1788403346706,CASHCAT,B,Open Long,0.27705,63.0,0.008447,0.0,0.0,0524
1788403346706,CASHCAT,B,Open Long,0.27705,1000.0,0.134092,0.0,63.0,0524
1788403346706,CASHCAT,B,Open Long,0.2771,844.0,0.113194,0.0,1063.0,0524
1788403346706,CASHCAT,B,Open Long,0.27727,854.0,0.114604,0.0,1907.0,0524
1788403346706,CASHCAT,B,Open Long,0.27727,901.0,0.120912,0.0,2761.0,0524
1788403346706,CASHCAT,B,Open Long,0.27733,63.0,0.008456,0.0,3662.0,0524
1788403346706,CASHCAT,B,Open Long,0.27733,1000.0,0.134227,0.0,3725.0,0524
1788403346706,CASHCAT,B,Open Long,0.27738,430.0,0.057727,0.0,4725.0,0524
1788403346706,CASHCAT,B,Open Long,0.2774,180.0,0.024166,0.0,5155.0,0524
1788403346706,CASHCAT,B,Open Long,0.27741,125.0,0.016782,0.0,5335.0,0524
1788403346706,CASHCAT,B,Open Long,0.27741,375.0,0.050349,0.0,5460.0,0524
1788403346706,CASHCAT,B,Open Long,0.27744,503.0,0.067543,0.0,5835.0,0524
1788403346706,CASHCAT,B,Open Long,0.27745,859.0,0.11535,0.0,6338.0,0524
1788403346706,CASHCAT,B,Open Long,0.27745,901.0,0.120991,0.0,7197.0,0524
1788403346706,CASHCAT,B,Open Long,0.27747,79.0,0.010609,0.0,8098.0,0524
1788403346706,CASHCAT,B,Open Long,0.27747,421.0,0.056537,0.0,8177.0,0524
1788403346706,CASHCAT,B,Open Long,0.27749,100.0,0.013429,0.0,8598.0,0524
1788403346706,CASHCAT,B,Open Long,0.27749,7813.0,1.049325,0.0,8698.0,0524
1788403346706,CASHCAT,B,Open Long,0.2775,506.0,0.06796,0.0,16511.0,0524
1788403346706,CASHCAT,B,Open Long,0.27752,507.0,0.068099,0.0,17017.0,0524
1788403346706,CASHCAT,B,Open Long,0.27753,361.0,0.04849,0.0,17524.0,0524
1788403346706,CASHCAT,B,Open Long,0.27754,699.0,0.093896,0.0,17885.0,0524
1788403346706,CASHCAT,B,Open Long,0.27754,590.0,0.079253,0.0,18584.0,0524
1788403346706,CASHCAT,B,Open Long,0.27756,127.0,0.017061,0.0,19174.0,0524
1788403346706,CASHCAT,B,Open Long,0.27759,386.0,0.051859,0.0,19301.0,0524
1788403346706,CASHCAT,B,Open Long,0.2776,766.0,0.102918,0.0,19687.0,0524
1788403346706,CASHCAT,B,Open Long,0.27761,63.0,0.008463,0.0,20453.0,0524
1788403346706,CASHCAT,B,Open Long,0.27761,1000.0,0.134363,0.0,20516.0,0524
1788403346706,CASHCAT,B,Open Long,0.27762,503.0,0.067586,0.0,21516.0,0524
1788403346706,CASHCAT,B,Open Long,0.27764,507.0,0.068129,0.0,22019.0,0524
1788403346706,CASHCAT,B,Open Long,0.27767,875.0,0.117593,0.0,22526.0,0524
1788403346706,CASHCAT,B,Open Long,0.27767,348.0,0.046767,0.0,23401.0,0524
1788403346706,CASHCAT,B,Open Long,0.27769,397.0,0.053357,0.0,23749.0,0524
1788403346706,CASHCAT,B,Open Long,0.27771,397.0,0.053361,0.0,24146.0,0524
1788403346706,CASHCAT,B,Open Long,0.27774,374.0,0.050274,0.0,24543.0,0524
1788403346706,CASHCAT,B,Open Long,0.27775,766.0,0.102973,0.0,24917.0,0524
1788403346706,CASHCAT,B,Open Long,0.27777,506.0,0.068026,0.0,25683.0,0524
1788403346706,CASHCAT,B,Open Long,0.27779,900.0,0.121005,0.0,26189.0,0524
1788403346706,CASHCAT,B,Open Long,0.2778,506.0,0.068033,0.0,27089.0,0524
1788403346706,CASHCAT,B,Open Long,0.27783,506.0,0.068041,0.0,27595.0,0524
1788403346706,CASHCAT,B,Open Long,0.27786,814.0,0.109469,0.0,28101.0,0524
1788403346706,CASHCAT,B,Open Long,0.27786,506.0,0.068048,0.0,28915.0,0524
1788403346706,CASHCAT,B,Open Long,0.27789,1000.0,0.134498,0.0,29421.0,0524
1788403346706,CASHCAT,B,Open Long,0.27789,506.0,0.068056,0.0,30421.0,0524
1788403346706,CASHCAT,B,Open Long,0.2779,2637.0,0.354685,0.0,30927.0,0524
1788403346706,CASHCAT,B,Open Long,0.27791,614.0,0.082587,0.0,33564.0,0524
1788403346706,CASHCAT,B,Open Long,0.27792,506.0,0.068062,0.0,34178.0,0524
1788403346706,CASHCAT,B,Open Long,0.27794,130.0,0.017487,0.0,34684.0,0524
1788403346706,CASHCAT,B,Open Long,0.27794,103.0,0.013855,0.0,34814.0,0524
1788403346706,CASHCAT,B,Open Long,0.27795,522.0,0.070222,0.0,34917.0,0524
1788403346706,CASHCAT,B,Open Long,0.27798,766.0,0.103059,0.0,35439.0,0524
1788403346706,CASHCAT,B,Open Long,0.27798,513.0,0.069019,0.0,36205.0,0524
1788403346706,CASHCAT,B,Open Long,0.27798,3598.0,0.484083,0.0,36718.0,0524
1788403346706,CASHCAT,B,Open Long,0.27801,513.0,0.069026,0.0,40316.0,0524
1788403346706,CASHCAT,B,Open Long,0.27802,505.0,0.067953,0.0,40829.0,0524
1788403346706,CASHCAT,B,Open Long,0.27803,2637.0,0.354851,0.0,41334.0,0524
1788403346706,CASHCAT,B,Open Long,0.27804,1807.0,0.243169,0.0,43971.0,0524
1788403346706,CASHCAT,B,Open Long,0.27804,2535.0,0.341138,0.0,45778.0,0524
1788403346706,CASHCAT,B,Open Long,0.27805,2593.0,0.348955,0.0,48313.0,0524
1788403346706,CASHCAT,B,Open Long,0.27805,513.0,0.069036,0.0,50906.0,0524
1788403346706,CASHCAT,B,Open Long,0.27806,2772.0,0.373058,0.0,51419.0,0524
1788403511834,CASHCAT,B,Open Long,0.27763,149.0,0.02002,0.0,54191.0,0532
1788403948458,CASHCAT,B,Open Long,0.27749,191.0,0.011405,0.0,54340.0,0531
1788403963817,CASHCAT,B,Open Long,0.27709,221.0,0.013177,0.0,54531.0,0530
1788403967968,CASHCAT,B,Open Long,0.27669,245.0,0.014587,0.0,54752.0,0529
1788403969208,CASHCAT,B,Open Long,0.27628,90.0,0.00535,0.0,54997.0,0528
1788403969879,CASHCAT,B,Open Long,0.27628,90.0,0.00535,0.0,55087.0,0528
1788403970487,CASHCAT,B,Open Long,0.27628,85.0,0.005053,0.0,55177.0,0528
1788404027956,CASHCAT,B,Open Long,0.27588,90.0,0.005342,0.0,55262.0,0527
1788404028153,CASHCAT,B,Open Long,0.27588,90.0,0.005342,0.0,55352.0,0527
1788404030117,CASHCAT,B,Open Long,0.27588,90.0,0.005342,0.0,55442.0,0527
1788404030320,CASHCAT,B,Open Long,0.27588,13.0,0.000771,0.0,55532.0,0527
1788404273974,CASHCAT,B,Open Long,0.27548,299.0,0.017724,0.0,55545.0,0526
1788404273974,CASHCAT,B,Open Long,0.27508,314.0,0.018587,0.0,55844.0,0525
1788404497655,CASHCAT,B,Open Long,0.27357,127.0,0.016815,0.0,56158.0,0546
1788404497655,CASHCAT,B,Open Long,0.27357,102.0,0.013505,0.0,56285.0,0547
1788404497655,CASHCAT,B,Open Long,0.27357,70.0,0.009267,0.0,56387.0,0548
1788404497857,CASHCAT,B,Open Long,0.27353,148.0,0.008711,0.0,56457.0,0545
1788404497857,CASHCAT,B,Open Long,0.2733,167.0,0.009821,0.0,56605.0,0544
1788404497857,CASHCAT,B,Open Long,0.27308,185.0,0.01087,0.0,56772.0,0543
1788404497857,CASHCAT,B,Open Long,0.27285,201.0,0.011801,0.0,56957.0,0542
1788404497857,CASHCAT,B,Open Long,0.27263,216.0,0.012671,0.0,57158.0,0541
1788404497857,CASHCAT,B,Open Long,0.2724,230.0,0.013482,0.0,57374.0,0540
1788404497857,CASHCAT,B,Open Long,0.27217,243.0,0.014232,0.0,57604.0,0539
1788404503675,CASHCAT,B,Open Long,0.27195,256.0,0.014981,0.0,57847.0,0538
1788404505487,CASHCAT,B,Open Long,0.27172,269.0,0.015729,0.0,58103.0,0537
1788404505487,CASHCAT,B,Open Long,0.27149,280.0,0.016358,0.0,58372.0,0536
1788404505487,CASHCAT,B,Open Long,0.27127,292.0,0.017046,0.0,58652.0,0535
1788404507094,CASHCAT,B,Open Long,0.27104,303.0,0.017672,0.0,58944.0,0534
1788404507833,CASHCAT,B,Open Long,0.27081,314.0,0.018298,0.0,59247.0,0533
1788404700507,CASHCAT,B,Open Long,0.27483,522.0,0.069435,0.0,59561.0,0549
1788404700507,CASHCAT,B,Open Long,0.27485,400.0,0.05321,0.0,60083.0,0549
1788404701010,CASHCAT,B,Open Long,0.2747,712.0,0.042089,0.0,60483.0,0550
1788404701010,CASHCAT,B,Open Long,0.2747,204.0,0.012058,0.0,61195.0,0550
1788404719116,CASHCAT,B,Open Long,0.27486,78.0,0.010375,0.0,61399.0,0551
1788404742317,CASHCAT,B,Open Long,0.2747,111.0,0.006561,0.0,61477.0,0552
1788404758401,CASHCAT,B,Open Long,0.27439,139.0,0.008207,0.0,61588.0,0553
1788404758401,CASHCAT,B,Open Long,0.27407,162.0,0.009553,0.0,61727.0,0554
1788404758401,CASHCAT,B,Open Long,0.27376,183.0,0.01078,0.0,61889.0,0555
1788404771348,CASHCAT,B,Open Long,0.27344,202.0,0.011886,0.0,62072.0,0556
1788404772613,CASHCAT,A,Close Long,0.27342,365.0,0.048301,-1.396125,62274.0,0558
1788404772613,CASHCAT,A,Close Long,0.27341,70.0,0.009262,-0.26845,61909.0,0558
1788404772613,CASHCAT,A,Close Long,0.27341,1000.0,0.13233,-3.835,61839.0,0558
1788404772613,CASHCAT,A,Close Long,0.27341,182.0,0.024084,-0.69797,60839.0,0558
1788404772613,CASHCAT,A,Close Long,0.27333,100.0,0.013228,-0.3915,60657.0,0558
1788404772613,CASHCAT,A,Close Long,0.27324,174.0,0.02301,-0.69687,60557.0,0558
1788404772613,CASHCAT,A,Close Long,0.27313,70.0,0.009252,-0.28805,60383.0,0558
1788404772613,CASHCAT,A,Close Long,0.27313,1000.0,0.132194,-4.115,60313.0,0558
1788404772613,CASHCAT,A,Close Long,0.27295,251.0,0.033159,-1.078045,59313.0,0558
1788404772613,CASHCAT,A,Close Long,0.27295,448.0,0.059184,-1.92416,59062.0,0558
1788404772613,CASHCAT,A,Close Long,0.27286,448.0,0.059164,-1.96448,58614.0,0558
1788404772613,CASHCAT,A,Close Long,0.27285,1000.0,0.132059,-4.395,58166.0,0558
1788404772613,CASHCAT,A,Close Long,0.27285,70.0,0.009243,-0.30765,57166.0,0558
1788404772613,CASHCAT,A,Close Long,0.27281,336.0,0.044365,-1.49016,57096.0,0558
1788404772613,CASHCAT,A,Close Long,0.27281,305.0,0.040271,-1.352675,56760.0,0558
1788404772613,CASHCAT,A,Close Long,0.27275,881.0,0.116301,-3.960095,56455.0,0558
1788404772613,CASHCAT,A,Close Long,0.27264,881.0,0.116254,-4.057005,55574.0,0558
1788404772613,CASHCAT,A,Close Long,0.27264,321.0,0.042357,-1.478205,54693.0,0558
1788404772613,CASHCAT,A,Close Long,0.27264,287.0,0.037871,-1.321635,54372.0,0558
1788404772613,CASHCAT,A,Close Long,0.27257,70.0,0.009233,-0.32725,54085.0,0558
1788404772613,CASHCAT,A,Close Long,0.27257,1000.0,0.131923,-4.675,54015.0,0558
1788404772613,CASHCAT,A,Close Long,0.27254,7872.0,1.038389,-37.03776,53015.0,0558
1788404772613,CASHCAT,A,Close Long,0.2725,2637.0,0.347793,-12.512565,45143.0,0558
1788404772613,CASHCAT,A,Close Long,0.2725,672.0,0.08863,-3.18864,42506.0,0558
1788404772613,CASHCAT,A,Close Long,0.27249,100.0,0.013187,-0.4755,41834.0,0558
1788404772613,CASHCAT,A,Close Long,0.27242,881.0,0.11616,-4.250825,41734.0,0558
1788404772613,CASHCAT,A,Close Long,0.27229,70.0,0.009225,-0.34685,40853.0,0558
1788404772613,CASHCAT,A,Close Long,0.27229,1000.0,0.131788,-4.955,40783.0,0558
1788404772613,CASHCAT,A,Close Long,0.27228,2492.0,0.328404,-12.37278,39783.0,0558
1788404776687,CASHCAT,B,Open Long,0.27218,266.0,0.015579,0.0,37291.0,0557
1788404785205,CASHCAT,A,Close Long,0.27211,416.0,0.054786,-2.121184,37557.0,0559
1788404785205,CASHCAT,A,Close Long,0.27207,466.0,0.061363,-2.394774,37141.0,0559
1788404785205,CASHCAT,A,Close Long,0.27203,466.0,0.061354,-2.413414,36675.0,0559
1788404785205,CASHCAT,A,Close Long,0.27201,272.0,0.035808,-1.414128,36209.0,0559
1788404785205,CASHCAT,A,Close Long,0.27201,1036.0,0.136392,-5.386164,35937.0,0559
1788404785205,CASHCAT,A,Close Long,0.27199,466.0,0.061344,-2.432054,34901.0,0559
1788404785205,CASHCAT,A,Close Long,0.27195,466.0,0.061335,-2.450694,34435.0,0559
1788404785205,CASHCAT,A,Close Long,0.27191,466.0,0.061327,-2.469334,33969.0,0559
1788404785205,CASHCAT,A,Close Long,0.27188,466.0,0.06132,-2.483314,33503.0,0559
1788404785205,CASHCAT,A,Close Long,0.27184,385.0,0.050653,-2.067065,33037.0,0559
1788404785205,CASHCAT,A,Close Long,0.27183,466.0,0.061309,-2.506614,32652.0,0559
1788404785205,CASHCAT,A,Close Long,0.27179,466.0,0.0613,-2.525254,32186.0,0559
1788404785205,CASHCAT,A,Close Long,0.27175,466.0,0.061291,-2.543894,31720.0,0559
1788404785205,CASHCAT,A,Close Long,0.27174,466.0,0.061289,-2.548554,31254.0,0559
1788404785205,CASHCAT,A,Close Long,0.27173,70.0,0.009206,-0.38353,30788.0,0559
1788404785205,CASHCAT,A,Close Long,0.27173,1000.0,0.131517,-5.479,30718.0,0559
1788404785205,CASHCAT,A,Close Long,0.27168,466.0,0.061275,-2.576514,29718.0,0559
1788404785205,CASHCAT,A,Close Long,0.27166,100.0,0.013147,-0.5549,29252.0,0559
1788404785205,CASHCAT,A,Close Long,0.27164,466.0,0.061266,-2.595154,29152.0,0559
1788404785205,CASHCAT,A,Close Long,0.27162,881.0,0.115819,-4.923909,28686.0,0559
1788404785205,CASHCAT,A,Close Long,0.27161,166.0,0.021821,-0.929434,27805.0,0559
1788404785205,CASHCAT,A,Close Long,0.27159,468.0,0.061517,-2.629692,27639.0,0559
1788404785205,CASHCAT,A,Close Long,0.27156,442.0,0.058093,-2.496858,27171.0,0559
1788404785205,CASHCAT,A,Close Long,0.27154,183.0,0.02405,-1.037427,26729.0,0559
1788404785205,CASHCAT,A,Close Long,0.27153,444.0,0.058349,-2.521476,26546.0,0559
1788404785205,CASHCAT,A,Close Long,0.27152,400.0,0.052565,-2.2756,26102.0,0559
1788404785205,CASHCAT,A,Close Long,0.2715,466.0,0.061234,-2.660394,25702.0,0559
1788404785205,CASHCAT,A,Close Long,0.27148,881.0,0.115759,-5.047249,25236.0,0559
1788404785205,CASHCAT,A,Close Long,0.27146,466.0,0.061226,-2.679034,24355.0,0559
1788404785205,CASHCAT,A,Close Long,0.27145,70.0,0.009196,-0.40313,23889.0,0559
1788404785205,CASHCAT,A,Close Long,0.27145,1000.0,0.131381,-5.759,23819.0,0559
1788404785205,CASHCAT,A,Close Long,0.27139,466.0,0.061209,-2.711654,22819.0,0559
1788404785205,CASHCAT,A,Close Long,0.27135,466.0,0.0612,-2.730294,22353.0,0559
1788404785205,CASHCAT,A,Close Long,0.27132,466.0,0.061194,-2.744274,21887.0,0559
1788404785205,CASHCAT,A,Close Long,0.27129,2637.0,0.346249,-15.608403,21421.0,0559
1788404785205,CASHCAT,A,Close Long,0.27128,466.0,0.061184,-2.762914,18784.0,0559
1788404785205,CASHCAT,A,Close Long,0.27126,881.0,0.115666,-5.241069,18318.0,0559
1788404785205,CASHCAT,A,Close Long,0.27126,466.0,0.06118,-2.772234,17437.0,0559
1788404785205,CASHCAT,A,Close Long,0.2712,466.0,0.061166,-2.800194,16971.0,0559
1788404785205,CASHCAT,A,Close Long,0.27118,2637.0,0.346109,-15.898473,16505.0,0559
1788404785205,CASHCAT,A,Close Long,0.27118,7917.0,1.039114,-47.731593,13868.0,0559
1788404785205,CASHCAT,A,Close Long,0.27117,70.0,0.009187,-0.42273,5951.0,0559
1788404785205,CASHCAT,A,Close Long,0.27117,1000.0,0.131246,-6.039,5881.0,0559
1788404785205,CASHCAT,A,Close Long,0.27114,667.0,0.087531,-4.048023,4881.0,0559
1788404785205,CASHCAT,A,Close Long,0.27105,267.0,0.035027,-1.644453,4214.0,0559
1788404785205,CASHCAT,A,Close Long,0.27104,881.0,0.115571,-5.434889,3947.0,0559
1788404785205,CASHCAT,A,Close Long,0.27103,310.0,0.040664,-1.91549,3066.0,0559
1788404785205,CASHCAT,A,Close Long,0.27098,2637.0,0.345853,-16.425873,2756.0,0559
1788404785205,CASHCAT,A,Close Long,0.27089,119.0,0.015601,-0.751961,119.0,0559
1788441003712,ASTER,B,Open Long,0.73486,413.0,0.065311,0.0,0.0,0594
1788441003712,ASTER,B,Open Long,0.7347,413.0,0.065298,0.0,413.0,0595
1788441003712,ASTER,B,Open Long,0.73453,124.0,0.0196,0.0,826.0,0596
1788441004589,ASTER,B,Open Long,0.73453,289.0,0.045681,0.0,950.0,0596
1788441004589,ASTER,B,Open Long,0.73437,413.0,0.065268,0.0,1239.0,0597
1788441011191,ASTER,B,Open Long,0.73421,413.0,0.065253,0.0,1652.0,0598
1788441019174,ASTER,B,Open Long,0.73405,413.0,0.06524,0.0,2065.0,0599
1788441022965,ASTER,B,Open Long,0.73388,172.0,0.027163,0.0,2478.0,0600
1788441022965,ASTER,B,Open Long,0.73388,193.0,0.030479,0.0,2650.0,0600
1788441024591,ASTER,B,Open Long,0.73388,48.0,0.00758,0.0,2843.0,0600
1788441039708,ASTER,B,Open Long,0.73372,413.0,0.06521,0.0,2891.0,0601
1788441077369,ASTER,B,Open Long,0.73356,396.0,0.062512,0.0,3304.0,0602
1788441077369,ASTER,B,Open Long,0.73356,17.0,0.002683,0.0,3700.0,0602
1788441077369,ASTER,B,Open Long,0.7334,88.0,0.013887,0.0,3717.0,0603
1788441084596,ASTER,B,Open Long,0.7334,325.0,0.051293,0.0,3805.0,0603
1788441084596,ASTER,B,Open Long,0.73323,413.0,0.065167,0.0,4130.0,0604
1788441084596,ASTER,B,Open Long,0.73307,413.0,0.065152,0.0,4543.0,0605
1788441084596,ASTER,B,Open Long,0.73291,413.0,0.065139,0.0,4956.0,0606
1788441140626,CASHCAT,B,Open Long,0.27095,176.0,0.010261,0.0,0.0,0560
1788441140626,CASHCAT,B,Open Long,0.27067,241.0,0.014037,0.0,176.0,0561
1788441140626,CASHCAT,B,Open Long,0.27038,289.0,0.016814,0.0,417.0,0562
1788441140689,CASHCAT,B,Open Long,0.26982,364.0,0.021135,0.0,1035.0,0563
1788441141496,CASHCAT,B,Open Long,0.26954,395.0,0.022911,0.0,1399.0,0564
1788441141496,CASHCAT,B,Open Long,0.26925,423.0,0.024509,0.0,1794.0,0565
1788441141766,CASHCAT,B,Open Long,0.26897,68.0,0.003935,0.0,2217.0,0566
1788441141766,CASHCAT,B,Open Long,0.26897,46.0,0.002662,0.0,2285.0,0566
1788441141766,CASHCAT,B,Open Long,0.26897,46.0,0.002662,0.0,2331.0,0566
1788441141766,CASHCAT,B,Open Long,0.26897,46.0,0.002662,0.0,2377.0,0566
1788441141766,CASHCAT,B,Open Long,0.26897,46.0,0.002662,0.0,2423.0,0566
1788441141980,CASHCAT,B,Open Long,0.26897,198.0,0.01146,0.0,2469.0,0566
1788441142183,CASHCAT,B,Open Long,0.26869,474.0,0.027406,0.0,2667.0,0567
1788441143199,CASHCAT,B,Open Long,0.26841,175.0,0.010108,0.0,3141.0,0568
1788441196504,CASHCAT,B,Open Long,0.26841,322.0,0.018598,0.0,3316.0,0568
1788441196504,CASHCAT,B,Open Long,0.26812,519.0,0.029945,0.0,3638.0,0569
1788441196504,CASHCAT,B,Open Long,0.26784,540.0,0.031124,0.0,4157.0,0570
1788441196504,CASHCAT,B,Open Long,0.26756,559.0,0.032186,0.0,4697.0,0571
1788441196504,CASHCAT,B,Open Long,0.26727,578.0,0.033244,0.0,5256.0,0572
1788441196504,CASHCAT,B,Open Long,0.26699,597.0,0.034301,0.0,5834.0,0573
1788441196504,CASHCAT,B,Open Long,0.26671,614.0,0.03524,0.0,6431.0,0574
1788441196504,CASHCAT,B,Open Long,0.26643,631.0,0.036178,0.0,7045.0,0575
1788441196504,CASHCAT,B,Open Long,0.26614,648.0,0.037112,0.0,7676.0,0576
1788441196504,CASHCAT,B,Open Long,0.26586,664.0,0.037989,0.0,8324.0,0577
1788441196504,CASHCAT,B,Open Long,0.26558,679.0,0.038805,0.0,8988.0,0578
1788441196504,CASHCAT,B,Open Long,0.2653,694.0,0.039621,0.0,9667.0,0579
1788441196504,CASHCAT,B,Open Long,0.26501,709.0,0.040434,0.0,10361.0,0580
1788441285397,CASHCAT,B,Open Long,0.26473,199.0,0.011336,0.0,11070.0,0581
1788441285397,CASHCAT,B,Open Long,0.26473,524.0,0.029851,0.0,11269.0,0581
1788441285397,CASHCAT,B,Open Long,0.26445,737.0,0.041941,0.0,11793.0,0582
1788441285397,CASHCAT,B,Open Long,0.26416,9.0,0.00051,0.0,12530.0,0583
1788441285397,CASHCAT,B,Open Long,0.26416,446.0,0.025353,0.0,12539.0,0583
1788441285397,CASHCAT,B,Open Long,0.26416,296.0,0.016826,0.0,12985.0,0583
1788441285397,CASHCAT,B,Open Long,0.26388,369.0,0.020954,0.0,13281.0,0584
1788441285397,CASHCAT,B,Open Long,0.26388,395.0,0.02243,0.0,13650.0,0584
1788441286745,CASHCAT,B,Open Long,0.2636,777.0,0.044075,0.0,14045.0,0585
1788441286745,CASHCAT,B,Open Long,0.26332,790.0,0.044766,0.0,14822.0,0586
1788441354405,ASTER,B,Open Long,0.73275,413.0,0.065124,0.0,5369.0,0607
1788441355012,ASTER,B,Open Long,0.73258,19.0,0.002994,0.0,5782.0,0608
1788441361459,ASTER,B,Open Long,0.73258,394.0,0.062113,0.0,5801.0,0608
1788441385741,ASTER,B,Open Long,0.73242,183.0,0.028843,0.0,6195.0,0609
1788441386015,ASTER,B,Open Long,0.73242,165.0,0.026005,0.0,6378.0,0609
1788441386965,ASTER,B,Open Long,0.73242,65.0,0.010244,0.0,6543.0,0609
1788441386965,ASTER,B,Open Long,0.73226,128.0,0.020169,0.0,6608.0,0610
1788441387097,ASTER,B,Open Long,0.73226,192.0,0.030255,0.0,6736.0,0610
1788441390396,ASTER,B,Open Long,0.73226,93.0,0.014655,0.0,6928.0,0610
1788441501029,ASTER,B,Open Long,0.7321,400.0,0.063019,0.0,7021.0,0611
1788441503668,ASTER,B,Open Long,0.7321,13.0,0.002047,0.0,7421.0,0611
1788441503668,ASTER,B,Open Long,0.73193,413.0,0.065051,0.0,7434.0,0612
1788441618468,ASTER,B,Open Long,0.73177,413.0,0.065037,0.0,7847.0,0613
1788441622060,ASTER,B,Open Long,0.73161,413.0,0.065023,0.0,8260.0,0614
1788441675477,CASHCAT,B,Open Long,0.26303,803.0,0.045452,0.0,15612.0,0587
1788441675677,CASHCAT,B,Open Long,0.26275,815.0,0.046083,0.0,16415.0,0588
1788441675677,CASHCAT,B,Open Long,0.26247,827.0,0.046711,0.0,17230.0,0589
1788441676278,CASHCAT,B,Open Long,0.26219,839.0,0.047338,0.0,18057.0,0590
1788441991101,ASTER,B,Open Long,0.73145,37.0,0.005823,0.0,8673.0,0615
1788442194414,CASHCAT,B,Open Long,0.2619,851.0,0.047962,0.0,18896.0,0591
1788442194414,CASHCAT,B,Open Long,0.26162,862.0,0.04853,0.0,19747.0,0592
1788442194414,CASHCAT,B,Open Long,0.26134,873.0,0.049096,0.0,20609.0,0593
1788442217263,ASTER,A,Close Long,0.73159,405.0,0.143405,-0.66258,8710.0,0616
1788442217263,ASTER,A,Close Long,0.73157,276.0,0.097725,-0.457056,8305.0,0616
1788442217263,ASTER,A,Close Long,0.73152,500.0,0.177027,-0.853,8029.0,0616
1788442217263,ASTER,A,Close Long,0.73151,1021.0,0.361485,-1.752036,7529.0,0616
1788442217263,ASTER,A,Close Long,0.73147,2049.0,0.72541,-3.598044,6508.0,0616
1788442217263,ASTER,A,Close Long,0.73146,407.0,0.144088,-0.718762,4459.0,0616
1788442217263,ASTER,A,Close Long,0.73144,900.0,0.318614,-1.6074,4052.0,0616
1788442217263,ASTER,A,Close Long,0.73142,68.0,0.024071,-0.122808,3152.0,0616
1788442217263,ASTER,A,Close Long,0.73139,2734.0,0.967816,-5.019624,3084.0,0616
1788442217263,ASTER,A,Close Long,0.73138,350.0,0.123895,-0.6461,350.0,0616
1788442285188,CASHCAT,A,Close Long,0.26266,9800.0,1.245848,-25.6956,21482.0,0617
1788442285188,CASHCAT,A,Close Long,0.26265,9800.0,1.245801,-25.7936,11682.0,0617
1788442285188,CASHCAT,A,Close Long,0.26264,1882.0,0.239234,-4.972244,1882.0,0617
1788442810191,CASHCAT,B,Open Long,0.26859,372.0,0.048358,0.0,0.0,0618
1788442810191,CASHCAT,B,Open Long,0.26865,680.0,0.088417,0.0,372.0,0618
1788442810191,CASHCAT,B,Open Long,0.26866,930.0,0.120928,0.0,1052.0,0618
1788442810191,CASHCAT,B,Open Long,0.26872,679.0,0.08831,0.0,1982.0,0618
1788442810191,CASHCAT,B,Open Long,0.26873,680.0,0.088443,0.0,2661.0,0618
1788442810191,CASHCAT,B,Open Long,0.2688,651.0,0.084693,0.0,3341.0,0618
1788442810191,CASHCAT,B,Open Long,0.26888,680.0,0.088492,0.0,3992.0,0618
1788442810191,CASHCAT,B,Open Long,0.26893,678.0,0.088249,0.0,4672.0,0618
1788442810191,CASHCAT,B,Open Long,0.26894,929.0,0.120924,0.0,5350.0,0618
1788442810191,CASHCAT,B,Open Long,0.26896,1859.0,0.241997,0.0,6279.0,0618
1788442810191,CASHCAT,B,Open Long,0.269,678.0,0.088272,0.0,8138.0,0618
1788442810191,CASHCAT,B,Open Long,0.26905,500.0,0.065109,0.0,8816.0,0618
1788442810191,CASHCAT,B,Open Long,0.26906,678.0,0.088292,0.0,9316.0,0618
1788442810191,CASHCAT,B,Open Long,0.26907,1366.0,0.177893,0.0,9994.0,0618
1788442810191,CASHCAT,B,Open Long,0.26911,500.0,0.065124,0.0,11360.0,0618
1788442810191,CASHCAT,B,Open Long,0.26912,634.0,0.08258,0.0,11860.0,0618
1788442810191,CASHCAT,B,Open Long,0.26914,678.0,0.088318,0.0,12494.0,0618
1788442810191,CASHCAT,B,Open Long,0.26915,303.0,0.039471,0.0,13172.0,0618
1788442810191,CASHCAT,B,Open Long,0.26917,929.0,0.121027,0.0,13475.0,0618
1788442810191,CASHCAT,B,Open Long,0.26917,678.0,0.088327,0.0,14404.0,0618
1788442810191,CASHCAT,B,Open Long,0.26918,1366.0,0.177965,0.0,15082.0,0618
1788442810191,CASHCAT,B,Open Long,0.26921,323.0,0.042085,0.0,16448.0,0618
1788442810191,CASHCAT,B,Open Long,0.26924,63.0,0.008209,0.0,16771.0,0618
1788442810191,CASHCAT,B,Open Long,0.26924,1000.0,0.130312,0.0,16834.0,0618
1788442810191,CASHCAT,B,Open Long,0.26926,793.0,0.103344,0.0,17834.0,0618
1788442890114,CASHCAT,B,Open Long,0.27045,924.0,0.120948,0.0,18627.0,0619
1788442890114,CASHCAT,B,Open Long,0.27046,369.0,0.048302,0.0,19551.0,0619
1788442890114,CASHCAT,B,Open Long,0.27046,505.0,0.066105,0.0,19920.0,0619
1788442890114,CASHCAT,B,Open Long,0.27055,505.0,0.066127,0.0,20425.0,0619
1788442890114,CASHCAT,B,Open Long,0.27072,3003.0,0.393478,0.0,20930.0,0619
1788442890114,CASHCAT,B,Open Long,0.27078,1366.0,0.179024,0.0,23933.0,0619
1788442890114,CASHCAT,B,Open Long,0.27082,364.0,0.047711,0.0,25299.0,0619
1788442890114,CASHCAT,B,Open Long,0.27085,3003.0,0.393667,0.0,25663.0,0619
1788442890114,CASHCAT,B,Open Long,0.27086,923.0,0.121001,0.0,28666.0,0619
1788442890114,CASHCAT,B,Open Long,0.27089,837.0,0.109739,0.0,29589.0,0619
1788442890114,CASHCAT,B,Open Long,0.27091,424.0,0.055594,0.0,30426.0,0619
1788442890114,CASHCAT,B,Open Long,0.271,40.0,0.005246,0.0,30850.0,0619
1788442890114,CASHCAT,B,Open Long,0.27101,1366.0,0.179175,0.0,30890.0,0619
1788442890114,CASHCAT,B,Open Long,0.27103,3003.0,0.393928,0.0,32256.0,0619
1788442890114,CASHCAT,B,Open Long,0.27104,1995.0,0.26171,0.0,35259.0,0619
1788443592520,CASHCAT,A,Close Long,0.26573,70.0,0.009002,-0.29337,37254.0,0620
1788443592520,CASHCAT,A,Close Long,0.26551,682.0,0.08764,-3.008302,37184.0,0620
1788443592520,CASHCAT,A,Close Long,0.26546,70.0,0.008993,-0.31227,36502.0,0620
1788443592520,CASHCAT,A,Close Long,0.26538,555.0,0.071285,-2.520255,36432.0,0620
1788443592520,CASHCAT,A,Close Long,0.26536,295.0,0.037887,-1.345495,35877.0,0620
1788443592520,CASHCAT,A,Close Long,0.26532,555.0,0.071269,-2.553555,35582.0,0620
1788443592520,CASHCAT,A,Close Long,0.26528,558.0,0.071644,-2.589678,35027.0,0620
1788443592520,CASHCAT,A,Close Long,0.26522,554.0,0.071114,-2.604354,34469.0,0620
1788443592520,CASHCAT,A,Close Long,0.26519,70.0,0.008984,-0.33117,33915.0,0620
1788443592520,CASHCAT,A,Close Long,0.26518,500.0,0.064173,-2.3705,33845.0,0620
1788443592520,CASHCAT,A,Close Long,0.26517,3239.0,0.4157,-15.388489,33345.0,0620
1788443592520,CASHCAT,A,Close Long,0.2651,500.0,0.064154,-2.4105,30106.0,0620
1788443592520,CASHCAT,A,Close Long,0.26509,500.0,0.064151,-2.4155,29606.0,0620
1788443592520,CASHCAT,A,Close Long,0.26509,1366.0,0.175262,-6.599146,29106.0,0620
1788443592520,CASHCAT,A,Close Long,0.26508,943.0,0.120985,-4.565063,27740.0,0620
1788443592520,CASHCAT,A,Close Long,0.26505,3239.0,0.415511,-15.777169,26797.0,0620
1788443592520,CASHCAT,A,Close Long,0.26495,1366.0,0.175169,-6.790386,23558.0,0620
1788443592520,CASHCAT,A,Close Long,0.26494,3239.0,0.41534,-16.133459,22192.0,0620
1788443592520,CASHCAT,A,Close Long,0.26493,944.0,0.121045,-4.711504,18953.0,0620
1788443592520,CASHCAT,A,Close Long,0.26492,70.0,0.008975,-0.35007,18009.0,0620
1788443592520,CASHCAT,A,Close Long,0.26491,386.0,0.049491,-1.934246,17939.0,0620
1788443592520,CASHCAT,A,Close Long,0.26487,3776.0,0.484071,-19.072576,17553.0,0620
1788443592520,CASHCAT,A,Close Long,0.26484,1366.0,0.175097,-6.940646,13777.0,0620
1788443592520,CASHCAT,A,Close Long,0.26483,3239.0,0.415167,-16.489749,12411.0,0620
1788443592520,CASHCAT,A,Close Long,0.2648,1345.0,0.172378,-6.887745,9172.0,0620
1788443592520,CASHCAT,A,Close Long,0.26473,346.0,0.044332,-1.796086,7827.0,0620
1788443592520,CASHCAT,A,Close Long,0.26472,3239.0,0.414994,-16.846039,7481.0,0620
1788443592520,CASHCAT,A,Close Long,0.26472,1366.0,0.175017,-7.104566,4242.0,0620
1788443592520,CASHCAT,A,Close Long,0.26472,2876.0,0.368485,-14.958076,2876.0,0620
1788445347931,HYPE,B,Open Long,83.438,53.67,2.167408,0.0,0.0,0621
1788445347931,HYPE,B,Open Long,83.438,55.36,2.235657,0.0,53.67,0621
1788445347931,HYPE,B,Open Long,83.438,0.19,0.007672,0.0,109.03,0621
1788445347931,HYPE,B,Open Long,83.438,0.14,0.005653,0.0,109.22,0621
1788445347931,HYPE,B,Open Long,83.438,51.0,2.059582,0.0,109.36,0621
1788445347931,HYPE,B,Open Long,83.438,20.0,0.807679,0.0,160.36,0621
1788445347931,HYPE,B,Open Long,83.438,1.64,0.066228,0.0,180.36,0621
1788445347931,HYPE,B,Open Long,83.439,0.17,0.006864,0.0,182.0,0621
1788445347931,HYPE,B,Open Long,83.441,0.59,0.023827,0.0,182.17,0621
1788445347931,HYPE,B,Open Long,83.441,0.59,0.023827,0.0,182.76,0621
1788445347931,HYPE,B,Open Long,83.448,0.4,0.016154,0.0,183.35,0621
1788445347931,HYPE,B,Open Long,83.448,4.79,0.193461,0.0,183.75,0621
1788445347931,HYPE,B,Open Long,83.449,61.46,2.482326,0.0,188.54,0621
1788445375554,HYPE,B,Open Long,83.472,5.99,0.241997,0.0,250.0,0622
1788445375554,HYPE,B,Open Long,83.472,0.59,0.023835,0.0,255.99,0622
1788445375554,HYPE,B,Open Long,83.472,22.4,0.904969,0.0,256.58,0622
1788445375554,HYPE,B,Open Long,83.473,0.29,0.011715,0.0,278.98,0622
1788445375554,HYPE,B,Open Long,83.473,1.79,0.072317,0.0,279.27,0622
1788445375554,HYPE,B,Open Long,83.475,55.6,2.246345,0.0,281.06,0622
1788445375554,HYPE,B,Open Long,83.476,35.24,1.423779,0.0,336.66,0622
1788445375554,HYPE,B,Open Long,83.476,17.96,0.725625,0.0,371.9,0622
1788445375554,HYPE,B,Open Long,83.477,110.14,4.449971,0.0,389.86,0622
1788445503850,HYPE,A,Close Long,83.46,0.1,0.004038,0.00017,500.0,0623
1788445503850,HYPE,A,Close Long,83.46,6.31,0.254889,0.010727,499.9,0623
1788445503850,HYPE,A,Close Long,83.46,3.14,0.126838,0.005338,493.59,0623
1788445503850,HYPE,A,Close Long,83.46,3.16,0.127646,0.005372,490.45,0623
1788445503850,HYPE,A,Close Long,83.46,17.97,0.725891,0.030549,487.29,0623
1788445503850,HYPE,A,Close Long,83.46,82.57,3.335385,0.140369,469.32,0623
1788445503850,HYPE,A,Close Long,83.46,112.79,4.556111,0.191743,386.75,0623
1788445503850,HYPE,A,Close Long,83.46,35.0,1.413812,0.0595,273.96,0623
1788445503850,HYPE,A,Close Long,83.46,21.7,0.876563,0.03689,238.96,0623
1788445503850,HYPE,A,Close Long,83.46,20.0,0.807892,0.034,217.26,0623
1788445503850,HYPE,A,Close Long,83.458,24.15,0.975507,-0.007245,197.26,0623
1788445503850,HYPE,A,Close Long,83.456,4.79,0.19348,-0.011017,173.11,0623
1788445503850,HYPE,A,Close Long,83.455,54.26,2.191681,-0.179058,168.32,0623
1788445503850,HYPE,A,Close Long,83.453,4.79,0.193473,-0.025387,114.06,0623
1788445503850,HYPE,A,Close Long,83.452,55.36,2.236032,-0.348768,109.27,0623
1788445503850,HYPE,A,Close Long,83.452,53.91,2.177465,-0.339633,53.91,0623
1788445624279,ENA,B,Open Long,0.15737,3984.0,0.303449,0.0,0.0,0624
1788445624279,ENA,B,Open Long,0.15738,7766.0,0.59155,0.0,3984.0,0624
1788445624279,ENA,B,Open Long,0.1574,11994.0,0.913721,0.0,11750.0,0624
1788445624279,ENA,B,Open Long,0.15742,7766.0,0.591701,0.0,23744.0,0624
1788445624279,ENA,B,Open Long,0.15742,691.0,0.052647,0.0,31510.0,0624
1788445624279,ENA,B,Open Long,0.15743,2541.0,0.193613,0.0,32201.0,0624
1788445624279,ENA,B,Open Long,0.15743,15100.0,1.150561,0.0,34742.0,0624
1788445624279,ENA,B,Open Long,0.15743,677.0,0.051584,0.0,49842.0,0624
1788445624279,ENA,B,Open Long,0.15744,310.0,0.023621,0.0,50519.0,0624
1788445624279,ENA,B,Open Long,0.15744,1569.0,0.119558,0.0,50829.0,0624
1788445624279,ENA,B,Open Long,0.15746,1258.0,0.095872,0.0,52398.0,0624
1788445624279,ENA,B,Open Long,0.15746,1915.0,0.145942,0.0,53656.0,0624
1788445624279,ENA,B,Open Long,0.15747,1906.0,0.145265,0.0,55571.0,0624
1788445624279,ENA,B,Open Long,0.15747,1568.0,0.119505,0.0,57477.0,0624
1788445624279,ENA,B,Open Long,0.15747,1915.0,0.145952,0.0,59045.0,0624
1788445624279,ENA,B,Open Long,0.15748,1830.0,0.139482,0.0,60960.0,0624
1788445624279,ENA,B,Open Long,0.15749,646.0,0.04924,0.0,62790.0,0624
1788445953318,ENA,B,Open Long,0.15873,7766.0,0.596624,0.0,63436.0,0625
1788445953318,ENA,B,Open Long,0.15874,315.0,0.024201,0.0,71202.0,0625
1788445953318,ENA,B,Open Long,0.15874,315.0,0.024201,0.0,71517.0,0625
1788445953318,ENA,B,Open Long,0.15874,1070.0,0.082208,0.0,71832.0,0625
1788445953318,ENA,B,Open Long,0.15878,7766.0,0.596812,0.0,72902.0,0625
1788445953318,ENA,B,Open Long,0.15881,2018.0,0.15511,0.0,80668.0,0625
1788445953318,ENA,B,Open Long,0.15881,15100.0,1.160646,0.0,82686.0,0625
1788445953318,ENA,B,Open Long,0.15882,2650.0,0.203702,0.0,97786.0,0625
1788445956301,ENA,B,Open Long,0.15874,1901.0,0.146053,0.0,100436.0,0626
1788445956301,ENA,B,Open Long,0.15875,1901.0,0.146062,0.0,102337.0,0626
1788445956301,ENA,B,Open Long,0.1588,7766.0,0.596888,0.0,104238.0,0626
1788445956301,ENA,B,Open Long,0.15882,315.0,0.024212,0.0,112004.0,0626
1788445956301,ENA,B,Open Long,0.15882,315.0,0.024212,0.0,112319.0,0626
1788445956301,ENA,B,Open Long,0.15882,315.0,0.024212,0.0,112634.0,0626
1788445956301,ENA,B,Open Long,0.15882,2357.0,0.181179,0.0,112949.0,0626
1788445956301,ENA,B,Open Long,0.15882,1081.0,0.083094,0.0,115306.0,0626
1788445956301,ENA,B,Open Long,0.15885,12000.0,0.9226,0.0,116387.0,0626
1788445956301,ENA,B,Open Long,0.15885,9049.0,0.695717,0.0,128387.0,0626
1788446251426,ENA,A,Close Long,0.1579,2533.0,0.19358,-0.671245,137436.0,0627
1788446251426,ENA,A,Close Long,0.15789,4615.0,0.352672,-1.269125,134903.0,0627
1788446251426,ENA,A,Close Long,0.15788,2534.0,0.193632,-0.72219,130288.0,0627
1788446251426,ENA,A,Close Long,0.15787,3835.0,0.293028,-1.131325,127754.0,0627
1788446251426,ENA,A,Close Long,0.15787,3835.0,0.293028,-1.131325,123919.0,0627
1788446251426,ENA,A,Close Long,0.15787,2534.0,0.19362,-0.74753,120084.0,0627
1788446251426,ENA,A,Close Long,0.15786,2534.0,0.193607,-0.77287,117550.0,0627
1788446251426,ENA,A,Close Long,0.15786,5386.0,0.411512,-1.64273,115016.0,0627
1788446251426,ENA,A,Close Long,0.15784,26523.0,2.026212,-8.619975,109630.0,0627
1788446251426,ENA,A,Close Long,0.15782,7766.0,0.593204,-2.67927,83107.0,0627
1788446251426,ENA,A,Close Long,0.15781,1258.0,0.096085,-0.44659,75341.0,0627
1788446251426,ENA,A,Close Long,0.15781,2410.0,0.184075,-0.85555,74083.0,0627
1788446251426,ENA,A,Close Long,0.15781,2535.0,0.193622,-0.899925,71673.0,0627
1788446251426,ENA,A,Close Long,0.15781,1258.0,0.096085,-0.44659,69138.0,0627
1788446251426,ENA,A,Close Long,0.1578,26523.0,2.025698,-9.680895,67880.0,0627
1788446251426,ENA,A,Close Long,0.1578,28266.0,2.15882,-10.31709,41357.0,0627
1788446251426,ENA,A,Close Long,0.1578,1743.0,0.133121,-0.636195,13091.0,0627
1788446251426,ENA,A,Close Long,0.15779,11348.0,0.86665,-4.2555,11348.0,0627
1788446317541,BTC,B,Open Long,79770.0,0.15914,6.144184,0.0,0.0,0628
1788446317541,BTC,B,Open Long,79770.0,0.1567,6.049979,0.0,0.15914,0628
1788446317541,BTC,B,Open Long,79770.0,0.00075,0.028955,0.0,0.31584,0628
1788446317541,BTC,B,Open Long,79770.0,0.02127,0.821205,0.0,0.31659,0628
1788446317541,BTC,B,Open Long,79773.0,0.00175,0.067567,0.0,0.33786,0628
1788446317541,BTC,B,Open Long,79773.0,0.01714,0.661776,0.0,0.33961,0628
1788446317541,BTC,B,Open Long,79773.0,0.00013,0.005019,0.0,0.35675,0628
1788446317541,BTC,B,Open Long,79774.0,0.0048,0.18533,0.0,0.35688,0628
1788446317541,BTC,B,Open Long,79777.0,0.09,3.475086,0.0,0.36168,0628
1788446317541,BTC,B,Open Long,79777.0,0.09,3.475086,0.0,0.45168,0628
1788446317541,BTC,B,Open Long,79778.0,0.0015,0.057918,0.0,0.54168,0628
1788446317541,BTC,B,Open Long,79778.0,0.0022,0.084947,0.0,0.54318,0628
1788446317541,BTC,B,Open Long,79778.0,0.45462,17.554037,0.0,0.54538,0628
1788446403110,BTC,B,Open Long,79601.0,0.25,9.631721,0.0,1.0,0629
1788446413597,BTC,B,Open Long,79645.0,0.0493,1.900424,0.0,1.25,0630
1788446413597,BTC,B,Open Long,79645.0,0.2007,7.736619,0.0,1.2993,0630
1788446519660,BTC,A,Close Long,79655.0,0.01,0.38553,-0.693,1.5,0631
1788446519660,BTC,A,Close Long,79655.0,0.01,0.38553,-0.693,1.49,0631
1788446519660,BTC,A,Close Long,79655.0,0.03585,1.382125,-2.484405,1.48,0631
1788446519660,BTC,A,Close Long,79655.0,0.02836,1.093363,-1.965348,1.44415,0631
1788446519660,BTC,A,Close Long,79655.0,0.04713,1.817003,-3.266109,1.41579,0631
1788446519660,BTC,A,Close Long,79654.0,0.01,0.385525,-0.703,1.36866,0631
1788446519660,BTC,A,Close Long,79654.0,0.01,0.385525,-0.703,1.35866,0631
1788446519660,BTC,A,Close Long,79654.0,0.03585,1.382107,-2.520255,1.34866,0631
1788446519660,BTC,A,Close Long,79654.0,0.02836,1.093349,-1.993708,1.31281,0631
1788446519660,BTC,A,Close Long,79654.0,0.04713,1.81698,-3.313239,1.28445,0631
1788446519660,BTC,A,Close Long,79653.0,0.114,4.394933,-8.1282,1.23732,0631
1788446519660,BTC,A,Close Long,79653.0,0.115,4.433485,-8.1995,1.12332,0631
1788446519660,BTC,A,Close Long,79653.0,0.114,4.394933,-8.1282,1.00832,0631
1788446519660,BTC,A,Close Long,79653.0,0.01,0.38552,-0.713,0.89432,0631
1788446519660,BTC,A,Close Long,79653.0,0.88432,34.09235,-63.052016,0.88432,0631
1788446613369,NEAR,B,Open Long,1.9355,154.9,0.145106,0.0,0.0,0632
1788446613369,NEAR,B,Open Long,1.9355,412.6,0.386515,0.0,154.9,0632
1788446613369,NEAR,B,Open Long,1.9357,280.1,0.262418,0.0,567.5,0632
1788446613369,NEAR,B,Open Long,1.9358,408.3,0.382546,0.0,847.6,0632
1788446613369,NEAR,B,Open Long,1.936,408.3,0.382586,0.0,1255.9,0632
1788446613369,NEAR,B,Open Long,1.936,206.6,0.193588,0.0,1664.2,0632
1788446613369,NEAR,B,Open Long,1.9361,5.5,0.005153,0.0,1870.8,0632
1788446613369,NEAR,B,Open Long,1.9361,1410.7,1.321927,0.0,1876.3,0632
1788446613369,NEAR,B,Open Long,1.9362,408.3,0.382626,0.0,3287.0,0632
1788446613369,NEAR,B,Open Long,1.9362,3121.5,2.925221,0.0,3695.3,0632
1788446613369,NEAR,B,Open Long,1.9362,933.5,0.874801,0.0,6816.8,0632
1788446781451,NEAR,B,Open Long,1.9388,154.8,0.14526,0.0,7750.3,0633
1788446781451,NEAR,B,Open Long,1.9393,464.3,0.435801,0.0,7905.1,0633
1788446781451,NEAR,B,Open Long,1.9394,2380.9,2.234877,0.0,8369.4,0633
1788446829750,NEAR,B,Open Long,1.9469,3000.0,2.826898,0.0,10750.3,0634
1788447980245,NEAR,B,Open Long,1.9606,204.0,0.193581,0.0,13750.3,0635
1788447980245,NEAR,B,Open Long,1.9607,30.9,0.029322,0.0,13954.3,0635
1788447980245,NEAR,B,Open Long,1.9607,111.3,0.10562,0.0,13985.2,0635
1788447980245,NEAR,B,Open Long,1.961,177.5,0.168468,0.0,14096.5,0635
1788447980245,NEAR,B,Open Long,1.961,204.0,0.19362,0.0,14274.0,0635
1788447980245,NEAR,B,Open Long,1.9611,127.5,0.121019,0.0,14478.0,0635
1788447980245,NEAR,B,Open Long,1.9611,2109.0,2.001803,0.0,14605.5,0635
1788447980245,NEAR,B,Open Long,1.9612,35.8,0.033982,0.0,16714.5,0635
1788448947013,NEAR,A,Close Long,1.9491,25.6,0.024149,0.154368,16750.3,0636
1788448947013,NEAR,A,Close Long,1.9488,205.3,0.193642,1.176369,16724.7,0636
1788448947013,NEAR,A,Close Long,1.9484,491.2,0.463213,2.618096,16519.4,0636
1788448947013,NEAR,A,Close Long,1.9483,5245.3,4.946197,27.432919,16028.2,0636
1788448947013,NEAR,A,Close Long,1.9481,108.3,0.102113,0.544749,10782.9,0636
1788448947013,NEAR,A,Close Long,1.9481,110.5,0.104187,0.555815,10674.6,0636
1788448947013,NEAR,A,Close Long,1.948,563.8,0.531568,2.779534,10564.1,0636
1788449191580,NEAR,B,Open Long,1.9616,2500.0,2.373536,0.0,10000.3,0637
1788449707523,NEAR,B,Open Long,1.978,498.7,0.47743,0.0,12500.3,0638
1788449707523,NEAR,B,Open Long,1.978,50.5,0.048345,0.0,12999.0,0638
1788449707523,NEAR,B,Open Long,1.9782,170.0,0.162765,0.0,13049.5,0638
1788449707523,NEAR,B,Open Long,1.9783,1555.5,1.489386,0.0,13219.5,0638
1788449707523,NEAR,B,Open Long,1.9783,170.0,0.162774,0.0,14775.0,0638
1788449707523,NEAR,B,Open Long,1.9784,55.3,0.052951,0.0,14945.0,0638
1788450703782,NEAR,B,Open Long,1.9826,50.4,0.048362,0.0,15000.3,0639
1788450703782,NEAR,B,Open Long,1.9832,151.2,0.145131,0.0,15050.7,0639
1788450703782,NEAR,B,Open Long,1.9832,500.6,0.480509,0.0,15201.9,0639
1788450703782,NEAR,B,Open Long,1.9834,500.6,0.480558,0.0,15702.5,0639
1788450703782,NEAR,B,Open Long,1.9836,19.9,0.019104,0.0,16203.1,0639
1788450703782,NEAR,B,Open Long,1.9836,500.6,0.480607,0.0,16223.0,0639
1788450703782,NEAR,B,Open Long,1.9836,453.9,0.435771,0.0,16723.6,0639
1788450703782,NEAR,B,Open Long,1.9837,211.5,0.203063,0.0,17177.5,0639
1788450703782,NEAR,B,Open Long,1.9837,111.3,0.106859,0.0,17389.0,0639
1788450704382,NEAR,B,Open Long,1.9834,500.5,0.480462,0.0,17500.3,0640
1788450704382,NEAR,B,Open Long,1.9836,500.5,0.480511,0.0,18000.8,0640
1788450704382,NEAR,B,Open Long,1.9836,201.7,0.193644,0.0,18501.3,0640
1788450704382,NEAR,B,Open Long,1.9837,40.0,0.038403,0.0,18703.0,0640
1788450704382,NEAR,B,Open Long,1.9838,334.9,0.321556,0.0,18743.0,0640
1788450704382,NEAR,B,Open Long,1.9838,201.6,0.193567,0.0,19077.9,0640
1788450704382,NEAR,B,Open Long,1.9838,500.5,0.480559,0.0,19279.5,0640
1788450704382,NEAR,B,Open Long,1.9838,207.4,0.199137,0.0,19780.0,0640
1788450704382,NEAR,B,Open Long,1.9839,12.9,0.012386,0.0,19987.4,0640
1788452181800,NEAR,A,Close Long,1.9674,460.8,0.438782,3.456,20000.3,0641
1788452181800,NEAR,A,Close Long,1.9674,460.8,0.438782,3.456,19539.5,0641
1788452181800,NEAR,A,Close Long,1.9673,481.7,0.45866,3.56458,19078.7,0641
1788452181800,NEAR,A,Close Long,1.9671,200.0,0.190415,1.44,18597.0,0641
1788452181800,NEAR,A,Close Long,1.9671,508.3,0.483939,3.65976,18397.0,0641
1788452181800,NEAR,A,Close Long,1.967,624.5,0.594541,4.43395,17888.7,0641
1788452181800,NEAR,A,Close Long,1.9669,200.0,0.190395,1.4,17264.2,0641
1788452181800,NEAR,A,Close Long,1.9669,624.6,0.594605,4.3722,17064.2,0641
1788452181800,NEAR,A,Close Long,1.9669,848.0,0.807278,5.936,16439.6,0641
1788452181800,NEAR,A,Close Long,1.9668,25.4,0.024178,0.17526,15591.6,0641
1788452181800,NEAR,A,Close Long,1.9668,70.9,0.067491,0.48921,15566.2,0641
1788452181800,NEAR,A,Close Long,1.9668,200.0,0.190386,1.38,15495.3,0641
1788452181800,NEAR,A,Close Long,1.9668,295.0,0.280819,2.0355,15295.3,0641
1788453942421,NEAR,B,Open Long,1.9858,151.0,0.145129,0.0,15000.3,0642
1788453942421,NEAR,B,Open Long,1.9858,503.5,0.483927,0.0,15151.3,0642
1788453942421,NEAR,B,Open Long,1.9859,1296.5,1.246163,0.0,15654.8,0642
1788453942421,NEAR,B,Open Long,1.9864,549.0,0.527817,0.0,16951.3,0642
1788455231543,NEAR,B,Open Long,1.9906,24.6,0.0237,0.0,17500.3,0643
1788455231543,NEAR,B,Open Long,1.9907,25.1,0.024183,0.0,17524.9,0643
1788455231543,NEAR,B,Open Long,1.991,667.4,0.643135,0.0,17550.0,0643
1788455231543,NEAR,B,Open Long,1.991,481.9,0.464379,0.0,18217.4,0643
1788455231543,NEAR,B,Open Long,1.9911,555.6,0.535426,0.0,18699.3,0643
1788455231543,NEAR,B,Open Long,1.9911,621.9,0.599319,0.0,19254.9,0643
1788455231543,NEAR,B,Open Long,1.9913,123.5,0.119027,0.0,19876.8,0643
1788459022045,NEAR,B,Open Long,2.0211,35.4,0.034628,0.0,20000.3,0644
1788459022045,NEAR,B,Open Long,2.0211,148.5,0.145264,0.0,20035.7,0644
1788459022045,NEAR,B,Open Long,2.0211,464.3,0.454183,0.0,20184.2,0644
1788459022045,NEAR,B,Open Long,2.0214,450.0,0.44026,0.0,20648.5,0644
1788459022045,NEAR,B,Open Long,2.0215,496.3,0.485582,0.0,21098.5,0644
1788459022045,NEAR,B,Open Long,2.0216,905.5,0.885989,0.0,21594.8,0644
1788462938218,NEAR,A,Close Long,1.9899,25.1,0.024173,0.421931,22500.3,0645
1788462938218,NEAR,A,Close Long,1.9898,771.7,0.743195,12.895107,22475.2,0645
1788462938218,NEAR,A,Close Long,1.9896,6.5,0.006259,0.107315,21703.5,0645
1788462938218,NEAR,A,Close Long,1.9896,7.4,0.007125,0.122174,21697.0,0645
1788462938218,NEAR,A,Close Long,1.9896,4995.3,4.810305,82.472403,21689.6,0645
1788462938218,NEAR,A,Close Long,1.9896,4995.3,4.810305,82.472403,16694.3,0645
1788462938218,NEAR,A,Close Long,1.9895,1451.6,1.39777,23.820756,11699.0,0645
1788462938218,NEAR,A,Close Long,1.9894,838.4,0.807269,13.674304,10247.4,0645
1788462938218,NEAR,A,Close Long,1.9894,452.2,0.435408,7.375382,9409.0,0645
1788462938218,NEAR,A,Close Long,1.9894,201.1,0.193632,3.279941,8956.8,0645
1788462938218,NEAR,A,Close Long,1.9894,215.3,0.207305,3.511543,8755.7,0645
1788462938218,NEAR,A,Close Long,1.9894,156.9,0.151073,2.559039,8540.4,0645
1788462938218,NEAR,A,Close Long,1.9893,336.7,0.324181,5.457907,8383.5,0645
1788462938218,NEAR,A,Close Long,1.9893,254.1,0.244652,4.118961,8046.8,0645
1788462938218,NEAR,A,Close Long,1.9892,75.4,0.072592,1.214694,7792.7,0645
1788462938218,NEAR,A,Close Long,1.9891,97.5,0.093864,1.560975,7717.3,0645
1788462938218,NEAR,A,Close Long,1.9891,94.0,0.090495,1.50494,7619.8,0645
1788462938218,NEAR,A,Close Long,1.9891,956.9,0.921229,15.319969,7525.8,0645
1788462938218,NEAR,A,Close Long,1.9891,346.3,0.33339,5.544263,6568.9,0645
1788462938218,NEAR,A,Close Long,1.9891,285.3,0.274665,4.567653,6222.6,0645
1788462938218,NEAR,A,Close Long,1.989,6.5,0.006256,0.103415,5937.3,0645
1788462938218,NEAR,A,Close Long,1.989,838.6,0.807299,13.342126,5930.8,0645
1788462938218,NEAR,A,Close Long,1.989,3141.6,3.024342,49.982856,5092.2,0645
1788462938218,NEAR,A,Close Long,1.9889,362.7,0.349144,5.734287,1950.6,0645
1788462938218,NEAR,A,Close Long,1.9889,638.6,0.614733,10.096266,1587.9,0645
1788462938218,NEAR,A,Close Long,1.9888,949.3,0.913775,14.913503,949.3,0645
1788463333173,CASHCAT,B,Open Long,0.30613,1000.0,0.148166,0.0,0.0,0646
1788463333173,CASHCAT,B,Open Long,0.3062,632.0,0.093662,0.0,1000.0,0646
1788463334899,CASHCAT,B,Open Long,0.30589,326.0,0.048264,0.0,1632.0,0647
1788463334899,CASHCAT,B,Open Long,0.3062,1296.0,0.192067,0.0,1958.0,0647
1788463334899,CASHCAT,B,Open Long,0.3062,10.0,0.001481,0.0,3254.0,0647
1788463337111,CASHCAT,B,Open Long,0.30593,326.0,0.04827,0.0,3264.0,0648
1788463337111,CASHCAT,B,Open Long,0.3062,910.0,0.134862,0.0,3590.0,0648
1788463337111,CASHCAT,B,Open Long,0.3062,396.0,0.058686,0.0,4500.0,0648
1788463340727,CASHCAT,B,Open Long,0.30592,326.0,0.048268,0.0,4896.0,0649
1788463340727,CASHCAT,B,Open Long,0.3062,604.0,0.089512,0.0,5222.0,0649
1788463340727,CASHCAT,B,Open Long,0.3062,702.0,0.104036,0.0,5826.0,0649
1788463405374,CASHCAT,B,Open Long,0.30518,478.0,0.070603,0.0,6528.0,0668
1788463405374,CASHCAT,B,Open Long,0.30528,1964.0,0.29019,0.0,7006.0,0668
1788463405374,CASHCAT,B,Open Long,0.30529,839.0,0.12397,0.0,8970.0,0668
1788463463833,CASHCAT,B,Open Long,0.30456,683.0,0.044764,0.0,9809.0,0667
1788463473992,CASHCAT,B,Open Long,0.30432,683.0,0.044729,0.0,10492.0,0666
1788463483370,CASHCAT,B,Open Long,0.30409,683.0,0.044695,0.0,11175.0,0665
1788463483370,CASHCAT,B,Open Long,0.30385,683.0,0.044659,0.0,11858.0,0664
1788463483370,CASHCAT,B,Open Long,0.30362,683.0,0.044626,0.0,12541.0,0663
1788463506028,CASHCAT,B,Open Long,0.30338,683.0,0.04459,0.0,13224.0,0662
1788463514003,CASHCAT,B,Open Long,0.30314,683.0,0.044555,0.0,13907.0,0661
1788463514003,CASHCAT,B,Open Long,0.30291,683.0,0.044521,0.0,14590.0,0660
1788463514545,CASHCAT,B,Open Long,0.30267,683.0,0.044486,0.0,15273.0,0659
1788463519147,CASHCAT,B,Open Long,0.30243,683.0,0.04445,0.0,15956.0,0658
1788463519147,CASHCAT,B,Open Long,0.3022,10.0,0.00065,0.0,16639.0,0657
1788463520127,CASHCAT,B,Open Long,0.3022,673.0,0.043767,0.0,16649.0,0657
1788463552569,CASHCAT,B,Open Long,0.30196,683.0,0.044381,0.0,17322.0,0656
1788463563177,CASHCAT,B,Open Long,0.30173,602.0,0.039089,0.0,18005.0,0655
1788463563177,CASHCAT,B,Open Long,0.30173,81.0,0.005259,0.0,18607.0,0655
1788463563920,CASHCAT,B,Open Long,0.30149,683.0,0.044312,0.0,18688.0,0654
1788463563920,CASHCAT,B,Open Long,0.30125,683.0,0.044277,0.0,19371.0,0653
1788463563920,CASHCAT,B,Open Long,0.30102,683.0,0.044243,0.0,20054.0,0652
1788463563920,CASHCAT,B,Open Long,0.30078,683.0,0.044208,0.0,20737.0,0651
1788463563920,CASHCAT,B,Open Long,0.30055,683.0,0.044174,0.0,21420.0,0650
1788463688323,CASHCAT,B,Open Long,0.30505,1651.0,0.243759,0.0,22103.0,0669
1788463688323,CASHCAT,B,Open Long,0.30514,768.0,0.113423,0.0,23754.0,0669
1788463688323,CASHCAT,B,Open Long,0.30514,50.0,0.007383,0.0,24522.0,0669
1788463688323,CASHCAT,B,Open Long,0.30523,246.0,0.036341,0.0,24572.0,0669
1788463688323,CASHCAT,B,Open Long,0.30533,566.0,0.083642,0.0,24818.0,0669
1788463689015,CASHCAT,B,Open Long,0.30545,768.0,0.113538,0.0,25384.0,0670
1788463689015,CASHCAT,B,Open Long,0.30545,50.0,0.007391,0.0,26152.0,0670
1788463689015,CASHCAT,B,Open Long,0.30553,251.0,0.037116,0.0,26202.0,0670
1788463689015,CASHCAT,B,Open Long,0.30553,225.0,0.033271,0.0,26453.0,0670
1788463689015,CASHCAT,B,Open Long,0.30554,1987.0,0.293839,0.0,26678.0,0670
1788463727262,CASHCAT,B,Open Long,0.30675,3281.0,0.487119,0.0,28665.0,0671
1788463737524,CASHCAT,B,Open Long,0.30826,324.0,0.048339,0.0,31946.0,0672
1788463737524,CASHCAT,B,Open Long,0.30826,442.0,0.065945,0.0,32270.0,0672
1788463737524,CASHCAT,B,Open Long,0.30839,2274.0,0.339418,0.0,32712.0,0672
1788463737524,CASHCAT,B,Open Long,0.30855,49.0,0.007316,0.0,34986.0,0672
1788463737524,CASHCAT,B,Open Long,0.30857,192.0,0.028674,0.0,35035.0,0672
1788463737875,CASHCAT,B,Open Long,0.30857,2082.0,0.310942,0.0,35227.0,0673
1788463737875,CASHCAT,B,Open Long,0.30857,255.0,0.038083,0.0,37309.0,0673
1788463737875,CASHCAT,B,Open Long,0.30858,944.0,0.140988,0.0,37564.0,0673
1788463771603,CASHCAT,B,Open Long,0.30855,324.0,0.048385,0.0,38508.0,0674
1788463771603,CASHCAT,B,Open Long,0.30885,743.0,0.111065,0.0,38832.0,0674
1788463771603,CASHCAT,B,Open Long,0.30886,744.0,0.111219,0.0,39575.0,0674
1788463771603,CASHCAT,B,Open Long,0.30886,47.0,0.007025,0.0,40319.0,0674
1788463771603,CASHCAT,B,Open Long,0.30892,856.0,0.127986,0.0,40366.0,0674
1788463771603,CASHCAT,B,Open Long,0.30894,567.0,0.08478,0.0,41222.0,0674
1788463799703,CASHCAT,B,Open Long,0.30863,63.0,0.00941,0.0,41789.0,0675
1788463799703,CASHCAT,B,Open Long,0.30886,8.0,0.001195,0.0,41852.0,0675
1788463799703,CASHCAT,B,Open Long,0.30886,194.0,0.028999,0.0,41860.0,0675
1788463799703,CASHCAT,B,Open Long,0.309,3016.0,0.45106,0.0,42054.0,0675
1788463879779,CASHCAT,B,Open Long,0.30166,331.0,0.048326,0.0,45070.0,0676
1788463879779,CASHCAT,B,Open Long,0.30177,2274.0,0.332132,0.0,45401.0,0676
1788463879779,CASHCAT,B,Open Long,0.30177,676.0,0.098733,0.0,47675.0,0676
1788463880180,CASHCAT,B,Open Long,0.30178,84.0,0.012268,0.0,48351.0,0677
1788463880180,CASHCAT,B,Open Long,0.3019,2274.0,0.332275,0.0,48435.0,0677
1788463880180,CASHCAT,B,Open Long,0.302,500.0,0.073084,0.0,50709.0,0677
1788463880180,CASHCAT,B,Open Long,0.30201,423.0,0.061831,0.0,51209.0,0677
1788464053646,CASHCAT,A,Close Long,0.3014,2154.0,0.314219,-8.33598,51632.0,0678
1788464053646,CASHCAT,A,Close Long,0.301,3078.0,0.448414,-13.14306,49478.0,0678
1788464053646,CASHCAT,A,Close Long,0.301,3322.0,0.483962,-14.18494,46400.0,0678
1788464053646,CASHCAT,A,Close Long,0.301,3322.0,0.483962,-14.18494,43078.0,0678
1788464053646,CASHCAT,A,Close Long,0.30096,398.0,0.057974,-1.71538,39756.0,0678
1788464053646,CASHCAT,A,Close Long,0.30096,398.0,0.057974,-1.71538,39358.0,0678
1788464053646,CASHCAT,A,Close Long,0.30096,398.0,0.057974,-1.71538,38960.0,0678
1788464053646,CASHCAT,A,Close Long,0.30095,332.0,0.048358,-1.43424,38562.0,0678
1788464053646,CASHCAT,A,Close Long,0.30088,525.0,0.076453,-2.30475,38230.0,0678
1788464053646,CASHCAT,A,Close Long,0.30087,398.0,0.057956,-1.7512,37705.0,0678
1788464053646,CASHCAT,A,Close Long,0.30087,398.0,0.057956,-1.7512,37307.0,0678
1788464053646,CASHCAT,A,Close Long,0.30087,398.0,0.057956,-1.7512,36909.0,0678
1788464053646,CASHCAT,A,Close Long,0.30084,997.0,0.145168,-4.41671,36511.0,0678
1788464053646,CASHCAT,A,Close Long,0.30082,1329.0,0.193497,-5.91405,35514.0,0678
1788464053646,CASHCAT,A,Close Long,0.3008,722.0,0.105113,-3.22734,34185.0,0678
1788464053646,CASHCAT,A,Close Long,0.3008,47.0,0.006841,-0.21009,33463.0,0678
1788464053646,CASHCAT,A,Close Long,0.3008,166.0,0.024167,-0.74202,33416.0,0678
1788464053646,CASHCAT,A,Close Long,0.3008,1662.0,0.241964,-7.42914,33250.0,0678
1788464053646,CASHCAT,A,Close Long,0.3008,1662.0,0.241964,-7.42914,31588.0,0678
1788464053646,CASHCAT,A,Close Long,0.3008,1662.0,0.241964,-7.42914,29926.0,0678
1788464053646,CASHCAT,A,Close Long,0.3008,1662.0,0.241964,-7.42914,28264.0,0678
1788464053646,CASHCAT,A,Close Long,0.3008,332.0,0.048334,-1.48404,26602.0,0678
1788464053646,CASHCAT,A,Close Long,0.30078,398.0,0.057939,-1.78702,26270.0,0678
1788464053646,CASHCAT,A,Close Long,0.30078,398.0,0.057939,-1.78702,25872.0,0678
1788464053646,CASHCAT,A,Close Long,0.30078,398.0,0.057939,-1.78702,25474.0,0678
1788464053646,CASHCAT,A,Close Long,0.30077,4659.0,0.678222,-20.9655,25076.0,0678
1788464053646,CASHCAT,A,Close Long,0.30075,332.0,0.048326,-1.50064,20417.0,0678
1788464053646,CASHCAT,A,Close Long,0.30072,3325.0,0.483948,-15.12875,20085.0,0678
1788464053646,CASHCAT,A,Close Long,0.3007,332.0,0.048318,-1.51724,16760.0,0678
1788464053646,CASHCAT,A,Close Long,0.30069,399.0,0.058067,-1.82742,16428.0,0678
1788464053646,CASHCAT,A,Close Long,0.30069,399.0,0.058067,-1.82742,16029.0,0678
1788464053646,CASHCAT,A,Close Long,0.30065,665.0,0.096766,-3.0723,15630.0,0678
1788464053646,CASHCAT,A,Close Long,0.30062,1646.0,0.239493,-7.6539,14965.0,0678
1788464053646,CASHCAT,A,Close Long,0.30061,997.0,0.145057,-4.64602,13319.0,0678
1788464053646,CASHCAT,A,Close Long,0.3006,166.0,0.02415,-0.77522,12322.0,0678
1788464053646,CASHCAT,A,Close Long,0.3006,332.0,0.048301,-1.55044,12156.0,0678
1788464053646,CASHCAT,A,Close Long,0.3006,2395.0,0.348448,-11.18465,11824.0,0678
1788464053646,CASHCAT,A,Close Long,0.3006,2395.0,0.348448,-11.18465,9429.0,0678
1788464053646,CASHCAT,A,Close Long,0.3006,3326.0,0.4839,-15.53242,7034.0,0678
1788464053646,CASHCAT,A,Close Long,0.3006,399.0,0.058049,-1.86333,3708.0,0678
1788464053646,CASHCAT,A,Close Long,0.3006,399.0,0.058049,-1.86333,3309.0,0678
1788464053646,CASHCAT,A,Close Long,0.3006,2910.0,0.423376,-13.5897,2910.0,0678
1788464388913,CASHCAT,B,Open Long,0.30138,98.0,0.014294,0.0,0.0,0679
1788464388913,CASHCAT,B,Open Long,0.30138,780.0,0.113776,0.0,98.0,0679
1788464388913,CASHCAT,B,Open Long,0.3014,80.0,0.01167,0.0,878.0,0679
1788464388913,CASHCAT,B,Open Long,0.3014,878.0,0.128079,0.0,958.0,0679
1788464388913,CASHCAT,B,Open Long,0.30165,292.0,0.042631,0.0,1836.0,0679
1788464388913,CASHCAT,B,Open Long,0.30167,292.0,0.042633,0.0,2128.0,0679
1788464388913,CASHCAT,B,Open Long,0.3017,2295.0,0.335122,0.0,2420.0,0679
1788464388913,CASHCAT,B,Open Long,0.30183,2394.0,0.349729,0.0,4715.0,0679
1788464388913,CASHCAT,B,Open Long,0.30183,251.0,0.036666,0.0,7109.0,0679
1788464388913,CASHCAT,B,Open Long,0.30184,2295.0,0.335277,0.0,7360.0,0679
1788464388913,CASHCAT,B,Open Long,0.30198,2394.0,0.349903,0.0,9655.0,0679
1788464388913,CASHCAT,B,Open Long,0.30202,2295.0,0.335477,0.0,12049.0,0679
1788464388913,CASHCAT,B,Open Long,0.30204,448.0,0.065491,0.0,14344.0,0679
1788464388913,CASHCAT,B,Open Long,0.30204,49.0,0.007162,0.0,14792.0,0679
1788464388913,CASHCAT,B,Open Long,0.30208,1750.0,0.255861,0.0,14841.0,0679
1788464429168,CASHCAT,B,Open Long,0.30344,3273.0,0.480688,0.0,16591.0,0680
1788464429168,CASHCAT,B,Open Long,0.30374,269.0,0.039545,0.0,19864.0,0680
1788464429168,CASHCAT,B,Open Long,0.30375,287.0,0.042192,0.0,20133.0,0680
1788464429168,CASHCAT,B,Open Long,0.30376,34.0,0.004997,0.0,20420.0,0680
1788464429168,CASHCAT,B,Open Long,0.30392,2369.0,0.348472,0.0,20454.0,0680
1788464429168,CASHCAT,B,Open Long,0.30396,3273.0,0.481512,0.0,22823.0,0680
1788464429168,CASHCAT,B,Open Long,0.30415,2394.0,0.352416,0.0,26096.0,0680
1788464429168,CASHCAT,B,Open Long,0.30415,2295.0,0.337843,0.0,28490.0,0680
1788464429168,CASHCAT,B,Open Long,0.30428,500.0,0.073635,0.0,30785.0,0680
1788464429168,CASHCAT,B,Open Long,0.30429,1897.0,0.279382,0.0,31285.0,0680
1788464684152,CASHCAT,B,Open Long,0.30346,76.0,0.011162,0.0,33182.0,0681
1788464684152,CASHCAT,B,Open Long,0.3035,868.0,0.127503,0.0,33258.0,0681
1788464684152,CASHCAT,B,Open Long,0.30352,871.0,0.127952,0.0,34126.0,0681
1788464684152,CASHCAT,B,Open Long,0.30359,744.0,0.109321,0.0,34997.0,0681
1788464684152,CASHCAT,B,Open Long,0.30372,467.0,0.068648,0.0,35741.0,0681
1788464684152,CASHCAT,B,Open Long,0.30376,55.0,0.008085,0.0,36208.0,0681
1788464684152,CASHCAT,B,Open Long,0.30383,500.0,0.073526,0.0,36263.0,0681
1788464684152,CASHCAT,B,Open Long,0.30384,55.0,0.008088,0.0,36763.0,0681
1788464684152,CASHCAT,B,Open Long,0.30384,55.0,0.008088,0.0,36818.0,0681
1788464684152,CASHCAT,B,Open Long,0.30384,500.0,0.073529,0.0,36873.0,0681
1788464684152,CASHCAT,B,Open Long,0.30385,248.0,0.036471,0.0,37373.0,0681
1788464684152,CASHCAT,B,Open Long,0.30389,500.0,0.07354,0.0,37621.0,0681
1788464684152,CASHCAT,B,Open Long,0.3039,61.0,0.008971,0.0,38121.0,0681
1788464686163,CASHCAT,B,Open Long,0.30376,55.0,0.008085,0.0,38182.0,0682
1788464686163,CASHCAT,B,Open Long,0.30389,467.0,0.068686,0.0,38237.0,0682
1788464686163,CASHCAT,B,Open Long,0.304,13.0,0.001912,0.0,38704.0,0682
1788464686163,CASHCAT,B,Open Long,0.304,55.0,0.008092,0.0,38717.0,0682
1788464686163,CASHCAT,B,Open Long,0.304,55.0,0.008092,0.0,38772.0,0682
1788464686163,CASHCAT,B,Open Long,0.30408,55.0,0.008094,0.0,38827.0,0682
1788464686163,CASHCAT,B,Open Long,0.30416,55.0,0.008095,0.0,38882.0,0682
1788464686163,CASHCAT,B,Open Long,0.3042,133.0,0.019581,0.0,38937.0,0682
1788464686163,CASHCAT,B,Open Long,0.30421,750.0,0.110427,0.0,39070.0,0682
1788464686163,CASHCAT,B,Open Long,0.30421,49.0,0.007214,0.0,39820.0,0682
1788464686163,CASHCAT,B,Open Long,0.30424,55.0,0.008098,0.0,39869.0,0682
1788464686163,CASHCAT,B,Open Long,0.30424,394.0,0.058017,0.0,39924.0,0682
1788464686163,CASHCAT,B,Open Long,0.30424,394.0,0.058017,0.0,40318.0,0682
1788464686163,CASHCAT,B,Open Long,0.30432,55.0,0.0081,0.0,40712.0,0682
1788464686163,CASHCAT,B,Open Long,0.30432,55.0,0.0081,0.0,40767.0,0682
1788464686163,CASHCAT,B,Open Long,0.30432,55.0,0.0081,0.0,40822.0,0682
1788464686163,CASHCAT,B,Open Long,0.30432,394.0,0.058032,0.0,40877.0,0682
1788464686163,CASHCAT,B,Open Long,0.3044,55.0,0.008102,0.0,41271.0,0682
1788464686163,CASHCAT,B,Open Long,0.3044,55.0,0.008102,0.0,41326.0,0682
1788464686163,CASHCAT,B,Open Long,0.3044,328.0,0.048323,0.0,41381.0,0682
1788464686163,CASHCAT,B,Open Long,0.3044,394.0,0.058047,0.0,41709.0,0682
1788464686163,CASHCAT,B,Open Long,0.3044,394.0,0.058047,0.0,42103.0,0682
1788464686163,CASHCAT,B,Open Long,0.30444,276.0,0.040667,0.0,42497.0,0682
1788464686163,CASHCAT,B,Open Long,0.30448,55.0,0.008104,0.0,42773.0,0682
1788464686163,CASHCAT,B,Open Long,0.30448,354.0,0.052167,0.0,42828.0,0682
1788464688108,CASHCAT,B,Open Long,0.30376,55.0,0.008085,0.0,43182.0,0683
1788464688108,CASHCAT,B,Open Long,0.30382,872.0,0.128226,0.0,43237.0,0683
1788464688108,CASHCAT,B,Open Long,0.30384,55.0,0.008088,0.0,44109.0,0683
1788464688108,CASHCAT,B,Open Long,0.30384,55.0,0.008088,0.0,44164.0,0683
1788464688108,CASHCAT,B,Open Long,0.30384,55.0,0.008088,0.0,44219.0,0683
1788464688108,CASHCAT,B,Open Long,0.30384,872.0,0.128234,0.0,44274.0,0683
1788464688108,CASHCAT,B,Open Long,0.3041,467.0,0.068734,0.0,45146.0,0683
1788464688108,CASHCAT,B,Open Long,0.30416,55.0,0.008095,0.0,45613.0,0683
1788464688108,CASHCAT,B,Open Long,0.3042,259.0,0.038132,0.0,45668.0,0683
1788464688108,CASHCAT,B,Open Long,0.30424,55.0,0.008098,0.0,45927.0,0683
1788464688108,CASHCAT,B,Open Long,0.30435,270.0,0.039772,0.0,45982.0,0683
1788464688108,CASHCAT,B,Open Long,0.30435,291.0,0.042865,0.0,46252.0,0683
1788464688108,CASHCAT,B,Open Long,0.30446,500.0,0.073679,0.0,46543.0,0683
1788464688108,CASHCAT,B,Open Long,0.30447,1139.0,0.167846,0.0,47043.0,0683
1788465366107,CASHCAT,B,Open Long,0.30078,332.0,0.04833,0.0,48182.0,0684
1788465366107,CASHCAT,B,Open Long,0.3009,166.0,0.024174,0.0,48514.0,0684
1788465366107,CASHCAT,B,Open Long,0.30094,537.0,0.078216,0.0,48680.0,0684
1788465366107,CASHCAT,B,Open Long,0.30094,343.0,0.049959,0.0,49217.0,0684
1788465366107,CASHCAT,B,Open Long,0.30096,343.0,0.049962,0.0,49560.0,0684
1788465366107,CASHCAT,B,Open Long,0.30096,165.0,0.024033,0.0,49903.0,0684
1788465366107,CASHCAT,B,Open Long,0.30096,291.0,0.042387,0.0,50068.0,0684
1788465366107,CASHCAT,B,Open Long,0.30096,81.0,0.011798,0.0,50359.0,0684
1788465366107,CASHCAT,B,Open Long,0.30103,474.0,0.06906,0.0,50440.0,0684
1788465366107,CASHCAT,B,Open Long,0.30105,166.0,0.024187,0.0,50914.0,0684
1788465366107,CASHCAT,B,Open Long,0.30109,429.0,0.062516,0.0,51080.0,0684
1788465422999,CASHCAT,B,Open Long,0.30091,498.0,0.072528,0.0,51509.0,0685
1788465422999,CASHCAT,B,Open Long,0.30092,1408.0,0.205068,0.0,52007.0,0685
1788465422999,CASHCAT,B,Open Long,0.30092,879.0,0.128021,0.0,53415.0,0685
1788465422999,CASHCAT,B,Open Long,0.30093,67.0,0.009758,0.0,54294.0,0685
1788465422999,CASHCAT,B,Open Long,0.30094,475.0,0.069185,0.0,54361.0,0685
1788465484032,CASHCAT,B,Open Long,0.30068,365.0,0.023616,0.0,54836.0,0686
1788465485044,CASHCAT,B,Open Long,0.30068,156.0,0.010093,0.0,55201.0,0686
1788465508884,CASHCAT,B,Open Long,0.30054,242.0,0.035201,0.0,55357.0,0689
1788465508884,CASHCAT,B,Open Long,0.30054,65.0,0.009454,0.0,55599.0,0689
1788465508884,CASHCAT,B,Open Long,0.30054,831.0,0.120877,0.0,55664.0,0689
1788465508884,CASHCAT,B,Open Long,0.30054,472.0,0.068657,0.0,56495.0,0689
1788465508884,CASHCAT,B,Open Long,0.30054,100.0,0.014545,0.0,56967.0,0689
1788465508884,CASHCAT,B,Open Long,0.30056,65.0,0.009454,0.0,57067.0,0689
1788465508884,CASHCAT,B,Open Long,0.30056,341.0,0.049605,0.0,57132.0,0689
1788465508884,CASHCAT,B,Open Long,0.30056,341.0,0.049605,0.0,57473.0,0689
1788465508884,CASHCAT,B,Open Long,0.30056,131.0,0.019056,0.0,57814.0,0689
1788465508884,CASHCAT,B,Open Long,0.30057,332.0,0.048297,0.0,57945.0,0689
1788465508884,CASHCAT,B,Open Long,0.3006,61.0,0.008874,0.0,58277.0,0689
1788465508884,CASHCAT,B,Open Long,0.30069,831.0,0.120938,0.0,58338.0,0689
1788465508884,CASHCAT,B,Open Long,0.30074,1180.0,0.171758,0.0,59169.0,0689
1788465584050,CASHCAT,B,Open Long,0.30043,327.0,0.021141,0.0,60349.0,0687
1788465588707,CASHCAT,B,Open Long,0.30043,139.0,0.008985,0.0,60676.0,0687
1788465589511,CASHCAT,B,Open Long,0.30043,55.0,0.003555,0.0,60815.0,0687
1788465606946,CASHCAT,B,Open Long,0.30018,521.0,0.033655,0.0,60870.0,0688
1788465854406,CASHCAT,B,Open Long,0.30121,3273.0,0.477156,0.0,61391.0,0690
1788465854406,CASHCAT,B,Open Long,0.30121,1713.0,0.24973,0.0,64664.0,0690
1788466089389,CASHCAT,B,Open Long,0.30372,1000.0,0.147,0.0,66377.0,0691
1788466089389,CASHCAT,B,Open Long,0.3039,48.0,0.007059,0.0,67377.0,0691
1788466089389,CASHCAT,B,Open Long,0.30399,259.0,0.038106,0.0,67425.0,0691
1788466089389,CASHCAT,B,Open Long,0.30412,3679.0,0.541526,0.0,67684.0,0691
1788469189763,CASHCAT,B,Open Long,0.30076,879.0,0.127953,0.0,71363.0,0692
1788469189763,CASHCAT,B,Open Long,0.30078,78.0,0.011354,0.0,72242.0,0692
1788469189763,CASHCAT,B,Open Long,0.30078,801.0,0.116607,0.0,72320.0,0692
1788469189763,CASHCAT,B,Open Long,0.30078,1572.0,0.228847,0.0,73121.0,0692
1788469539343,CASHCAT,B,Open Long,0.30944,85.0,0.01273,0.0,74693.0,0693
1788469539343,CASHCAT,B,Open Long,0.30961,3245.0,0.486266,0.0,74778.0,0693
1788469539611,CASHCAT,B,Open Long,0.30999,3273.0,0.491064,0.0,78023.0,0694
1788469539611,CASHCAT,B,Open Long,0.31,57.0,0.008552,0.0,81296.0,0694
1788470171164,CASHCAT,B,Open Long,0.30766,860.0,0.128059,0.0,81353.0,0695
1788470171164,CASHCAT,B,Open Long,0.30768,329.0,0.048993,0.0,82213.0,0695
1788470171164,CASHCAT,B,Open Long,0.30768,531.0,0.079074,0.0,82542.0,0695
1788470171164,CASHCAT,B,Open Long,0.30791,457.0,0.068105,0.0,83073.0,0695
1788470171164,CASHCAT,B,Open Long,0.30793,655.0,0.097619,0.0,83530.0,0695
1788470171164,CASHCAT,B,Open Long,0.30793,42.0,0.006259,0.0,84185.0,0695
1788470171164,CASHCAT,B,Open Long,0.30824,456.0,0.068029,0.0,84227.0,0695
1788470435351,CASHCAT,B,Open Long,0.31122,1859.0,0.280021,0.0,84683.0,0696
1788470435351,CASHCAT,B,Open Long,0.31128,321.0,0.048361,0.0,86542.0,0696
1788470435351,CASHCAT,B,Open Long,0.31137,1150.0,0.173307,0.0,86863.0,0696
1788470441362,CASHCAT,B,Open Long,0.31096,321.0,0.048311,0.0,88013.0,0697
1788470441362,CASHCAT,B,Open Long,0.31108,2254.0,0.339367,0.0,88334.0,0697
1788470441362,CASHCAT,B,Open Long,0.31109,755.0,0.113678,0.0,90588.0,0697
1788470583093,CASHCAT,A,Close Long,0.30762,2.0,0.000297,0.007338,91343.0,0698
1788470583093,CASHCAT,A,Close Long,0.30762,622.0,0.092607,2.282118,91341.0,0698
1788470583093,CASHCAT,A,Close Long,0.30755,2254.0,0.335516,8.112146,90719.0,0698
1788470583093,CASHCAT,A,Close Long,0.30743,813.0,0.120971,2.828427,88465.0,0698
1788470583093,CASHCAT,A,Close Long,0.30743,1859.0,0.276611,6.467461,87652.0,0698
1788470583093,CASHCAT,A,Close Long,0.30742,2254.0,0.335375,7.819126,85793.0,0698
1788470583093,CASHCAT,A,Close Long,0.30731,40.0,0.005949,0.13436,83539.0,0698
1788470583093,CASHCAT,A,Close Long,0.30731,622.0,0.092514,2.089298,83499.0,0698
1788470583093,CASHCAT,A,Close Long,0.30729,2121.0,0.315452,7.082019,82877.0,0698
1788470583093,CASHCAT,A,Close Long,0.30729,515.0,0.076594,1.719585,80756.0,0698
1788470583093,CASHCAT,A,Close Long,0.30729,564.0,0.083882,1.883196,80241.0,0698
1788470583093,CASHCAT,A,Close Long,0.30729,813.0,0.120915,2.714607,79677.0,0698
1788470583093,CASHCAT,A,Close Long,0.30728,1539.0,0.228885,5.123331,78864.0,0698
1788470583093,CASHCAT,A,Close Long,0.30708,593.0,0.088134,1.855497,77325.0,0698
1788470583093,CASHCAT,A,Close Long,0.30705,2254.0,0.334971,6.985146,76732.0,0698
1788470583093,CASHCAT,A,Close Long,0.30704,1859.0,0.27626,5.742451,74478.0,0698
1788470583093,CASHCAT,A,Close Long,0.307,40.0,0.005943,0.12196,72619.0,0698
1788470583093,CASHCAT,A,Close Long,0.307,623.0,0.09257,1.899527,72579.0,0698
1788470583093,CASHCAT,A,Close Long,0.30694,613.0,0.091066,1.832257,71956.0,0698
1788470780444,CASHCAT,B,Open Long,0.30792,324.0,0.048286,0.0,71343.0,0699
1788470780444,CASHCAT,B,Open Long,0.30806,1027.0,0.153126,0.0,71667.0,0699
1788470780444,CASHCAT,B,Open Long,0.30823,37.0,0.005519,0.0,72694.0,0699
1788470780444,CASHCAT,B,Open Long,0.3083,1859.0,0.277393,0.0,72731.0,0699
1788470780444,CASHCAT,B,Open Long,0.3083,2254.0,0.336334,0.0,74590.0,0699
1788470780444,CASHCAT,B,Open Long,0.30831,1010.0,0.150713,0.0,76844.0,0699
1788473165403,CASHCAT,A,Close Long,0.29859,3000.0,0.433552,-17.16,77854.0,0700
1788473165403,CASHCAT,A,Close Long,0.29842,707.0,0.102115,-4.16423,74854.0,0700
1788473165403,CASHCAT,A,Close Long,0.29827,334.0,0.048216,-2.01736,74147.0,0700
1788473165403,CASHCAT,A,Close Long,0.29824,392.0,0.056584,-2.37944,73813.0,0700
1788473165403,CASHCAT,A,Close Long,0.29821,2373.0,0.342503,-14.4753,73421.0,0700
1788473165403,CASHCAT,A,Close Long,0.2982,1006.0,0.145193,-6.14666,71048.0,0700
1788473165403,CASHCAT,A,Close Long,0.29816,838.0,0.12093,-5.1537,70042.0,0700
1788473165403,CASHCAT,A,Close Long,0.2981,11.0,0.001586,-0.06831,69204.0,0700
1788473165403,CASHCAT,A,Close Long,0.29809,424.0,0.061172,-2.63728,69193.0,0700
1788473165403,CASHCAT,A,Close Long,0.29805,817.0,0.117856,-5.11442,68769.0,0700
1788473165403,CASHCAT,A,Close Long,0.29805,500.0,0.072127,-3.13,67952.0,0700
1788473165403,CASHCAT,A,Close Long,0.29804,38.0,0.00548,-0.23826,67452.0,0700
1788473165403,CASHCAT,A,Close Long,0.29802,3355.0,0.48393,-21.10295,67414.0,0700
1788473165403,CASHCAT,A,Close Long,0.29801,2373.0,0.342273,-14.9499,64059.0,0700
1788473165403,CASHCAT,A,Close Long,0.298,1006.0,0.145096,-6.34786,61686.0,0700
1788473165403,CASHCAT,A,Close Long,0.29798,157.0,0.022642,-0.99381,60680.0,0700
1788473165403,CASHCAT,A,Close Long,0.29797,2073.0,0.298962,-13.14282,60523.0,0700
1788473165403,CASHCAT,A,Close Long,0.29797,500.0,0.072108,-3.17,58450.0,0700
1788473165403,CASHCAT,A,Close Long,0.29796,34.0,0.004903,-0.2159,57950.0,0700
1788473165403,CASHCAT,A,Close Long,0.29796,788.0,0.113639,-5.0038,57916.0,0700
1788473165403,CASHCAT,A,Close Long,0.2979,400.0,0.057673,-2.564,57128.0,0700
1788473165403,CASHCAT,A,Close Long,0.29788,2373.0,0.342123,-15.25839,56728.0,0700
1788473165403,CASHCAT,A,Close Long,0.29786,817.0,0.117782,-5.26965,54355.0,0700
1788473165403,CASHCAT,A,Close Long,0.29784,684.0,0.098601,-4.42548,53538.0,0700
1788473174520,CASHCAT,A,Close Long,0.30204,178.0,0.026021,-0.40406,52854.0,0701
1788473174520,CASHCAT,A,Close Long,0.30204,41.0,0.005993,-0.09307,52676.0,0701
1788473174520,CASHCAT,A,Close Long,0.30192,498.0,0.072771,-1.19022,52635.0,0701
1788473174520,CASHCAT,A,Close Long,0.30186,2373.0,0.346695,-5.81385,52137.0,0701
1788473174520,CASHCAT,A,Close Long,0.30173,620.0,0.090542,-1.5996,49764.0,0701
1788473174520,CASHCAT,A,Close Long,0.30173,41.0,0.005987,-0.10578,49144.0,0701
1788473174520,CASHCAT,A,Close Long,0.3016,2373.0,0.346396,-6.43083,49103.0,0701
1788473174520,CASHCAT,A,Close Long,0.30148,500.0,0.072958,-1.415,46730.0,0701
1788473174520,CASHCAT,A,Close Long,0.30147,2373.0,0.346247,-6.73932,46230.0,0701
1788473174520,CASHCAT,A,Close Long,0.30142,620.0,0.09045,-1.7918,43857.0,0701
1788473174520,CASHCAT,A,Close Long,0.30142,41.0,0.00598,-0.11849,43237.0,0701
1788473174520,CASHCAT,A,Close Long,0.30137,829.0,0.120919,-2.43726,43196.0,0701
1788473174520,CASHCAT,A,Close Long,0.30137,500.0,0.072931,-1.47,42367.0,0701
1788473174520,CASHCAT,A,Close Long,0.30136,3317.0,0.483811,-9.78515,41867.0,0701
1788473174520,CASHCAT,A,Close Long,0.30132,2373.0,0.346075,-7.09527,38550.0,0701
1788473174520,CASHCAT,A,Close Long,0.30119,2373.0,0.345925,-7.40376,36177.0,0701
1788473174520,CASHCAT,A,Close Long,0.30116,5950.0,0.86728,-18.7425,33804.0,0701
1788473180249,CASHCAT,A,Close Long,0.30169,442.0,0.064539,-1.15804,27854.0,0702
1788473180249,CASHCAT,A,Close Long,0.3016,501.0,0.073133,-1.35771,27412.0,0702
1788473180249,CASHCAT,A,Close Long,0.3016,148.0,0.021603,-0.40108,26911.0,0702
1788473180249,CASHCAT,A,Close Long,0.3016,219.0,0.031968,-0.59349,26763.0,0702
1788473180249,CASHCAT,A,Close Long,0.30158,649.0,0.09473,-1.77177,26544.0,0702
1788473180249,CASHCAT,A,Close Long,0.30156,493.0,0.071954,-1.35575,25895.0,0702
1788473180249,CASHCAT,A,Close Long,0.30146,58.0,0.008462,-0.1653,25402.0,0702
1788473180249,CASHCAT,A,Close Long,0.30144,829.0,0.120948,-2.37923,25344.0,0702
1788473180249,CASHCAT,A,Close Long,0.30127,2373.0,0.346017,-7.21392,24515.0,0702
1788473180249,CASHCAT,A,Close Long,0.30126,829.0,0.120875,-2.52845,22142.0,0702
1788473180249,CASHCAT,A,Close Long,0.30122,3319.0,0.483877,-10.25571,21313.0,0702
1788473180249,CASHCAT,A,Close Long,0.30113,500.0,0.072872,-1.59,17994.0,0702
1788473180249,CASHCAT,A,Close Long,0.30112,2373.0,0.345845,-7.56987,17494.0,0702
1788473180249,CASHCAT,A,Close Long,0.30111,120.0,0.017488,-0.384,15121.0,0702
1788473180249,CASHCAT,A,Close Long,0.30111,41.0,0.005974,-0.1312,15001.0,0702
1788473180249,CASHCAT,A,Close Long,0.3011,1153.0,0.168028,-3.70113,14960.0,0702
1788473180249,CASHCAT,A,Close Long,0.30106,13442.0,1.958673,-43.6865,13807.0,0702
1788473180249,CASHCAT,A,Close Long,0.30094,365.0,0.053163,-1.23005,365.0,0702
1788477548097,HYPE,B,Open Long,86.768,47.25,1.984296,0.0,0.0,0703
1788477548097,HYPE,B,Open Long,86.77,47.25,1.984342,0.0,47.25,0703
1788477548097,HYPE,B,Open Long,86.77,117.22,4.922849,0.0,94.5,0703
1788477548097,HYPE,B,Open Long,86.77,38.28,1.607632,0.0,211.72,0703
1788477605485,HYPE,B,Open Long,86.784,55.9,2.347992,0.0,250.0,0704
1788477605485,HYPE,B,Open Long,86.784,59.58,2.502565,0.0,305.9,0704
1788477605485,HYPE,B,Open Long,86.791,5.76,0.241958,0.0,365.48,0704
1788477605485,HYPE,B,Open Long,86.8,0.4,0.016804,0.0,371.24,0704
1788477605485,HYPE,B,Open Long,86.8,1.33,0.055874,0.0,371.64,0704
1788477605485,HYPE,B,Open Long,86.8,32.13,1.349819,0.0,372.97,0704
1788477605485,HYPE,B,Open Long,86.8,83.09,3.49071,0.0,405.1,0704
1788477605485,HYPE,B,Open Long,86.801,11.81,0.496157,0.0,488.19,0704
1788477620116,HYPE,B,Open Long,86.894,22.4,0.942069,0.0,500.0,0705
1788477620116,HYPE,B,Open Long,86.894,23.01,0.967724,0.0,522.4,0705
1788477620116,HYPE,B,Open Long,86.894,0.28,0.011775,0.0,545.41,0705
1788477620116,HYPE,B,Open Long,86.894,11.5,0.483651,0.0,545.69,0705
1788477620116,HYPE,B,Open Long,86.894,11.5,0.483651,0.0,557.19,0705
1788477620116,HYPE,B,Open Long,86.894,11.5,0.483651,0.0,568.69,0705
1788477620116,HYPE,B,Open Long,86.894,11.5,0.483651,0.0,580.19,0705
1788477620116,HYPE,B,Open Long,86.894,57.54,2.419942,0.0,591.69,0705
1788477620116,HYPE,B,Open Long,86.896,23.02,0.968166,0.0,649.23,0705
1788477620116,HYPE,B,Open Long,86.896,77.75,3.269982,0.0,672.25,0705
1788477671079,HYPE,B,Open Long,87.293,17.18,0.725851,0.0,750.0,0706
1788477671079,HYPE,B,Open Long,87.293,14.02,0.592341,0.0,767.18,0706
1788477671079,HYPE,B,Open Long,87.298,5.72,0.241682,0.0,781.2,0706
1788477671079,HYPE,B,Open Long,87.301,17.18,0.725918,0.0,786.92,0706
1788477671079,HYPE,B,Open Long,87.302,4.58,0.193523,0.0,804.1,0706
1788477671079,HYPE,B,Open Long,87.303,22.91,0.968053,0.0,808.68,0706
1788477671079,HYPE,B,Open Long,87.303,168.41,7.116105,0.0,831.59,0706
1788477864559,HYPE,A,Close Long,86.987,1.78,0.07494,0.08455,1000.0,0707
1788477864559,HYPE,A,Close Long,86.987,15.89,0.668995,0.754775,998.22,0707
1788477864559,HYPE,A,Close Long,86.987,7.82,0.329234,0.37145,982.33,0707
1788477864559,HYPE,A,Close Long,86.987,7.8,0.328392,0.3705,974.51,0707
1788477864559,HYPE,A,Close Long,86.987,45.0,1.894576,2.1375,966.71,0707
1788477864559,HYPE,A,Close Long,86.983,22.99,0.967872,1.000065,921.71,0707
1788477864559,HYPE,A,Close Long,86.982,0.4,0.016839,0.017,898.72,0707
1788477864559,HYPE,A,Close Long,86.981,5.74,0.241647,0.23821,898.32,0707
1788477864559,HYPE,A,Close Long,86.979,22.99,0.967828,0.908105,892.58,0707
1788477864559,HYPE,A,Close Long,86.978,22.99,0.967817,0.885115,869.59,0707
1788477864559,HYPE,A,Close Long,86.973,49.93,2.101799,1.672655,846.6,0707
1788477864559,HYPE,A,Close Long,86.972,11.83,0.497976,0.384475,796.67,0707
1788477864559,HYPE,A,Close Long,86.972,34.84,1.46657,1.1323,784.84,0707
1788478102728,BTC,B,Open Long,81177.0,0.17149,6.737784,0.0,0.0,0708
1788478102728,BTC,B,Open Long,81177.0,0.25,9.822417,0.0,0.17149,0708
1788478102728,BTC,B,Open Long,81177.0,0.1875,7.366812,0.0,0.42149,0708
1788478102728,BTC,B,Open Long,81177.0,0.00014,0.0055,0.0,0.60899,0708
1788478102728,BTC,B,Open Long,81177.0,0.09752,3.831528,0.0,0.60913,0708
1788478102728,BTC,B,Open Long,81177.0,0.1232,4.840486,0.0,0.70665,0708
1788478102728,BTC,B,Open Long,81177.0,0.12321,4.840879,0.0,0.82985,0708
1788478102728,BTC,B,Open Long,81178.0,0.0025,0.098224,0.0,0.95306,0708
1788478102728,BTC,B,Open Long,81178.0,0.00013,0.005107,0.0,0.95556,0708
1788478102728,BTC,B,Open Long,81179.0,0.00018,0.007072,0.0,0.95569,0708
1788478102728,BTC,B,Open Long,81179.0,0.00013,0.005107,0.0,0.95587,0708
1788478102728,BTC,B,Open Long,81181.0,0.00013,0.005107,0.0,0.956,0708
1788478102728,BTC,B,Open Long,81181.0,0.04387,1.723722,0.0,0.95613,0708
1788478165309,HYPE,B,Open Long,87.068,40.19,1.693642,0.0,750.0,0709
1788478165309,HYPE,B,Open Long,87.068,122.0,5.14119,0.0,790.19,0709
1788478165309,HYPE,B,Open Long,87.068,87.81,3.700393,0.0,912.19,0709
1788478193979,BTC,B,Open Long,81252.0,0.5,19.662984,0.0,1.0,0710
1788478248141,HYPE,A,Close Long,86.889,148.09,6.227817,-12.232234,1000.0,0711
1788478248141,HYPE,A,Close Long,86.885,17.26,0.725822,-1.494716,851.91,0711
1788478248141,HYPE,A,Close Long,86.879,5.14,0.216133,-0.475964,834.65,0711
1788478248141,HYPE,A,Close Long,86.873,0.4,0.016817,-0.03944,829.51,0711
1788478248141,HYPE,A,Close Long,86.873,16.87,0.709324,-1.663382,829.11,0711
1788478248141,HYPE,A,Close Long,86.869,5.14,0.216108,-0.527364,812.24,0711
1788478248141,HYPE,A,Close Long,86.869,65.29,2.74509,-6.698754,807.1,0711
1788478248141,HYPE,A,Close Long,86.869,4.6,0.193404,-0.47196,741.81,0711
1788478248141,HYPE,A,Close Long,86.868,0.49,0.020601,-0.050764,737.21,0711
1788478248141,HYPE,A,Close Long,86.867,16.87,0.709275,-1.764602,736.72,0711
1788478248141,HYPE,A,Close Long,86.865,2.0,0.084085,-0.2132,719.85,0711
1788478248141,HYPE,A,Close Long,86.864,5.75,0.241741,-0.6187,717.85,0711
1788478248141,HYPE,A,Close Long,86.863,0.49,0.0206,-0.053214,712.1,0711
1788478248141,HYPE,A,Close Long,86.861,23.78,0.999727,-2.630068,711.61,0711
1788478248141,HYPE,A,Close Long,86.861,4.61,0.193806,-0.509866,687.83,0711
1788478248141,HYPE,A,Close Long,86.859,3.22,0.135367,-0.362572,683.22,0711
1788478248141,HYPE,A,Close Long,86.859,4.61,0.193802,-0.519086,680.0,0711
1788478248141,HYPE,A,Close Long,86.858,5.14,0.216081,-0.583904,675.39,0711
1788478248141,HYPE,A,Close Long,86.858,3.46,0.145455,-0.393056,670.25,0711
1788478248141,HYPE,A,Close Long,86.858,13.54,0.569211,-1.538144,666.79,0711
1788478248141,HYPE,A,Close Long,86.858,30.25,1.271687,-3.4364,653.25,0711
1788478248141,HYPE,A,Close Long,86.858,29.39,1.235533,-3.338704,623.0,0711
1788478248141,HYPE,A,Close Long,86.857,110.66,4.652011,-12.681636,593.61,0711
1788478248141,HYPE,A,Close Long,86.857,97.83,4.112654,-11.211318,482.95,0711
1788478248141,HYPE,A,Close Long,86.856,45.97,1.9325,-5.314132,385.12,0711
1788478248141,HYPE,A,Close Long,86.855,8.6,0.361524,-1.00276,339.15,0711
1788478248141,HYPE,A,Close Long,86.854,255.93,10.758614,-30.097368,330.55,0711
1788478248141,HYPE,A,Close Long,86.853,16.86,0.708741,-1.999596,74.62,0711
1788478248141,HYPE,A,Close Long,86.852,13.14,0.552357,-1.571544,57.76,0711
1788478248141,HYPE,A,Close Long,86.851,44.62,1.87564,-5.381172,44.62,0711
1788479220868,BTC,A,Close Long,81191.0,0.00013,0.005108,-0.001443,1.5,0712
1788479220868,BTC,A,Close Long,81190.0,0.00013,0.005108,-0.001573,1.49987,0712
1788479220868,BTC,A,Close Long,81189.0,0.00013,0.005107,-0.001703,1.49974,0712
1788479220868,BTC,A,Close Long,81184.0,0.0022,0.086444,-0.03982,1.49961,0712
1788479220868,BTC,A,Close Long,81181.0,0.00013,0.005107,-0.002743,1.49741,0712
1788479220868,BTC,A,Close Long,81178.0,0.00125,0.049112,-0.030125,1.49728,0712
1788479220868,BTC,A,Close Long,81177.0,0.00125,0.049111,-0.031375,1.49603,0712
1788479220868,BTC,A,Close Long,81176.0,0.00258,0.101365,-0.067338,1.49478,0712
1788479220868,BTC,A,Close Long,81175.0,0.00061,0.023965,-0.016531,1.4922,0712
1788479220868,BTC,A,Close Long,81174.0,0.00013,0.005107,-0.003653,1.49159,0712
1788479220868,BTC,A,Close Long,81174.0,0.0013,0.051074,-0.03653,1.49146,0712
1788479220868,BTC,A,Close Long,81174.0,0.49016,19.257511,-13.773496,1.49016,0712
1788479225529,BTC,A,Close Long,81173.0,0.12262,4.817461,-3.568242,1.0,0713
1788479225529,BTC,A,Close Long,81173.0,0.12301,4.832783,-3.579591,0.87738,0713
1788479225529,BTC,A,Close Long,81173.0,0.00025,0.009821,-0.007275,0.75437,0713
1788479225529,BTC,A,Close Long,81173.0,0.0025,0.098219,-0.07275,0.75412,0713
1788479225529,BTC,A,Close Long,81172.0,0.00013,0.005107,-0.003913,0.75162,0713
1788479225529,BTC,A,Close Long,81166.0,0.02,0.785686,-0.722,0.75149,0713
1788479225529,BTC,A,Close Long,81166.0,0.0022,0.086425,-0.07942,0.73149,0713
1788479225529,BTC,A,Close Long,81166.0,0.00013,0.005106,-0.004693,0.72929,0713
1788479225529,BTC,A,Close Long,81165.0,0.006,0.235703,-0.2226,0.72916,0713
1788479225529,BTC,A,Close Long,81165.0,0.09,3.535547,-3.339,0.72316,0713
1788479225529,BTC,A,Close Long,81164.0,0.0025,0.098208,-0.09525,0.63316,0713
1788479225529,BTC,A,Close Long,81163.0,0.00123,0.048317,-0.048093,0.63066,0713
1788479225529,BTC,A,Close Long,81163.0,0.0004,0.015712,-0.01564,0.62943,0713
1788479225529,BTC,A,Close Long,81163.0,0.0025,0.098206,-0.09775,0.62903,0713
1788479225529,BTC,A,Close Long,81162.0,0.0025,0.098205,-0.10025,0.62653,0713
1788479225529,BTC,A,Close Long,81161.0,0.00061,0.023961,-0.025071,0.62403,0713
1788479225529,BTC,A,Close Long,81161.0,0.0025,0.098204,-0.10275,0.62342,0713
1788479225529,BTC,A,Close Long,81161.0,0.12092,4.749969,-4.969812,0.62092,0713
1788479228673,BTC,A,Close Long,81161.0,0.04621,1.815216,-1.899231,0.5,0714
1788479228673,BTC,A,Close Long,81161.0,0.19803,7.778999,-8.139033,0.45379,0714
1788479228673,BTC,A,Close Long,81161.0,0.25576,10.046744,-10.511736,0.25576,0714
1788483007958,HYPE,B,Open Long,86.552,34.77,1.456555,0.0,0.0,0715
1788483007958,HYPE,B,Open Long,86.552,34.77,1.456555,0.0,34.77,0715
1788483007958,HYPE,B,Open Long,86.553,34.77,1.456571,0.0,69.54,0715
1788483007958,HYPE,B,Open Long,86.554,34.77,1.456589,0.0,104.31,0715
1788483007958,HYPE,B,Open Long,86.554,34.77,1.456589,0.0,139.08,0715
1788483007958,HYPE,B,Open Long,86.557,4.62,0.193548,0.0,173.85,0715
1788483007958,HYPE,B,Open Long,86.557,72.96,3.056555,0.0,178.47,0715
1788483007958,HYPE,B,Open Long,86.558,248.57,10.413609,0.0,251.43,0715
1788483011826,HYPE,B,Open Long,86.611,15.31,0.64179,0.0,500.0,0716
1788483011826,HYPE,B,Open Long,86.611,17.31,0.725629,0.0,515.31,0716
1788483011826,HYPE,B,Open Long,86.613,17.31,0.725647,0.0,532.62,0716
1788483011826,HYPE,B,Open Long,86.613,17.31,0.725647,0.0,549.93,0716
1788483011826,HYPE,B,Open Long,86.614,17.31,0.725654,0.0,567.24,0716
1788483011826,HYPE,B,Open Long,86.614,17.31,0.725654,0.0,584.55,0716
1788483011826,HYPE,B,Open Long,86.615,5.12,0.214638,0.0,601.86,0716
1788483011826,HYPE,B,Open Long,86.615,0.57,0.023895,0.0,606.98,0716
1788483011826,HYPE,B,Open Long,86.615,23.0,0.964197,0.0,607.55,0716
1788483011826,HYPE,B,Open Long,86.619,67.53,2.8311,0.0,630.55,0716
1788483011826,HYPE,B,Open Long,86.624,88.23,3.699131,0.0,698.08,0716
1788483011826,HYPE,B,Open Long,86.626,0.13,0.00545,0.0,786.31,0716
1788483011826,HYPE,B,Open Long,86.626,5.12,0.214665,0.0,786.44,0716
1788483011826,HYPE,B,Open Long,86.628,0.57,0.023898,0.0,791.56,0716
1788483011826,HYPE,B,Open Long,86.629,3.47,0.145491,0.0,792.13,0716
1788483011826,HYPE,B,Open Long,86.631,13.91,0.583237,0.0,795.6,0716
1788483011826,HYPE,B,Open Long,86.632,93.2,3.907865,0.0,809.51,0716
1788483011826,HYPE,B,Open Long,86.634,21.91,0.918704,0.0,902.71,0716
1788483011826,HYPE,B,Open Long,86.634,22.86,0.958539,0.0,924.62,0716
1788483011826,HYPE,B,Open Long,86.636,52.52,2.202259,0.0,947.48,0716
1788483483118,HYPE,A,Close Long,86.489,500.0,20.930338,-50.6,1000.0,0717
1788483535827,HYPE,B,Open Long,86.569,4.62,0.193574,0.0,500.0,0718
1788483535827,HYPE,B,Open Long,86.572,3.47,0.145395,0.0,504.62,0718
1788483535827,HYPE,B,Open Long,86.572,4.62,0.193581,0.0,508.09,0718
1788483535827,HYPE,B,Open Long,86.572,27.12,1.13635,0.0,512.71,0718
1788483535827,HYPE,B,Open Long,86.574,5.3,0.222079,0.0,539.83,0718
1788483535827,HYPE,B,Open Long,86.575,0.57,0.023883,0.0,545.13,0718
1788483535827,HYPE,B,Open Long,86.575,4.62,0.193587,0.0,545.7,0718
1788483535827,HYPE,B,Open Long,86.576,36.22,1.517718,0.0,550.32,0718
1788483535827,HYPE,B,Open Long,86.577,0.4,0.016761,0.0,586.54,0718
1788483535827,HYPE,B,Open Long,86.579,0.15,0.006284,0.0,586.94,0718
1788483535827,HYPE,B,Open Long,86.579,5.12,0.214549,0.0,587.09,0718
1788483535827,HYPE,B,Open Long,86.579,1.0,0.041903,0.0,592.21,0718
1788483535827,HYPE,B,Open Long,86.579,35.08,1.47,0.0,593.21,0718
1788483535827,HYPE,B,Open Long,86.58,5.07,0.212456,0.0,628.29,0718
1788483535827,HYPE,B,Open Long,86.58,116.64,4.887766,0.0,633.36,0718
1788483549659,HYPE,A,Close Long,86.489,250.0,10.465169,-24.25,750.0,0719
1788483550362,HYPE,A,Close Long,86.489,250.0,10.465169,-24.25,500.0,0720
1788483623732,HYPE,B,Open Long,86.773,22.99,0.965536,0.0,250.0,0721
1788483623732,HYPE,B,Open Long,86.773,46.1,1.936113,0.0,272.99,0721
1788483623732,HYPE,B,Open Long,86.778,3.46,0.145321,0.0,319.09,0721
1788483623732,HYPE,B,Open Long,86.779,2.0,0.084001,0.0,322.55,0721
1788483623732,HYPE,B,Open Long,86.779,22.99,0.965602,0.0,324.55,0721
1788483623732,HYPE,B,Open Long,86.78,0.4,0.0168,0.0,347.54,0721
1788483623732,HYPE,B,Open Long,86.781,28.74,1.207137,0.0,347.94,0721
1788483623732,HYPE,B,Open Long,86.783,113.65,4.773636,0.0,376.68,0721
1788483623732,HYPE,B,Open Long,86.784,2.86,0.120129,0.0,490.33,0721
1788483623732,HYPE,B,Open Long,86.784,6.81,0.286042,0.0,493.19,0721
1788483982203,HYPE,B,Open Long,86.711,11.53,0.483891,0.0,500.0,0722
1788483982203,HYPE,B,Open Long,86.711,23.06,0.967784,0.0,511.53,0722
1788483982203,HYPE,B,Open Long,86.723,0.4,0.016788,0.0,534.59,0722
1788483982203,HYPE,B,Open Long,86.723,22.99,0.96498,0.0,534.99,0722
1788483982203,HYPE,B,Open Long,86.727,3.46,0.145235,0.0,557.98,0722
1788483982203,HYPE,B,Open Long,86.727,4.61,0.193508,0.0,561.44,0722
1788483982203,HYPE,B,Open Long,86.728,22.99,0.965035,0.0,566.05,0722
1788483982203,HYPE,B,Open Long,86.729,1.69,0.07094,0.0,589.04,0722
1788483982203,HYPE,B,Open Long,86.73,70.81,2.972413,0.0,590.73,0722
1788483982203,HYPE,B,Open Long,86.733,2.48,0.104106,0.0,661.54,0722
1788483982203,HYPE,B,Open Long,86.733,46.59,1.95579,0.0,664.02,0722
1788483982203,HYPE,B,Open Long,86.733,4.61,0.193521,0.0,710.61,0722
1788483982203,HYPE,B,Open Long,86.735,0.13,0.005456,0.0,715.22,0722
1788483982203,HYPE,B,Open Long,86.735,4.61,0.193525,0.0,715.35,0722
1788483982203,HYPE,B,Open Long,86.735,0.52,0.021829,0.0,719.96,0722
1788483982203,HYPE,B,Open Long,86.739,29.52,1.239298,0.0,720.48,0722
1788484099880,HYPE,B,Open Long,86.86,6.04,0.253922,0.0,750.0,0723
1788484099880,HYPE,B,Open Long,86.86,15.05,0.632705,0.0,756.04,0723
1788484099880,HYPE,B,Open Long,86.86,12.22,0.51373,0.0,771.09,0723
1788484099880,HYPE,B,Open Long,86.861,15.1,0.634814,0.0,783.31,0723
1788484099880,HYPE,B,Open Long,86.861,30.1,1.265425,0.0,798.41,0723
1788484099880,HYPE,B,Open Long,86.861,30.55,1.284343,0.0,828.51,0723
1788484099880,HYPE,B,Open Long,86.862,2.25,0.094591,0.0,859.06,0723
1788484099880,HYPE,B,Open Long,86.862,1.71,0.07189,0.0,861.31,0723
1788484099880,HYPE,B,Open Long,86.862,1.7,0.071469,0.0,863.02,0723
1788484099880,HYPE,B,Open Long,86.862,1.74,0.07315,0.0,864.72,0723
1788484099880,HYPE,B,Open Long,86.862,57.27,2.407699,0.0,866.46,0723
1788484099880,HYPE,B,Open Long,86.863,18.1,0.760954,0.0,923.73,0723
1788484099880,HYPE,B,Open Long,86.866,22.99,0.96657,0.0,941.83,0723
1788484099880,HYPE,B,Open Long,86.866,4.31,0.181205,0.0,964.82,0723
1788484099880,HYPE,B,Open Long,86.869,3.26,0.137065,0.0,969.13,0723
1788484099880,HYPE,B,Open Long,86.869,1.59,0.06685,0.0,972.39,0723
1788484099880,HYPE,B,Open Long,86.87,2.4,0.100907,0.0,973.98,0723
1788484099880,HYPE,B,Open Long,86.871,4.31,0.181215,0.0,976.38,0723
1788484099880,HYPE,B,Open Long,86.871,19.31,0.811898,0.0,980.69,0723
1788485529970,HYPE,A,Close Long,86.686,30.73,1.289308,-1.634836,1000.0,0724
1788485529970,HYPE,A,Close Long,86.685,0.4,0.016781,-0.02168,969.27,0724
1788485529970,HYPE,A,Close Long,86.685,403.75,16.939548,-21.88325,968.87,0724
1788485529970,HYPE,A,Close Long,86.685,7.47,0.313407,-0.404874,565.12,0724
1788485529970,HYPE,A,Close Long,86.684,17.3,0.725822,-0.95496,557.65,0724
1788485529970,HYPE,A,Close Long,86.683,3.0,0.125862,-0.1686,540.35,0724
1788485529970,HYPE,A,Close Long,86.683,19.56,0.82063,-1.099272,537.35,0724
1788485529970,HYPE,A,Close Long,86.68,19.56,0.820602,-1.157952,517.79,0724
1788485529970,HYPE,A,Close Long,86.679,4.24,0.177878,-0.255248,498.23,0724
1788485529970,HYPE,A,Close Long,86.677,5.0,0.209757,-0.311,493.99,0724
1788485529970,HYPE,A,Close Long,86.677,19.56,0.820574,-1.216632,488.99,0724
1788485529970,HYPE,A,Close Long,86.677,4.61,0.193397,-0.286742,469.43,0724
1788485529970,HYPE,A,Close Long,86.676,19.56,0.820564,-1.236192,464.82,0724
1788485529970,HYPE,A,Close Long,86.676,13.25,0.555852,-0.8374,445.26,0724
1788485529970,HYPE,A,Close Long,86.675,3.0,0.125851,-0.1926,432.01,0724
1788485529970,HYPE,A,Close Long,86.675,67.49,2.831252,-4.332858,429.01,0724
1788485529970,HYPE,A,Close Long,86.674,13.6,0.570522,-0.88672,361.52,0724
1788485529970,HYPE,A,Close Long,86.674,2.44,0.102358,-0.159088,347.92,0724
1788485529970,HYPE,A,Close Long,86.674,2.27,0.095225,-0.148004,345.48,0724
1788485529970,HYPE,A,Close Long,86.669,16.58,0.695494,-1.163916,343.21,0724
1788485529970,HYPE,A,Close Long,86.668,19.56,0.820488,-1.392672,326.63,0724
1788485529970,HYPE,A,Close Long,86.667,3.0,0.12584,-0.2166,307.07,0724
1788485529970,HYPE,A,Close Long,86.667,3.47,0.145555,-0.250534,304.07,0724
1788485529970,HYPE,A,Close Long,86.667,23.98,1.005884,-1.731356,300.6,0724
1788485529970,HYPE,A,Close Long,86.666,13.6,0.570469,-0.99552,276.62,0724
1788485529970,HYPE,A,Close Long,86.665,19.56,0.82046,-1.451352,263.02,0724
1788485529970,HYPE,A,Close Long,86.664,19.56,0.82045,-1.470912,243.46,0724
1788485529970,HYPE,A,Close Long,86.664,4.62,0.193786,-0.347424,223.9,0724
1788485529970,HYPE,A,Close Long,86.663,14.87,0.623719,-1.133094,219.28,0724
1788485529970,HYPE,A,Close Long,86.663,5.15,0.216015,-0.39243,204.41,0724
1788485529970,HYPE,A,Close Long,86.662,0.15,0.00629,-0.01158,199.26,0724
1788485529970,HYPE,A,Close Long,86.662,19.56,0.820431,-1.510032,199.11,0724
1788485529970,HYPE,A,Close Long,86.662,4.62,0.193782,-0.356664,179.55,0724
1788485529970,HYPE,A,Close Long,86.661,1.04,0.04362,-0.081328,174.93,0724
1788485529970,HYPE,A,Close Long,86.66,19.56,0.820412,-1.549152,173.89,0724
1788485529970,HYPE,A,Close Long,86.66,13.6,0.57043,-1.07712,154.33,0724
1788485529970,HYPE,A,Close Long,86.66,4.62,0.193777,-0.365904,140.73,0724
1788485529970,HYPE,A,Close Long,86.659,18.66,0.782654,-1.496532,136.11,0724
1788485529970,HYPE,A,Close Long,86.659,20.43,0.856894,-1.638486,117.45,0724
1788485529970,HYPE,A,Close Long,86.658,0.25,0.010485,-0.0203,97.02,0724
1788485529970,HYPE,A,Close Long,86.658,3.0,0.125827,-0.2436,96.77,0724
1788485529970,HYPE,A,Close Long,86.658,93.77,3.932945,-7.614124,93.77,0724
1788486007375,BTC,B,Open Long,80798.0,0.05,1.955311,0.0,0.0,0725
1788486007375,BTC,B,Open Long,80798.0,0.12377,4.840177,0.0,0.05,0725
1788486007375,BTC,B,Open Long,80798.0,0.20619,8.063313,0.0,0.17377,0725
1788486007375,BTC,B,Open Long,80798.0,0.06185,2.418719,0.0,0.37996,0725
1788486007375,BTC,B,Open Long,80798.0,0.20619,8.063313,0.0,0.44181,0725
1788486007375,BTC,B,Open Long,80798.0,0.06185,2.418719,0.0,0.648,0725
1788486007375,BTC,B,Open Long,80798.0,0.29015,11.346672,0.0,0.70985,0725
1788487281289,BTC,A,Close Long,80845.0,0.04965,1.942753,2.33355,1.0,0726
1788487281289,BTC,A,Close Long,80845.0,0.41217,16.127791,19.37199,0.95035,0726
1788487281289,BTC,A,Close Long,80845.0,0.41217,16.127791,19.37199,0.53818,0726
1788487281289,BTC,A,Close Long,80845.0,0.09653,3.777119,4.53691,0.12601,0726
1788487281289,BTC,A,Close Long,80845.0,0.02948,1.153522,1.38556,0.02948,0726
1788533685623,BTC,B,Open Long,78790.0,0.06323,2.411235,0.0,0.0,0727
1788533685623,BTC,B,Open Long,78790.0,0.93677,35.723123,0.0,0.06323,0727
1788533732393,BTC,B,Open Long,78857.0,0.00092,0.035112,0.0,1.0,0728
1788533732393,BTC,B,Open Long,78857.0,0.31706,12.101161,0.0,1.00092,0728
1788533732393,BTC,B,Open Long,78857.0,0.12684,4.841075,0.0,1.31798,0728
1788533732393,BTC,B,Open Long,78857.0,0.04988,1.903758,0.0,1.44482,0728
1788533732393,BTC,B,Open Long,78857.0,0.46332,17.683435,0.0,1.4947,0728
1788533732393,BTC,B,Open Long,78857.0,0.01231,0.469832,0.0,1.95802,0728
1788533732393,BTC,B,Open Long,78857.0,0.00076,0.029006,0.0,1.97033,0728
1788533732393,BTC,B,Open Long,78857.0,0.0076,0.290067,0.0,1.97109,0728
1788533732393,BTC,B,Open Long,78857.0,0.02131,0.813333,0.0,1.97869,0728
1788540467040,BTC,A,Close Long,79718.0,0.1009,3.893075,90.25505,2.0,0729
1788540467040,BTC,A,Close Long,79718.0,0.002,0.077166,1.789,1.8991,0729
1788540467040,BTC,A,Close Long,79718.0,0.00075,0.028936,0.670875,1.8971,0729
1788540467040,BTC,A,Close Long,79718.0,0.05,1.929175,44.725,1.89635,0729
1788540467040,BTC,A,Close Long,79718.0,0.34635,13.363398,309.810075,1.84635,0729
1788541433389,BTC,A,Close Long,79636.0,0.00001,0.000384,0.008125,1.5,0730
1788541433389,BTC,A,Close Long,79636.0,0.01913,0.737342,15.543125,1.49999,0730
1788541433389,BTC,A,Close Long,79635.0,0.00851,0.328003,6.905865,1.48086,0730
1788541433389,BTC,A,Close Long,79635.0,0.00062,0.023896,0.50313,1.47235,0730
1788541433389,BTC,A,Close Long,79634.0,0.0022,0.084793,1.7831,1.47173,0730
1788541433389,BTC,A,Close Long,79633.0,0.00851,0.327994,6.888845,1.46953,0730
1788541433389,BTC,A,Close Long,79631.0,0.00851,0.327986,6.871825,1.46102,0730
1788541433389,BTC,A,Close Long,79629.0,0.00851,0.327978,6.854805,1.45251,0730
1788541433389,BTC,A,Close Long,79628.0,0.00013,0.00501,0.104585,1.444,0730
1788541433389,BTC,A,Close Long,79627.0,0.00851,0.32797,6.837785,1.44387,0730
1788541433389,BTC,A,Close Long,79625.0,0.00851,0.327961,6.820765,1.43536,0730
1788541433389,BTC,A,Close Long,79624.0,0.00013,0.005009,0.104065,1.42685,0730
1788541433389,BTC,A,Close Long,79624.0,0.00251,0.096729,2.009255,1.42672,0730
1788541433389,BTC,A,Close Long,79623.0,0.00851,0.327954,6.803745,1.42421,0730
1788541433389,BTC,A,Close Long,79623.0,0.002,0.077074,1.599,1.4157,0730
1788541433389,BTC,A,Close Long,79622.0,0.00033,0.012716,0.263505,1.4137,0730
1788541433389,BTC,A,Close Long,79622.0,0.00016,0.006164,0.12776,1.41337,0730
1788541433389,BTC,A,Close Long,79622.0,0.00314,0.121006,2.50729,1.41321,0730
1788541433389,BTC,A,Close Long,79622.0,0.00062,0.023892,0.49507,1.41007,0730
1788541433389,BTC,A,Close Long,79621.0,0.00851,0.327945,6.786725,1.40945,0730
1788541433389,BTC,A,Close Long,79621.0,0.15762,6.074133,125.70195,1.40094,0730
1788541433389,BTC,A,Close Long,79620.0,0.0075,0.28902,5.97375,1.24332,0730
1788541433389,BTC,A,Close Long,79620.0,0.05577,2.149156,44.420805,1.23582,0730
1788541433389,BTC,A,Close Long,79620.0,0.09506,3.663239,75.71529,1.18005,0730
1788541433389,BTC,A,Close Long,79620.0,0.03532,1.361093,28.13238,1.08499,0730
1788541433389,BTC,A,Close Long,79620.0,0.04967,1.914086,39.562155,1.04967,0730
1788542085595,BTC,A,Close Long,79616.0,0.19296,7.435548,152.9208,1.0,0731
1788542085595,BTC,A,Close Long,79616.0,0.07363,2.837268,58.351775,0.80704,0731
1788542085595,BTC,A,Close Long,79616.0,0.08,3.082731,63.4,0.73341,0731
1788542085595,BTC,A,Close Long,79616.0,0.1,3.853414,79.25,0.65341,0731
1788542085595,BTC,A,Close Long,79616.0,0.1,3.853414,79.25,0.55341,0731
1788542085595,BTC,A,Close Long,79616.0,0.01998,0.769911,15.83415,0.45341,0731
1788542085595,BTC,A,Close Long,79616.0,0.1255,4.836034,99.45875,0.43343,0731
1788542085595,BTC,A,Close Long,79616.0,0.002,0.077068,1.585,0.30793,0731
1788542085595,BTC,A,Close Long,79616.0,0.30593,11.78875,242.449525,0.30593,0731
1788543921058,ZEC,B,Open Long,1005.0,25.0,5.4069,0.0,0.0,0732
1788544179030,ZEC,B,Open Long,1009.6,2.78,1.358436,0.0,25.0,0733
1788544179030,ZEC,B,Open Long,1009.6,0.07,0.034205,0.0,27.78,0733
1788544179030,ZEC,B,Open Long,1009.8,2.15,1.050797,0.0,27.85,0733
1788544717062,ZEC,B,Open Long,1010.1,0.45,0.219999,0.0,30.0,0734
1788544717062,ZEC,B,Open Long,1010.2,4.0,1.955747,0.0,30.45,0734
1788544717062,ZEC,B,Open Long,1010.2,0.51,0.249357,0.0,34.45,0734
1788544717062,ZEC,B,Open Long,1010.3,0.04,0.019559,0.0,34.96,0734
1788545078989,ZEC,B,Open Long,1016.5,0.01,0.004919,0.0,35.0,0735
1788545078989,ZEC,B,Open Long,1016.6,0.49,0.241096,0.0,35.01,0735
1788545078989,ZEC,B,Open Long,1016.6,4.5,2.214154,0.0,35.5,0735
1788546028120,ZEC,B,Open Long,1015.4,0.01,0.004914,0.0,40.0,0736
1788546028120,ZEC,B,Open Long,1015.6,0.07,0.034408,0.0,40.01,0736
1788546028120,ZEC,B,Open Long,1015.9,0.59,0.2901,0.0,40.08,0736
1788546028120,ZEC,B,Open Long,1015.9,0.39,0.191761,0.0,40.67,0736
1788546028120,ZEC,B,Open Long,1016.0,3.94,1.937471,0.0,41.06,0736
1788547370875,CHIP,B,Open Long,0.053099,491.0,0.012618,0.0,0.0,0737
1788547370875,CHIP,B,Open Long,0.053107,8502.0,0.218533,0.0,491.0,0737
1788547370875,CHIP,B,Open Long,0.05311,2800.0,0.071973,0.0,8993.0,0737
1788547370875,CHIP,B,Open Long,0.053125,496.0,0.012753,0.0,11793.0,0737
1788547370875,CHIP,B,Open Long,0.053128,635.0,0.016327,0.0,12289.0,0737
1788547370875,CHIP,B,Open Long,0.053135,635.0,0.01633,0.0,12924.0,0737
1788547370875,CHIP,B,Open Long,0.053139,635.0,0.016331,0.0,13559.0,0737
1788547370875,CHIP,B,Open Long,0.05314,635.0,0.016331,0.0,14194.0,0737
1788547370875,CHIP,B,Open Long,0.053146,635.0,0.016333,0.0,14829.0,0737
1788547370875,CHIP,B,Open Long,0.053151,607.0,0.015614,0.0,15464.0,0737
1788547370875,CHIP,B,Open Long,0.053155,611.0,0.015718,0.0,16071.0,0737
1788547370875,CHIP,B,Open Long,0.053159,609.0,0.015668,0.0,16682.0,0737
1788547370875,CHIP,B,Open Long,0.053162,4139.0,0.106497,0.0,17291.0,0737
1788547370875,CHIP,B,Open Long,0.053163,610.0,0.015694,0.0,21430.0,0737
1788547370875,CHIP,B,Open Long,0.053167,610.0,0.015696,0.0,22040.0,0737
1788547370875,CHIP,B,Open Long,0.053171,618.0,0.015903,0.0,22650.0,0737
1788547370875,CHIP,B,Open Long,0.053175,635.0,0.016342,0.0,23268.0,0737
1788547370875,CHIP,B,Open Long,0.053176,2054.0,0.052863,0.0,23903.0,0737
1788547370875,CHIP,B,Open Long,0.053176,2020.0,0.051988,0.0,25957.0,0737
1788547370875,CHIP,B,Open Long,0.053179,635.0,0.016343,0.0,27977.0,0737
1788547370875,CHIP,B,Open Long,0.05318,635.0,0.016343,0.0,28612.0,0737
1788547370875,CHIP,B,Open Long,0.053181,7521.0,0.193587,0.0,29247.0,0737
1788547370875,CHIP,B,Open Long,0.053182,940.0,0.024195,0.0,36768.0,0737
1788547370875,CHIP,B,Open Long,0.053184,629.0,0.01619,0.0,37708.0,0737
1788547370875,CHIP,B,Open Long,0.053188,629.0,0.016191,0.0,38337.0,0737
1788547370875,CHIP,B,Open Long,0.053188,7520.0,0.193586,0.0,38966.0,0737
1788547370875,CHIP,B,Open Long,0.053188,3760.0,0.096792,0.0,46486.0,0737
1788547370875,CHIP,B,Open Long,0.053192,622.0,0.016012,0.0,50246.0,0737
1788547370875,CHIP,B,Open Long,0.053192,7520.0,0.193601,0.0,50868.0,0737
1788547370875,CHIP,B,Open Long,0.053196,625.0,0.016091,0.0,58388.0,0737
1788547370875,CHIP,B,Open Long,0.053196,7519.0,0.19359,0.0,59013.0,0737
1788547370875,CHIP,B,Open Long,0.0532,7519.0,0.193605,0.0,66532.0,0737
1788547370875,CHIP,B,Open Long,0.053201,25949.0,0.668167,0.0,74051.0,0737
1788548567053,CHIP,B,Open Long,0.053715,930.0,0.024177,0.0,100000.0,0738
1788548567053,CHIP,B,Open Long,0.05374,491.0,0.01277,0.0,100930.0,0738
1788548567053,CHIP,B,Open Long,0.053743,1655.0,0.043048,0.0,101421.0,0738
1788548567053,CHIP,B,Open Long,0.053744,1945.0,0.050593,0.0,103076.0,0738
1788548567053,CHIP,B,Open Long,0.053745,491.0,0.012771,0.0,105021.0,0738
1788548567053,CHIP,B,Open Long,0.05375,491.0,0.012773,0.0,105512.0,0738
1788548567053,CHIP,B,Open Long,0.053755,491.0,0.012774,0.0,106003.0,0738
1788548567053,CHIP,B,Open Long,0.05376,494.0,0.012853,0.0,106494.0,0738
1788548567053,CHIP,B,Open Long,0.053764,5576.0,0.145096,0.0,106988.0,0738
1788548567053,CHIP,B,Open Long,0.053765,492.0,0.012802,0.0,112564.0,0738
1788548567053,CHIP,B,Open Long,0.05377,494.0,0.012855,0.0,113056.0,0738
1788548567053,CHIP,B,Open Long,0.053772,509.0,0.013246,0.0,113550.0,0738
1788548567053,CHIP,B,Open Long,0.053774,1860.0,0.048408,0.0,114059.0,0738
1788548567053,CHIP,B,Open Long,0.053775,1975.0,0.051402,0.0,115919.0,0738
1788548567053,CHIP,B,Open Long,0.053775,2700.0,0.070272,0.0,117894.0,0738
1788548567053,CHIP,B,Open Long,0.053777,509.0,0.013248,0.0,120594.0,0738
1788548567053,CHIP,B,Open Long,0.053785,494.0,0.012858,0.0,121103.0,0738
1788548567053,CHIP,B,Open Long,0.053787,425.0,0.011063,0.0,121597.0,0738
1788548567053,CHIP,B,Open Long,0.053792,1736.0,0.045197,0.0,122022.0,0738
1788548567053,CHIP,B,Open Long,0.053794,495.0,0.012887,0.0,123758.0,0738
1788548567053,CHIP,B,Open Long,0.0538,494.0,0.012862,0.0,124253.0,0738
1788548567053,CHIP,B,Open Long,0.053802,509.0,0.013253,0.0,124747.0,0738
1788548567053,CHIP,B,Open Long,0.053807,509.0,0.013254,0.0,125256.0,0738
1788548567053,CHIP,B,Open Long,0.053808,7434.0,0.193603,0.0,125765.0,0738
1788548567053,CHIP,B,Open Long,0.053808,3730.0,0.09714,0.0,133199.0,0738
1788548567053,CHIP,B,Open Long,0.053809,949.0,0.024714,0.0,136929.0,0738
1788548567053,CHIP,B,Open Long,0.053812,509.0,0.013256,0.0,137878.0,0738
1788548567053,CHIP,B,Open Long,0.053816,7433.0,0.193606,0.0,138387.0,0738
1788548567053,CHIP,B,Open Long,0.053817,509.0,0.013257,0.0,145820.0,0738
1788548567053,CHIP,B,Open Long,0.053822,497.0,0.012945,0.0,146329.0,0738
1788548567053,CHIP,B,Open Long,0.05383,494.0,0.01287,0.0,146826.0,0738
1788548567053,CHIP,B,Open Long,0.053835,494.0,0.012871,0.0,147320.0,0738
1788548567053,CHIP,B,Open Long,0.05384,494.0,0.012872,0.0,147814.0,0738
1788548567053,CHIP,B,Open Long,0.053844,1692.0,0.044093,0.0,148308.0,0738
1788548696483,CHIP,B,Open Long,0.054128,470.0,0.012313,0.0,150000.0,0739
1788548696483,CHIP,B,Open Long,0.054128,470.0,0.012313,0.0,150470.0,0739
1788548696483,CHIP,B,Open Long,0.054135,489.0,0.012812,0.0,150940.0,0739
1788548696483,CHIP,B,Open Long,0.054142,522.0,0.013678,0.0,151429.0,0739
1788548696483,CHIP,B,Open Long,0.054149,524.0,0.013732,0.0,151951.0,0739
1788548696483,CHIP,B,Open Long,0.054153,524.0,0.013733,0.0,152475.0,0739
1788548696483,CHIP,B,Open Long,0.054154,9999.0,0.262078,0.0,152999.0,0739
1788548696483,CHIP,B,Open Long,0.054163,524.0,0.013736,0.0,162998.0,0739
1788548696483,CHIP,B,Open Long,0.054169,427.0,0.011194,0.0,163522.0,0739
1788548696483,CHIP,B,Open Long,0.054176,445.0,0.011667,0.0,163949.0,0739
1788548696483,CHIP,B,Open Long,0.054183,468.0,0.012272,0.0,164394.0,0739
1788548696483,CHIP,B,Open Long,0.054188,2700.0,0.070812,0.0,164862.0,0739
1788548696483,CHIP,B,Open Long,0.05419,522.0,0.01369,0.0,167562.0,0739
1788548696483,CHIP,B,Open Long,0.054198,522.0,0.013692,0.0,168084.0,0739
1788548696483,CHIP,B,Open Long,0.054203,2000.0,0.052467,0.0,168606.0,0739
1788548696483,CHIP,B,Open Long,0.054205,524.0,0.013746,0.0,170606.0,0739
1788548696483,CHIP,B,Open Long,0.054211,511.0,0.013407,0.0,171130.0,0739
1788548696483,CHIP,B,Open Long,0.054217,2000.0,0.052481,0.0,171641.0,0739
1788548696483,CHIP,B,Open Long,0.054218,519.0,0.013618,0.0,173641.0,0739
1788548696483,CHIP,B,Open Long,0.054225,522.0,0.013699,0.0,174160.0,0739
1788548696483,CHIP,B,Open Long,0.05423,949.0,0.024908,0.0,174682.0,0739
1788548696483,CHIP,B,Open Long,0.054233,524.0,0.013753,0.0,175631.0,0739
1788548696483,CHIP,B,Open Long,0.054233,1748.0,0.045881,0.0,176155.0,0739
1788548696483,CHIP,B,Open Long,0.054239,516.0,0.013545,0.0,177903.0,0739
1788548696483,CHIP,B,Open Long,0.054243,1750.0,0.045943,0.0,178419.0,0739
1788548696483,CHIP,B,Open Long,0.054246,511.0,0.013415,0.0,180169.0,0739
1788548696483,CHIP,B,Open Long,0.054252,3690.0,0.09689,0.0,180680.0,0739
1788548696483,CHIP,B,Open Long,0.054253,519.0,0.013627,0.0,184370.0,0739
1788548696483,CHIP,B,Open Long,0.054255,921.0,0.024184,0.0,184889.0,0739
1788548696483,CHIP,B,Open Long,0.054256,1624.0,0.042645,0.0,185810.0,0739
1788548696483,CHIP,B,Open Long,0.054259,7372.0,0.193597,0.0,187434.0,0739
1788548696483,CHIP,B,Open Long,0.05426,519.0,0.013629,0.0,194806.0,0739
1788548696483,CHIP,B,Open Long,0.054264,4675.0,0.122782,0.0,195325.0,0739
1788549647576,CHIP,B,Open Long,0.054884,461.0,0.012245,0.0,200000.0,0740
1788549647576,CHIP,B,Open Long,0.054885,475.0,0.012618,0.0,200461.0,0740
1788549647576,CHIP,B,Open Long,0.05489,2700.0,0.071729,0.0,200936.0,0740
1788549647576,CHIP,B,Open Long,0.054894,5877.0,0.156144,0.0,203636.0,0740
1788549647576,CHIP,B,Open Long,0.054901,452.0,0.01201,0.0,209513.0,0740
1788549647576,CHIP,B,Open Long,0.05491,476.0,0.012649,0.0,209965.0,0740
1788549647576,CHIP,B,Open Long,0.054912,910.0,0.024184,0.0,210441.0,0740
1788549647576,CHIP,B,Open Long,0.054919,476.0,0.012652,0.0,211351.0,0740
1788549647576,CHIP,B,Open Long,0.054927,471.0,0.012521,0.0,211827.0,0740
1788549647576,CHIP,B,Open Long,0.054937,475.0,0.012629,0.0,212298.0,0740
1788549647576,CHIP,B,Open Long,0.054947,473.0,0.012578,0.0,212773.0,0740
1788549647576,CHIP,B,Open Long,0.054948,7280.0,0.19361,0.0,213246.0,0740
1788549647576,CHIP,B,Open Long,0.054948,2000.0,0.053189,0.0,220526.0,0740
1788549647576,CHIP,B,Open Long,0.054949,473.0,0.012579,0.0,222526.0,0740
1788549647576,CHIP,B,Open Long,0.054958,476.0,0.012661,0.0,222999.0,0740
1788549647576,CHIP,B,Open Long,0.054973,7276.0,0.193591,0.0,223475.0,0740
1788549647576,CHIP,B,Open Long,0.054974,473.0,0.012585,0.0,230751.0,0740
1788549647576,CHIP,B,Open Long,0.054975,7276.0,0.193598,0.0,231224.0,0740
1788549647576,CHIP,B,Open Long,0.054976,1799.0,0.047868,0.0,238500.0,0740
1788549647576,CHIP,B,Open Long,0.05498,476.0,0.012666,0.0,240299.0,0740
1788549647576,CHIP,B,Open Long,0.054984,7275.0,0.193603,0.0,240775.0,0740
1788549647576,CHIP,B,Open Long,0.054985,1791.0,0.047662,0.0,248050.0,0740
1788549647576,CHIP,B,Open Long,0.054989,159.0,0.004231,0.0,249841.0,0740
1788549649182,CHIP,B,Open Long,0.054949,7279.0,0.193586,0.0,250000.0,0741
1788549649182,CHIP,B,Open Long,0.05495,4863.0,0.129335,0.0,257279.0,0741
1788549649182,CHIP,B,Open Long,0.054951,7279.0,0.193593,0.0,262142.0,0741
1788549649182,CHIP,B,Open Long,0.054951,2800.0,0.074469,0.0,269421.0,0741
1788549649182,CHIP,B,Open Long,0.054952,1820.0,0.048405,0.0,272221.0,0741
1788549649182,CHIP,B,Open Long,0.054974,476.0,0.012664,0.0,274041.0,0741
1788549649182,CHIP,B,Open Long,0.054983,476.0,0.012667,0.0,274517.0,0741
1788549649182,CHIP,B,Open Long,0.05499,477.0,0.012695,0.0,274993.0,0741
1788549649182,CHIP,B,Open Long,0.054999,476.0,0.012669,0.0,275470.0,0741
1788549649182,CHIP,B,Open Long,0.054999,7273.0,0.193602,0.0,275946.0,0741
1788549649182,CHIP,B,Open Long,0.055002,7272.0,0.193587,0.0,283219.0,0741
1788549649182,CHIP,B,Open Long,0.055003,9509.0,0.253143,0.0,290491.0,0741
1788550256083,ZEC,A,Close Long,1034.8,1.45,0.726222,37.98188,45.0,0742
1788550256083,ZEC,A,Close Long,1034.8,1.6,0.801349,41.91104,43.55,0742
1788550256083,ZEC,A,Close Long,1034.8,0.2,0.100168,5.23888,41.95,0742
1788550256083,ZEC,A,Close Long,1034.8,0.66,0.330555,17.288304,41.75,0742
1788550256083,ZEC,A,Close Long,1034.8,11.09,5.55435,290.495896,41.09,0742
1788550622301,CHIP,A,Close Long,0.05537,83547.0,2.238981,110.449134,300000.0,0743
1788550622301,CHIP,A,Close Long,0.055352,16453.0,0.440781,21.454712,216453.0,0743
1788550636167,CHIP,A,Close Long,0.055111,345.0,0.009202,0.366735,200000.0,0744
1788550636167,CHIP,A,Close Long,0.055109,387.0,0.010321,0.410607,199655.0,0744
1788550636167,CHIP,A,Close Long,0.055101,355.0,0.009467,0.373815,199268.0,0744
1788550636167,CHIP,A,Close Long,0.055093,3865.0,0.103059,4.038925,198913.0,0744
1788550636167,CHIP,A,Close Long,0.055092,387.0,0.010319,0.404028,195048.0,0744
1788550636167,CHIP,A,Close Long,0.055092,6545.0,0.174518,6.83298,194661.0,0744
1788550636167,CHIP,A,Close Long,0.055092,3837.0,0.10231,4.005828,188116.0,0744
1788550636167,CHIP,A,Close Long,0.055087,184279.0,4.913265,191.465881,184279.0,0744
1788551132456,ZEC,A,Close Long,1035.8,4.0,2.005308,108.7776,30.0,0745
1788551132456,ZEC,A,Close Long,1035.8,1.0,0.501327,27.1944,26.0,0745
1788563648305,ZEC,A,Close Long,1029.0,2.39,1.190306,48.742616,25.0,0746
1788563648305,ZEC,A,Close Long,1029.0,2.49,1.240109,50.782056,22.61,0746
1788563648305,ZEC,A,Close Long,1028.9,2.86,1.424244,58.041984,20.12,0746
1788563648305,ZEC,A,Close Long,1028.9,2.67,1.329626,54.186048,17.26,0746
1788563648305,ZEC,A,Close Long,1028.9,0.41,0.204174,8.320704,14.59,0746
1788563648305,ZEC,A,Close Long,1028.9,0.42,0.209153,8.523648,14.18,0746
1788563648305,ZEC,A,Close Long,1028.9,0.44,0.219113,8.929536,13.76,0746
1788563648305,ZEC,A,Close Long,1028.9,13.32,6.633194,270.321408,13.32,0746
1788564087586,BTC,B,Open Long,79636.0,0.05,1.927191,0.0,0.0,0747
1788564087586,BTC,B,Open Long,79636.0,0.45,17.34472,0.0,0.05,0747
1788564101695,BTC,B,Open Long,79634.0,0.5,19.271428,0.0,0.5,0748
1788564131139,BTC,B,Open Long,79682.0,0.09,3.470947,0.0,1.0,0749
1788564131139,BTC,B,Open Long,79682.0,0.09,3.470947,0.0,1.09,0749
1788564131139,BTC,B,Open Long,79683.0,0.06359,2.452448,0.0,1.18,0749
1788564131139,BTC,B,Open Long,79683.0,0.02,0.771331,0.0,1.24359,0749
1788564131139,BTC,B,Open Long,79684.0,0.06359,2.452478,0.0,1.26359,0749
1788564131139,BTC,B,Open Long,79684.0,0.07783,3.001673,0.0,1.32718,0749
1788564131139,BTC,B,Open Long,79684.0,0.09499,3.663484,0.0,1.40501,0749
1788564447746,BTC,B,Open Long,79725.0,0.5,19.29345,0.0,1.5,0750
1788565718327,BTC,A,Close Long,79612.0,0.07886,3.038649,-4.53445,2.0,0751
1788565718327,BTC,A,Close Long,79612.0,0.31396,12.097571,-18.0527,1.92114,0751
1788565718327,BTC,A,Close Long,79612.0,0.099,3.814687,-5.6925,1.60718,0751
1788565718327,BTC,A,Close Long,79612.0,0.02512,0.967928,-1.4444,1.50818,0751
1788565718327,BTC,A,Close Long,79612.0,0.05557,2.141233,-3.195275,1.48306,0751
1788565718327,BTC,A,Close Long,79612.0,0.088,3.390833,-5.06,1.42749,0751
1788565718327,BTC,A,Close Long,79612.0,0.2053,7.910661,-11.80475,1.33949,0751
1788565718327,BTC,A,Close Long,79612.0,0.15699,6.04917,-9.026925,1.13419,0751
1788565718327,BTC,A,Close Long,79612.0,0.31398,12.098342,-18.05385,0.9772,0751
1788565718327,BTC,A,Close Long,79612.0,0.002,0.077064,-0.115,0.66322,0751
1788565718327,BTC,A,Close Long,79612.0,0.025,0.963305,-1.4375,0.66122,0751
1788565718327,BTC,A,Close Long,79612.0,0.025,0.963305,-1.4375,0.63622,0751
1788565718327,BTC,A,Close Long,79612.0,0.37683,14.52009,-21.667725,0.61122,0751
1788565718327,BTC,A,Close Long,79612.0,0.03617,1.393709,-2.079775,0.23439,0751
1788565718327,BTC,A,Close Long,79612.0,0.09693,3.734926,-5.573475,0.19822,0751
1788565718327,BTC,A,Close Long,79612.0,0.09488,3.655935,-5.4556,0.10129,0751
1788565718327,BTC,A,Close Long,79612.0,0.00641,0.246991,-0.368575,0.00641,0751
1788622838620,ASTER,B,Open Long,0.81784,489.0,0.193562,0.0,0.0,0752
1788622838620,ASTER,B,Open Long,0.81785,1396.0,0.55259,0.0,489.0,0752
1788622838620,ASTER,B,Open Long,0.81793,489.0,0.193583,0.0,1885.0,0752
1788622838620,ASTER,B,Open Long,0.81794,1396.0,0.552652,0.0,2374.0,0752
1788622838620,ASTER,B,Open Long,0.81804,544.0,0.215386,0.0,3770.0,0752
1788622838620,ASTER,B,Open Long,0.8181,601.0,0.237971,0.0,4314.0,0752
1788622838620,ASTER,B,Open Long,0.81811,85.0,0.033656,0.0,4915.0,0752
1788622840383,ASTER,B,Open Long,0.81759,1396.0,0.552415,0.0,5000.0,0753
1788622840383,ASTER,B,Open Long,0.81769,489.0,0.193527,0.0,6396.0,0753
1788622840383,ASTER,B,Open Long,0.8177,603.0,0.238647,0.0,6885.0,0753
1788622840383,ASTER,B,Open Long,0.81775,489.0,0.19354,0.0,7488.0,0753
1788622840383,ASTER,B,Open Long,0.81776,374.0,0.148027,0.0,7977.0,0753
1788622840383,ASTER,B,Open Long,0.81782,603.0,0.238681,0.0,8351.0,0753
1788622840383,ASTER,B,Open Long,0.81783,489.0,0.193559,0.0,8954.0,0753
1788622840383,ASTER,B,Open Long,0.81784,527.0,0.208604,0.0,9443.0,0753
1788622840383,ASTER,B,Open Long,0.81785,30.0,0.011874,0.0,9970.0,0753
1788622853484,ASTER,B,Open Long,0.81825,344.0,0.136234,0.0,10000.0,0754
1788622853484,ASTER,B,Open Long,0.81826,1444.0,0.571877,0.0,10344.0,0754
1788622853484,ASTER,B,Open Long,0.81834,1195.0,0.47331,0.0,11788.0,0754
1788622853484,ASTER,B,Open Long,0.81844,1396.0,0.55299,0.0,12983.0,0754
1788622853484,ASTER,B,Open Long,0.81852,27.0,0.010696,0.0,14379.0,0754
1788622853484,ASTER,B,Open Long,0.81854,594.0,0.235326,0.0,14406.0,0754
1788622889967,ASTER,B,Open Long,0.82097,1195.0,0.474831,0.0,15000.0,0755
1788622889967,ASTER,B,Open Long,0.821,608.0,0.241596,0.0,16195.0,0755
1788622889967,ASTER,B,Open Long,0.82102,60.0,0.023842,0.0,16803.0,0755
1788622889967,ASTER,B,Open Long,0.82108,608.0,0.24162,0.0,16863.0,0755
1788622889967,ASTER,B,Open Long,0.82116,1144.0,0.454672,0.0,17471.0,0755
1788622889967,ASTER,B,Open Long,0.82126,483.0,0.191986,0.0,18615.0,0755
1788622889967,ASTER,B,Open Long,0.82127,902.0,0.358539,0.0,19098.0,0755
1788624764131,ASTER,B,Open Long,0.81533,491.0,0.193757,0.0,20000.0,0756
1788624764131,ASTER,B,Open Long,0.81534,261.0,0.102996,0.0,20491.0,0756
1788624764131,ASTER,B,Open Long,0.81538,940.0,0.370964,0.0,20752.0,0756
1788624764131,ASTER,B,Open Long,0.8154,261.0,0.103003,0.0,21692.0,0756
1788624764131,ASTER,B,Open Long,0.81541,224.0,0.088403,0.0,21953.0,0756
1788624764131,ASTER,B,Open Long,0.81543,262.0,0.103402,0.0,22177.0,0756
1788624764131,ASTER,B,Open Long,0.81547,262.0,0.103407,0.0,22439.0,0756
1788624764131,ASTER,B,Open Long,0.81551,262.0,0.103412,0.0,22701.0,0756
1788624764131,ASTER,B,Open Long,0.81554,490.0,0.193413,0.0,22963.0,0756
1788624764131,ASTER,B,Open Long,0.81555,262.0,0.103417,0.0,23453.0,0756
1788624764131,ASTER,B,Open Long,0.81558,490.0,0.193422,0.0,23715.0,0756
1788624764131,ASTER,B,Open Long,0.81559,795.0,0.313822,0.0,24205.0,0756
1788624840062,ASTER,B,Open Long,0.81519,45.0,0.007893,0.0,25000.0,0794
1788625274063,ASTER,B,Open Long,0.8167,1534.0,0.606363,0.0,25045.0,0795
1788625274063,ASTER,B,Open Long,0.81671,612.0,0.241915,0.0,26579.0,0795
1788625274063,ASTER,B,Open Long,0.81688,212.0,0.083817,0.0,27191.0,0795
1788625274063,ASTER,B,Open Long,0.81689,142.0,0.056142,0.0,27403.0,0795
1788625354374,ASTER,B,Open Long,0.81431,62.0,0.010864,0.0,27545.0,0793
1788625367648,ASTER,B,Open Long,0.81343,74.0,0.012953,0.0,27607.0,0792
1788625370464,ASTER,B,Open Long,0.81254,85.0,0.014862,0.0,27681.0,0791
1788625374796,ASTER,B,Open Long,0.81166,37.0,0.006462,0.0,27766.0,0790
1788625375066,ASTER,B,Open Long,0.81166,57.0,0.009955,0.0,27803.0,0790
1788625533264,ASTER,B,Open Long,0.81078,102.0,0.017795,0.0,27860.0,0789
1788625533264,ASTER,B,Open Long,0.8099,109.0,0.018996,0.0,27962.0,0788
1788625537773,ASTER,B,Open Long,0.80902,30.0,0.005222,0.0,28071.0,0787
1788625537773,ASTER,B,Open Long,0.80902,86.0,0.014972,0.0,28101.0,0787
1788625540359,ASTER,B,Open Long,0.80814,122.0,0.021216,0.0,28187.0,0786
1788625570278,ASTER,B,Open Long,0.80725,128.0,0.022235,0.0,28309.0,0785
1788625579426,ASTER,B,Open Long,0.80637,7.0,0.001214,0.0,28437.0,0784
1788625579763,ASTER,B,Open Long,0.80637,126.0,0.021864,0.0,28444.0,0784
1788625584010,ASTER,B,Open Long,0.80549,139.0,0.024094,0.0,28570.0,0783
1788625676392,ASTER,B,Open Long,0.80965,242.0,0.094832,0.0,28709.0,0796
1788625676392,ASTER,B,Open Long,0.8097,242.0,0.094837,0.0,28951.0,0796
1788625676392,ASTER,B,Open Long,0.80974,494.0,0.193605,0.0,29193.0,0796
1788625676392,ASTER,B,Open Long,0.80975,240.0,0.09406,0.0,29687.0,0796
1788625676392,ASTER,B,Open Long,0.80979,494.0,0.193616,0.0,29927.0,0796
1788625676392,ASTER,B,Open Long,0.8098,157.0,0.061534,0.0,30421.0,0796
1788625676392,ASTER,B,Open Long,0.80984,131.0,0.051346,0.0,30578.0,0796
1788626018826,ASTER,B,Open Long,0.80461,144.0,0.024933,0.0,30709.0,0782
1788626018826,ASTER,B,Open Long,0.80373,149.0,0.02577,0.0,30853.0,0781
1788626021924,ASTER,B,Open Long,0.80284,153.0,0.026433,0.0,31002.0,0780
1788626021924,ASTER,B,Open Long,0.80196,65.0,0.011217,0.0,31155.0,0779
1788626021924,ASTER,B,Open Long,0.80196,93.0,0.016049,0.0,31220.0,0779
1788626021924,ASTER,B,Open Long,0.80108,162.0,0.027927,0.0,31313.0,0778
1788626021989,ASTER,B,Open Long,0.8002,166.0,0.028585,0.0,31475.0,0777
1788626021989,ASTER,B,Open Long,0.79932,171.0,0.029413,0.0,31641.0,0776
1788626022155,ASTER,B,Open Long,0.79844,56.0,0.009621,0.0,31812.0,0775
1788626022292,ASTER,B,Open Long,0.79844,119.0,0.020446,0.0,31868.0,0775
1788626022558,ASTER,B,Open Long,0.79755,178.0,0.03055,0.0,31987.0,0774
1788626023540,ASTER,B,Open Long,0.79667,182.0,0.031202,0.0,32165.0,0773
1788626247603,ASTER,B,Open Long,0.79579,186.0,0.031852,0.0,32347.0,0772
1788626247934,ASTER,B,Open Long,0.79491,189.0,0.03233,0.0,32533.0,0771
1788626269309,ASTER,B,Open Long,0.79403,193.0,0.032978,0.0,32722.0,0770
1788626348184,ASTER,B,Open Long,0.79314,195.0,0.033283,0.0,32915.0,0769
1788626348806,ASTER,B,Open Long,0.79314,1.0,0.00017,0.0,33110.0,0769
1788626462792,ASTER,B,Open Long,0.79226,200.0,0.034098,0.0,33111.0,0768
1788626483459,ASTER,B,Open Long,0.79138,203.0,0.034571,0.0,33311.0,0767
1788626486078,ASTER,B,Open Long,0.7905,206.0,0.035043,0.0,33514.0,0766
1788626544049,ASTER,B,Open Long,0.78962,209.0,0.035514,0.0,33720.0,0765
1788626560658,ASTER,B,Open Long,0.78874,213.0,0.036153,0.0,33929.0,0764
1788627133457,ASTER,B,Open Long,0.78785,216.0,0.036621,0.0,34142.0,0763
1788627147058,ASTER,B,Open Long,0.78697,219.0,0.037088,0.0,34358.0,0762
1788627147864,ASTER,B,Open Long,0.78609,222.0,0.037554,0.0,34577.0,0761
1788627164956,ASTER,B,Open Long,0.78521,224.0,0.03785,0.0,34799.0,0760
1788627559598,ASTER,B,Open Long,0.79321,288.0,0.110566,0.0,35023.0,0797
1788627559598,ASTER,B,Open Long,0.79325,293.0,0.112492,0.0,35311.0,0797
1788627559598,ASTER,B,Open Long,0.79325,1419.0,0.5448,0.0,35604.0,0797
1788627924671,ASTER,B,Open Long,0.78433,227.0,0.038314,0.0,37023.0,0759
1788628004674,ASTER,B,Open Long,0.78344,230.0,0.038777,0.0,37250.0,0758
1788628004940,ASTER,B,Open Long,0.78256,233.0,0.039238,0.0,37480.0,0757
1788628034727,ASTER,A,Close Long,0.78356,510.0,0.193413,-14.81652,37713.0,0798
1788628034727,ASTER,A,Close Long,0.78355,284.0,0.107702,-8.253608,37203.0,0798
1788628034727,ASTER,A,Close Long,0.78352,284.0,0.107698,-8.262128,36919.0,0798
1788628034727,ASTER,A,Close Long,0.78351,511.0,0.19378,-14.871122,36635.0,0798
1788628034727,ASTER,A,Close Long,0.7835,224.0,0.084943,-6.521088,36124.0,0798
1788628034727,ASTER,A,Close Long,0.78349,279.0,0.105798,-8.125038,35900.0,0798
1788628034727,ASTER,A,Close Long,0.78345,280.0,0.106172,-8.16536,35621.0,0798
1788628034727,ASTER,A,Close Long,0.78341,511.0,0.193755,-14.922222,35341.0,0798
1788628034727,ASTER,A,Close Long,0.7834,279.0,0.105786,-8.150148,34830.0,0798
1788628034727,ASTER,A,Close Long,0.78338,232.0,0.087963,-6.781824,34551.0,0798
1788628034727,ASTER,A,Close Long,0.78338,500.0,0.189577,-14.616,34319.0,0798
1788628034727,ASTER,A,Close Long,0.78337,1458.0,0.552801,-42.634836,33819.0,0798
1788628034727,ASTER,A,Close Long,0.78336,961.0,0.364358,-28.111172,32361.0,0798
1788628034727,ASTER,A,Close Long,0.78334,279.0,0.105778,-8.166888,31400.0,0798
1788628034727,ASTER,A,Close Long,0.7833,284.0,0.107668,-8.324608,31121.0,0798
1788628034727,ASTER,A,Close Long,0.78325,279.0,0.105766,-8.191998,30837.0,0798
1788628034727,ASTER,A,Close Long,0.78323,1276.0,0.48371,-37.491432,30558.0,0798
1788628034727,ASTER,A,Close Long,0.78321,280.0,0.106139,-8.23256,29282.0,0798
1788628034727,ASTER,A,Close Long,0.78317,1018.0,0.385876,-29.971956,29002.0,0798
1788628034727,ASTER,A,Close Long,0.78316,279.0,0.105754,-8.217108,27984.0,0798
1788628034727,ASTER,A,Close Long,0.78315,1901.0,0.720562,-56.007262,27705.0,0798
1788628034727,ASTER,A,Close Long,0.78312,279.0,0.105749,-8.228268,25804.0,0798
1788628034727,ASTER,A,Close Long,0.7831,638.0,0.241814,-18.828656,25525.0,0798
1788628034727,ASTER,A,Close Long,0.7831,708.0,0.268345,-20.894496,24887.0,0798
1788628034727,ASTER,A,Close Long,0.78309,315.0,0.119389,-9.29943,24179.0,0798
1788628034727,ASTER,A,Close Long,0.78308,279.0,0.105743,-8.239428,23864.0,0798
1788628034727,ASTER,A,Close Long,0.78306,1534.0,0.581387,-45.332768,23585.0,0798
1788628034727,ASTER,A,Close Long,0.78304,279.0,0.105737,-8.250588,22051.0,0798
1788628034727,ASTER,A,Close Long,0.78304,127.0,0.048131,-3.755644,21772.0,0798
1788628034727,ASTER,A,Close Long,0.783,279.0,0.105732,-8.261748,21645.0,0798
1788628034727,ASTER,A,Close Long,0.78296,279.0,0.105727,-8.272908,21366.0,0798
1788628034727,ASTER,A,Close Long,0.78292,279.0,0.105721,-8.284068,21087.0,0798
1788628034727,ASTER,A,Close Long,0.78291,1276.0,0.483512,-37.899752,20808.0,0798
1788628034727,ASTER,A,Close Long,0.78288,279.0,0.105716,-8.295228,19532.0,0798
1788628034727,ASTER,A,Close Long,0.78283,281.0,0.106467,-8.368742,19253.0,0798
1788628034727,ASTER,A,Close Long,0.7828,279.0,0.105706,-8.317548,18972.0,0798
1788628034727,ASTER,A,Close Long,0.78279,1458.0,0.552392,-43.480476,18693.0,0798
1788628034727,ASTER,A,Close Long,0.78277,281.0,0.106459,-8.385602,17235.0,0798
1788628034727,ASTER,A,Close Long,0.78276,2411.0,0.91342,-71.973172,16954.0,0798
1788628034727,ASTER,A,Close Long,0.78273,279.0,0.105696,-8.337078,14543.0,0798
1788628034727,ASTER,A,Close Long,0.78272,3832.0,1.451701,-114.546144,14264.0,0798
1788628034727,ASTER,A,Close Long,0.78271,1901.0,0.720158,-56.843702,10432.0,0798
1788628034727,ASTER,A,Close Long,0.78268,279.0,0.105689,-8.351028,8531.0,0798
1788628034727,ASTER,A,Close Long,0.78268,3189.0,1.208047,-95.453148,8252.0,0798
1788628034727,ASTER,A,Close Long,0.78264,278.0,0.105305,-8.332216,5063.0,0798
1788628034727,ASTER,A,Close Long,0.7826,278.0,0.1053,-8.343336,4785.0,0798
1788628034727,ASTER,A,Close Long,0.7826,224.0,0.084846,-6.722688,4507.0,0798
1788628034727,ASTER,A,Close Long,0.78259,235.0,0.08901,-7.05517,4283.0,0798
1788628034727,ASTER,A,Close Long,0.78257,2325.0,0.880625,-69.84765,4048.0,0798
1788628034727,ASTER,A,Close Long,0.78256,278.0,0.105294,-8.354456,1723.0,0798
1788628034727,ASTER,A,Close Long,0.78252,278.0,0.105289,-8.365576,1445.0,0798
1788628034727,ASTER,A,Close Long,0.7825,1167.0,0.441977,-35.140704,1167.0,0798
1788628042494,ASTER,B,Open Long,0.78321,53.0,0.02009,0.0,0.0,0799
1788628042494,ASTER,B,Open Long,0.78322,236.0,0.089461,0.0,53.0,0799
1788628042494,ASTER,B,Open Long,0.78326,285.0,0.108041,0.0,289.0,0799
1788628042494,ASTER,B,Open Long,0.7833,285.0,0.108048,0.0,574.0,0799
1788628042494,ASTER,B,Open Long,0.78331,285.0,0.108049,0.0,859.0,0799
1788628042494,ASTER,B,Open Long,0.78332,511.0,0.193733,0.0,1144.0,0799
1788628042494,ASTER,B,Open Long,0.78333,315.0,0.119425,0.0,1655.0,0799
1788628042494,ASTER,B,Open Long,0.78335,285.0,0.108054,0.0,1970.0,0799
1788628042494,ASTER,B,Open Long,0.78339,285.0,0.10806,0.0,2255.0,0799
1788628042494,ASTER,B,Open Long,0.78342,285.0,0.108064,0.0,2540.0,0799
1788628042494,ASTER,B,Open Long,0.78345,511.0,0.193765,0.0,2825.0,0799
1788628042494,ASTER,B,Open Long,0.78346,285.0,0.108069,0.0,3336.0,0799
1788628042494,ASTER,B,Open Long,0.78349,285.0,0.108074,0.0,3621.0,0799
1788628042494,ASTER,B,Open Long,0.7835,1276.0,0.483876,0.0,3906.0,0799
1788628042494,ASTER,B,Open Long,0.78354,285.0,0.10808,0.0,5182.0,0799
1788628042494,ASTER,B,Open Long,0.78354,500.0,0.189616,0.0,5467.0,0799
1788628042494,ASTER,B,Open Long,0.78357,638.0,0.241959,0.0,5967.0,0799
1788628042494,ASTER,B,Open Long,0.78358,285.0,0.108086,0.0,6605.0,0799
1788628042494,ASTER,B,Open Long,0.78359,285.0,0.108088,0.0,6890.0,0799
1788628042494,ASTER,B,Open Long,0.78363,127.0,0.048168,0.0,7175.0,0799
1788628042494,ASTER,B,Open Long,0.78363,285.0,0.108093,0.0,7302.0,0799
1788628042494,ASTER,B,Open Long,0.78364,510.0,0.193433,0.0,7587.0,0799
1788628042494,ASTER,B,Open Long,0.78364,285.0,0.108094,0.0,8097.0,0799
1788628042494,ASTER,B,Open Long,0.78365,1901.0,0.721022,0.0,8382.0,0799
1788628042494,ASTER,B,Open Long,0.7837,285.0,0.108103,0.0,10283.0,0799
1788628042494,ASTER,B,Open Long,0.78371,285.0,0.108104,0.0,10568.0,0799
1788628042494,ASTER,B,Open Long,0.78373,3190.0,1.210046,0.0,10853.0,0799
1788628042494,ASTER,B,Open Long,0.78374,958.0,0.363398,0.0,14043.0,0799
1788628042494,ASTER,B,Open Long,0.78378,285.0,0.108113,0.0,15001.0,0799
1788628042494,ASTER,B,Open Long,0.78379,285.0,0.108115,0.0,15286.0,0799
1788628042494,ASTER,B,Open Long,0.78383,1276.0,0.48408,0.0,15571.0,0799
1788628042494,ASTER,B,Open Long,0.78386,285.0,0.108125,0.0,16847.0,0799
1788628042494,ASTER,B,Open Long,0.78388,285.0,0.108127,0.0,17132.0,0799
1788628042494,ASTER,B,Open Long,0.78389,1458.0,0.553169,0.0,17417.0,0799
1788628042494,ASTER,B,Open Long,0.78391,285.0,0.108132,0.0,18875.0,0799
1788628042494,ASTER,B,Open Long,0.78398,285.0,0.108141,0.0,19160.0,0799
1788628042494,ASTER,B,Open Long,0.78399,285.0,0.108142,0.0,19445.0,0799
1788628042494,ASTER,B,Open Long,0.784,637.0,0.241712,0.0,19730.0,0799
1788628042494,ASTER,B,Open Long,0.78402,285.0,0.108147,0.0,20367.0,0799
1788628042494,ASTER,B,Open Long,0.78404,286.0,0.108529,0.0,20652.0,0799
1788628042494,ASTER,B,Open Long,0.78405,510.0,0.193534,0.0,20938.0,0799
1788628042494,ASTER,B,Open Long,0.78406,3190.0,1.210557,0.0,21448.0,0799
1788628042494,ASTER,B,Open Long,0.78406,887.0,0.336603,0.0,24638.0,0799
1788628066291,ASTER,B,Open Long,0.78471,329.0,0.124953,0.0,25525.0,0800
1788628066291,ASTER,B,Open Long,0.78473,1456.0,0.553001,0.0,25854.0,0800
1788628066291,ASTER,B,Open Long,0.78474,234.0,0.088875,0.0,27310.0,0800
1788628066291,ASTER,B,Open Long,0.78477,234.0,0.088879,0.0,27544.0,0800
1788628066291,ASTER,B,Open Long,0.78478,897.0,0.340709,0.0,27778.0,0800
1788628066291,ASTER,B,Open Long,0.78479,1850.0,0.7027,0.0,28675.0,0800
1788628108947,ASTER,B,Open Long,0.78656,227.0,0.086416,0.0,30525.0,0801
1788628108947,ASTER,B,Open Long,0.78659,227.0,0.08642,0.0,30752.0,0801
1788628108947,ASTER,B,Open Long,0.78662,227.0,0.086424,0.0,30979.0,0801
1788628108947,ASTER,B,Open Long,0.78665,226.0,0.086046,0.0,31206.0,0801
1788628108947,ASTER,B,Open Long,0.78668,226.0,0.086049,0.0,31432.0,0801
1788628108947,ASTER,B,Open Long,0.78671,226.0,0.086052,0.0,31658.0,0801
1788628108947,ASTER,B,Open Long,0.78674,226.0,0.086056,0.0,31884.0,0801
1788628108947,ASTER,B,Open Long,0.78677,226.0,0.08606,0.0,32110.0,0801
1788628108947,ASTER,B,Open Long,0.7868,226.0,0.086062,0.0,32336.0,0801
1788628108947,ASTER,B,Open Long,0.78681,1901.0,0.72393,0.0,32562.0,0801
1788628108947,ASTER,B,Open Long,0.78683,226.0,0.086066,0.0,34463.0,0801
1788628108947,ASTER,B,Open Long,0.78685,227.0,0.086449,0.0,34689.0,0801
1788628108947,ASTER,B,Open Long,0.78687,109.0,0.041511,0.0,34916.0,0801
1788628108947,ASTER,B,Open Long,0.7869,227.0,0.086454,0.0,35025.0,0801
1788628108947,ASTER,B,Open Long,0.78693,273.0,0.103978,0.0,35252.0,0801
1788628451398,ASTER,B,Open Long,0.78186,2000.0,0.75684,0.0,35525.0,0802
1788629502765,FET,B,Open Long,0.16542,80.0,0.002847,0.0,0.0,0809
1788629999183,FET,B,Open Long,0.16515,111.0,0.003944,0.0,80.0,0808
1788630087994,FET,B,Open Long,0.16487,160.0,0.005675,0.0,191.0,0807
1788630195240,FET,B,Open Long,0.1646,208.0,0.007367,0.0,351.0,0806
1788630396740,FARTCOIN,B,Open Long,0.1719,6398.5,0.532352,0.0,0.0,0814
1788630396740,FARTCOIN,B,Open Long,0.17195,2000.0,0.166447,0.0,6398.5,0814
1788630396740,FARTCOIN,B,Open Long,0.17196,2000.0,0.166457,0.0,8398.5,0814
1788630396740,FARTCOIN,B,Open Long,0.17196,1453.8,0.120997,0.0,10398.5,0814
1788630396740,FARTCOIN,B,Open Long,0.17197,290.7,0.024195,0.0,11852.3,0814
1788630396740,FARTCOIN,B,Open Long,0.17198,2000.0,0.166476,0.0,12143.0,0814
1788630396740,FARTCOIN,B,Open Long,0.17199,2000.0,0.166486,0.0,14143.0,0814
1788630396740,FARTCOIN,B,Open Long,0.17199,2325.7,0.193597,0.0,16143.0,0814
1788630396740,FARTCOIN,B,Open Long,0.172,6405.2,0.533219,0.0,18468.7,0814
1788630396740,FARTCOIN,B,Open Long,0.172,2000.0,0.166496,0.0,24873.9,0814
1788630396740,FARTCOIN,B,Open Long,0.172,1204.0,0.100229,0.0,26873.9,0814
1788630396740,FARTCOIN,B,Open Long,0.17201,1015.5,0.084542,0.0,28077.9,0814
1788630467827,FET,B,Open Long,0.16433,254.0,0.008981,0.0,559.0,0805
1788630974181,FARTCOIN,B,Open Long,0.17197,290.7,0.024195,0.0,29093.4,0815
1788630974181,FARTCOIN,B,Open Long,0.17202,1247.2,0.103838,0.0,29384.1,0815
1788630974181,FARTCOIN,B,Open Long,0.17205,1678.7,0.139789,0.0,30631.3,0815
1788630974181,FARTCOIN,B,Open Long,0.17209,2324.4,0.193602,0.0,32310.0,0815
1788630974181,FARTCOIN,B,Open Long,0.17211,2324.1,0.1936,0.0,34634.4,0815
1788630974181,FARTCOIN,B,Open Long,0.17211,3882.0,0.323375,0.0,36958.5,0815
1788630974181,FARTCOIN,B,Open Long,0.17212,2804.7,0.233648,0.0,40840.5,0815
1788631418723,FARTCOIN,A,Close Long,0.17127,620.9,0.051469,-0.453257,43645.2,0816
1788631418723,FARTCOIN,A,Close Long,0.17126,621.0,0.051474,-0.45954,43024.3,0816
1788631418723,FARTCOIN,A,Close Long,0.17125,620.5,0.05143,-0.465375,42403.3,0816
1788631418723,FARTCOIN,A,Close Long,0.17124,620.5,0.051426,-0.47158,41782.8,0816
1788631418723,FARTCOIN,A,Close Long,0.17123,17.1,0.001416,-0.013167,41162.3,0816
1788631420749,FARTCOIN,A,Close Long,0.17122,1194.4,0.098979,-0.931632,41145.2,0817
1788631420749,FARTCOIN,A,Close Long,0.17122,1094.3,0.090684,-0.853554,39950.8,0817
1788631420749,FARTCOIN,A,Close Long,0.17122,211.3,0.017509,-0.164814,38856.5,0817
1788631420952,FARTCOIN,A,Close Long,0.17122,1356.7,0.112429,-1.058226,38645.2,0818
1788631420952,FARTCOIN,A,Close Long,0.1712,1143.3,0.094734,-0.91464,37288.5,0818
1788631421016,FARTCOIN,A,Close Long,0.1712,316.9,0.026258,-0.25352,36145.2,0819
1788631421016,FARTCOIN,A,Close Long,0.17119,2183.1,0.180882,-1.768311,35828.3,0819
1788631506475,FARTCOIN,B,Open Long,0.17097,285.3,0.010496,0.0,33645.2,0813
1788631521402,FARTCOIN,B,Open Long,0.17078,389.8,0.014325,0.0,33930.5,0812
1788631541395,ASTER,A,Close Long,0.77846,1312.0,0.494327,-7.502016,37525.0,0820
1788631541395,ASTER,A,Close Long,0.77809,514.0,0.193569,-3.129232,36213.0,0820
1788631541395,ASTER,A,Close Long,0.77808,1673.0,0.630035,-10.201954,35699.0,0820
1788631541395,ASTER,A,Close Long,0.77805,1467.0,0.552436,-8.989776,34026.0,0820
1788631541395,ASTER,A,Close Long,0.77795,514.0,0.193534,-3.201192,32559.0,0820
1788631541395,ASTER,A,Close Long,0.77794,2236.0,0.841904,-13.948168,32045.0,0820
1788631541395,ASTER,A,Close Long,0.77793,514.0,0.193529,-3.211472,29809.0,0820
1788631541395,ASTER,A,Close Long,0.77792,642.0,0.241721,-4.017636,29295.0,0820
1788631541395,ASTER,A,Close Long,0.77781,514.0,0.1935,-3.273152,28653.0,0820
1788631541395,ASTER,A,Close Long,0.7778,1285.0,0.483744,-8.19573,28139.0,0820
1788631541395,ASTER,A,Close Long,0.77775,315.0,0.118575,-2.02482,26854.0,0820
1788631541395,ASTER,A,Close Long,0.77775,1534.0,0.577444,-9.860552,26539.0,0820
1788631541395,ASTER,A,Close Long,0.77774,4480.0,1.686388,-28.84224,25005.0,0820
1788631558146,FARTCOIN,A,Close Long,0.171,2339.2,0.193601,-2.292416,34320.3,0821
1788631558146,FARTCOIN,A,Close Long,0.171,4269.4,0.353351,-4.184012,31981.1,0821
1788631558146,FARTCOIN,A,Close Long,0.17097,553.1,0.045768,-0.558631,27711.7,0821
1788631558146,FARTCOIN,A,Close Long,0.17096,659.4,0.054561,-0.672588,27158.6,0821
1788631558146,FARTCOIN,A,Close Long,0.17095,656.3,0.054301,-0.675989,26499.2,0821
1788631558146,FARTCOIN,A,Close Long,0.17094,2340.0,0.193598,-2.4336,25842.9,0821
1788631558146,FARTCOIN,A,Close Long,0.17094,659.4,0.054554,-0.685776,23502.9,0821
1788631558146,FARTCOIN,A,Close Long,0.17093,1462.5,0.120992,-1.535625,22843.5,0821
1788631558146,FARTCOIN,A,Close Long,0.17093,659.4,0.054552,-0.69237,21381.0,0821
1788631558146,FARTCOIN,A,Close Long,0.17092,4270.3,0.35326,-4.526518,20721.6,0821
1788631558146,FARTCOIN,A,Close Long,0.17091,659.4,0.054545,-0.705558,16451.3,0821
1788631558146,FARTCOIN,A,Close Long,0.1709,659.4,0.054542,-0.712152,15791.9,0821
1788631558146,FARTCOIN,A,Close Long,0.1709,2000.0,0.165431,-2.16,15132.5,0821
1788631558146,FARTCOIN,A,Close Long,0.17089,612.4,0.050651,-0.667516,13132.5,0821
1788631558146,FARTCOIN,A,Close Long,0.17089,2000.0,0.165421,-2.18,12520.1,0821
1788631558146,FARTCOIN,A,Close Long,0.17088,2340.8,0.193597,-2.57488,10520.1,0821
1788631558146,FARTCOIN,A,Close Long,0.17088,1900.7,0.157198,-2.09077,8179.3,0821
1788631558146,FARTCOIN,A,Close Long,0.17087,6278.6,0.519246,-6.969246,6278.6,0821
1788631768399,FARTCOIN,B,Open Long,0.17058,467.8,0.017171,0.0,0.0,0811
1788631774744,FARTCOIN,B,Open Long,0.17039,532.5,0.019525,0.0,467.8,0810
1788631788455,ASTER,B,Open Long,0.78336,104.0,0.03943,0.0,20525.0,0822
1788631788455,ASTER,B,Open Long,0.78337,511.0,0.193745,0.0,20629.0,0822
1788631788455,ASTER,B,Open Long,0.78338,104.0,0.039432,0.0,21140.0,0822
1788631788455,ASTER,B,Open Long,0.78347,511.0,0.19377,0.0,21244.0,0822
1788631788455,ASTER,B,Open Long,0.78348,177.0,0.067118,0.0,21755.0,0822
1788631788455,ASTER,B,Open Long,0.78348,47.0,0.017822,0.0,21932.0,0822
1788631788455,ASTER,B,Open Long,0.78348,63.0,0.023888,0.0,21979.0,0822
1788631788455,ASTER,B,Open Long,0.78348,202.0,0.076598,0.0,22042.0,0822
1788631788455,ASTER,B,Open Long,0.78353,511.0,0.193785,0.0,22244.0,0822
1788631788455,ASTER,B,Open Long,0.78354,163.0,0.061814,0.0,22755.0,0822
1788631788455,ASTER,B,Open Long,0.78356,510.0,0.193413,0.0,22918.0,0822
1788631788455,ASTER,B,Open Long,0.78357,638.0,0.241959,0.0,23428.0,0822
1788631788455,ASTER,B,Open Long,0.78364,645.0,0.244635,0.0,24066.0,0822
1788631788455,ASTER,B,Open Long,0.78371,500.0,0.189657,0.0,24711.0,0822
1788631788455,ASTER,B,Open Long,0.78372,63.0,0.023896,0.0,25211.0,0822
1788631788455,ASTER,B,Open Long,0.78381,251.0,0.095219,0.0,25274.0,0822
1788631808273,ASTER,B,Open Long,0.78499,510.0,0.193766,0.0,25525.0,0823
1788631808273,ASTER,B,Open Long,0.785,107.0,0.040653,0.0,26035.0,0823
1788631808273,ASTER,B,Open Long,0.78501,510.0,0.193771,0.0,26142.0,0823
1788631808273,ASTER,B,Open Long,0.78526,509.0,0.193452,0.0,26652.0,0823
1788631808273,ASTER,B,Open Long,0.78527,1454.0,0.552622,0.0,27161.0,0823
1788631808273,ASTER,B,Open Long,0.78535,509.0,0.193475,0.0,28615.0,0823
1788631808273,ASTER,B,Open Long,0.78536,939.0,0.356926,0.0,29124.0,0823
1788631808273,ASTER,B,Open Long,0.78548,462.0,0.175639,0.0,30063.0,0823
1788631875854,ASTER,B,Open Long,0.78712,635.0,0.241913,0.0,30525.0,0824
1788631875854,ASTER,B,Open Long,0.78733,1534.0,0.584557,0.0,31160.0,0824
1788631875854,ASTER,B,Open Long,0.78734,2822.0,1.075386,0.0,32694.0,0824
1788631875854,ASTER,B,Open Long,0.78741,9.0,0.003429,0.0,35516.0,0824
1788632176705,ASTER,B,Open Long,0.79027,101.0,0.03863,0.0,35525.0,0825
1788632176705,ASTER,B,Open Long,0.79028,90.0,0.034424,0.0,35626.0,0825
1788632176705,ASTER,B,Open Long,0.79028,90.0,0.034424,0.0,35716.0,0825
1788632176705,ASTER,B,Open Long,0.79035,102.0,0.039017,0.0,35806.0,0825
1788632176705,ASTER,B,Open Long,0.79036,2236.0,0.855346,0.0,35908.0,0825
1788632176705,ASTER,B,Open Long,0.79042,102.0,0.039021,0.0,38144.0,0825
1788632176705,ASTER,B,Open Long,0.79043,90.0,0.03443,0.0,38246.0,0825
1788632176705,ASTER,B,Open Long,0.79043,90.0,0.03443,0.0,38336.0,0825
1788632176705,ASTER,B,Open Long,0.79044,3425.0,1.310311,0.0,38426.0,0825
1788632689159,ASTER,B,Open Long,0.79148,98.0,0.03754,0.0,41851.0,0826
1788632689159,ASTER,B,Open Long,0.79154,98.0,0.037544,0.0,41949.0,0826
1788632689159,ASTER,B,Open Long,0.79164,505.0,0.193491,0.0,42047.0,0826
1788632689159,ASTER,B,Open Long,0.79165,1534.0,0.587765,0.0,42552.0,0826
1788632689159,ASTER,B,Open Long,0.79169,1231.0,0.471692,0.0,44086.0,0826
1788632689159,ASTER,B,Open Long,0.7917,324.0,0.124151,0.0,45317.0,0826
1788633136520,ASTER,B,Open Long,0.79299,39.0,0.014967,0.0,45641.0,0827
1788633136520,ASTER,B,Open Long,0.793,39.0,0.014967,0.0,45680.0,0827
1788633136520,ASTER,B,Open Long,0.79313,90.0,0.034548,0.0,45719.0,0827
1788633136520,ASTER,B,Open Long,0.79316,504.0,0.19348,0.0,45809.0,0827
1788633136520,ASTER,B,Open Long,0.79317,46.0,0.017658,0.0,46313.0,0827
1788633136520,ASTER,B,Open Long,0.7932,504.0,0.193489,0.0,46359.0,0827
1788633136520,ASTER,B,Open Long,0.79321,2568.0,0.985889,0.0,46863.0,0827
1788634917311,ASTER,A,Close Long,0.79118,1443.0,0.552569,6.607497,49431.0,0828
1788634917311,ASTER,A,Close Long,0.79103,1534.0,0.587304,6.794086,47988.0,0828
1788634917311,ASTER,A,Close Long,0.79095,506.0,0.193706,2.200594,46454.0,0828
1788634917311,ASTER,A,Close Long,0.79088,1534.0,0.587192,6.563986,45948.0,0828
1788634917311,ASTER,A,Close Long,0.79084,2523.0,0.965719,10.694997,44414.0,0828
1788634917311,ASTER,A,Close Long,0.79084,1443.0,0.552331,6.116877,41891.0,0828
1788634917311,ASTER,A,Close Long,0.79083,968.0,0.370513,4.093672,40448.0,0828
1788634917311,ASTER,A,Close Long,0.7908,632.0,0.241895,2.653768,39480.0,0828
1788634917311,ASTER,A,Close Long,0.79076,1264.0,0.483767,5.256976,38848.0,0828
1788634917311,ASTER,A,Close Long,0.79075,981.0,0.37545,4.070169,37584.0,0828
1788634917311,ASTER,A,Close Long,0.79066,1172.0,0.448499,4.757148,36603.0,0828
1788635490915,ASTER,B,Open Long,0.79111,506.0,0.193745,0.0,35431.0,0829
1788635490915,ASTER,B,Open Long,0.79141,505.0,0.193436,0.0,35937.0,0829
1788635490915,ASTER,B,Open Long,0.79142,3159.0,1.210045,0.0,36442.0,0829
1788635490915,ASTER,B,Open Long,0.79143,830.0,0.317932,0.0,39601.0,0829
1788636583526,FARTCOIN,B,Open Long,0.17336,1443.2,0.121093,0.0,1000.3,0830
1788636656466,FARTCOIN,B,Open Long,0.1738,287.6,0.024192,0.0,2443.5,0831
1788636656466,FARTCOIN,B,Open Long,0.17382,750.0,0.063096,0.0,2731.1,0831
1788636656466,FARTCOIN,B,Open Long,0.17382,405.6,0.034122,0.0,3481.1,0831
1788636729472,FARTCOIN,B,Open Long,0.17342,287.0,0.024089,0.0,3886.7,0832
1788636729472,FARTCOIN,B,Open Long,0.17343,749.0,0.06287,0.0,4173.7,0832
1788636729472,FARTCOIN,B,Open Long,0.17344,407.1,0.034173,0.0,4922.7,0832
1788636775406,ASTER,A,Close Long,0.78797,2523.0,0.962214,1.960371,40431.0,0833
1788636775406,ASTER,A,Close Long,0.78787,76.0,0.02898,0.051452,37908.0,0833
1788636775406,ASTER,A,Close Long,0.78786,508.0,0.193712,0.338836,37832.0,0833
1788636775406,ASTER,A,Close Long,0.78785,76.0,0.028979,0.049932,37324.0,0833
1788636775406,ASTER,A,Close Long,0.78781,69.0,0.026308,0.042573,37248.0,0833
1788636775406,ASTER,A,Close Long,0.7878,1534.0,0.584906,0.931138,37179.0,0833
1788636775406,ASTER,A,Close Long,0.78775,634.0,0.241725,0.353138,35645.0,0833
1788636775406,ASTER,A,Close Long,0.78757,634.0,0.241669,0.239018,35011.0,0833
1788636775406,ASTER,A,Close Long,0.78755,1267.0,0.482947,0.452319,34377.0,0833
1788636775406,ASTER,A,Close Long,0.78755,2523.0,0.961701,0.900711,33110.0,0833
1788636775406,ASTER,A,Close Long,0.78748,156.0,0.059457,0.044772,30587.0,0833
1788636802473,FARTCOIN,B,Open Long,0.17268,1443.2,0.120618,0.0,5329.8,0834
1788636874524,FARTCOIN,B,Open Long,0.17259,955.8,0.079841,0.0,6773.0,0835
1788636874524,FARTCOIN,B,Open Long,0.17259,487.4,0.040714,0.0,7728.8,0835
1788636947425,FARTCOIN,B,Open Long,0.17248,289.8,0.024192,0.0,8216.2,0836
1788636947425,FARTCOIN,B,Open Long,0.1725,755.0,0.063034,0.0,8506.0,0836
1788636947425,FARTCOIN,B,Open Long,0.1725,398.3,0.033253,0.0,9261.0,0836
1788637019890,FARTCOIN,B,Open Long,0.17194,757.0,0.062995,0.0,9659.3,0837
1788637019890,FARTCOIN,B,Open Long,0.17196,686.1,0.057102,0.0,10416.3,0837
1788637038783,ASTER,A,Close Long,0.78345,427.0,0.161913,-1.598261,30431.0,0838
1788637038783,ASTER,A,Close Long,0.78332,191.0,0.072412,-0.739743,30004.0,0838
1788637038783,ASTER,A,Close Long,0.78323,24.0,0.009097,-0.095112,29813.0,0838
1788637038783,ASTER,A,Close Long,0.78318,1088.0,0.412415,-4.366144,29789.0,0838
1788637038783,ASTER,A,Close Long,0.78318,1534.0,0.581475,-6.155942,28701.0,0838
1788637038783,ASTER,A,Close Long,0.78317,638.0,0.241836,-2.566674,27167.0,0838
1788637038783,ASTER,A,Close Long,0.7831,1006.0,0.381293,-4.117558,26529.0,0838
1788637038783,ASTER,A,Close Long,0.78308,638.0,0.241808,-2.624094,25523.0,0838
1788637038783,ASTER,A,Close Long,0.78292,511.0,0.193634,-2.183503,24885.0,0838
1788637038783,ASTER,A,Close Long,0.78291,1090.0,0.413031,-4.66847,24374.0,0838
1788637038783,ASTER,A,Close Long,0.78284,638.0,0.241734,-2.777214,23284.0,0838
1788637038783,ASTER,A,Close Long,0.78283,511.0,0.193612,-2.229493,22646.0,0838
1788637038783,ASTER,A,Close Long,0.78282,16.0,0.006061,-0.069968,22135.0,0838
1788637038783,ASTER,A,Close Long,0.7828,511.0,0.193605,-2.244823,22119.0,0838
1788637038783,ASTER,A,Close Long,0.78279,1177.0,0.44593,-5.182331,21608.0,0838
1788637093499,FARTCOIN,B,Open Long,0.17174,225.7,0.01876,0.0,11102.4,0839
1788637093499,FARTCOIN,B,Open Long,0.17174,532.3,0.044245,0.0,11328.1,0839
1788637093499,FARTCOIN,B,Open Long,0.17175,226.7,0.018844,0.0,11860.4,0839
1788637093499,FARTCOIN,B,Open Long,0.17175,226.7,0.018844,0.0,12087.1,0839
1788637093499,FARTCOIN,B,Open Long,0.17175,231.8,0.019268,0.0,12313.8,0839
1788637165435,FARTCOIN,B,Open Long,0.1719,1044.2,0.086876,0.0,12545.6,0840
1788637165435,FARTCOIN,B,Open Long,0.1719,399.0,0.033195,0.0,13589.8,0840
1788637238434,FARTCOIN,B,Open Long,0.17207,757.0,0.063043,0.0,13988.8,0841
1788637238434,FARTCOIN,B,Open Long,0.17208,686.2,0.057151,0.0,14745.8,0841
1788637311422,FARTCOIN,B,Open Long,0.17198,1443.2,0.120129,0.0,15432.0,0842
1788637384496,FARTCOIN,B,Open Long,0.17184,450.2,0.037443,0.0,16875.2,0843
1788637384496,FARTCOIN,B,Open Long,0.17184,102.4,0.008516,0.0,17325.4,0843
1788637384496,FARTCOIN,B,Open Long,0.17184,205.4,0.017082,0.0,17427.8,0843
1788637384496,FARTCOIN,B,Open Long,0.17185,553.6,0.046045,0.0,17633.2,0843
1788637384496,FARTCOIN,B,Open Long,0.17185,131.5,0.010936,0.0,18186.8,0843
1788637456411,FARTCOIN,B,Open Long,0.17207,849.2,0.070722,0.0,18318.3,0844
1788637456411,FARTCOIN,B,Open Long,0.17208,594.0,0.049471,0.0,19167.5,0844
1788637529512,FARTCOIN,B,Open Long,0.17248,289.8,0.024192,0.0,19761.5,0845
1788637529512,FARTCOIN,B,Open Long,0.17249,756.0,0.063114,0.0,20051.3,0845
1788637529512,FARTCOIN,B,Open Long,0.1725,397.4,0.033178,0.0,20807.3,0845
1788637602397,FARTCOIN,B,Open Long,0.17287,169.7,0.014198,0.0,21204.7,0846
1788637602397,FARTCOIN,B,Open Long,0.17287,582.3,0.04872,0.0,21374.4,0846
1788637602397,FARTCOIN,B,Open Long,0.17287,289.0,0.024179,0.0,21956.7,0846
1788637602397,FARTCOIN,B,Open Long,0.17288,402.2,0.033653,0.0,22245.7,0846
1788637674506,FARTCOIN,B,Open Long,0.1723,687.3,0.057315,0.0,22647.9,0847
1788637674506,FARTCOIN,B,Open Long,0.1723,290.0,0.024183,0.0,23335.2,0847
1788637674506,FARTCOIN,B,Open Long,0.1723,68.7,0.005728,0.0,23625.2,0847
1788637674506,FARTCOIN,B,Open Long,0.17231,397.2,0.033125,0.0,23693.9,0847
1788637747414,FARTCOIN,B,Open Long,0.17271,1443.2,0.120638,0.0,24091.1,0848
1788637766613,FET,B,Open Long,0.16405,72.0,0.002541,0.0,813.0,0804
1788637767824,FET,B,Open Long,0.16405,227.0,0.008012,0.0,885.0,0804
1788637769857,FET,B,Open Long,0.16378,344.0,0.012124,0.0,1112.0,0803
1788637819866,FARTCOIN,B,Open Long,0.17179,757.0,0.062941,0.0,25534.3,0849
1788637819866,FARTCOIN,B,Open Long,0.17179,290.0,0.024111,0.0,26291.3,0849
1788637819866,FARTCOIN,B,Open Long,0.1718,396.2,0.032943,0.0,26581.3,0849
1788637892635,FARTCOIN,B,Open Long,0.17219,1054.5,0.087881,0.0,26977.5,0850
1788637892635,FARTCOIN,B,Open Long,0.1722,388.7,0.032395,0.0,28032.0,0850
1788637965290,FARTCOIN,B,Open Long,0.17245,1129.7,0.09429,0.0,28420.7,0851
1788637965290,FARTCOIN,B,Open Long,0.17245,313.5,0.026166,0.0,29550.4,0851
1788638038008,FARTCOIN,B,Open Long,0.17227,756.0,0.063033,0.0,29863.9,0852
1788638038008,FARTCOIN,B,Open Long,0.17228,687.2,0.057301,0.0,30619.9,0852
1788638110745,FARTCOIN,B,Open Long,0.17242,948.1,0.07912,0.0,31307.1,0853
1788638110745,FARTCOIN,B,Open Long,0.17243,495.1,0.041319,0.0,32255.2,0853
1788638184452,FARTCOIN,B,Open Long,0.17317,752.0,0.063027,0.0,32750.3,0854
1788638184452,FARTCOIN,B,Open Long,0.17318,691.2,0.057935,0.0,33502.3,0854
1788638256504,FARTCOIN,B,Open Long,0.17364,1443.1,0.121279,0.0,34193.5,0855
1788638329459,FARTCOIN,B,Open Long,0.1742,1443.2,0.121679,0.0,35636.6,0856
1788638402527,FARTCOIN,B,Open Long,0.17416,1350.0,0.113795,0.0,37079.8,0857
1788638402527,FARTCOIN,B,Open Long,0.17421,93.2,0.007857,0.0,38429.8,0857
1788638474510,FARTCOIN,B,Open Long,0.1746,1443.1,0.12195,0.0,38523.0,0858
1788638547492,FARTCOIN,B,Open Long,0.17464,285.9,0.024164,0.0,39966.1,0859
1788638547492,FARTCOIN,B,Open Long,0.17465,745.0,0.062974,0.0,40252.0,0859
1788638547492,FARTCOIN,B,Open Long,0.17466,412.3,0.034853,0.0,40997.0,0859
1788638620456,FARTCOIN,B,Open Long,0.17456,521.5,0.044059,0.0,41409.3,0860
1788638620456,FARTCOIN,B,Open Long,0.17456,921.7,0.077871,0.0,41930.8,0860
1788638693542,FARTCOIN,B,Open Long,0.174,1443.0,0.121523,0.0,42852.5,0861
1788638765409,FARTCOIN,B,Open Long,0.17458,531.9,0.044942,0.0,44295.5,0862
1788638765409,FARTCOIN,B,Open Long,0.17461,911.3,0.077014,0.0,44827.4,0862
1788638812392,ASTER,B,Open Long,0.79078,1444.0,0.552672,0.0,20431.0,0863
1788638812392,ASTER,B,Open Long,0.79082,506.0,0.193674,0.0,21875.0,0863
1788638812392,ASTER,B,Open Long,0.79083,3050.0,1.167423,0.0,22381.0,0863
1788638813669,ASTER,B,Open Long,0.7904,1445.0,0.552789,0.0,25431.0,0864
1788638813669,ASTER,B,Open Long,0.79048,632.0,0.241798,0.0,26876.0,0864
1788638813669,ASTER,B,Open Long,0.79051,78.0,0.029842,0.0,27508.0,0864
1788638813669,ASTER,B,Open Long,0.79056,81.0,0.030992,0.0,27586.0,0864
1788638813669,ASTER,B,Open Long,0.79058,326.0,0.124739,0.0,27667.0,0864
1788638813669,ASTER,B,Open Long,0.79059,506.0,0.193617,0.0,27993.0,0864
1788638813669,ASTER,B,Open Long,0.7906,94.0,0.035968,0.0,28499.0,0864
1788638813669,ASTER,B,Open Long,0.79064,1838.0,0.703346,0.0,28593.0,0864
1788638886152,FARTCOIN,B,Open Long,0.17468,286.0,0.024179,0.0,45738.7,0865
1788638886152,FARTCOIN,B,Open Long,0.17468,2862.2,0.241984,0.0,46024.7,0865
1788638886152,FARTCOIN,B,Open Long,0.17472,11453.7,0.968576,0.0,48886.9,0865
1788638886152,FARTCOIN,B,Open Long,0.17472,745.0,0.062999,0.0,60340.6,0865
1788638886152,FARTCOIN,B,Open Long,0.17472,2861.6,0.241988,0.0,61085.6,0865
1788638886152,FARTCOIN,B,Open Long,0.17473,745.0,0.063003,0.0,63947.2,0865
1788638886152,FARTCOIN,B,Open Long,0.17475,1350.0,0.114181,0.0,64692.2,0865
1788638886152,FARTCOIN,B,Open Long,0.17477,1385.2,0.117172,0.0,66042.2,0865
1788638886152,FARTCOIN,B,Open Long,0.1748,2288.3,0.193597,0.0,67427.4,0865
1788638886152,FARTCOIN,B,Open Long,0.17481,1023.0,0.086553,0.0,69715.7,0865
1788638896963,FARTCOIN,B,Open Long,0.175,24926.5,2.111273,0.0,70738.7,0866
1788638896963,FARTCOIN,B,Open Long,0.175,73.5,0.006225,0.0,95665.2,0866
1788641827318,FARTCOIN,A,Close Long,0.17421,4388.9,0.370061,1.31667,95738.7,0867
1788641827318,FARTCOIN,A,Close Long,0.17419,1350.0,0.113815,0.378,91349.8,0867
1788641827318,FARTCOIN,A,Close Long,0.17418,11425.8,0.96323,3.084966,89999.8,0867
1788641827318,FARTCOIN,A,Close Long,0.17418,1435.1,0.120982,0.387477,78574.0,0867
1788641827318,FARTCOIN,A,Close Long,0.17416,1400.2,0.118026,0.35005,77138.9,0867
1788641910533,ASTER,B,Open Long,0.77615,315.0,0.118331,0.0,30431.0,0868
1788641910533,ASTER,B,Open Long,0.77627,515.0,0.193492,0.0,30746.0,0868
1788641910533,ASTER,B,Open Long,0.77628,4170.0,1.566749,0.0,31261.0,0868
1788648822411,ARB,B,Open Long,0.183,1647.4,0.145913,0.0,0.0,0869
1788648859659,ARB,B,Open Long,0.18198,1647.4,0.145099,0.0,1647.4,0870
1788648895669,ARB,B,Open Long,0.18129,0.2,0.000016,0.0,3294.8,0871
1788648895669,ARB,B,Open Long,0.18137,1647.2,0.144596,0.0,3295.0,0871
1788648921045,ASTER,B,Open Long,0.78501,93.0,0.035334,0.0,35431.0,0872
1788648921045,ASTER,B,Open Long,0.78501,93.0,0.035334,0.0,35524.0,0872
1788648921045,ASTER,B,Open Long,0.78501,1454.0,0.552439,0.0,35617.0,0872
1788648921045,ASTER,B,Open Long,0.78523,799.0,0.30366,0.0,37071.0,0872
1788648921045,ASTER,B,Open Long,0.7853,361.0,0.13721,0.0,37870.0,0872
1788648931435,ARB,B,Open Long,0.18129,1647.4,0.144549,0.0,4942.2,0873
1788648931773,FARTCOIN,B,Open Long,0.17269,945.2,0.079001,0.0,75738.7,0874
1788648931773,FARTCOIN,B,Open Long,0.1727,2316.2,0.193602,0.0,76683.9,0874
1788648931773,FARTCOIN,B,Open Long,0.17271,2000.0,0.167183,0.0,79000.1,0874
1788648931773,FARTCOIN,B,Open Long,0.17272,2315.9,0.1936,0.0,81000.1,0874
1788648931773,FARTCOIN,B,Open Long,0.17273,2000.0,0.167202,0.0,83316.0,0874
1788648931773,FARTCOIN,B,Open Long,0.17274,2002.1,0.167387,0.0,85316.0,0874
1788648967782,ARB,B,Open Long,0.18057,1647.3,0.143966,0.0,6589.6,0875
1788649004711,ARB,B,Open Long,0.18047,1647.4,0.143895,0.0,8236.9,0876
1788649041600,ARB,B,Open Long,0.18049,679.4,0.059349,0.0,9884.3,0877
1788649041600,ARB,B,Open Long,0.1805,967.9,0.084557,0.0,10563.7,0877
1788649077636,ARB,B,Open Long,0.18066,1647.2,0.144029,0.0,11531.6,0878
1788649113662,ARB,B,Open Long,0.18027,1647.4,0.143736,0.0,13178.8,0879
1788649149678,ARB,B,Open Long,0.17947,1647.4,0.143098,0.0,14826.2,0880
1788649186676,ARB,B,Open Long,0.17925,1647.2,0.142906,0.0,16473.6,0881
1788649222650,ARB,B,Open Long,0.17914,1647.4,0.142835,0.0,18120.8,0882
1788649259668,ARB,B,Open Long,0.17935,1647.4,0.143003,0.0,19768.2,0883
1788649295063,ARB,B,Open Long,0.17998,1647.3,0.143496,0.0,21415.6,0884
1788649331676,ARB,B,Open Long,0.1789,1647.2,0.142626,0.0,23062.9,0885
1788649368671,ARB,B,Open Long,0.17868,1647.4,0.142468,0.0,24710.1,0886
1788649404129,ARB,B,Open Long,0.178,1647.4,0.141926,0.0,26357.5,0887
1788649440592,ARB,B,Open Long,0.17809,152.2,0.013118,0.0,28004.9,0888
1788649440592,ARB,B,Open Long,0.17817,280.6,0.024196,0.0,28157.1,0888
1788649440592,ARB,B,Open Long,0.17817,1214.6,0.104739,0.0,28437.7,0888
1788649477718,ARB,B,Open Long,0.17794,1647.3,0.14187,0.0,29652.3,0889
1788649513337,ARB,B,Open Long,0.17693,1647.4,0.141073,0.0,31299.6,0890
1788649517803,ARB,A,Close Long,0.17578,32947.0,2.803048,-132.11747,32947.0,0891
1788649757289,FARTCOIN,A,Close Long,0.1723,2321.5,0.193596,-3.366175,87318.1,0892
1788649757289,FARTCOIN,A,Close Long,0.1723,6749.3,0.562845,-9.786485,84996.6,0892
1788649757289,FARTCOIN,A,Close Long,0.17229,2414.9,0.201374,-3.525754,78247.3,0892
1788649757289,FARTCOIN,A,Close Long,0.17228,1222.8,0.10196,-1.797516,75832.4,0892
1788649757289,FARTCOIN,A,Close Long,0.17228,1135.7,0.094697,-1.669479,74609.6,0892
1788649757289,FARTCOIN,A,Close Long,0.17225,6749.3,0.562681,-10.12395,73473.9,0892
1788649757289,FARTCOIN,A,Close Long,0.17223,2322.5,0.193601,-3.5302,66724.6,0892
1788649757289,FARTCOIN,A,Close Long,0.17223,1451.3,0.120978,-2.205976,64402.1,0892
1788649757289,FARTCOIN,A,Close Long,0.17222,1000.0,0.083354,-1.53,62950.8,0892
1788649757289,FARTCOIN,A,Close Long,0.17221,2322.7,0.193595,-3.576958,61950.8,0892
1788649757289,FARTCOIN,A,Close Long,0.1722,1000.0,0.083344,-1.55,59628.1,0892
1788649757289,FARTCOIN,A,Close Long,0.1722,6749.3,0.562518,-10.461415,58628.1,0892
1788649757289,FARTCOIN,A,Close Long,0.17219,1000.0,0.083339,-1.56,51878.8,0892
1788649757289,FARTCOIN,A,Close Long,0.17219,3954.0,0.329525,-6.16824,50878.8,0892
1788649757289,FARTCOIN,A,Close Long,0.17219,3670.2,0.305874,-5.725512,46924.8,0892
1788649757289,FARTCOIN,A,Close Long,0.17218,290.3,0.024191,-0.455771,43254.6,0892
1788649757289,FARTCOIN,A,Close Long,0.17218,2323.2,0.193603,-3.647424,42964.3,0892
1788649757289,FARTCOIN,A,Close Long,0.17218,1000.0,0.083335,-1.57,40641.1,0892
1788649757289,FARTCOIN,A,Close Long,0.17218,5157.3,0.429783,-8.096961,39641.1,0892
1788649757289,FARTCOIN,A,Close Long,0.17217,34483.8,2.873544,-54.484404,34483.8,0892
1788650342372,ZEC,B,Open Long,1022.2,0.39,0.192949,0.0,0.0,0893
1788650342372,ZEC,B,Open Long,1022.2,0.9,0.44527,0.0,0.39,0893
1788650342372,ZEC,B,Open Long,1022.2,0.05,0.024737,0.0,1.29,0893
1788650342372,ZEC,B,Open Long,1022.2,0.97,0.479902,0.0,1.34,0893
1788650342372,ZEC,B,Open Long,1022.3,0.97,0.479949,0.0,2.31,0893
1788650342372,ZEC,B,Open Long,1022.3,0.74,0.366146,0.0,3.28,0893
1788650342372,ZEC,B,Open Long,1022.3,5.13,2.538288,0.0,4.02,0893
1788650342372,ZEC,B,Open Long,1022.4,0.39,0.192987,0.0,9.15,0893
1788650342372,ZEC,B,Open Long,1022.4,0.3,0.148452,0.0,9.54,0893
1788650342372,ZEC,B,Open Long,1022.4,0.97,0.479995,0.0,9.84,0893
1788650342372,ZEC,B,Open Long,1022.4,0.79,0.390924,0.0,10.81,0893
1788650342372,ZEC,B,Open Long,1022.4,0.39,0.192987,0.0,11.6,0893
1788650342372,ZEC,B,Open Long,1022.5,0.97,0.480042,0.0,11.99,0893
1788650342372,ZEC,B,Open Long,1022.5,0.79,0.390962,0.0,12.96,0893
1788650342372,ZEC,B,Open Long,1022.5,0.24,0.118773,0.0,13.75,0893
1788650342372,ZEC,B,Open Long,1022.5,7.34,3.632492,0.0,13.99,0893
1788650342372,ZEC,B,Open Long,1022.6,0.45,0.222722,0.0,21.33,0893
1788650342372,ZEC,B,Open Long,1022.6,0.02,0.009898,0.0,21.78,0893
1788650342372,ZEC,B,Open Long,1022.6,0.97,0.48009,0.0,21.8,0893
1788650342372,ZEC,B,Open Long,1022.6,2.23,1.103711,0.0,22.77,0893
1788650544052,ZEC,B,Open Long,1021.8,0.36,0.178037,0.0,25.0,0894
1788650544052,ZEC,B,Open Long,1021.9,0.39,0.192893,0.0,25.36,0894
1788650544052,ZEC,B,Open Long,1021.9,0.3,0.148379,0.0,25.75,0894
1788650544052,ZEC,B,Open Long,1021.9,0.9,0.445139,0.0,26.05,0894
1788650544052,ZEC,B,Open Long,1021.9,3.05,1.508528,0.0,26.95,0894
1788650910945,ZEC,B,Open Long,1024.3,1.34,0.664319,0.0,30.0,0895
1788650910945,ZEC,B,Open Long,1024.4,2.49,1.234565,0.0,31.34,0895
1788650910945,ZEC,B,Open Long,1024.6,1.17,0.58021,0.0,33.83,0895
1788653500852,ZEC,B,Open Long,1028.6,2.66,1.32426,0.0,35.0,0896
1788653500852,ZEC,B,Open Long,1028.7,0.47,0.234007,0.0,37.66,0896
1788653500852,ZEC,B,Open Long,1028.7,1.87,0.931054,0.0,38.13,0896
1788653502655,ZEC,B,Open Long,1028.6,2.75,1.369066,0.0,40.0,0897
1788653502655,ZEC,B,Open Long,1028.6,0.76,0.378359,0.0,42.75,0897
1788653502655,ZEC,B,Open Long,1028.6,0.39,0.194158,0.0,43.51,0897
1788653502655,ZEC,B,Open Long,1028.7,1.1,0.547679,0.0,43.9,0897
1788654956016,ASTER,B,Open Long,0.79289,630.0,0.241767,0.0,38231.0,0898
1788654956016,ASTER,B,Open Long,0.79294,1239.0,0.475506,0.0,38861.0,0898
1788654994467,ASTER,B,Open Long,0.79371,89.0,0.034189,0.0,40100.0,0899
1788654994467,ASTER,B,Open Long,0.79377,89.0,0.034191,0.0,40189.0,0899
1788654994467,ASTER,B,Open Long,0.79379,4722.0,1.814165,0.0,40278.0,0899
1788656533533,ZEC,A,Close Long,1035.8,0.02,0.010025,0.236698,45.0,0900
1788656533533,ZEC,A,Close Long,1035.8,1.93,0.967561,22.841357,44.98,0900
1788656533533,ZEC,A,Close Long,1035.8,1.12,0.561485,13.255088,43.05,0900
1788656533533,ZEC,A,Close Long,1035.8,1.93,0.967561,22.841357,41.93,0900
1788656535824,ZEC,A,Close Long,1035.7,1.44,0.72184,16.898256,40.0,0901
1788656535824,ZEC,A,Close Long,1035.7,0.39,0.195498,4.576611,38.56,0901
1788656535824,ZEC,A,Close Long,1035.7,2.63,1.318363,30.862787,38.17,0901
1788656535824,ZEC,A,Close Long,1035.6,0.54,0.270664,6.282846,35.54,0901
1788656596025,ZEC,A,Close Long,1061.8,2.87,1.474924,108.586163,35.0,0902
1788656596025,ZEC,A,Close Long,1061.4,2.13,1.094218,79.736337,32.13,0902
1788656636081,ZEC,A,Close Long,1063.0,2.06,1.059853,80.411894,30.0,0903
1788656636081,ZEC,A,Close Long,1062.7,1.14,0.586354,44.157786,27.94,0903
1788656636081,ZEC,A,Close Long,1062.6,0.9,0.462868,34.77141,26.8,0903
1788656636081,ZEC,A,Close Long,1062.6,0.9,0.462868,34.77141,25.9,0903
1788656843541,ZEC,A,Close Long,1079.4,0.48,0.250766,26.608752,25.0,0904
1788656843541,ZEC,A,Close Long,1079.4,0.04,0.020896,2.217396,24.52,0904
1788656843541,ZEC,A,Close Long,1079.0,1.07,0.558792,58.887343,24.48,0904
1788656843541,ZEC,A,Close Long,1078.9,2.8,1.462125,153.81772,23.41,0904
1788656843541,ZEC,A,Close Long,1078.9,0.2,0.104437,10.98698,20.61,0904
1788656843541,ZEC,A,Close Long,1078.9,0.41,0.214096,22.523309,20.41,0904
1788656979942,ASTER,B,Open Long,0.80339,151.0,0.058714,0.0,45000.0,0905
1788656979942,ASTER,B,Open Long,0.8034,629.0,0.244583,0.0,45151.0,0905
1788656979942,ASTER,B,Open Long,0.80344,152.0,0.059107,0.0,45780.0,0905
1788656979942,ASTER,B,Open Long,0.80345,622.0,0.241876,0.0,45932.0,0905
1788656979942,ASTER,B,Open Long,0.80346,2560.0,0.995518,0.0,46554.0,0905
1788656979942,ASTER,B,Open Long,0.80349,152.0,0.059111,0.0,49114.0,0905
1788656979942,ASTER,B,Open Long,0.8035,734.0,0.285447,0.0,49266.0,0905
1788657027944,ASTER,B,Open Long,0.80757,619.0,0.241944,0.0,50000.0,0906
1788657027944,ASTER,B,Open Long,0.8078,618.0,0.241622,0.0,50619.0,0906
1788657027944,ASTER,B,Open Long,0.80786,957.0,0.37419,0.0,51237.0,0906
1788657027944,ASTER,B,Open Long,0.80787,2560.0,1.000982,0.0,52194.0,0906
1788657027944,ASTER,B,Open Long,0.80802,246.0,0.096205,0.0,54754.0,0906
1788657381204,ZEC,A,Close Long,1075.0,12.05,6.269615,614.970545,20.0,0907
1788657381204,ZEC,A,Close Long,1075.0,4.0,2.0812,204.1396,7.95,0907
1788657381204,ZEC,A,Close Long,1075.0,0.62,0.322586,31.641638,3.95,0907
1788657381204,ZEC,A,Close Long,1074.9,3.33,1.732437,169.613217,3.33,0907
1788658074965,FET,B,Open Long,0.16701,2395.0,0.193593,0.0,1456.0,0908
1788658074965,FET,B,Open Long,0.16701,681.0,0.055046,0.0,3851.0,0908
1788658074965,FET,B,Open Long,0.16702,1924.0,0.155531,0.0,4532.0,0908
1788658188684,ARB,B,Open Long,0.18944,3293.2,0.301949,0.0,0.0,0909
1788658188684,ARB,B,Open Long,0.18944,2632.4,0.241361,0.0,3293.2,0909
1788658188684,ARB,B,Open Long,0.18949,2871.5,0.263354,0.0,5925.6,0909
1788658188684,ARB,B,Open Long,0.18949,2871.5,0.263354,0.0,8797.1,0909
1788658188684,ARB,B,Open Long,0.1895,3282.2,0.301036,0.0,11668.6,0909
1788658188684,ARB,B,Open Long,0.18952,5049.2,0.46315,0.0,14950.8,0909
1788658214223,ARB,B,Open Long,0.18957,527.6,0.048407,0.0,20000.0,0910
1788658214223,ARB,B,Open Long,0.18959,2109.8,0.193597,0.0,20527.6,0910
1788658214223,ARB,B,Open Long,0.18965,2109.1,0.193595,0.0,22637.4,0910
1788658214223,ARB,B,Open Long,0.18966,263.6,0.024196,0.0,24746.5,0910
1788658214223,ARB,B,Open Long,0.18967,3508.9,0.322117,0.0,25010.1,0910
1788658214223,ARB,B,Open Long,0.18968,2108.8,0.193597,0.0,28519.0,0910
1788658214223,ARB,B,Open Long,0.18969,9372.2,0.860461,0.0,30627.8,0910
1788658230165,ARB,B,Open Long,0.19026,2102.4,0.193601,0.0,40000.0,0911
1788658230165,ARB,B,Open Long,0.19027,3493.3,0.3217,0.0,42102.4,0911
1788658230165,ARB,B,Open Long,0.19027,14404.3,1.326501,0.0,45595.7,0911
1788658254805,ASTER,A,Close Long,0.79365,504.0,0.193598,1.404144,55000.0,0912
1788658254805,ASTER,A,Close Long,0.79364,629.0,0.241611,1.746104,54496.0,0912
1788658254805,ASTER,A,Close Long,0.79354,504.0,0.193572,1.348704,53867.0,0912
1788658254805,ASTER,A,Close Long,0.79353,2520.0,0.967852,6.71832,53363.0,0912
1788658254805,ASTER,A,Close Long,0.79351,504.0,0.193564,1.333584,50843.0,0912
1788658254805,ASTER,A,Close Long,0.7935,2822.0,1.083799,7.438792,50339.0,0912
1788658254805,ASTER,A,Close Long,0.79347,630.0,0.241944,1.64178,47517.0,0912
1788658254805,ASTER,A,Close Long,0.79339,1534.0,0.589057,3.874884,46887.0,0912
1788658254805,ASTER,A,Close Long,0.79337,1438.0,0.552178,3.603628,45353.0,0912
1788658254805,ASTER,A,Close Long,0.79314,300.0,0.115163,0.6828,43915.0,0912
1788658254805,ASTER,A,Close Long,0.79313,630.0,0.241841,1.42758,43615.0,0912
1788658254805,ASTER,A,Close Long,0.79311,504.0,0.193467,1.131984,42985.0,0912
1788658254805,ASTER,A,Close Long,0.7931,2481.0,0.952357,5.547516,42481.0,0912
1788658306832,ASTER,B,Open Long,0.7915,200.0,0.034066,0.0,40000.0,0924
1788658306832,ASTER,B,Open Long,0.79128,107.0,0.018219,0.0,40200.0,0923
1788658306832,ASTER,B,Open Long,0.79128,93.0,0.015835,0.0,40307.0,0923
1788658306832,ASTER,B,Open Long,0.79107,34.0,0.005787,0.0,40400.0,0922
1788658306832,ASTER,B,Open Long,0.79107,127.0,0.021619,0.0,40434.0,0922
1788658306832,ASTER,B,Open Long,0.79107,39.0,0.006639,0.0,40561.0,0922
1788658306832,ASTER,B,Open Long,0.79085,200.0,0.034038,0.0,40600.0,0921
1788658306832,ASTER,B,Open Long,0.79063,200.0,0.034028,0.0,40800.0,0920
1788658306832,ASTER,B,Open Long,0.79041,200.0,0.034019,0.0,41000.0,0919
1788658306832,ASTER,B,Open Long,0.7902,200.0,0.03401,0.0,41200.0,0918
1788658306832,ASTER,B,Open Long,0.78998,200.0,0.034,0.0,41400.0,0917
1788658307099,ASTER,B,Open Long,0.78976,200.0,0.033991,0.0,41600.0,0916
1788658307099,ASTER,B,Open Long,0.78955,200.0,0.033982,0.0,41800.0,0915
1788658307099,ASTER,B,Open Long,0.78933,200.0,0.033972,0.0,42000.0,0914
1788658307099,ASTER,B,Open Long,0.78911,200.0,0.033963,0.0,42200.0,0913
1788658551945,ASTER,B,Open Long,0.79719,1432.0,0.552522,0.0,42400.0,0925
1788658551945,ASTER,B,Open Long,0.7973,627.0,0.241954,0.0,43832.0,0925
1788658551945,ASTER,B,Open Long,0.79736,541.0,0.208783,0.0,44459.0,0925
1788658664855,ASTER,B,Open Long,0.79836,1430.0,0.55256,0.0,45000.0,0926
1788658664855,ASTER,B,Open Long,0.79845,626.0,0.241916,0.0,46430.0,0926
1788658664855,ASTER,B,Open Long,0.79853,626.0,0.24194,0.0,47056.0,0926
1788658664855,ASTER,B,Open Long,0.7987,501.0,0.193671,0.0,47682.0,0926
1788658664855,ASTER,B,Open Long,0.79871,671.0,0.259391,0.0,48183.0,0926
1788658664855,ASTER,B,Open Long,0.79883,501.0,0.193703,0.0,48854.0,0926
1788658664855,ASTER,B,Open Long,0.79884,645.0,0.249381,0.0,49355.0,0926
1788659045943,ARB,A,Close Long,0.19665,2034.1,0.193602,13.933585,60000.0,0927
1788659045943,ARB,A,Close Long,0.19664,5223.9,0.497177,35.731476,57965.9,0927
1788659045943,ARB,A,Close Long,0.19662,2034.4,0.193601,13.874608,52742.0,0927
1788659045943,ARB,A,Close Long,0.19661,10707.6,1.018926,72.918756,50707.6,0927
1788659232136,ARB,A,Close Long,0.19612,3055.3,0.290014,19.309496,40000.0,0928
1788659232136,ARB,A,Close Long,0.1961,82.9,0.007867,0.52227,36944.7,0928
1788659232136,ARB,A,Close Long,0.1961,2039.8,0.193601,12.85074,36861.8,0928
1788659232136,ARB,A,Close Long,0.19609,825.2,0.078317,5.190508,34822.0,0928
1788659232136,ARB,A,Close Long,0.19609,3922.5,0.372274,24.672525,33996.8,0928
1788659232136,ARB,A,Close Long,0.19606,2040.2,0.1936,12.771652,30074.3,0928
1788659232136,ARB,A,Close Long,0.19606,3922.5,0.372217,24.55485,28034.1,0928
1788659232136,ARB,A,Close Long,0.19605,22895.6,2.172522,143.0975,24111.6,0928
1788659232136,ARB,A,Close Long,0.19605,1216.0,0.115383,7.6,1216.0,0928
1788659655612,ASTER,B,Open Long,0.78595,110.0,0.041843,0.0,50000.0,0929
1788659655612,ASTER,B,Open Long,0.78605,509.0,0.193647,0.0,50110.0,0929
1788659655612,ASTER,B,Open Long,0.78606,636.0,0.241967,0.0,50619.0,0929
1788659655612,ASTER,B,Open Long,0.7861,509.0,0.193659,0.0,51255.0,0929
1788659655612,ASTER,B,Open Long,0.78611,3236.0,1.231224,0.0,51764.0,0929
1788659874983,ASTER,A,Close Long,0.78768,131.0,0.049941,-0.488499,55000.0,0930
1788659874983,ASTER,A,Close Long,0.78764,508.0,0.193658,-1.914652,54869.0,0930
1788659874983,ASTER,A,Close Long,0.78763,232.0,0.088441,-0.876728,54361.0,0930
1788659874983,ASTER,A,Close Long,0.78742,508.0,0.193603,-2.026412,54129.0,0930
1788659874983,ASTER,A,Close Long,0.78741,942.0,0.359002,-3.767058,53621.0,0930
1788659874983,ASTER,A,Close Long,0.78733,635.0,0.241977,-2.590165,52679.0,0930
1788659874983,ASTER,A,Close Long,0.78733,508.0,0.193582,-2.072132,52044.0,0930
1788659874983,ASTER,A,Close Long,0.78731,2540.0,0.967886,-10.41146,51536.0,0930
1788659874983,ASTER,A,Close Long,0.78724,635.0,0.241949,-2.647315,48996.0,0930
1788659874983,ASTER,A,Close Long,0.78716,1534.0,0.584431,-6.517966,48361.0,0930
1788659874983,ASTER,A,Close Long,0.78704,1270.0,0.483777,-5.54863,46827.0,0930
1788659874983,ASTER,A,Close Long,0.78702,5557.0,2.116759,-24.389673,45557.0,0930
1788659988003,ASTER,B,Open Long,0.78902,507.0,0.193615,0.0,40000.0,0931
1788659988003,ASTER,B,Open Long,0.78903,90.0,0.034369,0.0,40507.0,0931
1788659988003,ASTER,B,Open Long,0.78905,507.0,0.193622,0.0,40597.0,0931
1788659988003,ASTER,B,Open Long,0.78906,1011.0,0.386105,0.0,41104.0,0931
1788659988003,ASTER,B,Open Long,0.7892,507.0,0.193659,0.0,42115.0,0931
1788659988003,ASTER,B,Open Long,0.78921,1271.0,0.485492,0.0,42622.0,0931
1788659988003,ASTER,B,Open Long,0.78926,507.0,0.193674,0.0,43893.0,0931
1788659988003,ASTER,B,Open Long,0.78927,600.0,0.229203,0.0,44400.0,0931
1788660015932,ASTER,B,Open Long,0.79028,956.0,0.365664,0.0,45000.0,0932
1788660015932,ASTER,B,Open Long,0.79041,506.0,0.193573,0.0,45956.0,0932
1788660015932,ASTER,B,Open Long,0.79042,1444.0,0.55242,0.0,46462.0,0932
1788660015932,ASTER,B,Open Long,0.79042,632.0,0.241779,0.0,47906.0,0932
1788660015932,ASTER,B,Open Long,0.79051,506.0,0.193598,0.0,48538.0,0932
1788660015932,ASTER,B,Open Long,0.79052,173.0,0.06619,0.0,49044.0,0932
1788660015932,ASTER,B,Open Long,0.79056,506.0,0.19361,0.0,49217.0,0932
1788660015932,ASTER,B,Open Long,0.79057,277.0,0.105989,0.0,49723.0,0932
1788660559684,FET,B,Open Long,0.16781,2384.0,0.193627,0.0,6456.0,0933
1788660559684,FET,B,Open Long,0.16782,825.0,0.06701,0.0,8840.0,0933
1788660559684,FET,B,Open Long,0.16782,6407.0,0.520407,0.0,9665.0,0933
1788660559684,FET,B,Open Long,0.16783,2383.0,0.193569,0.0,16072.0,0933
1788660559684,FET,B,Open Long,0.16784,319.0,0.025913,0.0,18455.0,0933
1788660559684,FET,B,Open Long,0.16785,1682.0,0.136644,0.0,18774.0,0933
1788661020080,FET,A,Close Long,0.16756,1129.0,0.09156,0.204349,20456.0,0934
1788661020080,FET,A,Close Long,0.16755,1135.0,0.09204,0.194085,19327.0,0934
1788661020080,FET,A,Close Long,0.16754,1263.0,0.102415,0.203343,18192.0,0934
1788661020080,FET,A,Close Long,0.16753,2388.0,0.193629,0.360588,16929.0,0934
1788661020080,FET,A,Close Long,0.16752,1263.0,0.102402,0.178083,14541.0,0934
1788661020080,FET,A,Close Long,0.1675,1263.0,0.102391,0.152823,13278.0,0934
1788661020080,FET,A,Close Long,0.1675,2388.0,0.193595,0.288948,12015.0,0934
1788661020080,FET,A,Close Long,0.16749,1168.0,0.094683,0.129648,9627.0,0934
1788661020080,FET,A,Close Long,0.16748,2388.0,0.193571,0.241188,8459.0,0934
1788661020080,FET,A,Close Long,0.16747,1263.0,0.102372,0.114933,6071.0,0934
1788661020080,FET,A,Close Long,0.16746,2389.0,0.193629,0.193509,4808.0,0934
1788661020080,FET,A,Close Long,0.16746,2000.0,0.162101,0.162,2419.0,0934
1788661020080,FET,A,Close Long,0.16745,419.0,0.033958,0.029749,419.0,0934
1788661421232,ASTER,B,Open Long,0.78002,513.0,0.193672,0.0,50000.0,0935
1788661421232,ASTER,B,Open Long,0.78003,760.0,0.286925,0.0,50513.0,0935
1788661421232,ASTER,B,Open Long,0.7803,513.0,0.193741,0.0,51273.0,0935
1788661421232,ASTER,B,Open Long,0.78031,3214.0,1.21383,0.0,51786.0,0935
1788666457936,xyz:HOOD,B,Open Long,127.69,3.916,0.088405,0.0,0.0,0936
1788701608482,ASTER,A,Close Long,0.77766,94.0,0.03538,-1.169266,55000.0,0937
1788701608482,ASTER,A,Close Long,0.77765,94.0,0.035379,-1.170206,54906.0,0937
1788701608482,ASTER,A,Close Long,0.77745,954.0,0.358975,-12.067146,54812.0,0937
1788701608482,ASTER,A,Close Long,0.77731,515.0,0.193751,-6.586335,53858.0,0937
1788701608482,ASTER,A,Close Long,0.77726,1017.0,0.382588,-13.057263,53343.0,0937
1788701608482,ASTER,A,Close Long,0.77722,643.0,0.241879,-8.281197,52326.0,0937
1788701608482,ASTER,A,Close Long,0.77719,208.0,0.07824,-2.685072,51683.0,0937
1788701608482,ASTER,A,Close Long,0.77719,244.0,0.091782,-3.149796,51475.0,0937
1788701608482,ASTER,A,Close Long,0.77702,315.0,0.118464,-4.119885,51231.0,0937
1788701608482,ASTER,A,Close Long,0.77702,221.0,0.083113,-2.890459,50916.0,0937
1788701608482,ASTER,A,Close Long,0.77701,223.0,0.083863,-2.918847,50695.0,0937
1788701608482,ASTER,A,Close Long,0.77701,245.0,0.092137,-3.206805,50472.0,0937
1788701608482,ASTER,A,Close Long,0.77698,12526.0,4.710506,-164.328594,50227.0,0937
1788701608482,ASTER,A,Close Long,0.77697,1553.0,0.58401,-20.389337,37701.0,0937
1788701608482,ASTER,A,Close Long,0.77684,1286.0,0.483523,-17.051074,36148.0,0937
1788701608482,ASTER,A,Close Long,0.77683,9421.0,3.54216,-125.007249,34862.0,0937
1788701608482,ASTER,A,Close Long,0.77672,1553.0,0.583822,-20.777587,25441.0,0937
1788701608482,ASTER,A,Close Long,0.77669,3888.0,1.461568,-52.134192,23888.0,0937
1788701614142,ASTER,A,Close Long,0.77715,515.0,0.193712,-6.668735,20000.0,0938
1788701614142,ASTER,A,Close Long,0.77713,643.0,0.241851,-8.339067,19485.0,0938
1788701614142,ASTER,A,Close Long,0.77703,515.0,0.193682,-6.730535,18842.0,0938
1788701614142,ASTER,A,Close Long,0.77694,643.0,0.241792,-8.461237,18327.0,0938
1788701614142,ASTER,A,Close Long,0.77693,94.0,0.035347,-1.237886,17684.0,0938
1788701614142,ASTER,A,Close Long,0.77692,94.0,0.035346,-1.238826,17590.0,0938
1788701614142,ASTER,A,Close Long,0.77688,643.0,0.241773,-8.499817,17496.0,0938
1788701614142,ASTER,A,Close Long,0.77679,515.0,0.193621,-6.854135,16853.0,0938
1788701614142,ASTER,A,Close Long,0.77678,2430.0,0.913585,-32.36517,16338.0,0938
1788701614142,ASTER,A,Close Long,0.77677,143.0,0.05376,-1.906047,13908.0,0938
1788701614142,ASTER,A,Close Long,0.77677,143.0,0.05376,-1.906047,13765.0,0938
1788701614142,ASTER,A,Close Long,0.77667,724.0,0.272156,-9.722596,13622.0,0938
1788701614142,ASTER,A,Close Long,0.77664,515.0,0.193584,-6.931385,12898.0,0938
1788701648409,xyz:HOOD,B,Open Long,125.34,1.59,0.035234,0.0,3.916,0939
1788701648409,xyz:HOOD,B,Open Long,125.34,1.456,0.032264,0.0,5.506,0939
1788701648409,xyz:HOOD,B,Open Long,125.34,0.87,0.019278,0.0,6.962,0939
1788701803441,JTO,B,Open Long,0.46742,75.0,0.016966,0.0,0.0,0940
1788701803441,JTO,B,Open Long,0.46743,75.0,0.016966,0.0,75.0,0940
1788701803441,JTO,B,Open Long,0.46751,233.0,0.052721,0.0,150.0,0940
1788701803441,JTO,B,Open Long,0.46751,228.0,0.05159,0.0,383.0,0940
1788701803441,JTO,B,Open Long,0.46754,17147.0,3.880182,0.0,611.0,0940
1788701803441,JTO,B,Open Long,0.46755,514.0,0.116315,0.0,17758.0,0940
1788701803441,JTO,B,Open Long,0.46755,450.0,0.101831,0.0,18272.0,0940
1788701803441,JTO,B,Open Long,0.46761,855.0,0.193505,0.0,18722.0,0940
1788701803441,JTO,B,Open Long,0.46761,2005.0,0.453777,0.0,19577.0,0940
1788701803441,JTO,B,Open Long,0.46761,264.0,0.059748,0.0,21582.0,0940
1788701803441,JTO,B,Open Long,0.46761,246.0,0.055675,0.0,21846.0,0940
1788701803441,JTO,B,Open Long,0.4677,1006.0,0.227724,0.0,22092.0,0940
1788701803441,JTO,B,Open Long,0.46773,352.0,0.079686,0.0,23098.0,0940
1788701803441,JTO,B,Open Long,0.4679,1022.0,0.231445,0.0,23450.0,0940
1788701803441,JTO,B,Open Long,0.4679,528.0,0.119572,0.0,24472.0,0940
1788702250969,JTO,A,Close Long,0.46483,980.0,0.220477,-2.695,25000.0,0941
1788702250969,JTO,A,Close Long,0.46477,102.0,0.022944,-0.28662,24020.0,0941
1788702250969,JTO,A,Close Long,0.46473,102.0,0.022942,-0.2907,23918.0,0941
1788702250969,JTO,A,Close Long,0.46472,450.0,0.101215,-1.287,23816.0,0941
1788702250969,JTO,A,Close Long,0.46471,2005.0,0.450963,-5.75435,23366.0,0941
1788702250969,JTO,A,Close Long,0.46466,437.0,0.098278,-1.27604,21361.0,0941
1788702250969,JTO,A,Close Long,0.46466,420.0,0.094455,-1.2264,20924.0,0941
1788702250969,JTO,A,Close Long,0.46462,102.0,0.022937,-0.30192,20504.0,0941
1788702250969,JTO,A,Close Long,0.46461,557.0,0.125252,-1.65429,20402.0,0941
1788702250969,JTO,A,Close Long,0.46458,103.0,0.02316,-0.309,19845.0,0941
1788702250969,JTO,A,Close Long,0.46449,103.0,0.023155,-0.31827,19742.0,0941
1788702250969,JTO,A,Close Long,0.46449,1390.0,0.31249,-4.2951,19639.0,0941
1788702250969,JTO,A,Close Long,0.46449,1417.0,0.31856,-4.37853,18249.0,0941
1788702250969,JTO,A,Close Long,0.46447,980.0,0.220307,-3.0478,16832.0,0941
1788702250969,JTO,A,Close Long,0.46443,102.0,0.022927,-0.3213,15852.0,0941
1788702250969,JTO,A,Close Long,0.4644,103.0,0.02315,-0.32754,15750.0,0941
1788702250969,JTO,A,Close Long,0.46438,352.0,0.079115,-1.1264,15647.0,0941
1788702250969,JTO,A,Close Long,0.46431,103.0,0.023146,-0.33681,15295.0,0941
1788702250969,JTO,A,Close Long,0.46431,861.0,0.193489,-2.81547,15192.0,0941
1788702250969,JTO,A,Close Long,0.46429,130.0,0.029212,-0.4277,14331.0,0941
1788702250969,JTO,A,Close Long,0.46425,102.0,0.022918,-0.33966,14201.0,0941
1788702250969,JTO,A,Close Long,0.46418,862.0,0.193659,-2.9308,14099.0,0941
1788702250969,JTO,A,Close Long,0.46417,102.0,0.022914,-0.34782,13237.0,0941
1788702250969,JTO,A,Close Long,0.46416,103.0,0.023138,-0.35226,13135.0,0941
1788702250969,JTO,A,Close Long,0.46415,862.0,0.193646,-2.95666,13032.0,0941
1788702250969,JTO,A,Close Long,0.46414,2170.0,0.487476,-7.4648,12170.0,0941
1788703390097,PUMP,B,Open Long,0.004049,446902.0,0.8758,0.0,0.0,0942
1788703390097,PUMP,B,Open Long,0.004049,32320.0,0.063337,0.0,446902.0,0942
1788703390097,PUMP,B,Open Long,0.00405,56700.0,0.111142,0.0,479222.0,0942
1788703390097,PUMP,B,Open Long,0.00405,110911.0,0.217406,0.0,535922.0,0942
1788703390097,PUMP,B,Open Long,0.00405,98765.0,0.193598,0.0,646833.0,0942
1788703390097,PUMP,B,Open Long,0.004051,78207.0,0.153338,0.0,745598.0,0942
1788703390097,PUMP,B,Open Long,0.004051,138724.0,0.271993,0.0,823805.0,0942
1788703390097,PUMP,B,Open Long,0.004051,123689.0,0.242514,0.0,962529.0,0942
1788703390097,PUMP,B,Open Long,0.004052,36387.0,0.071361,0.0,1086218.0,0942
1788703390097,PUMP,B,Open Long,0.004052,127704.0,0.250448,0.0,1122605.0,0942
1788703390097,PUMP,B,Open Long,0.004052,25033.0,0.049093,0.0,1250309.0,0942
1788703390097,PUMP,B,Open Long,0.004052,26035.0,0.051058,0.0,1275342.0,0942
1788703390097,PUMP,B,Open Long,0.004052,500000.0,0.980584,0.0,1301377.0,0942
1788703390097,PUMP,B,Open Long,0.004052,617512.0,1.211043,0.0,1801377.0,0942
1788703390097,PUMP,B,Open Long,0.004053,11656.0,0.022864,0.0,2418889.0,0942
1788703390097,PUMP,B,Open Long,0.004053,69455.0,0.136246,0.0,2430545.0,0942
1788703404831,PUMP,B,Open Long,0.004055,105820.0,0.207684,0.0,2500000.0,0943
1788703404831,PUMP,B,Open Long,0.004055,25072.0,0.049206,0.0,2605820.0,0943
1788703404831,PUMP,B,Open Long,0.004055,147891.0,0.290253,0.0,2630892.0,0943
1788703404831,PUMP,B,Open Long,0.004055,69393.0,0.136191,0.0,2778783.0,0943
1788703404831,PUMP,B,Open Long,0.004056,12000.0,0.023557,0.0,2848176.0,0943
1788703404831,PUMP,B,Open Long,0.004056,29009.0,0.056947,0.0,2860176.0,0943
1788703404831,PUMP,B,Open Long,0.004057,26889.0,0.052798,0.0,2889185.0,0943
1788703404831,PUMP,B,Open Long,0.004057,77357.0,0.151896,0.0,2916074.0,0943
1788703404831,PUMP,B,Open Long,0.004058,98571.0,0.1936,0.0,2993431.0,0943
1788703404831,PUMP,B,Open Long,0.004058,90888.0,0.17851,0.0,3092002.0,0943
1788703404831,PUMP,B,Open Long,0.004058,500000.0,0.982036,0.0,3182890.0,0943
1788703404831,PUMP,B,Open Long,0.004058,123521.0,0.242603,0.0,3682890.0,0943
1788703404831,PUMP,B,Open Long,0.004058,23711.0,0.046569,0.0,3806411.0,0943
1788703404831,PUMP,B,Open Long,0.004058,755933.0,1.484706,0.0,3830122.0,0943
1788703404831,PUMP,B,Open Long,0.004058,413945.0,0.813016,0.0,4586055.0,0943
1788703407279,PUMP,B,Open Long,0.004057,432813.0,0.849866,0.0,5000000.0,0944
1788703407279,PUMP,B,Open Long,0.004057,38883.0,0.076349,0.0,5432813.0,0944
1788703407279,PUMP,B,Open Long,0.004059,12318.0,0.024198,0.0,5471696.0,0944
1788703407279,PUMP,B,Open Long,0.004059,138945.0,0.272964,0.0,5484014.0,0944
1788703407279,PUMP,B,Open Long,0.004059,121928.0,0.239533,0.0,5622959.0,0944
1788703407279,PUMP,B,Open Long,0.004059,25225.0,0.049555,0.0,5744887.0,0944
1788703407279,PUMP,B,Open Long,0.004059,28151.0,0.055303,0.0,5770112.0,0944
1788703407279,PUMP,B,Open Long,0.004059,756430.0,1.486048,0.0,5798263.0,0944
1788703407279,PUMP,B,Open Long,0.004059,98546.0,0.193598,0.0,6554693.0,0944
1788703407279,PUMP,B,Open Long,0.00406,846761.0,1.663918,0.0,6653239.0,0944
1788703411953,PUMP,B,Open Long,0.004061,26797.0,0.052669,0.0,7500000.0,0945
1788703411953,PUMP,B,Open Long,0.004061,32684.0,0.06424,0.0,7526797.0,0945
1788703411953,PUMP,B,Open Long,0.004062,76924.0,0.151232,0.0,7559481.0,0945
1788703411953,PUMP,B,Open Long,0.004062,756430.0,1.487146,0.0,7636405.0,0945
1788703411953,PUMP,B,Open Long,0.004063,5543.0,0.0109,0.0,8392835.0,0945
1788703411953,PUMP,B,Open Long,0.004063,503955.0,0.991022,0.0,8398378.0,0945
1788703411953,PUMP,B,Open Long,0.004063,120254.0,0.236478,0.0,8902333.0,0945
1788703411953,PUMP,B,Open Long,0.004063,123368.0,0.242601,0.0,9022587.0,0945
1788703411953,PUMP,B,Open Long,0.004063,98449.0,0.193598,0.0,9145955.0,0945
1788703411953,PUMP,B,Open Long,0.004064,755596.0,1.486238,0.0,9244404.0,0945
1788703414631,PUMP,B,Open Long,0.004059,79102.0,0.155399,0.0,10000000.0,0946
1788703414631,PUMP,B,Open Long,0.004059,492610.0,0.967759,0.0,10079102.0,0946
1788703414631,PUMP,B,Open Long,0.004059,43306.0,0.085076,0.0,10571712.0,0946
1788703414631,PUMP,B,Open Long,0.004059,39723.0,0.078037,0.0,10615018.0,0946
1788703414631,PUMP,B,Open Long,0.00406,226058.0,0.444212,0.0,10654741.0,0946
1788703414631,PUMP,B,Open Long,0.00406,26043.0,0.051175,0.0,10880799.0,0946
1788703414631,PUMP,B,Open Long,0.004061,26797.0,0.052669,0.0,10906842.0,0946
1788703414631,PUMP,B,Open Long,0.004061,98498.0,0.1936,0.0,10933639.0,0946
1788703414631,PUMP,B,Open Long,0.004062,118296.0,0.23257,0.0,11032137.0,0946
1788703414631,PUMP,B,Open Long,0.004062,756430.0,1.487146,0.0,11150433.0,0946
1788703414631,PUMP,B,Open Long,0.004062,593137.0,1.166111,0.0,11906863.0,0946
1788703636460,JTO,A,Close Long,0.46117,450.0,0.100442,-2.8845,10000.0,0947
1788703636460,JTO,A,Close Long,0.4611,107.0,0.023878,-0.69336,9550.0,0947
1788703636460,JTO,A,Close Long,0.46108,127.0,0.02834,-0.8255,9443.0,0947
1788703636460,JTO,A,Close Long,0.46103,868.0,0.193683,-5.6854,9316.0,0947
1788703636460,JTO,A,Close Long,0.46102,127.0,0.028337,-0.83312,8448.0,0947
1788703636460,JTO,A,Close Long,0.46098,868.0,0.193663,-5.7288,8321.0,0947
1788703636460,JTO,A,Close Long,0.46097,127.0,0.028334,-0.83947,7453.0,0947
1788703636460,JTO,A,Close Long,0.46096,2005.0,0.447324,-13.2731,7326.0,0947
1788703636460,JTO,A,Close Long,0.46088,382.0,0.08521,-2.5594,5321.0,0947
1788703636460,JTO,A,Close Long,0.46088,375.0,0.083649,-2.5125,4939.0,0947
1788703636460,JTO,A,Close Long,0.46087,4096.0,0.913657,-27.48416,4564.0,0947
1788703636460,JTO,A,Close Long,0.46077,130.0,0.028991,-0.8853,468.0,0947
1788703636460,JTO,A,Close Long,0.46074,338.0,0.075373,-2.31192,338.0,0947
1788703938563,PUMP,A,Close Long,0.004016,253000.0,0.491766,-10.626,12500000.0,0948
1788703938563,PUMP,A,Close Long,0.004016,7247000.0,14.086312,-304.374,12247000.0,0948
1788703946177,PUMP,A,Close Long,0.004006,756430.0,1.466644,-39.33436,5000000.0,0949
1788703946177,PUMP,A,Close Long,0.004006,114907.0,0.222792,-5.975164,4243570.0,0949
1788703946177,PUMP,A,Close Long,0.004005,134297.0,0.260323,-7.117741,4128663.0,0949
1788703946177,PUMP,A,Close Long,0.004005,124899.0,0.242106,-6.619647,3994366.0,0949
1788703946177,PUMP,A,Close Long,0.004004,104366.0,0.202254,-5.635764,3869467.0,0949
1788703946177,PUMP,A,Close Long,0.004004,500000.0,0.968968,-27.0,3765101.0,0949
1788703946177,PUMP,A,Close Long,0.004003,537242.0,1.040879,-29.54831,3265101.0,0949
1788703946177,PUMP,A,Close Long,0.004003,756430.0,1.465545,-41.60365,2727859.0,0949
1788703946177,PUMP,A,Close Long,0.004003,16000.0,0.030998,-0.88,1971429.0,0949
1788703946177,PUMP,A,Close Long,0.004003,104364.0,0.202199,-5.74002,1955429.0,0949
1788703946177,PUMP,A,Close Long,0.004003,12491.0,0.0242,-0.687005,1851065.0,0949
1788703946177,PUMP,A,Close Long,0.004003,500000.0,0.968726,-27.5,1838574.0,0949
1788703946177,PUMP,A,Close Long,0.004003,146141.0,0.28314,-8.037755,1338574.0,0949
1788703946177,PUMP,A,Close Long,0.004003,24978.0,0.048392,-1.37379,1192433.0,0949
1788703946177,PUMP,A,Close Long,0.004003,320239.0,0.620447,-17.613145,1167455.0,0949
1788703946177,PUMP,A,Close Long,0.004003,166841.0,0.323245,-9.176255,847216.0,0949
1788703946177,PUMP,A,Close Long,0.004003,49879.0,0.096637,-2.743345,680375.0,0949
1788703946177,PUMP,A,Close Long,0.004003,249830.0,0.484032,-13.74065,630496.0,0949
1788703946177,PUMP,A,Close Long,0.004002,380666.0,0.737337,-21.317296,380666.0,0949
1788704268043,ASTER,B,Open Long,0.76538,102.0,0.037784,0.0,0.0,0953
1788704268043,ASTER,B,Open Long,0.76539,296.0,0.109652,0.0,102.0,0953
1788704268043,ASTER,B,Open Long,0.76539,398.0,0.147438,0.0,398.0,0954
1788704268043,ASTER,B,Open Long,0.76539,398.0,0.147438,0.0,796.0,0955
1788704268043,ASTER,B,Open Long,0.76539,398.0,0.147438,0.0,1194.0,0956
1788704268043,ASTER,B,Open Long,0.76539,398.0,0.147438,0.0,1592.0,0957
1788704268043,ASTER,B,Open Long,0.76539,398.0,0.147438,0.0,1990.0,0958
1788704268243,ASTER,B,Open Long,0.76535,398.0,0.06555,0.0,2388.0,0952
1788704268509,ASTER,B,Open Long,0.76507,214.0,0.035233,0.0,2786.0,0951
1788704268712,ASTER,B,Open Long,0.76507,184.0,0.030294,0.0,3000.0,0951
1788704268712,ASTER,B,Open Long,0.76479,398.0,0.065503,0.0,3184.0,0950
1788704285611,ASTER,A,Close Long,0.76607,1305.0,0.483864,1.027035,3582.0,0959
1788704285611,ASTER,A,Close Long,0.76604,652.0,0.241736,0.493564,2277.0,0959
1788704285611,ASTER,A,Close Long,0.76595,522.0,0.193515,0.348174,1625.0,0959
1788704285611,ASTER,A,Close Long,0.76594,1103.0,0.408898,0.724671,1103.0,0959
1788704562536,xyz:HOOD,B,Open Long,124.18,2.268,0.049793,0.0,7.832,0960
1788704847413,xyz:HOOD,B,Open Long,124.18,0.032,0.000702,0.0,10.1,0961
1788704847413,xyz:HOOD,B,Open Long,124.18,4.868,0.106876,0.0,10.132,0961
1788704910881,xyz:HOOD,B,Open Long,125.43,2.258,0.050073,0.0,15.0,0962
1788704910881,xyz:HOOD,B,Open Long,125.43,2.258,0.050073,0.0,17.258,0962
1788704910881,xyz:HOOD,B,Open Long,125.44,0.384,0.008515,0.0,19.516,0962
1788704912907,xyz:HOOD,B,Open Long,125.51,2.256,0.05006,0.0,19.9,0963
1788704912907,xyz:HOOD,B,Open Long,125.57,2.256,0.050084,0.0,22.156,0963
1788704912907,xyz:HOOD,B,Open Long,125.57,0.488,0.010833,0.0,24.412,0963
1788704913307,xyz:HOOD,B,Open Long,125.57,1.768,0.03925,0.0,24.9,0964
1788704913307,xyz:HOOD,B,Open Long,125.61,0.201,0.004463,0.0,26.668,0964
1788704913307,xyz:HOOD,B,Open Long,125.61,3.031,0.067311,0.0,26.869,0964
1788704913642,xyz:HOOD,B,Open Long,125.56,2.256,0.05008,0.0,29.9,0965
1788704913642,xyz:HOOD,B,Open Long,125.6,2.255,0.050073,0.0,32.156,0965
1788704913642,xyz:HOOD,B,Open Long,125.68,0.489,0.010864,0.0,34.411,0965
1788704914658,xyz:HOOD,B,Open Long,125.6,2.106,0.046765,0.0,34.9,0966
1788704914658,xyz:HOOD,B,Open Long,125.62,2.894,0.064274,0.0,37.006,0966
1788704914973,xyz:HOOD,B,Open Long,125.64,5.0,0.111065,0.0,39.9,0967
1788704915176,xyz:HOOD,B,Open Long,125.64,5.0,0.111065,0.0,44.9,0968
1788704915581,xyz:HOOD,B,Open Long,125.63,2.255,0.050086,0.0,49.9,0969
1788704915581,xyz:HOOD,B,Open Long,125.63,2.255,0.050086,0.0,52.155,0969
1788704915581,xyz:HOOD,B,Open Long,125.68,0.285,0.006331,0.0,54.41,0969
1788704915581,xyz:HOOD,B,Open Long,125.71,0.205,0.004556,0.0,54.695,0969
1788704916716,xyz:HOOD,B,Open Long,125.63,5.0,0.111056,0.0,54.9,0970
1788704916998,xyz:HOOD,B,Open Long,125.63,5.0,0.111056,0.0,59.9,0971
1788704920615,xyz:HOOD,B,Open Long,125.84,3.334,0.074176,0.0,64.9,0972
1788704920615,xyz:HOOD,B,Open Long,125.92,1.666,0.037089,0.0,68.234,0972
1788704920822,xyz:HOOD,B,Open Long,125.91,5.0,0.111304,0.0,69.9,0973
1788704921150,xyz:HOOD,B,Open Long,125.92,5.0,0.111313,0.0,74.9,0974
1788704921441,xyz:HOOD,B,Open Long,125.92,0.201,0.004473,0.0,79.9,0975
1788704921441,xyz:HOOD,B,Open Long,125.96,4.799,0.106872,0.0,80.101,0975
1788704925130,xyz:HOOD,B,Open Long,125.87,2.251,0.050093,0.0,84.9,0976
1788704925130,xyz:HOOD,B,Open Long,125.87,2.251,0.050093,0.0,87.151,0976
1788704925130,xyz:HOOD,B,Open Long,125.87,0.498,0.011082,0.0,89.402,0976
1788704925401,xyz:HOOD,B,Open Long,125.86,5.0,0.11126,0.0,89.9,0977
1788704925668,xyz:HOOD,B,Open Long,125.81,5.0,0.111216,0.0,94.9,0978
1788704926072,xyz:HOOD,B,Open Long,125.8,1.801,0.040056,0.0,99.9,0979
1788704926072,xyz:HOOD,B,Open Long,125.8,2.254,0.050131,0.0,101.701,0979
1788704926072,xyz:HOOD,B,Open Long,125.82,0.945,0.02102,0.0,103.955,0979
1788704968333,xyz:HOOD,B,Open Long,125.88,5.0,0.111277,0.0,104.9,0980
1788704969557,xyz:HOOD,B,Open Long,125.97,3.172,0.070644,0.0,109.9,0981
1788704969557,xyz:HOOD,B,Open Long,126.02,0.43,0.009579,0.0,113.072,0981
1788704969557,xyz:HOOD,B,Open Long,126.03,1.398,0.031149,0.0,113.502,0981
1788704969827,xyz:HOOD,B,Open Long,126.03,5.0,0.11141,0.0,114.9,0982
1788704970091,xyz:HOOD,B,Open Long,126.06,0.201,0.004478,0.0,119.9,0983
1788704970091,xyz:HOOD,B,Open Long,126.06,4.799,0.106957,0.0,120.101,0983
1788704970427,xyz:HOOD,B,Open Long,126.06,5.0,0.111437,0.0,124.9,0984
1788704975166,xyz:HOOD,B,Open Long,125.88,5.0,0.111277,0.0,129.9,0985
1788704975576,xyz:HOOD,B,Open Long,125.88,2.242,0.049896,0.0,134.9,0986
1788704975576,xyz:HOOD,B,Open Long,125.88,2.758,0.06138,0.0,137.142,0986
1788704975782,xyz:HOOD,B,Open Long,125.91,2.242,0.049908,0.0,139.9,0987
1788704975782,xyz:HOOD,B,Open Long,125.91,2.242,0.049908,0.0,142.142,0987
1788704975782,xyz:HOOD,B,Open Long,125.91,0.516,0.011485,0.0,144.384,0987
1788704975980,xyz:HOOD,B,Open Long,125.91,5.0,0.111304,0.0,144.9,0988
1788704976182,xyz:HOOD,B,Open Long,125.9,5.0,0.111295,0.0,149.9,0989
1788704976384,xyz:HOOD,B,Open Long,125.93,5.0,0.111322,0.0,154.9,0990
1788704988038,xyz:HOOD,B,Open Long,125.82,5.1,0.113449,0.0,159.9,0991
1788704999299,xyz:HOOD,B,Open Long,125.8,13.86,0.308265,0.0,165.0,0992
1788704999299,xyz:HOOD,B,Open Long,125.8,7.949,0.176796,0.0,178.86,0992
1788704999299,xyz:HOOD,B,Open Long,125.81,3.191,0.070977,0.0,186.809,0992
1788705004120,xyz:HOOD,B,Open Long,125.79,10.0,0.222396,0.0,190.0,0993
1788705289477,xyz:HOOD,B,Open Long,125.06,11.246,0.248655,0.0,200.0,0994
1788705289477,xyz:HOOD,B,Open Long,125.06,0.74,0.016361,0.0,211.246,0994
1788705289477,xyz:HOOD,B,Open Long,125.08,3.6,0.07961,0.0,211.986,0994
1788705289477,xyz:HOOD,B,Open Long,125.08,1.653,0.036553,0.0,215.586,0994
1788705289477,xyz:HOOD,B,Open Long,125.09,8.566,0.189444,0.0,217.239,0994
1788705289477,xyz:HOOD,B,Open Long,125.1,22.097,0.488733,0.0,225.805,0994
1788705289477,xyz:HOOD,B,Open Long,125.1,2.098,0.046401,0.0,247.902,0994
1788708164434,xyz:HOOD,B,Open Long,124.88,8.008,0.176805,0.0,250.0,0995
1788708164434,xyz:HOOD,B,Open Long,124.88,14.0,0.309102,0.0,258.008,0995
1788708164434,xyz:HOOD,B,Open Long,124.88,2.992,0.066059,0.0,272.008,0995
1788709118631,xyz:HOOD,B,Open Long,125.14,3.982,0.0881,0.0,275.0,0996
1788709118631,xyz:HOOD,B,Open Long,125.14,21.018,0.465017,0.0,278.982,0996
1788710406744,xyz:HOOD,A,Close Long,124.95,1.534,0.033887,-0.892788,300.0,0997
1788710406744,xyz:HOOD,A,Close Long,124.94,13.384,0.295643,-7.923328,298.466,0997
1788710406744,xyz:HOOD,A,Close Long,124.94,13.75,0.303728,-8.14,285.082,0997
1788710406744,xyz:HOOD,A,Close Long,124.93,13.109,0.289545,-7.891618,271.332,0997
1788710406744,xyz:HOOD,A,Close Long,124.93,13.75,0.303704,-8.2775,258.223,0997
1788710406744,xyz:HOOD,A,Close Long,124.93,10.609,0.234327,-6.386618,244.473,0997
1788710406744,xyz:HOOD,A,Close Long,124.92,8.005,0.176796,-4.89906,233.864,0997
1788710406744,xyz:HOOD,A,Close Long,124.92,5.966,0.131763,-3.651192,225.859,0997
1788710406744,xyz:HOOD,A,Close Long,124.91,19.893,0.439318,-12.373446,219.893,0997
1788710768097,JTO,B,Open Long,0.46427,2005.0,0.450536,0.0,0.0,0998
1788710768097,JTO,B,Open Long,0.46431,4066.0,0.913735,0.0,2005.0,0998
1788710768097,JTO,B,Open Long,0.46436,450.0,0.101137,0.0,6071.0,0998
1788710768097,JTO,B,Open Long,0.46448,4064.0,0.91362,0.0,6521.0,0998
1788710768097,JTO,B,Open Long,0.46458,352.0,0.079149,0.0,10585.0,0998
1788710768097,JTO,B,Open Long,0.4647,861.0,0.19365,0.0,10937.0,0998
1788710768097,JTO,B,Open Long,0.46471,450.0,0.101212,0.0,11798.0,0998
1788710768097,JTO,B,Open Long,0.46476,861.0,0.193675,0.0,12248.0,0998
1788710768097,JTO,B,Open Long,0.46477,2005.0,0.451021,0.0,13109.0,0998
1788710768097,JTO,B,Open Long,0.46481,861.0,0.193697,0.0,15114.0,0998
1788710768097,JTO,B,Open Long,0.46482,4025.0,0.905515,0.0,15975.0,0998
1788710967672,JTO,B,Open Long,0.46517,168.0,0.037823,0.0,20000.0,0999
1788710967672,JTO,B,Open Long,0.46518,860.0,0.193626,0.0,20168.0,0999
1788710967672,JTO,B,Open Long,0.46519,169.0,0.038049,0.0,21028.0,0999
1788710967672,JTO,B,Open Long,0.46525,169.0,0.038054,0.0,21197.0,0999
1788710967672,JTO,B,Open Long,0.46529,860.0,0.193671,0.0,21366.0,0999
1788710967672,JTO,B,Open Long,0.46529,450.0,0.10134,0.0,22226.0,0999
1788710967672,JTO,B,Open Long,0.46531,168.0,0.037835,0.0,22676.0,0999
1788710967672,JTO,B,Open Long,0.46532,860.0,0.193684,0.0,22844.0,0999
1788710967672,JTO,B,Open Long,0.46533,1296.0,0.291883,0.0,23704.0,0999
1788711046656,JTO,B,Open Long,0.46206,866.0,0.193669,0.0,25000.0,1000
1788711046656,JTO,B,Open Long,0.46207,143.0,0.03198,0.0,25866.0,1000
1788711046656,JTO,B,Open Long,0.46211,866.0,0.193689,0.0,26009.0,1000
1788711046656,JTO,B,Open Long,0.46212,173.0,0.038693,0.0,26875.0,1000
1788711046656,JTO,B,Open Long,0.46219,173.0,0.038699,0.0,27048.0,1000
1788711046656,JTO,B,Open Long,0.46219,865.0,0.1935,0.0,27221.0,1000
1788711046656,JTO,B,Open Long,0.46226,173.0,0.038705,0.0,28086.0,1000
1788711046656,JTO,B,Open Long,0.46229,173.0,0.038707,0.0,28259.0,1000
1788711046656,JTO,B,Open Long,0.46229,865.0,0.193542,0.0,28432.0,1000
1788711046656,JTO,B,Open Long,0.4623,703.0,0.157297,0.0,29297.0,1000
1788711144115,JTO,B,Open Long,0.46167,164.0,0.036645,0.0,30000.0,1001
1788711144115,JTO,B,Open Long,0.46172,164.0,0.036649,0.0,30164.0,1001
1788711144115,JTO,B,Open Long,0.46175,164.0,0.036651,0.0,30328.0,1001
1788711144115,JTO,B,Open Long,0.46176,450.0,0.100571,0.0,30492.0,1001
1788711144115,JTO,B,Open Long,0.46181,221.0,0.049397,0.0,30942.0,1001
1788711144115,JTO,B,Open Long,0.46182,214.0,0.047832,0.0,31163.0,1001
1788711144115,JTO,B,Open Long,0.46182,164.0,0.036656,0.0,31377.0,1001
1788711144115,JTO,B,Open Long,0.46185,164.0,0.036659,0.0,31541.0,1001
1788711144115,JTO,B,Open Long,0.46186,866.0,0.193585,0.0,31705.0,1001
1788711144115,JTO,B,Open Long,0.46187,2005.0,0.448206,0.0,32571.0,1001
1788711144115,JTO,B,Open Long,0.46189,164.0,0.036661,0.0,34576.0,1001
1788711144115,JTO,B,Open Long,0.46189,260.0,0.058124,0.0,34740.0,1001
1788711182917,JTO,B,Open Long,0.45872,166.0,0.036854,0.0,35000.0,1002
1788711182917,JTO,B,Open Long,0.45874,192.0,0.042628,0.0,35166.0,1002
1788711182917,JTO,B,Open Long,0.45875,2005.0,0.445179,0.0,35358.0,1002
1788711182917,JTO,B,Open Long,0.45884,192.0,0.042638,0.0,37363.0,1002
1788711182917,JTO,B,Open Long,0.45888,192.0,0.042642,0.0,37555.0,1002
1788711182917,JTO,B,Open Long,0.45889,450.0,0.099946,0.0,37747.0,1002
1788711182917,JTO,B,Open Long,0.45895,192.0,0.042648,0.0,38197.0,1002
1788711182917,JTO,B,Open Long,0.45901,192.0,0.042653,0.0,38389.0,1002
1788711182917,JTO,B,Open Long,0.45906,871.0,0.193523,0.0,38581.0,1002
1788711182917,JTO,B,Open Long,0.45907,197.0,0.04377,0.0,39452.0,1002
1788711182917,JTO,B,Open Long,0.45907,192.0,0.04266,0.0,39649.0,1002
1788711182917,JTO,B,Open Long,0.45907,159.0,0.035327,0.0,39841.0,1002
1788711441092,JTO,B,Open Long,0.45719,200.0,0.044255,0.0,40000.0,1003
1788711441092,JTO,B,Open Long,0.45722,875.0,0.193631,0.0,40200.0,1003
1788711441092,JTO,B,Open Long,0.45723,213.0,0.047135,0.0,41075.0,1003
1788711441092,JTO,B,Open Long,0.45726,200.0,0.044262,0.0,41288.0,1003
1788711441092,JTO,B,Open Long,0.45731,179.0,0.039618,0.0,41488.0,1003
1788711441092,JTO,B,Open Long,0.45731,875.0,0.19367,0.0,41667.0,1003
1788711441092,JTO,B,Open Long,0.45732,151.0,0.033422,0.0,42542.0,1003
1788711441092,JTO,B,Open Long,0.45733,875.0,0.193678,0.0,42693.0,1003
1788711441092,JTO,B,Open Long,0.45733,226.0,0.050023,0.0,43568.0,1003
1788711441092,JTO,B,Open Long,0.45733,198.0,0.043826,0.0,43794.0,1003
1788711441092,JTO,B,Open Long,0.4574,450.0,0.099621,0.0,43992.0,1003
1788711441092,JTO,B,Open Long,0.45741,200.0,0.044277,0.0,44442.0,1003
1788711441092,JTO,B,Open Long,0.45743,358.0,0.079258,0.0,44642.0,1003
1788711544350,JTO,A,Close Long,0.4555,890.0,0.19621,-6.35193,45000.0,1004
1788711544350,JTO,A,Close Long,0.45539,211.0,0.046505,-1.529117,44110.0,1004
1788711544350,JTO,A,Close Long,0.45534,210.0,0.04628,-1.53237,43899.0,1004
1788711544350,JTO,A,Close Long,0.45532,211.0,0.046498,-1.543887,43689.0,1004
1788711544350,JTO,A,Close Long,0.45532,450.0,0.099168,-3.29265,43478.0,1004
1788711544350,JTO,A,Close Long,0.45525,211.0,0.046491,-1.558657,43028.0,1004
1788711544350,JTO,A,Close Long,0.45519,210.0,0.046264,-1.56387,42817.0,1004
1788711544350,JTO,A,Close Long,0.45517,211.0,0.046483,-1.575537,42607.0,1004
1788711544350,JTO,A,Close Long,0.45515,890.0,0.19606,-6.66343,42396.0,1004
1788711544350,JTO,A,Close Long,0.45513,210.0,0.046258,-1.57647,41506.0,1004
1788711544350,JTO,A,Close Long,0.45512,2005.0,0.441656,-15.071585,41296.0,1004
1788711544350,JTO,A,Close Long,0.45512,644.0,0.141858,-4.840948,39291.0,1004
1788711544350,JTO,A,Close Long,0.45509,130.0,0.028634,-0.98111,38647.0,1004
1788711544350,JTO,A,Close Long,0.45506,138.0,0.030393,-1.045626,38517.0,1004
1788711544350,JTO,A,Close Long,0.45499,210.0,0.046244,-1.60587,38379.0,1004
1788711544350,JTO,A,Close Long,0.45497,210.0,0.046242,-1.61007,38169.0,1004
1788711544350,JTO,A,Close Long,0.45489,210.0,0.046234,-1.62687,37959.0,1004
1788711544350,JTO,A,Close Long,0.45484,211.0,0.046449,-1.645167,37749.0,1004
1788711544350,JTO,A,Close Long,0.45484,879.0,0.193504,-6.853563,37538.0,1004
1788711544350,JTO,A,Close Long,0.45483,4151.0,0.91379,-32.406857,36659.0,1004
1788711544350,JTO,A,Close Long,0.4548,880.0,0.193708,-6.89656,32508.0,1004
1788711544350,JTO,A,Close Long,0.45479,403.0,0.088707,-3.162341,31628.0,1004
1788711544350,JTO,A,Close Long,0.45475,2731.0,0.60109,-21.539397,31225.0,1004
1788711544350,JTO,A,Close Long,0.45474,880.0,0.193682,-6.94936,28494.0,1004
1788711544350,JTO,A,Close Long,0.45473,2005.0,0.441278,-15.853535,27614.0,1004
1788711544350,JTO,A,Close Long,0.45473,26.0,0.005722,-0.205582,25609.0,1004
1788711544350,JTO,A,Close Long,0.45469,891.0,0.196081,-7.080777,25583.0,1004
1788711544350,JTO,A,Close Long,0.4546,880.0,0.193622,-7.07256,24692.0,1004
1788711544350,JTO,A,Close Long,0.45459,437.0,0.096148,-3.516539,23812.0,1004
1788711544350,JTO,A,Close Long,0.45457,407.0,0.089543,-3.283269,23375.0,1004
1788711544350,JTO,A,Close Long,0.45451,430.0,0.094591,-3.49461,22968.0,1004
1788711544350,JTO,A,Close Long,0.45443,1431.0,0.314739,-11.744217,22538.0,1004
1788711544350,JTO,A,Close Long,0.45441,1107.0,0.243467,-9.107289,21107.0,1004
1788711549610,JTO,B,Open Long,0.45586,174.0,0.038389,0.0,20000.0,1005
1788711549610,JTO,B,Open Long,0.45589,212.0,0.046777,0.0,20174.0,1005
1788711549610,JTO,B,Open Long,0.45593,877.0,0.193527,0.0,20386.0,1005
1788711549610,JTO,B,Open Long,0.45594,212.0,0.046782,0.0,21263.0,1005
1788711549610,JTO,B,Open Long,0.45597,213.0,0.047006,0.0,21475.0,1005
1788711549610,JTO,B,Open Long,0.45598,877.0,0.193548,0.0,21688.0,1005
1788711549610,JTO,B,Open Long,0.45599,704.0,0.155371,0.0,22565.0,1005
1788711549610,JTO,B,Open Long,0.45606,191.0,0.042159,0.0,23269.0,1005
1788711549610,JTO,B,Open Long,0.4561,212.0,0.046799,0.0,23460.0,1005
1788711549610,JTO,B,Open Long,0.45615,212.0,0.046804,0.0,23672.0,1005
1788711549610,JTO,B,Open Long,0.45619,211.0,0.046587,0.0,23884.0,1005
1788711549610,JTO,B,Open Long,0.45623,212.0,0.046812,0.0,24095.0,1005
1788711549610,JTO,B,Open Long,0.45624,693.0,0.153027,0.0,24307.0,1005
1788711554908,JTO,B,Open Long,0.45651,196.0,0.043305,0.0,25000.0,1006
1788711554908,JTO,B,Open Long,0.45653,206.0,0.045517,0.0,25196.0,1006
1788711554908,JTO,B,Open Long,0.45658,206.0,0.045522,0.0,25402.0,1006
1788711554908,JTO,B,Open Long,0.45662,205.0,0.045305,0.0,25608.0,1006
1788711554908,JTO,B,Open Long,0.45666,876.0,0.193616,0.0,25813.0,1006
1788711554908,JTO,B,Open Long,0.45667,205.0,0.04531,0.0,26689.0,1006
1788711554908,JTO,B,Open Long,0.45672,876.0,0.193641,0.0,26894.0,1006
1788711554908,JTO,B,Open Long,0.45673,205.0,0.045315,0.0,27770.0,1006
1788711554908,JTO,B,Open Long,0.45677,396.0,0.087546,0.0,27975.0,1006
1788711554908,JTO,B,Open Long,0.45679,434.0,0.09595,0.0,28371.0,1006
1788711554908,JTO,B,Open Long,0.45681,206.0,0.045545,0.0,28805.0,1006
1788711554908,JTO,B,Open Long,0.45686,206.0,0.04555,0.0,29011.0,1006
1788711554908,JTO,B,Open Long,0.4569,210.0,0.046438,0.0,29217.0,1006
1788711554908,JTO,B,Open Long,0.4569,450.0,0.099512,0.0,29427.0,1006
1788711554908,JTO,B,Open Long,0.4569,123.0,0.027199,0.0,29877.0,1006
1788711615037,JTO,B,Open Long,0.45795,335.0,0.074251,0.0,30000.0,1007
1788711615037,JTO,B,Open Long,0.45806,873.0,0.193544,0.0,30335.0,1007
1788711615037,JTO,B,Open Long,0.45807,798.0,0.17692,0.0,31208.0,1007
1788711615037,JTO,B,Open Long,0.45807,279.0,0.061855,0.0,32006.0,1007
1788711615037,JTO,B,Open Long,0.45812,873.0,0.193569,0.0,32285.0,1007
1788711615037,JTO,B,Open Long,0.45813,1630.0,0.361427,0.0,33158.0,1007
1788711615037,JTO,B,Open Long,0.45813,212.0,0.047007,0.0,34788.0,1007
1788711691323,xyz:HOOD,A,Close Long,125.01,10.05,0.222122,-5.2461,200.0,1008
1788711691323,xyz:HOOD,A,Close Long,125.01,10.05,0.222122,-5.2461,189.95,1008
1788711691323,xyz:HOOD,A,Close Long,125.0,40.0,0.884,-21.28,179.9,1008
1788711691323,xyz:HOOD,A,Close Long,125.0,1.541,0.034055,-0.819812,139.9,1008
1788711691323,xyz:HOOD,A,Close Long,124.99,1.6,0.035356,-0.8672,138.359,1008
1788711691323,xyz:HOOD,A,Close Long,124.99,10.63,0.234903,-5.76146,136.759,1008
1788711691323,xyz:HOOD,A,Close Long,124.98,6.875,0.151912,-3.795,126.129,1008
1788711691323,xyz:HOOD,A,Close Long,124.98,11.109,0.245469,-6.132168,119.254,1008
1788711691323,xyz:HOOD,A,Close Long,124.97,8.002,0.1768,-4.497124,108.145,1008
1788711691323,xyz:HOOD,A,Close Long,124.96,11.933,0.263634,-6.825676,100.143,1008
1788711691323,xyz:HOOD,A,Close Long,124.96,14.64,0.32344,-8.37408,88.21,1008
1788711691323,xyz:HOOD,A,Close Long,124.95,1.988,0.043917,-1.157016,73.57,1008
1788711691323,xyz:HOOD,A,Close Long,124.95,8.003,0.176795,-4.657746,71.582,1008
1788711691323,xyz:HOOD,A,Close Long,124.94,11.933,0.263591,-7.064336,63.579,1008
1788711691323,xyz:HOOD,A,Close Long,124.94,1.987,0.043891,-1.176304,51.646,1008
1788711691323,xyz:HOOD,A,Close Long,124.94,19.238,0.424955,-11.388896,49.659,1008
1788711691323,xyz:HOOD,A,Close Long,124.93,11.933,0.26357,-7.183666,30.421,1008
1788711691323,xyz:HOOD,A,Close Long,124.93,8.004,0.176788,-4.818408,18.488,1008
1788711691323,xyz:HOOD,A,Close Long,124.92,9.832,0.217147,-6.017184,10.484,1008
1788711691323,xyz:HOOD,A,Close Long,124.92,0.652,0.014399,-0.399024,0.652,1008
1788711875694,JTO,A,Close Long,0.4561,287.0,0.063355,-1.1767,35000.0,1009
1788711875694,JTO,A,Close Long,0.45606,206.0,0.04547,-0.85284,34713.0,1009
1788711875694,JTO,A,Close Long,0.45605,890.0,0.196447,-3.6935,34507.0,1009
1788711875694,JTO,A,Close Long,0.45602,206.0,0.045467,-0.86108,33617.0,1009
1788711875694,JTO,A,Close Long,0.45599,210.0,0.046346,-0.8841,33411.0,1009
1788711875694,JTO,A,Close Long,0.45595,210.0,0.046341,-0.8925,33201.0,1009
1788711875694,JTO,A,Close Long,0.45591,210.0,0.046338,-0.9009,32991.0,1009
1788711875694,JTO,A,Close Long,0.45587,210.0,0.046334,-0.9093,32781.0,1009
1788711875694,JTO,A,Close Long,0.45584,878.0,0.193709,-3.82808,32571.0,1009
1788711875694,JTO,A,Close Long,0.45583,210.0,0.04633,-0.9177,31693.0,1009
1788711875694,JTO,A,Close Long,0.45579,206.0,0.045443,-0.90846,31483.0,1009
1788711875694,JTO,A,Close Long,0.45579,878.0,0.193688,-3.87198,31277.0,1009
1788711875694,JTO,A,Close Long,0.45579,450.0,0.09927,-1.9845,30399.0,1009
1788711875694,JTO,A,Close Long,0.45578,890.0,0.196331,-3.9338,29949.0,1009
1788711875694,JTO,A,Close Long,0.45577,206.0,0.045441,-0.91258,29059.0,1009
1788711875694,JTO,A,Close Long,0.45576,429.0,0.094632,-1.90476,28853.0,1009
1788711875694,JTO,A,Close Long,0.45576,454.0,0.100146,-2.01576,28424.0,1009
1788711875694,JTO,A,Close Long,0.45573,206.0,0.045438,-0.92082,27970.0,1009
1788711875694,JTO,A,Close Long,0.45572,878.0,0.193658,-3.93344,27764.0,1009
1788711875694,JTO,A,Close Long,0.4557,570.0,0.125717,-2.565,26886.0,1009
1788711875694,JTO,A,Close Long,0.45567,206.0,0.045431,-0.93318,26316.0,1009
1788711875694,JTO,A,Close Long,0.45566,2005.0,0.44218,-9.1027,26110.0,1009
1788711875694,JTO,A,Close Long,0.45566,352.0,0.077629,-1.59808,24105.0,1009
1788711875694,JTO,A,Close Long,0.45561,1464.0,0.322834,-6.71976,23753.0,1009
1788711875694,JTO,A,Close Long,0.45561,1401.0,0.30894,-6.43059,22289.0,1009
1788711875694,JTO,A,Close Long,0.45557,130.0,0.028664,-0.6019,20888.0,1009
1788711875694,JTO,A,Close Long,0.45547,878.0,0.193552,-4.15294,20758.0,1009
1788711875694,JTO,A,Close Long,0.45547,130.0,0.028658,-0.6149,19880.0,1009
1788711875694,JTO,A,Close Long,0.45545,878.0,0.193543,-4.1705,19750.0,1009
1788711875694,JTO,A,Close Long,0.4554,17577.0,3.874209,-84.3696,18872.0,1009
1788711875694,JTO,A,Close Long,0.45534,205.0,0.045178,-0.9963,1295.0,1009
1788711875694,JTO,A,Close Long,0.45534,890.0,0.196141,-4.3254,1090.0,1009
1788711875694,JTO,A,Close Long,0.45524,200.0,0.044066,-0.992,200.0,1009
1788711921596,JTO,B,Open Long,0.45578,212.0,0.046766,0.0,0.0,1010
1788711921596,JTO,B,Open Long,0.45582,141.0,0.031106,0.0,212.0,1010
1788711921596,JTO,B,Open Long,0.45586,210.0,0.046333,0.0,353.0,1010
1788711921596,JTO,B,Open Long,0.45589,877.0,0.19351,0.0,563.0,1010
1788711921596,JTO,B,Open Long,0.4559,211.0,0.046557,0.0,1440.0,1010
1788711921596,JTO,B,Open Long,0.45594,210.0,0.046341,0.0,1651.0,1010
1788711921596,JTO,B,Open Long,0.45598,210.0,0.046345,0.0,1861.0,1010
1788711921596,JTO,B,Open Long,0.45601,877.0,0.193561,0.0,2071.0,1010
1788711921596,JTO,B,Open Long,0.45602,210.0,0.046349,0.0,2948.0,1010
1788711921596,JTO,B,Open Long,0.45603,212.0,0.046791,0.0,3158.0,1010
1788711921596,JTO,B,Open Long,0.45604,877.0,0.193573,0.0,3370.0,1010
1788711921596,JTO,B,Open Long,0.45605,330.0,0.072839,0.0,4247.0,1010
1788711921596,JTO,B,Open Long,0.45605,315.0,0.069528,0.0,4577.0,1010
1788711921596,JTO,B,Open Long,0.4561,212.0,0.046799,0.0,4892.0,1010
1788711921596,JTO,B,Open Long,0.45614,212.0,0.046803,0.0,5104.0,1010
1788711921596,JTO,B,Open Long,0.45616,212.0,0.046805,0.0,5316.0,1010
1788711921596,JTO,B,Open Long,0.45617,877.0,0.193629,0.0,5528.0,1010
1788711921596,JTO,B,Open Long,0.45618,548.0,0.120992,0.0,6405.0,1010
1788711921596,JTO,B,Open Long,0.4562,212.0,0.046809,0.0,6953.0,1010
1788711921596,JTO,B,Open Long,0.45621,877.0,0.193645,0.0,7165.0,1010
1788711921596,JTO,B,Open Long,0.45622,1514.0,0.334306,0.0,8042.0,1010
1788711921596,JTO,B,Open Long,0.45623,444.0,0.098041,0.0,9556.0,1010
1788711943448,JTO,B,Open Long,0.45574,346.0,0.076319,0.0,10000.0,1011
1788711943448,JTO,B,Open Long,0.45578,54.0,0.011912,0.0,10346.0,1011
1788712013447,JTO,B,Open Long,0.4569,875.0,0.193496,0.0,10400.0,1012
1788712013447,JTO,B,Open Long,0.45691,449.0,0.099293,0.0,11275.0,1012
1788712013447,JTO,B,Open Long,0.45702,208.0,0.046009,0.0,11724.0,1012
1788712013447,JTO,B,Open Long,0.45705,208.0,0.046011,0.0,11932.0,1012
1788712013447,JTO,B,Open Long,0.45706,3260.0,0.721166,0.0,12140.0,1012
1788712162015,JTO,B,Open Long,0.45591,225.0,0.049647,0.0,15400.0,1013
1788712162015,JTO,B,Open Long,0.45595,175.0,0.038618,0.0,15625.0,1013
1788714304304,JTO,A,Close Long,0.45043,196.0,0.042729,-1.163456,15800.0,1014
1788714304304,JTO,A,Close Long,0.45041,238.0,0.051882,-1.417528,15604.0,1014
1788714304304,JTO,A,Close Long,0.45037,242.0,0.052749,-1.451032,15366.0,1014
1788714304304,JTO,A,Close Long,0.45036,239.0,0.052095,-1.435434,15124.0,1014
1788714304304,JTO,A,Close Long,0.45034,239.0,0.052093,-1.440214,14885.0,1014
1788714304304,JTO,A,Close Long,0.45034,2005.0,0.437018,-12.08213,14646.0,1014
1788714304304,JTO,A,Close Long,0.4503,239.0,0.052088,-1.449774,12641.0,1014
1788714304304,JTO,A,Close Long,0.4503,1157.0,0.252161,-7.018362,12402.0,1014
1788714304304,JTO,A,Close Long,0.45029,546.0,0.118994,-3.317496,11245.0,1014
1788714304304,JTO,A,Close Long,0.45029,422.0,0.09197,-2.564072,10699.0,1014
1788714304304,JTO,A,Close Long,0.45029,440.0,0.095892,-2.67344,10277.0,1014
1788714304304,JTO,A,Close Long,0.45021,409.0,0.089121,-2.517804,9837.0,1014
1788714304304,JTO,A,Close Long,0.45014,239.0,0.05207,-1.488014,9428.0,1014
1788714304304,JTO,A,Close Long,0.45014,1494.0,0.325493,-9.301644,9189.0,1014
1788714304304,JTO,A,Close Long,0.45014,1655.0,0.36057,-10.30403,7695.0,1014
1788714304304,JTO,A,Close Long,0.45012,889.0,0.193675,-5.552694,6040.0,1014
1788714304304,JTO,A,Close Long,0.45012,450.0,0.098035,-2.8107,5151.0,1014
1788714304304,JTO,A,Close Long,0.45009,1157.0,0.252044,-7.261332,4701.0,1014
1788714304304,JTO,A,Close Long,0.45007,130.0,0.028317,-0.81848,3544.0,1014
1788714304304,JTO,A,Close Long,0.45006,352.0,0.076675,-2.219712,3414.0,1014
1788714304304,JTO,A,Close Long,0.44998,889.0,0.193615,-5.677154,3062.0,1014
1788714304304,JTO,A,Close Long,0.44997,1401.0,0.305116,-8.960796,2173.0,1014
1788714304304,JTO,A,Close Long,0.44991,772.0,0.168107,-4.984032,772.0,1014
1788716029188,JTO,B,Open Long,0.45423,1280.0,0.281404,0.0,0.0,1015
1788716029188,JTO,B,Open Long,0.45425,248.0,0.054524,0.0,1280.0,1015
1788716029188,JTO,B,Open Long,0.45428,80.0,0.017589,0.0,1528.0,1015
1788716029188,JTO,B,Open Long,0.45428,265.0,0.058265,0.0,1608.0,1015
1788716029188,JTO,B,Open Long,0.45428,241.0,0.052988,0.0,1873.0,1015
1788716029188,JTO,B,Open Long,0.45429,248.0,0.054528,0.0,2114.0,1015
1788716029188,JTO,B,Open Long,0.45431,450.0,0.098947,0.0,2362.0,1015
1788716029188,JTO,B,Open Long,0.45434,248.0,0.054534,0.0,2812.0,1015
1788716029188,JTO,B,Open Long,0.45437,880.0,0.193524,0.0,3060.0,1015
1788716029188,JTO,B,Open Long,0.45438,249.0,0.054759,0.0,3940.0,1015
1788716029188,JTO,B,Open Long,0.4544,880.0,0.193537,0.0,4189.0,1015
1788716029188,JTO,B,Open Long,0.45441,552.0,0.121403,0.0,5069.0,1015
1788716029188,JTO,B,Open Long,0.45443,248.0,0.054545,0.0,5621.0,1015
1788716029188,JTO,B,Open Long,0.45444,880.0,0.193554,0.0,5869.0,1015
1788716029188,JTO,B,Open Long,0.45445,2200.0,0.483898,0.0,6749.0,1015
1788716029188,JTO,B,Open Long,0.45445,1051.0,0.23117,0.0,8949.0,1015
1788716031303,JTO,B,Open Long,0.45437,880.0,0.193524,0.0,10000.0,1016
1788716031303,JTO,B,Open Long,0.45437,450.0,0.098961,0.0,10880.0,1016
1788716031303,JTO,B,Open Long,0.45438,230.0,0.05058,0.0,11330.0,1016
1788716031303,JTO,B,Open Long,0.4544,268.0,0.05894,0.0,11560.0,1016
1788716031303,JTO,B,Open Long,0.45451,4153.0,0.913588,0.0,11828.0,1016
1788716031303,JTO,B,Open Long,0.45452,252.0,0.055435,0.0,15981.0,1016
1788716031303,JTO,B,Open Long,0.45453,880.0,0.193592,0.0,16233.0,1016
1788716031303,JTO,B,Open Long,0.45454,2005.0,0.441094,0.0,17113.0,1016
1788716031303,JTO,B,Open Long,0.45454,50.0,0.010999,0.0,19118.0,1016
1788716031303,JTO,B,Open Long,0.45458,832.0,0.183053,0.0,19168.0,1016
1788716033493,JTO,B,Open Long,0.45452,2005.0,0.441075,0.0,20000.0,1017
1788716033493,JTO,B,Open Long,0.45454,242.0,0.053238,0.0,22005.0,1017
1788716033493,JTO,B,Open Long,0.45454,257.0,0.056538,0.0,22247.0,1017
1788716033493,JTO,B,Open Long,0.45459,880.0,0.193618,0.0,22504.0,1017
1788716033493,JTO,B,Open Long,0.4546,538.0,0.118373,0.0,23384.0,1017
1788716033493,JTO,B,Open Long,0.45461,450.0,0.099013,0.0,23922.0,1017
1788716033493,JTO,B,Open Long,0.45462,880.0,0.193631,0.0,24372.0,1017
1788716033493,JTO,B,Open Long,0.4547,880.0,0.193665,0.0,25252.0,1017
1788716033493,JTO,B,Open Long,0.45471,3868.0,0.851267,0.0,26132.0,1017
1788717276851,JTO,B,Open Long,0.45422,1396.0,0.306899,0.0,30000.0,1018
1788717276851,JTO,B,Open Long,0.45429,248.0,0.054528,0.0,31396.0,1018
1788717276851,JTO,B,Open Long,0.45432,880.0,0.193503,0.0,31644.0,1018
1788717276851,JTO,B,Open Long,0.45433,248.0,0.054533,0.0,32524.0,1018
1788717276851,JTO,B,Open Long,0.45436,880.0,0.19352,0.0,32772.0,1018
1788717276851,JTO,B,Open Long,0.45437,247.0,0.054318,0.0,33652.0,1018
1788717276851,JTO,B,Open Long,0.45437,450.0,0.098961,0.0,33899.0,1018
1788717276851,JTO,B,Open Long,0.4544,651.0,0.143173,0.0,34349.0,1018
1788717278394,JTO,B,Open Long,0.45439,572.0,0.125796,0.0,35000.0,1019
1788717278394,JTO,B,Open Long,0.45439,450.0,0.098965,0.0,35572.0,1019
1788717278394,JTO,B,Open Long,0.45446,245.0,0.053889,0.0,36022.0,1019
1788717278394,JTO,B,Open Long,0.45448,245.0,0.053891,0.0,36267.0,1019
1788717278394,JTO,B,Open Long,0.45451,245.0,0.053895,0.0,36512.0,1019
1788717278394,JTO,B,Open Long,0.45452,880.0,0.193588,0.0,36757.0,1019
1788717278394,JTO,B,Open Long,0.45453,237.0,0.052137,0.0,37637.0,1019
1788717278394,JTO,B,Open Long,0.45453,257.0,0.056537,0.0,37874.0,1019
1788717278394,JTO,B,Open Long,0.45456,880.0,0.193605,0.0,38131.0,1019
1788717278394,JTO,B,Open Long,0.45457,989.0,0.21759,0.0,39011.0,1019
1788717378611,JTO,B,Open Long,0.45713,26.0,0.005751,0.0,40000.0,1020
1788717378611,JTO,B,Open Long,0.45741,450.0,0.099623,0.0,40026.0,1020
1788717378611,JTO,B,Open Long,0.45742,1409.0,0.311939,0.0,40476.0,1020
1788717378611,JTO,B,Open Long,0.45756,201.0,0.044512,0.0,41885.0,1020
1788717378611,JTO,B,Open Long,0.45756,874.0,0.193554,0.0,42086.0,1020
1788717378611,JTO,B,Open Long,0.45757,178.0,0.039419,0.0,42960.0,1020
1788717378611,JTO,B,Open Long,0.45758,874.0,0.193563,0.0,43138.0,1020
1788717378611,JTO,B,Open Long,0.45759,988.0,0.218814,0.0,44012.0,1020
1788717380153,JTO,B,Open Long,0.45699,5000.0,1.105915,0.0,45000.0,1021
1788718005108,DASH,B,Open Long,68.992,0.62,0.020702,0.0,0.0,1022
1788718005108,DASH,B,Open Long,68.994,57.97,1.935797,0.0,0.62,1022
1788718005108,DASH,B,Open Long,68.995,57.97,1.935825,0.0,58.59,1022
1788718005108,DASH,B,Open Long,68.996,57.97,1.935853,0.0,116.56,1022
1788718005108,DASH,B,Open Long,68.997,0.37,0.012355,0.0,174.53,1022
1788718005108,DASH,B,Open Long,68.997,0.34,0.011353,0.0,174.9,1022
1788718005108,DASH,B,Open Long,68.997,57.97,1.935881,0.0,175.24,1022
1788718005108,DASH,B,Open Long,68.998,0.4,0.013357,0.0,233.21,1022
1788718005108,DASH,B,Open Long,69.004,0.4,0.013359,0.0,233.61,1022
1788718005108,DASH,B,Open Long,69.01,0.4,0.013359,0.0,234.01,1022
1788718005108,DASH,B,Open Long,69.016,0.4,0.01336,0.0,234.41,1022
1788718005108,DASH,B,Open Long,69.019,0.4,0.013361,0.0,234.81,1022
1788718005108,DASH,B,Open Long,69.045,0.4,0.013366,0.0,235.21,1022
1788718005108,DASH,B,Open Long,69.049,0.4,0.013366,0.0,235.61,1022
1788718005108,DASH,B,Open Long,69.05,0.4,0.013368,0.0,236.01,1022
1788718005108,DASH,B,Open Long,69.052,0.36,0.01203,0.0,236.41,1022
1788718005108,DASH,B,Open Long,69.057,5.79,0.193522,0.0,236.77,1022
1788718005108,DASH,B,Open Long,69.058,0.4,0.013369,0.0,242.56,1022
1788718005108,DASH,B,Open Long,69.062,0.4,0.013369,0.0,242.96,1022
1788718005108,DASH,B,Open Long,69.063,5.79,0.193538,0.0,243.36,1022
1788718005108,DASH,B,Open Long,69.064,0.85,0.028412,0.0,249.15,1022
1788718182949,DASH,B,Open Long,69.296,0.41,0.01375,0.0,250.0,1023
1788718182949,DASH,B,Open Long,69.299,0.8,0.026831,0.0,250.41,1023
1788718182949,DASH,B,Open Long,69.306,0.41,0.013752,0.0,251.21,1023
1788718182949,DASH,B,Open Long,69.308,0.41,0.013752,0.0,251.62,1023
1788718182949,DASH,B,Open Long,69.33,5.77,0.193616,0.0,252.03,1023
1788718182949,DASH,B,Open Long,69.332,5.77,0.193621,0.0,257.8,1023
1788718182949,DASH,B,Open Long,69.333,34.6,1.161077,0.0,263.57,1023
1788718182949,DASH,B,Open Long,69.337,1.32,0.044297,0.0,298.17,1023
1788718182949,DASH,B,Open Long,69.343,0.51,0.017116,0.0,299.49,1023
1788718266049,TAO,B,Open Long,259.25,0.12,0.015057,0.0,0.0,1024
1788718266049,TAO,B,Open Long,259.25,0.193,0.024216,0.0,0.12,1024
1788718266049,TAO,B,Open Long,259.25,0.193,0.024216,0.0,0.313,1024
1788718266049,TAO,B,Open Long,259.25,0.234,0.029361,0.0,0.506,1024
1788718266049,TAO,B,Open Long,259.26,0.376,0.04718,0.0,0.74,1024
1788718266049,TAO,B,Open Long,259.31,4.123,0.51746,0.0,1.116,1024
1788718266049,TAO,B,Open Long,259.33,1.542,0.193544,0.0,5.239,1024
1788718266049,TAO,B,Open Long,259.33,5.912,0.742048,0.0,6.781,1024
1788718266049,TAO,B,Open Long,259.34,6.611,0.829815,0.0,12.693,1024
1788718266049,TAO,B,Open Long,259.35,0.579,0.072678,0.0,19.304,1024
1788718266049,TAO,B,Open Long,259.36,5.117,0.642337,0.0,19.883,1024
1788718276445,TAO,B,Open Long,259.45,1.156,0.145162,0.0,25.0,1025
1788718276445,TAO,B,Open Long,259.46,0.094,0.011803,0.0,26.156,1025
1788718307551,DASH,B,Open Long,69.711,0.41,0.013833,0.0,300.0,1026
1788718307551,DASH,B,Open Long,69.718,0.42,0.014172,0.0,300.41,1026
1788718307551,DASH,B,Open Long,69.726,0.42,0.014173,0.0,300.83,1026
1788718307551,DASH,B,Open Long,69.726,5.2,0.175485,0.0,301.25,1026
1788718307551,DASH,B,Open Long,69.727,0.42,0.014173,0.0,306.45,1026
1788718307551,DASH,B,Open Long,69.731,0.41,0.013836,0.0,306.87,1026
1788718307551,DASH,B,Open Long,69.732,34.6,1.167759,0.0,307.28,1026
1788718307551,DASH,B,Open Long,69.782,5.73,0.193527,0.0,341.88,1026
1788718307551,DASH,B,Open Long,69.783,0.8,0.027019,0.0,347.61,1026
1788718307551,DASH,B,Open Long,69.787,1.59,0.053705,0.0,348.41,1026
1788718311546,DASH,B,Open Long,69.717,0.37,0.012484,0.0,350.0,1027
1788718311546,DASH,B,Open Long,69.723,0.37,0.012485,0.0,350.37,1027
1788718311546,DASH,B,Open Long,69.731,0.4,0.013499,0.0,350.74,1027
1788718311546,DASH,B,Open Long,69.739,0.4,0.0135,0.0,351.14,1027
1788718311546,DASH,B,Open Long,69.74,0.41,0.013838,0.0,351.54,1027
1788718311546,DASH,B,Open Long,69.746,5.2,0.175535,0.0,351.95,1027
1788718311546,DASH,B,Open Long,69.749,0.41,0.01384,0.0,357.15,1027
1788718311546,DASH,B,Open Long,69.757,0.41,0.013842,0.0,357.56,1027
1788718311546,DASH,B,Open Long,69.762,0.41,0.013843,0.0,357.97,1027
1788718311546,DASH,B,Open Long,69.763,5.73,0.193474,0.0,358.38,1027
1788718311546,DASH,B,Open Long,69.764,5.2,0.175581,0.0,364.11,1027
1788718311546,DASH,B,Open Long,69.778,0.41,0.013845,0.0,369.31,1027
1788718311546,DASH,B,Open Long,69.784,5.73,0.193533,0.0,369.72,1027
1788718311546,DASH,B,Open Long,69.786,5.73,0.193538,0.0,375.45,1027
1788718311546,DASH,B,Open Long,69.787,18.82,0.635681,0.0,381.18,1027
1788718312921,TAO,B,Open Long,259.13,1.25,0.156773,0.0,26.25,1028
1788718335564,JTO,A,Close Long,0.45583,213.0,0.046992,0.169548,50000.0,1029
1788718335564,JTO,A,Close Long,0.45583,878.0,0.193704,0.698888,49787.0,1029
1788718335564,JTO,A,Close Long,0.45579,258.0,0.056915,0.195048,48909.0,1029
1788718335564,JTO,A,Close Long,0.45576,258.0,0.056911,0.187308,48651.0,1029
1788718335564,JTO,A,Close Long,0.45571,258.0,0.056905,0.174408,48393.0,1029
1788718335564,JTO,A,Close Long,0.45571,450.0,0.099252,0.3042,48135.0,1029
1788718335564,JTO,A,Close Long,0.45569,418.0,0.09219,0.274208,47685.0,1029
1788718335564,JTO,A,Close Long,0.45569,465.0,0.102557,0.30504,47267.0,1029
1788718335564,JTO,A,Close Long,0.45566,260.0,0.05734,0.16276,46802.0,1029
1788718335564,JTO,A,Close Long,0.45562,260.0,0.057335,0.15236,46542.0,1029
1788718335564,JTO,A,Close Long,0.45561,1500.0,0.330772,0.864,46282.0,1029
1788718335564,JTO,A,Close Long,0.45559,258.0,0.05689,0.143448,44782.0,1029
1788718335564,JTO,A,Close Long,0.45558,562.0,0.12392,0.306852,44524.0,1029
1788718335564,JTO,A,Close Long,0.45555,258.0,0.056885,0.133128,43962.0,1029
1788718335564,JTO,A,Close Long,0.45551,258.0,0.05688,0.122808,43704.0,1029
1788718335564,JTO,A,Close Long,0.45549,258.0,0.056877,0.117648,43446.0,1029
1788718335564,JTO,A,Close Long,0.45548,2005.0,0.442006,0.89423,43188.0,1029
1788718335564,JTO,A,Close Long,0.45546,878.0,0.193548,0.374028,41183.0,1029
1788718335564,JTO,A,Close Long,0.45545,260.0,0.057313,0.10816,40305.0,1029
1788718335564,JTO,A,Close Long,0.45544,352.0,0.077591,0.142912,40045.0,1029
1788718335564,JTO,A,Close Long,0.45544,878.0,0.193539,0.356468,39693.0,1029
1788718335564,JTO,A,Close Long,0.45541,878.0,0.193526,0.330128,38815.0,1029
1788718335564,JTO,A,Close Long,0.4554,258.0,0.056866,0.094428,37937.0,1029
1788718335564,JTO,A,Close Long,0.45539,878.0,0.193518,0.312568,37679.0,1029
1788718335564,JTO,A,Close Long,0.45538,1482.0,0.326638,0.512772,36801.0,1029
1788718335564,JTO,A,Close Long,0.45538,1683.0,0.370939,0.582318,35319.0,1029
1788718335564,JTO,A,Close Long,0.45537,1405.0,0.30966,0.47208,33636.0,1029
1788718335564,JTO,A,Close Long,0.45535,258.0,0.05686,0.081528,32231.0,1029
1788718335564,JTO,A,Close Long,0.45533,258.0,0.056857,0.076368,31973.0,1029
1788718335564,JTO,A,Close Long,0.45533,1715.0,0.377951,0.50764,31715.0,1029
1788718349227,TAO,B,Open Long,259.7,0.361,0.045375,0.0,27.5,1030
1788718349227,TAO,B,Open Long,259.7,0.889,0.111742,0.0,27.861,1030
1788718385592,TAO,B,Open Long,259.7,1.25,0.157118,0.0,28.75,1031
1788718399377,JTO,A,Close Long,0.45553,266.0,0.058646,0.131936,30000.0,1032
1788718399377,JTO,A,Close Long,0.4555,450.0,0.099207,0.2097,29734.0,1032
1788718399377,JTO,A,Close Long,0.45549,266.0,0.058641,0.121296,29284.0,1032
1788718399377,JTO,A,Close Long,0.45544,266.0,0.058634,0.107996,29018.0,1032
1788718399377,JTO,A,Close Long,0.45543,2005.0,0.441957,0.79398,28752.0,1032
1788718399377,JTO,A,Close Long,0.4554,266.0,0.058629,0.097356,26747.0,1032
1788718399377,JTO,A,Close Long,0.45536,266.0,0.058624,0.086716,26481.0,1032
1788718399377,JTO,A,Close Long,0.45533,266.0,0.05862,0.078736,26215.0,1032
1788718399377,JTO,A,Close Long,0.45529,266.0,0.058615,0.068096,25949.0,1032
1788718399377,JTO,A,Close Long,0.45526,266.0,0.058611,0.060116,25683.0,1032
1788718399377,JTO,A,Close Long,0.45525,417.0,0.091881,0.090072,25417.0,1032
1788718422333,TAO,B,Open Long,259.72,1.25,0.15713,0.0,30.0,1033
1788718437025,DASH,B,Open Long,69.822,0.39,0.013179,0.0,400.0,1034
1788718437025,DASH,B,Open Long,69.828,0.39,0.01318,0.0,400.39,1034
1788718437025,DASH,B,Open Long,69.834,0.39,0.013181,0.0,400.78,1034
1788718437025,DASH,B,Open Long,69.838,5.2,0.175767,0.0,401.17,1034
1788718437025,DASH,B,Open Long,69.84,0.39,0.013182,0.0,406.37,1034
1788718437025,DASH,B,Open Long,69.846,0.39,0.013183,0.0,406.76,1034
1788718437025,DASH,B,Open Long,69.852,0.39,0.013185,0.0,407.15,1034
1788718437025,DASH,B,Open Long,69.858,0.39,0.013185,0.0,407.54,1034
1788718437025,DASH,B,Open Long,69.864,0.39,0.013186,0.0,407.93,1034
1788718437025,DASH,B,Open Long,69.868,0.39,0.013187,0.0,408.32,1034
1788718437025,DASH,B,Open Long,69.868,0.51,0.017245,0.0,408.71,1034
1788718437025,DASH,B,Open Long,69.869,2.0,0.067632,0.0,409.22,1034
1788718437025,DASH,B,Open Long,69.871,0.8,0.027053,0.0,411.22,1034
1788718437025,DASH,B,Open Long,69.875,0.39,0.013189,0.0,412.02,1034
1788718437025,DASH,B,Open Long,69.876,0.39,0.013189,0.0,412.41,1034
1788718437025,DASH,B,Open Long,69.879,0.39,0.01319,0.0,412.8,1034
1788718437025,DASH,B,Open Long,69.879,0.55,0.018601,0.0,413.19,1034
1788718437025,DASH,B,Open Long,69.88,1.43,0.048364,0.0,413.74,1034
1788718437025,DASH,B,Open Long,69.88,1.44,0.048702,0.0,415.17,1034
1788718437025,DASH,B,Open Long,69.88,33.39,1.129313,0.0,416.61,1034
1788718458304,TAO,B,Open Long,260.19,1.25,0.157414,0.0,31.25,1035
1788718495300,TAO,B,Open Long,260.15,1.25,0.15739,0.0,32.5,1036
1788718531055,TAO,B,Open Long,260.08,1.25,0.157348,0.0,33.75,1037
1788718567451,TAO,B,Open Long,260.04,1.25,0.157324,0.0,35.0,1038
1788718604285,TAO,B,Open Long,259.51,1.25,0.157002,0.0,36.25,1039
1788718640094,TAO,B,Open Long,259.44,1.25,0.156961,0.0,37.5,1040
1788718677408,TAO,B,Open Long,259.35,1.25,0.156906,0.0,38.75,1041
1788718713408,TAO,B,Open Long,259.09,1.25,0.156749,0.0,40.0,1042
1788718749210,TAO,B,Open Long,260.25,1.25,0.157451,0.0,41.25,1043
1788718755173,ZEN,B,Open Long,7.438,5.42,0.019511,0.0,0.0,1044
1788718755173,ZEN,B,Open Long,7.4385,6.15,0.02214,0.0,5.42,1044
1788718755173,ZEN,B,Open Long,7.4392,6.15,0.022143,0.0,11.57,1044
1788718755173,ZEN,B,Open Long,7.4399,6.14,0.022109,0.0,17.72,1044
1788718755173,ZEN,B,Open Long,7.44,6.14,0.022109,0.0,23.86,1044
1788718755173,ZEN,B,Open Long,7.44,53.76,0.193587,0.0,30.0,1044
1788718755173,ZEN,B,Open Long,7.4401,13.4,0.048252,0.0,83.76,1044
1788718755173,ZEN,B,Open Long,7.4401,12.77,0.045984,0.0,97.16,1044
1788718755173,ZEN,B,Open Long,7.4411,6.14,0.022112,0.0,109.93,1044
1788718755173,ZEN,B,Open Long,7.4411,53.76,0.193615,0.0,116.07,1044
1788718755173,ZEN,B,Open Long,7.4411,12.84,0.046242,0.0,169.83,1044
1788718755173,ZEN,B,Open Long,7.4412,67.33,0.242491,0.0,182.67,1044
1788718765547,ZEN,B,Open Long,7.4131,6.14,0.022029,0.0,250.0,1045
1788718765547,ZEN,B,Open Long,7.414,6.15,0.022067,0.0,256.14,1045
1788718765547,ZEN,B,Open Long,7.4148,0.21,0.000752,0.0,262.29,1045
1788718785571,TAO,B,Open Long,260.25,1.25,0.157451,0.0,42.5,1046
1788718801869,ZEN,B,Open Long,7.4207,6.28,0.022555,0.0,262.5,1047
1788718801869,ZEN,B,Open Long,7.4214,6.22,0.022341,0.0,268.78,1047
1788718821890,TAO,B,Open Long,259.84,1.25,0.157203,0.0,43.75,1048
1788718838421,ZEN,B,Open Long,7.397,5.73,0.020513,0.0,275.0,1049
1788718838421,ZEN,B,Open Long,7.3977,5.73,0.020515,0.0,280.73,1049
1788718838421,ZEN,B,Open Long,7.3986,1.04,0.003723,0.0,286.46,1049
1788718858314,TAO,B,Open Long,260.19,1.25,0.157414,0.0,45.0,1050
1788718875289,ZEN,B,Open Long,7.4073,12.5,0.044814,0.0,287.5,1051
1788718895319,TAO,B,Open Long,260.18,1.25,0.157408,0.0,46.25,1052
1788718911005,ZEN,B,Open Long,7.4058,12.5,0.044804,0.0,300.0,1053
1788718931364,TAO,B,Open Long,259.35,1.156,0.145106,0.0,47.5,1054
1788718931364,TAO,B,Open Long,259.37,0.094,0.0118,0.0,48.656,1054
1788718948307,ZEN,B,Open Long,7.4229,5.98,0.021483,0.0,312.5,1055
1788718948307,ZEN,B,Open Long,7.4237,5.98,0.021486,0.0,318.48,1055
1788718948307,ZEN,B,Open Long,7.4243,0.54,0.001939,0.0,324.46,1055
1788718968309,TAO,B,Open Long,259.54,1.25,0.157021,0.0,48.75,1056
1788718984320,ZEN,B,Open Long,7.4098,5.17,0.01854,0.0,325.0,1057
1788718984320,ZEN,B,Open Long,7.4099,5.7,0.020441,0.0,330.17,1057
1788718984320,ZEN,B,Open Long,7.4103,1.63,0.005845,0.0,335.87,1057
1788719004279,TAO,B,Open Long,259.5,1.25,0.156997,0.0,50.0,1058
1788719020341,ZEN,B,Open Long,7.4363,5.87,0.021127,0.0,337.5,1059
1788719020341,ZEN,B,Open Long,7.4368,5.77,0.020768,0.0,343.37,1059
1788719020341,ZEN,B,Open Long,7.4375,0.86,0.003095,0.0,349.14,1059
1788719040282,TAO,B,Open Long,259.14,0.816,0.102344,0.0,51.25,1060
1788719040282,TAO,B,Open Long,259.14,0.434,0.054433,0.0,52.066,1060
1788719057294,ZEN,B,Open Long,7.422,12.5,0.044902,0.0,350.0,1061
1788719076435,TAO,B,Open Long,260.16,1.25,0.157396,0.0,52.5,1062
1788719093376,ZEN,B,Open Long,7.4354,5.0,0.017992,0.0,362.5,1063
1788719093376,ZEN,B,Open Long,7.4356,5.51,0.019829,0.0,367.5,1063
1788719093376,ZEN,B,Open Long,7.4362,1.99,0.007161,0.0,373.01,1063
1788719112761,TAO,B,Open Long,260.25,1.25,0.157451,0.0,53.75,1064
1788719129397,ZEN,B,Open Long,7.4598,5.84,0.021085,0.0,375.0,1065
1788719129397,ZEN,B,Open Long,7.4605,6.66,0.024047,0.0,380.84,1065
1788719149185,TAO,B,Open Long,260.12,1.25,0.157372,0.0,55.0,1066
1788719166271,ZEN,B,Open Long,7.4495,5.75,0.020731,0.0,387.5,1067
1788719166271,ZEN,B,Open Long,7.4503,5.75,0.020733,0.0,393.25,1067
1788719166271,ZEN,B,Open Long,7.4508,1.0,0.003606,0.0,399.0,1067
1788719185511,TAO,B,Open Long,259.76,1.25,0.157154,0.0,56.25,1068
1788719201857,ZEN,B,Open Long,7.4543,5.7,0.020563,0.0,400.0,1069
1788719201857,ZEN,B,Open Long,7.4545,5.69,0.020528,0.0,405.7,1069
1788719201857,ZEN,B,Open Long,7.4553,1.11,0.004004,0.0,411.39,1069
1788719221923,TAO,B,Open Long,259.62,1.25,0.157069,0.0,57.5,1070
1788719238221,ZEN,B,Open Long,7.4594,12.5,0.045129,0.0,412.5,1071
1788719258220,TAO,B,Open Long,259.36,1.25,0.156912,0.0,58.75,1072
1788719274634,ZEN,B,Open Long,7.418,5.58,0.020033,0.0,425.0,1073
1788719274634,ZEN,B,Open Long,7.4186,5.55,0.019927,0.0,430.58,1073
1788719274634,ZEN,B,Open Long,7.4197,1.37,0.004919,0.0,436.13,1073
1788719294634,TAO,B,Open Long,259.36,1.25,0.156912,0.0,60.0,1074
1788719310917,ZEN,B,Open Long,7.4108,5.28,0.018937,0.0,437.5,1075
1788719310917,ZEN,B,Open Long,7.4112,5.81,0.020839,0.0,442.78,1075
1788719310917,ZEN,B,Open Long,7.4119,1.41,0.005058,0.0,448.59,1075
1788719330907,TAO,B,Open Long,259.99,1.153,0.145087,0.0,61.25,1076
1788719330907,TAO,B,Open Long,260.0,0.097,0.012206,0.0,62.403,1076
1788719347303,ZEN,B,Open Long,7.4163,6.0,0.021536,0.0,450.0,1077
1788719347303,ZEN,B,Open Long,7.4172,6.0,0.021539,0.0,456.0,1077
1788719347303,ZEN,B,Open Long,7.4182,0.5,0.001794,0.0,462.0,1077
1788719367333,TAO,B,Open Long,260.2,1.25,0.157421,0.0,62.5,1078
1788719371626,DASH,A,Close Long,71.257,0.43,0.014829,0.840865,450.0,1079
1788719371626,DASH,A,Close Long,71.257,5.61,0.193479,10.970355,449.57,1079
1788719371626,DASH,A,Close Long,71.256,0.44,0.015174,0.85998,443.96,1079
1788719371626,DASH,A,Close Long,71.252,0.42,0.014483,0.81921,443.52,1079
1788719371626,DASH,A,Close Long,71.252,5.61,0.193465,10.942305,443.1,1079
1788719371626,DASH,A,Close Long,71.249,5.61,0.193457,10.925475,437.49,1079
1788719371626,DASH,A,Close Long,71.221,5.62,0.193726,10.78759,431.88,1079
1788719371626,DASH,A,Close Long,71.219,26.26,0.905182,50.35355,426.26,1079
1788719384247,ZEN,B,Open Long,7.4242,4.91,0.017642,0.0,462.5,1080
1788719384247,ZEN,B,Open Long,7.4246,5.94,0.021345,0.0,467.41,1080
1788719384247,ZEN,B,Open Long,7.4254,1.65,0.005929,0.0,473.35,1080
1788719403718,TAO,B,Open Long,260.38,1.25,0.157529,0.0,63.75,1081
1788719420409,ZEN,B,Open Long,7.4274,12.5,0.044935,0.0,475.0,1082
1788719440295,TAO,B,Open Long,260.04,1.25,0.157324,0.0,65.0,1083
1788719456521,ZEN,B,Open Long,7.4244,5.18,0.018613,0.0,487.5,1084
1788719456521,ZEN,B,Open Long,7.4251,5.47,0.019657,0.0,492.68,1084
1788719456521,ZEN,B,Open Long,7.4255,1.85,0.006648,0.0,498.15,1084
1788719476487,TAO,B,Open Long,259.94,1.25,0.157263,0.0,66.25,1085
1788719492829,ZEN,B,Open Long,7.42,5.76,0.020684,0.0,500.0,1086
1788719492829,ZEN,B,Open Long,7.4208,5.76,0.020687,0.0,505.76,1086
1788719492829,ZEN,B,Open Long,7.4216,0.98,0.003519,0.0,511.52,1086
1788719513336,TAO,B,Open Long,259.7,1.25,0.157118,0.0,67.5,1087
1788719529149,ZEN,B,Open Long,7.415,5.6,0.020097,0.0,512.5,1088
1788719529149,ZEN,B,Open Long,7.4153,5.6,0.020097,0.0,518.1,1088
1788719529149,ZEN,B,Open Long,7.4166,1.3,0.004666,0.0,523.7,1088
1788719549175,TAO,B,Open Long,259.55,1.25,0.157027,0.0,68.75,1089
1788719565537,ZEN,B,Open Long,7.4138,5.58,0.020021,0.0,525.0,1090
1788719565537,ZEN,B,Open Long,7.4147,5.55,0.019917,0.0,530.58,1090
1788719565537,ZEN,B,Open Long,7.4149,1.37,0.004915,0.0,536.13,1090
1788719585521,TAO,B,Open Long,259.09,1.25,0.156749,0.0,70.0,1091
1788719591868,TAO,A,Close Long,259.34,0.976,0.122507,-0.266448,71.25,1092
1788719591868,TAO,A,Close Long,259.29,3.815,0.478768,-1.232245,70.274,1092
1788719591868,TAO,A,Close Long,259.27,3.815,0.478731,-1.308545,66.459,1092
1788719591868,TAO,A,Close Long,259.26,1.543,0.193617,-0.544679,62.644,1092
1788719591868,TAO,A,Close Long,259.26,3.814,0.478586,-1.346342,61.101,1092
1788719591868,TAO,A,Close Long,259.24,1.543,0.193602,-0.575539,57.287,1092
1788719591868,TAO,A,Close Long,259.23,3.817,0.478908,-1.461911,55.744,1092
1788719591868,TAO,A,Close Long,259.22,1.677,0.2104,-0.659061,51.927,1092
1788719601809,ZEN,B,Open Long,7.4089,12.5,0.044823,0.0,537.5,1093
1788719621831,TAO,B,Open Long,259.46,1.25,0.156972,0.0,50.25,1094
1788719638229,ZEN,B,Open Long,7.4179,5.55,0.019925,0.0,550.0,1095
1788719638229,ZEN,B,Open Long,7.4183,5.27,0.018921,0.0,555.55,1095
1788719638229,ZEN,B,Open Long,7.4191,1.68,0.006032,0.0,560.82,1095
1788719659459,TAO,B,Open Long,258.65,1.25,0.156483,0.0,51.5,1096
1788719675334,ZEN,B,Open Long,7.4152,5.33,0.019128,0.0,562.5,1097
1788719675334,ZEN,B,Open Long,7.4152,5.33,0.019128,0.0,567.83,1097
1788719675334,ZEN,B,Open Long,7.4153,1.84,0.006603,0.0,573.16,1097
1788719695329,TAO,B,Open Long,258.0,1.25,0.15609,0.0,52.75,1098
1788719711337,ZEN,B,Open Long,7.4124,6.27,0.022493,0.0,575.0,1099
1788719711337,ZEN,B,Open Long,7.4133,5.63,0.020199,0.0,581.27,1099
1788719711337,ZEN,B,Open Long,7.4134,0.6,0.002152,0.0,586.9,1099
1788719730959,TAO,B,Open Long,258.03,1.25,0.156107,0.0,54.0,1100
1788719747346,ZEN,B,Open Long,7.4222,5.88,0.021122,0.0,587.5,1101
1788719747346,ZEN,B,Open Long,7.4228,5.89,0.02116,0.0,593.38,1101
1788719747346,ZEN,B,Open Long,7.4237,0.73,0.002622,0.0,599.27,1101
1788719767278,TAO,B,Open Long,258.01,0.045,0.005619,0.0,55.25,1102
1788719767278,TAO,B,Open Long,258.03,1.205,0.150487,0.0,55.295,1102
1788719783673,ZEN,B,Open Long,7.4013,12.5,0.044777,0.0,600.0,1103
1788719803765,TAO,B,Open Long,258.34,0.193,0.024131,0.0,56.5,1104
1788719803765,TAO,B,Open Long,258.49,1.057,0.132239,0.0,56.693,1104
1788719820074,ZEN,B,Open Long,7.3962,12.5,0.044746,0.0,612.5,1105
1788719840095,TAO,B,Open Long,258.47,1.25,0.156373,0.0,57.75,1106
1788719851845,JTO,B,Open Long,0.45688,1719.0,0.380121,0.0,25000.0,1107
1788719851845,JTO,B,Open Long,0.45704,323.0,0.071449,0.0,26719.0,1107
1788719851845,JTO,B,Open Long,0.45704,329.0,0.072776,0.0,27042.0,1107
1788719851845,JTO,B,Open Long,0.45709,267.0,0.059068,0.0,27371.0,1107
1788719851845,JTO,B,Open Long,0.45711,267.0,0.05907,0.0,27638.0,1107
1788719851845,JTO,B,Open Long,0.45714,248.0,0.054871,0.0,27905.0,1107
1788719851845,JTO,B,Open Long,0.45718,267.0,0.059079,0.0,28153.0,1107
1788719851845,JTO,B,Open Long,0.45719,875.0,0.193619,0.0,28420.0,1107
1788719851845,JTO,B,Open Long,0.4572,267.0,0.059082,0.0,29295.0,1107
1788719851845,JTO,B,Open Long,0.45722,267.0,0.059084,0.0,29562.0,1107
1788719851845,JTO,B,Open Long,0.45722,171.0,0.03784,0.0,29829.0,1107
1788719856373,ZEN,B,Open Long,7.4098,12.5,0.044829,0.0,625.0,1108
1788719876353,TAO,B,Open Long,258.23,1.25,0.156228,0.0,59.0,1109
1788719892785,ZEN,B,Open Long,7.4092,5.58,0.020009,0.0,637.5,1110
1788719892785,ZEN,B,Open Long,7.4093,6.92,0.024815,0.0,643.08,1110
1788719913370,TAO,B,Open Long,258.56,1.061,0.132776,0.0,60.25,1111
1788719913370,TAO,B,Open Long,258.56,0.189,0.023651,0.0,61.311,1111
1788719929129,ZEN,B,Open Long,7.4143,12.5,0.044855,0.0,650.0,1112
1788719949390,TAO,B,Open Long,258.4,0.699,0.08742,0.0,61.5,1113
1788719949390,TAO,B,Open Long,258.4,0.551,0.06891,0.0,62.199,1113
1788719966464,ZEN,B,Open Long,7.418,5.02,0.018022,0.0,662.5,1114
1788719966464,ZEN,B,Open Long,7.4185,5.52,0.019819,0.0,667.52,1114
1788719966464,ZEN,B,Open Long,7.4194,1.96,0.007038,0.0,673.04,1114
1788719985490,TAO,B,Open Long,258.73,1.25,0.156531,0.0,62.75,1115
1788720001804,ZEN,B,Open Long,7.4285,5.8,0.020852,0.0,675.0,1116
1788720001804,ZEN,B,Open Long,7.4293,5.51,0.019812,0.0,680.8,1116
1788720001804,ZEN,B,Open Long,7.4301,1.19,0.004279,0.0,686.31,1116
1788720022307,TAO,B,Open Long,259.03,1.158,0.145178,0.0,64.0,1117
1788720022307,TAO,B,Open Long,259.04,0.092,0.011534,0.0,65.158,1117
1788720038237,ZEN,B,Open Long,7.4448,5.67,0.02043,0.0,687.5,1118
1788720038237,ZEN,B,Open Long,7.4456,5.64,0.020324,0.0,693.17,1118
1788720038237,ZEN,B,Open Long,7.4464,1.19,0.004288,0.0,698.81,1118
1788720058252,TAO,B,Open Long,259.38,0.192,0.024103,0.0,65.25,1119
1788720058252,TAO,B,Open Long,259.4,0.046,0.005775,0.0,65.442,1119
1788720058252,TAO,B,Open Long,259.4,0.579,0.072692,0.0,65.488,1119
1788720058252,TAO,B,Open Long,259.41,0.433,0.054364,0.0,66.067,1119
1788720074584,ZEN,B,Open Long,7.4262,12.5,0.044927,0.0,700.0,1120
1788720094654,TAO,B,Open Long,259.56,1.25,0.157033,0.0,66.5,1121
1788720111000,ZEN,B,Open Long,7.4452,5.67,0.020431,0.0,712.5,1122
1788720111000,ZEN,B,Open Long,7.4453,6.83,0.024611,0.0,718.17,1122
1788720130946,TAO,B,Open Long,258.92,1.25,0.156646,0.0,67.75,1123
1788720147276,ZEN,B,Open Long,7.4663,12.5,0.04517,0.0,725.0,1124
1788720167306,TAO,B,Open Long,259.26,1.25,0.156851,0.0,69.0,1125
1788720183644,ZEN,B,Open Long,7.4805,4.69,0.01698,0.0,737.5,1126
1788720183644,ZEN,B,Open Long,7.4813,7.81,0.028278,0.0,742.19,1126
1788720203749,TAO,B,Open Long,259.02,1.25,0.156706,0.0,70.25,1127
1788720219994,ZEN,B,Open Long,7.4723,12.5,0.045207,0.0,750.0,1128
1788720240471,TAO,B,Open Long,259.06,1.25,0.15673,0.0,71.5,1129
1788720257276,ZEN,B,Open Long,7.494,12.3,0.044612,0.0,762.5,1130
1788720257276,ZEN,B,Open Long,7.4954,0.2,0.000724,0.0,774.8,1130
1788720276427,TAO,B,Open Long,258.58,1.25,0.15644,0.0,72.75,1131
1788720292709,ZEN,B,Open Long,7.4905,5.46,0.019793,0.0,775.0,1132
1788720292709,ZEN,B,Open Long,7.4914,4.71,0.017077,0.0,780.46,1132
1788720292709,ZEN,B,Open Long,7.4924,2.33,0.008448,0.0,785.17,1132
1788720313041,TAO,B,Open Long,258.45,1.25,0.156362,0.0,74.0,1133
1788720329275,ZEN,B,Open Long,7.4633,12.5,0.045152,0.0,787.5,1134
1788720349088,TAO,B,Open Long,258.09,1.162,0.145151,0.0,75.25,1135
1788720349088,TAO,B,Open Long,258.09,0.045,0.00562,0.0,76.412,1135
1788720349088,TAO,B,Open Long,258.12,0.043,0.005371,0.0,76.457,1135
1788720365481,ZEN,B,Open Long,7.4712,5.05,0.01826,0.0,800.0,1136
1788720365481,ZEN,B,Open Long,7.4724,5.05,0.018263,0.0,805.05,1136
1788720365481,ZEN,B,Open Long,7.4733,2.4,0.00868,0.0,810.1,1136
1788720385541,TAO,B,Open Long,258.12,1.162,0.145168,0.0,76.5,1137
1788720385541,TAO,B,Open Long,258.13,0.088,0.010993,0.0,77.662,1137
1788720401818,ZEN,B,Open Long,7.4563,12.5,0.04511,0.0,812.5,1138
1788720421836,TAO,B,Open Long,257.79,1.25,0.155962,0.0,77.75,1139
1788720438318,ZEN,B,Open Long,7.4524,5.37,0.019368,0.0,825.0,1140
1788720438318,ZEN,B,Open Long,7.4535,4.6,0.016593,0.0,830.37,1140
1788720438318,ZEN,B,Open Long,7.4543,2.53,0.009127,0.0,834.97,1140
1788720458277,TAO,B,Open Long,257.73,1.25,0.155926,0.0,79.0,1141
1788720474683,ZEN,B,Open Long,7.4682,4.83,0.017458,0.0,837.5,1142
1788720474683,ZEN,B,Open Long,7.4682,5.19,0.018758,0.0,842.33,1142
1788720474683,ZEN,B,Open Long,7.4692,2.48,0.008965,0.0,847.52,1142
1788720494575,TAO,B,Open Long,257.7,1.25,0.155908,0.0,80.25,1143
1788720510900,ZEN,B,Open Long,7.4575,5.32,0.019201,0.0,850.0,1144
1788720510900,ZEN,B,Open Long,7.4576,5.37,0.019382,0.0,855.32,1144
1788720510900,ZEN,B,Open Long,7.4577,1.81,0.006532,0.0,860.69,1144
1788720530970,TAO,B,Open Long,257.28,1.25,0.155654,0.0,81.5,1145
1788720547368,ZEN,B,Open Long,7.4714,5.45,0.019707,0.0,862.5,1146
1788720547368,ZEN,B,Open Long,7.4714,7.05,0.025493,0.0,867.95,1146
1788720567258,TAO,B,Open Long,257.3,0.194,0.024158,0.0,82.75,1147
1788720567258,TAO,B,Open Long,257.32,1.056,0.131516,0.0,82.944,1147
1788720583668,ZEN,B,Open Long,7.4814,12.5,0.045261,0.0,875.0,1148
1788720603650,TAO,B,Open Long,257.85,0.582,0.072632,0.0,84.0,1149
1788720603650,TAO,B,Open Long,257.9,0.668,0.083381,0.0,84.582,1149
1788720619985,ZEN,B,Open Long,7.4584,12.5,0.045123,0.0,887.5,1150
1788720640027,TAO,B,Open Long,257.58,0.47,0.058594,0.0,85.25,1151
1788720640027,TAO,B,Open Long,257.59,0.428,0.053359,0.0,85.72,1151
1788720640027,TAO,B,Open Long,257.63,0.352,0.043891,0.0,86.148,1151
1788720656476,ZEN,B,Open Long,7.4634,12.5,0.045153,0.0,900.0,1152
1788720676391,TAO,B,Open Long,257.61,1.25,0.155853,0.0,86.5,1153
1788720692790,ZEN,B,Open Long,7.4843,4.93,0.017857,0.0,912.5,1154
1788720692790,ZEN,B,Open Long,7.4852,4.48,0.016229,0.0,917.43,1154
1788720692790,ZEN,B,Open Long,7.4883,3.09,0.011198,0.0,921.91,1154
1788720712810,TAO,B,Open Long,257.61,1.25,0.155853,0.0,87.75,1155
1788720729342,ZEN,B,Open Long,7.4909,4.79,0.017366,0.0,925.0,1156
1788720729342,ZEN,B,Open Long,7.492,4.79,0.017368,0.0,929.79,1156
1788720729342,ZEN,B,Open Long,7.4931,2.92,0.010588,0.0,934.58,1156
1788720749122,TAO,B,Open Long,257.78,1.163,0.145101,0.0,89.0,1157
1788720749122,TAO,B,Open Long,257.78,0.087,0.010853,0.0,90.163,1157
1788720765454,ZEN,B,Open Long,7.4795,4.84,0.017521,0.0,937.5,1158
1788720765454,ZEN,B,Open Long,7.4798,4.84,0.017521,0.0,942.34,1158
1788720765454,ZEN,B,Open Long,7.4809,2.82,0.010209,0.0,947.18,1158
1788720785472,TAO,B,Open Long,257.77,0.041,0.005114,0.0,90.25,1159
1788720785472,TAO,B,Open Long,257.78,1.163,0.145101,0.0,90.291,1159
1788720785472,TAO,B,Open Long,257.82,0.046,0.005739,0.0,91.454,1159
1788720801835,ZEN,B,Open Long,7.4694,12.5,0.045189,0.0,950.0,1160
1788720821887,TAO,B,Open Long,257.78,0.492,0.061383,0.0,91.5,1161
1788720821887,TAO,B,Open Long,257.78,0.758,0.094571,0.0,91.992,1161
1788720838141,ZEN,B,Open Long,7.4654,12.5,0.045164,0.0,962.5,1162
1788720858207,TAO,B,Open Long,257.09,1.25,0.155539,0.0,92.75,1163
1788720874603,ZEN,B,Open Long,7.4533,12.5,0.045091,0.0,975.0,1164
1788720894541,TAO,B,Open Long,257.37,1.25,0.155708,0.0,94.0,1165
1788720910906,ZEN,B,Open Long,7.4683,4.98,0.018,0.0,987.5,1166
1788720910906,ZEN,B,Open Long,7.4688,4.98,0.018001,0.0,992.48,1166
1788720910906,ZEN,B,Open Long,7.4694,2.54,0.009182,0.0,997.46,1166
1788720931156,TAO,B,Open Long,257.06,1.25,0.15552,0.0,95.25,1167
1788720947201,ZEN,B,Open Long,7.46,4.66,0.016825,0.0,1000.0,1168
1788720947201,ZEN,B,Open Long,7.461,4.69,0.016935,0.0,1004.66,1168
1788720947201,ZEN,B,Open Long,7.462,3.15,0.011376,0.0,1009.35,1168
1788720947936,TAO,A,Close Long,257.06,0.668,0.083109,-1.257176,96.5,1169
1788720947936,TAO,A,Close Long,257.06,1.556,0.193592,-2.928392,95.832,1169
1788720947936,TAO,A,Close Long,257.05,1.167,0.145188,-2.207964,94.276,1169
1788720947936,TAO,A,Close Long,257.01,1.556,0.193554,-3.006192,93.109,1169
1788720947936,TAO,A,Close Long,257.0,0.584,0.072641,-1.134128,91.553,1169
1788720947936,TAO,A,Close Long,257.0,0.733,0.091176,-1.423486,90.969,1169
1788720947936,TAO,A,Close Long,256.99,1.556,0.193539,-3.037312,90.236,1169
1788720947936,TAO,A,Close Long,256.99,2.0,0.248766,-3.904,88.68,1169
1788720947936,TAO,A,Close Long,256.98,11.405,1.418534,-22.37661,86.68,1169
1788720947936,TAO,A,Close Long,256.96,2.0,0.248737,-3.964,75.275,1169
1788720947936,TAO,A,Close Long,256.95,3.075,0.382418,-6.1254,73.275,1169
1788720947936,TAO,A,Close Long,256.91,2.0,0.248688,-4.064,70.2,1169
1788720947936,TAO,A,Close Long,256.9,0.584,0.072613,-1.192528,68.2,1169
1788720947936,TAO,A,Close Long,256.9,3.503,0.435561,-7.153126,67.616,1169
1788720947936,TAO,A,Close Long,256.9,2.0,0.248679,-4.084,64.113,1169
1788720947936,TAO,A,Close Long,256.89,0.976,0.12135,-2.002752,62.113,1169
1788720947936,TAO,A,Close Long,256.88,0.637,0.079197,-1.313494,61.137,1169
1788720955208,TAO,A,Close Long,256.98,1.557,0.193656,-3.054834,60.5,1170
1788720955208,TAO,A,Close Long,256.97,0.639,0.079474,-1.260108,58.943,1170
1788720955208,TAO,A,Close Long,256.97,0.584,0.072634,-1.151648,58.304,1170
1788720955208,TAO,A,Close Long,256.97,3.076,0.382571,-6.065872,57.72,1170
1788720955208,TAO,A,Close Long,256.96,12.046,1.498144,-23.875172,54.644,1170
1788720955208,TAO,A,Close Long,256.95,1.167,0.145132,-2.324664,42.598,1170
1788720955208,TAO,A,Close Long,256.92,5.838,0.72595,-11.804436,41.431,1170
1788720955208,TAO,A,Close Long,256.91,23.313,2.898841,-47.372016,35.593,1170
1788720955208,TAO,A,Close Long,256.9,0.584,0.072613,-1.192528,12.28,1170
1788720955208,TAO,A,Close Long,256.9,3.503,0.435561,-7.153126,11.696,1170
1788720955208,TAO,A,Close Long,256.88,3.076,0.382438,-6.342712,8.193,1170
1788720955208,TAO,A,Close Long,256.86,2.0,0.24864,-4.164,5.117,1170
1788720955208,TAO,A,Close Long,256.85,0.655,0.081425,-1.37026,3.117,1170
1788720955208,TAO,A,Close Long,256.85,1.557,0.193558,-3.257244,2.462,1170
1788720955208,TAO,A,Close Long,256.85,0.905,0.112504,-1.89326,0.905,1170
1788720979168,TAO,B,Open Long,257.29,1.25,0.15566,0.0,0.0,1171
1788720983642,ZEN,B,Open Long,7.455,5.06,0.018257,0.0,1012.5,1172
1788720983642,ZEN,B,Open Long,7.4553,7.44,0.026845,0.0,1017.56,1172
1788721019956,ZEN,B,Open Long,7.462,4.79,0.017299,0.0,1025.0,1173
1788721019956,ZEN,B,Open Long,7.4626,4.36,0.015747,0.0,1029.79,1173
1788721019956,ZEN,B,Open Long,7.4629,3.35,0.0121,0.0,1034.15,1173
1788721056393,ZEN,B,Open Long,7.4413,4.18,0.015054,0.0,1037.5,1174
1788721056393,ZEN,B,Open Long,7.4421,4.15,0.014947,0.0,1041.68,1174
1788721056393,ZEN,B,Open Long,7.443,4.17,0.015021,0.0,1045.83,1174
1788721092751,ZEN,B,Open Long,7.4382,4.8,0.01728,0.0,1050.0,1175
1788721092751,ZEN,B,Open Long,7.4383,7.7,0.02772,0.0,1054.8,1175
1788721124615,TAO,B,Open Long,257.04,1.25,0.155509,0.0,1.25,1176
1788721129084,ZEN,B,Open Long,7.4508,4.7,0.016948,0.0,1062.5,1177
1788721129084,ZEN,B,Open Long,7.451,4.7,0.016948,0.0,1067.2,1177
1788721129084,ZEN,B,Open Long,7.4522,3.1,0.011181,0.0,1071.9,1177
1788721165406,ZEN,B,Open Long,7.4599,4.74,0.017113,0.0,1075.0,1178
1788721165406,ZEN,B,Open Long,7.4606,4.74,0.017115,0.0,1079.74,1178
1788721165406,ZEN,B,Open Long,7.4609,3.02,0.010905,0.0,1084.48,1178
1788721201844,ZEN,B,Open Long,7.4648,4.62,0.016691,0.0,1087.5,1179
1788721201844,ZEN,B,Open Long,7.4651,4.63,0.016728,0.0,1092.12,1179
1788721201844,ZEN,B,Open Long,7.4657,3.25,0.011743,0.0,1096.75,1179
1788721238171,ZEN,B,Open Long,7.4562,4.64,0.016744,0.0,1100.0,1180
1788721238171,ZEN,B,Open Long,7.4568,4.64,0.016745,0.0,1104.64,1180
1788721238171,ZEN,B,Open Long,7.4571,3.22,0.011621,0.0,1109.28,1180
1788721270235,TAO,B,Open Long,257.47,0.975,0.121499,0.0,2.5,1181
1788721270235,TAO,B,Open Long,257.48,0.275,0.034269,0.0,3.475,1181
1788721274614,ZEN,B,Open Long,7.4507,12.5,0.045076,0.0,1112.5,1182
1788721311002,ZEN,B,Open Long,7.4513,12.5,0.04508,0.0,1125.0,1183
1788721328583,JTO,A,Close Long,0.45379,211.0,0.046341,-0.333591,30000.0,1184
1788721328583,JTO,A,Close Long,0.45376,232.0,0.050951,-0.373752,29789.0,1184
1788721328583,JTO,A,Close Long,0.45375,1790.0,0.39311,-2.90159,29557.0,1184
1788721328583,JTO,A,Close Long,0.45368,250.0,0.054895,-0.42275,27767.0,1184
1788721328583,JTO,A,Close Long,0.45364,250.0,0.05489,-0.43275,27517.0,1184
1788721328583,JTO,A,Close Long,0.45363,477.0,0.104728,-0.830457,27267.0,1184
1788721328583,JTO,A,Close Long,0.45363,449.0,0.09858,-0.781709,26790.0,1184
1788721328583,JTO,A,Close Long,0.45359,250.0,0.054883,-0.44525,26341.0,1184
1788721328583,JTO,A,Close Long,0.45357,250.0,0.054881,-0.45025,26091.0,1184
1788721328583,JTO,A,Close Long,0.45354,250.0,0.054877,-0.45775,25841.0,1184
1788721328583,JTO,A,Close Long,0.45354,581.0,0.127536,-1.063811,25591.0,1184
1788721328583,JTO,A,Close Long,0.45353,450.0,0.098777,-0.82845,25010.0,1184
1788721328583,JTO,A,Close Long,0.45349,227.0,0.049823,-0.426987,24560.0,1184
1788721328583,JTO,A,Close Long,0.45348,1539.0,0.337785,-2.910249,24333.0,1184
1788721328583,JTO,A,Close Long,0.45348,1451.0,0.31847,-2.743841,22794.0,1184
1788721328583,JTO,A,Close Long,0.45344,352.0,0.077251,-0.679712,21343.0,1184
1788721328583,JTO,A,Close Long,0.4534,991.0,0.217469,-1.953261,20991.0,1184
1788721347263,ZEN,B,Open Long,7.4449,4.67,0.016826,0.0,1137.5,1185
1788721347263,ZEN,B,Open Long,7.4456,4.67,0.016829,0.0,1142.17,1185
1788721347263,ZEN,B,Open Long,7.4464,3.16,0.011388,0.0,1146.84,1185
1788721383576,ZEN,B,Open Long,7.4483,4.69,0.016907,0.0,1150.0,1186
1788721383576,ZEN,B,Open Long,7.449,4.69,0.016908,0.0,1154.69,1186
1788721383576,ZEN,B,Open Long,7.4497,3.12,0.011249,0.0,1159.38,1186
1788721416333,TAO,B,Open Long,258.75,1.25,0.156543,0.0,3.75,1187
1788721420328,ZEN,B,Open Long,7.4394,5.05,0.018182,0.0,1162.5,1188
1788721420328,ZEN,B,Open Long,7.4402,5.1,0.018364,0.0,1167.55,1188
1788721420328,ZEN,B,Open Long,7.441,2.35,0.008462,0.0,1172.65,1188
1788721456328,ZEN,B,Open Long,7.4442,5.01,0.01805,0.0,1175.0,1189
1788721456328,ZEN,B,Open Long,7.445,5.01,0.018051,0.0,1180.01,1189
1788721456328,ZEN,B,Open Long,7.4458,2.48,0.008936,0.0,1185.02,1189
1788721492737,ZEN,B,Open Long,7.4417,4.99,0.017972,0.0,1187.5,1190
1788721492737,ZEN,B,Open Long,7.4423,5.02,0.018082,0.0,1192.49,1190
1788721492737,ZEN,B,Open Long,7.4424,2.49,0.008969,0.0,1197.51,1190
1788721494272,TAO,B,Open Long,259.41,3.048,0.382689,0.0,5.0,1191
1788721494272,TAO,B,Open Long,259.42,1.156,0.145145,0.0,8.048,1191
1788721494272,TAO,B,Open Long,259.45,1.953,0.245245,0.0,9.204,1191
1788721494272,TAO,B,Open Long,259.45,0.04,0.005022,0.0,11.157,1191
1788721494272,TAO,B,Open Long,259.46,3.469,0.435631,0.0,11.197,1191
1788721494272,TAO,B,Open Long,259.5,0.173,0.021728,0.0,14.666,1191
1788721494272,TAO,B,Open Long,259.51,1.214,0.152481,0.0,14.839,1191
1788721494272,TAO,B,Open Long,259.52,3.048,0.382851,0.0,16.053,1191
1788721494272,TAO,B,Open Long,259.53,0.578,0.072603,0.0,19.101,1191
1788721494272,TAO,B,Open Long,259.55,1.541,0.193583,0.0,19.679,1191
1788721494272,TAO,B,Open Long,259.56,1.541,0.193591,0.0,21.22,1191
1788721494272,TAO,B,Open Long,259.56,0.976,0.122611,0.0,22.761,1191
1788721494272,TAO,B,Open Long,259.56,1.263,0.158666,0.0,23.737,1191
1788721529365,ZEN,B,Open Long,7.4594,4.98,0.017978,0.0,1200.0,1192
1788721529365,ZEN,B,Open Long,7.4603,4.94,0.017836,0.0,1204.98,1192
1788721529365,ZEN,B,Open Long,7.4611,2.58,0.009315,0.0,1209.92,1192
1788721561328,TAO,B,Open Long,260.3,1.152,0.145134,0.0,25.0,1193
1788721561328,TAO,B,Open Long,260.37,0.098,0.012349,0.0,26.152,1193
1788721566356,ZEN,B,Open Long,7.4407,4.83,0.017393,0.0,1212.5,1194
1788721566356,ZEN,B,Open Long,7.4415,4.83,0.017395,0.0,1217.33,1194
1788721566356,ZEN,B,Open Long,7.4423,2.84,0.010229,0.0,1222.16,1194
1788721602293,ZEN,B,Open Long,7.4272,4.45,0.015996,0.0,1225.0,1195
1788721602293,ZEN,B,Open Long,7.4273,8.05,0.028937,0.0,1229.45,1195
1788721638243,ZEN,B,Open Long,7.4252,4.13,0.014841,0.0,1237.5,1196
1788721638243,ZEN,B,Open Long,7.4252,4.13,0.014841,0.0,1241.63,1196
1788721638243,ZEN,B,Open Long,7.4253,4.24,0.015237,0.0,1245.76,1196
1788721659306,JTO,A,Close Long,0.45218,237.0,0.051867,-0.756267,20000.0,1197
1788721659306,JTO,A,Close Long,0.45218,1641.0,0.35914,-5.236431,19763.0,1197
1788721659306,JTO,A,Close Long,0.45216,450.0,0.09848,-1.44495,18122.0,1197
1788721659306,JTO,A,Close Long,0.4521,236.0,0.05164,-0.771956,17672.0,1197
1788721659306,JTO,A,Close Long,0.45206,236.0,0.051635,-0.781396,17436.0,1197
1788721659306,JTO,A,Close Long,0.45202,208.0,0.045505,-0.697008,17200.0,1197
1788721659306,JTO,A,Close Long,0.45199,1641.0,0.358989,-5.548221,16992.0,1197
1788721659306,JTO,A,Close Long,0.45198,236.0,0.051626,-0.800276,15351.0,1197
1788721659306,JTO,A,Close Long,0.45195,573.0,0.125339,-1.960233,15115.0,1197
1788721659306,JTO,A,Close Long,0.45194,236.0,0.051621,-0.809716,14542.0,1197
1788721659306,JTO,A,Close Long,0.45191,447.0,0.097769,-1.547067,14306.0,1197
1788721659306,JTO,A,Close Long,0.45191,412.0,0.090113,-1.425932,13859.0,1197
1788721659306,JTO,A,Close Long,0.45188,237.0,0.051833,-0.827367,13447.0,1197
1788721659306,JTO,A,Close Long,0.45186,236.0,0.051612,-0.828596,13210.0,1197
1788721659306,JTO,A,Close Long,0.45184,27.0,0.005903,-0.095337,12974.0,1197
1788721659306,JTO,A,Close Long,0.45182,236.0,0.051607,-0.838036,12947.0,1197
1788721659306,JTO,A,Close Long,0.45181,352.0,0.076973,-1.253472,12711.0,1197
1788721659306,JTO,A,Close Long,0.45179,237.0,0.051823,-0.848697,12359.0,1197
1788721659306,JTO,A,Close Long,0.45178,885.0,0.193514,-3.178035,12122.0,1197
1788721659306,JTO,A,Close Long,0.45177,1662.0,0.363407,-5.984862,11237.0,1197
1788721659306,JTO,A,Close Long,0.45176,1554.0,0.339784,-5.611494,9575.0,1197
1788721659306,JTO,A,Close Long,0.45176,1426.0,0.311796,-5.149286,8021.0,1197
1788721659306,JTO,A,Close Long,0.45174,2005.0,0.438376,-7.280155,6595.0,1197
1788721659306,JTO,A,Close Long,0.45174,129.0,0.028204,-0.468399,4590.0,1197
1788721659306,JTO,A,Close Long,0.45171,2213.0,0.483822,-8.101793,4461.0,1197
1788721659306,JTO,A,Close Long,0.45164,886.0,0.193673,-3.305666,2248.0,1197
1788721659306,JTO,A,Close Long,0.45163,1362.0,0.297718,-5.095242,1362.0,1197
1788721674603,ZEN,B,Open Long,7.4431,4.17,0.015021,0.0,1250.0,1198
1788721674603,ZEN,B,Open Long,7.4439,4.55,0.016391,0.0,1254.17,1198
1788721674603,ZEN,B,Open Long,7.4447,3.78,0.01362,0.0,1258.72,1198
1788721688507,TAO,B,Open Long,259.86,3.042,0.382598,0.0,26.25,1199
1788721688507,TAO,B,Open Long,259.92,1.539,0.193607,0.0,29.292,1199
1788721688507,TAO,B,Open Long,259.93,0.419,0.052712,0.0,30.831,1199
1788721706508,TAO,B,Open Long,260.1,1.25,0.15736,0.0,31.25,1200
1788721711261,ZEN,B,Open Long,7.439,4.1,0.01476,0.0,1262.5,1201
1788721711261,ZEN,B,Open Long,7.4391,3.92,0.014113,0.0,1266.6,1201
1788721711261,ZEN,B,Open Long,7.4402,4.48,0.016132,0.0,1270.52,1201
1788721747337,ZEN,B,Open Long,7.4295,4.56,0.016396,0.0,1275.0,1202
1788721747337,ZEN,B,Open Long,7.4302,4.64,0.016685,0.0,1279.56,1202
1788721747337,ZEN,B,Open Long,7.4303,3.3,0.011866,0.0,1284.2,1202
1788721784275,ZEN,B,Open Long,7.4414,12.5,0.045019,0.0,1287.5,1203
1788721820001,ZEN,B,Open Long,7.4314,4.57,0.016437,0.0,1300.0,1204
1788721820001,ZEN,B,Open Long,7.4314,7.93,0.028522,0.0,1304.57,1204
1788721822986,TAO,B,Open Long,261.0,5.0,0.63162,0.0,32.5,1205
1788721827235,TAO,B,Open Long,261.0,2.5,0.31581,0.0,37.5,1206
1788721842452,TAO,B,Open Long,261.69,0.115,0.014565,0.0,40.0,1207
1788721842452,TAO,B,Open Long,261.72,3.023,0.382929,0.0,40.115,1207
1788721842452,TAO,B,Open Long,261.78,0.173,0.021918,0.0,43.138,1207
1788721842452,TAO,B,Open Long,261.84,0.573,0.072616,0.0,43.311,1207
1788721842452,TAO,B,Open Long,261.84,1.116,0.14143,0.0,43.884,1207
1788721852424,TAO,B,Open Long,261.47,1.072,0.135662,0.0,45.0,1208
1788721852424,TAO,B,Open Long,261.54,0.178,0.022531,0.0,46.072,1208
1788721856457,ZEN,B,Open Long,7.4194,4.04,0.014507,0.0,1312.5,1209
1788721856457,ZEN,B,Open Long,7.4194,4.04,0.014507,0.0,1316.54,1209
1788721856457,ZEN,B,Open Long,7.4201,4.42,0.015872,0.0,1320.58,1209
1788721892736,ZEN,B,Open Long,7.4259,4.67,0.016783,0.0,1325.0,1210
1788721892736,ZEN,B,Open Long,7.4261,7.25,0.026057,0.0,1329.67,1210
1788721892736,ZEN,B,Open Long,7.4268,0.58,0.002084,0.0,1336.92,1210
1788721929183,ZEN,B,Open Long,7.4273,4.09,0.014702,0.0,1337.5,1211
1788721929183,ZEN,B,Open Long,7.4275,4.08,0.014666,0.0,1341.59,1211
1788721929183,ZEN,B,Open Long,7.4285,4.06,0.014596,0.0,1345.67,1211
1788721929183,ZEN,B,Open Long,7.4291,0.27,0.00097,0.0,1349.73,1211
1788721930961,TAO,B,Open Long,263.18,5.0,0.636895,0.0,46.25,1212
1788721965621,ZEN,B,Open Long,7.4321,12.5,0.044964,0.0,1350.0,1213
1788721984512,TAO,B,Open Long,265.09,0.566,0.072619,0.0,51.25,1214
1788721984512,TAO,B,Open Long,265.1,14.434,1.852003,0.0,51.816,1214
1788721998328,TAO,B,Open Long,264.86,1.25,0.160239,0.0,66.25,1215
1788722002254,ZEN,B,Open Long,7.4194,12.5,0.044887,0.0,1362.5,1216
1788722038180,ZEN,B,Open Long,7.4217,4.22,0.015157,0.0,1375.0,1217
1788722038180,ZEN,B,Open Long,7.4219,4.23,0.015194,0.0,1379.22,1217
1788722038180,ZEN,B,Open Long,7.4228,4.05,0.014549,0.0,1383.45,1217
1788722075257,ZEN,B,Open Long,7.3941,4.32,0.015459,0.0,1387.5,1218
1788722075257,ZEN,B,Open Long,7.3943,8.18,0.029274,0.0,1391.82,1218
1788722087744,TAO,B,Open Long,266.97,4.162,0.537785,0.0,67.5,1219
1788722087744,TAO,B,Open Long,266.97,4.781,0.617769,0.0,71.662,1219
1788722087744,TAO,B,Open Long,267.08,0.838,0.108325,0.0,76.443,1219
1788722087744,TAO,B,Open Long,267.12,0.805,0.104075,0.0,77.281,1219
1788722087744,TAO,B,Open Long,267.16,0.768,0.099305,0.0,78.086,1219
1788722087744,TAO,B,Open Long,267.17,0.374,0.048361,0.0,78.854,1219
1788722087744,TAO,B,Open Long,267.19,0.841,0.108757,0.0,79.228,1219
1788722087744,TAO,B,Open Long,267.2,1.497,0.193598,0.0,80.069,1219
1788722087744,TAO,B,Open Long,267.22,5.664,0.73255,0.0,81.566,1219
1788722087744,TAO,B,Open Long,267.23,0.734,0.094934,0.0,87.23,1219
1788722087744,TAO,B,Open Long,267.24,0.976,0.126239,0.0,87.964,1219
1788722087744,TAO,B,Open Long,267.27,0.711,0.091973,0.0,88.94,1219
1788722087744,TAO,B,Open Long,267.27,1.497,0.193649,0.0,89.651,1219
1788722087744,TAO,B,Open Long,267.27,1.352,0.174892,0.0,91.148,1219
1788722111330,ZEN,B,Open Long,7.4062,3.84,0.013763,0.0,1400.0,1220
1788722111330,ZEN,B,Open Long,7.4063,8.66,0.031042,0.0,1403.84,1220
1788722142752,TAO,B,Open Long,266.38,0.564,0.072714,0.0,92.5,1221
1788722142752,TAO,B,Open Long,266.39,0.686,0.088447,0.0,93.064,1221
1788722147427,ZEN,B,Open Long,7.4008,12.5,0.044774,0.0,1412.5,1222
1788722184329,ZEN,B,Open Long,7.3775,4.62,0.016496,0.0,1425.0,1223
1788722184329,ZEN,B,Open Long,7.3781,4.63,0.016533,0.0,1429.62,1223
1788722184329,ZEN,B,Open Long,7.3789,3.25,0.011606,0.0,1434.25,1223
1788722220306,ZEN,B,Open Long,7.3828,4.7,0.016793,0.0,1437.5,1224
1788722220306,ZEN,B,Open Long,7.3835,4.66,0.016652,0.0,1442.2,1224
1788722220306,ZEN,B,Open Long,7.384,3.14,0.011221,0.0,1446.86,1224
1788722232416,ZEN,A,Close Long,7.3829,4.25,0.015185,-0.236725,1450.0,1225
1788722232416,ZEN,A,Close Long,7.3821,4.27,0.015256,-0.241255,1445.75,1225
1788722232416,ZEN,A,Close Long,7.3817,4.27,0.015254,-0.242963,1441.48,1225
1788722232416,ZEN,A,Close Long,7.3809,4.27,0.015253,-0.246379,1437.21,1225
1788722232416,ZEN,A,Close Long,7.3803,4.27,0.015252,-0.248941,1432.94,1225
1788722232416,ZEN,A,Close Long,7.3797,4.27,0.015251,-0.251503,1428.67,1225
1788722232416,ZEN,A,Close Long,7.3791,4.27,0.015249,-0.254065,1424.4,1225
1788722232416,ZEN,A,Close Long,7.3788,54.21,0.193601,-3.241758,1420.13,1225
1788722232416,ZEN,A,Close Long,7.3787,4.27,0.015248,-0.255773,1365.92,1225
1788722232416,ZEN,A,Close Long,7.3783,4.27,0.015248,-0.257481,1361.65,1225
1788722232416,ZEN,A,Close Long,7.3777,54.22,0.193608,-3.301998,1357.38,1225
1788722232416,ZEN,A,Close Long,7.3776,4.27,0.015246,-0.26047,1303.16,1225
1788722232416,ZEN,A,Close Long,7.3773,54.22,0.193597,-3.323686,1298.89,1225
1788722232416,ZEN,A,Close Long,7.3772,203.33,0.726002,-12.484462,1244.67,1225
1788722232416,ZEN,A,Close Long,7.3727,54.25,0.193584,-3.575075,1041.34,1225
1788722232416,ZEN,A,Close Long,7.3726,250.45,0.893689,-16.5297,987.09,1225
1788722232416,ZEN,A,Close Long,7.3723,398.81,1.42303,-26.441103,736.64,1225
1788722232416,ZEN,A,Close Long,7.3713,203.33,0.725421,-13.684109,337.83,1225
1788722232416,ZEN,A,Close Long,7.3703,23.25,0.082937,-1.587975,134.5,1225
1788722232416,ZEN,A,Close Long,7.3701,26.82,0.095669,-1.83717,111.25,1225
1788722232416,ZEN,A,Close Long,7.3699,41.6,0.148387,-2.85792,84.43,1225
1788722232416,ZEN,A,Close Long,7.366,42.83,0.152694,-3.109458,42.83,1225
1788722288277,TAO,B,Open Long,265.92,0.869,0.111844,0.0,93.75,1226
1788722288277,TAO,B,Open Long,265.93,0.381,0.049037,0.0,94.619,1226
1788722383057,DASH,A,Close Long,69.499,0.4,0.013454,0.079,400.0,1227
1788722383057,DASH,A,Close Long,69.493,0.4,0.013453,0.0766,399.6,1227
1788722383057,DASH,A,Close Long,69.488,0.37,0.012443,0.069005,399.2,1227
1788722383057,DASH,A,Close Long,69.488,0.37,0.012443,0.069005,398.83,1227
1788722383057,DASH,A,Close Long,69.488,7.15,0.240469,1.333475,398.46,1227
1788722383057,DASH,A,Close Long,69.482,0.4,0.013451,0.0722,391.31,1227
1788722383057,DASH,A,Close Long,69.476,0.4,0.01345,0.0698,390.91,1227
1788722383057,DASH,A,Close Long,69.473,0.4,0.013449,0.0686,390.51,1227
1788722383057,DASH,A,Close Long,69.466,0.4,0.013447,0.0658,390.11,1227
1788722383057,DASH,A,Close Long,69.459,0.4,0.013446,0.063,389.71,1227
1788722383057,DASH,A,Close Long,69.458,2.44,0.082026,0.38186,389.31,1227
1788722383057,DASH,A,Close Long,69.456,0.34,0.011429,0.05253,386.87,1227
1788722383057,DASH,A,Close Long,69.441,0.4,0.013443,0.0558,386.53,1227
1788722383057,DASH,A,Close Long,69.436,0.4,0.013442,0.0538,386.13,1227
1788722383057,DASH,A,Close Long,69.435,0.4,0.013442,0.0534,385.73,1227
1788722383057,DASH,A,Close Long,69.434,5.76,0.193569,0.7632,385.33,1227
1788722383057,DASH,A,Close Long,69.433,34.6,1.162752,4.5499,379.57,1227
1788722383057,DASH,A,Close Long,69.431,0.8,0.026883,0.1036,344.97,1227
1788722383057,DASH,A,Close Long,69.415,42.84,1.439288,4.86234,344.17,1227
1788722383057,DASH,A,Close Long,69.408,2.36,0.07928,0.25134,301.33,1227
1788722383057,DASH,A,Close Long,69.408,2.51,0.084319,0.267315,298.97,1227
1788722383057,DASH,A,Close Long,69.402,5.76,0.193481,0.57888,296.46,1227
1788722383057,DASH,A,Close Long,69.401,34.6,1.162216,3.4427,290.7,1227
1788722383057,DASH,A,Close Long,69.4,2.72,0.091362,0.26792,256.1,1227
1788722383057,DASH,A,Close Long,69.395,3.38,0.113524,0.31603,253.38,1227
1788722434366,TAO,B,Open Long,267.18,0.232,0.03,0.0,95.0,1228
1788722434366,TAO,B,Open Long,267.19,0.604,0.078108,0.0,95.232,1228
1788722434366,TAO,B,Open Long,267.21,0.414,0.053541,0.0,95.836,1228
1788722552647,DASH,A,Close Long,69.813,0.41,0.013853,0.209715,250.0,1229
1788722552647,DASH,A,Close Long,69.807,5.73,0.193596,2.896515,249.59,1229
1788722552647,DASH,A,Close Long,69.806,0.41,0.013852,0.206845,243.86,1229
1788722552647,DASH,A,Close Long,69.801,0.41,0.01385,0.204795,243.45,1229
1788722552647,DASH,A,Close Long,69.8,5.73,0.193577,2.856405,243.04,1229
1788722552647,DASH,A,Close Long,69.798,6.81,0.230056,3.381165,237.31,1229
1788722552647,DASH,A,Close Long,69.794,5.73,0.19356,2.822025,230.5,1229
1788722552647,DASH,A,Close Long,69.746,5.74,0.193765,2.55143,224.77,1229
1788722552647,DASH,A,Close Long,69.745,34.6,1.167976,15.3451,219.03,1229
1788722552647,DASH,A,Close Long,69.744,42.84,1.44611,18.9567,184.43,1229
1788722552647,DASH,A,Close Long,69.739,0.02,0.000674,0.00875,141.59,1229
1788722552647,DASH,A,Close Long,69.728,1.64,0.055346,0.69946,141.57,1229
1788722552647,DASH,A,Close Long,69.728,1.56,0.052646,0.66534,139.93,1229
1788722552647,DASH,A,Close Long,69.72,138.37,4.669223,57.907845,138.37,1229
1788722579123,TAO,B,Open Long,264.67,1.25,0.160124,0.0,96.25,1230
1788722725312,TAO,B,Open Long,264.44,1.25,0.159986,0.0,97.5,1231
1788722870265,TAO,B,Open Long,263.06,1.14,0.145145,0.0,98.75,1232
1788722870265,TAO,B,Open Long,263.1,0.11,0.014007,0.0,99.89,1232
1788722922559,ARB,B,Open Long,0.18292,6771.0,0.599458,0.0,0.0,1233
1788722922559,ARB,B,Open Long,0.18292,15251.1,1.350229,0.0,6771.0,1233
1788722922559,ARB,B,Open Long,0.18293,15250.3,1.350232,0.0,22022.1,1233
1788722922559,ARB,B,Open Long,0.18294,6771.0,0.599523,0.0,37272.4,1233
1788722922559,ARB,B,Open Long,0.18294,15249.4,1.350226,0.0,44043.4,1233
1788722922559,ARB,B,Open Long,0.18295,2186.4,0.1936,0.0,59292.8,1233
1788722922559,ARB,B,Open Long,0.18295,2733.3,0.242026,0.0,61479.2,1233
1788722922559,ARB,B,Open Long,0.18297,2186.2,0.193603,0.0,64212.5,1233
1788722922559,ARB,B,Open Long,0.18298,858.1,0.075994,0.0,66398.7,1233
1788722922559,ARB,B,Open Long,0.18298,836.0,0.074037,0.0,67256.8,1233
1788722922559,ARB,B,Open Long,0.18299,6771.0,0.599687,0.0,68092.8,1233
1788722922559,ARB,B,Open Long,0.18301,2185.7,0.193601,0.0,74863.8,1233
1788722922559,ARB,B,Open Long,0.18301,2732.9,0.24207,0.0,77049.5,1233
1788722922559,ARB,B,Open Long,0.18301,5612.4,0.497128,0.0,79782.4,1233
1788722922559,ARB,B,Open Long,0.18302,6771.0,0.599785,0.0,85394.8,1233
1788722922559,ARB,B,Open Long,0.18302,858.1,0.07601,0.0,92165.8,1233
1788722922559,ARB,B,Open Long,0.18302,2733.3,0.242119,0.0,93023.9,1233
1788722922559,ARB,B,Open Long,0.18303,4139.6,0.366712,0.0,95757.2,1233
1788722922559,ARB,B,Open Long,0.18303,3779.8,0.334838,0.0,99896.8,1233
1788722922559,ARB,B,Open Long,0.18303,2000.0,0.177173,0.0,103676.6,1233
1788722922559,ARB,B,Open Long,0.18304,22955.9,2.033693,0.0,105676.6,1233
1788722922559,ARB,B,Open Long,0.18305,6771.0,0.599884,0.0,128632.5,1233
1788722922559,ARB,B,Open Long,0.18305,819.5,0.072603,0.0,135403.5,1233
1788722922559,ARB,B,Open Long,0.18306,2000.0,0.177202,0.0,136223.0,1233
1788722922559,ARB,B,Open Long,0.18307,2730.3,0.24192,0.0,138223.0,1233
1788722922559,ARB,B,Open Long,0.18308,2000.0,0.177221,0.0,140953.3,1233
1788722922559,ARB,B,Open Long,0.18308,19674.0,1.743326,0.0,142953.3,1233
1788722922559,ARB,B,Open Long,0.18309,22955.9,2.034249,0.0,162627.3,1233
1788722922559,ARB,B,Open Long,0.1831,2000.0,0.17724,0.0,185583.2,1233
1788722922559,ARB,B,Open Long,0.18311,5607.0,0.49692,0.0,187583.2,1233
1788722922559,ARB,B,Open Long,0.18312,2000.0,0.17726,0.0,193190.2,1233
1788722922559,ARB,B,Open Long,0.18313,2730.3,0.241998,0.0,195190.2,1233
1788722922559,ARB,B,Open Long,0.18313,2000.0,0.177269,0.0,197920.5,1233
1788722922559,ARB,B,Open Long,0.18313,79.5,0.007045,0.0,199920.5,1233
1788723015527,TAO,B,Open Long,264.19,0.616,0.078766,0.0,100.0,1234
1788723015527,TAO,B,Open Long,264.2,0.634,0.081071,0.0,100.616,1234
1788723059877,TAO,A,Close Long,262.9,1.141,0.145184,-0.269276,101.25,1235
1788723059877,TAO,A,Close Long,262.9,0.351,0.044661,-0.082836,100.109,1235
1788723059877,TAO,A,Close Long,262.88,0.415,0.052801,-0.10624,99.758,1235
1788723059877,TAO,A,Close Long,262.86,0.361,0.045927,-0.099636,99.343,1235
1788723059877,TAO,A,Close Long,262.85,1.522,0.193627,-0.435292,98.982,1235
1788723059877,TAO,A,Close Long,262.84,0.405,0.051521,-0.11988,97.46,1235
1788723059877,TAO,A,Close Long,262.84,3.006,0.382406,-0.889776,97.055,1235
1788723059877,TAO,A,Close Long,262.82,0.408,0.051899,-0.128928,94.049,1235
1788723059877,TAO,A,Close Long,262.81,2.0,0.2544,-0.652,93.641,1235
1788723059877,TAO,A,Close Long,262.8,0.404,0.051386,-0.135744,91.641,1235
1788723059877,TAO,A,Close Long,262.8,1.522,0.19359,-0.511392,91.237,1235
1788723059877,TAO,A,Close Long,262.8,2.0,0.25439,-0.672,89.715,1235
1788723059877,TAO,A,Close Long,262.8,5.912,0.751977,-1.986432,87.715,1235
1788723059877,TAO,A,Close Long,262.79,2.0,0.25438,-0.692,81.803,1235
1788723059877,TAO,A,Close Long,262.79,23.313,2.965188,-8.066298,79.803,1235
1788723059877,TAO,A,Close Long,262.79,0.415,0.052783,-0.14359,56.49,1235
1788723059877,TAO,A,Close Long,262.78,4.825,0.613669,-1.7177,56.075,1235
1788723074362,TAO,A,Close Long,262.09,1.144,0.145118,-1.196624,51.25,1236
1788723074362,TAO,A,Close Long,262.02,1.527,0.19365,-1.704132,50.106,1236
1788723074362,TAO,A,Close Long,262.01,9.764,1.2382,-10.994264,48.579,1236
1788723074362,TAO,A,Close Long,262.01,5.912,0.749717,-6.656912,38.815,1236
1788723074362,TAO,A,Close Long,262.0,3.435,0.435585,-3.90216,32.903,1236
1788723074362,TAO,A,Close Long,261.99,5.664,0.718212,-6.490944,29.468,1236
1788723074362,TAO,A,Close Long,261.99,1.527,0.193627,-1.749942,23.804,1236
1788723074362,TAO,A,Close Long,261.99,0.423,0.053637,-0.484758,22.277,1236
1788723074362,TAO,A,Close Long,261.98,0.42,0.053255,-0.48552,21.854,1236
1788723074362,TAO,A,Close Long,261.96,4.517,0.572703,-5.311992,21.434,1236
1788723074362,TAO,A,Close Long,261.96,0.419,0.053124,-0.492744,16.917,1236
1788723074362,TAO,A,Close Long,261.96,1.175,0.148976,-1.3818,16.498,1236
1788723074362,TAO,A,Close Long,261.95,4.517,0.572681,-5.357162,15.323,1236
1788723074362,TAO,A,Close Long,261.95,0.406,0.051474,-0.481516,10.806,1236
1788723074362,TAO,A,Close Long,261.94,0.976,0.123735,-1.167296,10.4,1236
1788723074362,TAO,A,Close Long,261.94,0.423,0.053627,-0.505908,9.424,1236
1788723074362,TAO,A,Close Long,261.94,1.527,0.193591,-1.826292,9.001,1236
1788723074362,TAO,A,Close Long,261.93,7.474,0.947509,-9.013644,7.474,1236
1788723161033,TAO,B,Open Long,263.59,1.25,0.159471,0.0,0.0,1237
1788723307375,TAO,B,Open Long,263.53,0.399,0.050891,0.0,1.25,1238
1788723307375,TAO,B,Open Long,263.53,0.399,0.050891,0.0,1.649,1238
1788723307375,TAO,B,Open Long,263.53,0.452,0.057651,0.0,2.048,1238
1788723452347,TAO,B,Open Long,263.96,0.382,0.048802,0.0,2.5,1239
1788723452347,TAO,B,Open Long,264.02,0.868,0.110917,0.0,2.882,1239
1788723597331,TAO,B,Open Long,265.11,0.559,0.071726,0.0,3.75,1240
1788723597331,TAO,B,Open Long,265.11,0.546,0.070059,0.0,4.309,1240
1788723597331,TAO,B,Open Long,265.19,0.145,0.01861,0.0,4.855,1240
1788723742892,TAO,B,Open Long,264.98,0.425,0.054505,0.0,5.0,1241
1788723742892,TAO,B,Open Long,264.98,0.825,0.105805,0.0,5.425,1241
1788723888347,TAO,B,Open Long,265.41,0.383,0.049199,0.0,6.25,1242
1788723888347,TAO,B,Open Long,265.41,0.383,0.049199,0.0,6.633,1242
1788723888347,TAO,B,Open Long,265.41,0.383,0.049199,0.0,7.016,1242
1788723888347,TAO,B,Open Long,265.43,0.101,0.012974,0.0,7.399,1242
1788724034283,TAO,B,Open Long,267.58,1.121,0.145178,0.0,7.5,1243
1788724034283,TAO,B,Open Long,267.61,0.129,0.016708,0.0,8.621,1243
1788724179353,TAO,B,Open Long,267.55,1.25,0.161867,0.0,8.75,1244
1788724325248,TAO,B,Open Long,268.96,0.582,0.075762,0.0,10.0,1245
1788724325248,TAO,B,Open Long,268.97,0.668,0.086961,0.0,10.582,1245
1788724470104,TAO,B,Open Long,268.62,0.511,0.066435,0.0,11.25,1246
1788724470104,TAO,B,Open Long,268.62,0.559,0.072675,0.0,11.761,1246
1788724470104,TAO,B,Open Long,268.65,0.18,0.023404,0.0,12.32,1246
1788724616374,TAO,B,Open Long,266.55,0.436,0.056247,0.0,12.5,1247
1788724616374,TAO,B,Open Long,266.56,0.45,0.058056,0.0,12.936,1247
1788724616374,TAO,B,Open Long,266.59,0.364,0.046965,0.0,13.386,1247
1788724760967,TAO,B,Open Long,268.18,1.25,0.162248,0.0,13.75,1248
1788724906521,TAO,B,Open Long,269.1,1.25,0.162805,0.0,15.0,1249
1788725051943,TAO,B,Open Long,269.06,1.25,0.16278,0.0,16.25,1250
1788725198403,TAO,B,Open Long,269.33,1.25,0.162944,0.0,17.5,1251
1788736651404,@334,B,Buy,0.2235,335.72,0.19337467,0.0,0.0,1252
1788736972946,ASTER,B,Open Long,0.78189,512.0,0.193757,0.0,0.0,1253
1788736972946,ASTER,B,Open Long,0.78189,639.0,0.241819,0.0,512.0,1253
1788736972946,ASTER,B,Open Long,0.7819,512.0,0.19376,0.0,1151.0,1253
1788736972946,ASTER,B,Open Long,0.782,512.0,0.193785,0.0,1663.0,1253
1788736972946,ASTER,B,Open Long,0.782,197.0,0.074561,0.0,2175.0,1253
1788736972946,ASTER,B,Open Long,0.78201,1005.0,0.380385,0.0,2372.0,1253
1788736972946,ASTER,B,Open Long,0.78208,639.0,0.241877,0.0,3377.0,1253
1788736972946,ASTER,B,Open Long,0.78222,511.0,0.193461,0.0,4016.0,1253
1788736972946,ASTER,B,Open Long,0.78223,3835.0,1.451928,0.0,4527.0,1253
1788736972946,ASTER,B,Open Long,0.78223,1278.0,0.483848,0.0,8362.0,1253
1788736972946,ASTER,B,Open Long,0.78224,639.0,0.241927,0.0,9640.0,1253
1788736972946,ASTER,B,Open Long,0.7823,2556.0,0.967785,0.0,10279.0,1253
1788736972946,ASTER,B,Open Long,0.78232,1459.0,0.552439,0.0,12835.0,1253
1788736972946,ASTER,B,Open Long,0.78237,1278.0,0.483935,0.0,14294.0,1253
1788736972946,ASTER,B,Open Long,0.78238,3610.0,1.367005,0.0,15572.0,1253
1788736993110,ASTER,B,Open Long,0.78211,448.0,0.169585,0.0,19182.0,1254
1788737079408,ASTER,B,Open Long,0.78197,101.0,0.038224,0.0,19630.0,1255
1788737079408,ASTER,B,Open Long,0.78197,90.0,0.034061,0.0,19731.0,1255
1788737087851,@334,B,Buy,0.224,335.72,0.19337468,0.0,335.52662533,1256
1788737233065,TAO,A,Close Long,265.53,0.565,0.072611,-0.70173,18.75,1257
1788737233065,TAO,A,Close Long,265.52,1.267,0.162823,-1.586284,18.185,1257
1788737233065,TAO,A,Close Long,265.51,1.129,0.145084,-1.424798,16.918,1257
1788737233065,TAO,A,Close Long,265.5,1.489,0.191338,-1.894008,15.789,1257
1788737233065,TAO,A,Close Long,265.49,5.664,0.727807,-7.261248,14.3,1257
1788737233065,TAO,A,Close Long,265.48,1.49,0.191453,-1.92508,8.636,1257
1788737233065,TAO,A,Close Long,265.47,1.507,0.19363,-1.962114,7.146,1257
1788737233065,TAO,A,Close Long,265.46,0.566,0.072721,-0.742592,5.639,1257
1788737233065,TAO,A,Close Long,265.46,5.073,0.651791,-6.655776,5.073,1257
1788737516865,ASTER,B,Open Long,0.78557,84.0,0.031937,0.0,19821.0,1258
1788737516865,ASTER,B,Open Long,0.78562,108.0,0.041065,0.0,19905.0,1258
1788737524885,@334,B,Buy,0.224,335.72,0.19337468,0.0,671.05325065,1259
1788737620035,ASTER,B,Open Long,0.78734,508.0,0.193583,0.0,20013.0,1260
1788737620035,ASTER,B,Open Long,0.78734,635.0,0.24198,0.0,20521.0,1260
1788737620035,ASTER,B,Open Long,0.78734,1450.0,0.552554,0.0,21156.0,1260
1788737620035,ASTER,B,Open Long,0.78739,1270.0,0.483992,0.0,22606.0,1260
1788737620035,ASTER,B,Open Long,0.78745,970.0,0.369691,0.0,23876.0,1260
1788737620035,ASTER,B,Open Long,0.78748,167.0,0.063649,0.0,24846.0,1260
1788738328283,ASTER,B,Open Long,0.78835,190.0,0.072496,0.0,25013.0,1261
1788738386804,@334,B,Buy,0.224,312.77,0.18015549,0.0,1006.57987597,1262
1788738619638,ASTER,B,Open Long,0.78794,190.0,0.072458,0.0,25203.0,1263
1788738823251,@334,B,Buy,0.224,312.77,0.18015549,0.0,1319.16972048,1264
1788740440967,ARB,A,Close Long,0.18981,754.4,0.069304,5.12992,200000.0,1265
1788740440967,ARB,A,Close Long,0.18977,3938.4,0.361736,26.623584,199245.6,1265
1788740440967,ARB,A,Close Long,0.18975,1118.1,0.102684,7.535994,195307.2,1265
1788740440967,ARB,A,Close Long,0.18975,2347.4,0.215581,15.821476,194189.1,1265
1788740440967,ARB,A,Close Long,0.18975,2108.0,0.193596,14.20792,191841.7,1265
1788740440967,ARB,A,Close Long,0.18974,2000.0,0.183668,13.46,189733.7,1265
1788740440967,ARB,A,Close Long,0.18974,2347.4,0.21557,15.798002,187733.7,1265
1788740440967,ARB,A,Close Long,0.18973,1412.5,0.129708,9.492,185386.3,1265
1788740440967,ARB,A,Close Long,0.18973,3938.4,0.36166,26.466048,183973.8,1265
1788740440967,ARB,A,Close Long,0.18972,2000.0,0.183648,13.42,180035.4,1265
1788740440967,ARB,A,Close Long,0.18972,2108.4,0.193602,14.147364,178035.4,1265
1788740440967,ARB,A,Close Long,0.18972,2347.4,0.215547,15.751054,175927.0,1265
1788740440967,ARB,A,Close Long,0.18971,3938.4,0.361622,26.38728,173579.6,1265
1788740440967,ARB,A,Close Long,0.1897,2000.0,0.183629,13.38,169641.2,1265
1788740440967,ARB,A,Close Long,0.1897,1670.8,0.153404,11.177652,167641.2,1265
1788740440967,ARB,A,Close Long,0.1897,2108.6,0.1936,14.106534,165970.4,1265
1788740440967,ARB,A,Close Long,0.18969,2000.0,0.183619,13.36,163861.8,1265
1788740440967,ARB,A,Close Long,0.18969,11861.8,1.08903,79.236824,161861.8,1265
1788740954440,JTO,B,Open Long,0.47378,1908.0,0.437522,0.0,0.0,1266
1788740954440,JTO,B,Open Long,0.47384,74.0,0.01697,0.0,1908.0,1266
1788740954440,JTO,B,Open Long,0.47385,74.0,0.01697,0.0,1982.0,1266
1788740954440,JTO,B,Open Long,0.47393,180.0,0.041288,0.0,2056.0,1266
1788740954440,JTO,B,Open Long,0.47398,180.0,0.041292,0.0,2236.0,1266
1788740954440,JTO,B,Open Long,0.47399,450.0,0.103234,0.0,2416.0,1266
1788740954440,JTO,B,Open Long,0.47401,230.0,0.052766,0.0,2866.0,1266
1788740954440,JTO,B,Open Long,0.47401,211.0,0.048407,0.0,3096.0,1266
1788740954440,JTO,B,Open Long,0.47403,180.0,0.041296,0.0,3307.0,1266
1788740954440,JTO,B,Open Long,0.47404,181.0,0.041527,0.0,3487.0,1266
1788740954440,JTO,B,Open Long,0.4741,180.0,0.041302,0.0,3668.0,1266
1788740954440,JTO,B,Open Long,0.4741,206.0,0.047269,0.0,3848.0,1266
1788740954440,JTO,B,Open Long,0.47417,153.0,0.035112,0.0,4054.0,1266
1788740954440,JTO,B,Open Long,0.47418,844.0,0.193699,0.0,4207.0,1266
1788740954440,JTO,B,Open Long,0.47419,1908.0,0.4379,0.0,5051.0,1266
1788740954440,JTO,B,Open Long,0.47419,352.0,0.080786,0.0,6959.0,1266
1788740954440,JTO,B,Open Long,0.47423,2745.0,0.630052,0.0,7311.0,1266
1788740954440,JTO,B,Open Long,0.47435,502.0,0.115251,0.0,10056.0,1266
1788741022019,JTO,B,Open Long,0.47482,168.0,0.038607,0.0,10558.0,1267
1788741022019,JTO,B,Open Long,0.47482,168.0,0.038607,0.0,10726.0,1267
1788741022019,JTO,B,Open Long,0.47484,168.0,0.038609,0.0,10894.0,1267
1788741022019,JTO,B,Open Long,0.47484,168.0,0.038609,0.0,11062.0,1267
1788741022019,JTO,B,Open Long,0.47487,199.0,0.045736,0.0,11230.0,1267
1788741022019,JTO,B,Open Long,0.47489,9652.0,2.21848,0.0,11429.0,1267
1788741215066,JTO,B,Open Long,0.47081,166.0,0.037826,0.0,21081.0,1268
1788741215066,JTO,B,Open Long,0.47083,179.0,0.040789,0.0,21247.0,1268
1788741215066,JTO,B,Open Long,0.47086,450.0,0.102552,0.0,21426.0,1268
1788741215066,JTO,B,Open Long,0.47087,179.0,0.040793,0.0,21876.0,1268
1788741215066,JTO,B,Open Long,0.47092,179.0,0.040798,0.0,22055.0,1268
1788741215066,JTO,B,Open Long,0.47097,179.0,0.040802,0.0,22234.0,1268
1788741215066,JTO,B,Open Long,0.47102,179.0,0.040807,0.0,22413.0,1268
1788741215066,JTO,B,Open Long,0.47107,179.0,0.040811,0.0,22592.0,1268
1788741215066,JTO,B,Open Long,0.4711,1908.0,0.435046,0.0,22771.0,1268
1788741215066,JTO,B,Open Long,0.47111,177.0,0.040358,0.0,24679.0,1268
1788741215066,JTO,B,Open Long,0.47114,177.0,0.040361,0.0,24856.0,1268
1788741215066,JTO,B,Open Long,0.47115,203.0,0.046291,0.0,25033.0,1268
1788741215066,JTO,B,Open Long,0.47115,1154.0,0.263153,0.0,25236.0,1268
1788741408974,JTO,B,Open Long,0.46991,125.0,0.028428,0.0,26390.0,1269
1788741408974,JTO,B,Open Long,0.46994,168.0,0.03821,0.0,26515.0,1269
1788741408974,JTO,B,Open Long,0.46997,450.0,0.102358,0.0,26683.0,1269
1788741408974,JTO,B,Open Long,0.47,203.0,0.046178,0.0,27133.0,1269
1788741408974,JTO,B,Open Long,0.47001,174.0,0.039582,0.0,27336.0,1269
1788741408974,JTO,B,Open Long,0.47002,223.0,0.050729,0.0,27510.0,1269
1788741408974,JTO,B,Open Long,0.47005,192.0,0.043679,0.0,27733.0,1269
1788741408974,JTO,B,Open Long,0.47009,203.0,0.046186,0.0,27925.0,1269
1788741408974,JTO,B,Open Long,0.47013,204.0,0.046418,0.0,28128.0,1269
1788741408974,JTO,B,Open Long,0.47015,558.0,0.126973,0.0,28332.0,1269
1788741607402,JTO,A,Close Long,0.46962,153.0,0.034776,-0.589509,28890.0,1270
1788741607402,JTO,A,Close Long,0.46962,153.0,0.034776,-0.589509,28737.0,1270
1788741607402,JTO,A,Close Long,0.46958,194.0,0.04409,-0.755242,28584.0,1270
1788741607402,JTO,A,Close Long,0.46954,194.0,0.044087,-0.763002,28390.0,1270
1788741607402,JTO,A,Close Long,0.4695,194.0,0.044083,-0.770762,28196.0,1270
1788741607402,JTO,A,Close Long,0.46946,194.0,0.044079,-0.778522,28002.0,1270
1788741607402,JTO,A,Close Long,0.46942,194.0,0.044075,-0.786282,27808.0,1270
1788741607402,JTO,A,Close Long,0.46939,10652.0,2.419971,-43.492116,27614.0,1270
1788741607402,JTO,A,Close Long,0.46939,1330.0,0.302154,-5.43039,16962.0,1270
1788741607402,JTO,A,Close Long,0.46938,10652.0,2.419919,-43.598636,15632.0,1270
1788741607402,JTO,A,Close Long,0.46938,153.0,0.034758,-0.626229,4980.0,1270
1788741607402,JTO,A,Close Long,0.46938,153.0,0.034758,-0.626229,4827.0,1270
1788741607402,JTO,A,Close Long,0.46938,4674.0,1.061838,-19.130682,4674.0,1270
1788741626799,ARB,B,Open Long,0.19127,261.4,0.024198,0.0,150000.0,1271
1788741626799,ARB,B,Open Long,0.19127,58.8,0.005442,0.0,150261.4,1271
1788741626799,ARB,B,Open Long,0.19129,5389.1,0.498946,0.0,150320.2,1271
1788741626799,ARB,B,Open Long,0.1913,2091.0,0.193603,0.0,155709.3,1271
1788741626799,ARB,B,Open Long,0.1913,3313.2,0.306766,0.0,157800.3,1271
1788741626799,ARB,B,Open Long,0.19132,2090.7,0.193596,0.0,161113.5,1271
1788741626799,ARB,B,Open Long,0.19132,2000.0,0.185197,0.0,163204.2,1271
1788741626799,ARB,B,Open Long,0.19134,3627.2,0.335908,0.0,165204.2,1271
1788741626799,ARB,B,Open Long,0.19134,2000.0,0.185217,0.0,168831.4,1271
1788741626799,ARB,B,Open Long,0.19135,578.5,0.053576,0.0,170831.4,1271
1788741626799,ARB,B,Open Long,0.19135,594.5,0.055057,0.0,171409.9,1271
1788741626799,ARB,B,Open Long,0.19136,2995.6,0.277446,0.0,172004.4,1271
1788741680724,@334,A,Sell,0.22084,1631.75,0.24360042,-5.19912719,1631.75956499,1272
1788743429322,ZEC,B,Open Long,1185.5,1.68,0.963953,0.0,0.0,1273
1788743429322,ZEC,B,Open Long,1185.5,3.32,1.904956,0.0,1.68,1273
1788743430410,ZEC,B,Open Long,1185.5,5.0,2.86891,0.0,5.0,1274
1788743431065,ZEC,B,Open Long,1184.6,5.0,2.866732,0.0,10.0,1275
1788743553070,ZEC,A,Close Long,1187.5,1.07,0.614982,2.461,15.0,1276
1788743553070,ZEC,A,Close Long,1187.5,1.07,0.614982,2.461,13.93,1276
1788743553070,ZEC,A,Close Long,1187.5,1.07,0.614982,2.461,12.86,1276
1788743553070,ZEC,A,Close Long,1187.5,4.25,2.442687,9.775,11.79,1276
1788743553070,ZEC,A,Close Long,1187.4,1.07,0.614929,2.354,7.54,1276
1788743553070,ZEC,A,Close Long,1187.4,0.33,0.189651,0.726,6.47,1276
1788743553070,ZEC,A,Close Long,1187.4,2.92,1.678127,6.424,6.14,1276
1788743553070,ZEC,A,Close Long,1187.3,0.3,0.172395,0.63,3.22,1276
1788743553070,ZEC,A,Close Long,1187.3,0.34,0.195381,0.714,2.92,1276
1788743553070,ZEC,A,Close Long,1187.1,1.73,0.993982,3.287,2.58,1276
1788743553070,ZEC,A,Close Long,1187.0,0.34,0.195332,0.612034,0.85,1276
1788743553070,ZEC,A,Close Long,1187.0,0.51,0.292999,0.918051,0.51,1276
1788748230359,ARB,A,Close Long,0.18686,5495.1,0.496977,14.616966,175000.0,1277
1788748230359,ARB,A,Close Long,0.18684,2140.9,0.193602,5.651976,169504.9,1277
1788748230359,ARB,A,Close Long,0.18683,1004.9,0.090868,2.642887,167364.0,1277
1788748230359,ARB,A,Close Long,0.18683,2000.0,0.180851,5.26,166359.1,1277
1788748230359,ARB,A,Close Long,0.18683,3294.8,0.297933,8.665324,164359.1,1277
1788748230359,ARB,A,Close Long,0.18683,19674.0,1.779035,51.74262,161064.3,1277
1788748230359,ARB,A,Close Long,0.18683,747.5,0.067592,1.965925,141390.3,1277
1788748230359,ARB,A,Close Long,0.18683,861.1,0.077864,2.264693,140642.8,1277
1788748230359,ARB,A,Close Long,0.18683,833.0,0.075323,2.19079,139781.7,1277
1788748230359,ARB,A,Close Long,0.18682,1008.6,0.091197,2.642532,138948.7,1277
1788748230359,ARB,A,Close Long,0.18682,989.3,0.089453,2.591966,137940.1,1277
1788748230359,ARB,A,Close Long,0.18682,3953.9,0.357514,10.359218,136950.8,1277
1788748230359,ARB,A,Close Long,0.18682,1338.1,0.120991,3.505822,132996.9,1277
1788748230359,ARB,A,Close Long,0.18682,2141.1,0.1936,5.609682,131658.8,1277
1788748230359,ARB,A,Close Long,0.1868,2000.0,0.180822,5.2,129517.7,1277
1788748230359,ARB,A,Close Long,0.1868,24495.8,2.214694,63.68908,127517.7,1277
1788748230359,ARB,A,Close Long,0.18679,4103.0,0.370936,10.62677,103021.9,1277
1788748230359,ARB,A,Close Long,0.18678,5354.4,0.484045,13.814352,98918.9,1277
1788748230359,ARB,A,Close Long,0.18678,5233.9,0.473151,13.503462,93564.5,1277
1788748230359,ARB,A,Close Long,0.18678,2000.0,0.180803,5.16,88330.6,1277
1788748230359,ARB,A,Close Long,0.18677,4219.9,0.381464,10.845143,86330.6,1277
1788748230359,ARB,A,Close Long,0.18677,2000.0,0.180793,5.14,82110.7,1277
1788748230359,ARB,A,Close Long,0.18677,3139.4,0.28379,8.068258,80110.7,1277
1788748230359,ARB,A,Close Long,0.18676,2000.0,0.180783,5.12,76971.3,1277
1788748230359,ARB,A,Close Long,0.18676,3518.4,0.318034,9.007104,74971.3,1277
1788748230359,ARB,A,Close Long,0.18676,3741.4,0.338191,9.577984,71452.9,1277
1788748230359,ARB,A,Close Long,0.18676,5495.1,0.496711,14.067456,67711.5,1277
1788748230359,ARB,A,Close Long,0.18675,24495.8,2.214101,62.46429,62216.4,1277
1788748230359,ARB,A,Close Long,0.18674,2000.0,0.180764,5.08,37720.6,1277
1788748230359,ARB,A,Close Long,0.18673,4016.0,0.362954,10.16048,35720.6,1277
1788748230359,ARB,A,Close Long,0.18672,5233.9,0.473,13.189428,31704.6,1277
1788748230359,ARB,A,Close Long,0.18672,5355.3,0.483971,13.495356,26470.7,1277
1788748230359,ARB,A,Close Long,0.18671,4022.5,0.363503,10.096475,21115.4,1277
1788748230359,ARB,A,Close Long,0.1867,1099.0,0.099308,2.7475,17092.9,1277
1788748230359,ARB,A,Close Long,0.1867,1420.0,0.128314,3.55,15993.9,1277
1788748230359,ARB,A,Close Long,0.18669,14573.9,1.316867,36.289011,14573.9,1277
1788748399452,ASTER,B,Open Long,0.79289,63.0,0.024176,0.0,25393.0,1278
1788748399452,ASTER,B,Open Long,0.79299,187.0,0.071771,0.0,25456.0,1278
1788748418484,ASTER,B,Open Long,0.79326,1439.0,0.552486,0.0,25643.0,1279
1788748418484,ASTER,B,Open Long,0.79337,504.0,0.19353,0.0,27082.0,1279
1788748418484,ASTER,B,Open Long,0.79338,630.0,0.241916,0.0,27586.0,1279
1788748418484,ASTER,B,Open Long,0.79349,630.0,0.24195,0.0,28216.0,1279
1788748418484,ASTER,B,Open Long,0.79361,982.0,0.377192,0.0,28846.0,1279
1788748418484,ASTER,B,Open Long,0.79379,629.0,0.241657,0.0,29828.0,1279
1788748418484,ASTER,B,Open Long,0.79379,186.0,0.071459,0.0,30457.0,1279
1788748882803,ASTER,B,Open Long,0.79536,115.0,0.044269,0.0,30643.0,1280
1788748882803,ASTER,B,Open Long,0.79542,107.0,0.041192,0.0,30758.0,1280
1788748882803,ASTER,B,Open Long,0.79542,107.0,0.041192,0.0,30865.0,1280
1788748882803,ASTER,B,Open Long,0.79542,1435.0,0.55245,0.0,30972.0,1280
1788748882803,ASTER,B,Open Long,0.79546,628.0,0.24178,0.0,32407.0,1280
1788748882803,ASTER,B,Open Long,0.79547,117.0,0.045044,0.0,33035.0,1280
1788748882803,ASTER,B,Open Long,0.79556,116.0,0.044665,0.0,33152.0,1280
1788748882803,ASTER,B,Open Long,0.79562,503.0,0.193694,0.0,33268.0,1280
1788748882803,ASTER,B,Open Long,0.79563,119.0,0.045824,0.0,33771.0,1280
1788748882803,ASTER,B,Open Long,0.79566,628.0,0.241842,0.0,33890.0,1280
1788748882803,ASTER,B,Open Long,0.79567,503.0,0.193707,0.0,34518.0,1280
1788748882803,ASTER,B,Open Long,0.7957,622.0,0.239543,0.0,35021.0,1280
1788749569346,ASTER,B,Open Long,0.79794,1270.0,0.490477,0.0,35643.0,1281
1788749569346,ASTER,B,Open Long,0.79795,1270.0,0.490483,0.0,36913.0,1281
1788749569346,ASTER,B,Open Long,0.79796,1270.0,0.490489,0.0,38183.0,1281
1788749569346,ASTER,B,Open Long,0.79797,16.0,0.006178,0.0,39453.0,1281
1788749569346,ASTER,B,Open Long,0.79797,117.0,0.045187,0.0,39469.0,1281
1788749569346,ASTER,B,Open Long,0.79797,115.0,0.044414,0.0,39586.0,1281
1788749569346,ASTER,B,Open Long,0.79803,130.0,0.050211,0.0,39701.0,1281
1788749569346,ASTER,B,Open Long,0.79804,27.0,0.010428,0.0,39831.0,1281
1788749569346,ASTER,B,Open Long,0.79811,130.0,0.050216,0.0,39858.0,1281
1788749569346,ASTER,B,Open Long,0.79812,655.0,0.253019,0.0,39988.0,1281
1788749876948,ASTER,A,Close Long,0.7925,109.0,0.041808,0.495296,40643.0,1282
1788749876948,ASTER,A,Close Long,0.79244,119.0,0.045641,0.533596,40534.0,1282
1788749876948,ASTER,A,Close Long,0.79243,505.0,0.193685,2.25937,40415.0,1282
1788749876948,ASTER,A,Close Long,0.79242,943.0,0.361669,4.209552,39910.0,1282
1788749876948,ASTER,A,Close Long,0.79229,505.0,0.19365,2.18867,38967.0,1282
1788749876948,ASTER,A,Close Long,0.79228,953.0,0.36544,4.120772,38462.0,1282
1788749876948,ASTER,A,Close Long,0.79209,631.0,0.241906,2.608554,37509.0,1282
1788749876948,ASTER,A,Close Long,0.79205,505.0,0.193592,2.06747,36878.0,1282
1788749876948,ASTER,A,Close Long,0.79204,400.0,0.153338,1.6336,36373.0,1282
1788749876948,ASTER,A,Close Long,0.79203,330.0,0.126502,1.34442,35973.0,1282
1788749877418,ASTER,A,Close Long,0.79234,119.0,0.045634,0.521696,35643.0,1283
1788749877418,ASTER,A,Close Long,0.79228,119.0,0.045632,0.514556,35524.0,1283
1788749877418,ASTER,A,Close Long,0.79222,119.0,0.045628,0.507416,35405.0,1283
1788749877418,ASTER,A,Close Long,0.79216,119.0,0.045624,0.500276,35286.0,1283
1788749877418,ASTER,A,Close Long,0.79213,1441.0,0.552465,6.014734,35167.0,1283
1788749877418,ASTER,A,Close Long,0.7921,119.0,0.04562,0.493136,33726.0,1283
1788749877418,ASTER,A,Close Long,0.79204,119.0,0.045618,0.485996,33607.0,1283
1788749877418,ASTER,A,Close Long,0.79204,505.0,0.19359,2.06242,33488.0,1283
1788749877418,ASTER,A,Close Long,0.79204,1534.0,0.588053,6.264856,32983.0,1283
1788749877418,ASTER,A,Close Long,0.79203,806.0,0.308973,3.283644,31449.0,1283
1788749877818,ASTER,A,Close Long,0.79215,118.0,0.04524,0.494892,30643.0,1284
1788749877818,ASTER,A,Close Long,0.79209,118.0,0.045237,0.487812,30525.0,1284
1788749877818,ASTER,A,Close Long,0.79204,118.0,0.045234,0.481912,30407.0,1284
1788749877818,ASTER,A,Close Long,0.79201,118.0,0.045232,0.478372,30289.0,1284
1788749877818,ASTER,A,Close Long,0.79196,258.0,0.098893,1.033032,30171.0,1284
1788749877818,ASTER,A,Close Long,0.79195,251.0,0.096208,1.002494,29913.0,1284
1788749877818,ASTER,A,Close Long,0.79194,4019.0,1.540477,16.011696,29662.0,1284
1788749898183,ASTER,A,Close Long,0.78958,507.0,0.193752,0.823368,25643.0,1285
1788749898183,ASTER,A,Close Long,0.78957,78.0,0.029807,0.125892,25136.0,1285
1788749898183,ASTER,A,Close Long,0.78957,978.0,0.373743,1.578492,25058.0,1285
1788749898183,ASTER,A,Close Long,0.78957,160.0,0.061144,0.25824,24080.0,1285
1788749898183,ASTER,A,Close Long,0.78953,160.0,0.06114,0.25184,23920.0,1285
1788749898183,ASTER,A,Close Long,0.7895,136.0,0.051967,0.209984,23760.0,1285
1788749898183,ASTER,A,Close Long,0.78948,136.0,0.051965,0.207264,23624.0,1285
1788749898183,ASTER,A,Close Long,0.78948,9709.0,3.709889,14.796516,23488.0,1285
1788749898183,ASTER,A,Close Long,0.78948,633.0,0.241874,0.964692,13779.0,1285
1788749898183,ASTER,A,Close Long,0.78947,507.0,0.193726,0.767598,13146.0,1285
1788749898183,ASTER,A,Close Long,0.78938,1446.0,0.552458,2.059104,12639.0,1285
1788749898183,ASTER,A,Close Long,0.78923,507.0,0.193666,0.645918,11193.0,1285
1788749898183,ASTER,A,Close Long,0.78919,507.0,0.193656,0.625638,10686.0,1285
1788749898183,ASTER,A,Close Long,0.78915,507.0,0.193647,0.605358,10179.0,1285
1788749898183,ASTER,A,Close Long,0.78915,1266.0,0.483546,1.511604,9672.0,1285
1788749898183,ASTER,A,Close Long,0.78908,953.0,0.363964,1.071172,8406.0,1285
1788749898183,ASTER,A,Close Long,0.78908,1534.0,0.585856,1.724216,7453.0,1285
1788749898183,ASTER,A,Close Long,0.78904,3802.0,1.451966,4.121368,5919.0,1285
1788749898183,ASTER,A,Close Long,0.78903,2117.0,0.808461,2.273658,2117.0,1285
1788750481096,HYPE,B,Open Long,86.441,2.0,0.083674,0.0,0.0,1286
1788750481096,HYPE,B,Open Long,86.441,276.39,11.56345,0.0,2.0,1286
1788750481096,HYPE,B,Open Long,86.441,125.69,5.258547,0.0,278.39,1286
1788750481096,HYPE,B,Open Long,86.442,1.75,0.073216,0.0,404.08,1286
1788750481096,HYPE,B,Open Long,86.442,1.75,0.073216,0.0,405.83,1286
1788750481096,HYPE,B,Open Long,86.442,1.75,0.073216,0.0,407.58,1286
1788750481096,HYPE,B,Open Long,86.442,1.75,0.073216,0.0,409.33,1286
1788750481096,HYPE,B,Open Long,86.442,1.75,0.073216,0.0,411.08,1286
1788750481096,HYPE,B,Open Long,86.442,87.17,3.647011,0.0,412.83,1286
1788750524425,HYPE,B,Open Long,86.423,0.03,0.001254,0.0,500.0,1287
1788750524425,HYPE,B,Open Long,86.428,0.4,0.016732,0.0,500.03,1287
1788750524425,HYPE,B,Open Long,86.436,4.63,0.193695,0.0,500.43,1287
1788750524425,HYPE,B,Open Long,86.437,22.81,0.954267,0.0,505.06,1287
1788750524425,HYPE,B,Open Long,86.438,0.23,0.009622,0.0,527.87,1287
1788750524425,HYPE,B,Open Long,86.438,36.08,1.509442,0.0,528.1,1287
1788750524425,HYPE,B,Open Long,86.438,4.63,0.193699,0.0,564.18,1287
1788750524425,HYPE,B,Open Long,86.439,89.82,3.757752,0.0,568.81,1287
1788750524425,HYPE,B,Open Long,86.439,22.81,0.954289,0.0,658.63,1287
1788750524425,HYPE,B,Open Long,86.44,1.7,0.071122,0.0,681.44,1287
1788750524425,HYPE,B,Open Long,86.442,3.48,0.145595,0.0,683.14,1287
1788750524425,HYPE,B,Open Long,86.442,12.36,0.517116,0.0,686.62,1287
1788750524425,HYPE,B,Open Long,86.442,70.55,2.951665,0.0,698.98,1287
1788750524425,HYPE,B,Open Long,86.443,4.63,0.193711,0.0,769.53,1287
1788750524425,HYPE,B,Open Long,86.444,1.74,0.072799,0.0,774.16,1287
1788750524425,HYPE,B,Open Long,86.444,1.71,0.071543,0.0,775.9,1287
1788750524425,HYPE,B,Open Long,86.446,0.41,0.017154,0.0,777.61,1287
1788750524425,HYPE,B,Open Long,86.446,4.63,0.193718,0.0,778.02,1287
1788750524425,HYPE,B,Open Long,86.446,52.2,2.18404,0.0,782.65,1287
1788750524425,HYPE,B,Open Long,86.447,160.49,6.714956,0.0,834.85,1287
1788750524425,HYPE,B,Open Long,86.447,4.66,0.194975,0.0,995.34,1287
1788781444848,HYPE,A,Close Long,87.778,20.89,0.887502,27.90904,1000.0,1288
1788781444848,HYPE,A,Close Long,87.778,3.01,0.127878,4.02136,979.11,1288
1788781444848,HYPE,A,Close Long,87.778,1.56,0.066275,2.08416,976.1,1288
1788781444848,HYPE,A,Close Long,87.778,1.0,0.042483,1.336,974.54,1288
1788781444848,HYPE,A,Close Long,87.778,11.03,0.468604,14.73608,973.54,1288
1788781444848,HYPE,A,Close Long,87.777,20.89,0.887492,27.88815,962.51,1288
1788781444848,HYPE,A,Close Long,87.777,59.77,2.539272,79.79295,941.62,1288
1788781444848,HYPE,A,Close Long,87.777,0.18,0.007646,0.2403,881.85,1288
1788781444848,HYPE,A,Close Long,87.771,20.0,0.849623,26.58,881.67,1288
1788781444848,HYPE,A,Close Long,87.77,3.8,0.161425,5.0464,861.67,1288
1788781444848,HYPE,A,Close Long,87.769,4.06,0.172469,5.38762,857.87,1288
1788781444848,HYPE,A,Close Long,87.766,1.64,0.069664,2.17136,853.81,1288
1788781444848,HYPE,A,Close Long,87.765,0.4,0.01699,0.5292,852.17,1288
1788781444848,HYPE,A,Close Long,87.764,22.81,0.968917,30.15482,851.77,1288
1788781444848,HYPE,A,Close Long,87.763,4.06,0.172457,5.36326,828.96,1288
1788781444848,HYPE,A,Close Long,87.763,35.0,1.486704,46.235,824.9,1288
1788781444848,HYPE,A,Close Long,87.762,2.0,0.084953,2.64,789.9,1288
1788781444848,HYPE,A,Close Long,87.761,4.08,0.173302,5.38152,787.9,1288
1788781444848,HYPE,A,Close Long,87.761,23.2,0.98545,30.6008,783.82,1288
1788781444848,HYPE,A,Close Long,87.76,155.45,6.602869,204.8831,760.62,1288
1788781444848,HYPE,A,Close Long,87.759,22.81,0.968862,30.04077,605.17,1288
1788781444848,HYPE,A,Close Long,87.755,20.63,0.876226,27.08719,582.36,1288
1788781444848,HYPE,A,Close Long,87.755,5.69,0.241673,7.47097,561.73,1288
1788781444848,HYPE,A,Close Long,87.754,5.69,0.24167,7.46528,556.04,1288
1788781444848,HYPE,A,Close Long,87.754,4.56,0.193675,5.98272,550.35,1288
1788781444848,HYPE,A,Close Long,87.753,2.0,0.084944,2.622,545.79,1288
1788781444848,HYPE,A,Close Long,87.753,5.69,0.241667,7.45959,543.79,1288
1788781444848,HYPE,A,Close Long,87.752,5.69,0.241664,7.4539,538.1,1288
1788781444848,HYPE,A,Close Long,87.752,4.56,0.193671,5.9736,532.41,1288
1788781444848,HYPE,A,Close Long,87.751,5.69,0.241662,7.44821,527.85,1288
1788781444848,HYPE,A,Close Long,87.75,1.28,0.054362,1.67424,522.16,1288
1788781444848,HYPE,A,Close Long,87.75,6.0,0.254826,7.848,520.88,1288
1788781444848,HYPE,A,Close Long,87.75,0.5,0.021235,0.654,514.88,1288
1788781444848,HYPE,A,Close Long,87.75,5.69,0.241659,7.44252,514.38,1288
1788781444848,HYPE,A,Close Long,87.75,8.69,0.369072,11.36652,508.69,1288
1788781658350,HYPE,A,Close Long,87.746,34.14,1.449893,44.51856,500.0,1289
1788781658350,HYPE,A,Close Long,87.746,10.2,0.433183,13.3008,465.86,1289
1788781658350,HYPE,A,Close Long,87.746,2.05,0.08706,2.6732,455.66,1289
1788781658350,HYPE,A,Close Long,87.746,7.12,0.302379,9.28448,453.61,1289
1788781658350,HYPE,A,Close Long,87.745,0.69,0.029302,0.89907,446.49,1289
1788781658350,HYPE,A,Close Long,87.745,0.17,0.007218,0.22151,445.8,1289
1788781658350,HYPE,A,Close Long,87.744,0.12,0.005095,0.15624,445.63,1289
1788781658350,HYPE,A,Close Long,87.74,5.69,0.241632,7.38562,445.51,1289
1788781658350,HYPE,A,Close Long,87.739,2.42,0.102766,3.13874,439.82,1289
1788781658350,HYPE,A,Close Long,87.739,2.39,0.101492,3.09983,437.4,1289
1788781658350,HYPE,A,Close Long,87.739,5.34,0.226766,6.92598,435.01,1289
1788781658350,HYPE,A,Close Long,87.739,5.69,0.241629,7.37993,429.67,1289
1788781658350,HYPE,A,Close Long,87.738,0.74,0.031423,0.95904,423.98,1289
1788781658350,HYPE,A,Close Long,87.738,5.69,0.241626,7.37424,423.24,1289
1788781658350,HYPE,A,Close Long,87.737,5.69,0.241623,7.36855,417.55,1289
1788781658350,HYPE,A,Close Long,87.736,5.69,0.24162,7.36286,411.86,1289
1788781658350,HYPE,A,Close Long,87.735,8.21,0.348626,10.61553,406.17,1289
1788781658350,HYPE,A,Close Long,87.735,5.69,0.241618,7.35717,397.96,1289
1788781658350,HYPE,A,Close Long,87.734,5.69,0.241615,7.35148,392.27,1289
1788781658350,HYPE,A,Close Long,87.733,60.09,2.551587,77.57619,386.58,1289
1788781658350,HYPE,A,Close Long,87.733,15.81,0.671335,20.41071,326.49,1289
1788781658350,HYPE,A,Close Long,87.733,5.69,0.241613,7.34579,310.68,1289
1788781658350,HYPE,A,Close Long,87.732,5.69,0.241609,7.3401,304.99,1289
1788781658350,HYPE,A,Close Long,87.731,0.4,0.016984,0.5156,299.3,1289
1788781658350,HYPE,A,Close Long,87.731,5.69,0.241606,7.33441,298.9,1289
1788781658350,HYPE,A,Close Long,87.73,22.81,0.968542,29.37928,293.21,1289
1788781658350,HYPE,A,Close Long,87.73,0.48,0.020381,0.61824,270.4,1289
1788781658350,HYPE,A,Close Long,87.73,5.69,0.241604,7.32872,269.92,1289
1788781658350,HYPE,A,Close Long,87.729,22.81,0.96853,29.35647,264.23,1289
1788781658350,HYPE,A,Close Long,87.729,5.69,0.241601,7.32303,241.42,1289
1788781658350,HYPE,A,Close Long,87.729,4.56,0.19362,5.86872,235.73,1289
1788781658350,HYPE,A,Close Long,87.728,23.67,1.005036,30.43962,231.17,1289
1788781658350,HYPE,A,Close Long,87.728,5.69,0.241599,7.31734,207.5,1289
1788781658350,HYPE,A,Close Long,87.728,12.14,0.515467,15.61204,201.81,1289
1788781658350,HYPE,A,Close Long,87.727,5.69,0.241595,7.31165,189.67,1289
1788781658350,HYPE,A,Close Long,87.727,22.4,0.9511,28.784,183.98,1289
1788781658350,HYPE,A,Close Long,87.727,15.81,0.67129,20.31585,161.58,1289
1788781658350,HYPE,A,Close Long,87.726,5.69,0.241593,7.30596,145.77,1289
1788781658350,HYPE,A,Close Long,87.725,5.69,0.24159,7.30027,140.08,1289
1788781658350,HYPE,A,Close Long,87.724,5.69,0.241587,7.29458,134.39,1289
1788781658350,HYPE,A,Close Long,87.724,15.81,0.671266,20.26842,128.7,1289
1788781658350,HYPE,A,Close Long,87.724,4.56,0.19361,5.84592,112.89,1289
1788781658350,HYPE,A,Close Long,87.723,5.69,0.241585,7.28889,108.33,1289
1788781658350,HYPE,A,Close Long,87.722,5.69,0.241582,7.2832,102.64,1289
1788781658350,HYPE,A,Close Long,87.722,20.09,0.852969,25.7152,96.95,1289
1788781658350,HYPE,A,Close Long,87.721,5.69,0.241579,7.27751,76.86,1289
1788781658350,HYPE,A,Close Long,87.721,4.56,0.193602,5.83224,71.17,1289
1788781658350,HYPE,A,Close Long,87.721,32.92,1.397682,42.10468,66.61,1289
1788781658350,HYPE,A,Close Long,87.72,5.69,0.241576,7.27182,33.69,1289
1788781658350,HYPE,A,Close Long,87.719,5.7,0.241998,7.2789,28.0,1289
1788781658350,HYPE,A,Close Long,87.719,4.56,0.193598,5.82312,22.3,1289
1788781658350,HYPE,A,Close Long,87.719,17.74,0.753168,22.65398,17.74,1289
1788792126549,ASTER,B,Open Long,0.78905,515.0,0.087448,0.0,0.0,1291
1788792133373,ASTER,B,Open Long,0.78881,159.0,0.02699,0.0,515.0,1290
1788792133373,ASTER,B,Open Long,0.78881,356.0,0.060431,0.0,674.0,1290
1788792143368,ASTER,B,Open Long,0.78864,514.0,0.087233,0.0,1030.0,1292
1788792143500,ASTER,B,Open Long,0.78825,17.0,0.002883,0.0,1544.0,1293
1788792306915,ASTER,B,Open Long,0.78825,497.0,0.084306,0.0,1561.0,1293
1788792417221,ASTER,B,Open Long,0.79079,150.0,0.05741,0.0,2058.0,1325
1788792417221,ASTER,B,Open Long,0.79081,632.0,0.241899,0.0,2208.0,1325
1788792417221,ASTER,B,Open Long,0.79089,506.0,0.193692,0.0,2840.0,1325
1788792417221,ASTER,B,Open Long,0.7909,632.0,0.241925,0.0,3346.0,1325
1788792417221,ASTER,B,Open Long,0.79097,506.0,0.193711,0.0,3978.0,1325
1788792417221,ASTER,B,Open Long,0.79098,1231.0,0.471268,0.0,4484.0,1325
1788792417221,ASTER,B,Open Long,0.79105,506.0,0.193731,0.0,5715.0,1325
1788792417221,ASTER,B,Open Long,0.79106,136.0,0.05207,0.0,6221.0,1325
1788793461679,ASTER,B,Open Long,0.78786,79.0,0.013394,0.0,6357.0,1294
1788793464435,ASTER,B,Open Long,0.78786,40.0,0.006781,0.0,6436.0,1294
1788793464969,ASTER,B,Open Long,0.78786,395.0,0.06697,0.0,6476.0,1294
1788793464969,ASTER,B,Open Long,0.78746,514.0,0.087102,0.0,6871.0,1295
1788793465179,ASTER,B,Open Long,0.78707,24.0,0.004064,0.0,7385.0,1296
1788793465459,ASTER,B,Open Long,0.78707,376.0,0.063685,0.0,7409.0,1296
1788793465786,ASTER,B,Open Long,0.78707,114.0,0.019308,0.0,7785.0,1296
1788793480131,ASTER,B,Open Long,0.78668,514.0,0.087016,0.0,7899.0,1297
1788793480328,ASTER,B,Open Long,0.78629,78.0,0.013198,0.0,8413.0,1298
1788793480328,ASTER,B,Open Long,0.78629,78.0,0.013198,0.0,8491.0,1298
1788793480328,ASTER,B,Open Long,0.78629,78.0,0.013198,0.0,8569.0,1298
1788793480328,ASTER,B,Open Long,0.78629,16.0,0.002707,0.0,8647.0,1298
1788793480328,ASTER,B,Open Long,0.78629,264.0,0.044671,0.0,8663.0,1298
1788793524259,ASTER,B,Open Long,0.7859,514.0,0.08693,0.0,8927.0,1299
1788793525405,ASTER,B,Open Long,0.78551,514.0,0.086887,0.0,9441.0,1300
1788793525743,ASTER,B,Open Long,0.78511,514.0,0.086842,0.0,9955.0,1301
1788793525743,ASTER,B,Open Long,0.78472,514.0,0.086799,0.0,10469.0,1302
1788793528525,ASTER,B,Open Long,0.78433,514.0,0.086756,0.0,10983.0,1303
1788793530116,ASTER,B,Open Long,0.78394,160.0,0.026992,0.0,11497.0,1304
1788793530116,ASTER,B,Open Long,0.78394,354.0,0.05972,0.0,11657.0,1304
1788793530204,ASTER,B,Open Long,0.78355,128.0,0.021582,0.0,12011.0,1305
1788793531256,ASTER,B,Open Long,0.78355,386.0,0.065087,0.0,12139.0,1305
1788793539692,ASTER,B,Open Long,0.78315,514.0,0.086625,0.0,12525.0,1306
1788793539840,ASTER,B,Open Long,0.78276,514.0,0.086582,0.0,13039.0,1307
1788793568951,ASTER,B,Open Long,0.78237,65.0,0.010943,0.0,13553.0,1308
1788793569282,ASTER,B,Open Long,0.78237,42.0,0.00707,0.0,13618.0,1308
1788793570417,ASTER,B,Open Long,0.78237,204.0,0.034346,0.0,13660.0,1308
1788793572315,ASTER,B,Open Long,0.78237,98.0,0.016499,0.0,13864.0,1308
1788793572383,ASTER,B,Open Long,0.78237,21.0,0.003534,0.0,13962.0,1308
1788793572526,ASTER,B,Open Long,0.78237,49.0,0.008249,0.0,13983.0,1308
1788793572526,ASTER,B,Open Long,0.78237,35.0,0.005892,0.0,14032.0,1308
1788793584989,ASTER,B,Open Long,0.78198,514.0,0.086496,0.0,14067.0,1309
1788793584989,ASTER,B,Open Long,0.78159,514.0,0.086453,0.0,14581.0,1310
1788793929801,ASTER,B,Open Long,0.7812,13.0,0.002184,0.0,15095.0,1311
1788793929801,ASTER,B,Open Long,0.7812,256.0,0.043036,0.0,15108.0,1311
1788793929934,ASTER,B,Open Long,0.7812,14.0,0.002352,0.0,15364.0,1311
1788793930204,ASTER,B,Open Long,0.7812,231.0,0.038833,0.0,15378.0,1311
1788793936672,ASTER,B,Open Long,0.7808,514.0,0.086366,0.0,15609.0,1312
1788793946996,ASTER,B,Open Long,0.78041,514.0,0.086323,0.0,16123.0,1313
1788793947130,ASTER,B,Open Long,0.78002,514.0,0.08628,0.0,16637.0,1314
1788794097477,ASTER,B,Open Long,0.77963,446.0,0.074827,0.0,17151.0,1315
1788794097477,ASTER,B,Open Long,0.77963,68.0,0.011408,0.0,17597.0,1315
1788794290656,ASTER,B,Open Long,0.77924,514.0,0.086192,0.0,17665.0,1316
1788794290656,ASTER,B,Open Long,0.77884,514.0,0.086149,0.0,18179.0,1317
1788794290656,ASTER,B,Open Long,0.77845,515.0,0.086273,0.0,18693.0,1318
1788794290656,ASTER,B,Open Long,0.77806,515.0,0.08623,0.0,19208.0,1319
1788794290788,ASTER,B,Open Long,0.77767,515.0,0.086187,0.0,19723.0,1320
1788794290998,ASTER,B,Open Long,0.77728,66.0,0.011039,0.0,20238.0,1321
1788794291521,ASTER,B,Open Long,0.77728,449.0,0.075103,0.0,20304.0,1321
1788794291922,ASTER,B,Open Long,0.77689,82.0,0.013708,0.0,20753.0,1322
1788794291922,ASTER,B,Open Long,0.77689,433.0,0.072391,0.0,20835.0,1322
1788794291987,ASTER,B,Open Long,0.77649,515.0,0.086056,0.0,21268.0,1323
1788794291987,ASTER,B,Open Long,0.7761,515.0,0.086013,0.0,21783.0,1324
1788794504523,@334,B,Buy,0.2336,4280.82,2.46575231,0.0,0.00956499,1328
1788794515656,@334,B,Buy,0.2336,4280.82,2.46575231,0.0,4278.36381268,1329
1788794682611,@334,B,Buy,0.23094,87.68,0.05050363,0.0,8556.71806037,1330
1788794682611,@334,B,Buy,0.23097,432.95,0.24937918,0.0,8644.34755674,1330
1788794682611,@334,B,Buy,0.23106,1647.34,0.94886782,0.0,9077.04817756,1330
1788794746045,@334,B,Buy,0.23145,66.2,0.01906558,0.0,10723.43930974,1331
1788794749302,@334,B,Buy,0.23074,66.2,0.01906557,0.0,10789.62024416,1332
1788794771052,@334,B,Buy,0.23002,53.71,0.01546843,0.0,10855.80117859,1333
1788794771658,@334,B,Buy,0.23002,12.49,0.00359707,0.0,10909.49571016,1333
1788794782113,@334,B,Buy,0.22931,66.2,0.01906558,0.0,10921.98211309,1334
1788794803124,ASTER,B,Open Long,0.77915,133.0,0.022299,0.0,22298.0,1326
1788794803199,ASTER,B,Open Long,0.77915,170.0,0.028503,0.0,22431.0,1326
1788794803199,ASTER,B,Open Long,0.77915,85.0,0.014251,0.0,22601.0,1326
1788794803199,ASTER,B,Open Long,0.77915,59.0,0.009891,0.0,22686.0,1326
1788794856709,ASTER,B,Open Long,0.77835,447.0,0.074872,0.0,22745.0,1327
1788794884059,ASTER,A,Close Long,0.77762,465.0,0.17501,-3.01692,23192.0,1369
1788794884059,ASTER,A,Close Long,0.77761,64.0,0.024086,-0.415872,22727.0,1369
1788794884059,ASTER,A,Close Long,0.7776,126.0,0.04742,-0.820008,22663.0,1369
1788794884059,ASTER,A,Close Long,0.77756,126.0,0.047418,-0.825048,22537.0,1369
1788794884059,ASTER,A,Close Long,0.77755,643.0,0.241982,-4.216794,22411.0,1369
1788794884059,ASTER,A,Close Long,0.77754,1024.0,0.385361,-6.725632,21768.0,1369
1788794884059,ASTER,A,Close Long,0.77742,126.0,0.047409,-0.842688,20744.0,1369
1788794884059,ASTER,A,Close Long,0.77741,705.0,0.265267,-4.72209,20618.0,1369
1788794884059,ASTER,A,Close Long,0.7774,262.0,0.098579,-1.757496,19913.0,1369
1788794884059,ASTER,A,Close Long,0.7774,241.0,0.090678,-1.616628,19651.0,1369
1788794884059,ASTER,A,Close Long,0.77737,515.0,0.193766,-3.47007,19410.0,1369
1788794884059,ASTER,A,Close Long,0.77736,1534.0,0.577155,-10.351432,18895.0,1369
1788794884059,ASTER,A,Close Long,0.77732,515.0,0.193753,-3.49582,17361.0,1369
1788794884059,ASTER,A,Close Long,0.77731,10295.0,3.873164,-69.98541,16846.0,1369
1788794884059,ASTER,A,Close Long,0.77731,643.0,0.241908,-4.371114,6551.0,1369
1788794884059,ASTER,A,Close Long,0.77724,1116.0,0.41982,-7.664688,5908.0,1369
1788794884059,ASTER,A,Close Long,0.77722,3860.0,1.452032,-26.58768,4792.0,1369
1788794884059,ASTER,A,Close Long,0.77721,932.0,0.350589,-6.428936,932.0,1369
1788794920902,AERO,B,Open Long,0.56635,8682.0,2.379852,0.0,0.0,1370
1788794920902,AERO,B,Open Long,0.56636,146.0,0.04002,0.0,8682.0,1370
1788794975981,@334,B,Buy,0.2286,66.2,0.01906557,0.0,10988.16304751,1335
1788794978971,AERO,B,Open Long,0.55955,715.0,0.193637,0.0,8828.0,1371
1788794978971,AERO,B,Open Long,0.55956,100.0,0.027082,0.0,9543.0,1371
1788794978971,AERO,B,Open Long,0.55956,172.0,0.046581,0.0,9643.0,1371
1788794978971,AERO,B,Open Long,0.55995,88.0,0.023848,0.0,9815.0,1371
1788794978971,AERO,B,Open Long,0.55996,3400.0,0.921469,0.0,9903.0,1371
1788794986039,@334,B,Buy,0.22788,66.2,0.01906556,0.0,11054.34398194,1336
1788795002450,@334,B,Buy,0.22717,66.2,0.01906558,0.0,11120.52491638,1337
1788795049191,AERO,B,Open Long,0.55381,92.0,0.024659,0.0,13303.0,1372
1788795049191,AERO,B,Open Long,0.55381,722.0,0.193527,0.0,13395.0,1372
1788795049191,AERO,B,Open Long,0.55388,722.0,0.193552,0.0,14117.0,1372
1788795049191,AERO,B,Open Long,0.55389,437.0,0.117151,0.0,14839.0,1372
1788795049191,AERO,B,Open Long,0.5539,1614.0,0.432692,0.0,15276.0,1372
1788795049191,AERO,B,Open Long,0.55406,55.0,0.014748,0.0,16890.0,1372
1788795049191,AERO,B,Open Long,0.55415,722.0,0.193645,0.0,16945.0,1372
1788795049191,AERO,B,Open Long,0.55416,56.0,0.015019,0.0,17667.0,1372
1788795049191,AERO,B,Open Long,0.55431,55.0,0.014755,0.0,17723.0,1372
1788795241560,AERO,B,Open Long,0.54381,736.0,0.193717,0.0,17778.0,1373
1788795241560,AERO,B,Open Long,0.54394,109.0,0.028695,0.0,18514.0,1373
1788795241560,AERO,B,Open Long,0.54394,735.0,0.1935,0.0,18623.0,1373
1788795241560,AERO,B,Open Long,0.54406,109.0,0.028702,0.0,19358.0,1373
1788795241560,AERO,B,Open Long,0.54415,735.0,0.193575,0.0,19467.0,1373
1788795241560,AERO,B,Open Long,0.54416,184.0,0.04846,0.0,20202.0,1373
1788795241560,AERO,B,Open Long,0.54426,735.0,0.193614,0.0,20386.0,1373
1788795241560,AERO,B,Open Long,0.54427,766.0,0.201784,0.0,21121.0,1373
1788795241560,AERO,B,Open Long,0.54436,200.0,0.052693,0.0,21887.0,1373
1788795241560,AERO,B,Open Long,0.54436,285.0,0.075088,0.0,22087.0,1373
1788795348053,@334,B,Buy,0.22645,54.55,0.01571039,0.0,11186.7058508,1338
1788795348254,AERO,B,Open Long,0.54359,736.0,0.193639,0.0,22372.0,1374
1788795348254,AERO,B,Open Long,0.5436,184.0,0.04841,0.0,23108.0,1374
1788795348254,AERO,B,Open Long,0.54382,736.0,0.193721,0.0,23292.0,1374
1788795348254,AERO,B,Open Long,0.54383,437.0,0.115024,0.0,24028.0,1374
1788795348254,AERO,B,Open Long,0.54386,207.0,0.054487,0.0,24465.0,1374
1788795348658,@334,B,Buy,0.22645,11.65,0.00335517,0.0,11241.24014041,1338
1788795357487,AERO,B,Open Long,0.54352,102.0,0.026831,0.0,24672.0,1375
1788795357487,AERO,B,Open Long,0.54363,107.0,0.028152,0.0,24774.0,1375
1788795357487,AERO,B,Open Long,0.5437,119.0,0.031314,0.0,24881.0,1375
1788795368768,AERO,B,Open Long,0.54481,5000.0,1.31844,0.0,25000.0,1376
1788795665899,AERO,B,Open Long,0.5489,762.0,0.202438,0.0,30000.0,1377
1788795665899,AERO,B,Open Long,0.54896,91.0,0.024177,0.0,30762.0,1377
1788795665899,AERO,B,Open Long,0.54908,1951.0,0.518486,0.0,30853.0,1377
1788795665899,AERO,B,Open Long,0.54912,437.0,0.116142,0.0,32804.0,1377
1788795665899,AERO,B,Open Long,0.54916,1759.0,0.46753,0.0,33241.0,1377
1788795667037,AERO,B,Open Long,0.5485,4667.0,1.238966,0.0,35000.0,1378
1788795667037,AERO,B,Open Long,0.54866,96.0,0.025492,0.0,39667.0,1378
1788795667037,AERO,B,Open Long,0.54866,92.0,0.02443,0.0,39763.0,1378
1788795667037,AERO,B,Open Long,0.54866,145.0,0.038504,0.0,39855.0,1378
1788795951144,AERO,B,Open Long,0.5529,101.0,0.027027,0.0,40000.0,1379
1788795951144,AERO,B,Open Long,0.55305,101.0,0.027034,0.0,40101.0,1379
1788795951144,AERO,B,Open Long,0.55307,723.0,0.193535,0.0,40202.0,1379
1788795951144,AERO,B,Open Long,0.55308,90.0,0.024091,0.0,40925.0,1379
1788795951144,AERO,B,Open Long,0.55313,723.0,0.193557,0.0,41015.0,1379
1788795951144,AERO,B,Open Long,0.55313,3262.0,0.873286,0.0,41738.0,1379
1788796183564,AERO,B,Open Long,0.55652,719.0,0.193665,0.0,45000.0,1380
1788796183564,AERO,B,Open Long,0.55653,98.0,0.026396,0.0,45719.0,1380
1788796183564,AERO,B,Open Long,0.55657,719.0,0.193683,0.0,45817.0,1380
1788796183564,AERO,B,Open Long,0.55661,98.0,0.0264,0.0,46536.0,1380
1788796183564,AERO,B,Open Long,0.55667,719.0,0.193718,0.0,46634.0,1380
1788796183564,AERO,B,Open Long,0.55672,2647.0,0.713239,0.0,47353.0,1380
1788796391057,FET,B,Open Long,0.1791,995.0,0.08625,0.0,0.0,1381
1788796391057,FET,B,Open Long,0.17913,1082.0,0.093807,0.0,995.0,1381
1788796391057,FET,B,Open Long,0.17914,1585.0,0.137424,0.0,2077.0,1381
1788796391057,FET,B,Open Long,0.17916,1585.0,0.137439,0.0,3662.0,1381
1788796391057,FET,B,Open Long,0.17917,2233.0,0.193641,0.0,5247.0,1381
1788796391057,FET,B,Open Long,0.17918,1585.0,0.137456,0.0,7480.0,1381
1788796391057,FET,B,Open Long,0.17919,2232.0,0.193576,0.0,9065.0,1381
1788796391057,FET,B,Open Long,0.17919,998.0,0.086554,0.0,11297.0,1381
1788796391057,FET,B,Open Long,0.1792,1664.0,0.144322,0.0,12295.0,1381
1788796409574,FET,B,Open Long,0.17899,79.0,0.006843,0.0,13959.0,1382
1788796677563,@334,B,Buy,0.22574,66.2,0.01906556,0.0,11252.88678524,1339
1788796877180,AERO,B,Open Long,0.56417,155.0,0.042323,0.0,50000.0,1383
1788796877180,AERO,B,Open Long,0.56424,1951.0,0.532802,0.0,50155.0,1383
1788796877180,AERO,B,Open Long,0.56424,88.0,0.024031,0.0,52106.0,1383
1788796877180,AERO,B,Open Long,0.56437,154.0,0.042065,0.0,52194.0,1383
1788796877180,AERO,B,Open Long,0.5646,182.0,0.049733,0.0,52348.0,1383
1788796877180,AERO,B,Open Long,0.56465,437.0,0.119427,0.0,52530.0,1383
1788796877180,AERO,B,Open Long,0.56494,1614.0,0.441317,0.0,52967.0,1383
1788796877180,AERO,B,Open Long,0.56503,419.0,0.114585,0.0,54581.0,1383
1788799605422,XPL,B,Open Long,0.09067,2781.0,0.122041,0.0,0.0,1384
1788799605422,XPL,B,Open Long,0.090704,4410.0,0.193601,0.0,2781.0,1384
1788799605422,XPL,B,Open Long,0.090705,3000.0,0.131703,0.0,7191.0,1384
1788799605422,XPL,B,Open Long,0.090706,4410.0,0.193606,0.0,10191.0,1384
1788799605422,XPL,B,Open Long,0.090707,13267.0,0.582449,0.0,14601.0,1384
1788799605422,XPL,B,Open Long,0.09072,3000.0,0.131725,0.0,27868.0,1384
1788799605422,XPL,B,Open Long,0.090721,4409.0,0.193593,0.0,30868.0,1384
1788799605422,XPL,B,Open Long,0.090721,3000.0,0.131726,0.0,35277.0,1384
1788799605422,XPL,B,Open Long,0.090722,11323.0,0.497186,0.0,38277.0,1384
1788799605422,XPL,B,Open Long,0.090723,3000.0,0.131728,0.0,49600.0,1384
1788799605422,XPL,B,Open Long,0.090724,1114.0,0.048915,0.0,52600.0,1384
1788799605422,XPL,B,Open Long,0.090724,1100.0,0.0483,0.0,53714.0,1384
1788799605422,XPL,B,Open Long,0.090725,3000.0,0.131732,0.0,54814.0,1384
1788799605422,XPL,B,Open Long,0.090726,3000.0,0.131733,0.0,57814.0,1384
1788799605422,XPL,B,Open Long,0.090727,2442.0,0.107232,0.0,60814.0,1384
1788799605422,XPL,B,Open Long,0.090741,4408.0,0.193592,0.0,63256.0,1384
1788799605422,XPL,B,Open Long,0.090742,20554.0,0.902713,0.0,67664.0,1384
1788802282596,AERO,A,Close Long,0.56771,705.0,0.193713,9.32856,55000.0,1385
1788802282596,AERO,A,Close Long,0.5677,14295.0,3.927791,189.00849,54295.0,1385
1788802423768,ARB,B,Open Long,0.16544,6315.9,0.505732,0.0,0.0,1386
1788802423768,ARB,B,Open Long,0.16544,6167.2,0.493825,0.0,6315.9,1386
1788802423768,ARB,B,Open Long,0.16545,2054.3,0.164503,0.0,12483.1,1386
1788802423768,ARB,B,Open Long,0.16545,6315.9,0.505762,0.0,14537.4,1386
1788802423768,ARB,B,Open Long,0.16545,6315.9,0.505762,0.0,20853.3,1386
1788802423768,ARB,B,Open Long,0.16546,2054.3,0.164513,0.0,27169.2,1386
1788802423768,ARB,B,Open Long,0.16546,9931.6,0.795348,0.0,29223.5,1386
1788802423768,ARB,B,Open Long,0.16547,2054.3,0.164523,0.0,39155.1,1386
1788802423768,ARB,B,Open Long,0.16548,2054.3,0.164533,0.0,41209.4,1386
1788802423768,ARB,B,Open Long,0.16548,9931.6,0.795444,0.0,43263.7,1386
1788802423768,ARB,B,Open Long,0.16549,2054.3,0.164542,0.0,53195.3,1386
1788802423768,ARB,B,Open Long,0.16549,2417.1,0.193602,0.0,55249.6,1386
1788802423768,ARB,B,Open Long,0.1655,2792.8,0.223708,0.0,57666.7,1386
1788802511070,@334,B,Buy,0.22503,66.2,0.01906559,0.0,11319.06771968,1340
1788802523894,@334,B,Buy,0.22431,66.2,0.01906557,0.0,11385.24865409,1341
1788802523894,@334,B,Buy,0.2236,66.2,0.01906556,0.0,11451.42958852,1342
1788803483199,ARB,B,Open Long,0.16636,3460.6,0.27864,0.0,60459.5,1387
1788803483199,ARB,B,Open Long,0.16636,768.8,0.061901,0.0,63920.1,1387
1788803483199,ARB,B,Open Long,0.16636,717.1,0.057738,0.0,64688.9,1387
1788803483199,ARB,B,Open Long,0.16637,10090.2,0.812493,0.0,65406.0,1387
1788803494667,ARB,B,Open Long,0.16629,8977.2,0.722523,0.0,75496.2,1388
1788803494667,ARB,B,Open Long,0.1663,2405.3,0.1936,0.0,84473.4,1388
1788803494667,ARB,B,Open Long,0.1663,3654.2,0.294123,0.0,86878.7,1388
1788803734626,@334,B,Buy,0.22289,66.2,0.01906559,0.0,11517.61052296,1343
1788804199077,XPL,A,Close Long,0.090141,2350.0,0.102526,-1.363,88218.0,1389
1788804199077,XPL,A,Close Long,0.09014,2855.0,0.124556,-1.658755,85868.0,1389
1788804199077,XPL,A,Close Long,0.090124,3804.0,0.16593,-2.270988,83013.0,1389
1788804199077,XPL,A,Close Long,0.090105,2242.0,0.097774,-1.381072,79209.0,1389
1788804199077,XPL,A,Close Long,0.090094,4440.0,0.193607,-2.78388,76967.0,1389
1788804199077,XPL,A,Close Long,0.090094,2417.0,0.105393,-1.515459,72527.0,1389
1788804199077,XPL,A,Close Long,0.090094,2257.0,0.098417,-1.415139,70110.0,1389
1788804199077,XPL,A,Close Long,0.090093,2113.0,0.092136,-1.326964,67853.0,1389
1788804199077,XPL,A,Close Long,0.090092,4860.0,0.211917,-3.05694,65740.0,1389
1788804199077,XPL,A,Close Long,0.090092,4440.0,0.193603,-2.79276,60880.0,1389
1788804199077,XPL,A,Close Long,0.09008,3000.0,0.130796,-1.923,56440.0,1389
1788804199077,XPL,A,Close Long,0.090079,20959.0,0.913774,-13.455678,53440.0,1389
1788804199077,XPL,A,Close Long,0.090069,3000.0,0.130779,-1.956,32481.0,1389
1788804199077,XPL,A,Close Long,0.090068,8105.0,0.35332,-5.292565,29481.0,1389
1788804199077,XPL,A,Close Long,0.090068,7802.0,0.340111,-5.094706,21376.0,1389
1788804199077,XPL,A,Close Long,0.090056,3000.0,0.13076,-1.995,13574.0,1389
1788804199077,XPL,A,Close Long,0.090055,2442.0,0.106438,-1.626372,10574.0,1389
1788804199077,XPL,A,Close Long,0.090054,8132.0,0.354441,-5.424044,8132.0,1389
1788804380220,ARB,B,Open Long,0.16678,2398.4,0.193601,0.0,90532.9,1396
1788804380220,ARB,B,Open Long,0.1668,19674.0,1.588305,0.0,92931.3,1396
1788804380220,ARB,B,Open Long,0.16686,7894.6,0.637569,0.0,112605.3,1396
1788804699584,XPL,B,Open Long,0.090107,2330.0,0.04518,0.0,0.0,1395
1788804740256,XPL,B,Open Long,0.090021,2330.0,0.045137,0.0,2330.0,1394
1788804771411,XPL,B,Open Long,0.089935,2330.0,0.045093,0.0,4660.0,1393
1788805358834,XPL,B,Open Long,0.089849,2021.0,0.039076,0.0,6990.0,1392
1788805358834,XPL,B,Open Long,0.089849,309.0,0.005974,0.0,9011.0,1392
1788805377158,XPL,B,Open Long,0.089764,2330.0,0.045009,0.0,9320.0,1391
1788805412556,XPL,B,Open Long,0.089678,2330.0,0.044965,0.0,11650.0,1390
1788806265002,ARB,A,Close Long,0.16549,2417.1,0.193602,-1.256892,120499.9,1397
1788806265002,ARB,A,Close Long,0.16548,955.8,0.076551,-0.506574,118082.8,1397
1788806265002,ARB,A,Close Long,0.16548,2417.2,0.193598,-1.281116,117127.0,1397
1788806265002,ARB,A,Close Long,0.16547,6127.5,0.490735,-3.30885,114709.8,1397
1788806265002,ARB,A,Close Long,0.16547,11065.9,0.886239,-5.975586,108582.3,1397
1788806265002,ARB,A,Close Long,0.16546,13354.1,1.06943,-7.344755,97516.4,1397
1788806265002,ARB,A,Close Long,0.16546,2417.5,0.193598,-1.329625,84162.3,1397
1788806265002,ARB,A,Close Long,0.16545,1125.3,0.090111,-0.630168,81744.8,1397
1788806265002,ARB,A,Close Long,0.16545,119.6,0.009576,-0.066976,80619.5,1397
1788806531335,AERO,B,Open Long,0.59923,128.0,0.037123,0.0,40000.0,1398
1788806531335,AERO,B,Open Long,0.5993,140.0,0.040608,0.0,40128.0,1398
1788806531335,AERO,B,Open Long,0.59933,667.0,0.19348,0.0,40268.0,1398
1788806531335,AERO,B,Open Long,0.59936,127.0,0.03684,0.0,40935.0,1398
1788806531335,AERO,B,Open Long,0.59936,667.0,0.193489,0.0,41062.0,1398
1788806531335,AERO,B,Open Long,0.59937,100.0,0.029008,0.0,41729.0,1398
1788806531335,AERO,B,Open Long,0.59938,753.0,0.218444,0.0,41829.0,1398
1788806531335,AERO,B,Open Long,0.59939,101.0,0.029299,0.0,42582.0,1398
1788806531335,AERO,B,Open Long,0.59939,118.0,0.034231,0.0,42683.0,1398
1788806531335,AERO,B,Open Long,0.5994,101.0,0.0293,0.0,42801.0,1398
1788806531335,AERO,B,Open Long,0.59942,753.0,0.218459,0.0,42902.0,1398
1788806531335,AERO,B,Open Long,0.59943,1352.0,0.392246,0.0,43655.0,1398
1788806891871,AERO,B,Open Long,0.60061,102.0,0.02965,0.0,45007.0,1399
1788806891871,AERO,B,Open Long,0.60064,102.0,0.029651,0.0,45109.0,1399
1788806891871,AERO,B,Open Long,0.60065,1838.0,0.534332,0.0,45211.0,1399
1788806891871,AERO,B,Open Long,0.60084,2958.0,0.860205,0.0,47049.0,1399
1788806973202,ARB,B,Open Long,0.16689,4818.5,0.389212,0.0,80499.9,1400
1788806973202,ARB,B,Open Long,0.16689,2396.8,0.1936,0.0,85318.4,1400
1788806973202,ARB,B,Open Long,0.1669,4965.6,0.401118,0.0,87715.2,1400
1788806973202,ARB,B,Open Long,0.1669,7819.1,0.631622,0.0,92680.8,1400
1788809130752,ARB,B,Open Long,0.17009,7874.3,0.648239,0.0,100499.9,1401
1788809130752,ARB,B,Open Long,0.1701,6404.6,0.52728,0.0,108374.2,1401
1788809130752,ARB,B,Open Long,0.17011,10721.1,0.882702,0.0,114778.8,1401
1788811863214,AERO,B,Open Long,0.61011,125.0,0.036911,0.0,50007.0,1402
1788811863214,AERO,B,Open Long,0.61016,122.0,0.036027,0.0,50132.0,1402
1788811863214,AERO,B,Open Long,0.61028,122.0,0.036035,0.0,50254.0,1402
1788811863214,AERO,B,Open Long,0.61036,122.0,0.03604,0.0,50376.0,1402
1788811863214,AERO,B,Open Long,0.61039,81.0,0.023929,0.0,50498.0,1402
1788811863214,AERO,B,Open Long,0.61046,655.0,0.193527,0.0,50579.0,1402
1788811863214,AERO,B,Open Long,0.61047,1460.0,0.431381,0.0,51234.0,1402
1788811863214,AERO,B,Open Long,0.61049,122.0,0.036047,0.0,52694.0,1402
1788811863214,AERO,B,Open Long,0.61049,2177.0,0.643253,0.0,52816.0,1402
1788811863214,AERO,B,Open Long,0.61061,14.0,0.004136,0.0,54993.0,1402
1788812466459,@334,B,Buy,0.22777,89.86,0.05175931,0.0,11583.79145737,1403
1788812552133,FET,A,Close Long,0.18312,6407.0,0.567851,25.339685,14038.0,1404
1788812552133,FET,A,Close Long,0.18308,983.0,0.087103,3.848445,7631.0,1404
1788812552133,FET,A,Close Long,0.18308,2185.0,0.193613,8.554275,6648.0,1404
1788812552133,FET,A,Close Long,0.18305,2185.0,0.193582,8.488725,4463.0,1404
1788812552133,FET,A,Close Long,0.18305,1121.0,0.099315,4.355085,2278.0,1404
1788812552133,FET,A,Close Long,0.18305,1157.0,0.102504,4.494945,1157.0,1404
1788828872496,@334,B,Buy,0.22217,66.2,0.01906558,0.0,13782.1644648,1344
1788828873295,@334,B,Buy,0.22146,66.2,0.01906556,0.0,13848.34539922,1345
1788828956715,@334,B,Buy,0.22075,66.2,0.01906559,0.0,13914.52633366,1346
1788832170715,ARB,A,Close Long,0.16767,6768.8,0.549303,4.805848,125499.9,1405
1788832170715,ARB,A,Close Long,0.16767,2385.6,0.193596,1.693776,118731.1,1405
1788832170715,ARB,A,Close Long,0.16766,4525.7,0.367248,3.16799,116345.5,1405
1788832170715,ARB,A,Close Long,0.16766,651.3,0.05285,0.45591,111819.8,1405
1788832170715,ARB,A,Close Long,0.16765,5272.5,0.427823,3.638025,111168.5,1405
1788832170715,ARB,A,Close Long,0.16764,2386.1,0.193602,1.622548,105896.0,1405
1788832170715,ARB,A,Close Long,0.16763,5835.7,0.473466,3.909919,103509.9,1405
1788832170715,ARB,A,Close Long,0.16763,5402.7,0.438336,3.619809,97674.2,1405
1788832170715,ARB,A,Close Long,0.16762,6127.6,0.497119,4.044216,92271.5,1405
1788832170715,ARB,A,Close Long,0.16762,2386.4,0.193603,1.575024,86143.9,1405
1788832170715,ARB,A,Close Long,0.16762,5392.6,0.43749,3.559116,83757.5,1405
1788832170715,ARB,A,Close Long,0.16761,5272.5,0.427721,3.427125,78364.9,1405
1788832170715,ARB,A,Close Long,0.16761,3537.1,0.28694,2.299115,73092.4,1405
1788832170715,ARB,A,Close Long,0.1676,5372.9,0.43584,3.438656,69555.3,1405
1788832170715,ARB,A,Close Long,0.1676,4000.0,0.324473,2.56,64182.4,1405
1788832170715,ARB,A,Close Long,0.16759,33624.4,2.727394,21.183372,60182.4,1405
1788832170715,ARB,A,Close Long,0.16758,5272.5,0.427645,3.26895,26558.0,1405
1788832170715,ARB,A,Close Long,0.16756,5835.7,0.473268,3.50142,21285.5,1405
1788832170715,ARB,A,Close Long,0.16756,5384.8,0.436701,3.23088,15449.8,1405
1788832170715,ARB,A,Close Long,0.16755,4670.9,0.378781,2.755831,10065.0,1405
1788832170715,ARB,A,Close Long,0.16754,5394.1,0.437403,3.128578,5394.1,1405
1788832185477,AERO,A,Close Long,0.65917,607.0,0.193655,55.424563,55007.0,1406
1788832185477,AERO,A,Close Long,0.65916,1395.0,0.44505,127.362105,54400.0,1406
1788832185477,AERO,A,Close Long,0.65903,54.0,0.017223,4.923126,53005.0,1406
1788832185477,AERO,A,Close Long,0.65901,54.0,0.017223,4.922046,52951.0,1406
1788832185477,AERO,A,Close Long,0.65901,607.0,0.193608,55.327443,52897.0,1406
1788832185477,AERO,A,Close Long,0.659,1827.0,0.582732,166.510953,52290.0,1406
1788832185477,AERO,A,Close Long,0.65898,67.0,0.021369,6.104973,50463.0,1406
1788832185477,AERO,A,Close Long,0.65893,67.0,0.021366,6.101623,50396.0,1406
1788832185477,AERO,A,Close Long,0.65889,322.0,0.102686,29.311338,50329.0,1406
1788832198811,AERO,A,Close Long,0.66022,606.0,0.193644,55.969554,50007.0,1407
1788832198811,AERO,A,Close Long,0.66021,57.0,0.018213,5.263893,49401.0,1407
1788832198811,AERO,A,Close Long,0.66019,606.0,0.193635,55.951374,49344.0,1407
1788832198811,AERO,A,Close Long,0.66016,55.0,0.017572,5.076445,48738.0,1407
1788832198811,AERO,A,Close Long,0.66016,55.0,0.017572,5.076445,48683.0,1407
1788832198811,AERO,A,Close Long,0.66014,606.0,0.193621,55.921074,48628.0,1407
1788832198811,AERO,A,Close Long,0.66013,56.0,0.017891,5.167064,48022.0,1407
1788832198811,AERO,A,Close Long,0.66009,56.0,0.01789,5.164824,47966.0,1407
1788832198811,AERO,A,Close Long,0.66005,56.0,0.017889,5.162584,47910.0,1407
1788832198811,AERO,A,Close Long,0.66001,22.0,0.007027,2.027278,47854.0,1407
1788832198811,AERO,A,Close Long,0.66,606.0,0.19358,55.836234,47832.0,1407
1788832198811,AERO,A,Close Long,0.65999,1395.0,0.445611,128.519955,47226.0,1407
1788832198811,AERO,A,Close Long,0.65994,57.0,0.018205,5.248503,45831.0,1407
1788832198811,AERO,A,Close Long,0.6599,57.0,0.018204,5.246223,45774.0,1407
1788832198811,AERO,A,Close Long,0.65988,38.0,0.012135,3.496722,45717.0,1407
1788832198811,AERO,A,Close Long,0.65982,47.0,0.015009,4.322073,45679.0,1407
1788832198811,AERO,A,Close Long,0.65978,56.0,0.017881,5.147464,45632.0,1407
1788832198811,AERO,A,Close Long,0.65974,56.0,0.017881,5.145224,45576.0,1407
1788832198811,AERO,A,Close Long,0.6597,56.0,0.01788,5.142984,45520.0,1407
1788832198811,AERO,A,Close Long,0.65966,56.0,0.017879,5.140744,45464.0,1407
1788832198811,AERO,A,Close Long,0.65962,56.0,0.017877,5.138504,45408.0,1407
1788832198811,AERO,A,Close Long,0.65961,56.0,0.017877,5.137944,45352.0,1407
1788832198811,AERO,A,Close Long,0.6596,289.0,0.092261,26.512571,45296.0,1407
1788832466742,AERO,A,Close Long,0.65816,71.0,0.022616,6.411229,45007.0,1408
1788832466742,AERO,A,Close Long,0.65811,67.0,0.02134,6.046683,44936.0,1408
1788832466742,AERO,A,Close Long,0.6581,1827.0,0.581935,164.866653,44869.0,1408
1788832466742,AERO,A,Close Long,0.65801,65.0,0.0207,5.859685,43042.0,1408
1788832466742,AERO,A,Close Long,0.65798,71.0,0.02261,6.398449,42977.0,1408
1788832466742,AERO,A,Close Long,0.65797,1395.0,0.444247,125.702055,42906.0,1408
1788832466742,AERO,A,Close Long,0.65791,71.0,0.022608,6.393479,41511.0,1408
1788832466742,AERO,A,Close Long,0.65787,71.0,0.022606,6.390639,41440.0,1408
1788832466742,AERO,A,Close Long,0.65782,71.0,0.022604,6.387089,41369.0,1408
1788832466742,AERO,A,Close Long,0.65776,71.0,0.022603,6.382829,41298.0,1408
1788832466742,AERO,A,Close Long,0.65771,71.0,0.0226,6.379279,41227.0,1408
1788832466742,AERO,A,Close Long,0.65767,608.0,0.193533,54.603872,41156.0,1408
1788832466742,AERO,A,Close Long,0.65766,71.0,0.022599,6.375729,40548.0,1408
1788832466742,AERO,A,Close Long,0.65763,470.0,0.149597,42.19143,40477.0,1408
1788833613757,@334,B,Buy,0.22003,66.2,0.01906558,0.0,13980.70726807,1347
1788833613757,@334,B,Buy,0.21932,66.2,0.01906556,0.0,14046.88820249,1348
1788836871767,@334,B,Buy,0.2186,66.2,0.01906559,0.0,14113.06913693,1349
1788836884781,@334,B,Buy,0.21789,66.2,0.01906558,0.0,14179.25007134,1350
1788836888508,@334,B,Buy,0.21718,66.2,0.01906556,0.0,14245.43100576,1351
1788839601387,@334,B,Buy,0.21646,67.01,0.01929885,0.0,14311.6119402,1352
1788839607019,@334,B,Buy,0.21575,57.19,0.01647068,0.0,14378.60264135,1353
1788839697649,@334,B,Buy,0.21575,14.26,0.00410683,0.0,14435.77617067,1353
1788839953992,@334,B,Buy,0.21504,75.97,0.02187932,0.0,14450.03206384,1354
1788839965176,@334,B,Buy,0.21432,80.57,0.02320413,0.0,14525.98018452,1355
1788839970033,@334,B,Buy,0.21361,85.25,0.02455198,0.0,14606.52698039,1356
1788849591173,@334,B,Buy,0.2129,90.01,0.02592287,0.0,14691.75242841,1357
1788849614722,@334,B,Buy,0.21218,94.85,0.02731675,0.0,14781.73650554,1358
1788852247608,@334,B,Buy,0.21147,99.76,0.02873083,0.0,14876.55918879,1359
1788852267067,@334,B,Buy,0.21075,58.69,0.01690268,0.0,14976.29045796,1360
1788852267738,@334,B,Buy,0.21075,46.06,0.01326524,0.0,15034.96355528,1360
1788852287068,@334,B,Buy,0.21004,10.07,0.00290011,0.0,15081.01029004,1361
1788852317039,@334,B,Buy,0.21004,99.74,0.02872509,0.0,15091.07738993,1361
1788854758758,@334,B,Buy,0.20933,114.94,0.0331027,0.0,15190.78866484,1362
1788876530190,XPL,B,Open Long,0.096808,4055.0,0.189996,0.0,13980.0,1409
1788876530190,XPL,B,Open Long,0.096813,5350.0,0.250686,0.0,18035.0,1409
1788876530190,XPL,B,Open Long,0.096816,10595.0,0.496469,0.0,23385.0,1409
1788876928097,XPL,B,Open Long,0.096971,2058.0,0.096589,0.0,33980.0,1410
1788876928097,XPL,B,Open Long,0.096972,1165.0,0.054678,0.0,36038.0,1410
1788876928097,XPL,B,Open Long,0.096977,8525.0,0.400135,0.0,37203.0,1410
1788876928097,XPL,B,Open Long,0.096982,1279.0,0.060034,0.0,45728.0,1410
1788876928097,XPL,B,Open Long,0.096982,1113.0,0.052243,0.0,47007.0,1410
1788876928097,XPL,B,Open Long,0.097002,2060.0,0.096714,0.0,48120.0,1410
1788877190518,VVV,B,Open Long,20.442,1.05,0.004618,0.0,0.0,1412
1788877192935,VVV,B,Open Long,20.442,6.42,0.028241,0.0,1.05,1412
1788877192935,VVV,B,Open Long,20.442,2.31,0.010161,0.0,7.47,1412
1788877193745,VVV,B,Open Long,20.423,6.42,0.028215,0.0,9.78,1411
1788877193745,VVV,B,Open Long,20.423,3.36,0.014767,0.0,16.2,1411
1788877202398,VVV,B,Open Long,20.424,9.47,0.093612,0.0,19.56,1413
1788877202398,VVV,B,Open Long,20.424,7.5,0.074139,0.0,29.03,1413
1788877202398,VVV,B,Open Long,20.424,3.6,0.035586,0.0,36.53,1413
1788877202398,VVV,B,Open Long,20.424,3.6,0.035586,0.0,40.13,1413
1788877202398,VVV,B,Open Long,20.426,3.98,0.039346,0.0,43.73,1413
1788877202398,VVV,B,Open Long,20.428,3.98,0.03935,0.0,47.71,1413
1788877202398,VVV,B,Open Long,20.43,3.98,0.039354,0.0,51.69,1413
1788877202398,VVV,B,Open Long,20.431,12.38,0.12242,0.0,55.67,1413
1788877202398,VVV,B,Open Long,20.431,0.47,0.004647,0.0,68.05,1413
1788877205504,VVV,B,Open Long,20.436,3.87,0.038277,0.0,68.52,1414
1788877205504,VVV,B,Open Long,20.436,45.1,0.446084,0.0,72.39,1414
1788877208588,VVV,B,Open Long,20.469,3.84,0.038042,0.0,117.49,1415
1788877208588,VVV,B,Open Long,20.471,3.84,0.038045,0.0,121.33,1415
1788877208588,VVV,B,Open Long,20.472,7.5,0.074313,0.0,125.17,1415
1788877208588,VVV,B,Open Long,20.473,3.92,0.038842,0.0,132.67,1415
1788877208588,VVV,B,Open Long,20.475,3.92,0.038846,0.0,136.59,1415
1788877208588,VVV,B,Open Long,20.476,3.84,0.038055,0.0,140.51,1415
1788877208588,VVV,B,Open Long,20.478,19.53,0.193568,0.0,144.35,1415
1788877208588,VVV,B,Open Long,20.479,2.58,0.025571,0.0,163.88,1415
1788877213906,VVV,B,Open Long,20.5,2.43,0.024109,0.0,166.46,1416
1788877213906,VVV,B,Open Long,20.501,2.47,0.024507,0.0,168.89,1416
1788877214779,VVV,B,Open Long,20.499,4.89,0.048516,0.0,171.36,1417
1788877215749,VVV,B,Open Long,20.489,3.55,0.035203,0.0,176.25,1418
1788877215749,VVV,B,Open Long,20.49,1.34,0.013288,0.0,179.8,1418
1788877216709,VVV,B,Open Long,20.474,4.9,0.048555,0.0,181.14,1419
1788877217577,VVV,B,Open Long,20.483,4.89,0.048478,0.0,186.04,1420
1788877218555,VVV,B,Open Long,20.52,0.5,0.004965,0.0,190.93,1421
1788877218555,VVV,B,Open Long,20.522,4.4,0.043702,0.0,191.43,1421
1788877219476,VVV,B,Open Long,20.552,4.88,0.048541,0.0,195.83,1422
1788877220408,VVV,B,Open Long,20.557,4.9,0.048752,0.0,200.71,1423
1788877221331,VVV,B,Open Long,20.556,4.89,0.04865,0.0,205.61,1424
1788877222311,VVV,B,Open Long,20.557,4.9,0.048752,0.0,210.5,1425
1788877223118,VVV,B,Open Long,20.572,4.88,0.048589,0.0,215.4,1426
1788877224055,VVV,B,Open Long,20.569,0.28,0.002786,0.0,220.28,1427
1788877224055,VVV,B,Open Long,20.57,3.56,0.035442,0.0,220.56,1427
1788877224055,VVV,B,Open Long,20.571,1.05,0.010453,0.0,224.12,1427
1788877225127,VVV,B,Open Long,20.577,3.61,0.035952,0.0,225.17,1428
1788877225127,VVV,B,Open Long,20.578,1.29,0.012847,0.0,228.78,1428
1788877226050,VVV,B,Open Long,20.636,4.9,0.048939,0.0,230.07,1429
1788877235693,VVV,B,Open Long,20.665,4.84,0.048408,0.0,234.97,1430
1788877235693,VVV,B,Open Long,20.666,4.95,0.04951,0.0,239.81,1430
1788877271980,VVV,B,Open Long,20.887,4.8,0.048523,0.0,244.76,1431
1788877271980,VVV,B,Open Long,20.887,5.01,0.050647,0.0,249.56,1431
1788877308307,VVV,B,Open Long,21.052,9.79,0.099751,0.0,254.57,1432
1788877314709,VVV,B,Open Long,21.09,9.0,0.091868,0.0,264.36,1433
1788877314709,VVV,B,Open Long,21.091,9.0,0.091871,0.0,273.36,1433
1788877314709,VVV,B,Open Long,21.101,14.59,0.149005,0.0,282.36,1433
1788877314709,VVV,B,Open Long,21.108,8.74,0.089289,0.0,296.95,1433
1788877314709,VVV,B,Open Long,21.108,58.67,0.599388,0.0,305.69,1433
1788877344679,VVV,B,Open Long,21.024,9.8,0.09972,0.0,364.36,1434
1788877381112,VVV,B,Open Long,21.023,6.49,0.066035,0.0,374.16,1435
1788877381112,VVV,B,Open Long,21.024,3.31,0.03368,0.0,380.65,1435
1788877417383,VVV,B,Open Long,20.999,9.79,0.0995,0.0,383.96,1436
1788877454417,VVV,B,Open Long,21.046,9.8,0.099825,0.0,393.75,1437
1788877490367,VVV,B,Open Long,20.812,9.79,0.098613,0.0,403.55,1438
1788877527425,VVV,B,Open Long,20.925,9.8,0.09925,0.0,413.34,1439
1788877562892,VVV,B,Open Long,21.028,9.79,0.099637,0.0,423.14,1440
1788877599409,VVV,B,Open Long,21.132,9.79,0.10013,0.0,432.93,1441
1788877638176,VVV,B,Open Long,21.076,8.13,0.082931,0.0,442.72,1442
1788877638176,VVV,B,Open Long,21.079,1.66,0.016935,0.0,450.85,1442
1788877672012,VVV,B,Open Long,21.229,8.87,0.091137,0.0,452.51,1443
1788877672012,VVV,B,Open Long,21.231,0.92,0.009453,0.0,461.38,1443
1788877708465,VVV,B,Open Long,21.165,9.79,0.100286,0.0,462.3,1444
1788877744701,VVV,B,Open Long,21.324,9.79,0.10104,0.0,472.09,1445
1788877781085,VVV,B,Open Long,21.428,9.8,0.101636,0.0,481.88,1446
1788877818182,VVV,B,Open Long,21.404,5.72,0.059256,0.0,491.68,1447
1788877818182,VVV,B,Open Long,21.407,4.07,0.042168,0.0,497.4,1447
1788877854168,VVV,B,Open Long,21.48,5.99,0.062273,0.0,501.47,1448
1788877854168,VVV,B,Open Long,21.482,3.8,0.039509,0.0,507.46,1448
1788877890156,VVV,B,Open Long,21.248,6.98,0.071782,0.0,511.26,1449
1788877890156,VVV,B,Open Long,21.251,2.81,0.028901,0.0,518.24,1449
1788877926514,VVV,B,Open Long,21.423,7.67,0.079527,0.0,521.05,1450
1788877926514,VVV,B,Open Long,21.427,2.12,0.021985,0.0,528.72,1450
1788877962941,VVV,B,Open Long,21.477,4.67,0.048543,0.0,530.84,1451
1788877962941,VVV,B,Open Long,21.484,5.12,0.053238,0.0,535.51,1451
1788877999255,VVV,B,Open Long,21.645,9.79,0.102561,0.0,540.63,1452
1788878036154,VVV,B,Open Long,21.921,8.1,0.085939,0.0,550.42,1453
1788878036154,VVV,B,Open Long,21.924,1.7,0.018038,0.0,558.52,1453
1788878072138,VVV,B,Open Long,22.147,8.05,0.086288,0.0,560.22,1454
1788878072138,VVV,B,Open Long,22.147,1.75,0.018757,0.0,568.27,1454
1788878105014,CHIP,B,Open Long,0.053583,793.0,0.020565,0.0,0.0,1455
1788878105014,CHIP,B,Open Long,0.053586,1000.0,0.025935,0.0,793.0,1455
1788878105014,CHIP,B,Open Long,0.053588,995.0,0.025806,0.0,1793.0,1455
1788878105014,CHIP,B,Open Long,0.053592,11.0,0.000284,0.0,2788.0,1455
1788878108627,VVV,B,Open Long,22.156,9.03,0.096832,0.0,570.02,1456
1788878108627,VVV,B,Open Long,22.16,0.77,0.008258,0.0,579.05,1456
1788878141294,CHIP,B,Open Long,0.053461,948.0,0.024529,0.0,2799.0,1457
1788878141294,CHIP,B,Open Long,0.053462,956.0,0.024736,0.0,3747.0,1457
1788878141294,CHIP,B,Open Long,0.053466,895.0,0.02316,0.0,4703.0,1457
1788878144698,VVV,B,Open Long,22.339,3.0,0.032435,0.0,579.82,1458
1788878144698,VVV,B,Open Long,22.34,3.0,0.032437,0.0,582.82,1458
1788878144698,VVV,B,Open Long,22.347,3.79,0.040991,0.0,585.82,1458
1788878178005,CHIP,B,Open Long,0.053452,2799.0,0.072412,0.0,5598.0,1459
1788878181090,VVV,B,Open Long,22.356,8.08,0.087427,0.0,589.61,1460
1788878181090,VVV,B,Open Long,22.356,1.71,0.018501,0.0,597.69,1460
1788878213999,CHIP,B,Open Long,0.053372,2800.0,0.072329,0.0,8397.0,1461
1788878217493,VVV,B,Open Long,22.484,4.46,0.048533,0.0,599.4,1462
1788878217493,VVV,B,Open Long,22.484,4.45,0.048425,0.0,603.86,1462
1788878217493,VVV,B,Open Long,22.484,0.88,0.009575,0.0,608.31,1462
1788878251130,CHIP,B,Open Long,0.053407,2298.0,0.0594,0.0,11197.0,1463
1788878251130,CHIP,B,Open Long,0.053408,501.0,0.012949,0.0,13495.0,1463
1788878253817,VVV,B,Open Long,22.56,6.14,0.067042,0.0,609.19,1464
1788878253817,VVV,B,Open Long,22.562,3.65,0.039857,0.0,615.33,1464
1788878268317,NEAR,B,Open Long,2.3239,64.5,0.072547,0.0,0.0,1465
1788878268317,NEAR,B,Open Long,2.3241,430.2,0.483915,0.0,64.5,1465
1788878268317,NEAR,B,Open Long,2.3245,39.0,0.043876,0.0,494.7,1465
1788878268317,NEAR,B,Open Long,2.3245,43.0,0.048377,0.0,533.7,1465
1788878268317,NEAR,B,Open Long,2.3247,700.3,0.787945,0.0,576.7,1465
1788878268317,NEAR,B,Open Long,2.3251,689.0,0.775364,0.0,1277.0,1465
1788878268317,NEAR,B,Open Long,2.3252,186.9,0.210335,0.0,1966.0,1465
1788878277288,NEAR,B,Open Long,2.3251,430.0,0.483899,0.0,2152.9,1466
1788878277288,NEAR,B,Open Long,2.3254,771.7,0.868543,0.0,2582.9,1466
1788878277288,NEAR,B,Open Long,2.3255,154.3,0.17367,0.0,3354.6,1466
1788878277288,NEAR,B,Open Long,2.3256,290.1,0.326533,0.0,3508.9,1466
1788878277288,NEAR,B,Open Long,2.3257,506.8,0.570473,0.0,3799.0,1466
1788878286837,CHIP,B,Open Long,0.053431,1041.0,0.02692,0.0,13996.0,1467
1788878286837,CHIP,B,Open Long,0.053433,1758.0,0.045464,0.0,15037.0,1467
1788878290243,VVV,B,Open Long,22.669,9.79,0.107412,0.0,618.98,1468
1788878294699,VVV,A,Close Long,22.64,100.0,1.095776,160.07,628.77,1469
1788878299304,VVV,A,Close Long,22.688,8.3,0.091142,13.68421,528.77,1470
1788878299304,VVV,A,Close Long,22.686,8.33,0.091463,13.717011,520.47,1470
1788878299304,VVV,A,Close Long,22.683,8.33,0.09145,13.692021,512.14,1470
1788878299304,VVV,A,Close Long,22.68,3.04,0.033369,4.987728,503.81,1470
1788878314465,AERO,A,Close Long,0.62446,117.0,0.035361,6.622083,40007.0,1471
1788878314465,AERO,A,Close Long,0.62441,117.0,0.035358,6.616233,39890.0,1471
1788878314465,AERO,A,Close Long,0.62441,322.0,0.097313,18.208778,39773.0,1471
1788878314465,AERO,A,Close Long,0.62437,116.0,0.035053,6.555044,39451.0,1471
1788878314465,AERO,A,Close Long,0.62434,117.0,0.035354,6.608043,39335.0,1471
1788878314465,AERO,A,Close Long,0.62434,400.0,0.120871,22.5916,39218.0,1471
1788878314465,AERO,A,Close Long,0.62432,116.0,0.035051,6.549244,38818.0,1471
1788878314465,AERO,A,Close Long,0.62431,1011.0,0.305489,57.069939,38702.0,1471
1788878314465,AERO,A,Close Long,0.62428,116.0,0.035048,6.544604,37691.0,1471
1788878314465,AERO,A,Close Long,0.62428,316.0,0.095479,17.828404,37575.0,1471
1788878314465,AERO,A,Close Long,0.62425,94.0,0.028399,5.300566,37259.0,1471
1788878314465,AERO,A,Close Long,0.62423,116.0,0.035046,6.538804,37165.0,1471
1788878314465,AERO,A,Close Long,0.62422,641.0,0.19366,36.126119,37049.0,1471
1788878314465,AERO,A,Close Long,0.62421,3024.0,0.913603,170.399376,36408.0,1471
1788878314465,AERO,A,Close Long,0.62416,116.0,0.035042,6.530684,33384.0,1471
1788878314465,AERO,A,Close Long,0.62414,100.0,0.030207,5.6279,33268.0,1471
1788878314465,AERO,A,Close Long,0.62414,641.0,0.193635,36.074839,33168.0,1471
1788878314465,AERO,A,Close Long,0.62414,307.0,0.092739,17.277653,32527.0,1471
1788878314465,AERO,A,Close Long,0.62413,1186.0,0.358264,66.735034,32220.0,1471
1788878314465,AERO,A,Close Long,0.6241,641.0,0.193622,36.049199,31034.0,1471
1788878314465,AERO,A,Close Long,0.6241,1860.0,0.561839,104.60454,30393.0,1471
1788878314465,AERO,A,Close Long,0.62409,312.0,0.094241,17.543448,28533.0,1471
1788878314465,AERO,A,Close Long,0.62408,437.0,0.131997,24.567703,28221.0,1471
1788878314465,AERO,A,Close Long,0.62404,117.0,0.035337,6.572943,27784.0,1471
1788878314465,AERO,A,Close Long,0.62401,117.0,0.035335,6.569433,27667.0,1471
1788878314465,AERO,A,Close Long,0.62398,117.0,0.035334,6.565923,27550.0,1471
1788878314465,AERO,A,Close Long,0.62395,117.0,0.035332,6.562413,27433.0,1471
1788878314465,AERO,A,Close Long,0.62395,641.0,0.193576,35.953049,27316.0,1471
1788878314465,AERO,A,Close Long,0.62394,1082.0,0.326749,60.677478,26675.0,1471
1788878314465,AERO,A,Close Long,0.62393,586.0,0.176961,32.856434,25593.0,1471
1788878323141,CHIP,B,Open Long,0.053382,2801.0,0.072368,0.0,16795.0,1472
1788878326601,VVV,B,Open Long,22.877,9.8,0.108509,0.0,500.77,1473
1788878359497,CHIP,B,Open Long,0.05342,2799.0,0.072368,0.0,19596.0,1474
1788878362875,VVV,B,Open Long,22.824,9.79,0.108147,0.0,510.57,1475
1788878395408,VVV,A,Close Long,22.994,3.78,0.042067,7.13097,520.36,1476
1788878395408,VVV,A,Close Long,22.994,13.93,0.155027,26.278945,516.58,1476
1788878395408,VVV,A,Close Long,22.993,2.29,0.025484,4.317795,502.65,1476
1788878395825,CHIP,B,Open Long,0.053471,1024.0,0.0265,0.0,22395.0,1477
1788878395825,CHIP,B,Open Long,0.053477,1024.0,0.026504,0.0,23419.0,1477
1788878395825,CHIP,B,Open Long,0.053482,752.0,0.019464,0.0,24443.0,1477
1788878399330,VVV,B,Open Long,23.01,9.79,0.109028,0.0,500.36,1478
1788878432171,CHIP,B,Open Long,0.053632,1200.0,0.031148,0.0,25195.0,1479
1788878432171,CHIP,B,Open Long,0.053633,1200.0,0.031149,0.0,26395.0,1479
1788878432171,CHIP,B,Open Long,0.053634,399.0,0.010356,0.0,27595.0,1479
1788878435585,VVV,B,Open Long,23.009,1.28,0.014254,0.0,510.15,1480
1788878435585,VVV,B,Open Long,23.009,5.52,0.061471,0.0,511.43,1480
1788878435585,VVV,B,Open Long,23.01,2.99,0.033298,0.0,516.95,1480
1788878454373,VVV,A,Close Long,22.871,1.06,0.011733,1.793414,519.94,1481
1788878454373,VVV,A,Close Long,22.871,5.57,0.061657,9.423883,518.88,1481
1788878454373,VVV,A,Close Long,22.871,17.49,0.193606,29.591331,513.31,1481
1788878454373,VVV,A,Close Long,22.87,495.82,5.48827,838.382038,495.82,1481
1788878468648,CHIP,B,Open Long,0.053693,931.0,0.024193,0.0,27994.0,1482
1788878468648,CHIP,B,Open Long,0.0537,1868.0,0.04855,0.0,28925.0,1482
1788878472150,VVV,B,Open Long,22.914,7.71,0.085506,0.0,0.0,1483
1788878472150,VVV,B,Open Long,22.916,2.09,0.02318,0.0,7.71,1483
1788878500385,NEAR,B,Open Long,2.3261,21.4,0.024091,0.0,4305.8,1484
1788878500385,NEAR,B,Open Long,2.3266,107.5,0.121052,0.0,4327.2,1484
1788878504937,CHIP,B,Open Long,0.053774,913.0,0.023761,0.0,30793.0,1485
1788878504937,CHIP,B,Open Long,0.053775,1886.0,0.049086,0.0,31706.0,1485
1788878508360,VVV,B,Open Long,22.721,2.2,0.024192,0.0,9.8,1486
1788878508360,VVV,B,Open Long,22.724,7.59,0.083477,0.0,12.0,1486
1788878514640,CHIP,B,Open Long,0.053869,16120.0,0.420289,0.0,33592.0,1487
1788878514640,CHIP,B,Open Long,0.053876,7424.0,0.193587,0.0,49712.0,1487
1788878514640,CHIP,B,Open Long,0.053882,1856.0,0.048401,0.0,57136.0,1487
1788878514640,CHIP,B,Open Long,0.053889,7423.0,0.193607,0.0,58992.0,1487
1788878514640,CHIP,B,Open Long,0.053895,4287.0,0.111826,0.0,66415.0,1487
1788878541240,CHIP,B,Open Long,0.053777,1048.0,0.027276,0.0,70702.0,1488
1788878541240,CHIP,B,Open Long,0.053782,1048.0,0.027279,0.0,71750.0,1488
1788878541240,CHIP,B,Open Long,0.053786,703.0,0.0183,0.0,72798.0,1488
1788878544757,VVV,B,Open Long,22.603,7.97,0.08719,0.0,19.59,1489
1788878544757,VVV,B,Open Long,22.604,1.82,0.01991,0.0,27.56,1489
1788878573110,NEAR,B,Open Long,2.3246,128.9,0.145026,0.0,4434.7,1490
1788878577720,CHIP,B,Open Long,0.053602,1006.0,0.026098,0.0,73501.0,1491
1788878577720,CHIP,B,Open Long,0.05361,997.0,0.025868,0.0,74507.0,1491
1788878577720,CHIP,B,Open Long,0.053611,796.0,0.020653,0.0,75504.0,1491
1788878581089,VVV,B,Open Long,22.811,4.38,0.048357,0.0,29.38,1492
1788878581089,VVV,B,Open Long,22.813,5.41,0.059733,0.0,33.76,1492
1788878613946,CHIP,B,Open Long,0.053582,2800.0,0.072613,0.0,76300.0,1493
1788878617554,VVV,B,Open Long,22.988,4.36,0.048509,0.0,39.17,1494
1788878617554,VVV,B,Open Long,22.993,5.43,0.060428,0.0,43.53,1494
1788878623257,NEAR,B,Open Long,2.3295,171.7,0.193587,0.0,4563.6,1495
1788878623257,NEAR,B,Open Long,2.3299,1975.0,2.227151,0.0,4735.3,1495
1788878645910,NEAR,B,Open Long,2.3277,42.4,0.047767,0.0,6710.3,1496
1788878645910,NEAR,B,Open Long,2.328,64.4,0.072562,0.0,6752.7,1496
1788878645910,NEAR,B,Open Long,2.3281,22.1,0.024902,0.0,6817.1,1496
1788878650459,CHIP,B,Open Long,0.053535,1868.0,0.048401,0.0,79100.0,1497
1788878650459,CHIP,B,Open Long,0.053539,200.0,0.005181,0.0,80968.0,1497
1788878650459,CHIP,B,Open Long,0.05354,200.0,0.005181,0.0,81168.0,1497
1788878650459,CHIP,B,Open Long,0.053541,531.0,0.01376,0.0,81368.0,1497
1788878653828,VVV,B,Open Long,23.218,4.32,0.048545,0.0,48.96,1498
1788878653828,VVV,B,Open Long,23.22,5.47,0.061474,0.0,53.28,1498
1788878687210,CHIP,B,Open Long,0.053511,872.0,0.022584,0.0,81899.0,1499
1788878687210,CHIP,B,Open Long,0.053519,935.0,0.024219,0.0,82771.0,1499
1788878687210,CHIP,B,Open Long,0.05352,992.0,0.025696,0.0,83706.0,1499
1788878691200,VVV,B,Open Long,23.417,9.79,0.110957,0.0,58.75,1500
1788878718616,NEAR,B,Open Long,2.3254,128.9,0.145075,0.0,6839.2,1501
1788878723178,CHIP,B,Open Long,0.053558,1027.0,0.026621,0.0,84698.0,1502
1788878723178,CHIP,B,Open Long,0.053558,1773.0,0.045959,0.0,85725.0,1502
1788878726532,VVV,B,Open Long,23.482,9.8,0.111379,0.0,68.54,1503
1788878759481,CHIP,B,Open Long,0.053531,1061.0,0.027488,0.0,87498.0,1504
1788878759481,CHIP,B,Open Long,0.053536,1062.0,0.027517,0.0,88559.0,1504
1788878759481,CHIP,B,Open Long,0.053539,676.0,0.017516,0.0,89621.0,1504
1788878762862,VVV,B,Open Long,23.694,8.44,0.096788,0.0,78.34,1505
1788878762862,VVV,B,Open Long,23.718,1.35,0.015496,0.0,86.78,1505
1788878791301,NEAR,B,Open Long,2.3304,107.2,0.120911,0.0,6968.1,1506
1788878791301,NEAR,B,Open Long,2.3304,21.4,0.024137,0.0,7075.3,1506
1788878791301,NEAR,B,Open Long,2.3306,0.3,0.000337,0.0,7096.7,1506
1788878795879,CHIP,B,Open Long,0.053581,1110.0,0.028785,0.0,90297.0,1507
1788878795879,CHIP,B,Open Long,0.053585,1110.0,0.028787,0.0,91407.0,1507
1788878795879,CHIP,B,Open Long,0.053586,579.0,0.015016,0.0,92517.0,1507
1788878799243,VVV,B,Open Long,23.54,9.79,0.11154,0.0,88.13,1508
1788878813467,NEAR,B,Open Long,2.3354,256.9,0.290382,0.0,7097.0,1509
1788878813467,NEAR,B,Open Long,2.3355,256.9,0.290394,0.0,7353.9,1509
1788878813467,NEAR,B,Open Long,2.3356,256.8,0.290294,0.0,7610.8,1509
1788878813467,NEAR,B,Open Long,2.3357,256.8,0.290306,0.0,7867.6,1509
1788878813467,NEAR,B,Open Long,2.3358,330.3,0.373412,0.0,8124.4,1509
1788878813467,NEAR,B,Open Long,2.3359,783.4,0.885692,0.0,8454.7,1509
1788878832287,CHIP,B,Open Long,0.05376,893.0,0.023234,0.0,93096.0,1510
1788878832287,CHIP,B,Open Long,0.053763,1116.0,0.029038,0.0,93989.0,1510
1788878832287,CHIP,B,Open Long,0.053763,790.0,0.020556,0.0,95105.0,1510
1788878835684,VVV,B,Open Long,23.823,9.79,0.112881,0.0,97.92,1511
1788878864077,NEAR,B,Open Long,2.3367,128.9,0.145781,0.0,9238.1,1512
1788878868598,CHIP,B,Open Long,0.053732,910.0,0.023665,0.0,95895.0,1513
1788878868598,CHIP,B,Open Long,0.053744,910.0,0.02367,0.0,96805.0,1513
1788878868598,CHIP,B,Open Long,0.053747,492.0,0.012798,0.0,97715.0,1513
1788878868598,CHIP,B,Open Long,0.053748,487.0,0.012668,0.0,98207.0,1513
1788878871968,VVV,B,Open Long,23.956,9.8,0.113627,0.0,107.71,1514
1788878904871,CHIP,B,Open Long,0.053718,967.0,0.02514,0.0,98694.0,1515
1788878904871,CHIP,B,Open Long,0.053719,1832.0,0.047631,0.0,99661.0,1515
1788878908315,VVV,B,Open Long,23.899,9.79,0.113241,0.0,117.51,1516
1788878936712,NEAR,B,Open Long,2.3366,128.9,0.145774,0.0,9367.0,1517
1788878941316,CHIP,B,Open Long,0.053828,2799.0,0.072921,0.0,101493.0,1518
1788878944715,VVV,B,Open Long,24.075,2.07,0.024119,0.0,127.3,1519
1788878944715,VVV,B,Open Long,24.077,7.72,0.089962,0.0,129.37,1519
1788878977599,CHIP,B,Open Long,0.054057,1200.0,0.031395,0.0,104292.0,1520
1788878977599,CHIP,B,Open Long,0.054058,1110.0,0.029041,0.0,105492.0,1520
1788878977599,CHIP,B,Open Long,0.054062,489.0,0.012794,0.0,106602.0,1520
1788878981097,VVV,B,Open Long,24.142,2.9,0.033885,0.0,137.09,1521
1788878981097,VVV,B,Open Long,24.143,2.9,0.033886,0.0,139.99,1521
1788878981097,VVV,B,Open Long,24.144,3.99,0.046625,0.0,142.89,1521
1788879010192,NEAR,B,Open Long,2.3428,128.9,0.14616,0.0,9495.9,1522
1788879013990,CHIP,B,Open Long,0.054187,2799.0,0.073407,0.0,107091.0,1523
1788879017434,VVV,B,Open Long,24.193,1.18,0.013816,0.0,146.88,1524
1788879017434,VVV,B,Open Long,24.194,8.0,0.093678,0.0,148.06,1524
1788879017434,VVV,B,Open Long,24.213,0.61,0.007147,0.0,156.06,1524
1788879028305,@334,B,Buy,0.20861,120.15,0.03460318,0.0,15305.69556214,1363
1788879042986,@334,B,Buy,0.2079,125.43,0.0361238,0.0,15425.81095896,1364
1788879050345,CHIP,B,Open Long,0.054293,1842.0,0.048402,0.0,109890.0,1525
1788879050345,CHIP,B,Open Long,0.054293,957.0,0.025147,0.0,111732.0,1525
1788879050751,@334,B,Buy,0.20719,130.78,0.0376646,0.0,15551.20483516,1365
1788879050751,@334,B,Buy,0.20647,136.19,0.03922269,0.0,15681.94717056,1366
1788879053777,VVV,B,Open Long,24.075,4.15,0.048356,0.0,156.67,1526
1788879053777,VVV,B,Open Long,24.081,1.54,0.017948,0.0,160.82,1526
1788879053777,VVV,B,Open Long,24.082,1.54,0.017949,0.0,162.36,1526
1788879053777,VVV,B,Open Long,24.083,1.05,0.012238,0.0,163.9,1526
1788879053777,VVV,B,Open Long,24.083,1.51,0.0176,0.0,164.95,1526
1788879057349,@334,B,Buy,0.20576,141.67,0.04080093,0.0,15818.09794787,1367
1788879058967,@334,B,Buy,0.20505,147.22,0.04239931,0.0,15959.72714694,1368
1788879082225,NEAR,B,Open Long,2.3392,128.9,0.145936,0.0,9624.8,1527
1788879086766,CHIP,B,Open Long,0.054252,946.0,0.024839,0.0,112689.0,1528
1788879086766,CHIP,B,Open Long,0.054252,1853.0,0.048655,0.0,113635.0,1528
1788879090175,VVV,B,Open Long,24.312,4.55,0.053538,0.0,166.46,1529
1788879090175,VVV,B,Open Long,24.314,4.55,0.053543,0.0,171.01,1529
1788879090175,VVV,B,Open Long,24.317,0.7,0.008238,0.0,175.56,1529
1788879113211,VVV,A,Close Long,23.991,7.59,0.088132,3.354021,176.26,1530
1788879113211,VVV,A,Close Long,23.987,6.04,0.070122,2.644916,168.67,1530
1788879113211,VVV,A,Close Long,23.983,6.04,0.07011,2.620756,162.63,1530
1788879113211,VVV,A,Close Long,23.981,8.47,0.098308,3.658193,156.59,1530
1788879113211,VVV,A,Close Long,23.979,6.04,0.070098,2.596596,148.12,1530
1788879113211,VVV,A,Close Long,23.977,37.73,0.437851,16.144667,142.08,1530
1788879113211,VVV,A,Close Long,23.975,6.04,0.070086,2.572436,104.35,1530
1788879113211,VVV,A,Close Long,23.971,4.06,0.047103,1.712914,98.31,1530
1788879113211,VVV,A,Close Long,23.971,8.47,0.098268,3.573493,94.25,1530
1788879113211,VVV,A,Close Long,23.953,1.5,0.017388,0.60585,85.78,1530
1788879113211,VVV,A,Close Long,23.95,4.93,0.057147,1.976437,84.28,1530
1788879113211,VVV,A,Close Long,23.95,4.93,0.057147,1.976437,79.35,1530
1788879113211,VVV,A,Close Long,23.946,8.47,0.098165,3.361743,74.42,1530
1788879113211,VVV,A,Close Long,23.946,37.73,0.437285,14.975037,65.95,1530
1788879113211,VVV,A,Close Long,23.945,6.22,0.072085,2.462498,28.22,1530
1788879113211,VVV,A,Close Long,23.941,6.22,0.072073,2.437618,22.0,1530
1788879113211,VVV,A,Close Long,23.937,6.22,0.072061,2.412738,15.78,1530
1788879113211,VVV,A,Close Long,23.936,8.47,0.098124,3.277043,9.56,1530
1788879113211,VVV,A,Close Long,23.936,1.09,0.012627,0.421721,1.09,1530
1788879123055,CHIP,B,Open Long,0.053997,1068.0,0.02791,0.0,115488.0,1531
1788879123055,CHIP,B,Open Long,0.054,1732.0,0.045266,0.0,116556.0,1531
1788879131210,VVV,B,Open Long,23.841,9.13,0.046841,0.0,0.0,1583
1788879154925,NEAR,B,Open Long,2.3396,128.9,0.145961,0.0,9753.7,1584
1788879159518,CHIP,B,Open Long,0.054163,1026.0,0.026896,0.0,118288.0,1585
1788879159518,CHIP,B,Open Long,0.054168,1025.0,0.026872,0.0,119314.0,1585
1788879159518,CHIP,B,Open Long,0.054169,748.0,0.01961,0.0,120339.0,1585
1788879195830,CHIP,B,Open Long,0.054158,2799.0,0.073367,0.0,121087.0,1586
1788879220344,VVV,B,Open Long,23.802,9.13,0.046765,0.0,9.13,1582
1788879220791,VVV,B,Open Long,23.763,4.62,0.023625,0.0,18.26,1581
1788879227829,NEAR,B,Open Long,2.3475,128.9,0.146454,0.0,9882.6,1587
1788879228760,VVV,B,Open Long,23.763,4.51,0.023063,0.0,22.88,1581
1788879232164,CHIP,B,Open Long,0.054358,2799.0,0.073638,0.0,123886.0,1588
1788879232845,VVV,B,Open Long,23.725,9.13,0.046613,0.0,27.39,1580
1788879238015,VVV,B,Open Long,23.686,2.74,0.013965,0.0,36.52,1579
1788879239026,VVV,B,Open Long,23.686,4.26,0.021713,0.0,39.26,1579
1788879239092,VVV,B,Open Long,23.686,2.13,0.010856,0.0,43.52,1579
1788879239628,VVV,B,Open Long,23.647,9.13,0.04646,0.0,45.65,1578
1788879239835,VVV,B,Open Long,23.608,3.38,0.017171,0.0,54.78,1577
1788879239835,VVV,B,Open Long,23.608,5.75,0.029211,0.0,58.16,1577
1788879240101,VVV,B,Open Long,23.57,9.13,0.046309,0.0,63.91,1576
1788879240481,VVV,B,Open Long,23.531,9.13,0.046232,0.0,73.04,1575
1788879240481,VVV,B,Open Long,23.492,9.13,0.046156,0.0,82.17,1574
1788879268546,CHIP,B,Open Long,0.054294,863.0,0.022677,0.0,126685.0,1589
1788879268546,CHIP,B,Open Long,0.054298,1937.0,0.050904,0.0,127548.0,1589
1788879284546,VVV,B,Open Long,23.453,3.0,0.01514,0.0,91.3,1573
1788879284610,VVV,B,Open Long,23.453,6.13,0.030937,0.0,94.3,1573
1788879286432,VVV,B,Open Long,23.414,9.13,0.046002,0.0,100.43,1572
1788879287302,VVV,B,Open Long,23.376,0.43,0.002162,0.0,109.56,1571
1788879287569,VVV,B,Open Long,23.376,7.5,0.037728,0.0,109.99,1571
1788879287569,VVV,B,Open Long,23.376,1.2,0.006036,0.0,117.49,1571
1788879288242,VVV,B,Open Long,23.337,9.13,0.045851,0.0,118.69,1570
1788879288442,VVV,B,Open Long,23.298,9.13,0.045775,0.0,127.82,1569
1788879288442,VVV,B,Open Long,23.259,9.13,0.045698,0.0,136.95,1568
1788879288442,VVV,B,Open Long,23.221,9.13,0.045623,0.0,146.08,1567
1788879290602,VVV,B,Open Long,23.182,9.13,0.045547,0.0,155.21,1566
1788879290602,VVV,B,Open Long,23.143,9.13,0.04547,0.0,164.34,1565
1788879291278,VVV,B,Open Long,23.104,9.13,0.045393,0.0,173.47,1564
1788879291278,VVV,B,Open Long,23.065,9.13,0.045317,0.0,182.6,1563
1788879291278,VVV,B,Open Long,23.027,9.13,0.045242,0.0,191.73,1562
1788879300436,NEAR,B,Open Long,2.3501,128.9,0.146616,0.0,10011.5,1590
1788879304936,CHIP,B,Open Long,0.054261,1059.0,0.027811,0.0,129485.0,1591
1788879304936,CHIP,B,Open Long,0.054265,1069.0,0.028075,0.0,130544.0,1591
1788879304936,CHIP,B,Open Long,0.054268,671.0,0.017623,0.0,131613.0,1591
1788879315696,AERO,A,Close Long,0.63578,115.0,0.035387,7.810685,25007.0,1592
1788879315696,AERO,A,Close Long,0.63573,115.0,0.035383,7.804935,24892.0,1592
1788879315696,AERO,A,Close Long,0.63568,115.0,0.035381,7.799185,24777.0,1592
1788879315696,AERO,A,Close Long,0.63567,115.0,0.035381,7.798035,24662.0,1592
1788879315696,AERO,A,Close Long,0.63567,629.0,0.19352,42.651861,24547.0,1592
1788879315696,AERO,A,Close Long,0.63562,629.0,0.193505,42.620411,23918.0,1592
1788879315696,AERO,A,Close Long,0.63561,116.0,0.035685,7.858884,23289.0,1592
1788879315696,AERO,A,Close Long,0.63557,629.0,0.19349,42.588961,23173.0,1592
1788879315696,AERO,A,Close Long,0.63556,115.0,0.035374,7.785385,22544.0,1592
1788879315696,AERO,A,Close Long,0.63552,115.0,0.035372,7.780785,22429.0,1592
1788879315696,AERO,A,Close Long,0.63552,629.0,0.193474,42.557511,22314.0,1592
1788879315696,AERO,A,Close Long,0.63551,95.0,0.02922,6.426655,21685.0,1592
1788879315696,AERO,A,Close Long,0.63547,629.0,0.193459,42.526061,21590.0,1592
1788879315696,AERO,A,Close Long,0.63546,117.0,0.035983,7.909083,20961.0,1592
1788879315696,AERO,A,Close Long,0.63542,401.0,0.123324,27.091159,20844.0,1592
1788879315696,AERO,A,Close Long,0.63541,117.0,0.035981,7.903233,20443.0,1592
1788879315696,AERO,A,Close Long,0.63536,115.0,0.035363,7.762385,20326.0,1592
1788879315696,AERO,A,Close Long,0.63528,115.0,0.035358,7.753185,20211.0,1592
1788879315696,AERO,A,Close Long,0.63527,89.0,0.027363,5.999401,20096.0,1592
1788879341334,CHIP,B,Open Long,0.054252,2799.0,0.073495,0.0,132284.0,1593
1788879373210,NEAR,B,Open Long,2.3468,129.0,0.146524,0.0,10140.4,1594
1788879377632,CHIP,B,Open Long,0.054288,2799.0,0.073544,0.0,135083.0,1595
1788879414018,CHIP,B,Open Long,0.054805,966.0,0.025623,0.0,137882.0,1596
1788879414018,CHIP,B,Open Long,0.054807,963.0,0.025544,0.0,138848.0,1596
1788879414018,CHIP,B,Open Long,0.054867,729.0,0.019358,0.0,139811.0,1596
1788879414018,CHIP,B,Open Long,0.054868,141.0,0.003743,0.0,140540.0,1596
1788879445874,NEAR,B,Open Long,2.3492,82.2,0.093462,0.0,10269.4,1597
1788879445874,NEAR,B,Open Long,2.3495,46.7,0.053105,0.0,10351.6,1597
1788879450380,CHIP,B,Open Long,0.054877,1015.0,0.026958,0.0,140681.0,1598
1788879450380,CHIP,B,Open Long,0.054878,1784.0,0.047384,0.0,141696.0,1598
1788879486700,CHIP,B,Open Long,0.055217,721.0,0.019268,0.0,143480.0,1599
1788879486700,CHIP,B,Open Long,0.055217,721.0,0.019268,0.0,144201.0,1599
1788879486700,CHIP,B,Open Long,0.055217,721.0,0.019268,0.0,144922.0,1599
1788879486700,CHIP,B,Open Long,0.055217,637.0,0.017023,0.0,145643.0,1599
1788879518556,NEAR,B,Open Long,2.3548,128.9,0.146909,0.0,10398.3,1600
1788879520223,VVV,B,Open Long,22.988,4.32,0.02137,0.0,200.86,1561
1788879520223,VVV,B,Open Long,22.988,4.81,0.023794,0.0,205.18,1561
1788879520223,VVV,B,Open Long,22.949,0.09,0.000443,0.0,209.99,1560
1788879520223,VVV,B,Open Long,22.949,6.53,0.032248,0.0,210.08,1560
1788879520223,VVV,B,Open Long,22.949,2.51,0.012395,0.0,216.61,1560
1788879520356,VVV,B,Open Long,22.91,0.54,0.002662,0.0,219.12,1559
1788879520956,VVV,B,Open Long,22.91,8.59,0.04235,0.0,219.66,1559
1788879521288,VVV,B,Open Long,22.872,9.13,0.044938,0.0,228.25,1558
1788879523108,CHIP,B,Open Long,0.055471,1044.0,0.028029,0.0,146280.0,1601
1788879523108,CHIP,B,Open Long,0.055471,1755.0,0.047118,0.0,147324.0,1601
1788879542252,VVV,B,Open Long,22.833,9.13,0.044861,0.0,237.38,1557
1788879545095,VVV,B,Open Long,22.794,9.13,0.044784,0.0,246.51,1556
1788879559496,CHIP,B,Open Long,0.05594,1091.0,0.029538,0.0,149079.0,1602
1788879559496,CHIP,B,Open Long,0.055949,1088.0,0.029462,0.0,150170.0,1602
1788879559496,CHIP,B,Open Long,0.05596,620.0,0.016791,0.0,151258.0,1602
1788879591327,NEAR,B,Open Long,2.3579,128.9,0.147103,0.0,10527.2,1603
1788879595891,CHIP,B,Open Long,0.056154,2799.0,0.076072,0.0,151878.0,1604
1788879625073,VVV,A,Close Long,23.173,6.91,0.0775,-0.998495,255.64,1605
1788879625073,VVV,A,Close Long,23.167,4.89,0.05483,-0.735945,248.73,1605
1788879625073,VVV,A,Close Long,23.165,17.27,0.193627,-2.633675,243.84,1605
1788879625073,VVV,A,Close Long,23.164,7.04,0.078927,-1.08064,226.57,1605
1788879625073,VVV,A,Close Long,23.163,17.27,0.193611,-2.668215,219.53,1605
1788879625073,VVV,A,Close Long,23.162,15.53,0.174097,-2.414915,202.26,1605
1788879625073,VVV,A,Close Long,23.161,5.09,0.057057,-0.796585,186.73,1605
1788879625073,VVV,A,Close Long,23.156,8.99,0.100755,-1.451885,181.64,1605
1788879625073,VVV,A,Close Long,23.151,15.53,0.174014,-2.585745,172.65,1605
1788879625073,VVV,A,Close Long,23.148,55.72,0.624265,-9.44454,157.12,1605
1788879625073,VVV,A,Close Long,23.143,13.93,0.156032,-2.430785,101.4,1605
1788879625073,VVV,A,Close Long,23.137,2.21,0.024747,-0.398905,87.47,1605
1788879625073,VVV,A,Close Long,23.137,26.7,0.298994,-4.81935,85.26,1605
1788879625073,VVV,A,Close Long,23.135,6.27,0.070206,-1.144275,58.56,1605
1788879625073,VVV,A,Close Long,23.134,10.81,0.121037,-1.983635,52.29,1605
1788879625073,VVV,A,Close Long,23.133,15.53,0.173879,-2.865285,41.48,1605
1788879625073,VVV,A,Close Long,23.132,7.01,0.078482,-1.300355,25.95,1605
1788879625073,VVV,A,Close Long,23.131,7.06,0.079039,-1.31669,18.94,1605
1788879625073,VVV,A,Close Long,23.13,4.32,0.048361,-0.81,11.88,1605
1788879625073,VVV,A,Close Long,23.128,5.21,0.058319,-0.987295,7.56,1605
1788879625073,VVV,A,Close Long,23.123,2.35,0.026299,-0.457075,2.35,1605
1788879633167,CHIP,B,Open Long,0.055798,1071.0,0.028922,0.0,154677.0,1606
1788879633167,CHIP,B,Open Long,0.055808,1071.0,0.028928,0.0,155748.0,1606
1788879633167,CHIP,B,Open Long,0.055809,657.0,0.017745,0.0,156819.0,1606
1788879664038,NEAR,B,Open Long,2.3496,128.9,0.146585,0.0,10656.1,1607
1788879668536,CHIP,B,Open Long,0.055567,2799.0,0.075277,0.0,157476.0,1608
1788879687521,NEAR,B,Open Long,2.3699,1055.1,1.210232,0.0,10785.0,1609
1788879689676,NEAR,B,Open Long,2.3701,363.0,0.416406,0.0,11840.1,1610
1788879689676,NEAR,B,Open Long,2.3701,489.3,0.561288,0.0,12203.1,1610
1788879689676,NEAR,B,Open Long,2.3701,5.0,0.005735,0.0,12692.4,1610
1788879689676,NEAR,B,Open Long,2.3702,197.8,0.226911,0.0,12697.4,1610
1788879704893,CHIP,B,Open Long,0.055689,2799.0,0.075442,0.0,160275.0,1611
1788879736825,NEAR,B,Open Long,2.3752,128.9,0.148182,0.0,12895.2,1612
1788879741248,CHIP,B,Open Long,0.05544,1056.0,0.028335,0.0,163074.0,1613
1788879741248,CHIP,B,Open Long,0.055447,1054.0,0.028285,0.0,164130.0,1613
1788879741248,CHIP,B,Open Long,0.055455,690.0,0.018519,0.0,165184.0,1613
1788879777644,CHIP,B,Open Long,0.055283,2799.0,0.074892,0.0,165874.0,1614
1788879797019,NEAR,B,Open Long,2.3872,837.8,0.967997,0.0,13024.1,1615
1788879797019,NEAR,B,Open Long,2.3877,210.1,0.2428,0.0,13861.9,1615
1788879810216,NEAR,B,Open Long,2.3814,20.9,0.024089,0.0,14072.0,1616
1788879810216,NEAR,B,Open Long,2.3818,108.1,0.124616,0.0,14092.9,1616
1788879814092,CHIP,B,Open Long,0.055253,124.0,0.003315,0.0,168673.0,1617
1788879814092,CHIP,B,Open Long,0.055255,1810.0,0.048405,0.0,168797.0,1617
1788879814092,CHIP,B,Open Long,0.055267,865.0,0.023137,0.0,170607.0,1617
1788879850492,CHIP,B,Open Long,0.055566,1074.0,0.028883,0.0,171472.0,1618
1788879850492,CHIP,B,Open Long,0.055566,1074.0,0.028883,0.0,172546.0,1618
1788879850492,CHIP,B,Open Long,0.055581,651.0,0.017512,0.0,173620.0,1618
1788879882260,NEAR,B,Open Long,2.3784,129.0,0.148497,0.0,14201.0,1619
1788879886712,CHIP,B,Open Long,0.055671,1082.0,0.029153,0.0,174271.0,1620
1788879886712,CHIP,B,Open Long,0.055672,1717.0,0.046264,0.0,175353.0,1620
1788879890146,NEAR,B,Open Long,2.3828,167.9,0.193634,0.0,14330.0,1621
1788879890146,NEAR,B,Open Long,2.3832,439.3,0.506717,0.0,14497.9,1621
1788879890146,NEAR,B,Open Long,2.3833,771.7,0.890168,0.0,14937.2,1621
1788879890146,NEAR,B,Open Long,2.3834,439.3,0.50676,0.0,15708.9,1621
1788879890146,NEAR,B,Open Long,2.3836,438.7,0.506111,0.0,16148.2,1621
1788879890146,NEAR,B,Open Long,2.3837,125.9,0.145251,0.0,16586.9,1621
1788879890146,NEAR,B,Open Long,2.3838,167.8,0.1936,0.0,16712.8,1621
1788879890146,NEAR,B,Open Long,2.3838,438.7,0.506153,0.0,16880.6,1621
1788879890146,NEAR,B,Open Long,2.3839,1207.8,1.393568,0.0,17319.3,1621
1788879923200,CHIP,B,Open Long,0.055753,1141.0,0.030788,0.0,177070.0,1622
1788879923200,CHIP,B,Open Long,0.055754,1659.0,0.044767,0.0,178211.0,1622
1788879954993,NEAR,B,Open Long,2.3873,128.9,0.148937,0.0,18527.1,1623
1788879959419,CHIP,B,Open Long,0.055751,1100.0,0.029681,0.0,179870.0,1624
1788879959419,CHIP,B,Open Long,0.055751,1100.0,0.029681,0.0,180970.0,1624
1788879959419,CHIP,B,Open Long,0.05576,600.0,0.016192,0.0,182070.0,1624
1788879995863,CHIP,B,Open Long,0.055603,1134.0,0.030517,0.0,182670.0,1625
1788879995863,CHIP,B,Open Long,0.055612,1665.0,0.044815,0.0,183804.0,1625
1788880027626,NEAR,B,Open Long,2.3903,129.0,0.149239,0.0,18656.0,1626
1788880032180,CHIP,B,Open Long,0.055643,1101.0,0.02965,0.0,185469.0,1627
1788880032180,CHIP,B,Open Long,0.055643,1698.0,0.045729,0.0,186570.0,1627
1788880068647,CHIP,B,Open Long,0.055636,1000.0,0.026927,0.0,188268.0,1628
1788880068647,CHIP,B,Open Long,0.055645,1134.0,0.03054,0.0,189268.0,1628
1788880068647,CHIP,B,Open Long,0.055653,665.0,0.017911,0.0,190402.0,1628
1788880100393,NEAR,B,Open Long,2.4191,128.9,0.150921,0.0,18785.0,1629
1788880105066,CHIP,B,Open Long,0.055479,1803.0,0.048412,0.0,191067.0,1630
1788880105066,CHIP,B,Open Long,0.055483,996.0,0.026746,0.0,192870.0,1630
1788880141384,CHIP,B,Open Long,0.055441,1221.0,0.032763,0.0,193866.0,1631
1788880141384,CHIP,B,Open Long,0.055445,1207.0,0.03239,0.0,195087.0,1631
1788880141384,CHIP,B,Open Long,0.055454,371.0,0.009957,0.0,196294.0,1631
1788880173179,NEAR,B,Open Long,2.4215,129.1,0.151305,0.0,18913.9,1632
1788880177600,CHIP,B,Open Long,0.055571,1013.0,0.027245,0.0,196665.0,1633
1788880177600,CHIP,B,Open Long,0.055578,1135.0,0.030531,0.0,197678.0,1633
1788880177600,CHIP,B,Open Long,0.055585,652.0,0.01754,0.0,198813.0,1633
1788880213955,CHIP,B,Open Long,0.055702,1980.0,0.053379,0.0,199465.0,1634
1788880213955,CHIP,B,Open Long,0.05571,819.0,0.022082,0.0,201445.0,1634
1788880245855,NEAR,B,Open Long,2.4123,128.9,0.150497,0.0,19043.0,1635
1788880250407,CHIP,B,Open Long,0.055695,1170.0,0.031538,0.0,202264.0,1636
1788880250407,CHIP,B,Open Long,0.055702,1182.0,0.031865,0.0,203434.0,1636
1788880250407,CHIP,B,Open Long,0.055703,448.0,0.012077,0.0,204616.0,1636
1788880286720,CHIP,B,Open Long,0.055701,1171.0,0.031568,0.0,205064.0,1637
1788880286720,CHIP,B,Open Long,0.055708,1171.0,0.031572,0.0,206235.0,1637
1788880286720,CHIP,B,Open Long,0.055708,457.0,0.012321,0.0,207406.0,1637
1788880318598,NEAR,B,Open Long,2.4323,128.9,0.151745,0.0,19171.9,1638
1788880323117,CHIP,B,Open Long,0.055885,1127.0,0.030483,0.0,207863.0,1639
1788880323117,CHIP,B,Open Long,0.055893,1129.0,0.030541,0.0,208990.0,1639
1788880323117,CHIP,B,Open Long,0.0559,543.0,0.01469,0.0,210119.0,1639
1788880359490,CHIP,B,Open Long,0.055957,398.0,0.010779,0.0,210662.0,1640
1788880359490,CHIP,B,Open Long,0.055963,955.0,0.025866,0.0,211060.0,1640
1788880359490,CHIP,B,Open Long,0.055969,1447.0,0.039197,0.0,212015.0,1640
1788880391289,NEAR,B,Open Long,2.4324,129.0,0.151868,0.0,19300.8,1641
1788880395872,CHIP,B,Open Long,0.05563,847.0,0.022804,0.0,213462.0,1642
1788880395872,CHIP,B,Open Long,0.055636,847.0,0.022807,0.0,214309.0,1642
1788880395872,CHIP,B,Open Long,0.055642,847.0,0.022809,0.0,215156.0,1642
1788880395872,CHIP,B,Open Long,0.055644,258.0,0.006947,0.0,216003.0,1642
1788880432204,CHIP,B,Open Long,0.055608,805.0,0.021665,0.0,216261.0,1643
1788880432204,CHIP,B,Open Long,0.055611,934.0,0.025139,0.0,217066.0,1643
1788880432204,CHIP,B,Open Long,0.055619,797.0,0.021454,0.0,218000.0,1643
1788880432204,CHIP,B,Open Long,0.05562,263.0,0.007079,0.0,218797.0,1643
1788880464028,NEAR,B,Open Long,2.4127,128.9,0.150521,0.0,19429.8,1644
1788880468531,CHIP,B,Open Long,0.055656,1797.0,0.048406,0.0,219060.0,1645
1788880468531,CHIP,B,Open Long,0.055667,842.0,0.022685,0.0,220857.0,1645
1788880468531,CHIP,B,Open Long,0.055668,160.0,0.00431,0.0,221699.0,1645
1788880504892,CHIP,B,Open Long,0.055585,855.0,0.023001,0.0,221859.0,1646
1788880504892,CHIP,B,Open Long,0.055588,855.0,0.023002,0.0,222714.0,1646
1788880504892,CHIP,B,Open Long,0.055589,1089.0,0.029298,0.0,223569.0,1646
1788880526040,AERO,B,Open Long,0.64199,109.0,0.033868,0.0,20007.0,1647
1788880526040,AERO,B,Open Long,0.64217,36.0,0.011188,0.0,20116.0,1647
1788880526040,AERO,B,Open Long,0.6422,126.0,0.039163,0.0,20152.0,1647
1788880526040,AERO,B,Open Long,0.64225,623.0,0.193658,0.0,20278.0,1647
1788880526040,AERO,B,Open Long,0.64226,126.0,0.039167,0.0,20901.0,1647
1788880526040,AERO,B,Open Long,0.64232,623.0,0.193679,0.0,21027.0,1647
1788880526040,AERO,B,Open Long,0.64233,126.0,0.039171,0.0,21650.0,1647
1788880526040,AERO,B,Open Long,0.64234,388.0,0.120625,0.0,21776.0,1647
1788880526040,AERO,B,Open Long,0.64237,126.0,0.039173,0.0,22164.0,1647
1788880526040,AERO,B,Open Long,0.64242,126.0,0.039176,0.0,22290.0,1647
1788880526040,AERO,B,Open Long,0.64246,623.0,0.193721,0.0,22416.0,1647
1788880526040,AERO,B,Open Long,0.64247,126.0,0.03918,0.0,23039.0,1647
1788880526040,AERO,B,Open Long,0.64251,126.0,0.039182,0.0,23165.0,1647
1788880526040,AERO,B,Open Long,0.64254,607.0,0.18877,0.0,23291.0,1647
1788880536772,NEAR,B,Open Long,2.4087,128.9,0.150272,0.0,19558.7,1648
1788880541324,CHIP,B,Open Long,0.055595,1889.0,0.050828,0.0,224658.0,1649
1788880541324,CHIP,B,Open Long,0.055606,796.0,0.021422,0.0,226547.0,1649
1788880541324,CHIP,B,Open Long,0.055612,115.0,0.003094,0.0,227343.0,1649
1788880577684,CHIP,B,Open Long,0.055548,769.0,0.020674,0.0,227458.0,1650
1788880577684,CHIP,B,Open Long,0.055551,2030.0,0.054579,0.0,228227.0,1650
1788880609450,NEAR,B,Open Long,2.4199,128.9,0.150971,0.0,19687.6,1651
1788880613997,CHIP,B,Open Long,0.055552,713.0,0.019169,0.0,230257.0,1652
1788880613997,CHIP,B,Open Long,0.055555,2086.0,0.056088,0.0,230970.0,1652
1788880650373,CHIP,B,Open Long,0.055364,1029.0,0.027572,0.0,233056.0,1653
1788880650373,CHIP,B,Open Long,0.055365,1770.0,0.047429,0.0,234085.0,1653
1788880682456,NEAR,B,Open Long,2.4176,128.9,0.150827,0.0,19816.5,1654
1788880686715,CHIP,B,Open Long,0.055445,715.0,0.019186,0.0,235855.0,1655
1788880686715,CHIP,B,Open Long,0.055448,1894.0,0.050828,0.0,236570.0,1655
1788880686715,CHIP,B,Open Long,0.055466,190.0,0.005099,0.0,238464.0,1655
1788880723072,CHIP,B,Open Long,0.05557,1890.0,0.050832,0.0,238654.0,1656
1788880723072,CHIP,B,Open Long,0.055579,910.0,0.024478,0.0,240544.0,1656
1788880754907,NEAR,B,Open Long,2.4238,129.0,0.151332,0.0,19945.4,1657
1788880759484,CHIP,B,Open Long,0.055547,984.0,0.026453,0.0,241454.0,1658
1788880759484,CHIP,B,Open Long,0.055551,570.0,0.015325,0.0,242438.0,1658
1788880759484,CHIP,B,Open Long,0.055555,707.0,0.019009,0.0,243008.0,1658
1788880759484,CHIP,B,Open Long,0.055558,539.0,0.014493,0.0,243715.0,1658
1788880796159,CHIP,B,Open Long,0.055628,552.0,0.014861,0.0,244254.0,1659
1788880796159,CHIP,B,Open Long,0.055632,666.0,0.017932,0.0,244806.0,1659
1788880796159,CHIP,B,Open Long,0.055635,665.0,0.017905,0.0,245472.0,1659
1788880796159,CHIP,B,Open Long,0.05564,666.0,0.017934,0.0,246137.0,1659
1788880796159,CHIP,B,Open Long,0.055642,250.0,0.006732,0.0,246803.0,1659
1788880827734,NEAR,B,Open Long,2.4259,129.0,0.151463,0.0,20074.4,1660
1788880832125,CHIP,B,Open Long,0.055557,727.0,0.019547,0.0,247053.0,1661
1788880832125,CHIP,B,Open Long,0.055562,728.0,0.019576,0.0,247780.0,1661
1788880832125,CHIP,B,Open Long,0.055564,1344.0,0.036143,0.0,248508.0,1661
1788880868506,CHIP,B,Open Long,0.055547,704.0,0.018926,0.0,249852.0,1662
1788880868506,CHIP,B,Open Long,0.055549,702.0,0.018873,0.0,250556.0,1662
1788880868506,CHIP,B,Open Long,0.055555,702.0,0.018874,0.0,251258.0,1662
1788880868506,CHIP,B,Open Long,0.055574,691.0,0.018586,0.0,251960.0,1662
1788880900469,NEAR,B,Open Long,2.4166,128.9,0.150764,0.0,20203.4,1663
1788880905195,CHIP,B,Open Long,0.055675,709.0,0.019104,0.0,252651.0,1664
1788880905195,CHIP,B,Open Long,0.05568,709.0,0.019106,0.0,253360.0,1664
1788880905195,CHIP,B,Open Long,0.055685,709.0,0.019108,0.0,254069.0,1664
1788880905195,CHIP,B,Open Long,0.055689,672.0,0.018112,0.0,254778.0,1664
1788880941258,CHIP,B,Open Long,0.055396,715.0,0.019169,0.0,255450.0,1665
1788880941258,CHIP,B,Open Long,0.055397,663.0,0.017775,0.0,256165.0,1665
1788880941258,CHIP,B,Open Long,0.055402,664.0,0.017804,0.0,256828.0,1665
1788880941258,CHIP,B,Open Long,0.055407,664.0,0.017806,0.0,257492.0,1665
1788880941258,CHIP,B,Open Long,0.055412,93.0,0.002493,0.0,258156.0,1665
1788880960097,CHIP,A,Close Long,0.055308,557.0,0.014909,0.375975,258249.0,1666
1788880960097,CHIP,A,Close Long,0.055308,557.0,0.014909,0.375975,257692.0,1666
1788880960097,CHIP,A,Close Long,0.055303,671.0,0.017959,0.44957,257135.0,1666
1788880960097,CHIP,A,Close Long,0.055298,671.0,0.017958,0.446215,256464.0,1666
1788880960097,CHIP,A,Close Long,0.055293,681.0,0.018224,0.44946,255793.0,1666
1788880960097,CHIP,A,Close Long,0.055288,681.0,0.018223,0.446055,255112.0,1666
1788880960097,CHIP,A,Close Long,0.055285,557.0,0.014903,0.363164,254431.0,1666
1788880960097,CHIP,A,Close Long,0.055285,557.0,0.014903,0.363164,253874.0,1666
1788880960097,CHIP,A,Close Long,0.055285,108528.0,2.903985,70.760256,253317.0,1666
1788880960097,CHIP,A,Close Long,0.055284,108530.0,2.903986,70.65303,144789.0,1666
1788880960097,CHIP,A,Close Long,0.055283,36259.0,0.97018,23.56835,36259.0,1666
1788880973116,NEAR,B,Open Long,2.4231,128.9,0.15117,0.0,20332.3,1667
1788881045839,NEAR,B,Open Long,2.4125,128.9,0.150509,0.0,20461.2,1668
1788881118631,NEAR,B,Open Long,2.4185,129.0,0.151,0.0,20590.1,1669
1788881191330,NEAR,B,Open Long,2.421,129.1,0.151274,0.0,20719.1,1670
1788881264002,NEAR,B,Open Long,2.4182,128.9,0.150865,0.0,20848.2,1671
1788881336772,NEAR,B,Open Long,2.4166,22.0,0.025731,0.0,20977.1,1672
1788881336772,NEAR,B,Open Long,2.4167,107.0,0.125155,0.0,20999.1,1672
1788881409504,NEAR,B,Open Long,2.4181,44.2,0.051729,0.0,21106.1,1673
1788881409504,NEAR,B,Open Long,2.4182,84.8,0.09925,0.0,21150.3,1673
1788881482245,NEAR,B,Open Long,2.4164,128.9,0.150753,0.0,21235.1,1674
1788881517094,NEAR,A,Close Long,2.4198,88.5,0.103649,5.266635,21364.0,1675
1788881517094,NEAR,A,Close Long,2.4197,165.3,0.193587,9.820473,21275.5,1675
1788881517094,NEAR,A,Close Long,2.4196,207.7,0.243234,12.318687,21110.2,1675
1788881517094,NEAR,A,Close Long,2.4196,269.5,0.315607,15.984045,20902.5,1675
1788881517094,NEAR,A,Close Long,2.4195,165.3,0.193572,9.787413,20633.0,1675
1788881517094,NEAR,A,Close Long,2.4194,208.8,0.244502,12.342168,20467.7,1675
1788881517094,NEAR,A,Close Long,2.4193,496.2,0.58102,29.280762,20258.9,1675
1788881517094,NEAR,A,Close Long,2.4192,208.8,0.244481,12.300408,19762.7,1675
1788881517094,NEAR,A,Close Long,2.4192,1475.8,1.728003,86.939378,19553.9,1675
1788881517094,NEAR,A,Close Long,2.4191,165.4,0.193656,9.727174,18078.1,1675
1788881517094,NEAR,A,Close Long,2.419,208.8,0.244461,12.258648,17912.7,1675
1788881517094,NEAR,A,Close Long,2.419,124.1,0.145294,7.285911,17703.9,1675
1788881517094,NEAR,A,Close Long,2.419,413.4,0.484006,24.270714,17579.8,1675
1788881517094,NEAR,A,Close Long,2.4189,200.0,0.234149,11.722,17166.4,1675
1788881517094,NEAR,A,Close Long,2.4188,208.8,0.244441,12.216888,16966.4,1675
1788881517094,NEAR,A,Close Long,2.4186,208.8,0.244421,12.175128,16757.6,1675
1788881517094,NEAR,A,Close Long,2.4186,165.4,0.193616,9.644474,16548.8,1675
1788881517094,NEAR,A,Close Long,2.4186,360.4,0.421884,21.014924,16383.4,1675
1788881555236,NEAR,B,Open Long,2.419,129.1,0.151149,0.0,16023.0,1676
1788881628160,NEAR,B,Open Long,2.4131,129.0,0.150663,0.0,16152.1,1677
1788881700423,NEAR,B,Open Long,2.4115,129.0,0.150564,0.0,16281.1,1678
1788881773128,NEAR,B,Open Long,2.4256,79.7,0.093567,0.0,16410.1,1679
1788881773128,NEAR,B,Open Long,2.4265,49.2,0.057781,0.0,16489.8,1679
1788881845772,NEAR,B,Open Long,2.4225,86.0,0.100833,0.0,16539.0,1680
1788881845772,NEAR,B,Open Long,2.4226,43.0,0.050418,0.0,16625.0,1680
1788881865797,AERO,B,Open Long,0.63875,298.0,0.092127,0.0,23898.0,1681
1788881865797,AERO,B,Open Long,0.63876,252.0,0.077907,0.0,24196.0,1681
1788881865797,AERO,B,Open Long,0.63878,1424.0,0.440257,0.0,24448.0,1681
1788881865797,AERO,B,Open Long,0.6388,217.0,0.06709,0.0,25872.0,1681
1788881915995,AERO,B,Open Long,0.64115,156.0,0.048408,0.0,26089.0,1682
1788881915995,AERO,B,Open Long,0.64119,311.0,0.096514,0.0,26245.0,1682
1788881915995,AERO,B,Open Long,0.64123,77.0,0.023896,0.0,26556.0,1682
1788881915995,AERO,B,Open Long,0.64153,133.0,0.041296,0.0,26633.0,1682
1788881915995,AERO,B,Open Long,0.64157,133.0,0.041298,0.0,26766.0,1682
1788881915995,AERO,B,Open Long,0.6416,135.0,0.041921,0.0,26899.0,1682
1788881915995,AERO,B,Open Long,0.64164,135.0,0.041924,0.0,27034.0,1682
1788881915995,AERO,B,Open Long,0.64168,135.0,0.041926,0.0,27169.0,1682
1788881915995,AERO,B,Open Long,0.64172,623.0,0.193498,0.0,27304.0,1682
1788881915995,AERO,B,Open Long,0.64173,167.0,0.051868,0.0,27927.0,1682
1788881915995,AERO,B,Open Long,0.64173,133.0,0.041309,0.0,28094.0,1682
1788881915995,AERO,B,Open Long,0.64174,362.0,0.112436,0.0,28227.0,1682
1788881918503,NEAR,B,Open Long,2.4266,9.9,0.011626,0.0,16668.0,1683
1788881918503,NEAR,B,Open Long,2.4266,119.0,0.139761,0.0,16677.9,1683
1788881928760,AERO,B,Open Long,0.64175,310.0,0.096287,0.0,28589.0,1684
1788881928760,AERO,B,Open Long,0.64175,307.0,0.095355,0.0,28899.0,1684
1788881928760,AERO,B,Open Long,0.64175,308.0,0.095666,0.0,29206.0,1684
1788881928760,AERO,B,Open Long,0.64187,141.0,0.043803,0.0,29514.0,1684
1788881928760,AERO,B,Open Long,0.64191,172.0,0.053436,0.0,29655.0,1684
1788881928760,AERO,B,Open Long,0.64191,141.0,0.043805,0.0,29827.0,1684
1788881928760,AERO,B,Open Long,0.64195,141.0,0.043808,0.0,29968.0,1684
1788881928760,AERO,B,Open Long,0.64199,141.0,0.043811,0.0,30109.0,1684
1788881928760,AERO,B,Open Long,0.64202,141.0,0.043813,0.0,30250.0,1684
1788881928760,AERO,B,Open Long,0.64205,437.0,0.135798,0.0,30391.0,1684
1788881928760,AERO,B,Open Long,0.64205,139.0,0.043194,0.0,30828.0,1684
1788881928760,AERO,B,Open Long,0.64206,122.0,0.037912,0.0,30967.0,1684
1788881936024,AERO,B,Open Long,0.6421,1817.0,0.56468,0.0,31089.0,1685
1788881936024,AERO,B,Open Long,0.64212,133.0,0.041334,0.0,32906.0,1685
1788881936024,AERO,B,Open Long,0.64216,141.0,0.043823,0.0,33039.0,1685
1788881936024,AERO,B,Open Long,0.6422,141.0,0.043826,0.0,33180.0,1685
1788881936024,AERO,B,Open Long,0.64222,268.0,0.083303,0.0,33321.0,1685
1788881991327,NEAR,B,Open Long,2.4266,128.9,0.151388,0.0,16796.9,1686
1788882064158,NEAR,B,Open Long,2.4217,128.9,0.151083,0.0,16925.8,1687
1788883295733,TAO,B,Open Long,263.15,0.184,0.023434,0.0,0.0,1688
1788883295733,TAO,B,Open Long,263.16,5.912,0.753007,0.0,0.184,1688
1788883295733,TAO,B,Open Long,263.16,1.14,0.1452,0.0,6.096,1688
1788883295733,TAO,B,Open Long,263.2,1.52,0.19363,0.0,7.236,1688
1788883295733,TAO,B,Open Long,263.21,0.351,0.044714,0.0,8.756,1688
1788883295733,TAO,B,Open Long,263.21,1.048,0.133508,0.0,9.107,1688
1788883295733,TAO,B,Open Long,263.23,0.184,0.023441,0.0,10.155,1688
1788883295733,TAO,B,Open Long,263.23,1.006,0.128166,0.0,10.339,1688
1788883295733,TAO,B,Open Long,263.24,1.52,0.193659,0.0,11.345,1688
1788883295733,TAO,B,Open Long,263.25,3.419,0.435624,0.0,12.865,1688
1788883295733,TAO,B,Open Long,263.25,0.863,0.109956,0.0,16.284,1688
1788883295733,TAO,B,Open Long,263.26,1.175,0.149715,0.0,17.147,1688
1788883295733,TAO,B,Open Long,263.26,1.175,0.149715,0.0,18.322,1688
1788883295733,TAO,B,Open Long,263.26,2.0,0.254835,0.0,19.497,1688
1788883295733,TAO,B,Open Long,263.26,3.503,0.446343,0.0,21.497,1688
1788883305578,TAO,B,Open Long,263.71,0.184,0.023484,0.0,25.0,1689
1788883305578,TAO,B,Open Long,263.73,1.066,0.136069,0.0,25.184,1689
1788883360153,TAO,B,Open Long,263.0,1.25,0.159115,0.0,26.25,1690
1788883415208,TAO,B,Open Long,262.99,1.25,0.159108,0.0,27.5,1691
1788883469282,TAO,B,Open Long,264.24,1.25,0.159865,0.0,28.75,1692
1788883523947,TAO,B,Open Long,264.02,1.136,0.145163,0.0,30.0,1693
1788883523947,TAO,B,Open Long,264.04,0.114,0.014568,0.0,31.136,1693
1788883578352,TAO,B,Open Long,264.66,1.088,0.139367,0.0,31.25,1694
1788883578352,TAO,B,Open Long,264.66,0.162,0.02075,0.0,32.338,1694
1788883633253,TAO,B,Open Long,264.99,1.25,0.160318,0.0,32.5,1695
1788883687519,TAO,B,Open Long,265.28,1.25,0.160494,0.0,33.75,1696
1788883741952,TAO,B,Open Long,266.28,1.126,0.145118,0.0,35.0,1697
1788883741952,TAO,B,Open Long,266.31,0.124,0.015982,0.0,36.126,1697
1788883796545,TAO,B,Open Long,265.35,1.25,0.160536,0.0,36.25,1698
1788883851105,TAO,B,Open Long,266.31,1.25,0.161116,0.0,37.5,1699
1788883905640,TAO,B,Open Long,266.86,1.25,0.161449,0.0,38.75,1700
1788883957801,XPL,A,Close Long,0.0964,5318.0,0.248124,7.774916,50180.0,1701
1788883957801,XPL,A,Close Long,0.096398,4149.0,0.193577,6.05754,44862.0,1701
1788883957801,XPL,A,Close Long,0.096365,4151.0,0.193605,5.923477,40713.0,1701
1788883957801,XPL,A,Close Long,0.096361,4151.0,0.193596,5.906873,36562.0,1701
1788883957801,XPL,A,Close Long,0.096356,2173.0,0.10134,3.081314,32411.0,1701
1788883957801,XPL,A,Close Long,0.09635,4152.0,0.193621,5.862624,30238.0,1701
1788883957801,XPL,A,Close Long,0.096349,2230.0,0.10399,3.14653,26086.0,1701
1788883957801,XPL,A,Close Long,0.096344,4152.0,0.193609,5.837712,23856.0,1701
1788883957801,XPL,A,Close Long,0.096343,12407.0,0.578537,17.431835,19704.0,1701
1788883957801,XPL,A,Close Long,0.096339,6892.0,0.321359,9.655692,7297.0,1701
1788883957801,XPL,A,Close Long,0.09633,405.0,0.018882,0.56376,405.0,1701
1788883960169,TAO,B,Open Long,264.57,1.25,0.160064,0.0,40.0,1702
1788884014658,TAO,B,Open Long,264.17,1.25,0.159822,0.0,41.25,1703
1788884069183,TAO,B,Open Long,265.14,1.131,0.145138,0.0,42.5,1704
1788884069183,TAO,B,Open Long,265.16,0.119,0.015271,0.0,43.631,1704
1788884123748,TAO,B,Open Long,265.08,1.25,0.160373,0.0,43.75,1705
1788884176900,NEAR,A,Close Long,2.3724,287.2,0.329774,2.42684,17054.7,1706
1788884176900,NEAR,A,Close Long,2.3723,801.7,0.920506,6.694195,16767.5,1706
1788884176900,NEAR,A,Close Long,2.3723,287.2,0.32976,2.39812,15965.8,1706
1788884176900,NEAR,A,Close Long,2.3722,252.3,0.289676,2.081475,15678.6,1706
1788884176900,NEAR,A,Close Long,2.3722,3371.6,3.871084,27.8157,15426.3,1706
1788884178372,TAO,B,Open Long,264.68,1.133,0.145142,0.0,45.0,1707
1788884178372,TAO,B,Open Long,264.7,0.117,0.014988,0.0,46.133,1707
1788884206837,AERO,A,Close Long,0.63239,633.0,0.193746,21.995484,33589.0,1708
1788884206837,AERO,A,Close Long,0.63228,226.0,0.06916,7.828188,32956.0,1708
1788884206837,AERO,A,Close Long,0.63227,388.0,0.118735,13.435664,32730.0,1708
1788884206837,AERO,A,Close Long,0.63225,224.0,0.068545,7.752192,32342.0,1708
1788884206837,AERO,A,Close Long,0.6322,227.0,0.069457,7.844666,32118.0,1708
1788884206837,AERO,A,Close Long,0.63217,633.0,0.193678,21.856224,31891.0,1708
1788884206837,AERO,A,Close Long,0.63217,330.0,0.100969,11.39424,31258.0,1708
1788884206837,AERO,A,Close Long,0.63215,307.0,0.093929,10.593956,30928.0,1708
1788884206837,AERO,A,Close Long,0.63211,225.0,0.068836,7.7553,30621.0,1708
1788884206837,AERO,A,Close Long,0.6321,227.0,0.069446,7.821966,30396.0,1708
1788884206837,AERO,A,Close Long,0.63207,633.0,0.193648,21.792924,30169.0,1708
1788884206837,AERO,A,Close Long,0.63205,301.0,0.092078,10.356808,29536.0,1708
1788884206837,AERO,A,Close Long,0.63204,225.0,0.068828,7.73955,29235.0,1708
1788884206837,AERO,A,Close Long,0.63203,633.0,0.193635,21.767604,29010.0,1708
1788884206837,AERO,A,Close Long,0.63202,437.0,0.133677,15.023186,28377.0,1708
1788884206837,AERO,A,Close Long,0.63201,230.0,0.070355,7.90464,27940.0,1708
1788884206837,AERO,A,Close Long,0.63199,633.0,0.193623,21.742284,27710.0,1708
1788884206837,AERO,A,Close Long,0.63198,1167.0,0.356959,40.072446,27077.0,1708
1788884206837,AERO,A,Close Long,0.63197,228.0,0.069738,7.826784,25910.0,1708
1788884206837,AERO,A,Close Long,0.63196,490.0,0.149875,16.81582,25682.0,1708
1788884232886,TAO,B,Open Long,265.82,1.25,0.16082,0.0,46.25,1709
1788884237912,AERO,A,Close Long,0.63213,386.0,0.118096,13.312368,25192.0,1710
1788884237912,AERO,A,Close Long,0.63206,437.0,0.133685,15.040666,24806.0,1710
1788884237912,AERO,A,Close Long,0.6319,2452.0,0.749917,84.000616,24369.0,1710
1788884237912,AERO,A,Close Long,0.63183,1424.0,0.435466,48.683712,21917.0,1710
1788884237912,AERO,A,Close Long,0.63164,200.0,0.061141,6.7996,20493.0,1710
1788884237912,AERO,A,Close Long,0.63158,159.0,0.048603,5.396142,20293.0,1710
1788884237912,AERO,A,Close Long,0.63157,159.0,0.048602,5.394552,20134.0,1710
1788884237912,AERO,A,Close Long,0.63157,159.0,0.048602,5.394552,19975.0,1710
1788884237912,AERO,A,Close Long,0.63133,184.0,0.056223,6.198592,19816.0,1710
1788884237912,AERO,A,Close Long,0.63132,696.0,0.212668,23.439888,19632.0,1710
1788884237912,AERO,A,Close Long,0.63128,42.0,0.012832,1.412796,18936.0,1710
1788884272926,NEAR,B,Open Long,2.3791,274.2,0.315736,0.0,12054.7,1711
1788884272926,NEAR,B,Open Long,2.3794,126.1,0.14522,0.0,12328.9,1711
1788884272926,NEAR,B,Open Long,2.3796,282.6,0.325477,0.0,12455.0,1711
1788884272926,NEAR,B,Open Long,2.3798,299.5,0.344971,0.0,12737.6,1711
1788884272926,NEAR,B,Open Long,2.3798,168.1,0.193621,0.0,13037.1,1711
1788884272926,NEAR,B,Open Long,2.3799,639.7,0.736852,0.0,13205.2,1711
1788884272926,NEAR,B,Open Long,2.38,299.5,0.345,0.0,13844.9,1711
1788884272926,NEAR,B,Open Long,2.3802,299.5,0.345028,0.0,14144.4,1711
1788884272926,NEAR,B,Open Long,2.3804,299.5,0.345057,0.0,14443.9,1711
1788884272926,NEAR,B,Open Long,2.3805,311.3,0.358667,0.0,14743.4,1711
1788884287459,TAO,B,Open Long,266.29,0.113,0.014563,0.0,47.5,1712
1788884287459,TAO,B,Open Long,266.31,1.137,0.146552,0.0,47.613,1712
1788884341987,TAO,B,Open Long,266.36,1.25,0.161147,0.0,48.75,1713
1788884344869,TAO,B,Open Long,266.58,1.125,0.145152,0.0,50.0,1714
1788884344869,TAO,B,Open Long,266.62,3.875,0.500045,0.0,51.125,1714
1788884397149,TAO,B,Open Long,265.98,1.25,0.160917,0.0,55.0,1715
1788884451019,TAO,B,Open Long,265.64,1.25,0.160712,0.0,56.25,1716
1788884505584,TAO,B,Open Long,265.52,1.249,0.16051,0.0,57.5,1717
1788884505584,TAO,B,Open Long,265.52,0.001,0.000127,0.0,58.749,1717
1788884525724,TAO,B,Open Long,266.19,1.127,0.145197,0.0,58.75,1718
1788884525724,TAO,B,Open Long,266.25,0.038,0.004896,0.0,59.877,1718
1788884525724,TAO,B,Open Long,266.28,3.835,0.494252,0.0,59.915,1718
1788884560252,TAO,B,Open Long,266.06,1.25,0.160965,0.0,63.75,1719
1788884614561,TAO,B,Open Long,264.82,1.133,0.145219,0.0,65.0,1720
1788884614561,TAO,B,Open Long,264.82,0.117,0.014995,0.0,66.133,1720
1788884669273,TAO,B,Open Long,265.44,1.25,0.160591,0.0,66.25,1721
1788884723749,TAO,B,Open Long,266.54,0.187,0.024123,0.0,67.5,1722
1788884723749,TAO,B,Open Long,266.56,1.063,0.137142,0.0,67.687,1722
1788884778241,TAO,B,Open Long,266.02,1.25,0.160941,0.0,68.75,1723
1788884833276,TAO,B,Open Long,265.8,1.123,0.14447,0.0,70.0,1724
1788884833276,TAO,B,Open Long,265.82,0.01,0.001285,0.0,71.123,1724
1788884833276,TAO,B,Open Long,265.82,0.117,0.015052,0.0,71.133,1724
1788884887395,TAO,B,Open Long,266.63,1.25,0.16131,0.0,71.25,1725
1788884941946,TAO,B,Open Long,266.56,1.125,0.145141,0.0,72.5,1726
1788884941946,TAO,B,Open Long,266.65,0.125,0.016132,0.0,73.625,1726
1788884996454,TAO,B,Open Long,266.93,1.25,0.161492,0.0,73.75,1727
1788885050961,TAO,B,Open Long,266.47,1.247,0.160826,0.0,75.0,1728
1788885050961,TAO,B,Open Long,266.47,0.003,0.000385,0.0,76.247,1728
1788885106094,TAO,B,Open Long,266.95,1.25,0.161504,0.0,76.25,1729
1788885160047,TAO,B,Open Long,266.59,1.25,0.161286,0.0,77.5,1730
1788885214627,TAO,B,Open Long,266.57,1.25,0.161274,0.0,78.75,1731
1788885269144,TAO,B,Open Long,267.04,0.946,0.122267,0.0,80.0,1732
1788885269144,TAO,B,Open Long,267.04,0.187,0.024168,0.0,80.946,1732
1788885269144,TAO,B,Open Long,267.04,0.117,0.015121,0.0,81.133,1732
1788885323737,TAO,B,Open Long,266.54,1.125,0.14513,0.0,81.25,1733
1788885323737,TAO,B,Open Long,266.59,0.125,0.016128,0.0,82.375,1733
1788885378242,TAO,B,Open Long,266.31,1.25,0.161116,0.0,82.5,1734
1788885432863,TAO,B,Open Long,266.27,1.25,0.161092,0.0,83.75,1735
1788885487440,TAO,B,Open Long,266.69,1.25,0.161347,0.0,85.0,1736
1788885529468,NEAR,B,Open Long,2.4035,44.0,0.051184,0.0,15054.7,1737
1788885529468,NEAR,B,Open Long,2.4038,4.9,0.005699,0.0,15098.7,1737
1788885529468,NEAR,B,Open Long,2.404,951.1,1.106638,0.0,15103.6,1737
1788885542202,TAO,B,Open Long,268.43,0.766,0.099518,0.0,86.25,1738
1788885542202,TAO,B,Open Long,268.46,0.484,0.062887,0.0,87.016,1738
1788885596450,TAO,B,Open Long,267.66,1.121,0.145221,0.0,87.5,1739
1788885596450,TAO,B,Open Long,267.68,0.129,0.016712,0.0,88.621,1739
1788885650973,TAO,B,Open Long,267.55,1.25,0.161867,0.0,88.75,1740
1788885705521,TAO,B,Open Long,266.77,1.25,0.161395,0.0,90.0,1741
1788885760083,TAO,B,Open Long,266.91,1.25,0.161479,0.0,91.25,1742
1788885814565,TAO,B,Open Long,267.37,1.25,0.161758,0.0,92.5,1743
1788885838217,AERO,A,Close Long,0.62057,233.0,0.069982,5.342224,18894.0,1744
1788885838217,AERO,A,Close Long,0.62053,448.0,0.13455,10.253824,18661.0,1744
1788885838217,AERO,A,Close Long,0.62052,234.0,0.070277,5.353452,18213.0,1744
1788885838217,AERO,A,Close Long,0.62051,235.0,0.070575,5.37398,17979.0,1744
1788885838217,AERO,A,Close Long,0.62046,235.0,0.07057,5.36223,17744.0,1744
1788885838217,AERO,A,Close Long,0.62038,236.0,0.070861,5.366168,17509.0,1744
1788885838217,AERO,A,Close Long,0.62035,236.0,0.070858,5.359088,17273.0,1744
1788885838217,AERO,A,Close Long,0.62027,234.0,0.070248,5.294952,17037.0,1744
1788885838217,AERO,A,Close Long,0.62026,235.0,0.070548,5.31523,16803.0,1744
1788885838217,AERO,A,Close Long,0.62021,235.0,0.070541,5.30348,16568.0,1744
1788885838217,AERO,A,Close Long,0.62016,235.0,0.070536,5.29173,16333.0,1744
1788885838217,AERO,A,Close Long,0.62011,235.0,0.07053,5.27998,16098.0,1744
1788885838217,AERO,A,Close Long,0.62008,645.0,0.193576,14.47251,15863.0,1744
1788885838217,AERO,A,Close Long,0.62007,304.0,0.091234,6.818112,15218.0,1744
1788885838217,AERO,A,Close Long,0.62006,235.0,0.070525,5.26823,14914.0,1744
1788885838217,AERO,A,Close Long,0.62006,289.0,0.08673,6.478802,14679.0,1744
1788885838217,AERO,A,Close Long,0.62004,1424.0,0.42734,31.894752,14390.0,1744
1788885838217,AERO,A,Close Long,0.62004,645.0,0.193563,14.44671,12966.0,1744
1788885838217,AERO,A,Close Long,0.62003,437.0,0.13114,9.783556,12321.0,1744
1788885838217,AERO,A,Close Long,0.62001,235.0,0.070519,5.25648,11884.0,1744
1788885838217,AERO,A,Close Long,0.61998,645.0,0.193544,14.40801,11649.0,1744
1788885838217,AERO,A,Close Long,0.61997,302.0,0.090619,6.743056,11004.0,1744
1788885838217,AERO,A,Close Long,0.61997,313.0,0.09392,6.988664,10702.0,1744
1788885838217,AERO,A,Close Long,0.61996,235.0,0.070514,5.24473,10389.0,1744
1788885838217,AERO,A,Close Long,0.61991,235.0,0.070507,5.23298,10154.0,1744
1788885838217,AERO,A,Close Long,0.61986,235.0,0.070502,5.22123,9919.0,1744
1788885838217,AERO,A,Close Long,0.61986,1134.0,0.340213,25.195212,9684.0,1744
1788885838217,AERO,A,Close Long,0.61986,645.0,0.193506,14.33061,8550.0,1744
1788885838217,AERO,A,Close Long,0.61985,1061.0,0.318307,23.562688,7905.0,1744
1788885838217,AERO,A,Close Long,0.61981,235.0,0.070496,5.20948,6844.0,1744
1788885838217,AERO,A,Close Long,0.61976,235.0,0.070491,5.19773,6609.0,1744
1788885838217,AERO,A,Close Long,0.61972,1033.0,0.309842,22.806574,6374.0,1744
1788885838217,AERO,A,Close Long,0.61967,235.0,0.070481,5.17658,5341.0,1744
1788885838217,AERO,A,Close Long,0.61962,234.0,0.070175,5.142852,5106.0,1744
1788885838217,AERO,A,Close Long,0.61961,235.0,0.070473,5.16248,4872.0,1744
1788885838217,AERO,A,Close Long,0.61957,200.0,0.059973,4.3856,4637.0,1744
1788885838217,AERO,A,Close Long,0.61956,314.0,0.094158,6.882252,4437.0,1744
1788885838217,AERO,A,Close Long,0.61955,235.0,0.070467,5.14838,4123.0,1744
1788885838217,AERO,A,Close Long,0.61953,1424.0,0.426989,31.168512,3888.0,1744
1788885838217,AERO,A,Close Long,0.61947,234.0,0.070158,5.107752,2464.0,1744
1788885838217,AERO,A,Close Long,0.61946,235.0,0.070457,5.12723,2230.0,1744
1788885838217,AERO,A,Close Long,0.61941,235.0,0.070451,5.11548,1995.0,1744
1788885838217,AERO,A,Close Long,0.61936,235.0,0.070445,5.10373,1760.0,1744
1788885838217,AERO,A,Close Long,0.61935,323.0,0.096824,7.011684,1525.0,1744
1788885838217,AERO,A,Close Long,0.6193,237.0,0.071038,5.132946,1202.0,1744
1788885838217,AERO,A,Close Long,0.61925,242.0,0.07253,5.229136,965.0,1744
1788885838217,AERO,A,Close Long,0.6192,242.0,0.072525,5.217036,723.0,1744
1788885838217,AERO,A,Close Long,0.61915,233.0,0.069822,5.011364,481.0,1744
1788885838217,AERO,A,Close Long,0.61912,248.0,0.074314,5.326544,248.0,1744
1788885869253,TAO,B,Open Long,267.08,1.123,0.145166,0.0,93.75,1745
1788885869253,TAO,B,Open Long,267.08,0.127,0.016415,0.0,94.873,1745
1788885923791,TAO,B,Open Long,267.48,1.121,0.145124,0.0,95.0,1746
1788885923791,TAO,B,Open Long,267.49,0.129,0.0167,0.0,96.121,1746
1788885979427,TAO,B,Open Long,267.46,1.25,0.161812,0.0,96.25,1747
1788886032784,TAO,B,Open Long,267.62,1.25,0.161909,0.0,97.5,1748
1788886087354,TAO,B,Open Long,267.97,1.25,0.162121,0.0,98.75,1749
1788886142003,TAO,B,Open Long,268.3,1.118,0.145179,0.0,100.0,1750
1788886142003,TAO,B,Open Long,268.3,0.132,0.01714,0.0,101.118,1750
1788886196656,TAO,B,Open Long,268.17,1.118,0.145109,0.0,101.25,1751
1788886196656,TAO,B,Open Long,268.17,0.132,0.017132,0.0,102.368,1751
1788886250985,TAO,B,Open Long,268.04,1.25,0.162164,0.0,102.5,1752
1788886305565,TAO,B,Open Long,267.76,0.919,0.119098,0.0,103.75,1753
1788886305565,TAO,B,Open Long,267.77,0.331,0.042897,0.0,104.669,1753
1788886360134,TAO,B,Open Long,267.16,1.25,0.161631,0.0,105.0,1754
1788886414626,TAO,B,Open Long,267.38,1.175,0.152058,0.0,106.25,1755
1788886414626,TAO,B,Open Long,267.38,0.075,0.009705,0.0,107.425,1755
1788886469165,TAO,B,Open Long,267.55,0.735,0.095177,0.0,107.5,1756
1788886469165,TAO,B,Open Long,267.61,0.515,0.066703,0.0,108.235,1756
1788886523766,TAO,B,Open Long,267.66,1.25,0.161933,0.0,108.75,1757
1788886578319,TAO,B,Open Long,267.81,0.42,0.05444,0.0,110.0,1758
1788886578319,TAO,B,Open Long,267.81,0.798,0.103436,0.0,110.42,1758
1788886578319,TAO,B,Open Long,267.83,0.032,0.004148,0.0,111.218,1758
1788886632825,TAO,B,Open Long,268.24,1.118,0.145147,0.0,111.25,1759
1788886632825,TAO,B,Open Long,268.3,0.132,0.01714,0.0,112.368,1759
1788886687337,TAO,B,Open Long,269.27,0.845,0.110125,0.0,112.5,1760
1788886687337,TAO,B,Open Long,269.27,0.405,0.052781,0.0,113.345,1760
1788886744846,TAO,B,Open Long,269.06,1.25,0.16278,0.0,113.75,1761
1788886797214,TAO,B,Open Long,269.09,0.727,0.094683,0.0,115.0,1762
1788886797214,TAO,B,Open Long,269.09,0.523,0.068114,0.0,115.727,1762
1788886851258,TAO,B,Open Long,268.42,1.117,0.145114,0.0,116.25,1763
1788886851258,TAO,B,Open Long,268.46,0.133,0.01728,0.0,117.367,1763
1788886906183,TAO,B,Open Long,268.38,1.117,0.145093,0.0,117.5,1764
1788886906183,TAO,B,Open Long,268.45,0.133,0.01728,0.0,118.617,1764
1788886960068,TAO,B,Open Long,268.45,1.117,0.14513,0.0,118.75,1765
1788886960068,TAO,B,Open Long,268.47,0.133,0.017281,0.0,119.867,1765
1788887015264,TAO,B,Open Long,268.07,1.25,0.162181,0.0,120.0,1766
1788887070171,TAO,B,Open Long,268.76,1.116,0.145168,0.0,121.25,1767
1788887070171,TAO,B,Open Long,268.79,0.134,0.017431,0.0,122.366,1767
1788887123726,TAO,B,Open Long,268.46,1.25,0.162417,0.0,122.5,1768
1788887140006,NEAR,A,Close Long,2.3745,528.4,0.607267,2.678988,16054.7,1769
1788887140006,NEAR,A,Close Long,2.3745,200.0,0.229851,1.014,15526.3,1769
1788887140006,NEAR,A,Close Long,2.3744,325.6,0.374182,1.618232,15326.3,1769
1788887152941,NEAR,A,Close Long,2.3741,1469.1,1.68809,6.860697,15000.7,1770
1788887152941,NEAR,A,Close Long,2.3738,568.4,0.653044,2.483908,13531.6,1770
1788887152941,NEAR,A,Close Long,2.3737,618.0,0.710001,2.63886,12963.2,1770
1788887152941,NEAR,A,Close Long,2.3737,568.4,0.653018,2.427068,12345.2,1770
1788887152941,NEAR,A,Close Long,2.3735,568.4,0.652962,2.313388,11776.8,1770
1788887152941,NEAR,A,Close Long,2.3733,568.4,0.652907,2.199708,11208.4,1770
1788887152941,NEAR,A,Close Long,2.3732,639.3,0.734317,2.410161,10640.0,1770
1788887178285,TAO,B,Open Long,267.33,1.25,0.161734,0.0,123.75,1771
1788887232830,TAO,B,Open Long,268.26,1.25,0.162296,0.0,125.0,1772
1788887287387,TAO,B,Open Long,267.95,1.25,0.162109,0.0,126.25,1773
1788887341884,TAO,B,Open Long,267.44,1.25,0.161801,0.0,127.5,1774
1788887377408,TAO,A,Close Long,266.91,1.036,0.133834,0.9583,128.75,1775
1788887377408,TAO,A,Close Long,266.91,8.957,1.157104,8.285225,127.714,1775
1788887377408,TAO,A,Close Long,266.89,1.036,0.133824,0.93758,118.757,1775
1788887377408,TAO,A,Close Long,266.88,1.79,0.231213,1.60205,117.721,1775
1788887377408,TAO,A,Close Long,266.87,1.036,0.133814,0.91686,115.931,1775
1788887377408,TAO,A,Close Long,266.85,1.036,0.133804,0.89614,114.895,1775
1788887377408,TAO,A,Close Long,266.85,7.075,0.913774,6.119875,113.859,1775
1788887377408,TAO,A,Close Long,266.84,1.038,0.134057,0.88749,106.784,1775
1788887377408,TAO,A,Close Long,266.83,2.247,0.290189,1.898715,105.746,1775
1788887377408,TAO,A,Close Long,266.83,2.749,0.355021,2.322905,103.499,1775
1788887397165,TAO,B,Open Long,266.99,1.112,0.143695,0.0,100.75,1776
1788887397165,TAO,B,Open Long,267.0,0.138,0.017832,0.0,101.862,1776
1788887451173,TAO,B,Open Long,266.66,0.06,0.007742,0.0,102.0,1777
1788887451173,TAO,B,Open Long,266.69,1.19,0.153602,0.0,102.06,1777
1788887506129,TAO,B,Open Long,266.53,1.25,0.16125,0.0,103.25,1778
1788887560200,TAO,B,Open Long,266.41,1.078,0.138998,0.0,104.5,1779
1788887560200,TAO,B,Open Long,266.41,0.172,0.022177,0.0,105.578,1779
1788887615226,TAO,B,Open Long,266.46,1.25,0.161207,0.0,105.75,1780
1788887669205,TAO,B,Open Long,266.34,1.25,0.161135,0.0,107.0,1781
1788887723707,TAO,B,Open Long,266.21,1.25,0.161056,0.0,108.25,1782
1788887779238,TAO,B,Open Long,265.96,1.032,0.132843,0.0,109.5,1783
1788887779238,TAO,B,Open Long,265.98,0.218,0.028063,0.0,110.532,1783
1788887832808,TAO,B,Open Long,265.8,0.81,0.104203,0.0,110.75,1784
1788887832808,TAO,B,Open Long,265.81,0.44,0.056606,0.0,111.56,1784
1788887888254,TAO,B,Open Long,266.22,1.026,0.1322,0.0,112.0,1785
1788887888254,TAO,B,Open Long,266.24,0.224,0.028863,0.0,113.026,1785
1788887942299,TAO,B,Open Long,266.51,1.033,0.133247,0.0,113.25,1786
1788887942299,TAO,B,Open Long,266.53,0.217,0.027992,0.0,114.283,1786
1788887996448,TAO,B,Open Long,266.73,1.25,0.161371,0.0,114.5,1787
1788888050929,TAO,B,Open Long,265.99,0.969,0.124747,0.0,115.75,1788
1788888050929,TAO,B,Open Long,266.0,0.281,0.036176,0.0,116.719,1788
1788888106088,TAO,B,Open Long,265.31,0.985,0.126483,0.0,117.0,1789
1788888106088,TAO,B,Open Long,265.31,0.265,0.034027,0.0,117.985,1789
1788888144852,TAO,A,Close Long,265.06,0.566,0.072611,-0.549586,118.25,1790
1788888144852,TAO,A,Close Long,265.05,1.509,0.19358,-1.480329,117.684,1790
1788888144852,TAO,A,Close Long,265.04,0.948,0.121608,-0.939468,116.175,1790
1788888144852,TAO,A,Close Long,265.04,10.488,1.345392,-10.393608,115.227,1790
1788888144852,TAO,A,Close Long,265.02,0.948,0.121598,-0.958428,104.739,1790
1788888144852,TAO,A,Close Long,265.01,1.509,0.193551,-1.540689,103.791,1790
1788888144852,TAO,A,Close Long,265.0,0.453,0.058101,-0.467043,102.282,1790
1788888144852,TAO,A,Close Long,265.0,0.567,0.072722,-0.584577,101.829,1790
1788888144852,TAO,A,Close Long,265.0,7.232,0.927576,-7.456192,101.262,1790
1788888144852,TAO,A,Close Long,265.0,0.78,0.100042,-0.80418,94.03,1790
1788888189769,TAO,B,Open Long,264.4,1.831,0.234311,0.0,93.25,1791
1788888189769,TAO,B,Open Long,264.4,11.337,1.450791,0.0,95.081,1791
1788888189769,TAO,B,Open Long,264.51,3.258,0.417098,0.0,106.418,1791
1788888189769,TAO,B,Open Long,264.52,0.907,0.11612,0.0,109.676,1791
1788888189769,TAO,B,Open Long,264.53,0.908,0.116253,0.0,110.583,1791
1788888189769,TAO,B,Open Long,264.55,0.908,0.116262,0.0,111.491,1791
1788888189769,TAO,B,Open Long,264.58,0.907,0.116147,0.0,112.399,1791
1788888189769,TAO,B,Open Long,264.59,1.512,0.193629,0.0,113.306,1791
1788888189769,TAO,B,Open Long,264.6,3.432,0.439523,0.0,114.818,1791
1788888258482,TAO,A,Close Long,263.86,5.912,0.755011,-10.889904,118.25,1792
1788888258482,TAO,A,Close Long,263.82,0.569,0.072654,-1.070858,112.338,1792
1788888258482,TAO,A,Close Long,263.8,1.173,0.149766,-2.231046,111.769,1792
1788888258482,TAO,A,Close Long,263.78,1.516,0.193546,-2.913752,110.596,1792
1788888258482,TAO,A,Close Long,263.77,10.488,1.338946,-20.262816,109.08,1792
1788888258482,TAO,A,Close Long,263.77,5.912,0.754752,-11.421984,98.592,1792
1788888258482,TAO,A,Close Long,263.76,3.412,0.435574,-6.626104,92.68,1792
1788888258482,TAO,A,Close Long,263.76,0.569,0.072637,-1.104998,89.268,1792
1788888258482,TAO,A,Close Long,263.75,1.174,0.149866,-2.291648,88.699,1792
1788888258482,TAO,A,Close Long,263.74,1.169,0.149222,-2.293578,87.525,1792
1788888258482,TAO,A,Close Long,263.74,2.247,0.286829,-4.408614,86.356,1792
1788888258482,TAO,A,Close Long,263.74,1.517,0.193644,-2.976354,84.109,1792
1788888258482,TAO,A,Close Long,263.73,19.948,2.546268,-39.337456,82.592,1792
1788888258482,TAO,A,Close Long,263.73,0.976,0.124581,-1.924672,62.644,1792
1788888258482,TAO,A,Close Long,263.71,1.172,0.149588,-2.334624,61.668,1792
1788888258482,TAO,A,Close Long,263.71,2.0,0.255271,-3.984,60.496,1792
1788888258482,TAO,A,Close Long,263.7,0.569,0.072621,-1.139138,58.496,1792
1788888258482,TAO,A,Close Long,263.7,0.108,0.013783,-0.216216,57.927,1792
1788888258482,TAO,A,Close Long,263.69,10.488,1.33854,-21.101856,57.819,1792
1788888258482,TAO,A,Close Long,263.69,47.331,6.040664,-95.229972,47.331,1792
1788888259883,VVV,B,Open Long,22.755,9.13,0.044708,0.0,0.0,1555
1788888260914,VVV,B,Open Long,22.716,0.04,0.000194,0.0,9.13,1554
1788888260914,VVV,B,Open Long,22.716,0.58,0.002834,0.0,9.17,1554
1788888260914,VVV,B,Open Long,22.716,0.58,0.002834,0.0,9.75,1554
1788888260914,VVV,B,Open Long,22.716,0.58,0.002834,0.0,10.33,1554
1788888260914,VVV,B,Open Long,22.716,0.58,0.002834,0.0,10.91,1554
1788888260914,VVV,B,Open Long,22.716,0.58,0.002834,0.0,11.49,1554
1788888260914,VVV,B,Open Long,22.716,0.58,0.002834,0.0,12.07,1554
1788888260914,VVV,B,Open Long,22.716,0.58,0.002834,0.0,12.65,1554
1788888260914,VVV,B,Open Long,22.716,0.58,0.002834,0.0,13.23,1554
1788888260914,VVV,B,Open Long,22.716,0.58,0.002834,0.0,13.81,1554
1788888260914,VVV,B,Open Long,22.716,0.58,0.002834,0.0,14.39,1554
1788888260914,VVV,B,Open Long,22.716,0.58,0.002834,0.0,14.97,1554
1788888260914,VVV,B,Open Long,22.716,0.58,0.002834,0.0,15.55,1554
1788888260914,VVV,B,Open Long,22.716,0.58,0.002834,0.0,16.13,1554
1788888260914,VVV,B,Open Long,22.716,0.61,0.002981,0.0,16.71,1554
1788888260914,VVV,B,Open Long,22.716,0.58,0.002834,0.0,17.32,1554
1788888260914,VVV,B,Open Long,22.716,0.36,0.001759,0.0,17.9,1554
1788888260914,VVV,B,Open Long,22.678,9.13,0.044557,0.0,18.26,1553
1788888260914,VVV,B,Open Long,22.639,9.13,0.04448,0.0,27.39,1552
1788888261119,VVV,B,Open Long,22.6,9.13,0.044403,0.0,36.52,1551
1788888263062,VVV,B,Open Long,22.561,9.13,0.044327,0.0,45.65,1550
1788888270834,VVV,B,Open Long,22.523,9.13,0.044252,0.0,54.78,1549
1788888271786,VVV,B,Open Long,22.484,3.03,0.01466,0.0,63.91,1548
1788888271786,VVV,B,Open Long,22.484,6.1,0.029514,0.0,66.94,1548
1788888272151,VVV,B,Open Long,22.445,9.13,0.044099,0.0,73.04,1547
1788888273304,VVV,B,Open Long,22.406,9.13,0.044022,0.0,82.17,1546
1788888273304,VVV,B,Open Long,22.367,9.13,0.043946,0.0,91.3,1545
1788888273932,VVV,B,Open Long,22.329,9.13,0.043871,0.0,100.43,1544
1788888293198,NEAR,A,Close Long,2.3727,220.5,0.253219,0.721035,10000.7,1793
1788888293198,NEAR,A,Close Long,2.3727,44.2,0.050758,0.144534,9780.2,1793
1788888293198,NEAR,A,Close Long,2.3727,220.5,0.253219,0.721035,9736.0,1793
1788888293198,NEAR,A,Close Long,2.3727,44.2,0.050758,0.144534,9515.5,1793
1788888293198,NEAR,A,Close Long,2.3727,44.2,0.050758,0.144534,9471.3,1793
1788888293198,NEAR,A,Close Long,2.3727,220.5,0.253219,0.721035,9427.1,1793
1788888293198,NEAR,A,Close Long,2.3727,1705.9,1.959032,5.578293,9206.6,1793
1788888301172,VVV,B,Open Long,22.29,9.13,0.043794,0.0,109.56,1543
1788888310346,TAO,B,Open Long,262.98,1.521,0.193596,0.0,0.0,1794
1788888310346,TAO,B,Open Long,263.0,1.175,0.149567,0.0,1.521,1794
1788888310346,TAO,B,Open Long,263.0,1.175,0.149567,0.0,2.696,1794
1788888310346,TAO,B,Open Long,263.0,1.521,0.19361,0.0,3.871,1794
1788888310346,TAO,B,Open Long,263.01,0.571,0.072685,0.0,5.392,1794
1788888310346,TAO,B,Open Long,263.02,1.017,0.129465,0.0,5.963,1794
1788888310346,TAO,B,Open Long,263.02,1.521,0.193625,0.0,6.98,1794
1788888310346,TAO,B,Open Long,263.03,2.473,0.314828,0.0,8.501,1794
1788888310346,TAO,B,Open Long,263.04,1.521,0.19364,0.0,10.974,1794
1788888310346,TAO,B,Open Long,263.05,1.017,0.12948,0.0,12.495,1794
1788888310346,TAO,B,Open Long,263.06,1.14,0.145145,0.0,13.512,1794
1788888310346,TAO,B,Open Long,263.06,10.348,1.317517,0.0,14.652,1794
1788888342823,TAO,B,Open Long,262.92,0.75,0.095439,0.0,25.0,1795
1788888394270,NEAR,A,Close Long,2.3669,431.6,0.494431,-1.091948,7500.7,1796
1788888394270,NEAR,A,Close Long,2.3664,252.9,0.289655,-0.766287,7069.1,1796
1788888394270,NEAR,A,Close Long,2.3664,455.9,0.522159,-1.381377,6816.2,1796
1788888394270,NEAR,A,Close Long,2.3662,21.1,0.024163,-0.068153,6360.3,1796
1788888394270,NEAR,A,Close Long,2.3662,508.1,0.581896,-1.641163,6339.2,1796
1788888394270,NEAR,A,Close Long,2.3662,169.0,0.193544,-0.54587,5831.1,1796
1788888394270,NEAR,A,Close Long,2.366,4.6,0.005267,-0.015778,5662.1,1796
1788888394270,NEAR,A,Close Long,2.366,252.9,0.289606,-0.867447,5657.5,1796
1788888394270,NEAR,A,Close Long,2.366,508.1,0.581847,-1.742783,5404.6,1796
1788888394270,NEAR,A,Close Long,2.366,169.1,0.193643,-0.580013,4896.5,1796
1788888394270,NEAR,A,Close Long,2.366,771.7,0.883707,-2.646931,4727.4,1796
1788888394270,NEAR,A,Close Long,2.3659,28.5,0.032634,-0.100605,3955.7,1796
1788888394270,NEAR,A,Close Long,2.3658,79.4,0.090916,-0.288222,3927.2,1796
1788888394270,NEAR,A,Close Long,2.3658,85.3,0.097672,-0.309639,3847.8,1796
1788888394270,NEAR,A,Close Long,2.3658,508.1,0.581798,-1.844403,3762.5,1796
1788888394270,NEAR,A,Close Long,2.3658,169.1,0.193626,-0.613833,3254.4,1796
1788888394270,NEAR,A,Close Long,2.3658,691.5,0.7918,-2.510145,3085.3,1796
1788888394270,NEAR,A,Close Long,2.3657,508.3,0.582002,-1.895959,2393.8,1796
1788888394270,NEAR,A,Close Long,2.3656,252.9,0.289557,-0.968607,1885.5,1796
1788888394270,NEAR,A,Close Long,2.3656,391.7,0.448476,-1.500211,1632.6,1796
1788888394270,NEAR,A,Close Long,2.3655,508.3,0.581953,-1.997619,1240.9,1796
1788888394270,NEAR,A,Close Long,2.3654,93.6,0.107158,-0.377208,732.6,1796
1788888394270,NEAR,A,Close Long,2.3654,639.0,0.731561,-2.57517,639.0,1796
1788888434281,TAO,A,Close Long,262.62,1.142,0.145157,-0.470504,25.75,1797
1788888434281,TAO,A,Close Long,262.59,5.912,0.751376,-2.613104,24.608,1797
1788888434281,TAO,A,Close Long,262.58,1.155,0.146786,-0.52206,18.696,1797
1788888434281,TAO,A,Close Long,262.58,0.572,0.072694,-0.258544,17.541,1797
1788888434281,TAO,A,Close Long,262.56,0.794,0.1009,-0.374768,16.969,1797
1788888434281,TAO,A,Close Long,262.55,1.155,0.14677,-0.55671,16.175,1797
1788888434281,TAO,A,Close Long,262.54,1.155,0.146764,-0.56826,15.02,1797
1788888434281,TAO,A,Close Long,262.53,12.936,1.643705,-6.493872,13.865,1797
1788888434281,TAO,A,Close Long,262.52,0.048,0.006098,-0.024576,0.929,1797
1788888434281,TAO,A,Close Long,262.52,0.572,0.072677,-0.292864,0.881,1797
1788888434281,TAO,A,Close Long,262.51,0.309,0.039259,-0.161298,0.309,1797
1788888489671,TAO,B,Open Long,263.03,1.521,0.193632,0.0,0.0,1798
1788888489671,TAO,B,Open Long,263.03,0.976,0.12425,0.0,1.521,1798
1788888489671,TAO,B,Open Long,263.03,1.207,0.153658,0.0,2.497,1798
1788888489671,TAO,B,Open Long,263.04,2.659,0.33852,0.0,3.704,1798
1788888489671,TAO,B,Open Long,263.04,0.571,0.072694,0.0,6.363,1798
1788888489671,TAO,B,Open Long,263.05,11.131,1.417155,0.0,6.934,1798
1788888489671,TAO,B,Open Long,263.06,1.208,0.153803,0.0,18.065,1798
1788888489671,TAO,B,Open Long,263.07,1.209,0.153936,0.0,19.273,1798
1788888489671,TAO,B,Open Long,263.08,0.045,0.005729,0.0,20.482,1798
1788888489671,TAO,B,Open Long,263.1,0.571,0.072711,0.0,20.527,1798
1788888489671,TAO,B,Open Long,263.11,1.52,0.193564,0.0,21.098,1798
1788888489671,TAO,B,Open Long,263.12,2.382,0.303347,0.0,22.618,1798
1788888530306,VVV,B,Open Long,22.731,5.99,0.065899,0.0,118.69,1799
1788888530306,VVV,B,Open Long,22.731,11.01,0.121129,0.0,124.68,1799
1788888530306,VVV,B,Open Long,22.731,18.0,0.198031,0.0,135.69,1799
1788888541557,TAO,B,Open Long,263.84,0.189,0.024134,0.0,25.0,1800
1788888541557,TAO,B,Open Long,263.84,11.222,1.433032,0.0,25.189,1800
1788888541557,TAO,B,Open Long,263.84,0.877,0.11199,0.0,36.411,1800
1788888541557,TAO,B,Open Long,263.84,1.516,0.19359,0.0,37.288,1800
1788888541557,TAO,B,Open Long,263.86,0.569,0.072665,0.0,38.804,1800
1788888541557,TAO,B,Open Long,263.86,0.945,0.120683,0.0,39.373,1800
1788888541557,TAO,B,Open Long,263.87,2.659,0.339589,0.0,40.318,1800
1788888541557,TAO,B,Open Long,263.87,1.516,0.193612,0.0,42.977,1800
1788888541557,TAO,B,Open Long,263.88,0.807,0.103068,0.0,44.493,1800
1788888541557,TAO,B,Open Long,263.88,0.745,0.095149,0.0,45.3,1800
1788888541557,TAO,B,Open Long,263.88,0.945,0.120692,0.0,46.045,1800
1788888541557,TAO,B,Open Long,263.88,1.089,0.139084,0.0,46.99,1800
1788888541557,TAO,B,Open Long,263.89,1.921,0.245355,0.0,48.079,1800
1788888682948,VVV,B,Open Long,23.089,6.35,0.070961,0.0,153.69,1801
1788888682948,VVV,B,Open Long,23.091,3.82,0.042691,0.0,160.04,1801
1788888682948,VVV,B,Open Long,23.091,7.21,0.080578,0.0,163.86,1801
1788888682948,VVV,B,Open Long,23.093,7.21,0.080586,0.0,171.07,1801
1788888682948,VVV,B,Open Long,23.093,22.41,0.250476,0.0,178.28,1801
1788888691009,TAO,B,Open Long,264.38,0.189,0.024183,0.0,50.0,1802
1788888691009,TAO,B,Open Long,264.38,0.723,0.092514,0.0,50.189,1802
1788888691009,TAO,B,Open Long,264.39,0.831,0.106337,0.0,50.912,1802
1788888691009,TAO,B,Open Long,264.4,0.779,0.099687,0.0,51.743,1802
1788888691009,TAO,B,Open Long,264.41,1.068,0.136675,0.0,52.522,1802
1788888691009,TAO,B,Open Long,264.42,0.779,0.099695,0.0,53.59,1802
1788888691009,TAO,B,Open Long,264.43,0.631,0.080757,0.0,54.369,1802
1788888691555,TAO,B,Open Long,264.42,0.754,0.096496,0.0,55.0,1803
1788888691555,TAO,B,Open Long,264.43,4.246,0.543419,0.0,55.754,1803
1788888693991,TAO,B,Open Long,264.41,5.0,0.639872,0.0,60.0,1804
1788888753438,VVV,B,Open Long,23.081,8.1,0.090486,0.0,200.69,1805
1788888753438,VVV,B,Open Long,23.083,4.9,0.054742,0.0,208.79,1805
1788888753438,VVV,B,Open Long,23.083,4.75,0.053067,0.0,213.69,1805
1788888753438,VVV,B,Open Long,23.084,4.22,0.047148,0.0,218.44,1805
1788888753438,VVV,B,Open Long,23.086,4.9,0.05475,0.0,222.66,1805
1788888753438,VVV,B,Open Long,23.086,4.74,0.052962,0.0,227.56,1805
1788888753438,VVV,B,Open Long,23.088,4.9,0.054755,0.0,232.3,1805
1788888753438,VVV,B,Open Long,23.088,4.74,0.052966,0.0,237.2,1805
1788888753438,VVV,B,Open Long,23.091,4.91,0.054873,0.0,241.94,1805
1788888753438,VVV,B,Open Long,23.091,3.84,0.042915,0.0,246.85,1805
1788889057765,TAO,B,Open Long,262.76,0.06,0.007629,0.0,65.0,1806
1788889057765,TAO,B,Open Long,262.77,0.59,0.075036,0.0,65.06,1806
1788889057765,TAO,B,Open Long,262.78,0.06,0.00763,0.0,65.65,1806
1788889057765,TAO,B,Open Long,262.8,0.958,0.121852,0.0,65.71,1806
1788889057765,TAO,B,Open Long,262.81,1.522,0.193597,0.0,66.668,1806
1788889057765,TAO,B,Open Long,262.82,1.106,0.140687,0.0,68.19,1806
1788889057765,TAO,B,Open Long,262.83,1.522,0.193612,0.0,69.296,1806
1788889057765,TAO,B,Open Long,262.84,1.175,0.149476,0.0,70.818,1806
1788889057765,TAO,B,Open Long,262.84,1.175,0.149476,0.0,71.993,1806
1788889057765,TAO,B,Open Long,262.84,1.105,0.140571,0.0,73.168,1806
1788889057765,TAO,B,Open Long,262.85,1.105,0.140576,0.0,74.273,1806
1788889057765,TAO,B,Open Long,262.85,4.622,0.588007,0.0,75.378,1806
1788889062757,TAO,B,Open Long,262.76,0.06,0.007629,0.0,80.0,1807
1788889062757,TAO,B,Open Long,262.78,0.06,0.00763,0.0,80.06,1807
1788889062757,TAO,B,Open Long,262.81,1.522,0.193597,0.0,80.12,1807
1788889062757,TAO,B,Open Long,262.82,1.106,0.140687,0.0,81.642,1807
1788889062757,TAO,B,Open Long,262.83,1.522,0.193612,0.0,82.748,1807
1788889062757,TAO,B,Open Long,262.84,1.105,0.140571,0.0,84.27,1807
1788889062757,TAO,B,Open Long,262.85,1.522,0.193627,0.0,85.375,1807
1788889062757,TAO,B,Open Long,262.86,1.105,0.140582,0.0,86.897,1807
1788889062757,TAO,B,Open Long,262.87,1.522,0.193641,0.0,88.002,1807
1788889062757,TAO,B,Open Long,262.87,6.701,0.852561,0.0,89.524,1807
1788889062757,TAO,B,Open Long,262.88,1.106,0.14072,0.0,96.225,1807
1788889062757,TAO,B,Open Long,262.88,0.571,0.07265,0.0,97.331,1807
1788889062757,TAO,B,Open Long,262.89,2.098,0.266946,0.0,97.902,1807
1788889339609,VVV,B,Open Long,23.1,7.33,0.081952,0.0,250.69,1808
1788889339609,VVV,B,Open Long,23.103,7.33,0.081962,0.0,258.02,1808
1788889339609,VVV,B,Open Long,23.103,18.36,0.205298,0.0,265.35,1808
1788889339609,VVV,B,Open Long,23.106,7.33,0.081972,0.0,283.71,1808
1788889339609,VVV,B,Open Long,23.11,7.32,0.081875,0.0,291.04,1808
1788889339609,VVV,B,Open Long,23.11,2.33,0.02606,0.0,298.36,1808
1788889402112,NEAR,B,Open Long,2.3455,667.3,0.757533,0.0,0.0,1809
1788889402112,NEAR,B,Open Long,2.3457,612.3,0.695155,0.0,667.3,1809
1788889402112,NEAR,B,Open Long,2.3458,170.5,0.193579,0.0,1279.6,1809
1788889402112,NEAR,B,Open Long,2.3459,593.6,0.673982,0.0,1450.1,1809
1788889402112,NEAR,B,Open Long,2.3459,127.9,0.145219,0.0,2043.7,1809
1788889402112,NEAR,B,Open Long,2.346,686.5,0.779495,0.0,2171.6,1809
1788889402112,NEAR,B,Open Long,2.346,170.5,0.193596,0.0,2858.1,1809
1788889402112,NEAR,B,Open Long,2.3462,686.5,0.779561,0.0,3028.6,1809
1788889402112,NEAR,B,Open Long,2.3462,170.5,0.193612,0.0,3715.1,1809
1788889402112,NEAR,B,Open Long,2.3462,114.4,0.129907,0.0,3885.6,1809
1788889431371,NEAR,B,Open Long,2.3459,1000.0,1.135415,0.0,4000.0,1810
1788889496322,TAO,A,Close Long,261.37,1.147,0.145098,-2.313499,100.0,1811
1788889496322,TAO,A,Close Long,261.35,5.912,0.747828,-12.042744,98.853,1811
1788889496322,TAO,A,Close Long,261.29,3.444,0.435542,-7.222068,92.941,1811
1788889496322,TAO,A,Close Long,261.28,0.575,0.072713,-1.211525,89.497,1811
1788889496322,TAO,A,Close Long,261.27,11.913,1.506453,-25.219821,88.922,1811
1788889496322,TAO,A,Close Long,261.26,0.07,0.00885,-0.14889,77.009,1811
1788889496322,TAO,A,Close Long,261.26,0.961,0.121518,-2.044047,76.939,1811
1788889496322,TAO,A,Close Long,261.25,0.402,0.05083,-0.859074,75.978,1811
1788889496322,TAO,A,Close Long,261.25,0.756,0.095591,-1.615572,75.576,1811
1788889496322,TAO,A,Close Long,261.23,1.105,0.13971,-2.383485,74.82,1811
1788889496322,TAO,A,Close Long,261.21,0.191,0.024147,-0.415807,73.715,1811
1788889496322,TAO,A,Close Long,261.21,1.531,0.193557,-3.332987,73.524,1811
1788889496322,TAO,A,Close Long,261.21,1.106,0.139825,-2.407762,71.993,1811
1788889496322,TAO,A,Close Long,261.2,0.362,0.045763,-0.791694,70.887,1811
1788889496322,TAO,A,Close Long,261.2,2.675,0.338175,-5.850225,70.525,1811
1788889496322,TAO,A,Close Long,261.19,1.531,0.193542,-3.363607,67.85,1811
1788889496322,TAO,A,Close Long,261.19,1.104,0.139562,-2.425488,66.319,1811
1788889496322,TAO,A,Close Long,261.18,12.936,1.635253,-28.549752,65.215,1811
1788889496322,TAO,A,Close Long,261.18,0.575,0.072685,-1.269025,52.279,1811
1788889496322,TAO,A,Close Long,261.17,1.532,0.193654,-3.396444,51.704,1811
1788889496322,TAO,A,Close Long,261.17,0.172,0.021741,-0.381324,50.172,1811
1788889550924,NEAR,B,Open Long,2.3467,148.6,0.168779,0.0,5000.0,1812
1788889550924,NEAR,B,Open Long,2.3467,299.8,0.340513,0.0,5148.6,1812
1788889550924,NEAR,B,Open Long,2.3468,327.3,0.371763,0.0,5448.4,1812
1788889550924,NEAR,B,Open Long,2.347,160.0,0.181751,0.0,5775.7,1812
1788889550924,NEAR,B,Open Long,2.3471,564.3,0.641041,0.0,5935.7,1812
1788889567131,TAO,B,Open Long,261.56,1.529,0.193563,0.0,50.0,1813
1788889567131,TAO,B,Open Long,261.57,1.016,0.128624,0.0,51.529,1813
1788889567131,TAO,B,Open Long,261.58,1.529,0.193578,0.0,52.545,1813
1788889567131,TAO,B,Open Long,261.59,10.891,1.378904,0.0,54.074,1813
1788889567131,TAO,B,Open Long,261.59,1.016,0.128634,0.0,64.965,1813
1788889567131,TAO,B,Open Long,261.6,1.529,0.193592,0.0,65.981,1813
1788889567131,TAO,B,Open Long,261.61,2.675,0.338705,0.0,67.51,1813
1788889567131,TAO,B,Open Long,261.61,1.016,0.128644,0.0,70.185,1813
1788889567131,TAO,B,Open Long,261.63,0.817,0.103455,0.0,71.201,1813
1788889567131,TAO,B,Open Long,261.64,1.096,0.138789,0.0,72.018,1813
1788889567131,TAO,B,Open Long,261.64,1.529,0.193622,0.0,73.114,1813
1788889567131,TAO,B,Open Long,261.65,0.357,0.045209,0.0,74.643,1813
1788889621393,TAO,B,Open Long,261.87,1.104,0.139926,0.0,75.0,1814
1788889621393,TAO,B,Open Long,261.88,1.527,0.193547,0.0,76.104,1814
1788889621393,TAO,B,Open Long,261.89,1.029,0.13043,0.0,77.631,1814
1788889621393,TAO,B,Open Long,261.9,1.0,0.126759,0.0,78.66,1814
1788889621393,TAO,B,Open Long,261.91,1.027,0.130186,0.0,79.66,1814
1788889621393,TAO,B,Open Long,261.91,1.527,0.193568,0.0,80.687,1814
1788889621393,TAO,B,Open Long,261.92,11.551,1.464311,0.0,82.214,1814
1788889621393,TAO,B,Open Long,261.93,1.029,0.130449,0.0,93.765,1814
1788889621393,TAO,B,Open Long,261.94,1.527,0.193591,0.0,94.794,1814
1788889621393,TAO,B,Open Long,261.95,0.848,0.107512,0.0,96.321,1814
1788889621393,TAO,B,Open Long,261.96,2.675,0.339159,0.0,97.169,1814
1788889621393,TAO,B,Open Long,261.96,0.156,0.019778,0.0,99.844,1814
1788889657400,VVV,A,Close Long,22.58,2.21,0.024152,-0.544102,300.69,1815
1788889657400,VVV,A,Close Long,22.58,7.99,0.08732,-1.967138,298.48,1815
1788889657400,VVV,A,Close Long,22.579,7.99,0.087315,-1.975128,290.49,1815
1788889657400,VVV,A,Close Long,22.575,8.01,0.087519,-2.012112,282.5,1815
1788889657400,VVV,A,Close Long,22.572,8.01,0.087507,-2.036142,274.49,1815
1788889657400,VVV,A,Close Long,22.569,8.01,0.087495,-2.060172,266.48,1815
1788889657400,VVV,A,Close Long,22.566,8.01,0.087484,-2.084202,258.47,1815
1788889657400,VVV,A,Close Long,22.566,17.73,0.193645,-4.613346,250.46,1815
1788889657400,VVV,A,Close Long,22.565,13.93,0.152135,-3.638516,232.73,1815
1788889657400,VVV,A,Close Long,22.564,218.8,2.389509,-57.36936,218.8,1815
1788889772556,VVV,B,Open Long,22.358,20.62,0.223134,0.0,0.0,1816
1788889772556,VVV,B,Open Long,22.361,8.67,0.093832,0.0,20.62,1816
1788889772556,VVV,B,Open Long,22.365,9.45,0.102292,0.0,29.29,1816
1788889772556,VVV,B,Open Long,22.369,9.45,0.10231,0.0,38.74,1816
1788889772556,VVV,B,Open Long,22.373,9.46,0.102437,0.0,48.19,1816
1788889772556,VVV,B,Open Long,22.374,17.88,0.193622,0.0,57.65,1816
1788889772556,VVV,B,Open Long,22.375,9.46,0.102446,0.0,75.53,1816
1788889772556,VVV,B,Open Long,22.376,17.88,0.193639,0.0,84.99,1816
1788889772556,VVV,B,Open Long,22.376,19.85,0.214974,0.0,102.87,1816
1788889772556,VVV,B,Open Long,22.376,10.0,0.108299,0.0,122.72,1816
1788889772556,VVV,B,Open Long,22.377,84.38,0.913874,0.0,132.72,1816
1788889772556,VVV,B,Open Long,22.378,10.0,0.108309,0.0,217.1,1816
1788889772556,VVV,B,Open Long,22.378,13.93,0.150874,0.0,227.1,1816
1788889772556,VVV,B,Open Long,22.379,8.97,0.097157,0.0,241.03,1816
1788889824333,VVV,B,Open Long,22.251,9.13,0.043718,0.0,250.0,1542
1788889886149,VVV,B,Open Long,22.28,8.87,0.095649,0.0,259.13,1817
1788889886149,VVV,B,Open Long,22.28,9.56,0.103089,0.0,268.0,1817
1788889886149,VVV,B,Open Long,22.284,11.18,0.12058,0.0,277.56,1817
1788889886149,VVV,B,Open Long,22.288,11.22,0.121034,0.0,288.74,1817
1788889886149,VVV,B,Open Long,22.292,9.17,0.098937,0.0,299.96,1817
1788889920242,NEAR,A,Close Long,2.3501,771.7,0.877768,3.071366,6500.0,1818
1788889920242,NEAR,A,Close Long,2.35,208.0,0.236579,0.80704,5728.3,1818
1788889920242,NEAR,A,Close Long,2.3498,254.0,0.288874,0.93472,5520.3,1818
1788889920242,NEAR,A,Close Long,2.3497,79.2,0.090069,0.283536,5266.3,1818
1788889920242,NEAR,A,Close Long,2.3496,81.5,0.092682,0.28362,5187.1,1818
1788889920242,NEAR,A,Close Long,2.3496,1505.8,1.712404,5.240184,5105.6,1818
1788889920242,NEAR,A,Close Long,2.3495,307.3,0.349448,1.038674,3599.8,1818
1788889920242,NEAR,A,Close Long,2.3495,315.1,0.358317,1.065038,3292.5,1818
1788889920242,NEAR,A,Close Long,2.3494,395.2,0.449385,1.296256,2977.4,1818
1788889920242,NEAR,A,Close Long,2.3493,699.7,0.795601,2.225046,2582.2,1818
1788889920242,NEAR,A,Close Long,2.3493,893.5,1.015963,2.84133,1882.5,1818
1788889920242,NEAR,A,Close Long,2.3493,200.0,0.227412,0.636,989.0,1818
1788889920242,NEAR,A,Close Long,2.3492,715.6,0.813645,2.204048,789.0,1818
1788889920242,NEAR,A,Close Long,2.3492,73.4,0.083456,0.226072,73.4,1818
1788889943652,VVV,B,Open Long,22.297,42.75,0.461346,0.0,309.13,1819
1788889943652,VVV,B,Open Long,22.304,7.25,0.078264,0.0,351.88,1819
1788889945345,VVV,B,Open Long,22.281,11.48,0.123799,0.0,359.13,1820
1788889945345,VVV,B,Open Long,22.285,11.48,0.123822,0.0,370.61,1820
1788889945345,VVV,B,Open Long,22.289,11.48,0.123844,0.0,382.09,1820
1788889945345,VVV,B,Open Long,22.293,11.48,0.123866,0.0,393.57,1820
1788889945345,VVV,B,Open Long,22.297,4.08,0.04403,0.0,405.05,1820
1788890026355,VVV,B,Open Long,22.212,9.13,0.043641,0.0,409.13,1541
1788890027899,VVV,B,Open Long,22.174,9.13,0.043566,0.0,418.26,1540
1788890028705,VVV,B,Open Long,22.135,9.13,0.04349,0.0,427.39,1539
1788890039012,VVV,B,Open Long,22.096,9.13,0.043413,0.0,436.52,1538
1788890076706,VVV,B,Open Long,22.443,2.1,0.022811,0.0,445.65,1821
1788890076706,VVV,B,Open Long,22.464,2.22,0.024137,0.0,447.75,1821
1788890076706,VVV,B,Open Long,22.475,0.45,0.004894,0.0,449.97,1821
1788890076706,VVV,B,Open Long,22.5,1.83,0.019928,0.0,450.42,1821
1788890076706,VVV,B,Open Long,22.507,7.19,0.078322,0.0,452.25,1821
1788890076706,VVV,B,Open Long,22.511,6.76,0.073651,0.0,459.44,1821
1788890076706,VVV,B,Open Long,22.518,21.51,0.234431,0.0,466.2,1821
1788890076706,VVV,B,Open Long,22.519,2.22,0.024195,0.0,487.71,1821
1788890076706,VVV,B,Open Long,22.528,1.68,0.018317,0.0,489.93,1821
1788890076706,VVV,B,Open Long,22.528,4.04,0.04405,0.0,491.61,1821
1788890077174,VVV,B,Open Long,22.494,9.38,0.10212,0.0,495.65,1822
1788890077174,VVV,B,Open Long,22.498,9.38,0.102138,0.0,505.03,1822
1788890077174,VVV,B,Open Long,22.502,9.38,0.102156,0.0,514.41,1822
1788890077174,VVV,B,Open Long,22.506,9.38,0.102174,0.0,523.79,1822
1788890077174,VVV,B,Open Long,22.51,9.38,0.102193,0.0,533.17,1822
1788890077174,VVV,B,Open Long,22.513,3.1,0.033778,0.0,542.55,1822
1788890077438,VVV,B,Open Long,22.487,8.0,0.087069,0.0,545.65,1823
1788890077438,VVV,B,Open Long,22.491,9.18,0.099929,0.0,553.65,1823
1788890077438,VVV,B,Open Long,22.509,10.0,0.108943,0.0,562.83,1823
1788890077438,VVV,B,Open Long,22.509,17.77,0.193592,0.0,572.83,1823
1788890077438,VVV,B,Open Long,22.512,5.05,0.055023,0.0,590.6,1823
1788890214169,VVV,B,Open Long,22.527,9.2,0.100307,0.0,595.65,1824
1788890214169,VVV,B,Open Long,22.527,9.88,0.107721,0.0,604.85,1824
1788890214169,VVV,B,Open Long,22.527,10.45,0.113936,0.0,614.73,1824
1788890214169,VVV,B,Open Long,22.53,9.55,0.104138,0.0,625.18,1824
1788890214169,VVV,B,Open Long,22.532,10.92,0.119086,0.0,634.73,1824
1788890295474,TAO,A,Close Long,261.43,1.53,0.193593,-1.74726,100.0,1825
1788890295474,TAO,A,Close Long,261.42,5.912,0.748028,-6.810624,98.47,1825
1788890295474,TAO,A,Close Long,261.36,3.444,0.435659,-4.174128,92.558,1825
1788890295474,TAO,A,Close Long,261.34,1.531,0.193653,-1.886192,89.114,1825
1788890295474,TAO,A,Close Long,261.33,7.224,0.913717,-8.972208,87.583,1825
1788890295474,TAO,A,Close Long,261.32,1.531,0.193639,-1.916812,80.359,1825
1788890295474,TAO,A,Close Long,261.32,7.224,0.913682,-9.044448,78.828,1825
1788890295474,TAO,A,Close Long,261.31,0.925,0.116988,-1.16735,71.604,1825
1788890295474,TAO,A,Close Long,261.31,1.904,0.240806,-2.402848,70.679,1825
1788890295474,TAO,A,Close Long,261.3,1.531,0.193624,-1.947432,68.775,1825
1788890295474,TAO,A,Close Long,261.29,2.675,0.338292,-3.42935,67.244,1825
1788890295474,TAO,A,Close Long,261.29,0.78,0.098641,-0.99996,64.569,1825
1788890295474,TAO,A,Close Long,261.29,1.137,0.143789,-1.457634,63.789,1825
1788890295474,TAO,A,Close Long,261.28,12.652,1.599965,-16.346384,62.652,1825
1788890304825,TAO,A,Close Long,261.43,1.147,0.145132,-1.309874,50.0,1826
1788890304825,TAO,A,Close Long,261.34,5.912,0.7478,-7.283584,48.853,1826
1788890304825,TAO,A,Close Long,261.33,7.224,0.913717,-8.972208,42.941,1826
1788890304825,TAO,A,Close Long,261.29,1.531,0.193616,-1.962742,35.717,1826
1788890304825,TAO,A,Close Long,261.28,2.675,0.338278,-3.4561,34.186,1826
1788890304825,TAO,A,Close Long,261.27,3.445,0.435635,-4.48539,31.511,1826
1788890304825,TAO,A,Close Long,261.27,1.646,0.208144,-2.143092,28.066,1826
1788890304825,TAO,A,Close Long,261.27,1.531,0.193601,-1.993362,26.42,1826
1788890304825,TAO,A,Close Long,261.27,1.0,0.126454,-1.302,24.889,1826
1788890304825,TAO,A,Close Long,261.26,0.07,0.00885,-0.09184,23.889,1826
1788890304825,TAO,A,Close Long,261.26,1.0,0.126449,-1.312,23.819,1826
1788890304825,TAO,A,Close Long,261.26,1.141,0.144278,-1.496992,22.819,1826
1788890304825,TAO,A,Close Long,261.25,1.531,0.193586,-2.023982,21.678,1826
1788890304825,TAO,A,Close Long,261.25,13.756,1.739376,-18.185432,20.147,1826
1788890304825,TAO,A,Close Long,261.25,1.0,0.126445,-1.322,6.391,1826
1788890304825,TAO,A,Close Long,261.24,5.391,0.681638,-7.180812,5.391,1826
1788890467606,TAO,B,Open Long,261.83,2.106,0.266883,0.0,0.0,1827
1788890467606,TAO,B,Open Long,261.83,1.142,0.144719,0.0,2.106,1827
1788890467606,TAO,B,Open Long,261.83,4.381,0.555184,0.0,3.248,1827
1788890467606,TAO,B,Open Long,261.84,1.528,0.193644,0.0,7.629,1827
1788890467606,TAO,B,Open Long,261.85,1.142,0.144731,0.0,9.157,1827
1788890467606,TAO,B,Open Long,261.87,1.141,0.144615,0.0,10.299,1827
1788890467606,TAO,B,Open Long,261.87,1.527,0.193539,0.0,11.44,1827
1788890467606,TAO,B,Open Long,261.88,13.756,1.743571,0.0,12.967,1827
1788890467606,TAO,B,Open Long,261.88,1.065,0.134988,0.0,26.723,1827
1788890467606,TAO,B,Open Long,261.9,0.976,0.123716,0.0,27.788,1827
1788890467606,TAO,B,Open Long,261.9,1.141,0.144631,0.0,28.764,1827
1788890467606,TAO,B,Open Long,261.91,2.87,0.363813,0.0,29.905,1827
1788890467606,TAO,B,Open Long,261.91,1.142,0.144764,0.0,32.775,1827
1788890467606,TAO,B,Open Long,261.92,8.929,1.131922,0.0,33.917,1827
1788890467606,TAO,B,Open Long,261.92,1.175,0.148953,0.0,42.846,1827
1788890467606,TAO,B,Open Long,261.92,1.175,0.148953,0.0,44.021,1827
1788890467606,TAO,B,Open Long,261.93,1.142,0.144775,0.0,45.196,1827
1788890467606,TAO,B,Open Long,261.94,3.749,0.475294,0.0,46.338,1827
1788890467606,TAO,B,Open Long,261.95,1.142,0.144786,0.0,50.087,1827
1788890467606,TAO,B,Open Long,261.95,2.198,0.27867,0.0,51.229,1827
1788890467606,TAO,B,Open Long,261.96,13.756,1.744104,0.0,53.427,1827
1788890467606,TAO,B,Open Long,261.97,20.083,2.546393,0.0,67.183,1827
1788890467606,TAO,B,Open Long,261.97,1.145,0.145177,0.0,87.266,1827
1788890467606,TAO,B,Open Long,261.98,1.142,0.144803,0.0,88.411,1827
1788890467606,TAO,B,Open Long,261.98,0.79,0.10017,0.0,89.553,1827
1788890467606,TAO,B,Open Long,261.98,0.832,0.105495,0.0,90.343,1827
1788890467606,TAO,B,Open Long,261.99,2.87,0.363924,0.0,91.175,1827
1788890467606,TAO,B,Open Long,261.99,1.141,0.144682,0.0,94.045,1827
1788890467606,TAO,B,Open Long,262.0,54.457,6.905582,0.0,95.186,1827
1788890467606,TAO,B,Open Long,262.0,0.357,0.04527,0.0,149.643,1827
1788890596019,VVV,B,Open Long,22.057,9.13,0.043337,0.0,645.65,1537
1788890596019,VVV,B,Open Long,22.018,9.13,0.04326,0.0,654.78,1536
1788890609022,VVV,A,Close Long,22.001,14.42,0.15355,-5.365682,663.91,1828
1788890609022,VVV,A,Close Long,21.996,12.53,0.133394,-4.725063,649.49,1828
1788890609022,VVV,A,Close Long,21.993,14.42,0.153494,-5.481042,636.96,1828
1788890609022,VVV,A,Close Long,21.992,280.55,2.986209,-106.917605,622.54,1828
1788890609022,VVV,A,Close Long,21.991,37.65,0.400733,-14.386065,341.99,1828
1788890609022,VVV,A,Close Long,21.99,15.11,0.160817,-5.788641,304.34,1828
1788890609022,VVV,A,Close Long,21.988,73.12,0.778156,-28.158512,289.23,1828
1788890609022,VVV,A,Close Long,21.988,2.19,0.023306,-0.843369,216.11,1828
1788890609022,VVV,A,Close Long,21.988,19.48,0.207309,-7.501748,213.92,1828
1788890609022,VVV,A,Close Long,21.988,2.4,0.025541,-0.92424,194.44,1828
1788890609022,VVV,A,Close Long,21.982,18.2,0.193634,-7.11802,192.04,1828
1788890609022,VVV,A,Close Long,21.98,1.86,0.019786,-0.731166,173.84,1828
1788890609022,VVV,A,Close Long,21.975,73.82,0.785141,-29.387742,171.98,1828
1788890609022,VVV,A,Close Long,21.975,2.21,0.023504,-0.879801,98.16,1828
1788890609022,VVV,A,Close Long,21.975,19.69,0.20942,-7.838589,95.95,1828
1788890609022,VVV,A,Close Long,21.975,2.42,0.025737,-0.963402,76.26,1828
1788890609022,VVV,A,Close Long,21.966,73.84,0.785032,-30.060264,73.84,1828
1788890629710,VVV,B,Open Long,21.941,9.13,0.043109,0.0,0.0,1535
1788890629710,VVV,B,Open Long,21.902,9.13,0.043031,0.0,9.13,1534
1788890629710,VVV,B,Open Long,21.863,9.13,0.042954,0.0,18.26,1533
1788890629710,VVV,B,Open Long,21.825,9.13,0.042881,0.0,27.39,1532
1788890636295,TAO,A,Close Long,261.61,1.154,0.146117,-0.394668,150.0,1829
1788890636295,TAO,A,Close Long,261.59,0.819,0.103693,-0.296478,148.846,1829
1788890636295,TAO,A,Close Long,261.58,1.154,0.146101,-0.429288,148.027,1829
1788890636295,TAO,A,Close Long,261.57,1.529,0.193571,-0.584078,146.873,1829
1788890636295,TAO,A,Close Long,261.56,0.926,0.117226,-0.362992,145.344,1829
1788890636295,TAO,A,Close Long,261.54,0.834,0.105571,-0.343608,144.418,1829
1788890636295,TAO,A,Close Long,261.53,1.147,0.145187,-0.484034,143.584,1829
1788890636295,TAO,A,Close Long,261.53,1.529,0.19354,-0.645238,142.437,1829
1788890636295,TAO,A,Close Long,261.51,1.53,0.193653,-0.67626,140.908,1829
1788890636295,TAO,A,Close Long,261.51,1.154,0.146062,-0.510068,139.378,1829
1788890636295,TAO,A,Close Long,261.5,1.085,0.137323,-0.49042,138.224,1829
1788890636295,TAO,A,Close Long,261.49,1.53,0.193637,-0.70686,137.139,1829
1788890636295,TAO,A,Close Long,261.48,1.154,0.146045,-0.544688,135.609,1829
1788890636295,TAO,A,Close Long,261.45,1.154,0.146028,-0.579308,134.455,1829
1788890636295,TAO,A,Close Long,261.45,1.53,0.193608,-0.76806,133.301,1829
1788890636295,TAO,A,Close Long,261.44,1.083,0.137038,-0.554496,131.771,1829
1788890636295,TAO,A,Close Long,261.44,11.852,1.499715,-6.068224,130.688,1829
1788890636295,TAO,A,Close Long,261.43,3.788,0.479302,-1.977336,118.836,1829
1788890636295,TAO,A,Close Long,261.42,1.154,0.146011,-0.613928,115.048,1829
1788890636295,TAO,A,Close Long,261.41,3.443,0.435616,-1.866106,113.894,1829
1788890636295,TAO,A,Close Long,261.4,1.154,0.146,-0.637008,110.451,1829
1788890636295,TAO,A,Close Long,261.39,14.512,1.835953,-8.155744,109.297,1829
1788890636295,TAO,A,Close Long,261.39,2.87,0.36309,-1.61294,94.785,1829
1788890636295,TAO,A,Close Long,261.39,1.175,0.148652,-0.66035,91.915,1829
1788890636295,TAO,A,Close Long,261.39,1.175,0.148652,-0.66035,90.74,1829
1788890636295,TAO,A,Close Long,261.39,1.71,0.216336,-0.96102,89.565,1829
1788890636295,TAO,A,Close Long,261.38,1.154,0.145989,-0.660088,87.855,1829
1788890636295,TAO,A,Close Long,261.37,1.096,0.138647,-0.637872,86.701,1829
1788890636295,TAO,A,Close Long,261.36,1.151,0.145598,-0.681392,85.605,1829
1788890636295,TAO,A,Close Long,261.34,1.152,0.145714,-0.705024,84.454,1829
1788890636295,TAO,A,Close Long,261.34,5.912,0.7478,-3.618144,83.302,1829
1788890636295,TAO,A,Close Long,261.32,3.788,0.479101,-2.394016,77.39,1829
1788890636295,TAO,A,Close Long,261.32,1.152,0.145703,-0.728064,73.602,1829
1788890636295,TAO,A,Close Long,261.31,5.038,0.637175,-3.234396,72.45,1829
1788890636295,TAO,A,Close Long,261.31,2.87,0.362979,-1.84254,67.412,1829
1788890636295,TAO,A,Close Long,261.31,0.976,0.123437,-0.626592,64.542,1829
1788890636295,TAO,A,Close Long,261.3,13.756,1.73971,-8.968912,63.566,1829
1788890636295,TAO,A,Close Long,261.3,0.383,0.048436,-0.249716,49.81,1829
1788890636295,TAO,A,Close Long,261.3,0.383,0.048436,-0.249716,49.427,1829
1788890636295,TAO,A,Close Long,261.3,0.345,0.043631,-0.22494,49.044,1829
1788890636295,TAO,A,Close Long,261.3,2.266,0.286578,-1.477432,48.699,1829
1788890636295,TAO,A,Close Long,261.29,1.152,0.145686,-0.762624,46.433,1829
1788890636295,TAO,A,Close Long,261.28,0.402,0.050836,-0.270144,45.281,1829
1788890636295,TAO,A,Close Long,261.28,7.655,0.968046,-5.14416,44.879,1829
1788890636295,TAO,A,Close Long,261.28,0.345,0.043628,-0.23184,37.224,1829
1788890636295,TAO,A,Close Long,261.27,1.154,0.145928,-0.787028,36.879,1829
1788890636295,TAO,A,Close Long,261.26,8.33,1.053326,-5.76436,35.725,1829
1788890636295,TAO,A,Close Long,261.25,0.528,0.066762,-0.370656,27.395,1829
1788890636295,TAO,A,Close Long,261.25,0.495,0.062589,-0.34749,26.867,1829
1788890636295,TAO,A,Close Long,261.25,1.154,0.145917,-0.810108,26.372,1829
1788890636295,TAO,A,Close Long,261.24,3.826,0.483759,-2.724112,25.218,1829
1788890636295,TAO,A,Close Long,261.24,20.137,2.546124,-14.337544,21.392,1829
1788890636295,TAO,A,Close Long,261.23,1.255,0.158675,-0.90611,1.255,1829
1788890686612,VVV,B,Open Long,22.009,108.82,1.159188,0.0,36.52,1830
1788890686612,VVV,B,Open Long,22.009,21.51,0.229131,0.0,145.34,1830
1788890686612,VVV,B,Open Long,22.011,14.98,0.159586,0.0,166.85,1830
1788890686612,VVV,B,Open Long,22.012,13.93,0.148406,0.0,181.83,1830
1788890686612,VVV,B,Open Long,22.013,64.76,0.689971,0.0,195.76,1830
1788890699536,VVV,B,Open Long,21.99,19.6,0.208605,0.0,260.52,1831
1788890699536,VVV,B,Open Long,21.99,14.98,0.159434,0.0,280.12,1831
1788890699536,VVV,B,Open Long,21.994,13.93,0.148285,0.0,295.1,1831
1788890699536,VVV,B,Open Long,21.996,20.75,0.220905,0.0,309.03,1831
1788890699536,VVV,B,Open Long,21.999,14.98,0.159499,0.0,329.78,1831
1788890699536,VVV,B,Open Long,21.999,15.76,0.167804,0.0,344.76,1831
1788890718908,VVV,B,Open Long,22.073,14.98,0.160035,0.0,360.52,1832
1788890718908,VVV,B,Open Long,22.074,29.26,0.312607,0.0,375.5,1832
1788890718908,VVV,B,Open Long,22.075,21.51,0.229818,0.0,404.76,1832
1788890718908,VVV,B,Open Long,22.082,14.98,0.1601,0.0,426.27,1832
1788890718908,VVV,B,Open Long,22.085,18.11,0.193579,0.0,441.25,1832
1788890718908,VVV,B,Open Long,22.086,1.16,0.012398,0.0,459.36,1832
1788890776800,VVV,B,Open Long,22.136,14.98,0.160492,0.0,460.52,1833
1788890776800,VVV,B,Open Long,22.141,16.59,0.177781,0.0,475.5,1833
1788890776800,VVV,B,Open Long,22.143,8.43,0.090345,0.0,492.09,1833
1788890809451,VVV,B,Open Long,22.208,13.89,0.149298,0.0,500.52,1834
1788890809451,VVV,B,Open Long,22.208,4.5,0.048368,0.0,514.41,1834
1788890809451,VVV,B,Open Long,22.216,13.93,0.149782,0.0,518.91,1834
1788890809451,VVV,B,Open Long,22.217,16.21,0.174305,0.0,532.84,1834
1788890809451,VVV,B,Open Long,22.219,16.21,0.174321,0.0,549.05,1834
1788890809451,VVV,B,Open Long,22.219,35.26,0.379185,0.0,565.26,1834
1788890815226,VVV,B,Open Long,22.246,4.49,0.048343,0.0,600.52,1835
1788890815226,VVV,B,Open Long,22.248,15.75,0.169595,0.0,605.01,1835
1788890815226,VVV,B,Open Long,22.251,16.16,0.174034,0.0,620.76,1835
1788890815226,VVV,B,Open Long,22.254,16.15,0.17395,0.0,636.92,1835
1788890815226,VVV,B,Open Long,22.254,47.45,0.51108,0.0,653.07,1835
1788890820417,VVV,B,Open Long,22.284,16.07,0.173321,0.0,700.52,1836
1788890820417,VVV,B,Open Long,22.285,4.48,0.04832,0.0,716.59,1836
1788890820417,VVV,B,Open Long,22.287,16.07,0.173345,0.0,721.07,1836
1788890820417,VVV,B,Open Long,22.289,13.38,0.144341,0.0,737.14,1836
1788891029468,VVV,B,Open Long,22.323,8.54,0.092268,0.0,750.52,1837
1788891029468,VVV,B,Open Long,22.324,4.47,0.048296,0.0,759.06,1837
1788891029468,VVV,B,Open Long,22.325,10.66,0.115184,0.0,763.53,1837
1788891029468,VVV,B,Open Long,22.327,10.66,0.115194,0.0,774.19,1837
1788891029468,VVV,B,Open Long,22.327,15.67,0.169333,0.0,784.85,1837
1788891220070,VVV,B,Open Long,22.539,10.52,0.114761,0.0,800.52,1838
1788891220070,VVV,B,Open Long,22.541,10.52,0.114771,0.0,811.04,1838
1788891220070,VVV,B,Open Long,22.543,10.52,0.114781,0.0,821.56,1838
1788891220070,VVV,B,Open Long,22.545,10.52,0.114791,0.0,832.08,1838
1788891220070,VVV,B,Open Long,22.547,7.92,0.086428,0.0,842.6,1838
1788891280102,VVV,B,Open Long,22.527,8.13,0.088641,0.0,850.52,1839
1788891280102,VVV,B,Open Long,22.528,41.87,0.45653,0.0,858.65,1839
1788891310389,VVV,B,Open Long,22.584,7.48,0.08176,0.0,900.52,1840
1788891310389,VVV,B,Open Long,22.585,42.52,0.464791,0.0,908.0,1840
1788891311595,VVV,B,Open Long,22.586,4.42,0.048317,0.0,950.52,1841
1788891311595,VVV,B,Open Long,22.589,1.19,0.01301,0.0,954.94,1841
1788891311595,VVV,B,Open Long,22.593,11.01,0.120393,0.0,956.13,1841
1788891311595,VVV,B,Open Long,22.594,17.0,0.185902,0.0,967.14,1841
1788891311595,VVV,B,Open Long,22.594,11.01,0.120398,0.0,984.14,1841
1788891311595,VVV,B,Open Long,22.595,5.37,0.058725,0.0,995.15,1841
1788891460065,VVV,B,Open Long,22.962,7.6,0.084463,0.0,1000.52,1842
1788891460065,VVV,B,Open Long,22.962,4.35,0.048343,0.0,1008.12,1842
1788891460065,VVV,B,Open Long,22.964,2.18,0.024229,0.0,1012.47,1842
1788891460065,VVV,B,Open Long,22.964,2.18,0.024229,0.0,1014.65,1842
1788891460065,VVV,B,Open Long,22.964,2.18,0.024229,0.0,1016.83,1842
1788891460065,VVV,B,Open Long,22.964,2.18,0.024229,0.0,1019.01,1842
1788891460065,VVV,B,Open Long,22.965,8.34,0.092698,0.0,1021.19,1842
1788891460065,VVV,B,Open Long,22.967,8.13,0.090373,0.0,1029.53,1842
1788891460065,VVV,B,Open Long,22.971,8.34,0.092723,0.0,1037.66,1842
1788891460065,VVV,B,Open Long,22.972,8.13,0.090392,0.0,1046.0,1842
1788891460065,VVV,B,Open Long,22.973,13.93,0.154886,0.0,1054.13,1842
1788891460065,VVV,B,Open Long,22.974,0.68,0.00756,0.0,1068.06,1842
1788891460065,VVV,B,Open Long,22.976,8.16,0.090741,0.0,1068.74,1842
1788891460065,VVV,B,Open Long,22.977,10.0,0.111208,0.0,1076.9,1842
1788891460065,VVV,B,Open Long,22.978,8.12,0.090305,0.0,1086.9,1842
1788891460065,VVV,B,Open Long,22.982,5.5,0.061177,0.0,1095.02,1842
1788891588824,VVV,B,Open Long,22.802,5.21,0.057497,0.0,1100.52,1843
1788891588824,VVV,B,Open Long,22.802,4.38,0.048338,0.0,1105.73,1843
1788891588824,VVV,B,Open Long,22.805,5.21,0.057505,0.0,1110.11,1843
1788891588824,VVV,B,Open Long,22.808,5.21,0.057512,0.0,1115.32,1843
1788891588824,VVV,B,Open Long,22.809,5.25,0.057956,0.0,1120.53,1843
1788891588824,VVV,B,Open Long,22.811,5.25,0.057961,0.0,1125.78,1843
1788891588824,VVV,B,Open Long,22.814,5.25,0.05797,0.0,1131.03,1843
1788891588824,VVV,B,Open Long,22.815,14.24,0.157244,0.0,1136.28,1843
1788891605644,VVV,B,Open Long,22.709,4.71,0.051767,0.0,1150.52,1844
1788891605644,VVV,B,Open Long,22.709,4.71,0.051767,0.0,1155.23,1844
1788891605644,VVV,B,Open Long,22.71,4.73,0.051989,0.0,1159.94,1844
1788891605644,VVV,B,Open Long,22.71,4.73,0.051989,0.0,1164.67,1844
1788891605644,VVV,B,Open Long,22.713,5.35,0.058812,0.0,1169.4,1844
1788891605644,VVV,B,Open Long,22.715,5.33,0.058598,0.0,1174.75,1844
1788891605644,VVV,B,Open Long,22.716,13.93,0.153153,0.0,1180.08,1844
1788891605644,VVV,B,Open Long,22.718,4.86,0.053437,0.0,1194.01,1844
1788891605644,VVV,B,Open Long,22.72,1.65,0.018143,0.0,1198.87,1844
1788891710493,VVV,B,Open Long,22.809,4.78,0.052768,0.0,1200.52,1845
1788891710493,VVV,B,Open Long,22.811,4.78,0.052773,0.0,1205.3,1845
1788891710493,VVV,B,Open Long,22.813,4.78,0.052777,0.0,1210.08,1845
1788891710493,VVV,B,Open Long,22.815,4.78,0.052782,0.0,1214.86,1845
1788891710493,VVV,B,Open Long,22.815,4.38,0.048365,0.0,1219.64,1845
1788891710493,VVV,B,Open Long,22.817,4.78,0.052787,0.0,1224.02,1845
1788891710493,VVV,B,Open Long,22.818,2.19,0.024186,0.0,1228.8,1845
1788891710493,VVV,B,Open Long,22.818,2.19,0.024186,0.0,1230.99,1845
1788891710493,VVV,B,Open Long,22.819,4.3,0.04749,0.0,1233.18,1845
1788891710493,VVV,B,Open Long,22.821,4.78,0.052796,0.0,1237.48,1845
1788891710493,VVV,B,Open Long,22.822,4.78,0.052798,0.0,1242.26,1845
1788891710493,VVV,B,Open Long,22.823,3.48,0.03844,0.0,1247.04,1845
1788892521654,VVV,A,Close Long,22.508,34.46,0.375402,6.078744,1250.52,1847
1788892521654,VVV,A,Close Long,22.508,24.13,0.262868,4.256532,1216.06,1847
1788892521654,VVV,A,Close Long,22.507,10.63,0.115795,1.864502,1191.93,1847
1788892521654,VVV,A,Close Long,22.504,10.63,0.11578,1.832612,1181.3,1847
1788892521654,VVV,A,Close Long,22.502,170.15,1.853097,28.99356,1170.67,1847
1788892643055,VVV,B,Open Long,22.709,1.69,0.018574,0.0,1000.52,1848
1788892643055,VVV,B,Open Long,22.709,98.31,1.08054,0.0,1002.21,1848
1788893337610,VVV,A,Close Long,22.697,13.93,0.153024,4.612223,1100.52,1849
1788893337610,VVV,A,Close Long,22.693,17.63,0.193636,5.766773,1086.59,1849
1788893337610,VVV,A,Close Long,22.69,17.63,0.193611,5.713883,1068.96,1849
1788893337610,VVV,A,Close Long,22.688,17.63,0.193593,5.678623,1051.33,1849
1788893337610,VVV,A,Close Long,22.687,33.18,0.364332,10.654098,1033.7,1849
1788893338683,VVV,A,Close Long,22.677,19.37,0.212598,6.026007,1000.52,1850
1788893338683,VVV,A,Close Long,22.677,10.11,0.110963,3.145221,981.15,1850
1788893338683,VVV,A,Close Long,22.675,10.14,0.111283,3.134274,971.04,1850
1788893338683,VVV,A,Close Long,22.671,10.14,0.111263,3.093714,960.9,1850
1788893338683,VVV,A,Close Long,22.667,10.14,0.111243,3.053154,950.76,1850
1788893338683,VVV,A,Close Long,22.666,24.23,0.26581,7.271423,940.62,1850
1788893338683,VVV,A,Close Long,22.662,10.17,0.111548,3.011337,916.39,1850
1788893338683,VVV,A,Close Long,22.661,5.7,0.062516,1.68207,906.22,1850
1788893339030,VVV,A,Close Long,22.685,8.84,0.097058,2.820844,900.52,1851
1788893339030,VVV,A,Close Long,22.681,10.11,0.110983,3.185661,891.68,1851
1788893339030,VVV,A,Close Long,22.666,13.78,0.15117,4.135378,881.57,1851
1788893339030,VVV,A,Close Long,22.663,10.11,0.110895,3.003681,867.79,1851
1788893339030,VVV,A,Close Long,22.662,17.65,0.193591,5.226165,857.68,1851
1788893339030,VVV,A,Close Long,22.661,18.43,0.202138,5.438693,840.03,1851
1788893339030,VVV,A,Close Long,22.66,13.93,0.152776,4.096813,821.6,1851
1788893339030,VVV,A,Close Long,22.659,7.15,0.078413,2.095665,807.67,1851
1788893340183,VVV,A,Close Long,22.675,9.05,0.09932,2.797355,800.52,1852
1788893340183,VVV,A,Close Long,22.672,10.13,0.111158,3.100793,791.47,1852
1788893340183,VVV,A,Close Long,22.668,19.37,0.212513,5.851677,781.34,1852
1788893340183,VVV,A,Close Long,22.668,10.13,0.111138,3.060273,761.97,1852
1788893340183,VVV,A,Close Long,22.666,4.41,0.048378,1.323441,751.84,1852
1788893340183,VVV,A,Close Long,22.664,10.13,0.111119,3.019753,747.43,1852
1788893340183,VVV,A,Close Long,22.662,17.65,0.193591,5.226165,737.3,1852
1788893340183,VVV,A,Close Long,22.661,19.13,0.209815,5.645263,719.65,1852
1788893341096,VVV,A,Close Long,22.665,9.98,0.109478,2.985018,700.52,1853
1788893341096,VVV,A,Close Long,22.661,9.98,0.109459,2.945098,690.54,1853
1788893341096,VVV,A,Close Long,22.66,9.99,0.109564,2.938059,680.56,1853
1788893341096,VVV,A,Close Long,22.659,2.21,0.024236,0.647751,670.57,1853
1788893341096,VVV,A,Close Long,22.656,24.23,0.265693,7.029123,668.36,1853
1788893341096,VVV,A,Close Long,22.653,17.66,0.193624,5.070186,644.13,1853
1788893341096,VVV,A,Close Long,22.652,25.95,0.284503,7.424295,626.47,1853
1788893385283,xyz:CL,B,Open Long,92.871,0.437,0.007174,0.0,0.0,1854
1788893385283,xyz:CL,B,Open Long,92.873,0.437,0.007174,0.0,0.437,1854
1788893385283,xyz:CL,B,Open Long,92.88,10.0,0.164211,0.0,0.874,1854
1788893385283,xyz:CL,B,Open Long,92.88,10.0,0.164211,0.0,10.874,1854
1788893385283,xyz:CL,B,Open Long,92.88,10.0,0.164211,0.0,20.874,1854
1788893385283,xyz:CL,B,Open Long,92.881,0.165,0.002708,0.0,30.874,1854
1788893385283,xyz:CL,B,Open Long,92.882,68.961,1.132445,0.0,31.039,1854
1788893387872,xyz:CL,B,Open Long,92.865,1.592,0.026138,0.0,100.0,1855
1788893387872,xyz:CL,B,Open Long,92.866,1.592,0.026138,0.0,101.592,1855
1788893387872,xyz:CL,B,Open Long,92.866,40.666,0.667682,0.0,103.184,1855
1788893387872,xyz:CL,B,Open Long,92.867,1.592,0.026138,0.0,143.85,1855
1788893387872,xyz:CL,B,Open Long,92.868,1.592,0.026138,0.0,145.442,1855
1788893387872,xyz:CL,B,Open Long,92.869,1.592,0.026138,0.0,147.034,1855
1788893387872,xyz:CL,B,Open Long,92.87,1.592,0.026138,0.0,148.626,1855
1788893387872,xyz:CL,B,Open Long,92.87,49.782,0.81739,0.0,150.218,1855
1788893390137,xyz:CL,B,Open Long,92.838,40.666,0.667481,0.0,200.0,1856
1788893390137,xyz:CL,B,Open Long,92.838,10.771,0.176791,0.0,240.666,1856
1788893390137,xyz:CL,B,Open Long,92.838,10.0,0.164137,0.0,251.437,1856
1788893390137,xyz:CL,B,Open Long,92.841,1.077,0.017677,0.0,261.437,1856
1788893390137,xyz:CL,B,Open Long,92.846,37.486,0.615338,0.0,262.514,1856
1788893393577,xyz:CL,B,Open Long,92.871,41.536,0.682003,0.0,300.0,1857
1788893393577,xyz:CL,B,Open Long,92.871,10.0,0.164195,0.0,341.536,1857
1788893393577,xyz:CL,B,Open Long,92.872,10.0,0.164197,0.0,351.536,1857
1788893393577,xyz:CL,B,Open Long,92.872,10.0,0.164197,0.0,361.536,1857
1788893393577,xyz:CL,B,Open Long,92.872,10.0,0.164197,0.0,371.536,1857
1788893393577,xyz:CL,B,Open Long,92.872,1.249,0.020507,0.0,381.536,1857
1788893393577,xyz:CL,B,Open Long,92.873,17.215,0.282668,0.0,382.785,1857
1788893400060,VVV,A,Close Long,22.368,47.96,0.519219,0.100716,600.52,1858
1788893400060,VVV,A,Close Long,22.364,10.81,0.117008,-0.020539,552.56,1858
1788893400060,VVV,A,Close Long,22.363,4.47,0.048381,-0.012963,541.75,1858
1788893400060,VVV,A,Close Long,22.359,20.74,0.224442,-0.143106,537.28,1858
1788893400060,VVV,A,Close Long,22.343,8.86,0.095811,-0.202894,516.54,1858
1788893400060,VVV,A,Close Long,22.341,8.86,0.095803,-0.220614,507.68,1858
1788893400060,VVV,A,Close Long,22.34,16.76,0.181217,-0.434084,498.82,1858
1788893400060,VVV,A,Close Long,22.337,8.86,0.095785,-0.256054,482.06,1858
1788893400060,VVV,A,Close Long,22.333,8.86,0.095769,-0.291494,473.2,1858
1788893400060,VVV,A,Close Long,22.332,5.21,0.056312,-0.176619,464.34,1858
1788893400060,VVV,A,Close Long,22.332,8.86,0.095764,-0.300354,459.13,1858
1788893400060,VVV,A,Close Long,22.332,10.0,0.108086,-0.339,450.27,1858
1788893400060,VVV,A,Close Long,22.331,16.76,0.181144,-0.584924,440.27,1858
1788893400060,VVV,A,Close Long,22.33,13.43,0.145147,-0.482137,423.51,1858
1788893400060,VVV,A,Close Long,22.33,99.0,1.069964,-3.5541,410.08,1858
1788893400060,VVV,A,Close Long,22.328,13.93,0.150537,-0.527947,311.08,1858
1788893400060,VVV,A,Close Long,22.328,8.86,0.095747,-0.335794,297.15,1858
1788893400060,VVV,A,Close Long,22.327,24.13,0.260755,-0.938657,288.29,1858
1788893400060,VVV,A,Close Long,22.325,8.86,0.095734,-0.362374,264.16,1858
1788893400060,VVV,A,Close Long,22.324,65.95,0.712576,-2.763305,255.3,1858
1788893400060,VVV,A,Close Long,22.321,16.76,0.181063,-0.752524,189.35,1858
1788893400060,VVV,A,Close Long,22.319,8.86,0.095708,-0.415534,172.59,1858
1788893400060,VVV,A,Close Long,22.315,8.86,0.095691,-0.450974,163.73,1858
1788893400060,VVV,A,Close Long,22.311,8.86,0.095674,-0.486414,154.87,1858
1788893400060,VVV,A,Close Long,22.31,24.13,0.260556,-1.348867,146.01,1858
1788893400060,VVV,A,Close Long,22.31,16.76,0.180974,-0.936884,121.88,1858
1788893400060,VVV,A,Close Long,22.307,8.86,0.095657,-0.521854,105.12,1858
1788893400060,VVV,A,Close Long,22.306,3.46,0.037353,-0.207254,96.26,1858
1788893400060,VVV,A,Close Long,22.306,8.86,0.095653,-0.530714,92.8,1858
1788893400060,VVV,A,Close Long,22.305,83.94,0.906184,-5.111946,83.94,1858
1788893403849,VVV,B,Open Long,22.25,7.5,0.035911,0.0,0.0,1846
1788893466863,xyz:CL,B,Open Long,92.689,1.079,0.017681,0.0,400.0,1859
1788893466863,xyz:CL,B,Open Long,92.689,10.0,0.163874,0.0,401.079,1859
1788893466863,xyz:CL,B,Open Long,92.689,10.0,0.163874,0.0,411.079,1859
1788893466863,xyz:CL,B,Open Long,92.69,78.921,1.293324,0.0,421.079,1859
1788893471846,xyz:CL,B,Open Long,92.732,10.784,0.176803,0.0,500.0,1860
1788893471846,xyz:CL,B,Open Long,92.732,10.0,0.16395,0.0,510.784,1860
1788893471846,xyz:CL,B,Open Long,92.733,2.052,0.033642,0.0,520.784,1860
1788893471846,xyz:CL,B,Open Long,92.737,77.164,1.265172,0.0,522.836,1860
1788893493318,xyz:CL,B,Open Long,92.848,1.077,0.017678,0.0,600.0,1861
1788893493318,xyz:CL,B,Open Long,92.848,2.154,0.035358,0.0,601.077,1861
1788893493318,xyz:CL,B,Open Long,92.849,96.769,1.58853,0.0,603.231,1861
1788893579209,xyz:CL,B,Open Long,93.208,10.0,0.164791,0.0,700.0,1862
1788893579209,xyz:CL,B,Open Long,93.208,10.0,0.164791,0.0,710.0,1862
1788893579209,xyz:CL,B,Open Long,93.208,10.0,0.164791,0.0,720.0,1862
1788893579209,xyz:CL,B,Open Long,93.208,10.0,0.164791,0.0,730.0,1862
1788893579209,xyz:CL,B,Open Long,93.218,0.161,0.002652,0.0,740.0,1862
1788893579209,xyz:CL,B,Open Long,93.22,59.839,0.986224,0.0,740.161,1862
1788893584148,xyz:CL,B,Open Long,93.27,90.252,1.488267,0.0,800.0,1863
1788893584148,xyz:CL,B,Open Long,93.272,9.748,0.160748,0.0,890.252,1863
1788893769938,VVV,B,Open Long,22.619,12.39,0.135639,0.0,7.5,1864
1788893769938,VVV,B,Open Long,22.622,12.61,0.138067,0.0,19.89,1864
1788893798517,VVV,B,Open Long,22.652,1.0,0.010963,0.0,32.5,1865
1788893841621,VVV,B,Open Long,22.666,1.0,0.010969,0.0,33.5,1866
1788893884915,VVV,B,Open Long,22.743,1.0,0.011007,0.0,34.5,1867
1788893929101,VVV,B,Open Long,22.671,1.0,0.010972,0.0,35.5,1868
1788893946548,xyz:CL,A,Close Long,92.961,0.834,0.013706,0.040032,900.0,1869
1788893946548,xyz:CL,A,Close Long,92.961,94.336,1.550458,4.528128,899.166,1869
1788893946548,xyz:CL,A,Close Long,92.961,0.216,0.003549,0.010368,804.83,1869
1788893946548,xyz:CL,A,Close Long,92.956,54.614,0.897559,2.348402,804.614,1869
1788893960202,VVV,B,Open Long,22.758,9.39,0.103428,0.0,36.5,1870
1788893960202,VVV,B,Open Long,22.76,10.24,0.112801,0.0,45.89,1870
1788893960202,VVV,B,Open Long,22.762,5.37,0.05916,0.0,56.13,1870
1788893971496,VVV,B,Open Long,22.788,1.0,0.011028,0.0,61.5,1871
1788894014757,VVV,B,Open Long,22.794,1.0,0.011031,0.0,62.5,1872
1788894058004,VVV,B,Open Long,22.734,1.0,0.011002,0.0,63.5,1873
1788894101285,VVV,B,Open Long,22.782,1.0,0.011026,0.0,64.5,1874
1788894144448,VVV,B,Open Long,22.762,1.0,0.011016,0.0,65.5,1875
1788894187614,VVV,B,Open Long,22.839,0.67,0.007406,0.0,66.5,1876
1788894187614,VVV,B,Open Long,22.841,0.33,0.003647,0.0,67.17,1876
1788894196651,VVV,B,Open Long,22.908,16.76,0.185825,0.0,67.5,1877
1788894196651,VVV,B,Open Long,22.91,5.05,0.055996,0.0,84.26,1877
1788894196651,VVV,B,Open Long,22.911,3.8,0.042137,0.0,89.31,1877
1788894196651,VVV,B,Open Long,22.912,5.05,0.056,0.0,93.11,1877
1788894196651,VVV,B,Open Long,22.913,5.05,0.056003,0.0,98.16,1877
1788894196651,VVV,B,Open Long,22.914,5.05,0.056005,0.0,103.21,1877
1788894196651,VVV,B,Open Long,22.915,5.05,0.056008,0.0,108.26,1877
1788894196651,VVV,B,Open Long,22.916,4.45,0.049355,0.0,113.31,1877
1788894196651,VVV,B,Open Long,22.916,13.63,0.151174,0.0,117.76,1877
1788894196651,VVV,B,Open Long,22.917,3.53,0.039153,0.0,131.39,1877
1788894196651,VVV,B,Open Long,22.918,16.76,0.185906,0.0,134.92,1877
1788894196651,VVV,B,Open Long,22.918,5.05,0.056015,0.0,151.68,1877
1788894196651,VVV,B,Open Long,22.919,5.05,0.056018,0.0,156.73,1877
1788894196651,VVV,B,Open Long,22.92,5.05,0.05602,0.0,161.78,1877
1788894196651,VVV,B,Open Long,22.921,9.35,0.103726,0.0,166.83,1877
1788894196651,VVV,B,Open Long,22.921,2.32,0.025736,0.0,176.18,1877
1788894204797,xyz:CL,A,Close Long,92.918,26.756,0.439544,0.13378,750.0,1878
1788894204797,xyz:CL,A,Close Long,92.917,79.272,1.302258,0.317088,723.244,1878
1788894204797,xyz:CL,A,Close Long,92.916,100.0,1.642754,0.3,643.972,1878
1788894204797,xyz:CL,A,Close Long,92.914,43.972,0.722336,0.043972,543.972,1878
1788894231214,VVV,B,Open Long,22.855,1.0,0.011061,0.0,178.5,1879
1788894244035,VVV,B,Open Long,22.825,4.17,0.046067,0.0,179.5,1880
1788894244035,VVV,B,Open Long,22.826,3.01,0.033253,0.0,183.67,1880
1788894244035,VVV,B,Open Long,22.827,1.87,0.020659,0.0,186.68,1880
1788894244035,VVV,B,Open Long,22.828,4.43,0.048945,0.0,188.55,1880
1788894244035,VVV,B,Open Long,22.829,4.43,0.048947,0.0,192.98,1880
1788894244035,VVV,B,Open Long,22.83,4.43,0.048949,0.0,197.41,1880
1788894244035,VVV,B,Open Long,22.831,4.43,0.048952,0.0,201.84,1880
1788894244035,VVV,B,Open Long,22.832,4.43,0.048953,0.0,206.27,1880
1788894244035,VVV,B,Open Long,22.832,16.76,0.185209,0.0,210.7,1880
1788894244035,VVV,B,Open Long,22.833,4.43,0.048956,0.0,227.46,1880
1788894244035,VVV,B,Open Long,22.834,4.43,0.048958,0.0,231.89,1880
1788894244035,VVV,B,Open Long,22.835,4.43,0.04896,0.0,236.32,1880
1788894244035,VVV,B,Open Long,22.836,4.43,0.048962,0.0,240.75,1880
1788894244035,VVV,B,Open Long,22.836,21.13,0.233541,0.0,245.18,1880
1788894244035,VVV,B,Open Long,22.837,1.62,0.017905,0.0,266.31,1880
1788894244035,VVV,B,Open Long,22.837,2.81,0.031059,0.0,267.93,1880
1788894244035,VVV,B,Open Long,22.838,4.43,0.048967,0.0,270.74,1880
1788894244035,VVV,B,Open Long,22.839,4.43,0.048968,0.0,275.17,1880
1788894244035,VVV,B,Open Long,22.84,4.43,0.048971,0.0,279.6,1880
1788894244035,VVV,B,Open Long,22.841,2.5,0.027637,0.0,284.03,1880
1788894244035,VVV,B,Open Long,22.841,3.44,0.038029,0.0,286.53,1880
1788894244035,VVV,B,Open Long,22.842,0.53,0.005858,0.0,289.97,1880
1788894274183,VVV,B,Open Long,22.918,1.0,0.011091,0.0,290.5,1881
1788894317627,VVV,B,Open Long,22.919,0.6,0.006655,0.0,291.5,1882
1788894317627,VVV,B,Open Long,22.922,0.4,0.004436,0.0,292.1,1882
1788894360597,VVV,B,Open Long,22.87,1.0,0.011069,0.0,292.5,1883
1788894403857,VVV,B,Open Long,22.957,1.0,0.01111,0.0,293.5,1884
1788894447148,VVV,B,Open Long,22.971,1.0,0.011117,0.0,294.5,1885
1788894491171,VVV,B,Open Long,22.985,0.12,0.001334,0.0,295.5,1886
1788894491171,VVV,B,Open Long,22.987,0.88,0.009789,0.0,295.62,1886
1788894534775,VVV,B,Open Long,23.1,1.0,0.01118,0.0,296.5,1887
1788894576907,VVV,B,Open Long,23.091,1.0,0.011175,0.0,297.5,1888
1788894597247,VVV,B,Open Long,23.125,17.0,0.190272,0.0,298.5,1889
1788894597247,VVV,B,Open Long,23.164,6.35,0.071192,0.0,315.5,1889
1788894597247,VVV,B,Open Long,23.165,7.74,0.086779,0.0,321.85,1889
1788894597247,VVV,B,Open Long,23.168,7.74,0.086791,0.0,329.59,1889
1788894597247,VVV,B,Open Long,23.171,5.17,0.057979,0.0,337.33,1889
1788894620144,VVV,B,Open Long,23.202,1.0,0.011229,0.0,342.5,1890
1788894657572,VVV,B,Open Long,23.121,33.0,0.369288,0.0,343.5,1891
1788894663326,VVV,B,Open Long,23.18,0.45,0.005048,0.0,376.5,1892
1788894663326,VVV,B,Open Long,23.189,0.55,0.006172,0.0,376.95,1892
1788894706619,VVV,B,Open Long,23.078,1.0,0.011168,0.0,377.5,1893
1788894722173,VVV,B,Open Long,23.094,6.02,0.067287,0.0,378.5,1894
1788894722173,VVV,B,Open Long,23.094,6.02,0.067287,0.0,384.52,1894
1788894722173,VVV,B,Open Long,23.094,31.96,0.357232,0.0,390.54,1894
1788894749864,VVV,B,Open Long,23.132,1.0,0.011195,0.0,422.5,1895
1788894759059,TAO,B,Open Long,258.81,0.58,0.072652,0.0,0.0,1896
1788894759059,TAO,B,Open Long,258.82,1.168,0.146313,0.0,0.58,1896
1788894759059,TAO,B,Open Long,258.83,1.167,0.146193,0.0,1.748,1896
1788894759059,TAO,B,Open Long,258.85,1.168,0.14633,0.0,2.915,1896
1788894759059,TAO,B,Open Long,258.86,5.318,0.666282,0.0,4.083,1896
1788894759059,TAO,B,Open Long,258.87,0.58,0.072669,0.0,9.401,1896
1788894759059,TAO,B,Open Long,258.87,1.545,0.193577,0.0,9.981,1896
1788894759059,TAO,B,Open Long,258.87,1.167,0.146216,0.0,11.526,1896
1788894759059,TAO,B,Open Long,258.88,1.159,0.14522,0.0,12.693,1896
1788894759059,TAO,B,Open Long,258.89,1.167,0.146227,0.0,13.852,1896
1788894759059,TAO,B,Open Long,258.91,1.167,0.146238,0.0,15.019,1896
1788894759059,TAO,B,Open Long,258.91,1.545,0.193607,0.0,16.186,1896
1788894759059,TAO,B,Open Long,258.92,5.407,0.67759,0.0,17.731,1896
1788894759059,TAO,B,Open Long,258.93,1.545,0.193621,0.0,23.138,1896
1788894759059,TAO,B,Open Long,258.93,1.168,0.146376,0.0,24.683,1896
1788894759059,TAO,B,Open Long,258.94,0.58,0.072689,0.0,25.851,1896
1788894759059,TAO,B,Open Long,258.94,16.207,2.031173,0.0,26.431,1896
1788894759059,TAO,B,Open Long,258.94,7.291,0.913758,0.0,42.638,1896
1788894759059,TAO,B,Open Long,258.94,0.846,0.106026,0.0,49.929,1896
1788894759059,TAO,B,Open Long,258.94,0.718,0.089983,0.0,50.775,1896
1788894759059,TAO,B,Open Long,258.95,1.167,0.146261,0.0,51.493,1896
1788894759059,TAO,B,Open Long,258.97,4.252,0.532951,0.0,52.66,1896
1788894759059,TAO,B,Open Long,258.98,1.168,0.146403,0.0,56.912,1896
1788894759059,TAO,B,Open Long,258.98,1.175,0.147281,0.0,58.08,1896
1788894759059,TAO,B,Open Long,258.98,1.175,0.147281,0.0,59.255,1896
1788894759059,TAO,B,Open Long,258.98,7.29,0.913774,0.0,60.43,1896
1788894759059,TAO,B,Open Long,258.98,1.545,0.193659,0.0,67.72,1896
1788894759059,TAO,B,Open Long,258.99,20.314,2.546383,0.0,69.265,1896
1788894759059,TAO,B,Open Long,258.99,1.076,0.134877,0.0,89.579,1896
1788894759059,TAO,B,Open Long,259.0,0.58,0.072706,0.0,90.655,1896
1788894759059,TAO,B,Open Long,259.0,1.168,0.146415,0.0,91.235,1896
1788894759059,TAO,B,Open Long,259.0,7.597,0.952329,0.0,92.403,1896
1788894771273,VVV,B,Open Long,23.169,3.13,0.035098,0.0,423.5,1897
1788894771273,VVV,B,Open Long,23.173,8.02,0.089949,0.0,426.63,1897
1788894771273,VVV,B,Open Long,23.178,8.02,0.089968,0.0,434.65,1897
1788894771273,VVV,B,Open Long,23.179,6.71,0.075276,0.0,442.67,1897
1788894771273,VVV,B,Open Long,23.18,8.02,0.089976,0.0,449.38,1897
1788894771273,VVV,B,Open Long,23.183,7.49,0.084042,0.0,457.4,1897
1788894771273,VVV,B,Open Long,23.184,2.61,0.029286,0.0,464.89,1897
1788894793100,VVV,B,Open Long,22.991,1.0,0.011127,0.0,467.5,1898
1788894836315,VVV,B,Open Long,23.096,1.0,0.011177,0.0,468.5,1899
1788894846625,xyz:CL,B,Open Long,92.884,10.0,0.164218,0.0,500.0,1900
1788894846625,xyz:CL,B,Open Long,92.884,10.0,0.164218,0.0,510.0,1900
1788894846625,xyz:CL,B,Open Long,92.884,10.0,0.164218,0.0,520.0,1900
1788894846625,xyz:CL,B,Open Long,92.884,10.0,0.164218,0.0,530.0,1900
1788894846625,xyz:CL,B,Open Long,92.884,4.38,0.071927,0.0,540.0,1900
1788894846625,xyz:CL,B,Open Long,92.888,51.629,0.847881,0.0,544.38,1900
1788894846625,xyz:CL,B,Open Long,92.89,3.991,0.065543,0.0,596.009,1900
1788894856460,xyz:CL,B,Open Long,92.909,62.408,1.025132,0.0,600.0,1901
1788894856460,xyz:CL,B,Open Long,92.909,37.592,0.617497,0.0,662.408,1901
1788894879527,VVV,B,Open Long,22.903,1.0,0.011084,0.0,469.5,1902
1788894918071,TAO,B,Open Long,259.24,0.667,0.083689,0.0,100.0,1903
1788894918071,TAO,B,Open Long,259.26,1.142,0.143299,0.0,100.667,1903
1788894918071,TAO,B,Open Long,259.28,1.15,0.144315,0.0,101.809,1903
1788894918071,TAO,B,Open Long,259.28,0.71,0.089098,0.0,102.959,1903
1788894918071,TAO,B,Open Long,259.28,0.767,0.096251,0.0,103.669,1903
1788894918071,TAO,B,Open Long,259.29,1.0,0.125496,0.0,104.436,1903
1788894918071,TAO,B,Open Long,259.3,0.579,0.072664,0.0,105.436,1903
1788894918071,TAO,B,Open Long,259.3,1.15,0.144325,0.0,106.015,1903
1788894918071,TAO,B,Open Long,259.31,1.151,0.144456,0.0,107.165,1903
1788894918071,TAO,B,Open Long,259.31,5.392,0.676727,0.0,108.316,1903
1788894918071,TAO,B,Open Long,259.32,5.519,0.692693,0.0,113.708,1903
1788894918071,TAO,B,Open Long,259.33,0.173,0.021713,0.0,119.227,1903
1788894918071,TAO,B,Open Long,259.33,1.151,0.144467,0.0,119.4,1903
1788894918071,TAO,B,Open Long,259.33,2.933,0.368137,0.0,120.551,1903
1788894918071,TAO,B,Open Long,259.33,1.516,0.190281,0.0,123.484,1903
1788894922804,VVV,B,Open Long,22.691,1.0,0.010982,0.0,470.5,1904
1788894944943,VVV,A,Close Long,22.551,4.73,0.051625,-1.832402,471.5,1905
1788894944943,VVV,A,Close Long,22.551,11.1,0.121152,-4.30014,466.77,1905
1788894944943,VVV,A,Close Long,22.546,5.76,0.062854,-2.260224,455.67,1905
1788894944943,VVV,A,Close Long,22.546,17.74,0.193582,-6.961176,449.91,1905
1788894944943,VVV,A,Close Long,22.545,16.76,0.182881,-6.593384,432.17,1905
1788894944943,VVV,A,Close Long,22.545,21.13,0.230565,-8.312542,415.41,1905
1788894944943,VVV,A,Close Long,22.545,83.74,0.913751,-32.943316,394.28,1905
1788894944943,VVV,A,Close Long,22.543,13.93,0.151987,-5.507922,310.54,1905
1788894944943,VVV,A,Close Long,22.542,5.76,0.062843,-2.283264,296.61,1905
1788894944943,VVV,A,Close Long,22.538,5.76,0.062831,-2.306304,290.85,1905
1788894944943,VVV,A,Close Long,22.538,17.75,0.193623,-7.1071,285.09,1905
1788894944943,VVV,A,Close Long,22.537,66.84,0.729084,-26.829576,267.34,1905
1788894966111,VVV,B,Open Long,22.506,1.0,0.010892,0.0,200.5,1906
1788894968122,VVV,A,Close Long,22.46,2.22,0.024132,-1.057386,201.5,1907
1788894968122,VVV,A,Close Long,22.455,4.44,0.048254,-2.136972,199.28,1907
1788894968122,VVV,A,Close Long,22.452,4.29,0.046617,-2.077647,194.84,1907
1788894968122,VVV,A,Close Long,22.451,4.63,0.05031,-2.246939,190.55,1907
1788894968122,VVV,A,Close Long,22.449,10.0,0.108653,-4.873,185.92,1907
1788894968122,VVV,A,Close Long,22.448,4.63,0.050303,-2.260829,175.92,1907
1788894968122,VVV,A,Close Long,22.443,4.6,0.049966,-2.26918,171.29,1907
1788894968122,VVV,A,Close Long,22.442,4.63,0.05029,-2.288609,166.69,1907
1788894968122,VVV,A,Close Long,22.435,0.45,0.004885,-0.225585,162.06,1907
1788894968122,VVV,A,Close Long,22.435,13.93,0.151258,-6.983109,161.61,1907
1788894968122,VVV,A,Close Long,22.431,5.57,0.060471,-2.814521,147.68,1907
1788894968122,VVV,A,Close Long,22.431,5.45,0.059167,-2.753885,142.11,1907
1788894968122,VVV,A,Close Long,22.422,16.76,0.181883,-8.619668,136.66,1907
1788894968122,VVV,A,Close Long,22.418,21.13,0.229266,-10.951679,119.9,1907
1788894968122,VVV,A,Close Long,22.417,98.77,1.071636,-51.291261,98.77,1907
1788895003224,TAO,B,Open Long,259.82,0.578,0.072684,0.0,125.0,1908
1788895003224,TAO,B,Open Long,259.85,1.151,0.144757,0.0,125.578,1908
1788895003224,TAO,B,Open Long,259.85,23.271,2.926732,0.0,126.729,1908
1788895009293,VVV,B,Open Long,22.479,1.0,0.010878,0.0,0.0,1909
1788895012055,xyz:CL,A,Close Long,92.807,27.044,0.443745,-2.758488,700.0,1910
1788895012055,xyz:CL,A,Close Long,92.805,7.418,0.121713,-0.771472,672.956,1910
1788895012055,xyz:CL,A,Close Long,92.804,53.149,0.872054,-5.580645,665.538,1910
1788895012055,xyz:CL,A,Close Long,92.803,50.702,0.831895,-5.374412,612.389,1910
1788895012055,xyz:CL,A,Close Long,92.803,61.118,1.002797,-6.478508,561.687,1910
1788895012055,xyz:CL,A,Close Long,92.801,0.569,0.009335,-0.061452,500.569,1910
1788895052558,VVV,B,Open Long,22.627,1.0,0.01095,0.0,1.0,1911
1788895096141,VVV,B,Open Long,22.558,1.0,0.010917,0.0,2.0,1912
1788895139031,VVV,B,Open Long,22.509,1.0,0.010893,0.0,3.0,1913
1788895182297,VVV,B,Open Long,22.652,1.0,0.010963,0.0,4.0,1914
1788895225453,VVV,B,Open Long,22.874,1.0,0.01107,0.0,5.0,1915
1788895268767,VVV,B,Open Long,22.797,1.0,0.011033,0.0,6.0,1916
1788895312008,VVV,B,Open Long,22.963,1.0,0.011113,0.0,7.0,1917
1788895353320,TAO,A,Close Long,258.64,4.381,0.548421,-2.269358,150.0,1918
1788895353320,TAO,A,Close Long,258.62,1.109,0.138814,-0.596642,145.619,1918
1788895353320,TAO,A,Close Long,258.61,1.547,0.193632,-0.847756,144.51,1918
1788895353320,TAO,A,Close Long,258.61,5.529,0.692049,-3.029892,142.963,1918
1788895353320,TAO,A,Close Long,258.6,1.14,0.142684,-0.63612,137.434,1918
1788895353320,TAO,A,Close Long,258.58,1.547,0.19361,-0.894166,136.294,1918
1788895353320,TAO,A,Close Long,258.58,1.14,0.142673,-0.65892,134.747,1918
1788895353320,TAO,A,Close Long,258.57,0.193,0.024153,-0.113484,133.607,1918
1788895353320,TAO,A,Close Long,258.56,1.547,0.193596,-0.925106,133.414,1918
1788895353320,TAO,A,Close Long,258.56,0.958,0.119886,-0.572884,131.867,1918
1788895353320,TAO,A,Close Long,258.56,4.252,0.532107,-2.542696,130.909,1918
1788895353320,TAO,A,Close Long,258.55,0.581,0.072704,-0.353248,126.657,1918
1788895353320,TAO,A,Close Long,258.55,1.14,0.142656,-0.69312,126.076,1918
1788895353320,TAO,A,Close Long,258.54,1.16,0.145154,-0.71688,124.936,1918
1788895353320,TAO,A,Close Long,258.53,1.14,0.142646,-0.71592,123.776,1918
1788895353320,TAO,A,Close Long,258.52,1.175,0.14702,-0.74965,122.636,1918
1788895353320,TAO,A,Close Long,258.52,1.175,0.14702,-0.74965,121.461,1918
1788895353320,TAO,A,Close Long,258.51,3.482,0.435663,-2.256336,120.286,1918
1788895353320,TAO,A,Close Long,258.51,1.14,0.142635,-0.73872,116.804,1918
1788895353320,TAO,A,Close Long,258.5,1.673,0.209315,-1.100834,115.664,1918
1788895353320,TAO,A,Close Long,258.5,0.838,0.104845,-0.551404,113.991,1918
1788895353320,TAO,A,Close Long,258.5,0.796,0.09959,-0.523768,113.153,1918
1788895353320,TAO,A,Close Long,258.49,0.581,0.072688,-0.388108,112.357,1918
1788895353320,TAO,A,Close Long,258.49,5.912,0.739645,-3.949216,111.776,1918
1788895353320,TAO,A,Close Long,258.49,1.14,0.142623,-0.76152,105.864,1918
1788895353320,TAO,A,Close Long,258.48,0.046,0.005754,-0.031188,104.724,1918
1788895353320,TAO,A,Close Long,258.47,1.14,0.142612,-0.78432,104.678,1918
1788895353320,TAO,A,Close Long,258.46,0.976,0.122091,-0.681248,103.538,1918
1788895353320,TAO,A,Close Long,258.45,1.14,0.142602,-0.80712,102.562,1918
1788895353320,TAO,A,Close Long,258.45,1.422,0.177877,-1.006776,101.422,1918
1788895355201,VVV,B,Open Long,22.949,1.0,0.011106,0.0,8.0,1919
1788895398399,VVV,B,Open Long,22.999,1.0,0.01113,0.0,9.0,1920
1788895441675,VVV,B,Open Long,22.947,1.0,0.011105,0.0,10.0,1921
1788895485025,VVV,B,Open Long,22.903,1.0,0.011084,0.0,11.0,1922
1788895528207,VVV,B,Open Long,22.951,1.0,0.011108,0.0,12.0,1923
1788895571438,VVV,B,Open Long,22.923,1.0,0.011094,0.0,13.0,1924
1788895614733,VVV,B,Open Long,23.054,1.0,0.011157,0.0,14.0,1925
1788895643000,xyz:CL,B,Open Long,93.001,0.216,0.00355,0.0,500.0,1926
1788895643000,xyz:CL,B,Open Long,93.001,63.158,1.038479,0.0,500.216,1926
1788895643000,xyz:CL,B,Open Long,93.001,36.626,0.602225,0.0,563.374,1926
1788895657988,VVV,B,Open Long,23.04,1.0,0.011151,0.0,15.0,1927
1788895673100,TAO,A,Close Long,258.65,5.497,0.688149,-2.792476,100.0,1928
1788895673100,TAO,A,Close Long,258.64,1.16,0.14521,-0.60088,94.503,1928
1788895673100,TAO,A,Close Long,258.64,1.115,0.139577,-0.57757,93.343,1928
1788895673100,TAO,A,Close Long,258.62,1.115,0.139566,-0.59987,92.228,1928
1788895673100,TAO,A,Close Long,258.6,1.115,0.139555,-0.62217,91.113,1928
